theme,keyword,au_monthly_volume,close_variant_of,top_of_page_bid_high_aud,competition,intent,source,monthly_sep25_to_aug26
Alternatives & comparisons,deposit bond,1900,,13.64,LOW,,keyword planner,2400;2400;2400;1600;1600;2400;2400;1900;1900;1600;1600;1600
Alternatives & comparisons,relocation loan,110,,64.47,MEDIUM,,keyword planner,110;110;90;90;170;140;210;140;110;110;110;50
Alternatives & comparisons,st george relocation loan,110,,16.09,LOW,,keyword planner,140;140;110;90;110;140;140;140;140;110;110;90
Alternatives & comparisons,qbe deposit bond,90,,28.73,LOW,,keyword planner,70;70;90;70;70;90;170;110;70;50;70;90
Alternatives & comparisons,bridge it loan,70,bridge it loans,4.15,,commercial,dataforseo labs,
Alternatives & comparisons,bridge it loans,70,,17.98,MEDIUM,,keyword planner,50;70;140;70;50;50;50;70;70;70;70;90
Alternatives & comparisons,bridgeit loans,70,,17.96,MEDIUM,,keyword planner,50;70;140;70;50;50;50;70;70;70;70;90
Alternatives & comparisons,deposit bond cost,70,,26.67,LOW,,keyword planner,90;70;70;70;50;70;70;50;70;50;40;40
Alternatives & comparisons,bridge it finance,50,,10.91,MEDIUM,,keyword planner,30;10;90;50;30;70;70;30;90;50;50;70
Alternatives & comparisons,deposit bond commonwealth bank,50,,0.0,LOW,,keyword planner,90;70;70;40;50;50;70;50;40;30;30;40
Alternatives & comparisons,deposit bond meaning,50,,0.0,LOW,,keyword planner,50;70;50;40;40;70;50;50;50;30;40;30
Alternatives & comparisons,deposit power deposit bond,50,,0.0,LOW,,keyword planner,10;10;10;10;10;10;10;10;10;20;110;390
Alternatives & comparisons,bridgit bridging loans,40,,16.99,,commercial,dataforseo labs,
Alternatives & comparisons,alternatives to bridging finance,30,bridge loan alternatives,21.1,MEDIUM,informational,keyword planner,40;50;20;10;40;50;70;10;50;20;20;20
Alternatives & comparisons,bridge loan alternatives,30,,21.1,MEDIUM,commercial,keyword planner,40;50;20;10;40;50;70;10;50;20;20;20
Alternatives & comparisons,bridge loan for mortgage,30,bridge loan mortgage,9.38,,commercial,dataforseo labs,
Alternatives & comparisons,bridging loan alternative,30,bridge loan alternatives,21.1,MEDIUM,,keyword planner,40;50;20;10;40;50;70;10;50;20;20;20
Alternatives & comparisons,bridging loan alternatives,30,bridge loan alternatives,21.1,MEDIUM,commercial,keyword planner,40;50;20;10;40;50;70;10;50;20;20;20
Alternatives & comparisons,bridging loans alternatives,30,bridge loan alternatives,21.1,MEDIUM,informational,keyword planner,40;50;20;10;40;50;70;10;50;20;20;20
Alternatives & comparisons,bridging loans for mortgages,30,bridge loan mortgage,9.38,,commercial,dataforseo labs,
Alternatives & comparisons,bridgit australia,30,,28.47,MEDIUM,,keyword planner,30;30;20;30;30;40;30;20;30;30;30;40
Alternatives & comparisons,deposit bond for house purchase,30,,10.17,LOW,,keyword planner,20;20;30;30;20;20;20;20;20;30;30;40
Alternatives & comparisons,westpac relocation loan,30,,14.75,LOW,,keyword planner,20;30;20;20;30;30;20;30;40;20;30;20
Alternatives & comparisons,deposit bond nab,20,,0.0,LOW,,keyword planner,20;30;20;10;10;20;10;10;20;10;10;10
Alternatives & comparisons,home deposit bond,20,,6.75,LOW,,keyword planner,20;20;30;20;10;10;30;20;20;10;10;20
Alternatives & comparisons,house deposit bond,20,home deposit bond,6.75,LOW,,keyword planner,20;20;30;20;10;10;30;20;20;10;10;20
Alternatives & comparisons,relocation loans for pensioners,20,,66.28,HIGH,,keyword planner,0;10;10;0;10;40;30;10;30;70;10;10
Alternatives & comparisons,alternative bridging finance,10,end debt,0.0,LOW,,keyword planner,0;0;10;0;0;0;0;0;0;0;0;10
Alternatives & comparisons,alternative to bridge loan,10,end debt,,,commercial,dataforseo labs,
Alternatives & comparisons,alternative to bridging loan,10,end debt,7.61,MEDIUM,commercial,keyword planner,10;20;20;10;10;30;30;10;10;10;10;10
Alternatives & comparisons,alternatives to bridging loans,10,end debt,7.61,MEDIUM,informational,keyword planner,10;20;20;10;10;30;30;10;10;10;10;10
Alternatives & comparisons,auction deposit bond,10,end debt,0.0,LOW,,keyword planner,10;10;10;10;10;10;20;10;10;10;10;10
Alternatives & comparisons,best relocation loans,10,end debt,0.0,,,keyword planner,10;10;10;0;10;0;0;10;0;0;0;0
Alternatives & comparisons,bridge loan vs construction loan,10,end debt,,,informational,dataforseo labs,
Alternatives & comparisons,bridge loan vs contingency,10,end debt,,,informational,dataforseo labs,
Alternatives & comparisons,bridge loan vs home equity,10,end debt,,,informational,dataforseo labs,
Alternatives & comparisons,bridge loan vs home equity loan,10,end debt,,,informational,dataforseo labs,
Alternatives & comparisons,bridge loan vs line of credit,10,end debt,,,informational,dataforseo labs,
Alternatives & comparisons,bridge loan vs mortgage,10,end debt,,,informational,dataforseo labs,
Alternatives & comparisons,bridge loan vs term loan,10,end debt,,,commercial,dataforseo labs,
Alternatives & comparisons,bridgeit finance,10,,0.0,MEDIUM,,keyword planner,10;10;10;10;10;10;10;10;10;10;10;10
Alternatives & comparisons,bridging loan for mortgage deposit,10,end debt,0.0,,transactional,keyword planner,0;10;0;0;0;10;0;0;0;0;0;0
Alternatives & comparisons,bridging loan or mortgage,10,end debt,,,commercial,dataforseo labs,
Alternatives & comparisons,bridging loan vs mortgage,10,end debt,,,informational,dataforseo labs,
Alternatives & comparisons,buy before you sell program,10,end debt,0.0,,,keyword planner,10;0;0;0;10;10;0;0;10;0;10;0
Alternatives & comparisons,centrelink relocation loan,10,end debt,0.0,,,keyword planner,10;0;10;10;10;10;10;10;10;0;10;0
Alternatives & comparisons,construction loan vs bridge loan,10,end debt,,,commercial,dataforseo labs,
Alternatives & comparisons,deposit bond cba,10,end debt,0.0,MEDIUM,,keyword planner,20;20;10;20;20;20;10;10;10;10;10;10
Alternatives & comparisons,deposit bond commbank,10,end debt,0.0,,,keyword planner,10;10;10;10;10;10;10;10;10;10;0;0
Alternatives & comparisons,deposit bond for apartment,10,end debt,0.0,,,keyword planner,0;0;10;10;10;0;0;10;10;0;0;0
Alternatives & comparisons,deposit bond insurance,10,end debt,0.0,LOW,,keyword planner,10;10;10;10;10;10;10;10;10;10;20;10
Alternatives & comparisons,deposit bond off the plan,10,,0.0,LOW,,keyword planner,10;10;20;20;10;10;30;10;20;10;10;10
Alternatives & comparisons,deposit bond providers,10,,16.94,LOW,,keyword planner,20;10;20;10;10;20;20;10;20;20;10;20
Alternatives & comparisons,deposit bond quote,10,,47.47,MEDIUM,,keyword planner,10;10;20;10;10;10;10;10;20;10;10;10
Alternatives & comparisons,deposit bonds online,10,sa bridge loans,0.0,LOW,,keyword planner,10;10;10;10;10;10;10;0;10;10;10;10
Alternatives & comparisons,gap loan vs bridge loan,10,end debt,,,informational,dataforseo labs,
Alternatives & comparisons,home equity line of credit vs bridge loan,10,end debt,,,commercial,dataforseo labs,
Alternatives & comparisons,home equity loan vs bridge loan,10,end debt,,,informational,dataforseo labs,
Alternatives & comparisons,home equity vs bridge loan,10,end debt,,,informational,dataforseo labs,
Alternatives & comparisons,home relocation loan,10,end debt,0.0,HIGH,,keyword planner,0;10;10;20;10;10;10;10;10;0;0;10
Alternatives & comparisons,ing deposit bond,10,end debt,0.0,MEDIUM,,keyword planner,10;10;10;0;10;10;10;10;10;0;0;10
Alternatives & comparisons,is there an alternative to a bridging loan,10,,5.57,,informational,dataforseo labs,
Alternatives & comparisons,job relocation loan,10,end debt,0.0,,,keyword planner,0;0;0;0;10;0;0;0;10;0;0;0
Alternatives & comparisons,mortgage deposit bond,10,,0.0,LOW,,keyword planner,10;10;10;10;10;10;10;10;10;10;10;10
Alternatives & comparisons,property deposit bond,10,,0.0,LOW,,keyword planner,10;10;10;10;10;90;10;10;10;10;10;10
Alternatives & comparisons,real estate deposit bond,10,,0.0,LOW,,keyword planner,10;10;10;10;20;70;10;10;20;10;10;10
Alternatives & comparisons,relocation loan calculator,10,,4.34,MEDIUM,,keyword planner,10;10;10;10;10;20;10;20;10;10;10;20
Alternatives & comparisons,relocation loan vs bridging loan,10,,1.41,,commercial,dataforseo labs,
Alternatives & comparisons,relocation loans australia,10,end debt,0.0,LOW,,keyword planner,10;10;10;10;10;10;10;10;10;10;10;10
Alternatives & comparisons,rent deposit bond,10,end debt,0.0,LOW,,keyword planner,10;20;10;10;10;10;20;10;10;10;20;10
Alternatives & comparisons,security deposit bond,10,end debt,0.0,LOW,,keyword planner,10;20;10;20;10;10;20;10;10;10;10;10
Alternatives & comparisons,term loan vs bridge loan,10,end debt,,,informational,dataforseo labs,
Alternatives & comparisons,alternative to bridging finance,0,,,,commercial,dataforseo labs,
Alternatives & comparisons,blanket loan vs bridge loan,0,,,,informational,dataforseo labs,
Alternatives & comparisons,bridge loan versus home equity,0,,,,commercial,dataforseo labs,
Alternatives & comparisons,bridge loan vs gap loan,0,,,,commercial,dataforseo labs,
Alternatives & comparisons,bridge loan vs hard money,0,,,,informational,dataforseo labs,
Alternatives & comparisons,bridge loan vs mezzanine loan,0,,,,commercial,dataforseo labs,
Alternatives & comparisons,bridging loan or short term mortgage,0,,,,commercial,dataforseo labs,
Alternatives & comparisons,development finance vs bridging finance,0,,,,commercial,dataforseo labs,
Alternatives & comparisons,dscr loan vs bridge loan,0,,,,commercial,dataforseo labs,
Alternatives & comparisons,equity bridge loan vs shareholder loan,0,,,,informational,dataforseo labs,
Alternatives & comparisons,excess deposit bond,0,,0.0,,,keyword planner,0;0;0;0;0;0;0;0;0;0;0;0
Alternatives & comparisons,landlord security deposit bond,0,,0.0,,,keyword planner,0;0;0;0;0;0;0;0;0;0;0;0
Alternatives & comparisons,margin loan vs bridge loan,0,,,,commercial,dataforseo labs,
Alternatives & comparisons,mezzanine loan vs bridge loan,0,,,,commercial,dataforseo labs,
Alternatives & comparisons,moving and relocation loans,0,,0.0,,,keyword planner,0;0;0;0;0;0;0;0;0;0;0;0
Alternatives & comparisons,no fee deposit bond,0,,0.0,,,keyword planner,0;0;0;0;0;0;0;0;0;0;0;0
Alternatives & comparisons,physician relocation loan,0,,0.0,,,keyword planner,0;0;0;0;0;0;0;0;0;0;0;0
Alternatives & comparisons,reverse mortgage vs bridge loan,0,,,,commercial,dataforseo labs,
Alternatives & comparisons,stretch loan vs bridge loan,0,,,,informational,dataforseo labs,
Alternatives & comparisons,swing loan vs bridge loan,0,,,,commercial,dataforseo labs,
Alternatives & comparisons,utility deposit bond,0,,0.0,,,keyword planner,0;0;0;0;0;0;0;0;0;0;0;0
Alternatives & comparisons,what is a bridge loan for mortgage,0,,0.0,,informational,keyword planner,0;0;0;0;0;0;0;0;0;0;0;0
Calculators,bridge loan calculator,1300,bridging loan calculator,2.71,,informational,dataforseo labs,
Calculators,bridging loan calculator,1300,,4.33,MEDIUM,informational,keyword planner,1300;1600;1300;880;1300;1600;1900;1300;1600;1300;1300;1600
Calculators,bridging loans calculator,1300,bridging loan calculator,2.71,,informational,dataforseo labs,
Calculators,bridging finance calculator australia,390,bridging loan calculator australia,5.1,MEDIUM,informational,keyword planner,590;590;480;320;480;480;320;210;320;210;210;140
Calculators,bridging loan calculator australia,390,,5.1,MEDIUM,informational,keyword planner,590;590;480;320;480;480;320;210;320;210;210;140
Calculators,bridging loans australia calculator,390,bridging loan calculator australia,3.83,,informational,dataforseo labs,
Calculators,bridging finance calculator,210,,5.51,MEDIUM,informational,keyword planner,210;260;260;110;210;260;260;170;210;170;170;170
Calculators,calculate bridging loan,210,,3.44,,informational,dataforseo labs,
Calculators,bridging loan calculator nab,140,,6.3,MEDIUM,informational,keyword planner,50;110;90;50;170;170;110;210;390;140;90;70
Calculators,nab bridging loan calculator,140,bridging loan calculator nab,6.3,MEDIUM,informational,keyword planner,50;110;90;50;170;170;110;210;390;140;90;70
Calculators,bridging loan repayment calculator,110,,4.4,MEDIUM,informational,keyword planner,110;90;70;70;110;140;140;110;110;110;110;90
Calculators,anz bridging loan calculator,70,bridging loan calculator anz,3.44,,informational,dataforseo labs,
Calculators,bridging finance calculator anz,70,bridging loan calculator anz,6.49,MEDIUM,informational,keyword planner,70;90;70;40;70;70;70;50;70;90;90;90
Calculators,bridging loan calculator anz,70,,6.49,MEDIUM,informational,keyword planner,70;90;70;40;70;70;70;50;70;90;90;90
Calculators,bridging loan calculator cba,50,,4.14,LOW,informational,keyword planner,50;70;70;30;50;70;50;50;40;40;50;50
Calculators,bridging loan calculator westpac,50,,3.68,LOW,informational,keyword planner,50;70;70;30;70;70;70;50;50;50;70;50
Calculators,bridging calculator,40,,10.28,LOW,,keyword planner,40;50;30;30;20;40;50;30;30;40;30;40
Calculators,bridging loan calculator st george,40,,15.64,MEDIUM,navigational,keyword planner,50;50;20;40;20;40;30;50;70;50;40;10
Calculators,westpac bridging loan calculator,40,,10.48,LOW,informational,keyword planner,20;50;20;30;50;70;30;40;40;50;30;20
Calculators,st george bridging loan calculator,30,,38.98,MEDIUM,navigational,keyword planner,30;40;30;20;10;30;20;30;70;20;10;10
Calculators,bridging home loan calculator,20,,7.09,HIGH,informational,keyword planner,30;20;30;10;30;20;20;20;30;20;20;10
Calculators,bridging loan borrowing power calculator,20,,5.43,,transactional,dataforseo labs,
Calculators,bridging loan calculator nsw,20,,4.49,,informational,dataforseo labs,
Calculators,free bridging loan calculator australia,20,urgent bridging loan,,,informational,dataforseo labs,
Calculators,barclays bank bridging loan calculator,10,barclays bridging loan calculator,7.07,,informational,dataforseo labs,
Calculators,barclays bridging loan calculator,10,,7.07,,informational,dataforseo labs,
Calculators,best bridging loan calculator,10,end debt,,,informational,dataforseo labs,
Calculators,bridge loan calculator canada,10,end debt,,,informational,dataforseo labs,
Calculators,bridge loan calculator rbc,10,end debt,,,navigational,dataforseo labs,
Calculators,bridge loan cost calculator,10,sa bridge loans,3.08,,informational,dataforseo labs,
Calculators,bridge loan interest calculator,10,bridging loan interest calculator,1.15,,informational,dataforseo labs,
Calculators,bridge loan mortgage calculator,10,end debt,0.0,HIGH,informational,keyword planner,10;10;10;10;10;10;10;10;10;10;10;10
Calculators,bridge loan payment calculator,10,end debt,0.0,,informational,keyword planner,10;0;0;10;0;10;0;0;10;0;10;0
Calculators,bridge loan rates calculator,10,end debt,,,informational,dataforseo labs,
Calculators,bridge mortgage loan calculator,10,end debt,3.78,,informational,dataforseo labs,
Calculators,bridging finance calculator south africa,10,end debt,,,navigational,dataforseo labs,
Calculators,bridging finance calculator westpac,10,end debt,,,informational,dataforseo labs,
Calculators,bridging loan australia calculator,10,end debt,8.14,,transactional,dataforseo labs,
Calculators,bridging loan calculator au,10,end debt,,,informational,dataforseo labs,
Calculators,bridging loan calculator commbank,10,end debt,0.0,MEDIUM,navigational,keyword planner,10;10;10;10;10;10;10;10;10;10;10;10
Calculators,bridging loan calculator excel,10,,0.0,MEDIUM,transactional,keyword planner,10;10;10;10;10;10;10;10;10;10;10;10
Calculators,bridging loan calculator online,10,end debt,0.0,,informational,keyword planner,10;0;0;0;0;0;0;0;0;0;10;0
Calculators,bridging loan cost calculator,10,sa bridge loans,3.08,,informational,dataforseo labs,
Calculators,bridging loan finance calculator,10,what is the bridge loan,0.0,MEDIUM,informational,keyword planner,10;10;10;0;0;10;10;10;10;10;10;10
Calculators,bridging loan interest calculator,10,,2.96,MEDIUM,informational,keyword planner,10;20;10;10;10;10;10;10;10;10;10;10
Calculators,bridging loan interest rate calculator,10,,3.65,MEDIUM,informational,keyword planner,20;10;10;10;10;10;10;10;10;10;10;10
Calculators,bridging loan mortgage calculator,10,end debt,3.9,,informational,dataforseo labs,
Calculators,bridging loan rates calculator,10,end debt,0.0,,informational,keyword planner,10;0;0;10;10;10;0;0;10;0;10;0
Calculators,bridging loan repayment calculator australia,10,,7.34,,commercial,dataforseo labs,
Calculators,bridging loans calculator australia,10,end debt,,,informational,dataforseo labs,
Calculators,bridging mortgage calculator,10,,5.96,MEDIUM,,keyword planner,10;10;10;10;10;10;10;10;10;10;10;10
Calculators,commercial bridge loan calculator,10,end debt,0.0,,informational,keyword planner,0;10;10;10;0;0;0;0;10;0;0;0
Calculators,commercial bridging loan calculator,10,end debt,0.0,,informational,keyword planner,0;10;10;10;0;0;0;0;10;0;0;0
Calculators,commonwealth bank bridging loan calculator,10,end debt,,,navigational,dataforseo labs,
Calculators,cost of bridging loan calculator,10,sa bridge loans,0.0,LOW,,keyword planner,10;10;0;10;0;0;10;10;10;0;0;10
Calculators,free bridging loan calculator,10,end debt,0.0,,,keyword planner,0;10;0;10;10;10;10;10;0;10;0;0
Calculators,how are bridging loans calculated,10,end debt,,,informational,dataforseo labs,
Calculators,how is a bridging loan calculated,10,end debt,2.07,,informational,dataforseo labs,
Calculators,how much is a bridging loan calculator,10,,2.01,,informational,dataforseo labs,
Calculators,how to calculate bridge loan,10,,6.83,,informational,dataforseo labs,
Calculators,how to calculate bridging loan,10,how to calculate bridge loan,6.83,,informational,dataforseo labs,
Calculators,hsbc bridging loan calculator,10,end debt,,,informational,dataforseo labs,
Calculators,interest only bridge loan calculator,10,end debt,1.58,,commercial,dataforseo labs,
Calculators,interest only bridging loan calculator,10,end debt,0.0,MEDIUM,informational,keyword planner,10;10;20;10;10;30;20;10;10;10;10;10
Calculators,interest-only bridge loan calculator,10,end debt,1.58,,informational,dataforseo labs,
Calculators,monthly interest bridging loan calculator,10,end debt,0.0,,,keyword planner,10;0;0;0;0;10;10;0;0;0;0;0
Calculators,mortgage bridging loan calculator,10,end debt,0.0,HIGH,informational,keyword planner,10;10;10;10;10;10;10;10;10;10;10;10
Calculators,online bridging loan calculator,10,end debt,0.0,,,keyword planner,0;10;10;0;0;0;0;10;0;0;0;0
Calculators,short term bridging loan calculator,10,end debt,0.0,,informational,keyword planner,0;10;10;0;10;10;10;10;10;10;10;0
Calculators,simple bridge loan calculator,10,end debt,,,informational,dataforseo labs,
Calculators,50000 bridging loan calculator,0,,,,commercial,dataforseo labs,
Calculators,anz bridging loan interest rate calculator,0,,,,commercial,dataforseo labs,
Calculators,best bridging finance calculator,0,,,,commercial,dataforseo labs,
Calculators,best bridging loan australia calculator,0,,,,commercial,dataforseo labs,
Calculators,best bridging loan calculator australia,0,,,,commercial,dataforseo labs,
Calculators,best bridging loans australia calculator,0,,,,commercial,dataforseo labs,
Calculators,bridge home loan calculator,0,,,,navigational,dataforseo labs,
Calculators,bridge loan calculator scotiabank,0,,,,navigational,dataforseo labs,
Calculators,bridge loan for construction calculator,0,,,,transactional,dataforseo labs,
Calculators,bridge loan qualification calculator,0,,,,navigational,dataforseo labs,
Calculators,bridging construction loan calculator,0,,,,transactional,dataforseo labs,
Calculators,bridging finance calculator excel,0,,,,transactional,dataforseo labs,
Calculators,bridging finance cost calculator,0,,,,commercial,dataforseo labs,
Calculators,bridging finance for business calculator,0,,,,commercial,dataforseo labs,
Calculators,bridging finance for property development calculator,0,,,,commercial,dataforseo labs,
Calculators,bridging finance property development calculator,0,,,,commercial,dataforseo labs,
Calculators,bridging finance rate calculator,0,,,,commercial,dataforseo labs,
Calculators,bridging finance rates calculator,0,,,,commercial,dataforseo labs,
Calculators,bridging home loans calculator,0,,,,navigational,dataforseo labs,
Calculators,bridging loan calculator australia excel,0,,,,transactional,dataforseo labs,
Calculators,bridging loan calculator precise,0,,0.0,,,keyword planner,
Calculators,bridging loan for property development calculator,0,,,,commercial,dataforseo labs,
Calculators,bridging loan ing calculator,0,,,,transactional,dataforseo labs,
Calculators,bridging loan interest rates australia calculator,0,,,,commercial,dataforseo labs,
Calculators,bridging loan property development calculator,0,,,,commercial,dataforseo labs,
Calculators,bridging loan rates australia calculator,0,,,,commercial,dataforseo labs,
Calculators,bridging loan repayment calculator excel,0,,,,transactional,dataforseo labs,
Calculators,bridging loan repayment calculator nsw,0,,,,commercial,dataforseo labs,
Calculators,bridging loan suncorp calculator,0,,,,transactional,dataforseo labs,
Calculators,bridging loans commonwealth bank calculator,0,,,,navigational,dataforseo labs,
Calculators,bridging loans for property development calculator,0,,,,commercial,dataforseo labs,
Calculators,bridging loans melbourne calculator,0,,,,commercial,dataforseo labs,
Calculators,bridging loans nsw calculator,0,,,,commercial,dataforseo labs,
Calculators,bridging loans property development calculator,0,,,,commercial,dataforseo labs,
Calculators,bridging mortgage loan calculator,0,,,,navigational,dataforseo labs,
Calculators,bridging mortgage loans calculator,0,,,,commercial,dataforseo labs,
Calculators,business bridging loan calculator,0,,,,commercial,dataforseo labs,
Calculators,cba bridging loan calculator,0,,,,transactional,dataforseo labs,
Calculators,cheapest bridging loans australia calculator,0,,,,commercial,dataforseo labs,
Calculators,cibc bridge loan calculator,0,,,,informational,dataforseo labs,
Calculators,commbank bridging loan calculator,0,,,,navigational,dataforseo labs,
Calculators,construction bridging loan calculator,0,,,,transactional,dataforseo labs,
Calculators,free bridging loan calculator st george,0,,,,transactional,dataforseo labs,
Calculators,how do bridging loans work australia calculator,0,,,,informational,dataforseo labs,
Calculators,how does a bridging loan work australia calculator,0,,,,informational,dataforseo labs,
Calculators,how does a bridging loan work in australia calculator,0,,,,informational,dataforseo labs,
Calculators,how much does bridging finance cost calculator,0,,,,commercial,dataforseo labs,
Calculators,how much does bridging loan cost calculator,0,,,,commercial,dataforseo labs,
Calculators,how much is bridging finance calculator,0,,,,commercial,dataforseo labs,
Calculators,limited company bridging loan calculator,0,,,,commercial,dataforseo labs,
Calculators,macquarie bank bridging loan calculator,0,,,,navigational,dataforseo labs,
Calculators,macquarie bridging loan calculator,0,,,,navigational,dataforseo labs,
Calculators,nab bridging loan calculator nsw,0,,,,commercial,dataforseo labs,
Calculators,nab bridging loan interest rate calculator,0,,,,commercial,dataforseo labs,
Calculators,property development bridging finance calculator,0,,,,commercial,dataforseo labs,
Calculators,property development bridging loan calculator,0,,,,commercial,dataforseo labs,
Calculators,property development bridging loans calculator,0,,,,commercial,dataforseo labs,
Calculators,rbs bridging loan calculator,0,,,,informational,dataforseo labs,
Calculators,residential bridge loan calculator,0,,,,informational,dataforseo labs,
Calculators,short term bridging finance calculator,0,,,,transactional,dataforseo labs,
Calculators,st george bridging loan interest rate calculator,0,,,,commercial,dataforseo labs,
Calculators,suncorp bridging loan calculator,0,,,,navigational,dataforseo labs,
Calculators,td bridge loan calculator,0,,,,informational,dataforseo labs,
Calculators,temporary bridging loan calculator,0,,0.0,,informational,keyword planner,0;0;0;0;0;0;0;0;0;0;0;0
Calculators,westpac bridging finance rates calculator,0,,,,commercial,dataforseo labs,
Calculators,westpac bridging loan calculator nsw,0,,,,navigational,dataforseo labs,
Calculators,what is a bridging loan australia calculator,0,,,,informational,dataforseo labs,
"Eligibility, risk & how long",am i eligible for a bridging loan,50,,12.36,,informational,dataforseo labs,
"Eligibility, risk & how long",how to get a bridging loan,50,,5.66,,informational,dataforseo labs,
"Eligibility, risk & how long",how to get bridging finance,50,how to get a bridging loan,5.66,,informational,dataforseo labs,
"Eligibility, risk & how long",are bridging loans a good idea,30,is a bridge loan a good idea,3.91,,informational,dataforseo labs,
"Eligibility, risk & how long",bridge loan example,30,bridging loan example,5.87,,informational,dataforseo labs,
"Eligibility, risk & how long",bridging loan example,30,,10.12,LOW,informational,keyword planner,40;50;30;20;50;40;50;30;30;10;20;20
"Eligibility, risk & how long",bridging loan pre approval,30,,27.29,,commercial,dataforseo labs,
"Eligibility, risk & how long",is a bridge loan a good idea,30,,5.86,,informational,dataforseo labs,
"Eligibility, risk & how long",is a bridging loan a good idea,30,is a bridge loan a good idea,5.86,,informational,dataforseo labs,
"Eligibility, risk & how long",bridge financing terms,20,bridge loan terms,16.13,MEDIUM,,keyword planner,110;50;30;20;10;10;20;10;10;10;10;10
"Eligibility, risk & how long",bridge loan eligibility,20,,11.18,MEDIUM,informational,keyword planner,20;30;10;10;20;20;20;30;20;20;10;10
"Eligibility, risk & how long",bridge loan requirements,20,bridging loan criteria,19.91,HIGH,informational,keyword planner,20;20;20;20;10;10;20;20;20;10;10;10
"Eligibility, risk & how long",bridge loan term,20,urgent bridging loan,,,informational,dataforseo labs,
"Eligibility, risk & how long",bridge loan terms,20,,16.13,MEDIUM,,keyword planner,110;50;30;20;10;10;20;10;10;10;10;10
"Eligibility, risk & how long",bridging loan borrowing power,20,,5.55,,commercial,dataforseo labs,
"Eligibility, risk & how long",bridging loan criteria,20,,19.89,HIGH,informational,keyword planner,20;20;20;20;10;10;20;20;20;10;10;10
"Eligibility, risk & how long",bridging loan eligibility,20,bridge loan eligibility,11.18,MEDIUM,informational,keyword planner,20;30;10;10;20;20;20;30;20;20;10;10
"Eligibility, risk & how long",bridging loan requirements,20,bridging loan criteria,19.89,HIGH,commercial,keyword planner,20;20;20;20;10;10;20;20;20;10;10;10
"Eligibility, risk & how long",bridging loan terms,20,bridge loan terms,16.13,MEDIUM,informational,keyword planner,110;50;30;20;10;10;20;10;10;10;10;10
"Eligibility, risk & how long",bridging loans criteria,20,bridging loan criteria,4.41,,informational,dataforseo labs,
"Eligibility, risk & how long",can i get a bridge loan,20,can i get a bridging loan,7.75,,informational,dataforseo labs,
"Eligibility, risk & how long",can i get a bridging loan,20,,15.6,MEDIUM,informational,keyword planner,10;10;10;10;20;30;10;20;20;20;30;20
"Eligibility, risk & how long",how long can you have a bridging loan for,20,,4.9,,informational,dataforseo labs,
"Eligibility, risk & how long",how long does it take to get a bridge loan,20,how long does it take to get a bridging loan,13.09,,informational,dataforseo labs,
"Eligibility, risk & how long",how long does it take to get a bridging loan,20,,14.1,MEDIUM,informational,keyword planner,10;20;10;10;20;20;30;20;20;20;20;20
"Eligibility, risk & how long",2 year bridge loan,10,,14.14,HIGH,,keyword planner,0;10;10;10;10;10;20;10;10;0;10;10
"Eligibility, risk & how long",2 year bridging loan,10,2 year bridge loan,14.14,HIGH,,keyword planner,0;10;10;10;10;10;20;10;10;0;10;10
"Eligibility, risk & how long",are bridging loans bad,10,end debt,,,informational,dataforseo labs,
"Eligibility, risk & how long",are bridging loans easy to get,10,,2.23,,informational,dataforseo labs,
"Eligibility, risk & how long",are bridging loans good,10,end debt,,,informational,dataforseo labs,
"Eligibility, risk & how long",are bridging loans hard to get,10,,3.77,,informational,dataforseo labs,
"Eligibility, risk & how long",are bridging loans regulated,10,end debt,,,informational,dataforseo labs,
"Eligibility, risk & how long",are bridging loans worth it,10,end debt,,,informational,dataforseo labs,
"Eligibility, risk & how long",bridge equity loan,10,equity bridge loan,26.49,MEDIUM,,keyword planner,20;20;20;10;10;10;10;20;10;10;10;20
"Eligibility, risk & how long",bridge finance loan requirements,10,end debt,,,informational,dataforseo labs,
"Eligibility, risk & how long",bridge loan application,10,,66.85,HIGH,transactional,keyword planner,20;10;10;10;10;20;50;10;10;10;10;10
"Eligibility, risk & how long",bridge loan application form,10,end debt,,,transactional,dataforseo labs,
"Eligibility, risk & how long",bridge loan credit score,10,end debt,0.0,,,keyword planner,0;10;0;0;0;0;0;0;0;0;0;0
"Eligibility, risk & how long",bridge loan length,10,end debt,,,informational,dataforseo labs,
"Eligibility, risk & how long",bridge loan maximum amount,10,end debt,,,informational,dataforseo labs,
"Eligibility, risk & how long",bridge loan process,10,end debt,0.0,MEDIUM,informational,keyword planner,10;10;0;10;10;10;10;10;10;0;30;10
"Eligibility, risk & how long",bridge loan pros and cons,10,end debt,0.0,LOW,commercial,keyword planner,10;10;10;10;10;10;10;10;10;10;10;10
"Eligibility, risk & how long",bridge loan qualifications,10,end debt,0.0,,informational,keyword planner,0;10;10;10;10;0;0;10;0;10;0;0
"Eligibility, risk & how long",bridge loan risks,10,end debt,,,informational,dataforseo labs,
"Eligibility, risk & how long",bridge loans online application,10,end debt,0.0,,,keyword planner,0;10;0;0;0;0;0;0;0;0;0;0
"Eligibility, risk & how long",bridging finance example,10,end debt,,,informational,dataforseo labs,
"Eligibility, risk & how long",bridging finance examples,10,,0.0,LOW,informational,keyword planner,10;10;10;10;10;10;20;10;10;10;10;10
"Eligibility, risk & how long",bridging finance process,10,end debt,,,informational,dataforseo labs,
"Eligibility, risk & how long",bridging finance qualifications,10,end debt,0.0,HIGH,informational,keyword planner,10;0;10;0;10;0;0;0;10;0;0;10
"Eligibility, risk & how long",bridging loan advice,10,end debt,0.0,,informational,keyword planner,10;10;10;10;10;10;0;10;10;10;10;0
"Eligibility, risk & how long",bridging loan application,10,bridge loan application,66.86,HIGH,transactional,keyword planner,20;10;10;10;10;20;50;10;10;10;10;10
"Eligibility, risk & how long",bridging loan application process,10,end debt,,,transactional,dataforseo labs,
"Eligibility, risk & how long",bridging loan credit union,10,end debt,0.0,,navigational,keyword planner,0;0;10;0;0;0;10;0;0;0;0;0
"Eligibility, risk & how long",bridging loan duration,10,,0.0,MEDIUM,informational,keyword planner,0;10;10;10;10;10;0;0;10;10;10;10
"Eligibility, risk & how long",bridging loan equity,10,equity bridge loan,3.34,,commercial,dataforseo labs,
"Eligibility, risk & how long",bridging loan examples,10,end debt,,,informational,dataforseo labs,
"Eligibility, risk & how long",bridging loan good or bad,10,end debt,,,informational,dataforseo labs,
"Eligibility, risk & how long",bridging loan how long,10,end debt,0.0,HIGH,informational,keyword planner,10;10;10;0;10;10;10;10;10;10;10;10
"Eligibility, risk & how long",bridging loan lending criteria,10,end debt,,,informational,dataforseo labs,
"Eligibility, risk & how long",bridging loan process,10,end debt,0.0,MEDIUM,commercial,keyword planner,10;10;0;10;10;10;10;10;10;0;30;10
"Eligibility, risk & how long",bridging loan pros and cons,10,end debt,0.0,LOW,informational,keyword planner,10;10;10;10;10;10;10;10;10;10;10;10
"Eligibility, risk & how long",bridging loan risks,10,end debt,0.0,LOW,informational,keyword planner,10;10;10;10;10;10;10;10;10;10;10;10
"Eligibility, risk & how long",bridging loan terms and conditions,10,end debt,,,informational,dataforseo labs,
"Eligibility, risk & how long",bridging loans examples,10,end debt,,,informational,dataforseo labs,
"Eligibility, risk & how long",bridging loans pros and cons,10,end debt,18.72,MEDIUM,commercial,keyword planner,10;10;10;10;10;10;10;10;20;10;20;10
"Eligibility, risk & how long",can i get bridging finance,10,,25.99,HIGH,informational,keyword planner,10;10;10;10;10;10;20;10;10;10;10;10
"Eligibility, risk & how long",can you get 100 bridging finance,10,end debt,0.0,,informational,keyword planner,0;0;0;0;0;10;0;10;0;0;10;0
"Eligibility, risk & how long",can you get a bridge loan without a mortgage,10,end debt,,,informational,dataforseo labs,
"Eligibility, risk & how long",can you get a bridging loan,10,,6.76,HIGH,informational,keyword planner,10;10;10;10;10;10;10;10;10;10;10;10
"Eligibility, risk & how long",credit union bridging loan,10,end debt,0.0,HIGH,,keyword planner,10;0;10;0;0;10;10;0;10;0;10;10
"Eligibility, risk & how long",criteria for bridging loan,10,,4.86,HIGH,informational,keyword planner,10;10;10;0;10;10;10;0;0;10;10;10
"Eligibility, risk & how long",do bridging loans still exist,10,,3.67,,informational,dataforseo labs,
"Eligibility, risk & how long",do i qualify for a bridge loan,10,,30.22,,informational,dataforseo labs,
"Eligibility, risk & how long",do i qualify for a bridging loan,10,do i qualify for a bridge loan,30.22,,informational,dataforseo labs,
"Eligibility, risk & how long",does a bridging loan affect your credit score,10,end debt,,,informational,dataforseo labs,
"Eligibility, risk & how long",does bridging loan affect mortgage application,10,end debt,,,informational,dataforseo labs,
"Eligibility, risk & how long",end debt,10,,0.0,LOW,,keyword planner,10;10;10;10;10;10;10;10;10;10;10;10
"Eligibility, risk & how long",equity bridge financing,10,equity bridge loan,26.49,MEDIUM,,keyword planner,20;20;20;10;10;10;10;20;10;10;10;20
"Eligibility, risk & how long",equity bridge loan,10,,26.49,MEDIUM,commercial,keyword planner,20;20;20;10;10;10;10;20;10;10;10;20
"Eligibility, risk & how long",equity bridge loan project finance,10,end debt,,,commercial,dataforseo labs,
"Eligibility, risk & how long",equity bridging loan,10,equity bridge loan,3.34,,commercial,dataforseo labs,
"Eligibility, risk & how long",example of bridge loan,10,end debt,,,informational,dataforseo labs,
"Eligibility, risk & how long",getting approved for a bridge loan,10,end debt,0.0,LOW,,keyword planner,0;0;0;0;0;0;0;0;0;0;0;10
"Eligibility, risk & how long",glenhawk regulated bridging,10,end debt,0.0,LOW,,keyword planner,0;0;0;0;0;0;0;0;0;0;0;10
"Eligibility, risk & how long",home equity bridge loan,10,end debt,0.0,,commercial,keyword planner,10;0;0;0;0;10;0;0;10;0;0;0
"Eligibility, risk & how long",how long are bridging loans,10,end debt,,,informational,dataforseo labs,
"Eligibility, risk & how long",how long do bridging loans take,10,end debt,,,informational,dataforseo labs,
"Eligibility, risk & how long",how long does a bridging loan last,10,,5.18,,informational,dataforseo labs,
"Eligibility, risk & how long",how long does a bridging loan take,10,end debt,,,informational,dataforseo labs,
"Eligibility, risk & how long",how long does bridging finance take,10,end debt,,,informational,dataforseo labs,
"Eligibility, risk & how long",how long does bridging loan take,10,end debt,,,informational,dataforseo labs,
"Eligibility, risk & how long",how long does it take to arrange a bridging loan,10,end debt,,,informational,dataforseo labs,
"Eligibility, risk & how long",how long is a bridge loan,10,end debt,,,informational,dataforseo labs,
"Eligibility, risk & how long",how long is a bridge loan good for,10,end debt,,,informational,dataforseo labs,
"Eligibility, risk & how long",how much bridge loan can i get,10,end debt,,,informational,dataforseo labs,
"Eligibility, risk & how long",how much bridging loan can i borrow,10,end debt,,,commercial,dataforseo labs,
"Eligibility, risk & how long",how much bridging loan can i get,10,end debt,0.0,HIGH,informational,keyword planner,10;10;10;10;10;10;20;10;10;10;10;10
"Eligibility, risk & how long",how to get a bridge loan mortgage,10,end debt,,,informational,dataforseo labs,
"Eligibility, risk & how long",how to qualify for a bridge loan,10,end debt,2.3,,informational,dataforseo labs,
"Eligibility, risk & how long",how to qualify for bridge loan,10,end debt,2.3,,informational,dataforseo labs,
"Eligibility, risk & how long",how to qualify for bridging loan,10,end debt,,,informational,dataforseo labs,
"Eligibility, risk & how long",is a bridge loan worth it,10,end debt,4.08,,informational,dataforseo labs,
"Eligibility, risk & how long",is a bridging loan worth it,10,end debt,4.08,,informational,dataforseo labs,
"Eligibility, risk & how long",is bridge loan good idea,10,end debt,,,informational,dataforseo labs,
"Eligibility, risk & how long",is bridging finance a good idea,10,,6.4,,informational,dataforseo labs,
"Eligibility, risk & how long",is bridging finance regulated,10,end debt,,,informational,dataforseo labs,
"Eligibility, risk & how long",is bridging loan a good idea,10,end debt,,,informational,dataforseo labs,
"Eligibility, risk & how long",is bridging loan worth it,10,end debt,,,commercial,dataforseo labs,
"Eligibility, risk & how long",is it easy to get a bridging loan,10,,17.81,,informational,dataforseo labs,
"Eligibility, risk & how long",is it hard to get a bridging loan,10,,4.44,,informational,dataforseo labs,
"Eligibility, risk & how long",is it worth getting a bridging loan,10,,1.62,,informational,dataforseo labs,
"Eligibility, risk & how long",peak debt,10,,0.0,LOW,,keyword planner,10;10;10;10;10;20;10;10;10;10;10;10
"Eligibility, risk & how long",pros and cons of bridge loan,10,end debt,0.0,,informational,keyword planner,10;0;0;0;0;0;10;0;0;0;10;0
"Eligibility, risk & how long",qualify for a bridge loan,10,end debt,0.0,,,keyword planner,0;10;10;10;10;0;0;10;0;10;0;0
"Eligibility, risk & how long",qualify for bridge loan,10,end debt,0.0,,informational,keyword planner,0;10;0;0;0;0;0;0;0;0;10;0
"Eligibility, risk & how long",qualifying for a bridge loan,10,end debt,0.0,,,keyword planner,0;10;10;10;10;0;0;10;0;10;0;0
"Eligibility, risk & how long",regulated bridging finance,10,end debt,0.0,LOW,informational,keyword planner,10;10;10;0;0;10;10;0;10;10;0;10
"Eligibility, risk & how long",regulated bridging loan,10,end debt,0.0,LOW,,keyword planner,10;10;10;0;0;10;10;0;10;10;0;10
"Eligibility, risk & how long",requirements for bridge loan,10,end debt,,,informational,dataforseo labs,
"Eligibility, risk & how long",risks of bridge loans,10,end debt,0.0,LOW,,keyword planner,10;0;10;10;10;10;10;10;10;10;10;10
"Eligibility, risk & how long",risks of bridging loans,10,end debt,0.0,LOW,informational,keyword planner,10;0;10;10;10;10;10;10;10;10;10;10
"Eligibility, risk & how long",unregulated bridging loan,10,end debt,0.0,,,keyword planner,0;0;0;10;0;0;10;0;0;0;0;0
"Eligibility, risk & how long",unregulated bridging loans,10,end debt,,,informational,dataforseo labs,
"Eligibility, risk & how long",what are the risks of a bridge loan,10,end debt,,,informational,dataforseo labs,
"Eligibility, risk & how long",what is a bridging loan example,10,end debt,0.0,,informational,keyword planner,10;10;10;0;10;10;10;0;10;0;10;0
"Eligibility, risk & how long",what is an equity bridge loan,10,end debt,0.0,,informational,keyword planner,10;10;10;0;0;10;10;0;10;10;10;0
"Eligibility, risk & how long",what is better a bridge loan or home equity loan,10,end debt,,,informational,dataforseo labs,
"Eligibility, risk & how long",what is equity bridge loan,10,end debt,,,informational,dataforseo labs,
"Eligibility, risk & how long",what is the criteria for a bridging loan,10,end debt,,,informational,dataforseo labs,
"Eligibility, risk & how long",where can i get a bridging loan,10,end debt,0.0,,informational,keyword planner,10;10;10;0;10;10;10;10;10;10;10;0
"Eligibility, risk & how long",adverse credit bridging loans,0,,0.0,,,keyword planner,0;0;0;0;0;0;0;0;0;0;0;0
"Eligibility, risk & how long",application for bridging loan,0,,,,transactional,dataforseo labs,
"Eligibility, risk & how long",bridge credit finance,0,,0.0,,,keyword planner,
"Eligibility, risk & how long",bridge credit loan,0,,0.0,,,keyword planner,0;0;0;0;0;0;0;0;0;0;0;0
"Eligibility, risk & how long",bridge home loan requirements,0,,,,commercial,dataforseo labs,
"Eligibility, risk & how long",bridge line of credit,0,,0.0,,,keyword planner,0;0;0;0;0;0;0;0;0;0;0;0
"Eligibility, risk & how long",bridge loan login online application,0,,,,navigational,dataforseo labs,
"Eligibility, risk & how long",bridge loan maximum period,0,,,,informational,dataforseo labs,
"Eligibility, risk & how long",bridge loan term sheet,0,,,,informational,dataforseo labs,
"Eligibility, risk & how long",bridge loans online applications,0,,0.0,,,keyword planner,
"Eligibility, risk & how long",bridge to term mortgage,0,,0.0,,,keyword planner,0;0;0;0;0;0;0;0;0;0;0;0
"Eligibility, risk & how long",bridging finance consultancy,0,,,,commercial,dataforseo labs,
"Eligibility, risk & how long",bridging finance consultant,0,,,,commercial,dataforseo labs,
"Eligibility, risk & how long",bridging finance eligibility,0,,,,commercial,dataforseo labs,
"Eligibility, risk & how long",bridging finance fca regulated,0,,,,informational,dataforseo labs,
"Eligibility, risk & how long",bridging finance unregulated,0,,,,informational,dataforseo labs,
"Eligibility, risk & how long",bridging home loan requirements,0,,,,commercial,dataforseo labs,
"Eligibility, risk & how long",bridging loan 2 years,0,,,,transactional,dataforseo labs,
"Eligibility, risk & how long",bridging loan advantages and disadvantages,0,,,,commercial,dataforseo labs,
"Eligibility, risk & how long",bridging loan amount,0,,,,commercial,dataforseo labs,
"Eligibility, risk & how long",bridging loan example australia,0,,,,commercial,dataforseo labs,
"Eligibility, risk & how long",bridging loan explanation example,0,,,,informational,dataforseo labs,
"Eligibility, risk & how long",bridging loan no end debt,0,,,,transactional,dataforseo labs,
"Eligibility, risk & how long",bridging loan no valuation,0,,,,informational,dataforseo labs,
"Eligibility, risk & how long",bridging loans regulated,0,,,,informational,dataforseo labs,
"Eligibility, risk & how long",bridging loans regulated fca,0,,,,commercial,dataforseo labs,
"Eligibility, risk & how long",bridging mortgage loan requirements,0,,,,transactional,dataforseo labs,
"Eligibility, risk & how long",can i get bridging loan,0,,,,transactional,dataforseo labs,
"Eligibility, risk & how long",connective bridge loan requirements,0,,,,commercial,dataforseo labs,
"Eligibility, risk & how long",consumer bridge loan,0,,0.0,,,keyword planner,0;0;0;0;0;0;0;0;0;0;0;0
"Eligibility, risk & how long",historic tax credit bridge loan,0,,0.0,,,keyword planner,
"Eligibility, risk & how long",how long does it take for a bridging loan,0,,,,informational,dataforseo labs,
"Eligibility, risk & how long",how long is bridging finance for,0,,,,informational,dataforseo labs,
"Eligibility, risk & how long",how much bridging finance can i get,0,,,,commercial,dataforseo labs,
"Eligibility, risk & how long",is bridging finance easy to get,0,,,,commercial,dataforseo labs,
"Eligibility, risk & how long",is bridging loan good,0,,,,commercial,dataforseo labs,
"Eligibility, risk & how long",non regulated bridging loans,0,,0.0,,,keyword planner,0;0;0;0;0;0;0;0;0;0;0;0
"Eligibility, risk & how long",regulated bridging,0,,0.0,,,keyword planner,0;0;0;0;0;0;0;0;0;0;0;0
"Eligibility, risk & how long",risks with bridging loans,0,,,,commercial,dataforseo labs,
"Eligibility, risk & how long",sba express bridge loan application,0,,,,transactional,dataforseo labs,
"Eligibility, risk & how long",tax credit bridge loan,0,,0.0,,,keyword planner,0;0;0;0;0;0;0;0;0;0;0;0
"Eligibility, risk & how long",typical bridge loan terms,0,,0.0,,,keyword planner,0;0;0;0;0;0;0;0;0;0;0;0
"Eligibility, risk & how long",unregulated bridging,0,,0.0,,,keyword planner,
"Eligibility, risk & how long",unregulated bridging finance,0,,0.0,,,keyword planner,0;0;0;0;0;0;0;0;0;0;0;0
"Eligibility, risk & how long",what are bridging loan example,0,,,,informational,dataforseo labs,
"Eligibility, risk & how long",what is a bridge loan example,0,,0.0,,informational,keyword planner,0;0;0;0;0;0;0;0;0;0;0;0
"Eligibility, risk & how long",what is a bridge loan in real estate example,0,,,,informational,dataforseo labs,
"Eligibility, risk & how long",what is a bridging loan australia example,0,,,,informational,dataforseo labs,
"Eligibility, risk & how long",what is bridging finance example,0,,,,informational,dataforseo labs,
"Eligibility, risk & how long",what is bridging loan example,0,,,,informational,dataforseo labs,
Head terms (bridging loan / finance),bridge finance loan,5400,bridging loan,29.28,MEDIUM,commercial,keyword planner,6600;6600;5400;3600;5400;5400;6600;4400;4400;4400;4400;4400
Head terms (bridging loan / finance),bridge loan,5400,bridging loan,14.87,,commercial,dataforseo labs,
Head terms (bridging loan / finance),bridge to loan,5400,bridging loan,29.28,MEDIUM,,keyword planner,6600;6600;5400;3600;5400;5400;6600;4400;4400;4400;4400;4400
Head terms (bridging loan / finance),bridging loan,5400,,29.28,MEDIUM,commercial,keyword planner,6600;6600;5400;3600;5400;5400;6600;4400;4400;4400;4400;4400
Head terms (bridging loan / finance),bridging loans,5400,bridging loan,29.28,MEDIUM,commercial,keyword planner,6600;6600;5400;3600;5400;5400;6600;4400;4400;4400;4400;4400
Head terms (bridging loan / finance),bridge financing,1300,bridging finance,33.05,MEDIUM,,keyword planner,1600;1300;1300;720;1000;1300;1600;1000;1300;1000;1000;1000
Head terms (bridging loan / finance),bridging finance,1300,,33.05,MEDIUM,informational,keyword planner,1600;1300;1300;720;1000;1300;1600;1000;1300;1000;1000;1000
Head terms (bridging loan / finance),bridge loan australia,720,bridging loan australia,21.54,,commercial,dataforseo labs,
Head terms (bridging loan / finance),bridging finance australia,720,bridging loan australia,31.34,MEDIUM,navigational,keyword planner,880;720;590;480;720;720;880;720;720;590;720;390
Head terms (bridging loan / finance),bridging loan au,720,bridging loan australia,21.54,,commercial,dataforseo labs,
Head terms (bridging loan / finance),bridging loan australia,720,,31.34,MEDIUM,commercial,keyword planner,880;720;590;480;720;720;880;720;720;590;720;390
Head terms (bridging loan / finance),bridging loans australia,720,bridging loan australia,31.35,MEDIUM,commercial,keyword planner,880;720;590;480;720;720;880;720;720;590;720;390
Head terms (bridging loan / finance),bridging loans in australia,720,bridging loan australia,21.54,,commercial,dataforseo labs,
Head terms (bridging loan / finance),bridge loan def,210,define bridge loan,6.46,,informational,dataforseo labs,
Head terms (bridging loan / finance),bridge loan explanation,210,bridging loan explained,6.06,,informational,dataforseo labs,
Head terms (bridging loan / finance),bridging loan explanation,210,bridging loan explained,6.06,,informational,dataforseo labs,
Head terms (bridging loan / finance),what bridging loan,170,,4.26,,informational,dataforseo labs,
Head terms (bridging loan / finance),bridging home loan,110,,27.36,HIGH,commercial,keyword planner,140;140;110;70;110;90;140;110;90;90;110;110
Head terms (bridging loan / finance),closed bridging,110,,0.0,LOW,,keyword planner,140;90;90;140;90;90;210;70;110;90;70;110
Head terms (bridging loan / finance),bridge home loan,90,,12.57,,commercial,dataforseo labs,
Head terms (bridging loan / finance),bridging home loans,90,bridge home loan,12.57,,commercial,dataforseo labs,
Head terms (bridging loan / finance),bridging mortgage,90,,20.46,HIGH,,keyword planner,170;90;110;70;110;110;110;70;90;70;70;90
Head terms (bridging loan / finance),bridging mortgage loan,90,bridge home loan,12.57,,commercial,dataforseo labs,
Head terms (bridging loan / finance),bridging mortgage loans,90,bridge home loan,12.57,,commercial,dataforseo labs,
Head terms (bridging loan / finance),bridging bond loan,70,,10.69,,commercial,dataforseo labs,
Head terms (bridging loan / finance),open bridging,70,,0.0,LOW,,keyword planner,70;140;90;70;50;70;90;50;70;50;40;40
Head terms (bridging loan / finance),property bridging,70,,4.04,LOW,,keyword planner,110;110;70;70;90;40;110;50;70;50;50;70
Head terms (bridging loan / finance),bridge loan finance,40,bridging loan finance,8.86,,commercial,dataforseo labs,
Head terms (bridging loan / finance),bridge loan financial,40,bridging loan finance,8.86,,commercial,dataforseo labs,
Head terms (bridging loan / finance),bridging loan finance,40,,21.67,HIGH,commercial,keyword planner,40;20;20;20;20;70;90;70;40;10;10;10
Head terms (bridging loan / finance),bridge loan mortgage,30,,18.28,HIGH,commercial,keyword planner,50;40;10;20;20;50;70;20;20;20;20;30
Head terms (bridging loan / finance),bridging finance for property,30,property bridging loan,52.84,LOW,commercial,keyword planner,50;40;20;10;10;30;40;20;20;10;10;40
Head terms (bridging loan / finance),bridging finance guide,30,,0.0,LOW,informational,keyword planner,170;20;40;30;10;10;10;10;10;10;10;10
Head terms (bridging loan / finance),bridging finance mortgage,30,bridge loan mortgage,18.28,HIGH,commercial,keyword planner,50;40;10;20;20;50;70;20;20;20;20;30
Head terms (bridging loan / finance),bridging finance on property,30,property bridging loan,52.85,LOW,commercial,keyword planner,50;40;20;10;10;30;40;20;20;10;10;40
Head terms (bridging loan / finance),bridging finance property,30,property bridging loan,20.04,,commercial,dataforseo labs,
Head terms (bridging loan / finance),bridging funding,30,,0.0,LOW,,keyword planner,90;30;30;30;20;30;20;10;20;20;10;20
Head terms (bridging loan / finance),bridging loan for property,30,property bridging loan,52.85,LOW,commercial,keyword planner,50;40;20;10;10;30;40;20;20;10;10;40
Head terms (bridging loan / finance),bridging loan guide,30,development bridging loan,,,informational,dataforseo labs,
Head terms (bridging loan / finance),bridging loan mortgage,30,bridge loan mortgage,9.38,,commercial,dataforseo labs,
Head terms (bridging loan / finance),bridging loan on property,30,property bridging loan,20.04,,commercial,dataforseo labs,
Head terms (bridging loan / finance),bridging loan property,30,property bridging loan,52.84,LOW,commercial,keyword planner,50;40;20;10;10;30;40;20;20;10;10;40
Head terms (bridging loan / finance),bridging loan reddit,30,development bridging loan,,,informational,dataforseo labs,
Head terms (bridging loan / finance),bridging loans for property,30,property bridging loan,20.04,,commercial,dataforseo labs,
Head terms (bridging loan / finance),bridging loans mortgage,30,bridge loan mortgage,9.38,,commercial,dataforseo labs,
Head terms (bridging loan / finance),bridging loans on property,30,property bridging loan,20.04,,commercial,dataforseo labs,
Head terms (bridging loan / finance),bridging loans property,30,property bridging loan,20.04,,commercial,dataforseo labs,
Head terms (bridging loan / finance),home bridging loan,30,,15.25,,commercial,dataforseo labs,
Head terms (bridging loan / finance),mortgage bridging loan,30,bridge loan mortgage,18.29,HIGH,,keyword planner,50;40;10;20;20;50;70;20;20;20;20;30
Head terms (bridging loan / finance),mortgage bridging loans,30,bridge loan mortgage,18.28,HIGH,,keyword planner,50;40;10;20;20;50;70;20;20;20;20;30
Head terms (bridging loan / finance),personal bridge loan,30,personal bridging loan,8.99,,commercial,dataforseo labs,
Head terms (bridging loan / finance),personal bridging finance,30,personal bridging loan,0.0,LOW,,keyword planner,260;30;50;10;20;10;10;10;10;10;10;10
Head terms (bridging loan / finance),personal bridging loan,30,,0.0,LOW,commercial,keyword planner,260;30;50;10;20;10;10;10;10;10;10;10
Head terms (bridging loan / finance),property bridging finance,30,property bridging loan,52.84,LOW,commercial,keyword planner,50;40;20;10;10;30;40;20;20;10;10;40
Head terms (bridging loan / finance),property bridging loan,30,,52.84,LOW,commercial,keyword planner,50;40;20;10;10;30;40;20;20;10;10;40
Head terms (bridging loan / finance),bank bridging loan,20,,0.0,HIGH,commercial,keyword planner,50;30;20;10;10;30;10;20;20;10;10;10
Head terms (bridging loan / finance),bridge financing real estate,20,urgent bridging loan,0.0,LOW,,keyword planner,90;10;20;20;10;10;20;10;20;40;10;10
Head terms (bridging loan / finance),bridge loan bank,20,bank bridging loan,5.39,,navigational,dataforseo labs,
Head terms (bridging loan / finance),bridge loan banks,20,bank bridging loan,5.39,,commercial,dataforseo labs,
Head terms (bridging loan / finance),bridge loan for real estate,20,urgent bridging loan,,,commercial,dataforseo labs,
Head terms (bridging loan / finance),bridge loan in banking,20,bank bridging loan,5.39,,commercial,dataforseo labs,
Head terms (bridging loan / finance),bridge loan in real estate,20,urgent bridging loan,,,commercial,dataforseo labs,
Head terms (bridging loan / finance),bridge loan real estate,20,urgent bridging loan,,,commercial,dataforseo labs,
Head terms (bridging loan / finance),bridge loans real estate,20,urgent bridging loan,0.0,LOW,,keyword planner,90;10;20;20;10;10;20;10;20;40;10;10
Head terms (bridging loan / finance),bridging finance loan,20,,17.0,MEDIUM,commercial,keyword planner,40;20;10;10;10;20;20;20;10;10;10;10
Head terms (bridging loan / finance),bridging finance loans,20,bridging finance loan,12.74,,commercial,dataforseo labs,
Head terms (bridging loan / finance),bridging finance solution,20,urgent bridging loan,0.0,,,keyword planner,90;20;20;10;20;20;20;10;10;10;10;0
Head terms (bridging loan / finance),bridging loan bank,20,bank bridging loan,5.39,,navigational,dataforseo labs,
Head terms (bridging loan / finance),bridging loans england,20,,10.05,,commercial,dataforseo labs,
Head terms (bridging loan / finance),closed bridging loan,20,,26.72,MEDIUM,commercial,keyword planner,20;40;10;10;10;20;10;20;20;20;10;10
Head terms (bridging loan / finance),closed bridging loans,20,closed bridging loan,6.86,,informational,dataforseo labs,
Head terms (bridging loan / finance),real estate bridge loan,20,urgent bridging loan,,,commercial,dataforseo labs,
Head terms (bridging loan / finance),residential bridging,20,urgent bridging loan,0.0,LOW,,keyword planner,110;20;30;10;10;10;10;10;10;10;10;10
Head terms (bridging loan / finance),should i get a bridging loan,20,can i get a bridging loan,7.75,,informational,dataforseo labs,
Head terms (bridging loan / finance),unloan bridging loan,20,,19.66,,transactional,dataforseo labs,
Head terms (bridging loan / finance),what a bridge loan,20,,10.07,MEDIUM,,keyword planner,40;40;30;10;30;10;20;20;20;20;20;30
Head terms (bridging loan / finance),100 bridge loan,10,end debt,0.0,HIGH,transactional,keyword planner,10;10;10;10;10;10;10;0;10;10;10;10
Head terms (bridging loan / finance),100 bridging finance,10,end debt,0.0,HIGH,informational,keyword planner,10;10;10;10;10;10;10;0;10;10;10;10
Head terms (bridging loan / finance),100 bridging loan,10,end debt,0.0,HIGH,,keyword planner,10;10;10;10;10;10;10;0;10;10;10;10
Head terms (bridging loan / finance),100 ltv bridging loan,10,end debt,0.0,,transactional,keyword planner,0;0;10;0;10;0;0;0;0;0;0;0
Head terms (bridging loan / finance),100 percent bridging finance,10,end debt,0.0,HIGH,,keyword planner,10;10;10;10;0;10;10;0;0;0;0;10
Head terms (bridging loan / finance),100 percent bridging loan,10,end debt,0.0,HIGH,commercial,keyword planner,10;10;10;10;0;10;10;0;0;0;0;10
Head terms (bridging loan / finance),12 month bridge loan,10,end debt,,,commercial,dataforseo labs,
Head terms (bridging loan / finance),1st charge bridging loan,10,end debt,0.0,,,keyword planner,0;0;10;0;0;0;0;0;0;10;0;0
Head terms (bridging loan / finance),24 hour bridging loan,10,end debt,0.0,,commercial,keyword planner,10;10;10;0;0;0;10;10;0;0;10;0
Head terms (bridging loan / finance),24 month bridging loan,10,,19.82,,commercial,dataforseo labs,
Head terms (bridging loan / finance),30000 bridge loan,10,end debt,0.0,,,keyword planner,0;0;0;0;0;0;0;10;0;0;0;0
Head terms (bridging loan / finance),50000 bridging loan,10,end debt,,,transactional,dataforseo labs,
Head terms (bridging loan / finance),80 bridging loan,10,end debt,0.0,HIGH,commercial,keyword planner,10;10;0;10;10;0;0;0;10;0;0;10
Head terms (bridging loan / finance),85 bridging loan,10,end debt,0.0,HIGH,commercial,keyword planner,10;10;0;10;10;10;10;0;10;10;0;10
Head terms (bridging loan / finance),90 bridging loan,10,end debt,0.0,HIGH,commercial,keyword planner,10;0;10;0;10;10;0;10;0;10;10;10
Head terms (bridging loan / finance),90 ltv bridging loan,10,end debt,0.0,HIGH,,keyword planner,0;10;0;0;10;10;0;0;0;0;0;10
Head terms (bridging loan / finance),a bridge loan,10,end debt,0.0,MEDIUM,commercial,keyword planner,10;10;10;10;10;10;10;10;10;10;10;10
Head terms (bridging loan / finance),a bridging loan,10,end debt,0.0,MEDIUM,commercial,keyword planner,10;10;10;10;10;10;10;10;10;10;10;10
Head terms (bridging loan / finance),abc bridging finance,10,end debt,0.0,,,keyword planner,0;0;0;10;0;0;0;0;0;0;0;0
Head terms (bridging loan / finance),acquisition bridge financing,10,end debt,0.0,,,keyword planner,10;0;0;0;0;0;10;0;10;0;0;0
Head terms (bridging loan / finance),acquisition bridge loan,10,end debt,0.0,,,keyword planner,10;0;0;0;0;0;10;0;10;0;0;0
Head terms (bridging loan / finance),adelaide bank bridging loan,10,end debt,0.0,HIGH,commercial,keyword planner,10;10;10;10;10;10;10;10;10;10;10;10
Head terms (bridging loan / finance),agricultural bridging loans,10,end debt,0.0,,,keyword planner,0;0;0;0;0;0;0;0;0;10;0;0
Head terms (bridging loan / finance),amp bridging loan,10,end debt,,,commercial,dataforseo labs,
Head terms (bridging loan / finance),apply for a bridge loan,10,end debt,,,transactional,dataforseo labs,
Head terms (bridging loan / finance),apply for bridge loan,10,end debt,15.48,,transactional,dataforseo labs,
Head terms (bridging loan / finance),apply for bridging finance,10,end debt,0.0,HIGH,transactional,keyword planner,10;10;10;10;10;10;0;0;10;0;10;10
Head terms (bridging loan / finance),apply for bridging loan,10,end debt,61.17,HIGH,transactional,keyword planner,10;10;10;10;10;10;10;10;10;10;10;10
Head terms (bridging loan / finance),arch bridge loans,10,end debt,0.0,HIGH,,keyword planner,0;0;0;0;0;0;0;0;0;0;0;10
Head terms (bridging loan / finance),are bridging loans dangerous,10,end debt,,,informational,dataforseo labs,
Head terms (bridging loan / finance),are bridging loans safe,10,end debt,,,informational,dataforseo labs,
Head terms (bridging loan / finance),are bridging loans secured,10,end debt,,,informational,dataforseo labs,
Head terms (bridging loan / finance),are bridging loans still available,10,end debt,,,informational,dataforseo labs,
Head terms (bridging loan / finance),asb bridging finance,10,end debt,,,navigational,dataforseo labs,
Head terms (bridging loan / finance),ascot bridging,10,end debt,0.0,,,keyword planner,0;0;0;0;0;0;0;0;10;0;0;0
Head terms (bridging loan / finance),ascot bridging finance,10,end debt,0.0,,,keyword planner,0;0;10;0;0;0;10;0;0;0;10;0
Head terms (bridging loan / finance),bank of america bridge loan,10,end debt,,,commercial,dataforseo labs,
Head terms (bridging loan / finance),benefits of a bridge loan,10,end debt,,,informational,dataforseo labs,
Head terms (bridging loan / finance),bespoke bridging finance,10,end debt,,,navigational,dataforseo labs,
Head terms (bridging loan / finance),bnz bridging finance,10,end debt,0.0,LOW,,keyword planner,10;0;0;0;0;0;0;0;0;0;0;10
Head terms (bridging loan / finance),bridge and hard money loans,10,end debt,0.0,,,keyword planner,0;0;0;0;0;0;0;0;0;0;10;0
Head terms (bridging loan / finance),bridge capital home loans,10,end debt,0.0,,,keyword planner,0;0;0;0;0;0;0;0;0;10;0;0
Head terms (bridging loan / finance),bridge capital loan,10,end debt,,,commercial,dataforseo labs,
Head terms (bridging loan / finance),bridge capital loans,10,end debt,0.0,MEDIUM,,keyword planner,0;10;0;10;10;0;0;10;0;10;10;10
Head terms (bridging loan / finance),bridge capital thrift and loan,10,end debt,0.0,,,keyword planner,0;0;0;0;0;10;0;0;0;0;0;0
Head terms (bridging loan / finance),bridge finance m&a,10,end debt,0.0,,,keyword planner,0;0;10;0;0;0;0;0;0;0;0;0
Head terms (bridging loan / finance),bridge finance personal loans,10,end debt,0.0,,,keyword planner,0;0;10;10;0;0;0;0;0;0;0;0
Head terms (bridging loan / finance),bridge finance sa,10,end debt,0.0,,,keyword planner,0;0;10;0;0;10;0;10;10;0;0;0
Head terms (bridging loan / finance),bridge financing agreement,10,end debt,0.0,LOW,,keyword planner,10;10;0;10;10;10;0;10;10;10;10;10
Head terms (bridging loan / finance),bridge financing startup,10,end debt,0.0,,,keyword planner,10;10;0;0;0;10;0;0;0;0;0;0
Head terms (bridging loan / finance),bridge financing venture capital,10,end debt,0.0,,,keyword planner,10;0;0;0;0;0;0;0;0;0;0;0
Head terms (bridging loan / finance),bridge gap financing,10,end debt,0.0,,,keyword planner,0;0;0;0;0;0;10;0;0;10;0;0
Head terms (bridging loan / finance),bridge gap loan,10,end debt,0.0,,,keyword planner,0;10;0;0;0;10;10;0;10;0;0;0
Head terms (bridging loan / finance),bridge loan agreement,10,end debt,0.0,LOW,commercial,keyword planner,10;10;0;10;10;10;0;10;10;10;10;10
Head terms (bridging loan / finance),bridge loan agreement template,10,end debt,,,informational,dataforseo labs,
Head terms (bridging loan / finance),bridge loan bank of america,10,end debt,,,commercial,dataforseo labs,
Head terms (bridging loan / finance),bridge loan between houses,10,end debt,0.0,,commercial,keyword planner,10;10;0;10;10;10;10;10;10;0;10;0
Head terms (bridging loan / finance),bridge loan buying selling house,10,end debt,0.0,,,keyword planner,0;0;10;0;0;0;0;0;0;0;10;0
Head terms (bridging loan / finance),bridge loan california,10,end debt,,,commercial,dataforseo labs,
Head terms (bridging loan / finance),bridge loan canada,10,end debt,,,commercial,dataforseo labs,
Head terms (bridging loan / finance),bridge loan capital,10,end debt,0.0,,,keyword planner,0;10;0;0;0;0;0;0;0;0;0;0
Head terms (bridging loan / finance),bridge loan collateral,10,end debt,0.0,,commercial,keyword planner,0;0;0;0;0;0;10;0;0;0;0;0
Head terms (bridging loan / finance),bridge loan documents,10,end debt,,,informational,dataforseo labs,
Head terms (bridging loan / finance),bridge loan facility,10,end debt,,,commercial,dataforseo labs,
Head terms (bridging loan / finance),bridge loan financial inc,10,end debt,0.0,,,keyword planner,0;0;0;0;0;10;0;0;0;0;0;0
Head terms (bridging loan / finance),bridge loan financing,10,end debt,,,commercial,dataforseo labs,
Head terms (bridging loan / finance),bridge loan hard money,10,end debt,,,commercial,dataforseo labs,
Head terms (bridging loan / finance),bridge loan house,10,end debt,7.54,,navigational,dataforseo labs,
Head terms (bridging loan / finance),bridge loan in india,10,end debt,,,commercial,dataforseo labs,
Head terms (bridging loan / finance),bridge loan india,10,end debt,,,commercial,dataforseo labs,
Head terms (bridging loan / finance),bridge loan information,10,end debt,0.0,,,keyword planner,10;10;10;10;10;10;10;10;10;10;10;0
Head terms (bridging loan / finance),bridge loan kenya,10,end debt,,,commercial,dataforseo labs,
Head terms (bridging loan / finance),bridge loan login,10,,1.81,,navigational,dataforseo labs,
Head terms (bridging loan / finance),bridge loan ltv,10,end debt,0.0,,commercial,keyword planner,0;0;10;0;0;0;0;0;0;0;0;0
Head terms (bridging loan / finance),bridge loan là gì,10,end debt,,,informational,dataforseo labs,
Head terms (bridging loan / finance),bridge loan m&a,10,end debt,0.0,,commercial,keyword planner,0;10;0;10;0;0;0;0;0;0;0;0
Head terms (bridging loan / finance),bridge loan michigan,10,end debt,,,commercial,dataforseo labs,
Head terms (bridging loan / finance),bridge loan multifamily,10,end debt,,,commercial,dataforseo labs,
Head terms (bridging loan / finance),bridge loan nyc,10,end debt,,,commercial,dataforseo labs,
Head terms (bridging loan / finance),bridge loan online,10,end debt,0.0,LOW,transactional,keyword planner,10;10;10;10;10;10;20;10;10;10;10;10
Head terms (bridging loan / finance),bridge loan options,10,,65.86,HIGH,commercial,keyword planner,10;10;10;10;10;10;10;10;10;10;10;20
Head terms (bridging loan / finance),bridge loan owner occupied,10,end debt,0.0,LOW,,keyword planner,0;0;0;0;10;0;0;0;0;0;0;10
Head terms (bridging loan / finance),bridge loan programs,10,end debt,0.0,,,keyword planner,0;0;0;0;0;0;0;10;0;0;0;0
Head terms (bridging loan / finance),bridge loan quote,10,end debt,9.14,,commercial,dataforseo labs,
Head terms (bridging loan / finance),bridge loan reddit,10,end debt,,,informational,dataforseo labs,
Head terms (bridging loan / finance),bridge loan refinance,10,refinance bridge loan,66.8,MEDIUM,commercial,keyword planner,90;10;20;10;10;10;10;10;10;10;10;10
Head terms (bridging loan / finance),bridge loan scheme,10,end debt,,,commercial,dataforseo labs,
Head terms (bridging loan / finance),bridge loan services,10,end debt,0.0,,commercial,keyword planner,0;0;0;0;0;0;0;0;0;0;10;0
Head terms (bridging loan / finance),bridge loan south africa,10,end debt,,,commercial,dataforseo labs,
Head terms (bridging loan / finance),bridge loan startup,10,end debt,,,commercial,dataforseo labs,
Head terms (bridging loan / finance),bridge loan template,10,end debt,,,informational,dataforseo labs,
Head terms (bridging loan / finance),bridge loan to buy another house,10,end debt,0.0,,transactional,keyword planner,0;0;0;0;0;10;0;0;0;0;0;0
Head terms (bridging loan / finance),bridge loan venture capital,10,end debt,0.0,,commercial,keyword planner,10;0;0;0;0;0;0;0;0;0;0;0
Head terms (bridging loan / finance),bridge loan wells fargo,10,end debt,,,commercial,dataforseo labs,
Head terms (bridging loan / finance),bridge loan while selling house,10,end debt,0.0,,,keyword planner,0;10;0;0;0;0;10;0;0;10;0;0
Head terms (bridging loan / finance),bridge loan wiki,10,end debt,,,informational,dataforseo labs,
Head terms (bridging loan / finance),bridge loans for residential real estate,10,end debt,0.0,,,keyword planner,0;0;0;0;0;0;0;10;0;0;0;0
Head terms (bridging loan / finance),bridge note,10,end debt,0.0,LOW,,keyword planner,10;10;10;10;10;10;10;10;10;10;10;10
Head terms (bridging loan / finance),bridge note financing,10,end debt,0.0,LOW,,keyword planner,0;10;10;10;10;10;10;10;0;10;10;10
Head terms (bridging loan / finance),bridge payday loans,10,end debt,0.0,,,keyword planner,0;10;0;10;10;0;0;0;0;10;0;0
Head terms (bridging loan / finance),bridge the gap loan,10,end debt,0.0,,,keyword planner,0;0;0;0;10;0;0;0;0;0;0;0
Head terms (bridging loan / finance),bridge to bond financing,10,sa bridge loans,0.0,LOW,,keyword planner,10;10;0;0;0;0;0;10;0;0;10;10
Head terms (bridging loan / finance),bridge to hud financing,10,end debt,0.0,LOW,,keyword planner,0;0;0;0;0;0;0;0;0;0;0;10
Head terms (bridging loan / finance),bridge to let mortgage,10,end debt,0.0,,,keyword planner,10;0;0;0;10;10;20;10;10;0;0;0
Head terms (bridging loan / finance),bridgelendingsolutions,10,end debt,0.0,,,keyword planner,0;0;0;10;0;0;0;0;10;10;0;0
Head terms (bridging loan / finance),bridgeloans,10,end debt,0.0,,,keyword planner,0;10;10;0;0;0;10;0;10;0;10;0
Head terms (bridging loan / finance),bridgepoint loan,10,end debt,0.0,,,keyword planner,10;0;10;0;0;0;0;0;0;0;0;0
Head terms (bridging loan / finance),bridging capital finance,10,end debt,0.0,,commercial,keyword planner,10;10;0;0;10;10;0;10;0;0;0;0
Head terms (bridging loan / finance),bridging finance 100 ltv,10,end debt,,,informational,dataforseo labs,
Head terms (bridging loan / finance),bridging finance agreement,10,end debt,,,commercial,dataforseo labs,
Head terms (bridging loan / finance),bridging finance asb,10,end debt,,,navigational,dataforseo labs,
Head terms (bridging loan / finance),bridging finance au,10,,43.73,,navigational,dataforseo labs,
Head terms (bridging loan / finance),bridging finance bnz,10,end debt,0.0,LOW,navigational,keyword planner,10;0;0;0;0;0;0;0;0;0;0;10
Head terms (bridging loan / finance),bridging finance bristol,10,end debt,,,navigational,dataforseo labs,
Head terms (bridging loan / finance),bridging finance canada,10,end debt,,,commercial,dataforseo labs,
Head terms (bridging loan / finance),bridging finance conveyancing,10,end debt,,,commercial,dataforseo labs,
Head terms (bridging loan / finance),bridging finance deposit,10,bridging loan deposit,41.52,MEDIUM,commercial,keyword planner,10;10;10;10;10;10;20;10;10;10;10;10
Head terms (bridging loan / finance),bridging finance for property purchase,10,end debt,0.0,LOW,commercial,keyword planner,0;10;10;10;10;0;10;0;0;0;0;10
Head terms (bridging loan / finance),bridging finance group,10,end debt,,,navigational,dataforseo labs,
Head terms (bridging loan / finance),bridging finance home loan,10,home loan bridging finance,16.3,,commercial,dataforseo labs,
Head terms (bridging loan / finance),bridging finance home loans,10,home loan bridging finance,16.3,,commercial,dataforseo labs,
Head terms (bridging loan / finance),bridging finance in south africa,10,end debt,,,commercial,dataforseo labs,
Head terms (bridging loan / finance),bridging finance inc,10,end debt,,,navigational,dataforseo labs,
Head terms (bridging loan / finance),bridging finance jobkeeper,10,end debt,,,navigational,dataforseo labs,
Head terms (bridging loan / finance),bridging finance kiwibank,10,end debt,,,navigational,dataforseo labs,
Head terms (bridging loan / finance),bridging finance kpmg,10,end debt,,,navigational,dataforseo labs,
Head terms (bridging loan / finance),bridging finance ltv,10,end debt,,,navigational,dataforseo labs,
Head terms (bridging loan / finance),bridging finance newcastle,10,end debt,,,commercial,dataforseo labs,
Head terms (bridging loan / finance),bridging finance news,10,end debt,,,informational,dataforseo labs,
Head terms (bridging loan / finance),bridging finance news 2025,10,end debt,,,commercial,dataforseo labs,
Head terms (bridging loan / finance),bridging finance options,10,bridge loan options,65.86,HIGH,commercial,keyword planner,10;10;10;10;10;10;10;10;10;10;10;20
Head terms (bridging loan / finance),bridging finance pwc,10,end debt,,,navigational,dataforseo labs,
Head terms (bridging loan / finance),bridging finance quote,10,end debt,0.0,HIGH,informational,keyword planner,10;10;0;10;10;10;0;10;10;10;10;10
Head terms (bridging loan / finance),bridging finance reddit,10,,0.0,LOW,navigational,keyword planner,10;10;10;10;10;10;0;10;10;0;10;10
Head terms (bridging loan / finance),bridging finance residential,10,residential bridge loan,11.08,,navigational,dataforseo labs,
Head terms (bridging loan / finance),bridging finance sa,10,end debt,,,commercial,dataforseo labs,
Head terms (bridging loan / finance),bridging finance solicitors,10,end debt,,,navigational,dataforseo labs,
Head terms (bridging loan / finance),bridging finance solutions,10,end debt,,,navigational,dataforseo labs,
Head terms (bridging loan / finance),bridging finance solutions group,10,end debt,,,navigational,dataforseo labs,
Head terms (bridging loan / finance),bridging finance solutions group ltd,10,end debt,,,navigational,dataforseo labs,
Head terms (bridging loan / finance),bridging finance south africa,10,end debt,,,navigational,dataforseo labs,
Head terms (bridging loan / finance),bridging finance toronto,10,end debt,,,navigational,dataforseo labs,
Head terms (bridging loan / finance),bridging finance wiki,10,end debt,,,informational,dataforseo labs,
Head terms (bridging loan / finance),bridging finance winz,10,end debt,,,navigational,dataforseo labs,
Head terms (bridging loan / finance),bridging home loan australia,10,bridging home loans australia,8.62,,commercial,dataforseo labs,
Head terms (bridging loan / finance),bridging home loans australia,10,,19.69,HIGH,informational,keyword planner,10;10;10;10;10;10;10;10;10;10;10;10
Head terms (bridging loan / finance),bridging loan 100 ltv,10,end debt,,,commercial,dataforseo labs,
Head terms (bridging loan / finance),bridging loan 90 ltv,10,end debt,18.12,,commercial,dataforseo labs,
Head terms (bridging loan / finance),bridging loan adelaide bank,10,end debt,0.0,,commercial,keyword planner,0;0;10;0;0;0;0;0;0;0;0;0
Head terms (bridging loan / finance),bridging loan against property,10,end debt,0.0,,commercial,keyword planner,0;0;0;10;0;0;0;0;10;10;10;0
Head terms (bridging loan / finance),bridging loan age limit,10,sa bridge loans,0.0,LOW,informational,keyword planner,10;10;10;10;0;10;10;10;0;10;10;10
Head terms (bridging loan / finance),bridging loan agreement,10,end debt,,,commercial,dataforseo labs,
Head terms (bridging loan / finance),bridging loan agreement in principle,10,end debt,,,informational,dataforseo labs,
Head terms (bridging loan / finance),bridging loan and end financing,10,end debt,0.0,,informational,keyword planner,0;0;0;0;0;0;0;10;0;0;0;0
Head terms (bridging loan / finance),bridging loan asb,10,end debt,,,transactional,dataforseo labs,
Head terms (bridging loan / finance),bridging loan barclays,10,end debt,,,commercial,dataforseo labs,
Head terms (bridging loan / finance),bridging loan benefits,10,end debt,,,informational,dataforseo labs,
Head terms (bridging loan / finance),bridging loan between houses,10,end debt,,,commercial,dataforseo labs,
Head terms (bridging loan / finance),bridging loan bnz,10,end debt,0.0,LOW,commercial,keyword planner,10;0;0;0;0;0;0;0;0;0;0;10
Head terms (bridging loan / finance),bridging loan boq,10,end debt,,,commercial,dataforseo labs,
Head terms (bridging loan / finance),bridging loan deals,10,end debt,0.0,,commercial,keyword planner,0;0;10;0;0;0;0;10;0;0;0;0
Head terms (bridging loan / finance),bridging loan default,10,end debt,,,informational,dataforseo labs,
Head terms (bridging loan / finance),bridging loan deposit,10,,41.52,MEDIUM,commercial,keyword planner,10;10;10;10;10;10;20;10;10;10;10;10
Head terms (bridging loan / finance),bridging loan documentation,10,end debt,,,informational,dataforseo labs,
Head terms (bridging loan / finance),bridging loan england,10,end debt,0.0,,commercial,keyword planner,0;0;0;0;0;0;10;0;0;0;0;0
Head terms (bridging loan / finance),bridging loan estimate,10,end debt,0.0,,informational,keyword planner,0;10;0;10;10;10;10;10;10;10;0;0
Head terms (bridging loan / finance),bridging loan experts,10,end debt,,,informational,dataforseo labs,
Head terms (bridging loan / finance),bridging loan facility,10,end debt,,,commercial,dataforseo labs,
Head terms (bridging loan / finance),bridging loan for 6 months,10,end debt,0.0,,transactional,keyword planner,0;0;10;0;10;0;10;0;10;10;0;0
Head terms (bridging loan / finance),bridging loan for deposit,10,bridging loan deposit,9.61,,transactional,dataforseo labs,
Head terms (bridging loan / finance),bridging loan for ec,10,end debt,0.0,,commercial,keyword planner,0;10;0;0;0;0;10;0;0;0;0;0
Head terms (bridging loan / finance),bridging loan for overseas property,10,end debt,0.0,LOW,,keyword planner,0;0;0;10;0;0;0;10;10;10;0;10
Head terms (bridging loan / finance),bridging loan for property purchase,10,bridging loan to buy property,27.56,MEDIUM,,keyword planner,10;10;10;10;0;10;10;10;10;10;0;10
Head terms (bridging loan / finance),bridging loan from family,10,end debt,0.0,,,keyword planner,0;10;10;10;0;0;10;0;0;0;0;0
Head terms (bridging loan / finance),bridging loan from parents,10,end debt,0.0,,,keyword planner,0;10;0;0;10;0;0;10;0;0;0;0
Head terms (bridging loan / finance),bridging loan government,10,end debt,,,informational,dataforseo labs,
Head terms (bridging loan / finance),bridging loan hong kong,10,end debt,,,commercial,dataforseo labs,
Head terms (bridging loan / finance),bridging loan horror stories,10,end debt,,,informational,dataforseo labs,
Head terms (bridging loan / finance),bridging loan house,10,end debt,7.54,,navigational,dataforseo labs,
Head terms (bridging loan / finance),bridging loan house sale,10,end debt,,,transactional,dataforseo labs,
Head terms (bridging loan / finance),bridging loan how much can i borrow,10,,9.21,MEDIUM,informational,keyword planner,10;10;20;10;10;10;10;10;10;10;10;10
Head terms (bridging loan / finance),bridging loan information,10,end debt,0.0,,informational,keyword planner,10;10;10;10;10;10;10;10;10;10;10;0
Head terms (bridging loan / finance),bridging loan ltv,10,end debt,,,commercial,dataforseo labs,
Head terms (bridging loan / finance),bridging loan lvr,10,,0.0,MEDIUM,commercial,keyword planner,10;10;20;10;10;10;10;10;10;10;10;10
Head terms (bridging loan / finance),bridging loan mortgage insurance,10,end debt,,,commercial,dataforseo labs,
Head terms (bridging loan / finance),bridging loan news,10,end debt,,,informational,dataforseo labs,
Head terms (bridging loan / finance),bridging loan online,10,end debt,,,commercial,dataforseo labs,
Head terms (bridging loan / finance),bridging loan options,10,bridge loan options,65.86,HIGH,commercial,keyword planner,10;10;10;10;10;10;10;10;10;10;10;20
Head terms (bridging loan / finance),bridging loan probate,10,end debt,,,commercial,dataforseo labs,
Head terms (bridging loan / finance),bridging loan products,10,end debt,0.0,,commercial,keyword planner,10;0;10;0;0;10;0;0;10;0;0;0
Head terms (bridging loan / finance),bridging loan quote,10,end debt,0.0,HIGH,commercial,keyword planner,10;10;0;10;10;10;0;10;10;10;10;10
Head terms (bridging loan / finance),bridging loan quotes,10,end debt,9.14,,commercial,dataforseo labs,
Head terms (bridging loan / finance),bridging loan rbs,10,end debt,,,informational,dataforseo labs,
Head terms (bridging loan / finance),bridging loan repossession,10,end debt,,,informational,dataforseo labs,
Head terms (bridging loan / finance),bridging loan residential,10,residential bridge loan,11.08,,commercial,dataforseo labs,
Head terms (bridging loan / finance),bridging loan samuel leeds,10,end debt,,,navigational,dataforseo labs,
Head terms (bridging loan / finance),bridging loan secured against property,10,end debt,,,transactional,dataforseo labs,
Head terms (bridging loan / finance),bridging loan solicitors,10,end debt,,,commercial,dataforseo labs,
Head terms (bridging loan / finance),bridging loan south africa,10,end debt,,,commercial,dataforseo labs,
Head terms (bridging loan / finance),bridging loan spain,10,end debt,,,commercial,dataforseo labs,
Head terms (bridging loan / finance),bridging loan tax implications,10,end debt,,,informational,dataforseo labs,
Head terms (bridging loan / finance),bridging loan teachers mutual bank,10,end debt,,,navigational,dataforseo labs,
Head terms (bridging loan / finance),bridging loan template,10,end debt,,,informational,dataforseo labs,
Head terms (bridging loan / finance),bridging loan timescale,10,end debt,,,informational,dataforseo labs,
Head terms (bridging loan / finance),bridging loan to mortgage,10,end debt,,,commercial,dataforseo labs,
Head terms (bridging loan / finance),bridging loan types,10,types of bridge loans,1.28,,informational,dataforseo labs,
Head terms (bridging loan / finance),bridging loan wiki,10,end debt,,,informational,dataforseo labs,
Head terms (bridging loan / finance),bridging loan with mortgage,10,end debt,,,commercial,dataforseo labs,
Head terms (bridging loan / finance),bridging loan without security,10,end debt,0.0,,commercial,keyword planner,0;0;0;0;0;0;0;0;0;0;10;0
Head terms (bridging loan / finance),bridging loans barclays,10,end debt,,,commercial,dataforseo labs,
Head terms (bridging loan / finance),bridging loans canada,10,end debt,,,commercial,dataforseo labs,
Head terms (bridging loan / finance),bridging loans for property purchase,10,bridging loan to buy property,2.58,,commercial,dataforseo labs,
Head terms (bridging loan / finance),bridging loans for residential property,10,end debt,0.0,,commercial,keyword planner,0;10;0;0;0;10;0;0;0;0;0;0
Head terms (bridging loan / finance),bridging loans gold coast,10,end debt,0.0,,,keyword planner,10;0;10;10;10;10;10;10;10;0;10;0
Head terms (bridging loan / finance),bridging loans in france,10,end debt,,,commercial,dataforseo labs,
Head terms (bridging loan / finance),bridging loans in south africa,10,end debt,,,commercial,dataforseo labs,
Head terms (bridging loan / finance),bridging loans limited,10,end debt,0.0,,navigational,keyword planner,10;0;0;0;0;0;0;0;0;0;0;0
Head terms (bridging loan / finance),bridging loans ltd,10,end debt,,,navigational,dataforseo labs,
Head terms (bridging loan / finance),bridging loans news,10,end debt,,,informational,dataforseo labs,
Head terms (bridging loan / finance),bridging loans online,10,end debt,0.0,LOW,,keyword planner,10;10;10;10;10;10;20;10;10;10;10;10
Head terms (bridging loan / finance),bridging loans quote,10,end debt,9.14,,commercial,dataforseo labs,
Head terms (bridging loan / finance),bridging loans rbs,10,end debt,,,informational,dataforseo labs,
Head terms (bridging loan / finance),bridging loans refurbishment,10,end debt,0.0,,commercial,keyword planner,0;10;0;0;0;0;0;0;0;0;0;0
Head terms (bridging loan / finance),bridging loans residential property,10,end debt,0.0,,commercial,keyword planner,0;0;10;10;0;10;0;0;0;0;0;0
Head terms (bridging loan / finance),bridging loans south africa,10,end debt,,,commercial,dataforseo labs,
Head terms (bridging loan / finance),bridging loans spain,10,end debt,,,commercial,dataforseo labs,
Head terms (bridging loan / finance),bridging your mortgage,10,end debt,0.0,,,keyword planner,0;10;0;0;0;0;0;0;0;0;0;0
Head terms (bridging loan / finance),bridgingloans,10,end debt,0.0,,,keyword planner,10;0;0;10;10;10;10;10;10;10;0;0
Head terms (bridging loan / finance),can anyone get a bridging loan,10,end debt,0.0,MEDIUM,informational,keyword planner,10;10;10;10;10;10;10;10;10;10;0;10
Head terms (bridging loan / finance),can you extend a bridging loan,10,end debt,,,informational,dataforseo labs,
Head terms (bridging loan / finance),can you have a bridging loan and a mortgage,10,end debt,,,informational,dataforseo labs,
Head terms (bridging loan / finance),can you still get a bridging loan,10,can you still get bridging loans,6.98,HIGH,informational,keyword planner,10;10;10;10;10;10;10;10;10;10;10;10
Head terms (bridging loan / finance),can you still get bridging loans,10,,6.98,HIGH,informational,keyword planner,10;10;10;10;10;10;10;10;10;10;10;10
Head terms (bridging loan / finance),can you use a bridging loan for deposit,10,end debt,0.0,LOW,informational,keyword planner,10;10;10;10;10;10;10;10;0;10;10;10
Head terms (bridging loan / finance),catalyst bridging finance,10,end debt,0.0,,,keyword planner,0;0;0;0;0;0;0;0;0;0;10;0
Head terms (bridging loan / finance),central bridging loans,10,end debt,,,commercial,dataforseo labs,
Head terms (bridging loan / finance),chase bridge loan,10,end debt,,,commercial,dataforseo labs,
Head terms (bridging loan / finance),closed bridge loan,10,sa bridge loans,0.0,LOW,informational,keyword planner,0;10;10;0;10;0;10;0;10;0;10;10
Head terms (bridging loan / finance),closed bridging finance,10,end debt,,,informational,dataforseo labs,
Head terms (bridging loan / finance),compass bridge loan services,10,end debt,0.0,,,keyword planner,0;0;0;0;0;0;0;0;0;10;0;0
Head terms (bridging loan / finance),complex bridging loan,10,end debt,0.0,LOW,,keyword planner,10;10;0;0;0;10;10;10;0;10;0;10
Head terms (bridging loan / finance),cre bridge loans,10,end debt,0.0,HIGH,,keyword planner,0;0;0;0;0;0;10;10;0;0;0;10
Head terms (bridging loan / finance),cua bridging loan,10,end debt,0.0,HIGH,commercial,keyword planner,10;0;0;0;0;10;10;10;10;10;10;10
Head terms (bridging loan / finance),deferred bridging loan,10,end debt,0.0,,,keyword planner,0;0;0;10;0;0;0;0;0;0;0;0
Head terms (bridging loan / finance),do banks still do bridging loans,10,end debt,,,informational,dataforseo labs,
Head terms (bridging loan / finance),do i need to sell before i buy,10,end debt,0.0,,,keyword planner,0;0;0;0;0;0;10;0;0;0;0;0
Head terms (bridging loan / finance),do you need a deposit for a bridging loan,10,end debt,5.97,,informational,dataforseo labs,
Head terms (bridging loan / finance),do you need a deposit for bridging loan,10,end debt,,,informational,dataforseo labs,
Head terms (bridging loan / finance),easy bridging loans,10,,21.56,,commercial,dataforseo labs,
Head terms (bridging loan / finance),ec bridging loan,10,end debt,0.0,,,keyword planner,0;0;0;0;0;0;10;0;0;0;0;0
Head terms (bridging loan / finance),emergency bridging loan,10,end debt,0.0,HIGH,commercial,keyword planner,10;10;10;0;0;10;10;0;0;10;10;10
Head terms (bridging loan / finance),farm bridging loan,10,end debt,0.0,,,keyword planner,0;0;0;10;0;0;0;0;10;0;10;0
Head terms (bridging loan / finance),finance bridging loan,10,end debt,,,commercial,dataforseo labs,
Head terms (bridging loan / finance),finance bridging loans,10,end debt,,,commercial,dataforseo labs,
Head terms (bridging loan / finance),first mortgage bridge loans,10,end debt,0.0,,,keyword planner,0;0;0;0;10;0;0;0;0;0;0;0
Head terms (bridging loan / finance),genrand bridging finance,10,end debt,0.0,,,keyword planner,0;0;0;0;0;0;0;0;0;0;10;0
Head terms (bridging loan / finance),get a bridging loan,10,,66.39,HIGH,,keyword planner,10;10;10;10;10;10;10;10;10;10;10;10
Head terms (bridging loan / finance),glenhawk bridging,10,end debt,0.0,,,keyword planner,0;0;0;0;0;10;0;0;0;10;10;0
Head terms (bridging loan / finance),government bridging loan,10,end debt,,,informational,dataforseo labs,
Head terms (bridging loan / finance),granite bridging finance,10,end debt,0.0,,,keyword planner,0;10;0;10;0;0;10;0;0;0;0;0
Head terms (bridging loan / finance),hard money bridge loan,10,end debt,,,transactional,dataforseo labs,
Head terms (bridging loan / finance),hard money bridge loans,10,end debt,0.0,,,keyword planner,0;0;0;0;0;0;0;0;0;0;10;0
Head terms (bridging loan / finance),hmo bridging finance,10,end debt,0.0,LOW,,keyword planner,10;0;0;10;0;0;10;10;0;0;0;10
Head terms (bridging loan / finance),home bridge finance,10,end debt,0.0,MEDIUM,,keyword planner,0;0;0;10;0;0;0;0;0;0;0;10
Head terms (bridging loan / finance),home bridge lending,10,end debt,0.0,MEDIUM,,keyword planner,0;0;0;10;0;0;0;0;0;0;0;10
Head terms (bridging loan / finance),home bridging loans,10,home loan bridging loan,23.49,,commercial,dataforseo labs,
Head terms (bridging loan / finance),home buying bridge loan,10,end debt,0.0,,transactional,keyword planner,0;10;0;10;0;0;10;0;0;0;10;0
Head terms (bridging loan / finance),home loan bridging finance,10,,28.35,HIGH,commercial,keyword planner,20;20;10;10;10;10;10;10;10;10;10;10
Head terms (bridging loan / finance),home loan bridging loan,10,,52.26,HIGH,commercial,keyword planner,10;10;10;10;10;10;10;0;10;10;10;10
Head terms (bridging loan / finance),home mortgage bridge loan,10,end debt,0.0,,commercial,keyword planner,0;10;0;0;10;0;0;0;0;0;0;0
Head terms (bridging loan / finance),house bridging loan,10,end debt,24.71,HIGH,,keyword planner,10;20;10;10;10;10;10;10;10;10;10;10
Head terms (bridging loan / finance),housing bridging loan,10,,15.82,,commercial,dataforseo labs,
Head terms (bridging loan / finance),how easy is it to get a bridging loan,10,,19.98,,informational,dataforseo labs,
Head terms (bridging loan / finance),how much can i borrow bridging loan,10,end debt,1.44,,informational,dataforseo labs,
Head terms (bridging loan / finance),how much can i borrow on a bridging loan,10,is it hard to get a bridging loan,4.44,,informational,dataforseo labs,
Head terms (bridging loan / finance),how much can i borrow with a bridging loan,10,,9.31,,informational,dataforseo labs,
Head terms (bridging loan / finance),how much can you borrow on a bridge loan,10,,11.75,,informational,dataforseo labs,
Head terms (bridging loan / finance),how much deposit do i need for a bridging loan,10,,3.55,,informational,dataforseo labs,
Head terms (bridging loan / finance),how much deposit do you need for a bridging loan,10,,0.61,,informational,dataforseo labs,
Head terms (bridging loan / finance),how much deposit for a bridging loan,10,end debt,,,informational,dataforseo labs,
Head terms (bridging loan / finance),how much deposit for bridging loan,10,end debt,,,informational,dataforseo labs,
Head terms (bridging loan / finance),how to apply for a bridge loan,10,end debt,16.35,,informational,dataforseo labs,
Head terms (bridging loan / finance),how to apply for a bridging loan,10,end debt,16.35,,informational,dataforseo labs,
Head terms (bridging loan / finance),how to apply for bridging loan,10,end debt,,,informational,dataforseo labs,
Head terms (bridging loan / finance),how to use a bridging loan,10,end debt,,,informational,dataforseo labs,
Head terms (bridging loan / finance),hung bridge loan,10,end debt,0.0,,commercial,keyword planner,10;0;0;0;0;0;0;0;0;0;0;0
Head terms (bridging loan / finance),international bridge loans,10,end debt,0.0,LOW,,keyword planner,0;0;0;10;0;0;10;0;10;0;0;10
Head terms (bridging loan / finance),international bridging finance,10,end debt,0.0,HIGH,,keyword planner,0;0;0;0;10;0;0;0;10;0;0;10
Head terms (bridging loan / finance),international bridging loans,10,end debt,0.0,LOW,,keyword planner,0;0;0;10;0;0;10;0;10;0;0;10
Head terms (bridging loan / finance),is a bridging loan a mortgage,10,end debt,,,informational,dataforseo labs,
Head terms (bridging loan / finance),islamic bridging finance,10,end debt,0.0,,,keyword planner,0;0;0;0;0;0;0;0;0;0;10;0
Head terms (bridging loan / finance),jumbo bridging finance,10,end debt,,,navigational,dataforseo labs,
Head terms (bridging loan / finance),jumbo bridging loans,10,end debt,,,commercial,dataforseo labs,
Head terms (bridging loan / finance),just bridge loan,10,end debt,,,commercial,dataforseo labs,
Head terms (bridging loan / finance),just bridging loans,10,end debt,,,informational,dataforseo labs,
Head terms (bridging loan / finance),justbridge loans,10,sa bridge loans,0.0,LOW,,keyword planner,0;10;0;10;0;0;0;0;10;0;10;10
Head terms (bridging loan / finance),kiavi bridge loan,10,end debt,0.0,,,keyword planner,0;0;0;0;0;0;0;0;10;0;0;0
Head terms (bridging loan / finance),kis bridging loans,10,end debt,,,navigational,dataforseo labs,
Head terms (bridging loan / finance),knock bridge loan,10,end debt,0.0,,commercial,keyword planner,10;10;0;0;0;0;0;10;0;0;0;0
Head terms (bridging loan / finance),kuflink bridging limited,10,end debt,0.0,LOW,,keyword planner,0;0;0;0;0;0;0;0;0;0;0;10
Head terms (bridging loan / finance),large bridging finance,10,end debt,0.0,,,keyword planner,10;0;0;10;0;0;10;0;10;0;10;0
Head terms (bridging loan / finance),large bridging loan,10,end debt,,,commercial,dataforseo labs,
Head terms (bridging loan / finance),large bridging loans,10,end debt,0.0,,,keyword planner,10;0;0;10;0;0;10;0;10;0;10;0
Head terms (bridging loan / finance),lend bridging finance,10,end debt,0.0,,,keyword planner,110;20;10;0;10;0;0;0;0;0;0;0
Head terms (bridging loan / finance),lendingbridge,10,end debt,0.0,,,keyword planner,0;0;0;0;0;0;0;0;0;10;0;0
Head terms (bridging loan / finance),loan bridge financial,10,end debt,0.0,,commercial,keyword planner,30;10;10;10;10;10;10;10;10;10;10;0
Head terms (bridging loan / finance),loan bridge financial llc,10,end debt,0.0,,,keyword planner,0;0;0;0;0;0;10;0;0;0;0;0
Head terms (bridging loan / finance),loan bridge financial services,10,end debt,,,commercial,dataforseo labs,
Head terms (bridging loan / finance),loan bridge reverse mortgage,10,end debt,0.0,,,keyword planner,0;0;0;0;0;0;10;0;0;10;0;0
Head terms (bridging loan / finance),loans like bridge lending solutions,10,end debt,0.0,,,keyword planner,0;10;0;0;0;0;0;0;0;0;0;0
Head terms (bridging loan / finance),ltv bridging loan,10,end debt,,,commercial,dataforseo labs,
Head terms (bridging loan / finance),m&a bridge loan,10,end debt,,,commercial,dataforseo labs,
Head terms (bridging loan / finance),mfs bridging loans,10,end debt,0.0,,,keyword planner,0;0;10;0;0;10;10;10;0;0;0;0
Head terms (bridging loan / finance),mint bridging loans,10,end debt,0.0,,,keyword planner,0;0;0;0;0;0;0;10;0;0;10;0
Head terms (bridging loan / finance),multifamily bridge loan,10,end debt,0.0,LOW,,keyword planner,0;0;0;0;0;0;0;0;0;0;0;10
Head terms (bridging loan / finance),need a bridge loan,10,end debt,0.0,,,keyword planner,0;10;10;10;10;0;0;10;0;10;0;0
Head terms (bridging loan / finance),no doc bridging loans,10,end debt,0.0,HIGH,commercial,keyword planner,70;10;10;20;10;10;10;10;10;10;10;10
Head terms (bridging loan / finance),no doc bridging property loans,10,end debt,0.0,,,keyword planner,0;10;10;10;10;10;0;0;0;0;0;0
Head terms (bridging loan / finance),non recourse bridge loan,10,end debt,0.0,HIGH,informational,keyword planner,0;0;0;0;0;0;0;0;0;0;0;10
Head terms (bridging loan / finance),non status bridging finance,10,end debt,0.0,,,keyword planner,0;10;0;0;10;0;0;0;0;0;0;0
Head terms (bridging loan / finance),non status bridging loan,10,end debt,0.0,,,keyword planner,0;10;0;0;10;0;0;0;0;0;0;0
Head terms (bridging loan / finance),novellus bridging,10,end debt,0.0,,,keyword planner,0;0;0;0;10;0;0;0;0;0;10;0
Head terms (bridging loan / finance),octane bridging finance,10,end debt,0.0,,,keyword planner,0;0;0;0;0;0;0;0;10;0;0;0
Head terms (bridging loan / finance),octopus bridging loans,10,end debt,0.0,,informational,keyword planner,0;10;0;0;0;0;0;0;0;10;0;0
Head terms (bridging loan / finance),old mutual bridging loans,10,end debt,,,informational,dataforseo labs,
Head terms (bridging loan / finance),open bridge loan,10,open bridging loan,21.45,,commercial,dataforseo labs,
Head terms (bridging loan / finance),open bridging finance,10,open bridging loan,65.89,HIGH,commercial,keyword planner,10;20;10;10;10;10;10;10;10;10;10;10
Head terms (bridging loan / finance),open bridging loan,10,,65.89,HIGH,commercial,keyword planner,10;20;10;10;10;10;10;10;10;10;10;10
Head terms (bridging loan / finance),open ended bridging finance,10,end debt,0.0,,,keyword planner,0;0;0;0;0;0;10;0;10;0;0;0
Head terms (bridging loan / finance),open ended bridging loan,10,end debt,0.0,LOW,,keyword planner,0;0;10;0;0;0;0;10;0;0;10;10
Head terms (bridging loan / finance),owner occupied bridge loan,10,end debt,0.0,,transactional,keyword planner,10;0;10;10;0;0;0;0;0;0;0;0
Head terms (bridging loan / finance),p2p bridging loans,10,end debt,,,commercial,dataforseo labs,
Head terms (bridging loan / finance),peer to peer bridging loans,10,end debt,0.0,,commercial,keyword planner,0;0;0;0;0;0;0;0;0;10;0;0
Head terms (bridging loan / finance),peer-to-peer bridging loans,10,end debt,,,commercial,dataforseo labs,
Head terms (bridging loan / finance),pnc bridge loan,10,end debt,0.0,,,keyword planner,0;0;0;0;0;0;0;0;10;0;0;0
Head terms (bridging loan / finance),probate bridging loan,10,end debt,0.0,,,keyword planner,10;10;0;0;0;10;0;0;0;10;10;0
Head terms (bridging loan / finance),pwc bridging finance,10,end debt,,,navigational,dataforseo labs,
Head terms (bridging loan / finance),raf bridging finance,10,end debt,0.0,,,keyword planner,0;10;0;0;0;0;0;10;0;0;0;0
Head terms (bridging loan / finance),raf bridging loans,10,end debt,0.0,,,keyword planner,0;10;0;0;0;0;0;10;0;0;0;0
Head terms (bridging loan / finance),rams bridging loan,10,end debt,0.0,,informational,keyword planner,10;10;10;10;10;10;10;0;10;10;10;0
Head terms (bridging loan / finance),rbs bridging loan,10,end debt,,,commercial,dataforseo labs,
Head terms (bridging loan / finance),refinance bridge loan,10,,66.8,MEDIUM,,keyword planner,90;10;20;10;10;10;10;10;10;10;10;10
Head terms (bridging loan / finance),refinance bridging loan,10,refinance bridge loan,66.8,MEDIUM,transactional,keyword planner,90;10;20;10;10;10;10;10;10;10;10;10
Head terms (bridging loan / finance),refurbishment bridge loan,10,end debt,,,commercial,dataforseo labs,
Head terms (bridging loan / finance),refurbishment bridging loan,10,end debt,0.0,,commercial,keyword planner,0;10;0;0;0;0;0;0;0;0;0;0
Head terms (bridging loan / finance),refurbishment bridging loans,10,end debt,,,commercial,dataforseo labs,
Head terms (bridging loan / finance),residential bridge loan,10,,55.99,MEDIUM,commercial,keyword planner,10;10;10;10;10;10;10;10;10;10;10;10
Head terms (bridging loan / finance),residential bridging finance,10,residential bridge loan,55.99,MEDIUM,informational,keyword planner,10;10;10;10;10;10;10;10;10;10;10;10
Head terms (bridging loan / finance),residential bridging loan,10,residential bridge loan,56.05,MEDIUM,commercial,keyword planner,10;10;10;10;10;10;10;10;10;10;10;10
Head terms (bridging loan / finance),residential non status bridging loan,10,end debt,0.0,,,keyword planner,10;10;0;0;0;0;10;10;0;0;0;0
Head terms (bridging loan / finance),residential property bridging loans,10,end debt,,,commercial,dataforseo labs,
Head terms (bridging loan / finance),rural bridging loan,10,end debt,0.0,HIGH,,keyword planner,10;10;10;10;0;10;0;0;0;0;10;10
Head terms (bridging loan / finance),sa bridge loans,10,,0.0,LOW,,keyword planner,0;0;0;0;0;0;0;0;0;0;0;10
Head terms (bridging loan / finance),samuel leeds bridging loan,10,end debt,0.0,,,keyword planner,10;0;0;0;0;0;0;10;0;0;0;0
Head terms (bridging loan / finance),sba express bridge loan,10,end debt,,,commercial,dataforseo labs,
Head terms (bridging loan / finance),second charge bridging finance,10,end debt,0.0,,,keyword planner,0;10;10;0;10;0;0;10;0;0;0;0
Head terms (bridging loan / finance),second charge bridging loan,10,end debt,0.0,,,keyword planner,0;10;10;0;10;0;0;10;0;0;0;0
Head terms (bridging loan / finance),secured bridge loan,10,end debt,0.0,LOW,commercial,keyword planner,10;10;10;0;0;10;10;10;10;10;0;10
Head terms (bridging loan / finance),secured bridging finance,10,end debt,0.0,,,keyword planner,0;10;0;0;0;0;0;0;0;0;0;0
Head terms (bridging loan / finance),secured bridging loan,10,end debt,0.0,,,keyword planner,10;10;10;0;10;0;10;10;10;10;10;0
Head terms (bridging loan / finance),self employed bridging loan,10,end debt,0.0,HIGH,commercial,keyword planner,0;0;0;0;0;0;0;0;0;0;10;10
Head terms (bridging loan / finance),sell before you buy,10,buy before you sell,13.36,LOW,,keyword planner,20;10;20;10;10;10;10;10;20;10;10;20
Head terms (bridging loan / finance),should you sell before you buy,10,end debt,0.0,,,keyword planner,10;10;10;10;10;10;10;10;10;10;0;0
Head terms (bridging loan / finance),small bridging loan,10,small bridging loans,35.38,,commercial,dataforseo labs,
Head terms (bridging loan / finance),small bridging loans,10,,66.86,HIGH,commercial,keyword planner,10;0;10;10;10;10;10;10;10;10;10;10
Head terms (bridging loan / finance),smart bridging loans,10,end debt,,,commercial,dataforseo labs,
Head terms (bridging loan / finance),sme bridging loan,10,end debt,0.0,,commercial,keyword planner,50;10;10;10;0;0;10;10;0;0;10;0
Head terms (bridging loan / finance),somo bridging loans,10,end debt,0.0,,,keyword planner,0;0;10;0;0;0;0;0;0;0;0;0
Head terms (bridging loan / finance),speed bridging finance,10,end debt,0.0,,,keyword planner,20;10;0;0;10;0;10;10;0;0;0;0
Head terms (bridging loan / finance),speed bridging loan,10,end debt,0.0,,,keyword planner,40;20;0;0;10;10;10;10;10;10;0;0
Head terms (bridging loan / finance),startup bridge loan,10,end debt,0.0,,,keyword planner,10;10;0;0;0;10;0;0;0;0;0;0
Head terms (bridging loan / finance),tangerine bridge loan,10,end debt,0.0,,,keyword planner,0;0;0;0;0;0;0;0;0;10;0;0
Head terms (bridging loan / finance),temporary bridging loan,10,sa bridge loans,0.0,LOW,commercial,keyword planner,0;0;10;0;10;0;10;0;10;0;10;10
Head terms (bridging loan / finance),the bridge finance,10,end debt,0.0,,,keyword planner,0;0;0;0;0;10;10;10;10;10;10;0
Head terms (bridging loan / finance),the bridge loan,10,end debt,0.0,,,keyword planner,10;0;0;0;10;10;10;10;10;0;0;0
Head terms (bridging loan / finance),the bridge loans,10,end debt,0.0,,,keyword planner,10;0;0;0;10;10;10;10;10;0;0;0
Head terms (bridging loan / finance),together bridging finance,10,end debt,,,commercial,dataforseo labs,
Head terms (bridging loan / finance),together bridging loan,10,end debt,,,commercial,dataforseo labs,
Head terms (bridging loan / finance),top bridging loans,10,end debt,0.0,,,keyword planner,10;0;0;0;0;0;0;0;0;0;0;0
Head terms (bridging loan / finance),tsb bridging loan,10,end debt,,,commercial,dataforseo labs,
Head terms (bridging loan / finance),tsb bridging loans,10,end debt,,,informational,dataforseo labs,
Head terms (bridging loan / finance),types of bridge financing,10,end debt,0.0,,,keyword planner,0;10;0;0;0;0;0;0;10;0;0;0
Head terms (bridging loan / finance),types of bridge loans,10,,11.59,HIGH,,keyword planner,10;10;10;10;10;10;10;10;10;10;10;10
Head terms (bridging loan / finance),types of bridging finance,10,end debt,,,informational,dataforseo labs,
Head terms (bridging loan / finance),understanding bridge loans,10,end debt,0.0,MEDIUM,,keyword planner,0;10;0;0;0;0;0;0;0;0;0;10
Head terms (bridging loan / finance),unsecured bridging loan,10,end debt,0.0,MEDIUM,,keyword planner,10;10;10;10;10;10;0;10;10;10;10;10
Head terms (bridging loan / finance),uob bridging loan,10,end debt,,,commercial,dataforseo labs,
Head terms (bridging loan / finance),us bank bridge loan,10,end debt,0.0,,commercial,keyword planner,0;0;0;0;0;10;0;0;0;0;0;0
Head terms (bridging loan / finance),wells fargo bridge loan,10,end debt,,,commercial,dataforseo labs,
Head terms (bridging loan / finance),west one bridging,10,end debt,0.0,,,keyword planner,0;10;0;0;10;0;10;0;0;0;0;0
Head terms (bridging loan / finance),west one bridging finance,10,end debt,0.0,,,keyword planner,0;0;10;0;0;0;0;0;0;0;0;0
Head terms (bridging loan / finance),west one bridging loans,10,end debt,0.0,,commercial,keyword planner,0;0;10;0;0;0;0;0;0;0;0;0
Head terms (bridging loan / finance),what bridging finance,10,end debt,0.0,MEDIUM,,keyword planner,10;10;10;0;0;10;10;0;0;10;10;10
Head terms (bridging loan / finance),what exactly is a bridge loan,10,end debt,0.0,,informational,keyword planner,0;0;0;0;0;0;0;10;0;0;0;0
Head terms (bridging loan / finance),what happens when bridging loan expires,10,,10.04,,informational,dataforseo labs,
Head terms (bridging loan / finance),what's bridging finance,10,end debt,0.0,MEDIUM,informational,keyword planner,10;10;10;0;0;10;10;0;0;10;10;10
Head terms (bridging loan / finance),when to use a bridging loan,10,end debt,,,informational,dataforseo labs,
Head terms (bridging loan / finance),where to get a bridge loan,10,end debt,,,informational,dataforseo labs,
Head terms (bridging loan / finance),where to get a bridging loan,10,end debt,,,informational,dataforseo labs,
Head terms (bridging loan / finance),who can get a bridging loan,10,end debt,,,informational,dataforseo labs,
Head terms (bridging loan / finance),working capital bridge loan,10,end debt,0.0,,commercial,keyword planner,0;10;0;0;0;0;0;0;0;0;0;0
Head terms (bridging loan / finance),2nd charge bridging,0,,0.0,,,keyword planner,0;0;0;0;0;0;0;0;0;0;0;0
Head terms (bridging loan / finance),2nd charge bridging finance,0,,0.0,,,keyword planner,0;0;0;0;0;0;0;0;0;0;0;0
Head terms (bridging loan / finance),2nd charge bridging loan,0,,0.0,,,keyword planner,0;0;0;0;0;0;0;0;0;0;0;0
Head terms (bridging loan / finance),2nd charge bridging loans,0,,0.0,,,keyword planner,0;0;0;0;0;0;0;0;0;0;0;0
Head terms (bridging loan / finance),3 1 1 bridge loan,0,,0.0,,,keyword planner,
Head terms (bridging loan / finance),3rd charge bridging loans,0,,0.0,,,keyword planner,0;0;0;0;0;0;0;0;0;0;0;0
Head terms (bridging loan / finance),401k bridge loan,0,,0.0,,,keyword planner,0;0;0;0;0;0;0;0;0;0;0;0
Head terms (bridging loan / finance),504 bridge loan,0,,0.0,,,keyword planner,
Head terms (bridging loan / finance),75 bridging loan,0,,0.0,,transactional,keyword planner,0;0;0;0;0;0;0;0;0;0;0;0
Head terms (bridging loan / finance),75 bridging loans,0,,0.0,,,keyword planner,0;0;0;0;0;0;0;0;0;0;0;0
Head terms (bridging loan / finance),a bridge loan is,0,,0.0,,,keyword planner,0;0;0;0;0;0;0;0;0;0;0;0
Head terms (bridging loan / finance),a bridge loan is a loan granted for,0,,0.0,,,keyword planner,
Head terms (bridging loan / finance),adrian montgomery bridging finance,0,,0.0,,,keyword planner,
Head terms (bridging loan / finance),altbridge loans,0,,0.0,,,keyword planner,
Head terms (bridging loan / finance),angel oak prime bridge llc,0,,0.0,,,keyword planner,
Head terms (bridging loan / finance),apa itu bridging loan,0,,,,informational,dataforseo labs,
Head terms (bridging loan / finance),apartment bridge loan,0,,0.0,,,keyword planner,0;0;0;0;0;0;0;0;0;0;0;0
Head terms (bridging loan / finance),apply for bridge loan online,0,,0.0,,,keyword planner,0;0;0;0;0;0;0;0;0;0;0;0
Head terms (bridging loan / finance),are bridge loan hmda reportable,0,,,,informational,dataforseo labs,
Head terms (bridging loan / finance),are bridging loans,0,,,,commercial,dataforseo labs,
Head terms (bridging loan / finance),are bridging loans only for property,0,,,,commercial,dataforseo labs,
Head terms (bridging loan / finance),auto bridge loan,0,,0.0,,,keyword planner,0;0;0;0;0;0;0;0;0;0;0;0
Head terms (bridging loan / finance),bridge and loan,0,,,,commercial,dataforseo labs,
Head terms (bridging loan / finance),bridge and mezzanine loans,0,,0.0,,,keyword planner,0;0;0;0;0;0;0;0;0;0;0;0
Head terms (bridging loan / finance),bridge by nations lending,0,,0.0,,,keyword planner,0;0;0;0;0;0;0;0;0;0;0;0
Head terms (bridging loan / finance),bridge capital lending,0,,0.0,,,keyword planner,0;0;0;0;0;0;0;0;0;0;0;0
Head terms (bridging loan / finance),bridge finance inc,0,,0.0,,,keyword planner,0;0;0;0;0;0;0;0;0;0;0;0
Head terms (bridging loan / finance),bridge financing m&a,0,,0.0,,,keyword planner,0;0;0;0;0;0;0;0;0;0;0;0
Head terms (bridging loan / finance),bridge financing without firm offer,0,,0.0,,,keyword planner,0;0;0;0;0;0;0;0;0;0;0;0
Head terms (bridging loan / finance),bridge lending customer service,0,,0.0,,,keyword planner,0;0;0;0;0;0;0;0;0;0;0;0
Head terms (bridging loan / finance),bridge lending loan,0,,0.0,,,keyword planner,0;0;0;0;0;0;0;0;0;0;0;0
Head terms (bridging loan / finance),bridge lending online,0,,0.0,,,keyword planner,
Head terms (bridging loan / finance),bridge lending payday loan,0,,0.0,,commercial,keyword planner,0;0;0;0;0;0;0;0;0;0;0;0
Head terms (bridging loan / finance),bridge lending payday loans,0,,0.0,,,keyword planner,0;0;0;0;0;0;0;0;0;0;0;0
Head terms (bridging loan / finance),bridge lending real estate,0,,0.0,,,keyword planner,0;0;0;0;0;0;0;0;0;0;0;0
Head terms (bridging loan / finance),bridge lending services,0,,0.0,,,keyword planner,0;0;0;0;0;0;0;0;0;0;0;0
Head terms (bridging loan / finance),bridge lending solution,0,,0.0,,,keyword planner,0;0;0;0;0;0;0;0;0;0;0;0
Head terms (bridging loan / finance),bridge lending solutions bbb,0,,0.0,,,keyword planner,0;0;0;0;0;0;0;0;0;0;0;0
Head terms (bridging loan / finance),bridge lending solutions hours,0,,0.0,,,keyword planner,
Head terms (bridging loan / finance),bridge lending solutions loans,0,,0.0,,,keyword planner,0;0;0;0;0;0;0;0;0;0;0;0
Head terms (bridging loan / finance),bridge loan accounting treatment,0,,,,informational,dataforseo labs,
Head terms (bridging loan / finance),bridge loan are,0,,0.0,,,keyword planner,0;0;0;0;0;0;0;0;0;0;0;0
Head terms (bridging loan / finance),bridge loan between homes,0,,0.0,,,keyword planner,0;0;0;0;0;0;0;0;0;0;0;0
Head terms (bridging loan / finance),bridge loan colorado,0,,,,commercial,dataforseo labs,
Head terms (bridging loan / finance),bridge loan dave ramsey,0,,0.0,,informational,keyword planner,0;0;0;0;0;0;0;0;0;0;0;0
Head terms (bridging loan / finance),bridge loan film,0,,,,informational,dataforseo labs,
Head terms (bridging loan / finance),bridge loan florida,0,,,,commercial,dataforseo labs,
Head terms (bridging loan / finance),bridge loan for 2 weeks,0,,,,transactional,dataforseo labs,
Head terms (bridging loan / finance),bridge loan for nursing home,0,,,,transactional,dataforseo labs,
Head terms (bridging loan / finance),bridge loan for startup,0,,,,commercial,dataforseo labs,
Head terms (bridging loan / finance),bridge loan from family member,0,,0.0,,informational,keyword planner,0;0;0;0;0;0;0;0;0;0;0;0
Head terms (bridging loan / finance),bridge loan from parents,0,,0.0,,informational,keyword planner,0;0;0;0;0;0;0;0;0;0;0;0
Head terms (bridging loan / finance),bridge loan function,0,,,,informational,dataforseo labs,
Head terms (bridging loan / finance),bridge loan fund,0,,,,commercial,dataforseo labs,
Head terms (bridging loan / finance),bridge loan in texas,0,,,,transactional,dataforseo labs,
Head terms (bridging loan / finance),bridge loan is,0,,0.0,,,keyword planner,0;0;0;0;0;0;0;0;0;0;0;0
Head terms (bridging loan / finance),bridge loan is also known as,0,,,,informational,dataforseo labs,
Head terms (bridging loan / finance),bridge loan kenya withdrawal limit,0,,,,commercial,dataforseo labs,
Head terms (bridging loan / finance),bridge loan knock,0,,,,transactional,dataforseo labs,
Head terms (bridging loan / finance),bridge loan lending,0,,,,commercial,dataforseo labs,
Head terms (bridging loan / finance),bridge loan login online,0,,,,navigational,dataforseo labs,
Head terms (bridging loan / finance),bridge loan market,0,,0.0,,commercial,keyword planner,0;0;0;0;0;0;0;0;0;0;0;0
Head terms (bridging loan / finance),bridge loan nj,0,,,,commercial,dataforseo labs,
Head terms (bridging loan / finance),bridge loan not deposited,0,,0.0,,,keyword planner,
Head terms (bridging loan / finance),bridge loan ohio,0,,,,commercial,dataforseo labs,
Head terms (bridging loan / finance),bridge loan oklahoma,0,,,,navigational,dataforseo labs,
Head terms (bridging loan / finance),bridge loan ontario,0,,,,commercial,dataforseo labs,
Head terms (bridging loan / finance),bridge loan proceeds,0,,,,commercial,dataforseo labs,
Head terms (bridging loan / finance),bridge loan promissory note,0,,,,informational,dataforseo labs,
Head terms (bridging loan / finance),bridge loan questions,0,,,,commercial,dataforseo labs,
Head terms (bridging loan / finance),bridge loan rbc,0,,,,commercial,dataforseo labs,
Head terms (bridging loan / finance),bridge loan san diego,0,,,,commercial,dataforseo labs,
Head terms (bridging loan / finance),bridge loan solutions,0,,,,commercial,dataforseo labs,
Head terms (bridging loan / finance),bridge loan tax deductible,0,,,,informational,dataforseo labs,
Head terms (bridging loan / finance),bridge loan texas,0,,,,commercial,dataforseo labs,
Head terms (bridging loan / finance),bridge loan utah,0,,,,commercial,dataforseo labs,
Head terms (bridging loan / finance),bridge loans for nonprofits,0,,0.0,,,keyword planner,0;0;0;0;0;0;0;0;0;0;0;0
Head terms (bridging loan / finance),bridge mortgage bankers,0,,0.0,,,keyword planner,0;0;0;0;0;0;0;0;0;0;0;0
Head terms (bridging loan / finance),bridge refinance,0,,0.0,,,keyword planner,0;0;0;0;0;0;0;0;0;0;0;0
Head terms (bridging loan / finance),bridge swing loan,0,,0.0,,,keyword planner,0;0;0;0;0;0;0;0;0;0;0;0
Head terms (bridging loan / finance),bridge to bond loan,0,,0.0,,commercial,keyword planner,0;0;0;0;0;0;0;0;0;0;0;0
Head terms (bridging loan / finance),bridge to hud loan,0,,0.0,,,keyword planner,
Head terms (bridging loan / finance),bridge to let finance,0,,0.0,,,keyword planner,0;0;0;0;0;0;0;0;0;0;0;0
Head terms (bridging loan / finance),bridge to let loan,0,,0.0,,,keyword planner,0;0;0;0;0;0;0;0;0;0;0;0
Head terms (bridging loan / finance),bridge to perm loan,0,,0.0,,informational,keyword planner,0;0;0;0;0;0;0;0;0;0;0;0
Head terms (bridging loan / finance),bridgeco financial,0,,0.0,,,keyword planner,
Head terms (bridging loan / finance),bridgement funding,0,,0.0,,,keyword planner,
Head terms (bridging loan / finance),bridgewater home reversion,0,,0.0,,,keyword planner,0;0;0;0;0;0;0;0;0;0;0;0
Head terms (bridging loan / finance),bridging and end financing,0,,0.0,,,keyword planner,0;0;0;0;0;0;0;0;0;0;0;0
Head terms (bridging loan / finance),bridging finance 2022,0,,0.0,,informational,keyword planner,0;0;0;0;0;0;0;0;0;0;0;0
Head terms (bridging loan / finance),bridging finance 24 7,0,,,,navigational,dataforseo labs,
Head terms (bridging loan / finance),bridging finance 24-7,0,,,,informational,dataforseo labs,
Head terms (bridging loan / finance),bridging finance 4u,0,,,,commercial,dataforseo labs,
Head terms (bridging loan / finance),bridging finance 4u ltd,0,,,,navigational,dataforseo labs,
Head terms (bridging loan / finance),bridging finance 80 ltv,0,,,,informational,dataforseo labs,
Head terms (bridging loan / finance),bridging finance affordability,0,,,,informational,dataforseo labs,
Head terms (bridging loan / finance),bridging finance ai,0,,,,commercial,dataforseo labs,
Head terms (bridging loan / finance),bridging finance association of south africa,0,,,,navigational,dataforseo labs,
Head terms (bridging loan / finance),bridging finance bank,0,,,,navigational,dataforseo labs,
Head terms (bridging loan / finance),bridging finance birmingham,0,,,,navigational,dataforseo labs,
Head terms (bridging loan / finance),bridging finance boq,0,,,,transactional,dataforseo labs,
Head terms (bridging loan / finance),bridging finance cape town,0,,,,navigational,dataforseo labs,
Head terms (bridging loan / finance),bridging finance capitec,0,,,,commercial,dataforseo labs,
Head terms (bridging loan / finance),bridging finance collapse,0,,,,informational,dataforseo labs,
Head terms (bridging loan / finance),bridging finance dublin,0,,,,navigational,dataforseo labs,
Head terms (bridging loan / finance),bridging finance estimate,0,,,,commercial,dataforseo labs,
Head terms (bridging loan / finance),bridging finance ey,0,,,,informational,dataforseo labs,
Head terms (bridging loan / finance),bridging finance fnb,0,,,,navigational,dataforseo labs,
Head terms (bridging loan / finance),bridging finance for estate agents,0,,,,commercial,dataforseo labs,
Head terms (bridging loan / finance),bridging finance for home loan,0,,,,commercial,dataforseo labs,
Head terms (bridging loan / finance),bridging finance for intermediaries,0,,0.0,,,keyword planner,0;0;0;0;0;0;0;0;0;0;0;0
Head terms (bridging loan / finance),bridging finance for refurbishment,0,,0.0,,,keyword planner,0;0;0;0;0;0;0;0;0;0;0;0
Head terms (bridging loan / finance),bridging finance for tenders,0,,0.0,,,keyword planner,
Head terms (bridging loan / finance),bridging finance forum,0,,,,commercial,dataforseo labs,
Head terms (bridging loan / finance),bridging finance funds,0,,,,commercial,dataforseo labs,
Head terms (bridging loan / finance),bridging finance globe and mail,0,,,,transactional,dataforseo labs,
Head terms (bridging loan / finance),bridging finance group limited,0,,0.0,,navigational,keyword planner,0;0;0;0;0;0;0;0;0;0;0;0
Head terms (bridging loan / finance),bridging finance halal,0,,,,commercial,dataforseo labs,
Head terms (bridging loan / finance),bridging finance inc news,0,,,,navigational,dataforseo labs,
Head terms (bridging loan / finance),bridging finance inc scandal,0,,,,informational,dataforseo labs,
Head terms (bridging loan / finance),bridging finance jenny coco,0,,,,commercial,dataforseo labs,
Head terms (bridging loan / finance),bridging finance latest news,0,,,,commercial,dataforseo labs,
Head terms (bridging loan / finance),bridging finance lawsuit,0,,,,informational,dataforseo labs,
Head terms (bridging loan / finance),bridging finance limited,0,,,,navigational,dataforseo labs,
Head terms (bridging loan / finance),bridging finance liquidation,0,,,,commercial,dataforseo labs,
Head terms (bridging loan / finance),bridging finance liverpool,0,,,,navigational,dataforseo labs,
Head terms (bridging loan / finance),bridging finance ltd,0,,0.0,,navigational,keyword planner,0;0;0;0;0;0;0;0;0;0;0;0
Head terms (bridging loan / finance),bridging finance manchester,0,,,,navigational,dataforseo labs,
Head terms (bridging loan / finance),bridging finance market size,0,,,,commercial,dataforseo labs,
Head terms (bridging loan / finance),bridging finance news today,0,,,,commercial,dataforseo labs,
Head terms (bridging loan / finance),bridging finance on 1 million,0,,,,transactional,dataforseo labs,
Head terms (bridging loan / finance),bridging finance ontario,0,,,,navigational,dataforseo labs,
Head terms (bridging loan / finance),bridging finance osc,0,,,,navigational,dataforseo labs,
Head terms (bridging loan / finance),bridging finance port elizabeth,0,,,,navigational,dataforseo labs,
Head terms (bridging loan / finance),bridging finance pretoria,0,,,,navigational,dataforseo labs,
Head terms (bridging loan / finance),bridging finance pwc payout,0,,,,transactional,dataforseo labs,
Head terms (bridging loan / finance),bridging finance receiver,0,,,,navigational,dataforseo labs,
Head terms (bridging loan / finance),bridging finance refurbishment,0,,0.0,,,keyword planner,0;0;0;0;0;0;0;0;0;0;0;0
Head terms (bridging loan / finance),bridging finance sri lanka,0,,,,commercial,dataforseo labs,
Head terms (bridging loan / finance),bridging finance td,0,,,,navigational,dataforseo labs,
Head terms (bridging loan / finance),bridging finance training,0,,,,commercial,dataforseo labs,
Head terms (bridging loan / finance),bridging finance underwriter,0,,,,commercial,dataforseo labs,
Head terms (bridging loan / finance),bridging finance underwriter job,0,,,,transactional,dataforseo labs,
Head terms (bridging loan / finance),bridging finance update,0,,,,informational,dataforseo labs,
Head terms (bridging loan / finance),bridging finance update today,0,,,,commercial,dataforseo labs,
Head terms (bridging loan / finance),bridging finance with no income,0,,,,commercial,dataforseo labs,
Head terms (bridging loan / finance),bridging in finance,0,,,,informational,dataforseo labs,
Head terms (bridging loan / finance),bridging loan 85,0,,,,transactional,dataforseo labs,
Head terms (bridging loan / finance),bridging loan advisor,0,,0.0,,navigational,keyword planner,0;0;0;0;0;0;0;0;0;0;0;0
Head terms (bridging loan / finance),bridging loan and porting mortgage,0,,,,transactional,dataforseo labs,
Head terms (bridging loan / finance),bridging loan australia reddit,0,,,,navigational,dataforseo labs,
Head terms (bridging loan / finance),bridging loan boi,0,,,,informational,dataforseo labs,
Head terms (bridging loan / finance),bridging loan decision in principle,0,,,,transactional,dataforseo labs,
Head terms (bridging loan / finance),bridging loan dwp,0,,0.0,,,keyword planner,
Head terms (bridging loan / finance),bridging loan explanation pdf,0,,,,informational,dataforseo labs,
Head terms (bridging loan / finance),bridging loan for absd,0,,0.0,,,keyword planner,
Head terms (bridging loan / finance),bridging loan for extension,0,,0.0,,,keyword planner,0;0;0;0;0;0;0;0;0;0;0;0
Head terms (bridging loan / finance),bridging loan gov,0,,,,navigational,dataforseo labs,
Head terms (bridging loan / finance),bridging loan guarantor,0,,,,commercial,dataforseo labs,
Head terms (bridging loan / finance),bridging loan guy,0,,,,informational,dataforseo labs,
Head terms (bridging loan / finance),bridging loan hk,0,,,,commercial,dataforseo labs,
Head terms (bridging loan / finance),bridging loan hub,0,,,,navigational,dataforseo labs,
Head terms (bridging loan / finance),bridging loan imb,0,,,,transactional,dataforseo labs,
Head terms (bridging loan / finance),bridging loan indonesia,0,,,,commercial,dataforseo labs,
Head terms (bridging loan / finance),bridging loan jakarta,0,,,,commercial,dataforseo labs,
Head terms (bridging loan / finance),bridging loan kiwibank,0,,,,commercial,dataforseo labs,
Head terms (bridging loan / finance),bridging loan liverpool,0,,,,informational,dataforseo labs,
Head terms (bridging loan / finance),bridging loan lmi,0,,,,transactional,dataforseo labs,
Head terms (bridging loan / finance),bridging loan lti exemption,0,,,,commercial,dataforseo labs,
Head terms (bridging loan / finance),bridging loan max ltv,0,,,,informational,dataforseo labs,
Head terms (bridging loan / finance),bridging loan maybank,0,,,,commercial,dataforseo labs,
Head terms (bridging loan / finance),bridging loan mumsnet,0,,,,navigational,dataforseo labs,
Head terms (bridging loan / finance),bridging loan online quote,0,,0.0,,transactional,keyword planner,0;0;0;0;0;0;0;0;0;0;0;0
Head terms (bridging loan / finance),bridging loan permanent tsb,0,,,,informational,dataforseo labs,
Head terms (bridging loan / finance),bridging loan quote online,0,,,,transactional,dataforseo labs,
Head terms (bridging loan / finance),bridging loan raf,0,,,,transactional,dataforseo labs,
Head terms (bridging loan / finance),bridging loan sa,0,,,,transactional,dataforseo labs,
Head terms (bridging loan / finance),bridging loan security,0,,,,commercial,dataforseo labs,
Head terms (bridging loan / finance),bridging loan software,0,,,,commercial,dataforseo labs,
Head terms (bridging loan / finance),bridging loan then remortgage,0,,0.0,,commercial,keyword planner,0;0;0;0;0;0;0;0;0;0;0;0
Head terms (bridging loan / finance),bridging loan to pay deposit,0,,,,transactional,dataforseo labs,
Head terms (bridging loan / finance),bridging loan to pay off mortgage,0,,,,transactional,dataforseo labs,
Head terms (bridging loan / finance),bridging loan to value,0,,0.0,,,keyword planner,0;0;0;0;0;0;0;0;0;0;0;0
Head terms (bridging loan / finance),bridging loan tsb,0,,,,transactional,dataforseo labs,
Head terms (bridging loan / finance),bridging loan uob,0,,,,navigational,dataforseo labs,
Head terms (bridging loan / finance),bridging loans 100,0,,,,commercial,dataforseo labs,
Head terms (bridging loan / finance),bridging loans against provident fund,0,,,,commercial,dataforseo labs,
Head terms (bridging loan / finance),bridging loans cape town,0,,,,commercial,dataforseo labs,
Head terms (bridging loan / finance),bridging loans for blacklisted,0,,0.0,,informational,keyword planner,0;0;0;0;0;0;0;0;0;0;0;0
Head terms (bridging loan / finance),bridging loans for intermediaries,0,,0.0,,,keyword planner,0;0;0;0;0;0;0;0;0;0;0;0
Head terms (bridging loan / finance),bridging loans gibraltar,0,,,,commercial,dataforseo labs,
Head terms (bridging loan / finance),bridging loans hull,0,,,,commercial,dataforseo labs,
Head terms (bridging loan / finance),bridging loans in cape town,0,,,,commercial,dataforseo labs,
Head terms (bridging loan / finance),bridging loans liverpool,0,,,,commercial,dataforseo labs,
Head terms (bridging loan / finance),bridging loans on provident fund,0,,0.0,,commercial,keyword planner,0;0;0;0;0;0;0;0;0;0;0;0
Head terms (bridging loan / finance),bridging loans personal,0,,,,commercial,dataforseo labs,
Head terms (bridging loan / finance),bridging loans port elizabeth,0,,,,commercial,dataforseo labs,
Head terms (bridging loan / finance),bridging loans portugal,0,,,,commercial,dataforseo labs,
Head terms (bridging loan / finance),bridging loans swansea,0,,,,commercial,dataforseo labs,
Head terms (bridging loan / finance),bridging mortgage loans australia,0,,,,commercial,dataforseo labs,
Head terms (bridging loan / finance),bridging property finance,0,,0.0,,commercial,keyword planner,0;0;0;0;0;0;0;0;0;0;0;0
Head terms (bridging loan / finance),bridging the finance gap for women entrepreneurs,0,,,,commercial,dataforseo labs,
Head terms (bridging loan / finance),brightstar bridging finance,0,,0.0,,,keyword planner,0;0;0;0;0;0;0;0;0;0;0;0
Head terms (bridging loan / finance),can bridging loans be extended,0,,,,informational,dataforseo labs,
Head terms (bridging loan / finance),can i refinance a bridging loan,0,,,,transactional,dataforseo labs,
Head terms (bridging loan / finance),can u still get bridging loans,0,,,,informational,dataforseo labs,
Head terms (bridging loan / finance),can you refinance a bridging loan,0,,,,informational,dataforseo labs,
Head terms (bridging loan / finance),capital raise bridging loan,0,,0.0,,,keyword planner,0;0;0;0;0;0;0;0;0;0;0;0
Head terms (bridging loan / finance),capitec bridging finance,0,,,,navigational,dataforseo labs,
Head terms (bridging loan / finance),chain break bridging loan,0,,0.0,,,keyword planner,0;0;0;0;0;0;0;0;0;0;0;0
Head terms (bridging loan / finance),charlie bridges mortgages,0,,0.0,,,keyword planner,
Head terms (bridging loan / finance),cibc bridge loan,0,,,,commercial,dataforseo labs,
Head terms (bridging loan / finance),cimb bridging loan,0,,,,commercial,dataforseo labs,
Head terms (bridging loan / finance),cimb temporary bridging loan,0,,,,informational,dataforseo labs,
Head terms (bridging loan / finance),citibank bridge loan,0,,0.0,,,keyword planner,0;0;0;0;0;0;0;0;0;0;0;0
Head terms (bridging loan / finance),citibank temporary bridging loan,0,,,,commercial,dataforseo labs,
Head terms (bridging loan / finance),closed bridge finance,0,,0.0,,,keyword planner,0;0;0;0;0;0;0;0;0;0;0;0
Head terms (bridging loan / finance),closed bridging finance ltd,0,,0.0,,,keyword planner,0;0;0;0;0;0;0;0;0;0;0;0
Head terms (bridging loan / finance),compass bridge loan,0,,0.0,,,keyword planner,0;0;0;0;0;0;0;0;0;0;0;0
Head terms (bridging loan / finance),complex bridging finance,0,,0.0,,,keyword planner,
Head terms (bridging loan / finance),contoh bridging loan,0,,0.0,,,keyword planner,
Head terms (bridging loan / finance),cross collateral bridge loan,0,,0.0,,commercial,keyword planner,0;0;0;0;0;0;0;0;0;0;0;0
Head terms (bridging loan / finance),crowdfunded bridging loans,0,,0.0,,,keyword planner,0;0;0;0;0;0;0;0;0;0;0;0
Head terms (bridging loan / finance),crystal bridging loans,0,,0.0,,,keyword planner,0;0;0;0;0;0;0;0;0;0;0;0
Head terms (bridging loan / finance),dave ramsey bridge loan,0,,0.0,,,keyword planner,0;0;0;0;0;0;0;0;0;0;0;0
Head terms (bridging loan / finance),debt to income ratio for bridge loan,0,,0.0,,,keyword planner,0;0;0;0;0;0;0;0;0;0;0;0
Head terms (bridging loan / finance),deo bridge loan,0,,0.0,,,keyword planner,
Head terms (bridging loan / finance),deo emergency bridge loan,0,,0.0,,,keyword planner,0;0;0;0;0;0;0;0;0;0;0;0
Head terms (bridging loan / finance),difference between bridging finance and end finance,0,,,,informational,dataforseo labs,
Head terms (bridging loan / finance),does bridging loan cover deposit,0,,,,commercial,dataforseo labs,
Head terms (bridging loan / finance),equipment bridge loan,0,,0.0,,,keyword planner,0;0;0;0;0;0;0;0;0;0;0;0
Head terms (bridging loan / finance),erc bridge loan,0,,0.0,,,keyword planner,0;0;0;0;0;0;0;0;0;0;0;0
Head terms (bridging loan / finance),ertc bridge loan,0,,0.0,,,keyword planner,0;0;0;0;0;0;0;0;0;0;0;0
Head terms (bridging loan / finance),esg bridging loan,0,,0.0,,,keyword planner,
Head terms (bridging loan / finance),esg temporary bridging loan,0,,0.0,,,keyword planner,0;0;0;0;0;0;0;0;0;0;0;0
Head terms (bridging loan / finance),fannie mae bridge loan,0,,0.0,,,keyword planner,
Head terms (bridging loan / finance),fannie mae bridge loan guidelines,0,,0.0,,,keyword planner,
Head terms (bridging loan / finance),finanta bridging,0,,0.0,,,keyword planner,0;0;0;0;0;0;0;0;0;0;0;0
Head terms (bridging loan / finance),first bank bridge loan,0,,0.0,,,keyword planner,0;0;0;0;0;0;0;0;0;0;0;0
Head terms (bridging loan / finance),first bridge lending,0,,0.0,,,keyword planner,0;0;0;0;0;0;0;0;0;0;0;0
Head terms (bridging loan / finance),first charge bridging loan,0,,0.0,,,keyword planner,0;0;0;0;0;0;0;0;0;0;0;0
Head terms (bridging loan / finance),first national bridge financing,0,,0.0,,,keyword planner,
Head terms (bridging loan / finance),first national bridge loan,0,,0.0,,,keyword planner,0;0;0;0;0;0;0;0;0;0;0;0
Head terms (bridging loan / finance),fnb bridging finance,0,,,,navigational,dataforseo labs,
Head terms (bridging loan / finance),fnma bridge loan,0,,0.0,,,keyword planner,
Head terms (bridging loan / finance),free bridge loan agreement template,0,,,,informational,dataforseo labs,
Head terms (bridging loan / finance),gary ng bridging finance,0,,,,navigational,dataforseo labs,
Head terms (bridging loan / finance),gepf bridging loans,0,,0.0,,,keyword planner,
Head terms (bridging loan / finance),government temporary bridging loan,0,,,,informational,dataforseo labs,
Head terms (bridging loan / finance),graham marr bridging finance,0,,,,navigational,dataforseo labs,
Head terms (bridging loan / finance),green door bridging loans,0,,0.0,,,keyword planner,0;0;0;0;0;0;0;0;0;0;0;0
Head terms (bridging loan / finance),hdfc bridge loan,0,,0.0,,,keyword planner,
Head terms (bridging loan / finance),high value bridging finance,0,,0.0,,,keyword planner,0;0;0;0;0;0;0;0;0;0;0;0
Head terms (bridging loan / finance),high value bridging loans,0,,0.0,,,keyword planner,0;0;0;0;0;0;0;0;0;0;0;0
Head terms (bridging loan / finance),home bridge mortgage,0,,0.0,,,keyword planner,0;0;0;0;0;0;0;0;0;0;0;0
Head terms (bridging loan / finance),homeward bridge loans,0,,0.0,,,keyword planner,0;0;0;0;0;0;0;0;0;0;0;0
Head terms (bridging loan / finance),hotel bridge loans,0,,0.0,,,keyword planner,0;0;0;0;0;0;0;0;0;0;0;0
Head terms (bridging loan / finance),how to use a bridge loan,0,,,,informational,dataforseo labs,
Head terms (bridging loan / finance),hud bridge loan,0,,0.0,,,keyword planner,
Head terms (bridging loan / finance),i need a bridge loan,0,,0.0,,,keyword planner,0;0;0;0;0;0;0;0;0;0;0;0
Head terms (bridging loan / finance),iht bridging loans,0,,0.0,,,keyword planner,0;0;0;0;0;0;0;0;0;0;0;0
Head terms (bridging loan / finance),in bridge loans,0,,0.0,,,keyword planner,0;0;0;0;0;0;0;0;0;0;0;0
Head terms (bridging loan / finance),invoice bridging finance,0,,,,transactional,dataforseo labs,
Head terms (bridging loan / finance),ira bridge loan,0,,0.0,,,keyword planner,
Head terms (bridging loan / finance),is bridging finance,0,,,,informational,dataforseo labs,
Head terms (bridging loan / finance),itc bridge loan,0,,,,commercial,dataforseo labs,
Head terms (bridging loan / finance),jobkeeper bridging loan,0,,,,informational,dataforseo labs,
Head terms (bridging loan / finance),just bridging loans plc,0,,,,navigational,dataforseo labs,
Head terms (bridging loan / finance),kozo bridging finance,0,,,,commercial,dataforseo labs,
Head terms (bridging loan / finance),lending bridge inc,0,,0.0,,,keyword planner,
Head terms (bridging loan / finance),lendlord bridging loan,0,,0.0,,,keyword planner,0;0;0;0;0;0;0;0;0;0;0;0
Head terms (bridging loan / finance),market value bridging loans,0,,0.0,,,keyword planner,0;0;0;0;0;0;0;0;0;0;0;0
Head terms (bridging loan / finance),marlin bridging loans,0,,0.0,,,keyword planner,
Head terms (bridging loan / finance),maybank temporary bridging loan,0,,,,transactional,dataforseo labs,
Head terms (bridging loan / finance),maybridge finance,0,,0.0,,,keyword planner,0;0;0;0;0;0;0;0;0;0;0;0
Head terms (bridging loan / finance),mcap bridge financing,0,,0.0,,,keyword planner,0;0;0;0;0;0;0;0;0;0;0;0
Head terms (bridging loan / finance),mezzanine bridge loan,0,,0.0,,,keyword planner,0;0;0;0;0;0;0;0;0;0;0;0
Head terms (bridging loan / finance),mint bridging finance,0,,0.0,,,keyword planner,
Head terms (bridging loan / finance),mixed use bridge loan,0,,0.0,,,keyword planner,0;0;0;0;0;0;0;0;0;0;0;0
Head terms (bridging loan / finance),mobile home bridge loan,0,,,,transactional,dataforseo labs,
Head terms (bridging loan / finance),mr cooper bridge loan,0,,0.0,,,keyword planner,0;0;0;0;0;0;0;0;0;0;0;0
Head terms (bridging loan / finance),multi family bridge loans,0,,0.0,,,keyword planner,0;0;0;0;0;0;0;0;0;0;0;0
Head terms (bridging loan / finance),multifamily bridge financing,0,,0.0,,,keyword planner,
Head terms (bridging loan / finance),my bridge loans,0,,0.0,,,keyword planner,0;0;0;0;0;0;0;0;0;0;0;0
Head terms (bridging loan / finance),nat west bridging loan,0,,0.0,,,keyword planner,0;0;0;0;0;0;0;0;0;0;0;0
Head terms (bridging loan / finance),no doc bridging property finance,0,,0.0,,,keyword planner,0;0;0;0;0;0;0;0;0;0;0;0
Head terms (bridging loan / finance),octopus bridging finance,0,,0.0,,,keyword planner,0;0;0;0;0;0;0;0;0;0;0;0
Head terms (bridging loan / finance),octopus property bridging,0,,0.0,,,keyword planner,
Head terms (bridging loan / finance),offa bridging finance,0,,0.0,,,keyword planner,
Head terms (bridging loan / finance),open market value bridging loans,0,,0.0,,,keyword planner,
Head terms (bridging loan / finance),overseas bridging finance,0,,0.0,,,keyword planner,
Head terms (bridging loan / finance),paragon bridging finance,0,,0.0,,,keyword planner,
Head terms (bridging loan / finance),pinjaman bridging,0,,0.0,,,keyword planner,
Head terms (bridging loan / finance),pinjaman dana bridging,0,,0.0,,,keyword planner,
Head terms (bridging loan / finance),prevance bridging finance,0,,,,navigational,dataforseo labs,
Head terms (bridging loan / finance),property bridging finance south africa,0,,,,commercial,dataforseo labs,
Head terms (bridging loan / finance),property finance partners bridge loans,0,,0.0,,,keyword planner,0;0;0;0;0;0;0;0;0;0;0;0
Head terms (bridging loan / finance),property refurbishment bridging loan,0,,0.0,,,keyword planner,
Head terms (bridging loan / finance),quantum bridging finance,0,,,,informational,dataforseo labs,
Head terms (bridging loan / finance),rbc bridge loan,0,,,,commercial,dataforseo labs,
Head terms (bridging loan / finance),re bridging loans,0,,0.0,,,keyword planner,0;0;0;0;0;0;0;0;0;0;0;0
Head terms (bridging loan / finance),reading bridging loan,0,,0.0,,,keyword planner,
Head terms (bridging loan / finance),redemption sum for bridging loan,0,,,,informational,dataforseo labs,
Head terms (bridging loan / finance),refurbishment bridging finance,0,,0.0,,,keyword planner,
Head terms (bridging loan / finance),residential bridge finance,0,,0.0,,,keyword planner,
Head terms (bridging loan / finance),residential bridging funding,0,,0.0,,,keyword planner,0;0;0;0;0;0;0;0;0;0;0;0
Head terms (bridging loan / finance),residential bridging lending,0,,0.0,,,keyword planner,0;0;0;0;0;0;0;0;0;0;0;0
Head terms (bridging loan / finance),rhb temporary bridging loan,0,,0.0,,commercial,keyword planner,
Head terms (bridging loan / finance),second charge bridge,0,,0.0,,,keyword planner,0;0;0;0;0;0;0;0;0;0;0;0
Head terms (bridging loan / finance),short lease bridging loan,0,,0.0,,,keyword planner,0;0;0;0;0;0;0;0;0;0;0;0
Head terms (bridging loan / finance),short lease bridging loans,0,,0.0,,,keyword planner,0;0;0;0;0;0;0;0;0;0;0;0
Head terms (bridging loan / finance),sme temporary bridging loan,0,,0.0,,,keyword planner,0;0;0;0;0;0;0;0;0;0;0;0
Head terms (bridging loan / finance),standard chartered bridging loan,0,,0.0,,,keyword planner,0;0;0;0;0;0;0;0;0;0;0;0
Head terms (bridging loan / finance),standard chartered temporary bridging loan,0,,0.0,,,keyword planner,
Head terms (bridging loan / finance),stone bridge mortgage,0,,0.0,,,keyword planner,0;0;0;0;0;0;0;0;0;0;0;0
Head terms (bridging loan / finance),summer bridge loan,0,,0.0,,,keyword planner,
Head terms (bridging loan / finance),tax bridging loan,0,,0.0,,,keyword planner,0;0;0;0;0;0;0;0;0;0;0;0
Head terms (bridging loan / finance),temporary bridging loan extension,0,,,,commercial,dataforseo labs,
Head terms (bridging loan / finance),the bridge lending,0,,0.0,,,keyword planner,
Head terms (bridging loan / finance),top 10 bridging loans,0,,0.0,,,keyword planner,0;0;0;0;0;0;0;0;0;0;0;0
Head terms (bridging loan / finance),transitional bridge loan,0,,0.0,,,keyword planner,0;0;0;0;0;0;0;0;0;0;0;0
Head terms (bridging loan / finance),tsb bridging finance,0,,,,navigational,dataforseo labs,
Head terms (bridging loan / finance),ultimate bridging finance,0,,0.0,,navigational,keyword planner,0;0;0;0;0;0;0;0;0;0;0;0
Head terms (bridging loan / finance),ultimate bridging finance limited,0,,0.0,,,keyword planner,0;0;0;0;0;0;0;0;0;0;0;0
Head terms (bridging loan / finance),uob temporary bridging loan,0,,,,informational,dataforseo labs,
Head terms (bridging loan / finance),vat bridging finance,0,,0.0,,,keyword planner,
Head terms (bridging loan / finance),vat bridging loan,0,,0.0,,,keyword planner,0;0;0;0;0;0;0;0;0;0;0;0
Head terms (bridging loan / finance),vat bridging loans,0,,,,commercial,dataforseo labs,
Head terms (bridging loan / finance),webridge finance,0,,0.0,,,keyword planner,
Head terms (bridging loan / finance),well money bridging loan,0,,,,transactional,dataforseo labs,
Head terms (bridging loan / finance),west one bridging for intermediaries,0,,0.0,,,keyword planner,0;0;0;0;0;0;0;0;0;0;0;0
Head terms (bridging loan / finance),what bridging loan do i need,0,,,,informational,dataforseo labs,
Head terms (bridging loan / finance),what bridging loan in australia,0,,,,informational,dataforseo labs,
Head terms (bridging loan / finance),who owns bridging finance,0,,,,informational,dataforseo labs,
"Lenders, brokers & comparison",bridge lenders,5400,bridging loan,29.31,MEDIUM,,keyword planner,6600;6600;5400;3600;5400;5400;6600;4400;4400;4400;4400;4400
"Lenders, brokers & comparison",bridging lenders,5400,bridging loan,29.28,MEDIUM,,keyword planner,6600;6600;5400;3600;5400;5400;6600;4400;4400;4400;4400;4400
"Lenders, brokers & comparison",what is a bridge lender,1000,what is a bridging loan,6.44,LOW,,keyword planner,1000;1300;880;720;1000;1000;1600;1000;1000;880;880;880
"Lenders, brokers & comparison",bridging finance cba,480,cba bridging loan,2.38,,navigational,dataforseo labs,
"Lenders, brokers & comparison",bridging finance commonwealth bank,480,cba bridging loan,2.38,,navigational,dataforseo labs,
"Lenders, brokers & comparison",bridging finance westpac,480,westpac bridging loan,18.4,MEDIUM,navigational,keyword planner,590;590;590;320;390;480;590;480;480;480;390;390
"Lenders, brokers & comparison",bridging loan cba,480,cba bridging loan,2.38,,commercial,dataforseo labs,
"Lenders, brokers & comparison",bridging loan commbank,480,cba bridging loan,2.38,,navigational,dataforseo labs,
"Lenders, brokers & comparison",bridging loan westpac,480,westpac bridging loan,11.64,,commercial,dataforseo labs,
"Lenders, brokers & comparison",bridging loans cba,480,cba bridging loan,2.38,,informational,dataforseo labs,
"Lenders, brokers & comparison",bridging loans commonwealth bank,480,cba bridging loan,2.38,,navigational,dataforseo labs,
"Lenders, brokers & comparison",bridging loans westpac,480,westpac bridging loan,11.64,,commercial,dataforseo labs,
"Lenders, brokers & comparison",cba bridging finance,480,cba bridging loan,19.5,MEDIUM,,keyword planner,590;720;590;320;590;590;590;480;480;390;480;390
"Lenders, brokers & comparison",cba bridging loan,480,,19.5,MEDIUM,commercial,keyword planner,590;720;590;320;590;590;590;480;480;390;480;390
"Lenders, brokers & comparison",commbank bridging loan,480,cba bridging loan,19.48,MEDIUM,commercial,keyword planner,590;720;590;320;590;590;590;480;480;390;480;390
"Lenders, brokers & comparison",commonwealth bank bridging finance,480,cba bridging loan,19.48,MEDIUM,,keyword planner,590;720;590;320;590;590;590;480;480;390;480;390
"Lenders, brokers & comparison",commonwealth bank bridging loan,480,cba bridging loan,19.48,MEDIUM,commercial,keyword planner,590;720;590;320;590;590;590;480;480;390;480;390
"Lenders, brokers & comparison",westpac bridging finance,480,westpac bridging loan,11.64,,navigational,dataforseo labs,
"Lenders, brokers & comparison",westpac bridging loan,480,,18.4,MEDIUM,commercial,keyword planner,590;590;590;320;390;480;590;480;480;480;390;390
"Lenders, brokers & comparison",westpac bridging loans,480,westpac bridging loan,11.64,,commercial,dataforseo labs,
"Lenders, brokers & comparison",anz bridging finance,320,anz bridging loan,21.75,MEDIUM,navigational,keyword planner,390;390;390;210;320;390;390;320;390;320;260;390
"Lenders, brokers & comparison",anz bridging loan,320,,21.75,MEDIUM,commercial,keyword planner,390;390;390;210;320;390;390;320;390;320;260;390
"Lenders, brokers & comparison",anz bridging loans,320,anz bridging loan,12.18,,commercial,dataforseo labs,
"Lenders, brokers & comparison",bridging finance anz,320,anz bridging loan,12.18,,navigational,dataforseo labs,
"Lenders, brokers & comparison",bridging finance nab,320,nab bridging loan,15.28,,navigational,dataforseo labs,
"Lenders, brokers & comparison",bridging loan anz,320,anz bridging loan,12.18,,commercial,dataforseo labs,
"Lenders, brokers & comparison",bridging loan nab,320,nab bridging loan,15.28,,navigational,dataforseo labs,
"Lenders, brokers & comparison",bridging loans anz,320,anz bridging loan,12.18,,commercial,dataforseo labs,
"Lenders, brokers & comparison",bridging loans nab,320,nab bridging loan,15.28,,informational,dataforseo labs,
"Lenders, brokers & comparison",nab bridging finance,320,nab bridging loan,25.72,MEDIUM,navigational,keyword planner,390;390;320;210;320;320;320;260;320;320;260;260
"Lenders, brokers & comparison",nab bridging loan,320,,25.72,MEDIUM,commercial,keyword planner,390;390;320;210;320;320;320;260;320;320;260;260
"Lenders, brokers & comparison",nab bridging loans,320,nab bridging loan,15.28,,commercial,dataforseo labs,
"Lenders, brokers & comparison",bridging finance st george,210,st george bridging loan,11.93,,navigational,dataforseo labs,
"Lenders, brokers & comparison",bridging loan st george,210,st george bridging loan,11.93,,navigational,dataforseo labs,
"Lenders, brokers & comparison",st george bank bridging finance,210,st george bridging loan,19.32,MEDIUM,,keyword planner,320;260;210;140;210;260;210;260;260;210;210;170
"Lenders, brokers & comparison",st george bank bridging loan,210,st george bridging loan,19.32,MEDIUM,,keyword planner,320;260;210;140;210;260;210;260;260;210;210;170
"Lenders, brokers & comparison",st george bridging loan,210,,19.32,MEDIUM,navigational,keyword planner,320;260;210;140;210;260;210;260;260;210;210;170
"Lenders, brokers & comparison",st george bridging loans,210,st george bridging loan,11.93,,commercial,dataforseo labs,
"Lenders, brokers & comparison",best bridging loan australia,170,best bridging loans australia,18.46,,commercial,dataforseo labs,
"Lenders, brokers & comparison",best bridging loans australia,170,,35.49,HIGH,commercial,keyword planner,110;210;210;140;110;260;320;170;210;170;140;140
"Lenders, brokers & comparison",bridging finance capital,170,capital bridging finance,4.98,,informational,dataforseo labs,
"Lenders, brokers & comparison",capital bridging finance,170,,11.66,LOW,commercial,keyword planner,260;210;260;260;170;140;170;110;140;140;90;110
"Lenders, brokers & comparison",bridging companies,110,,0.0,LOW,,keyword planner,140;110;140;70;110;110;170;110;140;110;140;110
"Lenders, brokers & comparison",bridging loan melbourne,110,,0.0,LOW,commercial,keyword planner,720;30;90;20;10;110;90;30;10;20;40;30
"Lenders, brokers & comparison",bridging loans melbourne,110,bridging loan melbourne,7.85,,commercial,dataforseo labs,
"Lenders, brokers & comparison",bankwest bridging finance,90,bridging loan bankwest,26.27,MEDIUM,,keyword planner,90;90;90;50;90;110;90;90;90;70;70;70
"Lenders, brokers & comparison",bankwest bridging loan,90,bridging loan bankwest,26.29,MEDIUM,navigational,keyword planner,90;90;90;50;90;110;90;90;90;70;70;70
"Lenders, brokers & comparison",bridging finance bankwest,90,bridging loan bankwest,14.84,,navigational,dataforseo labs,
"Lenders, brokers & comparison",bridging loan bankwest,90,,26.27,MEDIUM,navigational,keyword planner,90;90;90;50;90;110;90;90;90;70;70;70
"Lenders, brokers & comparison",bridging loan ing,90,ing bridging loan,18.08,,commercial,dataforseo labs,
"Lenders, brokers & comparison",bridging loans bankwest,90,bridging loan bankwest,14.84,,navigational,dataforseo labs,
"Lenders, brokers & comparison",golden bridge loan,90,,8.77,MEDIUM,transactional,keyword planner,50;70;70;70;90;70;90;70;110;90;90;170
"Lenders, brokers & comparison",ing bridging finance,90,ing bridging loan,49.52,MEDIUM,informational,keyword planner,110;90;110;40;70;90;90;90;90;70;70;70
"Lenders, brokers & comparison",ing bridging loan,90,,49.52,MEDIUM,commercial,keyword planner,110;90;110;40;70;90;90;90;90;70;70;70
"Lenders, brokers & comparison",bendigo bank bridging finance,70,bendigo bank bridging loan,19.24,MEDIUM,navigational,keyword planner,90;70;90;30;70;90;70;70;70;50;40;70
"Lenders, brokers & comparison",bendigo bank bridging loan,70,,19.24,MEDIUM,commercial,keyword planner,90;70;90;30;70;90;70;70;70;50;40;70
"Lenders, brokers & comparison",bridging finance melbourne,70,,24.85,,navigational,dataforseo labs,
"Lenders, brokers & comparison",macquarie bridging loan,70,,19.72,MEDIUM,commercial,keyword planner,90;70;70;50;70;70;70;70;70;70;50;70
"Lenders, brokers & comparison",bridge loan lenders,50,,66.8,LOW,commercial,keyword planner,170;40;50;30;20;30;20;10;10;20;30;90
"Lenders, brokers & comparison",bridging loan lender,50,bridge loan lenders,66.8,LOW,commercial,keyword planner,170;40;50;30;20;30;20;10;10;20;30;90
"Lenders, brokers & comparison",bridging loan lenders,50,bridge loan lenders,32.41,,commercial,dataforseo labs,
"Lenders, brokers & comparison",bridging loan suncorp,50,suncorp bridging loan,6.9,,commercial,dataforseo labs,
"Lenders, brokers & comparison",bridging loans lenders,50,bridge loan lenders,32.41,,commercial,dataforseo labs,
"Lenders, brokers & comparison",bridging loans nsw,50,,23.56,,informational,dataforseo labs,
"Lenders, brokers & comparison",bridging loans suncorp,50,suncorp bridging loan,6.9,,navigational,dataforseo labs,
"Lenders, brokers & comparison",macquarie bank bridging loan,50,,16.98,MEDIUM,commercial,keyword planner,50;70;70;30;40;50;50;40;70;50;50;40
"Lenders, brokers & comparison",suncorp bridging loan,50,,16.67,MEDIUM,commercial,keyword planner,70;70;40;30;50;70;70;40;50;40;40;40
"Lenders, brokers & comparison",aussie bridging loan,40,,18.42,,commercial,dataforseo labs,
"Lenders, brokers & comparison",bank australia bridging loan,40,,43.47,LOW,commercial,keyword planner,40;40;40;20;30;30;40;40;50;30;40;30
"Lenders, brokers & comparison",bank of melbourne bridging loan,40,,51.0,MEDIUM,commercial,keyword planner,50;50;40;20;30;40;50;40;40;30;30;30
"Lenders, brokers & comparison",best bridge loans,40,,55.95,MEDIUM,,keyword planner,90;40;40;10;50;40;30;30;50;30;10;30
"Lenders, brokers & comparison",best bridging loan,40,best bridge loans,26,,commercial,dataforseo labs,
"Lenders, brokers & comparison",best bridging loans,40,best bridge loans,55.89,MEDIUM,commercial,keyword planner,90;40;40;10;50;40;30;30;50;30;10;30
"Lenders, brokers & comparison",bridging bond loan qld,40,,12.91,,commercial,dataforseo labs,
"Lenders, brokers & comparison",aussie home loans bridging finance,30,,55.57,HIGH,informational,keyword planner,20;30;40;30;50;50;30;20;10;20;30;10
"Lenders, brokers & comparison",bridge crest finance,30,,0.0,LOW,,keyword planner,20;30;20;20;20;30;30;40;30;30;30;30
"Lenders, brokers & comparison",bridging finance broker,30,bridging loan broker,65.77,HIGH,navigational,keyword planner,70;30;20;20;30;40;70;30;20;30;20;20
"Lenders, brokers & comparison",bridging finance brokers,30,bridging loan broker,30.79,,commercial,dataforseo labs,
"Lenders, brokers & comparison",bridging finance comparison,30,compare bridging loans,46.07,MEDIUM,commercial,keyword planner,70;50;20;20;20;30;30;20;30;20;10;10
"Lenders, brokers & comparison",bridging loan broker,30,,65.77,HIGH,commercial,keyword planner,70;30;20;20;30;40;70;30;20;30;20;20
"Lenders, brokers & comparison",bridging loan brokers,30,bridging loan broker,30.79,,commercial,dataforseo labs,
"Lenders, brokers & comparison",bridging loan comparison,30,compare bridging loans,46.07,MEDIUM,commercial,keyword planner,70;50;20;20;20;30;30;20;30;20;10;10
"Lenders, brokers & comparison",bridging loan hsbc,30,hsbc bridging loan,48.09,MEDIUM,commercial,keyword planner,20;40;30;10;30;50;30;30;30;30;30;10
"Lenders, brokers & comparison",bridging loans brisbane,30,,0.0,LOW,,keyword planner,20;20;20;10;10;140;70;10;10;10;20;10
"Lenders, brokers & comparison",bridging loans broker,30,bridging loan broker,30.79,,commercial,dataforseo labs,
"Lenders, brokers & comparison",bridging loans compare,30,compare bridging loans,15.21,,commercial,dataforseo labs,
"Lenders, brokers & comparison",bridging loans comparison,30,compare bridging loans,15.21,,commercial,dataforseo labs,
"Lenders, brokers & comparison",bridging loans hsbc,30,hsbc bridging loan,20.02,,commercial,dataforseo labs,
"Lenders, brokers & comparison",compare bridging loans,30,,46.07,MEDIUM,commercial,keyword planner,70;50;20;20;20;30;30;20;30;20;10;10
"Lenders, brokers & comparison",hsbc bridging loan,30,,48.09,MEDIUM,commercial,keyword planner,20;40;30;10;30;50;30;30;30;30;30;10
"Lenders, brokers & comparison",la trobe bridging loan,30,development bridging loan,,,navigational,dataforseo labs,
"Lenders, brokers & comparison",bridging broker,20,,43.91,MEDIUM,,keyword planner,10;10;10;10;50;20;50;20;20;20;20;10
"Lenders, brokers & comparison",bridging finance lender,20,lender bridging finance,28.3,,navigational,dataforseo labs,
"Lenders, brokers & comparison",bridging finance lenders,20,lender bridging finance,66.05,HIGH,commercial,keyword planner,140;30;10;10;10;20;30;20;10;10;10;10
"Lenders, brokers & comparison",bridging loan bendigo bank,20,,8.79,MEDIUM,commercial,keyword planner,20;30;30;10;30;40;30;20;30;20;20;20
"Lenders, brokers & comparison",bridging loan macquarie bank,20,,8.64,,commercial,dataforseo labs,
"Lenders, brokers & comparison",lender bridging finance,20,,66.05,HIGH,commercial,keyword planner,140;30;10;10;10;20;30;20;10;10;10;10
"Lenders, brokers & comparison",me bank bridging loan,20,,34.33,MEDIUM,transactional,keyword planner,20;20;20;10;20;20;20;20;10;10;20;10
"Lenders, brokers & comparison",newcastle permanent bridging loan,20,,15.3,,commercial,dataforseo labs,
"Lenders, brokers & comparison",ubank bridging loan,20,,27.03,HIGH,commercial,keyword planner,20;40;30;10;20;10;10;20;20;10;10;20
"Lenders, brokers & comparison",westpac bridging loan requirements,20,,6.12,,informational,dataforseo labs,
"Lenders, brokers & comparison",banks that do bridge loans,10,end debt,0.0,,,keyword planner,10;10;10;0;10;10;10;10;10;10;10;0
"Lenders, brokers & comparison",banks that do bridging loans,10,end debt,,,informational,dataforseo labs,
"Lenders, brokers & comparison",banks that offer bridge loans,10,end debt,0.0,,,keyword planner,0;0;0;0;10;10;0;10;10;10;10;0
"Lenders, brokers & comparison",best bank for bridging loans,10,end debt,,,commercial,dataforseo labs,
"Lenders, brokers & comparison",best banks for bridge loans,10,end debt,0.0,HIGH,,keyword planner,10;10;10;10;10;10;10;10;10;10;10;10
"Lenders, brokers & comparison",best bridge loan companies,10,end debt,0.0,,,keyword planner,10;0;0;0;10;0;10;0;0;10;10;0
"Lenders, brokers & comparison",best bridge loan lenders,10,end debt,0.0,,commercial,keyword planner,0;0;10;10;0;0;10;0;0;0;0;0
"Lenders, brokers & comparison",best bridging finance,10,end debt,0.0,HIGH,,keyword planner,10;20;10;10;10;10;40;10;10;10;10;10
"Lenders, brokers & comparison",best bridging loan broker,10,end debt,0.0,HIGH,commercial,keyword planner,0;0;0;0;0;0;0;0;0;10;0;10
"Lenders, brokers & comparison",best bridging loan companies,10,end debt,0.0,,commercial,keyword planner,10;0;0;0;10;0;10;0;0;10;10;0
"Lenders, brokers & comparison",best bridging loan deals,10,end debt,0.0,,,keyword planner,0;0;0;0;0;0;0;10;10;0;0;0
"Lenders, brokers & comparison",best bridging loan providers,10,end debt,0.0,,commercial,keyword planner,10;0;10;10;10;10;10;10;0;0;10;0
"Lenders, brokers & comparison",best value bridging loans,10,end debt,0.0,HIGH,commercial,keyword planner,10;0;10;10;10;10;0;10;0;10;10;10
"Lenders, brokers & comparison",best way to buy a house before you sell yours,10,end debt,0.0,,,keyword planner,0;0;0;0;0;0;0;0;0;0;10;0
"Lenders, brokers & comparison",best way to buy new home before selling old one,10,end debt,0.0,,,keyword planner,0;0;0;0;10;0;0;0;10;0;0;0
"Lenders, brokers & comparison",bridge loan companies,10,end debt,0.0,HIGH,commercial,keyword planner,10;10;10;0;10;10;10;10;10;0;0;10
"Lenders, brokers & comparison",bridge loan company,10,end debt,0.0,HIGH,commercial,keyword planner,10;10;10;0;10;10;10;10;10;0;0;10
"Lenders, brokers & comparison",bridge loan lenders near me,10,,59.49,HIGH,commercial,keyword planner,0;0;0;0;0;0;0;0;0;0;10;10
"Lenders, brokers & comparison",bridge loan lenders texas,10,end debt,,,commercial,dataforseo labs,
"Lenders, brokers & comparison",bridge loan near me,10,end debt,0.0,,,keyword planner,10;0;0;0;0;10;10;10;10;0;0;0
"Lenders, brokers & comparison",bridge loan providers,10,end debt,0.0,,commercial,keyword planner,10;10;10;10;10;10;0;10;10;10;10;0
"Lenders, brokers & comparison",bridge loan reviews,10,end debt,,,informational,dataforseo labs,
"Lenders, brokers & comparison",bridge loans near me,10,end debt,0.0,HIGH,,keyword planner,10;10;10;10;10;0;0;10;0;0;0;10
"Lenders, brokers & comparison",bridging finance bendigo bank,10,bridging loan lvr,0.0,MEDIUM,navigational,keyword planner,10;10;10;10;10;10;10;10;10;10;10;10
"Lenders, brokers & comparison",bridging finance companies,10,end debt,0.0,HIGH,commercial,keyword planner,20;20;10;10;10;20;40;10;10;10;10;10
"Lenders, brokers & comparison",bridging finance companies in south africa,10,end debt,,,commercial,dataforseo labs,
"Lenders, brokers & comparison",bridging finance companies south africa,10,end debt,,,navigational,dataforseo labs,
"Lenders, brokers & comparison",bridging finance company,10,end debt,,,navigational,dataforseo labs,
"Lenders, brokers & comparison",bridging finance near me,10,end debt,,,navigational,dataforseo labs,
"Lenders, brokers & comparison",bridging finance nsw,10,end debt,0.0,HIGH,navigational,keyword planner,10;10;10;10;10;10;10;10;10;10;10;10
"Lenders, brokers & comparison",bridging finance perth,10,,0.0,LOW,navigational,keyword planner,20;10;10;0;10;10;10;10;10;20;10;20
"Lenders, brokers & comparison",bridging finance providers,10,,61.74,MEDIUM,commercial,keyword planner,30;10;30;10;10;10;30;10;10;10;10;10
"Lenders, brokers & comparison",bridging finance specialist,10,,70.95,,navigational,dataforseo labs,
"Lenders, brokers & comparison",bridging finance specialists,10,bridging finance specialist,70.95,,informational,dataforseo labs,
"Lenders, brokers & comparison",bridging finance victoria,10,end debt,,,navigational,dataforseo labs,
"Lenders, brokers & comparison",bridging home loan nab,10,end debt,,,informational,dataforseo labs,
"Lenders, brokers & comparison",bridging loan aussie,10,end debt,0.0,HIGH,commercial,keyword planner,10;10;10;0;10;10;0;10;10;10;10;10
"Lenders, brokers & comparison",bridging loan bank of melbourne,10,,0.0,LOW,navigational,keyword planner,10;10;10;10;20;10;10;10;10;10;10;10
"Lenders, brokers & comparison",bridging loan broker near me,10,end debt,,,navigational,dataforseo labs,
"Lenders, brokers & comparison",bridging loan cba fact sheet,10,end debt,,,informational,dataforseo labs,
"Lenders, brokers & comparison",bridging loan companies,10,end debt,38.1,HIGH,commercial,keyword planner,10;10;10;10;10;0;10;10;10;0;10;10
"Lenders, brokers & comparison",bridging loan company,10,end debt,0.0,HIGH,commercial,keyword planner,10;10;10;0;10;10;10;10;10;0;0;10
"Lenders, brokers & comparison",bridging loan comparison site,10,end debt,,,navigational,dataforseo labs,
"Lenders, brokers & comparison",bridging loan directory,10,end debt,,,navigational,dataforseo labs,
"Lenders, brokers & comparison",bridging loan heritage,10,end debt,0.0,,navigational,keyword planner,10;10;0;10;0;0;10;10;10;0;10;0
"Lenders, brokers & comparison",bridging loan macquarie,10,,21.31,,commercial,dataforseo labs,
"Lenders, brokers & comparison",bridging loan me bank,10,sa bridge loans,0.0,LOW,navigational,keyword planner,10;10;10;10;10;10;10;10;10;10;10;10
"Lenders, brokers & comparison",bridging loan near me,10,end debt,,,transactional,dataforseo labs,
"Lenders, brokers & comparison",bridging loan providers,10,end debt,0.0,,commercial,keyword planner,10;10;10;10;10;10;0;10;10;10;10;0
"Lenders, brokers & comparison",bridging loan reviews,10,end debt,,,informational,dataforseo labs,
"Lenders, brokers & comparison",bridging loan solicitors near me,10,end debt,,,transactional,dataforseo labs,
"Lenders, brokers & comparison",bridging loan specialist,10,,65.89,HIGH,commercial,keyword planner,10;10;20;10;10;10;10;10;10;10;10;10
"Lenders, brokers & comparison",bridging loan specialists,10,bridging loan specialist,65.89,HIGH,commercial,keyword planner,10;10;20;10;10;10;10;10;10;10;10;10
"Lenders, brokers & comparison",bridging loan sydney,10,,94.53,,commercial,dataforseo labs,
"Lenders, brokers & comparison",bridging loans commbank,10,,0.36,,navigational,dataforseo labs,
"Lenders, brokers & comparison",bridging loans compare the market,10,end debt,,,commercial,dataforseo labs,
"Lenders, brokers & comparison",bridging loans directory,10,end debt,,,navigational,dataforseo labs,
"Lenders, brokers & comparison",bridging loans near me,10,end debt,4.17,,transactional,dataforseo labs,
"Lenders, brokers & comparison",bridging loans perth,10,,42.72,,commercial,dataforseo labs,
"Lenders, brokers & comparison",bridging loans qld,10,,13.51,,commercial,dataforseo labs,
"Lenders, brokers & comparison",bridging loans reviews,10,end debt,,,informational,dataforseo labs,
"Lenders, brokers & comparison",bridging loans st george bank,10,end debt,0.0,MEDIUM,navigational,keyword planner,0;0;10;0;10;10;0;10;0;0;0;10
"Lenders, brokers & comparison",capital bridging finance limited,10,end debt,,,navigational,dataforseo labs,
"Lenders, brokers & comparison",capital bridging finance solutions,10,end debt,,,navigational,dataforseo labs,
"Lenders, brokers & comparison",commbank bridging finance,10,,29.46,MEDIUM,,keyword planner,10;10;10;10;10;10;10;10;10;10;10;10
"Lenders, brokers & comparison",company bridging loan,10,end debt,,,commercial,dataforseo labs,
"Lenders, brokers & comparison",do banks do bridging loans,10,,42.37,,informational,dataforseo labs,
"Lenders, brokers & comparison",do banks give bridging loans,10,end debt,,,informational,dataforseo labs,
"Lenders, brokers & comparison",does nab do bridging loans,10,,25.64,,informational,dataforseo labs,
"Lenders, brokers & comparison",hard money bridge lenders,10,end debt,0.0,,,keyword planner,0;0;0;0;0;0;0;0;0;0;10;0
"Lenders, brokers & comparison",heritage bank bridging loan,10,,0.0,LOW,transactional,keyword planner,10;10;10;10;10;10;20;20;10;10;10;10
"Lenders, brokers & comparison",home bridge loan lenders,10,end debt,,,commercial,dataforseo labs,
"Lenders, brokers & comparison",how does a bridging loan work nsw,10,end debt,,,informational,dataforseo labs,
"Lenders, brokers & comparison",hsbc bridging finance,10,end debt,0.0,,navigational,keyword planner,10;10;10;10;0;10;10;10;10;0;10;0
"Lenders, brokers & comparison",multifamily bridge lenders,10,end debt,0.0,LOW,,keyword planner,0;0;0;0;0;0;0;0;0;0;0;10
"Lenders, brokers & comparison",nab bridging loan requirements,10,,24.97,,transactional,dataforseo labs,
"Lenders, brokers & comparison",real estate bridge lenders,10,end debt,0.0,,,keyword planner,0;0;0;0;0;0;0;0;10;0;0;0
"Lenders, brokers & comparison",real estate bridge loan lenders,10,end debt,0.0,,commercial,keyword planner,0;0;0;0;0;0;0;0;10;0;0;0
"Lenders, brokers & comparison",regulated bridging lenders,10,end debt,0.0,LOW,,keyword planner,10;10;10;0;0;10;10;0;10;10;0;10
"Lenders, brokers & comparison",st george bridging finance,10,,12.33,MEDIUM,navigational,keyword planner,10;20;10;10;10;10;10;20;10;10;10;10
"Lenders, brokers & comparison",the best bridging loans,10,end debt,,,commercial,dataforseo labs,
"Lenders, brokers & comparison",the bridging broker,10,end debt,0.0,,,keyword planner,0;0;10;0;0;0;0;0;0;0;0;0
"Lenders, brokers & comparison",what banks do bridging loans,10,,21.48,,informational,dataforseo labs,
"Lenders, brokers & comparison",which banks do bridging loans,10,,10.48,,informational,dataforseo labs,
"Lenders, brokers & comparison",which banks offer bridging loans,10,,9.59,,informational,dataforseo labs,
"Lenders, brokers & comparison",who does bridging loans,10,,24.56,,informational,dataforseo labs,
"Lenders, brokers & comparison",who offers bridging loans,10,end debt,,,informational,dataforseo labs,
"Lenders, brokers & comparison",2nd charge bridging lenders,0,,0.0,,,keyword planner,0;0;0;0;0;0;0;0;0;0;0;0
"Lenders, brokers & comparison",anz bridging loan requirements,0,,,,commercial,dataforseo labs,
"Lenders, brokers & comparison",banks that offer bridge loans near me,0,,0.0,,,keyword planner,0;0;0;0;0;0;0;0;0;0;0;0
"Lenders, brokers & comparison",bankwest bridging loan requirements,0,,,,transactional,dataforseo labs,
"Lenders, brokers & comparison",best bridging finance melbourne,0,,,,commercial,dataforseo labs,
"Lenders, brokers & comparison",best bridging loan australia reviews,0,,,,commercial,dataforseo labs,
"Lenders, brokers & comparison",best bridging loans anz,0,,,,commercial,dataforseo labs,
"Lenders, brokers & comparison",best bridging loans australia reviews,0,,,,commercial,dataforseo labs,
"Lenders, brokers & comparison",best bridging loans commonwealth bank,0,,,,commercial,dataforseo labs,
"Lenders, brokers & comparison",best bridging loans melbourne,0,,,,commercial,dataforseo labs,
"Lenders, brokers & comparison",best bridging loans nsw,0,,,,commercial,dataforseo labs,
"Lenders, brokers & comparison",best bridging mortgage loans,0,,,,commercial,dataforseo labs,
"Lenders, brokers & comparison",bridge home loan nsw,0,,,,navigational,dataforseo labs,
"Lenders, brokers & comparison",bridge home loan reviews,0,,,,commercial,dataforseo labs,
"Lenders, brokers & comparison",bridge lenders near me,0,,0.0,,,keyword planner,
"Lenders, brokers & comparison",bridge loan lenders california,0,,,,commercial,dataforseo labs,
"Lenders, brokers & comparison",bridge loan lenders florida,0,,,,commercial,dataforseo labs,
"Lenders, brokers & comparison",bridge to let lenders,0,,0.0,,,keyword planner,0;0;0;0;0;0;0;0;0;0;0;0
"Lenders, brokers & comparison",bridge to let mortgage lenders,0,,0.0,,,keyword planner,0;0;0;0;0;0;0;0;0;0;0;0
"Lenders, brokers & comparison",bridging & specialist finance broker,0,,,,commercial,dataforseo labs,
"Lenders, brokers & comparison",bridging finance companies in cape town,0,,,,commercial,dataforseo labs,
"Lenders, brokers & comparison",bridging finance for companies,0,,0.0,,,keyword planner,0;0;0;0;0;0;0;0;0;0;0;0
"Lenders, brokers & comparison",bridging finance ing,0,,,,commercial,dataforseo labs,
"Lenders, brokers & comparison",bridging finance melbourne reviews,0,,,,commercial,dataforseo labs,
"Lenders, brokers & comparison",bridging finance reviews,0,,,,informational,dataforseo labs,
"Lenders, brokers & comparison",bridging home loan reviews,0,,,,commercial,dataforseo labs,
"Lenders, brokers & comparison",bridging loan australia reviews,0,,,,commercial,dataforseo labs,
"Lenders, brokers & comparison",bridging loan brisbane,0,,,,commercial,dataforseo labs,
"Lenders, brokers & comparison",bridging loan broker commission,0,,,,commercial,dataforseo labs,
"Lenders, brokers & comparison",bridging loan broker sydney,0,,,,commercial,dataforseo labs,
"Lenders, brokers & comparison",bridging loan direct lenders,0,,0.0,,commercial,keyword planner,0;0;0;0;0;0;0;0;0;0;0;0
"Lenders, brokers & comparison",bridging loan ing contact,0,,,,transactional,dataforseo labs,
"Lenders, brokers & comparison",bridging loan ing contact number,0,,,,transactional,dataforseo labs,
"Lenders, brokers & comparison",bridging loan ing reviews,0,,,,commercial,dataforseo labs,
"Lenders, brokers & comparison",bridging loan meaning nsw,0,,,,informational,dataforseo labs,
"Lenders, brokers & comparison",bridging loan qld,0,,,,commercial,dataforseo labs,
"Lenders, brokers & comparison",bridging loan suncorp contact,0,,,,transactional,dataforseo labs,
"Lenders, brokers & comparison",bridging loan suncorp requirements,0,,,,transactional,dataforseo labs,
"Lenders, brokers & comparison",bridging loan suncorp reviews,0,,,,commercial,dataforseo labs,
"Lenders, brokers & comparison",bridging loans commonwealth bank reviews,0,,,,commercial,dataforseo labs,
"Lenders, brokers & comparison",bridging loans direct,0,,0.0,,,keyword planner,0;0;0;0;0;0;0;0;0;0;0;0
"Lenders, brokers & comparison",bridging loans for limited company,0,,0.0,,,keyword planner,0;0;0;0;0;0;0;0;0;0;0;0
"Lenders, brokers & comparison",bridging loans melbourne reviews,0,,,,commercial,dataforseo labs,
"Lenders, brokers & comparison",bridging loans nsw requirements,0,,,,commercial,dataforseo labs,
"Lenders, brokers & comparison",bridging loans nsw reviews,0,,,,commercial,dataforseo labs,
"Lenders, brokers & comparison",bridging mortgage loan reviews,0,,,,commercial,dataforseo labs,
"Lenders, brokers & comparison",bridging mortgage loans reviews,0,,,,commercial,dataforseo labs,
"Lenders, brokers & comparison",capital bridging finance australia,0,,,,commercial,dataforseo labs,
"Lenders, brokers & comparison",capital bridging finance reviews,0,,,,commercial,dataforseo labs,
"Lenders, brokers & comparison",caribbean bridge lender,0,,0.0,,,keyword planner,0;0;0;0;0;0;0;0;0;0;0;0
"Lenders, brokers & comparison",cba bridging loan requirements,0,,,,commercial,dataforseo labs,
"Lenders, brokers & comparison",cba bridging loan reviews,0,,,,commercial,dataforseo labs,
"Lenders, brokers & comparison",commbank bridging loan requirements,0,,,,transactional,dataforseo labs,
"Lenders, brokers & comparison",commbank bridging loan reviews,0,,,,commercial,dataforseo labs,
"Lenders, brokers & comparison",companies like bridge lending solutions,0,,0.0,,,keyword planner,0;0;0;0;0;0;0;0;0;0;0;0
"Lenders, brokers & comparison",directbridge loan,0,,0.0,,,keyword planner,
"Lenders, brokers & comparison",first direct bridging loan,0,,0.0,,,keyword planner,0;0;0;0;0;0;0;0;0;0;0;0
"Lenders, brokers & comparison",free bridging finance broker,0,,,,commercial,dataforseo labs,
"Lenders, brokers & comparison",free bridging loans melbourne,0,,,,commercial,dataforseo labs,
"Lenders, brokers & comparison",hard money bridge loan lenders,0,,0.0,,,keyword planner,
"Lenders, brokers & comparison",hope capital bridging loan,0,,0.0,,,keyword planner,0;0;0;0;0;0;0;0;0;0;0;0
"Lenders, brokers & comparison",hotel bridge lenders,0,,0.0,,,keyword planner,0;0;0;0;0;0;0;0;0;0;0;0
"Lenders, brokers & comparison",how a bridging loan works nsw,0,,,,informational,dataforseo labs,
"Lenders, brokers & comparison",how do bridging loans work australia nsw,0,,,,informational,dataforseo labs,
"Lenders, brokers & comparison",how does a bridging loan work australia nsw,0,,,,informational,dataforseo labs,
"Lenders, brokers & comparison",how does a bridging loan work in australia nsw,0,,,,informational,dataforseo labs,
"Lenders, brokers & comparison",how does a bridging loan work westpac,0,,,,informational,dataforseo labs,
"Lenders, brokers & comparison",how to become a bridging finance broker,0,,,,informational,dataforseo labs,
"Lenders, brokers & comparison",how to start a bridging finance company,0,,,,informational,dataforseo labs,
"Lenders, brokers & comparison",in a bridge loan the lender,0,,0.0,,,keyword planner,0;0;0;0;0;0;0;0;0;0;0;0
"Lenders, brokers & comparison",international bridge loan lenders,0,,0.0,,commercial,keyword planner,0;0;0;0;0;0;0;0;0;0;0;0
"Lenders, brokers & comparison",largest bridge lenders,0,,0.0,,,keyword planner,0;0;0;0;0;0;0;0;0;0;0;0
"Lenders, brokers & comparison",liberty bridge loans,0,,0.0,,,keyword planner,0;0;0;0;0;0;0;0;0;0;0;0
"Lenders, brokers & comparison",limited company bridging loan,0,,0.0,,,keyword planner,0;0;0;0;0;0;0;0;0;0;0;0
"Lenders, brokers & comparison",macquarie bank bridging loan requirements,0,,,,transactional,dataforseo labs,
"Lenders, brokers & comparison",macquarie bank bridging loan reviews,0,,,,commercial,dataforseo labs,
"Lenders, brokers & comparison",macquarie bridging loan requirements,0,,,,commercial,dataforseo labs,
"Lenders, brokers & comparison",macquarie bridging loan reviews,0,,,,commercial,dataforseo labs,
"Lenders, brokers & comparison",meaning of bridging finance nsw,0,,,,informational,dataforseo labs,
"Lenders, brokers & comparison",mortgage broker bridging loans,0,,,,commercial,dataforseo labs,
"Lenders, brokers & comparison",mortgage broker for bridging finance,0,,,,commercial,dataforseo labs,
"Lenders, brokers & comparison",mortgage companies that offer bridge loans,0,,0.0,,,keyword planner,0;0;0;0;0;0;0;0;0;0;0;0
"Lenders, brokers & comparison",nab bridging loan reviews,0,,,,commercial,dataforseo labs,
"Lenders, brokers & comparison",non status bridging lenders,0,,0.0,,,keyword planner,0;0;0;0;0;0;0;0;0;0;0;0
"Lenders, brokers & comparison",regulated bridging loan lenders,0,,0.0,,,keyword planner,0;0;0;0;0;0;0;0;0;0;0;0
"Lenders, brokers & comparison",residential bridge loan lenders,0,,0.0,,commercial,keyword planner,0;0;0;0;0;0;0;0;0;0;0;0
"Lenders, brokers & comparison",residential bridge loan lenders near me,0,,0.0,,,keyword planner,0;0;0;0;0;0;0;0;0;0;0;0
"Lenders, brokers & comparison",sba express bridge loan lenders,0,,,,informational,dataforseo labs,
"Lenders, brokers & comparison",second charge bridging lenders,0,,0.0,,,keyword planner,
"Lenders, brokers & comparison",setting up a bridging loan company,0,,0.0,,,keyword planner,0;0;0;0;0;0;0;0;0;0;0;0
"Lenders, brokers & comparison",st george bridging loan requirements,0,,,,commercial,dataforseo labs,
"Lenders, brokers & comparison",suncorp bridging loan contact,0,,,,navigational,dataforseo labs,
"Lenders, brokers & comparison",suncorp bridging loan requirements,0,,,,transactional,dataforseo labs,
"Lenders, brokers & comparison",suncorp bridging loan reviews,0,,,,commercial,dataforseo labs,
"Lenders, brokers & comparison",the bridging loans company,0,,0.0,,,keyword planner,0;0;0;0;0;0;0;0;0;0;0;0
"Lenders, brokers & comparison",westpac bridging finance contact,0,,,,navigational,dataforseo labs,
"Lenders, brokers & comparison",westpac bridging finance contact number,0,,,,navigational,dataforseo labs,
"Lenders, brokers & comparison",westpac bridging finance login,0,,,,navigational,dataforseo labs,
"Lenders, brokers & comparison",westpac bridging finance phone number,0,,,,navigational,dataforseo labs,
"Lenders, brokers & comparison",westpac bridging loan contact,0,,,,navigational,dataforseo labs,
"Lenders, brokers & comparison",westpac bridging loan contact number,0,,,,navigational,dataforseo labs,
"Lenders, brokers & comparison",what is a bridging loan australia nsw,0,,,,informational,dataforseo labs,
"Lenders, brokers & comparison",what is bridging finance nsw,0,,,,informational,dataforseo labs,
"Lenders, brokers & comparison",which bank does bridging loans,0,,,,commercial,dataforseo labs,
"Lenders, brokers & comparison",which banks offer bridging loan,0,,,,commercial,dataforseo labs,
"Lenders, brokers & comparison",which best bridging loans,0,,,,commercial,dataforseo labs,
"Lenders, brokers & comparison",who offers bridging finance,0,,,,commercial,dataforseo labs,
"Lenders, brokers & comparison",working with a bridging loan broker,0,,0.0,,,keyword planner,0;0;0;0;0;0;0;0;0;0;0;0
"Rates, cost & repayments",bridge loan interest rate,720,bridging loan interest rate,4.33,,informational,dataforseo labs,
"Rates, cost & repayments",bridge loan interest rates,720,bridging loan interest rate,4.33,,informational,dataforseo labs,
"Rates, cost & repayments",bridging finance interest rates,720,bridging loan interest rate,6.51,MEDIUM,commercial,keyword planner,880;880;720;390;720;720;1000;590;720;590;720;590
"Rates, cost & repayments",bridging loan interest rate,720,,6.51,MEDIUM,informational,keyword planner,880;880;720;390;720;720;1000;590;720;590;720;590
"Rates, cost & repayments",bridging loan interest rates,720,bridging loan interest rate,4.33,,informational,dataforseo labs,
"Rates, cost & repayments",bridging loans interest rates,720,bridging loan interest rate,4.33,,informational,dataforseo labs,
"Rates, cost & repayments",interest rate bridging loan,720,bridging loan interest rate,4.33,,informational,dataforseo labs,
"Rates, cost & repayments",interest rate for bridging loan,720,bridging loan interest rate,4.33,,informational,dataforseo labs,
"Rates, cost & repayments",interest rate on bridging loan,720,bridging loan interest rate,4.33,,informational,dataforseo labs,
"Rates, cost & repayments",bridging finance rates,320,bridging loan rate,10.28,HIGH,informational,keyword planner,480;390;320;170;260;320;480;260;320;260;210;260
"Rates, cost & repayments",bridging loan rate,320,,10.28,HIGH,informational,keyword planner,480;390;320;170;260;320;480;260;320;260;210;260
"Rates, cost & repayments",bridge lending rates,140,bridging loan rates,10.55,MEDIUM,,keyword planner,260;170;110;90;110;170;140;110;110;90;110;110
"Rates, cost & repayments",bridge loan rates,140,bridging loan rates,6.19,,informational,dataforseo labs,
"Rates, cost & repayments",bridging finance rate,140,bridging loan rates,10.55,MEDIUM,informational,keyword planner,260;170;110;90;110;170;140;110;110;90;110;110
"Rates, cost & repayments",bridging loan rates,140,,10.55,MEDIUM,informational,keyword planner,260;170;110;90;110;170;140;110;110;90;110;110
"Rates, cost & repayments",bridging loans rates,140,bridging loan rates,6.19,,informational,dataforseo labs,
"Rates, cost & repayments",westpac bridging loan interest rate,140,,8.06,LOW,commercial,keyword planner,110;110;110;70;90;140;140;140;170;170;170;140
"Rates, cost & repayments",westpac bridging loan interest rates,140,westpac bridging loan interest rate,3.79,,commercial,dataforseo labs,
"Rates, cost & repayments",bridge loan cost,110,bridging loan cost,5.33,,informational,dataforseo labs,
"Rates, cost & repayments",bridge loan costs,110,bridging loan cost,5.33,,informational,dataforseo labs,
"Rates, cost & repayments",bridging loan cost,110,,9.78,HIGH,informational,keyword planner,110;140;110;70;110;140;140;90;110;90;70;90
"Rates, cost & repayments",bridging loan costs,110,bridging loan cost,5.33,,informational,dataforseo labs,
"Rates, cost & repayments",bridging loans cost,110,bridging loan cost,5.33,,informational,dataforseo labs,
"Rates, cost & repayments",bridging loans costs,110,bridging loan cost,5.33,,informational,dataforseo labs,
"Rates, cost & repayments",cost of bridging finance,110,bridging loan cost,9.78,HIGH,informational,keyword planner,110;140;110;70;110;140;140;90;110;90;70;90
"Rates, cost & repayments",cost of bridging loan,110,bridging loan cost,9.78,HIGH,,keyword planner,110;140;110;70;110;140;140;90;110;90;70;90
"Rates, cost & repayments",anz bridging loan interest rate,90,,6.43,,informational,dataforseo labs,
"Rates, cost & repayments",bridging finance rates australia,90,bridging loan rates australia,14.57,HIGH,commercial,keyword planner,110;110;90;70;90;90;70;70;70;70;40;50
"Rates, cost & repayments",bridging finance rates westpac,90,westpac bridging loan rate,10.92,LOW,commercial,keyword planner,90;140;110;50;70;110;110;50;90;90;70;110
"Rates, cost & repayments",bridging loan rates australia,90,,14.57,HIGH,commercial,keyword planner,110;110;90;70;90;90;70;70;70;70;40;50
"Rates, cost & repayments",how much do bridging loans cost,90,how much does a bridging loan cost,3.07,,informational,dataforseo labs,
"Rates, cost & repayments",how much does a bridging loan cost,90,,6.46,MEDIUM,informational,keyword planner,90;110;110;70;90;90;110;110;90;70;90;90
"Rates, cost & repayments",how much does bridging finance cost,90,how much does a bridging loan cost,6.46,MEDIUM,informational,keyword planner,90;110;110;70;90;90;110;110;90;70;90;90
"Rates, cost & repayments",how much does bridging loan cost,90,how much does a bridging loan cost,3.07,,informational,dataforseo labs,
"Rates, cost & repayments",how much will a bridging loan cost,90,how much does a bridging loan cost,3.07,,informational,dataforseo labs,
"Rates, cost & repayments",westpac bridging finance rates,90,westpac bridging loan rate,6.54,,commercial,dataforseo labs,
"Rates, cost & repayments",westpac bridging loan rate,90,,10.92,LOW,commercial,keyword planner,90;140;110;50;70;110;110;50;90;90;70;110
"Rates, cost & repayments",westpac bridging loan rates,90,westpac bridging loan rate,10.92,LOW,commercial,keyword planner,90;140;110;50;70;110;110;50;90;90;70;110
"Rates, cost & repayments",cba bridging loan interest rate,70,,0.59,,informational,dataforseo labs,
"Rates, cost & repayments",cheapest bridging loans australia,70,,16.68,,commercial,dataforseo labs,
"Rates, cost & repayments",nab bridging finance interest rates,70,nab bridging loan interest rate,10.75,MEDIUM,,keyword planner,50;70;70;50;90;70;70;70;110;70;70;50
"Rates, cost & repayments",nab bridging loan interest rate,70,,10.75,MEDIUM,informational,keyword planner,50;70;70;50;90;70;70;70;110;70;70;50
"Rates, cost & repayments",st george bridging loan interest rate,70,,19.09,,informational,dataforseo labs,
"Rates, cost & repayments",bridge loan interest,50,bridging loan interest,5.51,,informational,dataforseo labs,
"Rates, cost & repayments",bridging loan interest,50,,8.25,MEDIUM,commercial,keyword planner,50;70;40;30;50;50;50;40;50;40;30;30
"Rates, cost & repayments",bridging loan interest rates australia,50,,13.58,MEDIUM,commercial,keyword planner,70;90;50;30;50;70;50;40;40;20;20;20
"Rates, cost & repayments",how much are bridging loans,50,how much is a bridging loan,3.08,,informational,dataforseo labs,
"Rates, cost & repayments",how much is a bridging loan,50,,3.08,,informational,dataforseo labs,
"Rates, cost & repayments",how much is bridging finance,50,,3.51,,informational,dataforseo labs,
"Rates, cost & repayments",interest on a bridging loan,50,bridging loan interest,8.25,MEDIUM,,keyword planner,50;70;40;30;50;50;50;40;50;40;30;30
"Rates, cost & repayments",anz bridging loan rate,30,,14.05,LOW,informational,keyword planner,40;40;20;10;10;30;40;30;20;30;30;20
"Rates, cost & repayments",bridging loan interest rate commonwealth bank,30,,7.08,MEDIUM,informational,keyword planner,30;50;40;20;30;20;20;10;30;30;30;20
"Rates, cost & repayments",commbank bridging loan interest rate,30,,3.87,,informational,dataforseo labs,
"Rates, cost & repayments",anz bridging finance rates,20,anz bridging loan rates,12.96,MEDIUM,informational,keyword planner,30;20;20;10;20;20;20;20;20;20;20;30
"Rates, cost & repayments",anz bridging loan rates,20,,12.96,MEDIUM,informational,keyword planner,30;20;20;10;20;20;20;20;20;20;20;30
"Rates, cost & repayments",are bridging loans expensive,20,,6.54,,informational,dataforseo labs,
"Rates, cost & repayments",best bridging loan rates australia,20,,38.56,,commercial,dataforseo labs,
"Rates, cost & repayments",bridge loan fees,20,bridging loan fees,6.79,,informational,dataforseo labs,
"Rates, cost & repayments",bridging costs,20,,9.35,LOW,,keyword planner,30;20;20;20;20;20;30;30;30;10;20;30
"Rates, cost & repayments",bridging finance cost,20,,3.43,,informational,dataforseo labs,
"Rates, cost & repayments",bridging finance costs,20,bridging finance cost,3.43,,informational,dataforseo labs,
"Rates, cost & repayments",bridging finance fees,20,bridging loan fees,17.4,MEDIUM,commercial,keyword planner,20;20;20;10;30;20;20;20;10;20;10;20
"Rates, cost & repayments",bridging loan fees,20,,17.4,MEDIUM,informational,keyword planner,20;20;20;10;30;20;20;20;10;20;10;20
"Rates, cost & repayments",cba bridging loan rate,20,,0.34,,informational,dataforseo labs,
"Rates, cost & repayments",cheap bridging finance,20,,66.05,MEDIUM,,keyword planner,20;20;20;10;20;30;10;10;20;10;10;20
"Rates, cost & repayments",cheap bridging loans,20,,66.06,MEDIUM,commercial,keyword planner,20;20;20;10;20;30;10;10;20;10;10;20
"Rates, cost & repayments",cheapest bridging finance,20,,19.74,,commercial,dataforseo labs,
"Rates, cost & repayments",cheapest bridging loans,20,cheap bridging finance,66.05,MEDIUM,,keyword planner,20;20;20;10;20;30;10;10;20;10;10;20
"Rates, cost & repayments",commonwealth bank bridging loan interest rate,20,,0.2,,informational,dataforseo labs,
"Rates, cost & repayments",what is the interest rate on a bridging loan,20,bridging loan borrowing power,5.55,,informational,dataforseo labs,
"Rates, cost & repayments",100k bridging loan cost,10,end debt,,,informational,dataforseo labs,
"Rates, cost & repayments",anz bridging finance interest rates,10,end debt,0.0,LOW,,keyword planner,0;10;10;0;10;0;10;10;10;0;0;10
"Rates, cost & repayments",anz bridging loan fees,10,,7.91,,commercial,dataforseo labs,
"Rates, cost & repayments",average bridge loan interest rate,10,,10.11,MEDIUM,,keyword planner,10;10;10;10;10;10;10;10;10;10;10;10
"Rates, cost & repayments",average bridging loan interest rate,10,average bridge loan interest rate,10.11,MEDIUM,,keyword planner,10;10;10;10;10;10;10;10;10;10;10;10
"Rates, cost & repayments",average bridging loan rates,10,end debt,0.0,HIGH,,keyword planner,0;0;0;0;0;10;10;0;10;10;0;10
"Rates, cost & repayments",average cost of a bridging loan,10,end debt,0.0,,,keyword planner,10;10;10;10;0;10;10;10;10;0;0;0
"Rates, cost & repayments",best bridge loan rates,10,end debt,12.44,,commercial,dataforseo labs,
"Rates, cost & repayments",best bridging finance rates,10,end debt,0.0,,commercial,keyword planner,0;10;10;10;10;10;10;10;10;10;0;0
"Rates, cost & repayments",best bridging loan interest rates,10,end debt,0.0,,commercial,keyword planner,10;0;0;0;10;0;0;0;0;10;10;0
"Rates, cost & repayments",best bridging loan rates,10,end debt,25.59,HIGH,commercial,keyword planner,10;10;10;10;10;20;10;10;10;10;10;20
"Rates, cost & repayments",best bridging loans rates,10,end debt,12.44,,commercial,dataforseo labs,
"Rates, cost & repayments",best bridging rates,10,end debt,0.0,,,keyword planner,0;0;10;0;0;10;10;0;0;0;0;0
"Rates, cost & repayments",best rate bridging loans,10,end debt,,,commercial,dataforseo labs,
"Rates, cost & repayments",bridge loan closing costs,10,end debt,0.0,,informational,keyword planner,0;0;0;0;0;10;10;0;0;0;0;0
"Rates, cost & repayments",bridge loan down payment,10,end debt,,,commercial,dataforseo labs,
"Rates, cost & repayments",bridge loan for down payment,10,end debt,0.0,,,keyword planner,0;0;0;0;0;0;10;0;10;0;0;0
"Rates, cost & repayments",bridge loan interest only,10,end debt,,,informational,dataforseo labs,
"Rates, cost & repayments",bridge loan interest tax deductible,10,end debt,,,informational,dataforseo labs,
"Rates, cost & repayments",bridge loan mortgage rates,10,end debt,0.0,LOW,informational,keyword planner,10;10;10;0;0;0;10;0;10;0;0;10
"Rates, cost & repayments",bridge loan payment,10,end debt,0.0,,transactional,keyword planner,0;10;0;0;0;0;0;0;0;0;0;0
"Rates, cost & repayments",bridge loan rates 2025,10,end debt,,,commercial,dataforseo labs,
"Rates, cost & repayments",bridge loan rates today,10,end debt,0.0,LOW,informational,keyword planner,10;10;10;0;0;10;10;0;10;10;10;10
"Rates, cost & repayments",bridge loan repayment,10,,8.17,MEDIUM,commercial,keyword planner,10;10;10;10;10;10;10;10;10;10;10;10
"Rates, cost & repayments",bridge mortgage rates,10,end debt,0.0,LOW,,keyword planner,10;10;10;0;0;0;10;0;10;0;0;10
"Rates, cost & repayments",bridging fees,10,,0.0,MEDIUM,,keyword planner,10;10;10;10;0;10;10;0;10;10;10;10
"Rates, cost & repayments",bridging finance interest rates australia,10,,30.57,HIGH,commercial,keyword planner,10;10;10;10;10;10;10;10;10;10;10;10
"Rates, cost & repayments",bridging finance rates cba,10,,0.26,,informational,dataforseo labs,
"Rates, cost & repayments",bridging finance rates nab,10,end debt,8.37,,commercial,dataforseo labs,
"Rates, cost & repayments",bridging home loan rates,10,end debt,16.95,HIGH,informational,keyword planner,10;10;10;10;10;10;10;10;10;10;10;10
"Rates, cost & repayments",bridging interest,10,end debt,0.0,,,keyword planner,0;10;0;10;0;10;10;10;0;10;0;0
"Rates, cost & repayments",bridging interest rates,10,end debt,0.0,,,keyword planner,10;10;10;10;10;10;10;10;10;10;10;0
"Rates, cost & repayments",bridging loan apr,10,end debt,0.0,,commercial,keyword planner,0;0;10;0;0;0;0;0;0;0;0;0
"Rates, cost & repayments",bridging loan arrangement fees,10,end debt,0.0,,commercial,keyword planner,0;10;0;0;0;0;0;0;0;0;0;0
"Rates, cost & repayments",bridging loan best rates,10,end debt,0.0,HIGH,commercial,keyword planner,10;10;10;10;10;10;10;10;10;10;0;10
"Rates, cost & repayments",bridging loan cost per month,10,end debt,,,informational,dataforseo labs,
"Rates, cost & repayments",bridging loan exit strategy,10,end debt,,,informational,dataforseo labs,
"Rates, cost & repayments",bridging loan interest rate australia,10,,3.97,HIGH,commercial,keyword planner,10;10;10;10;10;10;10;10;10;10;10;10
"Rates, cost & repayments",bridging loan interest rate westpac,10,end debt,0.0,LOW,commercial,keyword planner,20;20;10;10;20;20;10;20;10;10;10;10
"Rates, cost & repayments",bridging loan percentage,10,,4.88,,informational,dataforseo labs,
"Rates, cost & repayments",bridging loan percentages,10,,10.09,MEDIUM,informational,keyword planner,10;10;10;10;10;10;10;10;10;10;10;10
"Rates, cost & repayments",bridging loan property purchase strategy,10,end debt,,,transactional,dataforseo labs,
"Rates, cost & repayments",bridging loan repayments,10,bridge loan repayment,8.17,MEDIUM,commercial,keyword planner,10;10;10;10;10;10;10;10;10;10;10;10
"Rates, cost & repayments",bridging loan typical rates,10,end debt,,,informational,dataforseo labs,
"Rates, cost & repayments",bridging loans best rates,10,end debt,27.59,,commercial,dataforseo labs,
"Rates, cost & repayments",bridging mortgage rates,10,end debt,0.0,LOW,,keyword planner,10;10;10;0;0;0;10;0;10;0;0;10
"Rates, cost & repayments",bridging rates,10,end debt,0.0,HIGH,,keyword planner,10;10;10;10;0;10;10;0;10;10;10;10
"Rates, cost & repayments",cheapest bridging loan rates,10,end debt,0.0,,commercial,keyword planner,10;10;10;10;0;0;10;10;0;10;0;0
"Rates, cost & repayments",commercial bridge loan rates,10,end debt,,,commercial,dataforseo labs,
"Rates, cost & repayments",commercial bridging loan rates,10,end debt,0.0,,commercial,keyword planner,10;0;0;0;10;0;10;10;10;0;10;0
"Rates, cost & repayments",commonwealth bank bridging loan rates,10,,17.73,MEDIUM,commercial,keyword planner,10;10;10;10;10;10;10;10;10;10;10;10
"Rates, cost & repayments",compare bridging loan rates,10,end debt,0.0,MEDIUM,,keyword planner,10;10;10;10;10;10;10;10;10;10;10;10
"Rates, cost & repayments",construction bridge loan rates,10,end debt,,,informational,dataforseo labs,
"Rates, cost & repayments",corporate bridge loans,10,end debt,0.0,LOW,,keyword planner,40;20;10;10;0;10;10;0;0;0;0;10
"Rates, cost & repayments",corporate bridging loan,10,end debt,,,commercial,dataforseo labs,
"Rates, cost & repayments",cost of bridging finance australia,10,,3.27,HIGH,commercial,keyword planner,10;10;10;10;10;10;10;10;10;10;10;10
"Rates, cost & repayments",cost of bridging loans for house purchase,10,,9.51,HIGH,commercial,keyword planner,10;0;10;10;10;10;10;10;10;0;10;10
"Rates, cost & repayments",current bridge loan rates,10,,3.58,HIGH,informational,keyword planner,10;10;10;10;10;10;10;10;10;10;10;10
"Rates, cost & repayments",current bridging loan rates,10,current bridge loan rates,3.58,HIGH,,keyword planner,10;10;10;10;10;10;10;10;10;10;10;10
"Rates, cost & repayments",deferred payment bridging loan,10,end debt,0.0,,,keyword planner,10;10;0;0;0;0;0;0;0;0;0;0
"Rates, cost & repayments",home bridge loan rates,10,end debt,0.0,,informational,keyword planner,0;10;0;10;0;0;10;10;10;0;10;0
"Rates, cost & repayments",how much does a bridging loan cost per month,10,end debt,,,commercial,dataforseo labs,
"Rates, cost & repayments",how much does it cost to get a bridging loan,10,end debt,0.0,,informational,keyword planner,10;10;0;10;10;0;10;0;10;10;10;0
"Rates, cost & repayments",how much interest is a bridging loan,10,end debt,,,informational,dataforseo labs,
"Rates, cost & repayments",how much is a bridging loan cost,10,,1.39,,informational,dataforseo labs,
"Rates, cost & repayments",how much is bridging finance australia,10,,2.71,,informational,dataforseo labs,
"Rates, cost & repayments",how much is bridging loan interest,10,end debt,1.67,,informational,dataforseo labs,
"Rates, cost & repayments",how much would a bridging loan cost,10,end debt,0.0,HIGH,informational,keyword planner,10;10;0;10;10;0;10;10;0;10;0;10
"Rates, cost & repayments",hsbc bridging loan interest rate,10,end debt,0.0,,informational,keyword planner,10;0;10;0;10;10;10;0;10;10;10;0
"Rates, cost & repayments",hsbc bridging loan rates,10,end debt,0.0,,informational,keyword planner,10;10;10;10;10;10;10;10;10;10;10;0
"Rates, cost & repayments",interest free bridge loan,10,end debt,,,commercial,dataforseo labs,
"Rates, cost & repayments",interest only bridge loan,10,end debt,0.0,HIGH,,keyword planner,10;10;10;10;10;10;10;10;10;10;10;10
"Rates, cost & repayments",interest only bridging loan,10,end debt,0.0,HIGH,informational,keyword planner,10;10;10;10;10;10;10;10;10;10;10;10
"Rates, cost & repayments",interest rate for bridging finance,10,end debt,0.0,MEDIUM,informational,keyword planner,10;10;10;10;10;10;10;10;10;10;10;10
"Rates, cost & repayments",interest rate on a bridge loan,10,,8.59,MEDIUM,,keyword planner,10;10;10;10;10;10;10;10;10;10;10;10
"Rates, cost & repayments",interest rates for bridging loans,10,,1.53,,informational,dataforseo labs,
"Rates, cost & repayments",is bridge loan interest tax deductible,10,end debt,,,informational,dataforseo labs,
"Rates, cost & repayments",is bridging finance expensive,10,,4.05,,informational,dataforseo labs,
"Rates, cost & repayments",low cost bridging loans,10,end debt,0.0,HIGH,commercial,keyword planner,0;10;0;0;0;10;0;10;0;0;0;10
"Rates, cost & repayments",low rate bridging loan,10,end debt,0.0,HIGH,,keyword planner,10;10;10;0;10;10;10;10;10;0;10;10
"Rates, cost & repayments",low rate bridging loans,10,end debt,0.0,HIGH,,keyword planner,10;10;10;0;10;10;10;10;10;0;10;10
"Rates, cost & repayments",nab bridging loan rate,10,end debt,8.37,,informational,dataforseo labs,
"Rates, cost & repayments",nab bridging loan rates,10,end debt,0.0,LOW,commercial,keyword planner,20;30;10;10;20;10;10;10;10;10;10;10
"Rates, cost & repayments",rates for bridging loans,10,,17.13,,informational,dataforseo labs,
"Rates, cost & repayments",real estate bridge loan rates,10,end debt,0.0,,,keyword planner,0;0;0;0;10;0;0;0;10;0;0;0
"Rates, cost & repayments",short term bridge loan rates,10,end debt,0.0,,,keyword planner,0;0;0;0;0;0;10;0;0;10;0;0
"Rates, cost & repayments",short-term bridge loan rates,10,end debt,,,informational,dataforseo labs,
"Rates, cost & repayments",typical bridge loan interest rate,10,deposit bond off the plan,0.0,LOW,,keyword planner,10;0;10;10;10;10;10;10;10;10;10;10
"Rates, cost & repayments",typical bridging loan costs,10,end debt,0.0,,,keyword planner,0;0;0;0;10;0;10;0;0;0;0;0
"Rates, cost & repayments",typical bridging loan interest rates,10,deposit bond off the plan,0.0,LOW,,keyword planner,10;0;10;10;10;10;10;10;10;10;10;10
"Rates, cost & repayments",typical bridging loan rates,10,end debt,0.0,,informational,keyword planner,10;10;0;0;10;10;10;10;0;10;10;0
"Rates, cost & repayments",typical interest rate on bridge loan,10,end debt,0.0,HIGH,,keyword planner,10;10;10;0;10;10;0;10;0;0;0;10
"Rates, cost & repayments",westpac bridging loan fees,10,end debt,0.0,LOW,informational,keyword planner,10;10;10;10;10;10;20;10;10;10;10;10
"Rates, cost & repayments",what do bridging loans cost,10,end debt,0.0,HIGH,informational,keyword planner,0;0;10;10;10;10;10;10;10;10;10;10
"Rates, cost & repayments",what does a bridge loan cost,10,end debt,7.6,MEDIUM,,keyword planner,10;10;10;10;10;10;10;10;10;10;10;10
"Rates, cost & repayments",what does a bridging loan cost,10,end debt,7.6,MEDIUM,informational,keyword planner,10;10;10;10;10;10;10;10;10;10;10;10
"Rates, cost & repayments",what does bridging finance cost,10,,10.67,HIGH,informational,keyword planner,10;10;10;10;10;10;10;10;10;10;10;10
"Rates, cost & repayments",what is a bridge loan interest rate,10,end debt,,,informational,dataforseo labs,
"Rates, cost & repayments",what is the cost of a bridge loan,10,end debt,0.0,,,keyword planner,0;0;0;0;10;0;0;0;0;0;0;0
"Rates, cost & repayments",what is the cost of a bridging loan,10,end debt,0.0,MEDIUM,informational,keyword planner,10;10;10;10;10;10;10;10;10;10;10;10
"Rates, cost & repayments",what is the interest on a bridging loan,10,,7.76,MEDIUM,informational,keyword planner,10;10;10;10;10;10;20;10;10;10;10;10
"Rates, cost & repayments",what is the interest rate for a bridging loan,10,end debt,7.54,,informational,dataforseo labs,
"Rates, cost & repayments",what is the interest rate for bridging finance,10,,2.59,,informational,dataforseo labs,
"Rates, cost & repayments",what is the typical interest rate on a bridging loan,10,,5.51,,informational,dataforseo labs,
"Rates, cost & repayments",why are bridging loans so expensive,10,,4.83,,informational,dataforseo labs,
"Rates, cost & repayments",balloon payment bridge loan,0,,,,transactional,dataforseo labs,
"Rates, cost & repayments",bankwest bridging loan rates,0,,,,commercial,dataforseo labs,
"Rates, cost & repayments",best bridging finance rate,0,,,,commercial,dataforseo labs,
"Rates, cost & repayments",best bridging loan interest rate,0,,,,commercial,dataforseo labs,
"Rates, cost & repayments",best bridging loan interest rates australia,0,,,,commercial,dataforseo labs,
"Rates, cost & repayments",bridge home loan interest rate,0,,,,commercial,dataforseo labs,
"Rates, cost & repayments",bridge home loan rates,0,,,,commercial,dataforseo labs,
"Rates, cost & repayments",bridge lending solutions interest rates,0,,0.0,,,keyword planner,0;0;0;0;0;0;0;0;0;0;0;0
"Rates, cost & repayments",bridge loan interest rates 2022,0,,,,informational,dataforseo labs,
"Rates, cost & repayments",bridge loan rates 2017,0,,,,informational,dataforseo labs,
"Rates, cost & repayments",bridge loan rates 2018,0,,,,informational,dataforseo labs,
"Rates, cost & repayments",bridge loan rates 2019,0,,,,informational,dataforseo labs,
"Rates, cost & repayments",bridge loan rates 2020,0,,,,informational,dataforseo labs,
"Rates, cost & repayments",bridge loan rates 2021,0,,,,informational,dataforseo labs,
"Rates, cost & repayments",bridge loan rates 2022,0,,,,informational,dataforseo labs,
"Rates, cost & repayments",bridge loan rates california,0,,,,informational,dataforseo labs,
"Rates, cost & repayments",bridge loan rates canada,0,,,,informational,dataforseo labs,
"Rates, cost & repayments",bridge mortgage cost,0,,0.0,,,keyword planner,
"Rates, cost & repayments",bridging construction loan interest rate,0,,,,commercial,dataforseo labs,
"Rates, cost & repayments",bridging construction loan rates,0,,,,commercial,dataforseo labs,
"Rates, cost & repayments",bridging finance interest only,0,,,,commercial,dataforseo labs,
"Rates, cost & repayments",bridging finance interest rates south africa,0,,,,commercial,dataforseo labs,
"Rates, cost & repayments",bridging finance rates for seniors,0,,,,commercial,dataforseo labs,
"Rates, cost & repayments",bridging finance rates nsw,0,,,,commercial,dataforseo labs,
"Rates, cost & repayments",bridging finance rates south africa,0,,,,commercial,dataforseo labs,
"Rates, cost & repayments",bridging home loans rates,0,,,,commercial,dataforseo labs,
"Rates, cost & repayments",bridging loan australia interest rate,0,,,,commercial,dataforseo labs,
"Rates, cost & repayments",bridging loan broker fee,0,,,,commercial,dataforseo labs,
"Rates, cost & repayments",bridging loan costs australia,0,,,,commercial,dataforseo labs,
"Rates, cost & repayments",bridging loan costs nsw,0,,,,commercial,dataforseo labs,
"Rates, cost & repayments",bridging loan costs reddit,0,,,,commercial,dataforseo labs,
"Rates, cost & repayments",bridging loan how much does it cost,0,,,,commercial,dataforseo labs,
"Rates, cost & repayments",bridging loan ing interest rate,0,,,,commercial,dataforseo labs,
"Rates, cost & repayments",bridging loan ing rates,0,,,,commercial,dataforseo labs,
"Rates, cost & repayments",bridging loan interest rate cba,0,,,,commercial,dataforseo labs,
"Rates, cost & repayments",bridging loan interest rate comparison,0,,,,commercial,dataforseo labs,
"Rates, cost & repayments",bridging loan interest rate st george,0,,,,commercial,dataforseo labs,
"Rates, cost & repayments",bridging loan interest rates nsw,0,,,,commercial,dataforseo labs,
"Rates, cost & repayments",bridging loan no arrangement fee,0,,0.0,,informational,keyword planner,0;0;0;0;0;0;0;0;0;0;0;0
"Rates, cost & repayments",bridging loan no broker fee,0,,,,transactional,dataforseo labs,
"Rates, cost & repayments",bridging loan no repayments,0,,,,commercial,dataforseo labs,
"Rates, cost & repayments",bridging loan property development rates,0,,,,commercial,dataforseo labs,
"Rates, cost & repayments",bridging loan rates nsw,0,,,,commercial,dataforseo labs,
"Rates, cost & repayments",bridging loan suncorp interest rate,0,,,,commercial,dataforseo labs,
"Rates, cost & repayments",bridging loans anz interest rate,0,,,,commercial,dataforseo labs,
"Rates, cost & repayments",bridging loans commonwealth bank interest rate,0,,,,commercial,dataforseo labs,
"Rates, cost & repayments",bridging loans commonwealth bank rates,0,,,,commercial,dataforseo labs,
"Rates, cost & repayments",bridging loans expensive,0,,,,commercial,dataforseo labs,
"Rates, cost & repayments",bridging loans nsw rates,0,,,,commercial,dataforseo labs,
"Rates, cost & repayments",bridging loans property development rates,0,,,,commercial,dataforseo labs,
"Rates, cost & repayments",bridging mortgage loan interest rate,0,,,,commercial,dataforseo labs,
"Rates, cost & repayments",bridging mortgage loan rates,0,,,,commercial,dataforseo labs,
"Rates, cost & repayments",business bridge loan rates,0,,,,commercial,dataforseo labs,
"Rates, cost & repayments",business bridging loan interest rate,0,,,,commercial,dataforseo labs,
"Rates, cost & repayments",business bridging loan rates,0,,,,commercial,dataforseo labs,
"Rates, cost & repayments",cba bridging loan rates,0,,,,commercial,dataforseo labs,
"Rates, cost & repayments",cheapest bridging loans australia reviews,0,,,,commercial,dataforseo labs,
"Rates, cost & repayments",construction bridging loan interest rate,0,,,,commercial,dataforseo labs,
"Rates, cost & repayments",construction bridging loan rates,0,,,,commercial,dataforseo labs,
"Rates, cost & repayments",costs for bridging loan,0,,,,commercial,dataforseo labs,
"Rates, cost & repayments",guaranteed rate bridge loan,0,,0.0,,,keyword planner,
"Rates, cost & repayments",how much are bridging loans per month,0,,,,commercial,dataforseo labs,
"Rates, cost & repayments",how much bridge loan cost,0,,,,commercial,dataforseo labs,
"Rates, cost & repayments",how much does bridge loan offer,0,,,,commercial,dataforseo labs,
"Rates, cost & repayments",how much does bridging finance cost reddit,0,,,,commercial,dataforseo labs,
"Rates, cost & repayments",how much does bridging loan cost in australia,0,,,,commercial,dataforseo labs,
"Rates, cost & repayments",how much is a bridging loan in australia,0,,,,commercial,dataforseo labs,
"Rates, cost & repayments",how much is bridging finance in australia,0,,,,commercial,dataforseo labs,
"Rates, cost & repayments",interest only bridging finance,0,,,,commercial,dataforseo labs,
"Rates, cost & repayments",interest rate for bridge finance is,0,,0.0,,,keyword planner,0;0;0;0;0;0;0;0;0;0;0;0
"Rates, cost & repayments",legal fees for bridging loan,0,,,,commercial,dataforseo labs,
"Rates, cost & repayments",macquarie bank bridging loan rates,0,,,,commercial,dataforseo labs,
"Rates, cost & repayments",macquarie bridging loan rates,0,,,,commercial,dataforseo labs,
"Rates, cost & repayments",multifamily bridge loan rates,0,,,,informational,dataforseo labs,
"Rates, cost & repayments",nab bridging loan interest rate increase,0,,,,commercial,dataforseo labs,
"Rates, cost & repayments",nab bridging loan interest rate reddit,0,,,,commercial,dataforseo labs,
"Rates, cost & repayments",property development bridging finance rates,0,,,,commercial,dataforseo labs,
"Rates, cost & repayments",property development bridging loan interest rate,0,,,,commercial,dataforseo labs,
"Rates, cost & repayments",property development bridging loan rates,0,,,,commercial,dataforseo labs,
"Rates, cost & repayments",retained interest bridging loan,0,,0.0,,,keyword planner,0;0;0;0;0;0;0;0;0;0;0;0
"Rates, cost & repayments",short term bridging finance rates,0,,,,commercial,dataforseo labs,
"Rates, cost & repayments",short term bridging loan interest rate,0,,,,commercial,dataforseo labs,
"Rates, cost & repayments",short term bridging loan rates,0,,,,commercial,dataforseo labs,
"Rates, cost & repayments",sme bridging loan interest rate,0,,0.0,,,keyword planner,
"Rates, cost & repayments",st george bridging loan interest rate increase,0,,,,commercial,dataforseo labs,
"Rates, cost & repayments",st george bridging loan rates,0,,,,commercial,dataforseo labs,
"Rates, cost & repayments",suncorp bridging loan rates,0,,,,commercial,dataforseo labs,
"Rates, cost & repayments",temporary bridging loan interest rate,0,,0.0,,informational,keyword planner,0;0;0;0;0;0;0;0;0;0;0;0
"Rates, cost & repayments",ticking fee bridge loan,0,,,,informational,dataforseo labs,
"Rates, cost & repayments",westpac bridging finance rates nsw,0,,,,commercial,dataforseo labs,
"Rates, cost & repayments",westpac bridging finance rates reddit,0,,,,navigational,dataforseo labs,
"Rates, cost & repayments",westpac bridging loan rate increase,0,,,,transactional,dataforseo labs,
"Rates, cost & repayments",westpac bridging loan rate reddit,0,,,,navigational,dataforseo labs,
"Rates, cost & repayments",what are the current interest rates on a bridge loan,0,,0.0,,,keyword planner,0;0;0;0;0;0;0;0;0;0;0;0
"Scenario: build, renovate or land",bridge construction loan,70,construction bridge loan,12.14,,commercial,dataforseo labs,
"Scenario: build, renovate or land",bridge loan construction,70,construction bridge loan,12.14,,commercial,dataforseo labs,
"Scenario: build, renovate or land",bridge loan for construction,70,construction bridge loan,12.14,,commercial,dataforseo labs,
"Scenario: build, renovate or land",bridging construction loan,70,construction bridge loan,12.14,,commercial,dataforseo labs,
"Scenario: build, renovate or land",bridging loan construction,70,construction bridge loan,35.77,HIGH,commercial,keyword planner,110;50;70;40;50;70;70;50;70;50;30;40
"Scenario: build, renovate or land",construction bridge lenders,70,construction bridge loan,35.77,HIGH,,keyword planner,110;50;70;40;50;70;70;50;70;50;30;40
"Scenario: build, renovate or land",construction bridge loan,70,,35.77,HIGH,,keyword planner,110;50;70;40;50;70;70;50;70;50;30;40
"Scenario: build, renovate or land",construction bridging loan,70,construction bridge loan,12.14,,commercial,dataforseo labs,
"Scenario: build, renovate or land",bridging loan for construction,30,,44.77,MEDIUM,commercial,keyword planner,110;50;40;50;10;20;20;10;20;10;30;20
"Scenario: build, renovate or land",bridge loan for building a house,10,end debt,0.0,,,keyword planner,0;10;10;0;0;0;0;0;0;0;0;0
"Scenario: build, renovate or land",bridge loan for home construction,10,end debt,0.0,,,keyword planner,0;10;0;0;0;0;0;10;0;0;0;0
"Scenario: build, renovate or land",bridge loan for land,10,end debt,29.11,HIGH,commercial,keyword planner,10;10;10;10;10;10;10;10;10;10;10;10
"Scenario: build, renovate or land",bridge loan for new construction,10,end debt,0.0,,transactional,keyword planner,10;10;10;0;0;10;10;0;10;10;10;0
"Scenario: build, renovate or land",bridge loan for new home construction,10,end debt,0.0,,,keyword planner,0;0;10;0;0;0;10;0;0;0;0;0
"Scenario: build, renovate or land",bridge loan new construction,10,end debt,,,commercial,dataforseo labs,
"Scenario: build, renovate or land",bridge loan to build a house,10,,46.08,HIGH,transactional,keyword planner,10;10;10;10;30;10;10;20;10;10;10;10
"Scenario: build, renovate or land",bridging finance for land,10,end debt,,,commercial,dataforseo labs,
"Scenario: build, renovate or land",bridging finance on land,10,end debt,0.0,,commercial,keyword planner,0;10;0;0;0;10;10;10;10;0;10;0
"Scenario: build, renovate or land",bridging finance to build,10,end debt,,,informational,dataforseo labs,
"Scenario: build, renovate or land",bridging finance to buy land,10,end debt,,,transactional,dataforseo labs,
"Scenario: build, renovate or land",bridging loan for building a house,10,end debt,11.28,,transactional,dataforseo labs,
"Scenario: build, renovate or land",bridging loan for house renovation,10,end debt,0.0,,transactional,keyword planner,10;0;0;0;0;0;10;0;10;0;0;0
"Scenario: build, renovate or land",bridging loan for land,10,end debt,29.11,HIGH,transactional,keyword planner,10;10;10;10;10;10;10;10;10;10;10;10
"Scenario: build, renovate or land",bridging loan for renovation,10,,13.69,HIGH,transactional,keyword planner,90;10;20;10;10;10;10;10;10;10;10;10
"Scenario: build, renovate or land",bridging loan for self build,10,end debt,0.0,,transactional,keyword planner,0;10;0;0;10;0;0;0;0;0;0;0
"Scenario: build, renovate or land",bridging loan land purchase,10,end debt,0.0,,transactional,keyword planner,0;0;0;10;0;0;0;10;10;10;10;0
"Scenario: build, renovate or land",bridging loan to build a house,10,bridge loan to build a house,14.47,,transactional,dataforseo labs,
"Scenario: build, renovate or land",bridging loan to build house,10,bridge loan to build a house,46.08,HIGH,transactional,keyword planner,10;10;10;10;30;10;10;20;10;10;10;10
"Scenario: build, renovate or land",bridging loan to buy land,10,end debt,0.0,,transactional,keyword planner,20;10;0;10;0;10;10;10;10;10;10;0
"Scenario: build, renovate or land",bridging loans for land,10,end debt,,,commercial,dataforseo labs,
"Scenario: build, renovate or land",bridging loans on land,10,end debt,0.0,,commercial,keyword planner,0;10;0;0;0;10;10;10;10;0;10;0
"Scenario: build, renovate or land",building a house before selling,10,end debt,0.0,,,keyword planner,0;10;0;10;0;10;0;10;0;0;0;0
"Scenario: build, renovate or land",can you get a bridging loan to build a house,10,,14.85,,informational,dataforseo labs,
"Scenario: build, renovate or land",construction bridging finance,10,end debt,0.0,HIGH,informational,keyword planner,110;30;20;10;10;10;10;10;10;10;10;10
"Scenario: build, renovate or land",how does a bridge loan work when building a house,10,end debt,,,informational,dataforseo labs,
"Scenario: build, renovate or land",land bridge loan,10,end debt,0.0,HIGH,commercial,keyword planner,0;0;0;0;0;0;10;0;0;0;0;10
"Scenario: build, renovate or land",land bridging finance,10,end debt,29.11,HIGH,commercial,keyword planner,10;10;10;10;10;10;10;10;10;10;10;10
"Scenario: build, renovate or land",land bridging loan,10,end debt,0.0,,commercial,keyword planner,10;0;0;10;10;10;0;10;10;0;0;0
"Scenario: build, renovate or land",land bridging loans,10,end debt,,,commercial,dataforseo labs,
"Scenario: build, renovate or land",self build bridging loan,10,end debt,0.0,,,keyword planner,0;10;0;0;10;0;0;0;0;0;0;0
"Scenario: build, renovate or land",what is a bridge loan for construction,10,end debt,,,informational,dataforseo labs,
"Scenario: build, renovate or land",best bridge loan for construction,0,,,,commercial,dataforseo labs,
"Scenario: build, renovate or land",best bridging construction loan,0,,,,commercial,dataforseo labs,
"Scenario: build, renovate or land",bridge loan for construction australia,0,,,,commercial,dataforseo labs,
"Scenario: build, renovate or land",bridge to construction loan,0,,,,transactional,dataforseo labs,
"Scenario: build, renovate or land",bridging construction loan lenders,0,,,,commercial,dataforseo labs,
"Scenario: build, renovate or land",bridging construction loan reviews,0,,,,commercial,dataforseo labs,
"Scenario: build, renovate or land",bridging loan to build,0,,,,transactional,dataforseo labs,
"Scenario: build, renovate or land",construction bridging loan australia,0,,,,commercial,dataforseo labs,
"Scenario: build, renovate or land",construction bridging loan lenders,0,,,,commercial,dataforseo labs,
"Scenario: build, renovate or land",land bridge lender,0,,0.0,,,keyword planner,0;0;0;0;0;0;0;0;0;0;0;0
"Scenario: build, renovate or land",purchasing land bridging loan,0,,0.0,,,keyword planner,0;0;0;0;0;0;0;0;0;0;0;0
"Scenario: build, renovate or land",reserve new build before selling,0,,0.0,,,keyword planner,0;0;0;0;0;0;0;0;0;0;0;0
Scenario: buying before selling (moving home),buy home before selling,170,,13.25,LOW,,keyword planner,320;390;50;20;110;170;720;110;140;40;70;20
Scenario: buying before selling (moving home),buy house before selling,170,buy home before selling,13.25,LOW,,keyword planner,320;390;50;20;110;170;720;110;140;40;70;20
Scenario: buying before selling (moving home),how do you buy a house before selling yours,50,how to buy home before selling yours,8.03,MEDIUM,,keyword planner,70;50;70;70;50;40;90;50;30;20;30;30
Scenario: buying before selling (moving home),how do you buy a house before you sell yours,50,how to buy home before selling yours,8.03,MEDIUM,,keyword planner,70;50;70;70;50;40;90;50;30;20;30;30
Scenario: buying before selling (moving home),how to buy a home before selling yours,50,how to buy home before selling yours,8.03,MEDIUM,,keyword planner,70;50;70;70;50;40;90;50;30;20;30;30
Scenario: buying before selling (moving home),how to buy a home before you sell yours,50,how to buy home before selling yours,8.03,MEDIUM,,keyword planner,70;50;70;70;50;40;90;50;30;20;30;30
Scenario: buying before selling (moving home),how to buy a house before selling your house,50,how to buy home before selling yours,8.03,MEDIUM,,keyword planner,70;50;70;70;50;40;90;50;30;20;30;30
Scenario: buying before selling (moving home),how to buy a house before selling yours,50,how to buy home before selling yours,8.03,MEDIUM,,keyword planner,70;50;70;70;50;40;90;50;30;20;30;30
Scenario: buying before selling (moving home),how to buy a house before you sell yours,50,how to buy home before selling yours,8.03,MEDIUM,,keyword planner,70;50;70;70;50;40;90;50;30;20;30;30
Scenario: buying before selling (moving home),how to buy home before selling yours,50,,8.03,MEDIUM,,keyword planner,70;50;70;70;50;40;90;50;30;20;30;30
Scenario: buying before selling (moving home),bridge financing for home purchase,40,bridging loan buying house,17.64,MEDIUM,,keyword planner,20;30;50;20;50;40;30;40;70;20;20;20
Scenario: buying before selling (moving home),bridge loan buying house,40,bridging loan buying house,12.44,,transactional,dataforseo labs,
Scenario: buying before selling (moving home),bridge loan for home purchase,40,bridging loan buying house,17.64,MEDIUM,transactional,keyword planner,20;30;50;20;50;40;30;40;70;20;20;20
Scenario: buying before selling (moving home),bridge loan home purchase,40,bridging loan buying house,12.44,,transactional,dataforseo labs,
Scenario: buying before selling (moving home),bridge loan house purchase,40,bridging loan buying house,12.44,,transactional,dataforseo labs,
Scenario: buying before selling (moving home),bridge loan to buy a house,40,bridging loan buying house,12.44,,transactional,dataforseo labs,
Scenario: buying before selling (moving home),bridging finance house purchase,40,bridging loan buying house,17.64,MEDIUM,transactional,keyword planner,20;30;50;20;50;40;30;40;70;20;20;20
Scenario: buying before selling (moving home),bridging loan buying house,40,,17.64,MEDIUM,transactional,keyword planner,20;30;50;20;50;40;30;40;70;20;20;20
Scenario: buying before selling (moving home),bridging loan for house purchase,40,bridging loan buying house,17.64,MEDIUM,transactional,keyword planner,20;30;50;20;50;40;30;40;70;20;20;20
Scenario: buying before selling (moving home),bridging loan house purchase,40,bridging loan buying house,12.44,,transactional,dataforseo labs,
Scenario: buying before selling (moving home),bridging loan to buy a house,40,bridging loan buying house,17.64,MEDIUM,transactional,keyword planner,20;30;50;20;50;40;30;40;70;20;20;20
Scenario: buying before selling (moving home),bridging loans house purchase,40,bridging loan buying house,12.44,,commercial,dataforseo labs,
Scenario: buying before selling (moving home),auction bridging,20,,0.0,LOW,,keyword planner,20;20;10;50;20;10;20;10;30;20;10;20
Scenario: buying before selling (moving home),buy first or sell first,20,buy or sell first,0.0,LOW,,keyword planner,40;30;20;10;20;20;20;20;10;10;10;10
Scenario: buying before selling (moving home),buy or sell first,20,,0.0,LOW,,keyword planner,40;30;20;10;20;20;20;20;10;10;10;10
Scenario: buying before selling (moving home),buying off the plan and selling before settlement,20,urgent bridging loan,0.0,LOW,,keyword planner,30;30;10;10;10;20;50;10;20;10;10;10
Scenario: buying before selling (moving home),sell first or buy first,20,buy or sell first,0.0,LOW,,keyword planner,40;30;20;10;20;20;20;20;10;10;10;10
Scenario: buying before selling (moving home),auction bridging finance,10,end debt,0.0,MEDIUM,,keyword planner,0;10;10;10;10;10;0;10;10;10;10;10
Scenario: buying before selling (moving home),before selling house,10,end debt,0.0,,,keyword planner,0;10;10;10;0;0;10;10;0;10;10;0
Scenario: buying before selling (moving home),bridge loan for house,10,end debt,24.69,HIGH,transactional,keyword planner,10;20;10;10;10;10;10;10;10;10;10;10
Scenario: buying before selling (moving home),bridge loan for new home purchase,10,end debt,0.0,HIGH,,keyword planner,0;0;0;0;0;0;0;10;0;0;0;10
Scenario: buying before selling (moving home),bridge loan to buy new house,10,end debt,0.0,HIGH,,keyword planner,0;0;0;0;0;0;0;10;0;0;0;10
Scenario: buying before selling (moving home),bridge loan until house sells,10,end debt,0.0,,transactional,keyword planner,0;0;0;0;0;0;0;0;0;0;10;0
Scenario: buying before selling (moving home),bridge loan when buying a house,10,end debt,0.0,,transactional,keyword planner,0;0;0;0;10;0;0;0;0;0;0;0
Scenario: buying before selling (moving home),bridging finance auction property,10,end debt,,,transactional,dataforseo labs,
Scenario: buying before selling (moving home),bridging finance for auction property,10,end debt,0.0,,commercial,keyword planner,0;10;0;0;10;0;0;0;10;0;0;0
Scenario: buying before selling (moving home),bridging finance for house purchase,10,end debt,0.0,LOW,commercial,keyword planner,10;10;10;10;10;10;10;10;10;10;10;10
Scenario: buying before selling (moving home),bridging finance to buy property,10,bridging loan to buy property,27.56,MEDIUM,transactional,keyword planner,10;10;10;10;0;10;10;10;10;10;0;10
Scenario: buying before selling (moving home),bridging loan auction,10,end debt,4.61,,commercial,dataforseo labs,
Scenario: buying before selling (moving home),bridging loan auction property,10,end debt,0.0,,transactional,keyword planner,0;10;10;0;10;0;0;10;10;10;10;0
Scenario: buying before selling (moving home),bridging loan before selling house,10,end debt,,,transactional,dataforseo labs,
Scenario: buying before selling (moving home),bridging loan for auction,10,end debt,0.0,MEDIUM,transactional,keyword planner,0;10;10;10;10;10;0;10;10;10;10;10
Scenario: buying before selling (moving home),bridging loan for auction property,10,end debt,0.0,,transactional,keyword planner,0;10;10;0;10;0;0;10;10;10;10;0
Scenario: buying before selling (moving home),bridging loan for auctions,10,end debt,0.0,MEDIUM,,keyword planner,0;10;10;10;10;10;0;10;10;10;10;10
Scenario: buying before selling (moving home),bridging loan for house deposit,10,,26.58,MEDIUM,transactional,keyword planner,10;10;10;10;10;10;10;10;10;10;0;10
Scenario: buying before selling (moving home),bridging loan for stamp duty,10,end debt,0.0,LOW,transactional,keyword planner,0;10;10;10;10;0;10;0;0;10;10;10
Scenario: buying before selling (moving home),bridging loan home purchase,10,end debt,,,commercial,dataforseo labs,
Scenario: buying before selling (moving home),bridging loan stamp duty,10,end debt,0.0,LOW,informational,keyword planner,10;10;10;10;10;10;10;10;10;10;10;10
Scenario: buying before selling (moving home),bridging loan to buy property,10,,27.56,MEDIUM,transactional,keyword planner,10;10;10;10;0;10;10;10;10;10;0;10
Scenario: buying before selling (moving home),bridging loan when selling a house,10,,2.37,,transactional,dataforseo labs,
Scenario: buying before selling (moving home),bridging loans and stamp duty,10,end debt,,,informational,dataforseo labs,
Scenario: buying before selling (moving home),bridging loans for auction properties,10,end debt,,,transactional,dataforseo labs,
Scenario: buying before selling (moving home),bridging loans for house purchase,10,end debt,,,commercial,dataforseo labs,
Scenario: buying before selling (moving home),buy a home before selling current,10,end debt,0.0,HIGH,,keyword planner,10;10;0;10;0;0;0;0;10;10;10;10
Scenario: buying before selling (moving home),buy a home before you sell,10,end debt,0.0,HIGH,,keyword planner,0;0;0;0;0;0;0;0;0;0;0;10
Scenario: buying before selling (moving home),buy a new house before selling the old one,10,end debt,0.0,HIGH,,keyword planner,10;10;10;10;10;10;10;10;10;10;10;10
Scenario: buying before selling (moving home),buy another house before selling yours,10,end debt,0.0,HIGH,,keyword planner,10;0;10;10;10;10;10;0;0;0;10;10
Scenario: buying before selling (moving home),buy before you sell,10,,13.36,LOW,transactional,keyword planner,20;10;20;10;10;10;10;10;20;10;10;20
Scenario: buying before selling (moving home),buy before you sell mortgage,10,end debt,0.0,MEDIUM,,keyword planner,10;10;0;10;10;0;10;10;10;10;0;10
Scenario: buying before selling (moving home),buy before you sell your house,10,property deposit bond,0.0,LOW,,keyword planner,10;10;0;10;10;10;0;10;10;10;10;10
Scenario: buying before selling (moving home),buy first then sell house,10,end debt,0.0,,,keyword planner,10;10;10;0;10;10;10;10;0;0;10;0
Scenario: buying before selling (moving home),buy house before selling current house,10,can i buy a house before i sell mine,0.0,LOW,,keyword planner,10;10;10;10;10;10;10;10;10;10;10;10
Scenario: buying before selling (moving home),buy new home before selling old one,10,end debt,0.0,HIGH,,keyword planner,10;10;10;10;10;10;10;10;10;10;10;10
Scenario: buying before selling (moving home),buy new house before selling,10,end debt,0.0,,,keyword planner,0;0;0;0;0;10;0;0;0;10;10;0
Scenario: buying before selling (moving home),buy new house before selling current,10,end debt,0.0,,,keyword planner,0;0;0;0;0;0;0;0;10;0;10;0
Scenario: buying before selling (moving home),buy new house before selling old,10,end debt,0.0,LOW,,keyword planner,10;10;10;10;10;10;10;10;10;10;10;10
Scenario: buying before selling (moving home),buy or sell first real estate,10,end debt,0.0,LOW,,keyword planner,0;10;0;10;10;10;10;10;10;0;0;10
Scenario: buying before selling (moving home),buying a home before selling current home,10,end debt,0.0,HIGH,,keyword planner,10;10;0;10;0;0;0;0;10;10;10;10
Scenario: buying before selling (moving home),buying a home before selling existing home,10,end debt,0.0,,,keyword planner,0;0;0;0;0;0;0;10;0;0;0;0
Scenario: buying before selling (moving home),buying a home without selling first,10,end debt,0.0,,,keyword planner,0;0;0;0;0;10;0;0;0;0;0;0
Scenario: buying before selling (moving home),buying a house before selling current one,10,end debt,0.0,,,keyword planner,0;10;10;10;0;0;0;0;0;0;0;0
Scenario: buying before selling (moving home),buying a house before selling your own,10,end debt,0.0,,,keyword planner,0;10;0;0;10;10;10;10;10;10;10;0
Scenario: buying before selling (moving home),buying a house before selling yours,10,,10.28,MEDIUM,,keyword planner,10;10;10;10;10;10;10;10;20;10;10;10
Scenario: buying before selling (moving home),buying a house before you sell,10,end debt,0.0,,,keyword planner,10;10;10;10;0;10;0;10;0;10;0;0
Scenario: buying before selling (moving home),buying a house but need to sell first,10,end debt,0.0,LOW,,keyword planner,10;10;0;0;10;10;10;10;10;10;0;10
Scenario: buying before selling (moving home),buying a house with a bridge loan,10,end debt,0.0,,,keyword planner,0;0;0;0;10;0;0;0;0;0;0;0
Scenario: buying before selling (moving home),buying a house without selling first,10,end debt,0.0,,,keyword planner,10;10;10;0;10;10;0;0;10;10;10;0
Scenario: buying before selling (moving home),buying a new home before selling,10,end debt,0.0,,,keyword planner,0;0;0;0;0;10;0;0;0;10;10;0
Scenario: buying before selling (moving home),buying a new home before selling current home,10,end debt,0.0,,,keyword planner,10;0;0;0;0;0;10;10;0;0;10;0
Scenario: buying before selling (moving home),buying a property before selling yours,10,,13.36,HIGH,,keyword planner,10;10;10;10;10;10;10;10;10;10;10;10
Scenario: buying before selling (moving home),buying a second home before selling the first,10,end debt,0.0,MEDIUM,,keyword planner,10;0;10;0;0;0;0;0;0;0;10;10
Scenario: buying before selling (moving home),buying a second house before selling the first,10,end debt,0.0,,,keyword planner,0;10;0;0;0;0;10;0;0;0;0;0
Scenario: buying before selling (moving home),buying another home before selling,10,end debt,0.0,HIGH,,keyword planner,10;0;10;10;10;10;10;10;0;10;0;10
Scenario: buying before selling (moving home),buying another house before selling,10,,4.04,MEDIUM,,keyword planner,10;10;10;10;10;10;10;10;10;10;10;10
Scenario: buying before selling (moving home),buying before selling,10,,69.8,MEDIUM,,keyword planner,20;30;10;10;30;10;10;10;10;10;10;10
Scenario: buying before selling (moving home),buying before selling your home,10,,4.66,MEDIUM,,keyword planner,10;10;10;10;10;10;10;20;10;10;10;10
Scenario: buying before selling (moving home),buying home before selling old one,10,end debt,0.0,,,keyword planner,10;10;10;10;10;10;0;0;10;10;0;0
Scenario: buying before selling (moving home),buying house before selling old one,10,,6.53,MEDIUM,,keyword planner,10;10;10;0;0;0;10;10;10;10;10;10
Scenario: buying before selling (moving home),buying new home before selling current,10,end debt,0.0,,,keyword planner,10;0;0;0;0;0;10;10;0;0;10;0
Scenario: buying before selling (moving home),buying second house before selling first,10,end debt,0.0,,,keyword planner,10;10;10;10;10;0;10;0;10;0;0;0
Scenario: buying before selling (moving home),buying second property before selling first,10,end debt,0.0,,,keyword planner,10;10;0;0;0;0;10;0;10;0;10;0
Scenario: buying before selling (moving home),can i buy a home before selling my current home,10,end debt,0.0,,,keyword planner,0;0;0;0;10;0;0;0;0;0;0;0
Scenario: buying before selling (moving home),can i buy a house before i sell mine,10,,0.0,LOW,,keyword planner,20;10;20;10;10;10;10;10;10;10;10;10
Scenario: buying before selling (moving home),can i buy a house before selling my house,10,end debt,0.0,,,keyword planner,0;0;0;10;0;0;0;0;0;0;0;0
Scenario: buying before selling (moving home),can i buy a house before selling my old one,10,end debt,0.0,,,keyword planner,0;0;0;0;0;0;0;0;10;0;0;0
Scenario: buying before selling (moving home),can i buy a new house before i sell mine,10,end debt,0.0,LOW,,keyword planner,10;10;10;0;0;0;10;0;0;10;0;10
Scenario: buying before selling (moving home),can i buy another house before i sell mine,10,end debt,0.0,LOW,,keyword planner,10;10;10;10;10;0;10;0;0;10;10;10
Scenario: buying before selling (moving home),can i buy another house before selling mine,10,end debt,0.0,LOW,,keyword planner,0;0;10;10;0;10;10;0;0;0;10;10
Scenario: buying before selling (moving home),can i buy before i sell my house,10,end debt,0.0,MEDIUM,,keyword planner,10;10;10;0;10;0;10;0;0;10;0;10
Scenario: buying before selling (moving home),can i get a bridge loan to buy a house,10,can i get a bridging loan to buy a house,5.01,,informational,dataforseo labs,
Scenario: buying before selling (moving home),can i get a bridging loan to buy a house,10,,20.5,HIGH,informational,keyword planner,10;10;10;10;10;10;20;10;10;10;10;10
Scenario: buying before selling (moving home),can i get a mortgage before i sell my house,10,end debt,0.0,,,keyword planner,0;0;0;0;10;0;0;0;0;0;0;0
Scenario: buying before selling (moving home),can i get a mortgage before selling my house,10,end debt,0.0,,,keyword planner,0;0;0;0;10;0;0;0;0;0;0;0
Scenario: buying before selling (moving home),can i use a bridging loan to buy a house,10,end debt,,,informational,dataforseo labs,
Scenario: buying before selling (moving home),can you bid on a house before selling yours,10,bridging loan calculator excel,0.0,MEDIUM,,keyword planner,10;0;10;0;0;0;10;10;0;0;0;10
Scenario: buying before selling (moving home),can you buy a home before selling yours,10,end debt,0.0,LOW,,keyword planner,0;10;10;0;0;0;0;10;0;10;10;10
Scenario: buying before selling (moving home),can you buy a house before selling,10,end debt,0.0,LOW,,keyword planner,10;10;0;0;10;0;10;0;0;0;0;10
Scenario: buying before selling (moving home),can you buy a house before selling your current house,10,end debt,0.0,,,keyword planner,0;10;0;10;10;10;0;10;10;0;0;0
Scenario: buying before selling (moving home),can you buy a house before selling your own,10,end debt,0.0,LOW,,keyword planner,10;10;20;10;10;10;10;10;10;10;0;10
Scenario: buying before selling (moving home),can you buy a house before selling yours,10,,8.04,MEDIUM,,keyword planner,20;10;20;10;10;20;20;20;10;20;10;10
Scenario: buying before selling (moving home),can you buy a house before you sell,10,,0.0,MEDIUM,,keyword planner,10;0;0;0;0;0;10;0;0;0;10;10
Scenario: buying before selling (moving home),can you buy a house before you sell your house,10,can you buy a house before selling yours,8.04,MEDIUM,,keyword planner,20;10;20;10;10;20;20;20;10;20;10;10
Scenario: buying before selling (moving home),can you buy a house before you sell yours,10,can you buy a house before selling yours,8.04,MEDIUM,,keyword planner,20;10;20;10;10;20;20;20;10;20;10;10
Scenario: buying before selling (moving home),can you buy a house with a bridging loan,10,,10.64,,informational,dataforseo labs,
Scenario: buying before selling (moving home),can you buy another house before selling yours,10,bridging finance reddit,0.0,LOW,,keyword planner,10;0;10;10;10;10;10;10;10;10;10;10
Scenario: buying before selling (moving home),can you get a bridging loan to buy a house,10,,8.73,HIGH,,keyword planner,10;10;10;10;10;10;10;10;10;10;10;10
Scenario: buying before selling (moving home),can you get a mortgage before you sell your house,10,end debt,0.0,LOW,,keyword planner,0;0;0;0;0;10;10;0;0;0;0;10
Scenario: buying before selling (moving home),can you get bridging loans for house purchase,10,end debt,0.0,HIGH,informational,keyword planner,10;10;10;10;10;10;10;10;10;10;10;10
Scenario: buying before selling (moving home),can you put an offer on a house before selling,10,end debt,0.0,LOW,,keyword planner,0;0;0;0;0;0;0;0;0;0;0;10
Scenario: buying before selling (moving home),can you reserve a house before selling yours,10,end debt,0.0,,,keyword planner,0;0;0;0;10;0;0;0;0;0;0;0
Scenario: buying before selling (moving home),can you view house before selling yours,10,end debt,0.0,,,keyword planner,0;10;0;0;0;0;0;0;10;0;0;0
Scenario: buying before selling (moving home),divorce bridging loan,10,end debt,0.0,LOW,informational,keyword planner,10;10;10;0;10;10;10;10;0;0;10;10
Scenario: buying before selling (moving home),do you buy a house or sell first,10,end debt,0.0,,,keyword planner,10;10;0;0;0;0;0;0;0;0;0;0
Scenario: buying before selling (moving home),getting a mortgage before selling old house,10,end debt,0.0,,,keyword planner,0;0;0;0;10;0;10;0;0;0;10;0
Scenario: buying before selling (moving home),getting mortgage before selling old house,10,end debt,0.0,,,keyword planner,0;0;0;0;10;0;10;0;0;0;10;0
Scenario: buying before selling (moving home),home purchase bridge loan,10,end debt,,,transactional,dataforseo labs,
Scenario: buying before selling (moving home),homeward buy before you sell,10,end debt,0.0,,,keyword planner,0;0;0;0;0;0;0;10;0;0;0;0
Scenario: buying before selling (moving home),house purchase bridging loan,10,end debt,3.64,,transactional,dataforseo labs,
Scenario: buying before selling (moving home),how can i buy a house before selling mine,10,how do i buy a house before i sell mine,8.06,MEDIUM,,keyword planner,20;10;10;10;10;10;10;10;10;10;10;10
Scenario: buying before selling (moving home),how can you buy a house before selling yours,10,end debt,0.0,MEDIUM,,keyword planner,10;10;10;10;10;10;10;10;10;10;10;10
Scenario: buying before selling (moving home),how can you buy a house before you sell yours,10,end debt,0.0,,,keyword planner,0;0;0;10;0;0;0;0;10;0;0;0
Scenario: buying before selling (moving home),how do bridging loans work when buying a house,10,what is a bridge loan when buying a house,4.34,,informational,dataforseo labs,
Scenario: buying before selling (moving home),how do i buy a house before i sell mine,10,,8.06,MEDIUM,,keyword planner,20;10;10;10;10;10;10;10;10;10;10;10
Scenario: buying before selling (moving home),how do i buy a house before selling mine,10,how do i buy a house before i sell mine,8.06,MEDIUM,,keyword planner,20;10;10;10;10;10;10;10;10;10;10;10
Scenario: buying before selling (moving home),how do you buy another house before selling yours,10,bridging loan calculator excel,0.0,MEDIUM,,keyword planner,10;10;10;10;10;10;10;10;0;10;10;10
Scenario: buying before selling (moving home),how does a bridge loan work for a house,10,end debt,,,informational,dataforseo labs,
Scenario: buying before selling (moving home),how does a bridge loan work when buying a home,10,end debt,,,informational,dataforseo labs,
Scenario: buying before selling (moving home),how does a bridge loan work when buying a house,10,what is a bridge loan when buying a house,4.5,,informational,dataforseo labs,
Scenario: buying before selling (moving home),how to buy a home before selling,10,end debt,0.0,,,keyword planner,0;0;0;0;0;0;0;0;10;0;0;0
Scenario: buying before selling (moving home),how to buy a home before selling current home,10,end debt,0.0,,,keyword planner,0;0;0;0;0;0;10;0;0;0;0;0
Scenario: buying before selling (moving home),how to buy a home before selling your current home,10,end debt,0.0,,,keyword planner,0;0;0;0;10;0;10;10;0;10;0;0
Scenario: buying before selling (moving home),how to buy a house before selling,10,end debt,0.0,LOW,,keyword planner,10;10;10;10;10;10;10;10;10;10;10;10
Scenario: buying before selling (moving home),how to buy a house before selling current home,10,end debt,0.0,,,keyword planner,0;0;0;10;0;0;0;10;0;0;0;0
Scenario: buying before selling (moving home),how to buy a house before selling current house,10,end debt,0.0,LOW,,keyword planner,0;10;0;10;10;10;0;0;10;0;10;10
Scenario: buying before selling (moving home),how to buy a house before selling your current house,10,sa bridge loans,0.0,LOW,,keyword planner,0;0;0;0;0;10;10;10;0;0;0;10
Scenario: buying before selling (moving home),how to buy a house before selling your own,10,,12.1,HIGH,,keyword planner,10;10;20;10;20;20;10;20;10;20;10;10
Scenario: buying before selling (moving home),how to buy a house before you sell,10,end debt,0.0,,,keyword planner,0;10;10;10;10;10;10;0;10;0;0;0
Scenario: buying before selling (moving home),how to buy a house before you sell your house,10,end debt,0.0,MEDIUM,,keyword planner,0;0;10;0;0;0;0;0;10;0;10;10
Scenario: buying before selling (moving home),how to buy a house without selling first,10,end debt,0.0,LOW,,keyword planner,0;0;0;0;0;0;0;0;0;0;10;10
Scenario: buying before selling (moving home),how to buy a new house before selling,10,end debt,0.0,,,keyword planner,0;0;0;0;10;0;0;0;0;0;0;0
Scenario: buying before selling (moving home),how to buy a property before selling your own,10,,5.93,MEDIUM,,keyword planner,10;10;10;10;10;10;10;10;10;0;10;10
Scenario: buying before selling (moving home),how to buy a second home before selling the first,10,end debt,0.0,HIGH,,keyword planner,0;10;10;0;10;10;0;0;0;0;0;10
Scenario: buying before selling (moving home),how to buy a second house before selling first,10,end debt,0.0,LOW,,keyword planner,10;0;0;10;0;0;0;0;10;0;0;10
Scenario: buying before selling (moving home),how to buy another house before selling yours,10,,9.13,HIGH,,keyword planner,10;10;10;10;10;10;10;10;10;10;10;10
Scenario: buying before selling (moving home),how to buy before selling house,10,end debt,0.0,,,keyword planner,10;10;10;0;0;10;10;0;0;10;10;0
Scenario: buying before selling (moving home),how to buy home before selling,10,end debt,0.0,,,keyword planner,0;0;0;0;10;0;0;0;10;0;0;0
Scenario: buying before selling (moving home),how to buy house before selling,10,end debt,0.0,LOW,,keyword planner,10;10;10;10;10;10;10;10;10;10;10;10
Scenario: buying before selling (moving home),how to buy house before you sell yours,10,end debt,0.0,MEDIUM,,keyword planner,0;0;10;0;0;0;0;0;10;0;10;10
Scenario: buying before selling (moving home),how to buy new home before selling old one,10,end debt,0.0,,,keyword planner,10;10;10;10;10;0;10;10;0;0;10;0
Scenario: buying before selling (moving home),how to buy new house before selling old,10,end debt,0.0,,,keyword planner,10;10;10;0;10;10;10;10;0;0;10;0
Scenario: buying before selling (moving home),how to buy second house without selling first,10,end debt,0.0,MEDIUM,,keyword planner,10;20;10;10;20;10;10;10;10;10;10;10
Scenario: buying before selling (moving home),how to purchase a home before selling yours,10,end debt,0.0,,,keyword planner,0;10;0;10;10;10;10;10;10;10;10;0
Scenario: buying before selling (moving home),how to purchase a house before selling yours,10,end debt,0.0,,,keyword planner,0;0;0;0;0;0;0;10;0;10;0;0
Scenario: buying before selling (moving home),is it better to move out before selling a home,10,sa bridge loans,0.0,LOW,,keyword planner,0;0;10;10;0;0;0;0;0;0;0;10
Scenario: buying before selling (moving home),making an offer on a house before selling yours,10,end debt,0.0,HIGH,,keyword planner,10;0;10;0;0;10;0;0;0;0;0;10
Scenario: buying before selling (moving home),minimum time to own a house before selling,10,end debt,0.0,,,keyword planner,10;0;10;10;0;0;0;10;0;0;0;0
Scenario: buying before selling (moving home),moving house bridging loan,10,end debt,0.0,,transactional,keyword planner,10;0;0;10;0;0;0;0;10;10;0;0
Scenario: buying before selling (moving home),moving house buy or sell first,10,end debt,0.0,,,keyword planner,10;0;0;10;0;10;10;0;10;0;0;0
Scenario: buying before selling (moving home),moving house sell or buy first,10,end debt,0.0,,,keyword planner,10;0;0;10;0;10;10;0;10;0;0;0
Scenario: buying before selling (moving home),options for buying a house before selling,10,end debt,0.0,,,keyword planner,10;0;10;0;10;0;10;10;0;0;10;0
Scenario: buying before selling (moving home),orchard buy before you sell,10,end debt,0.0,LOW,,keyword planner,10;0;0;0;0;0;10;0;0;0;0;10
Scenario: buying before selling (moving home),putting an offer on a house before selling,10,end debt,0.0,LOW,,keyword planner,10;10;10;10;10;10;0;0;10;0;10;10
Scenario: buying before selling (moving home),sell before buying house,10,end debt,0.0,LOW,,keyword planner,10;10;10;0;0;0;0;10;10;0;10;10
Scenario: buying before selling (moving home),sell first and then buy,10,end debt,0.0,,,keyword planner,0;0;0;0;0;0;10;0;0;0;0;0
Scenario: buying before selling (moving home),selling before buying new home,10,end debt,0.0,LOW,,keyword planner,10;10;10;10;10;10;10;10;10;10;10;10
Scenario: buying before selling (moving home),selling first house buying second,10,end debt,0.0,,,keyword planner,10;0;10;0;10;10;10;0;10;0;0;0
Scenario: buying before selling (moving home),should i buy a house before selling mine,10,can i buy a house before i sell mine,0.0,LOW,,keyword planner,20;10;20;10;10;10;10;10;10;10;10;10
Scenario: buying before selling (moving home),should i sell before i buy a house,10,end debt,0.0,,,keyword planner,0;10;10;0;10;10;10;10;10;10;10;0
Scenario: buying before selling (moving home),should i sell my house first or buy first,10,end debt,0.0,,,keyword planner,10;0;0;0;0;0;10;0;0;0;0;0
Scenario: buying before selling (moving home),should you buy a house before selling yours,10,end debt,0.0,LOW,,keyword planner,10;10;10;10;10;10;10;10;10;10;10;10
Scenario: buying before selling (moving home),stamp duty bridging loan,10,end debt,0.0,LOW,,keyword planner,10;10;10;10;10;10;10;10;10;10;10;10
Scenario: buying before selling (moving home),using a bridge loan to buy a house,10,end debt,0.0,,,keyword planner,0;0;10;0;0;0;0;0;0;10;0;0
Scenario: buying before selling (moving home),using a bridging loan to buy a house,10,end debt,0.0,,,keyword planner,0;0;10;0;0;0;0;0;0;10;0;0
Scenario: buying before selling (moving home),what is a bridge loan for a house,10,end debt,0.0,LOW,informational,keyword planner,10;10;10;0;10;10;10;10;10;10;10;10
Scenario: buying before selling (moving home),what is a bridge loan for buying a house,10,end debt,0.0,,,keyword planner,10;0;0;0;0;0;0;0;0;0;0;0
Scenario: buying before selling (moving home),what is a bridge loan for house,10,end debt,0.0,LOW,,keyword planner,10;10;10;0;10;10;10;10;10;10;10;10
Scenario: buying before selling (moving home),what is a bridge loan when buying a house,10,,2.57,MEDIUM,,keyword planner,10;10;10;0;10;10;10;10;10;10;10;10
Scenario: buying before selling (moving home),what is a bridging loan when buying a house,10,what is a bridge loan when buying a house,2.57,MEDIUM,informational,keyword planner,10;10;10;0;10;10;10;10;10;10;10;10
Scenario: buying before selling (moving home),auction finance bridging loan,0,,0.0,,,keyword planner,0;0;0;0;0;0;0;0;0;0;0;0
Scenario: buying before selling (moving home),bridge financing when buying a house,0,,0.0,,,keyword planner,0;0;0;0;0;0;0;0;0;0;0;0
Scenario: buying before selling (moving home),bridgepoint settlement loans,0,,0.0,,,keyword planner,0;0;0;0;0;0;0;0;0;0;0;0
Scenario: buying before selling (moving home),bridging auction finance,0,,0.0,,,keyword planner,
Scenario: buying before selling (moving home),bridging finance on house sale,0,,,,transactional,dataforseo labs,
Scenario: buying before selling (moving home),bridging finance to buy a house,0,,,,transactional,dataforseo labs,
Scenario: buying before selling (moving home),bridging loan moving house,0,,,,transactional,dataforseo labs,
Scenario: buying before selling (moving home),bridging loan to buy a property,0,,,,transactional,dataforseo labs,
Scenario: buying before selling (moving home),bridging loans on houses,0,,,,commercial,dataforseo labs,
Scenario: buying before selling (moving home),bridging loans to buy property,0,,,,commercial,dataforseo labs,
Scenario: buying before selling (moving home),buying a home before you sell yours,0,,0.0,,,keyword planner,0;0;0;0;0;0;0;0;0;0;0;0
Scenario: buying before selling (moving home),buying a house before selling your current house,0,,0.0,,,keyword planner,0;0;0;0;0;0;0;0;0;0;0;0
Scenario: buying before selling (moving home),buying a house before selling your old one,0,,0.0,,,keyword planner,0;0;0;0;0;0;0;0;0;0;0;0
Scenario: buying before selling (moving home),buying a house with bridging loan,0,,,,transactional,dataforseo labs,
Scenario: buying before selling (moving home),can i buy a home before i sell mine,0,,0.0,,,keyword planner,0;0;0;0;0;0;0;0;0;0;0;0
Scenario: buying before selling (moving home),can i view a house before selling mine,0,,0.0,,,keyword planner,
Scenario: buying before selling (moving home),can you buy a home before you sell yours,0,,0.0,,,keyword planner,0;0;0;0;0;0;0;0;0;0;0;0
Scenario: buying before selling (moving home),closing on new home before selling current,0,,0.0,,,keyword planner,
Scenario: buying before selling (moving home),first buy first sell,0,,0.0,,,keyword planner,0;0;0;0;0;0;0;0;0;0;0;0
Scenario: buying before selling (moving home),how do you buy a home before you sell yours,0,,0.0,,,keyword planner,0;0;0;0;0;0;0;0;0;0;0;0
Scenario: buying before selling (moving home),how to buy a home before selling your own,0,,0.0,,,keyword planner,0;0;0;0;0;0;0;0;0;0;0;0
Scenario: buying before selling (moving home),how to buy new house before selling,0,,0.0,,,keyword planner,0;0;0;0;0;0;0;0;0;0;0;0
Scenario: buying before selling (moving home),how to sell first and then buy,0,,0.0,,,keyword planner,0;0;0;0;0;0;0;0;0;0;0;0
Scenario: buying before selling (moving home),making an offer before selling house,0,,0.0,,,keyword planner,0;0;0;0;0;0;0;0;0;0;0;0
Scenario: buying before selling (moving home),making an offer on a house before selling mine,0,,0.0,,,keyword planner,0;0;0;0;0;0;0;0;0;0;0;0
Scenario: buying before selling (moving home),offering on a house before selling,0,,0.0,,,keyword planner,0;0;0;0;0;0;0;0;0;0;0;0
Scenario: buying before selling (moving home),property auction bridging loan,0,,0.0,,,keyword planner,0;0;0;0;0;0;0;0;0;0;0;0
Scenario: buying before selling (moving home),reali buy before you sell,0,,0.0,,,keyword planner,0;0;0;0;0;0;0;0;0;0;0;0
Scenario: buying before selling (moving home),ribbon buy before you sell,0,,0.0,,,keyword planner,0;0;0;0;0;0;0;0;0;0;0;0
Scenario: buying before selling (moving home),sell house or buy first,0,,0.0,,,keyword planner,0;0;0;0;0;0;0;0;0;0;0;0
Scenario: buying before selling (moving home),what is a bridge loan to buy a house,0,,,,informational,dataforseo labs,
"Scenario: commercial, business, development, investment",bridging finance business,50,business bridge loan,53.73,,commercial,dataforseo labs,
"Scenario: commercial, business, development, investment",bridging finance for business,50,business bridge loan,53.73,,commercial,dataforseo labs,
"Scenario: commercial, business, development, investment",bridging finance for property development,50,bridging loan for property development,0.0,LOW,commercial,keyword planner,210;30;30;40;20;10;90;30;30;50;40;20
"Scenario: commercial, business, development, investment",bridging finance property development,50,bridging loan for property development,,,commercial,dataforseo labs,
"Scenario: commercial, business, development, investment",bridging loan for property development,50,,0.0,LOW,transactional,keyword planner,210;30;30;40;20;10;90;30;30;50;40;20
"Scenario: commercial, business, development, investment",bridging loan property development,50,bridging loan for property development,,,commercial,dataforseo labs,
"Scenario: commercial, business, development, investment",bridging loans for property development,50,bridging loan for property development,,,commercial,dataforseo labs,
"Scenario: commercial, business, development, investment",bridging loans property development,50,bridging loan for property development,,,commercial,dataforseo labs,
"Scenario: commercial, business, development, investment",business bridge loan,50,,61.93,MEDIUM,commercial,keyword planner,140;30;40;10;30;50;40;70;40;40;30;30
"Scenario: commercial, business, development, investment",business bridging finance,50,business bridge loan,61.93,MEDIUM,commercial,keyword planner,140;30;40;10;30;50;40;70;40;40;30;30
"Scenario: commercial, business, development, investment",business bridging loan,50,business bridge loan,53.73,,commercial,dataforseo labs,
"Scenario: commercial, business, development, investment",commercial bridge loan,50,,55.66,MEDIUM,commercial,keyword planner,210;90;40;30;50;50;70;50;30;40;30;20
"Scenario: commercial, business, development, investment",commercial bridging finance,50,commercial bridge loan,55.66,MEDIUM,commercial,keyword planner,210;90;40;30;50;50;70;50;30;40;30;20
"Scenario: commercial, business, development, investment",commercial bridging loan,50,commercial bridge loan,55.67,MEDIUM,commercial,keyword planner,210;90;40;30;50;50;70;50;30;40;30;20
"Scenario: commercial, business, development, investment",commercial bridging loans,50,commercial bridge loan,19.47,,commercial,dataforseo labs,
"Scenario: commercial, business, development, investment",property development bridging finance,50,bridging loan for property development,,,commercial,dataforseo labs,
"Scenario: commercial, business, development, investment",property development bridging loan,50,bridging loan for property development,,,commercial,dataforseo labs,
"Scenario: commercial, business, development, investment",property development bridging loans,50,bridging loan for property development,,,commercial,dataforseo labs,
"Scenario: commercial, business, development, investment",development bridging finance,30,development bridging loan,0.0,LOW,informational,keyword planner,170;10;40;10;10;10;20;10;10;10;40;10
"Scenario: commercial, business, development, investment",development bridging loan,30,,0.0,LOW,,keyword planner,170;10;40;10;10;10;20;10;10;10;40;10
"Scenario: commercial, business, development, investment",development bridging loans,30,development bridging loan,,,commercial,dataforseo labs,
"Scenario: commercial, business, development, investment",bridging loan to flip property,20,urgent bridging loan,0.0,,transactional,keyword planner,90;30;30;20;0;10;10;0;10;0;0;0
"Scenario: commercial, business, development, investment",bridge commercial loan,10,end debt,0.0,LOW,,keyword planner,20;20;10;10;0;10;10;10;10;0;10;10
"Scenario: commercial, business, development, investment",bridge financing investopedia,10,end debt,0.0,,,keyword planner,10;0;0;0;10;0;0;0;0;10;0;0
"Scenario: commercial, business, development, investment",bridge lenders commercial real estate,10,end debt,0.0,,,keyword planner,0;10;0;0;0;0;10;0;0;0;0;0
"Scenario: commercial, business, development, investment",bridge loan business,10,bridging loan for business,27.17,,commercial,dataforseo labs,
"Scenario: commercial, business, development, investment",bridge loan commercial real estate,10,end debt,0.0,LOW,transactional,keyword planner,20;20;10;10;0;10;10;10;10;0;10;10
"Scenario: commercial, business, development, investment",bridge loan for business,10,bridging loan for business,27.17,,commercial,dataforseo labs,
"Scenario: commercial, business, development, investment",bridge loan for flipping houses,10,end debt,0.0,LOW,transactional,keyword planner,0;0;0;0;0;0;0;0;0;10;10;10
"Scenario: commercial, business, development, investment",bridge loan for investment property,10,end debt,0.0,,,keyword planner,10;10;0;10;10;10;10;0;10;0;0;0
"Scenario: commercial, business, development, investment",bridge loan investing,10,end debt,0.0,HIGH,commercial,keyword planner,10;10;10;10;10;10;10;10;10;0;0;10
"Scenario: commercial, business, development, investment",bridge loan investment,10,end debt,,,commercial,dataforseo labs,
"Scenario: commercial, business, development, investment",bridge loan investment banking,10,end debt,0.0,,,keyword planner,0;0;0;0;0;0;0;10;10;0;0;0
"Scenario: commercial, business, development, investment",bridge loan investopedia,10,end debt,0.0,,informational,keyword planner,10;0;0;0;10;0;0;0;0;10;0;0
"Scenario: commercial, business, development, investment",bridge loans for real estate investors,10,end debt,0.0,,,keyword planner,0;0;0;0;0;0;0;10;10;10;10;0
"Scenario: commercial, business, development, investment",bridging and development finance,10,sa bridge loans,0.0,LOW,,keyword planner,70;20;10;10;10;10;10;10;10;10;10;10
"Scenario: commercial, business, development, investment",bridging commercial loan,10,end debt,0.0,LOW,,keyword planner,20;20;10;10;0;10;10;10;10;0;10;10
"Scenario: commercial, business, development, investment",bridging development finance,10,end debt,0.0,HIGH,,keyword planner,70;20;30;10;10;10;10;10;10;10;0;10
"Scenario: commercial, business, development, investment",bridging finance commercial property,10,end debt,0.0,HIGH,commercial,keyword planner,0;10;10;0;0;0;10;10;0;0;0;10
"Scenario: commercial, business, development, investment",bridging finance for developers,10,end debt,0.0,,,keyword planner,0;10;0;0;0;0;10;10;0;0;0;0
"Scenario: commercial, business, development, investment",bridging finance investment,10,end debt,,,commercial,dataforseo labs,
"Scenario: commercial, business, development, investment",bridging finance investors,10,end debt,0.0,,informational,keyword planner,0;0;10;0;0;0;0;0;0;10;0;0
"Scenario: commercial, business, development, investment",bridging loan business,10,bridging loan for business,27.17,,commercial,dataforseo labs,
"Scenario: commercial, business, development, investment",bridging loan business meaning,10,end debt,,,informational,dataforseo labs,
"Scenario: commercial, business, development, investment",bridging loan commercial,10,end debt,,,commercial,dataforseo labs,
"Scenario: commercial, business, development, investment",bridging loan commercial property,10,end debt,0.0,LOW,commercial,keyword planner,10;10;10;10;10;10;10;10;10;10;10;10
"Scenario: commercial, business, development, investment",bridging loan developer,10,end debt,,,commercial,dataforseo labs,
"Scenario: commercial, business, development, investment",bridging loan for business,10,,58.99,MEDIUM,commercial,keyword planner,10;20;40;10;20;20;20;10;20;10;10;10
"Scenario: commercial, business, development, investment",bridging loan for commercial property,10,end debt,11.29,,transactional,dataforseo labs,
"Scenario: commercial, business, development, investment",bridging loan for investment property,10,end debt,9.6,,transactional,dataforseo labs,
"Scenario: commercial, business, development, investment",bridging loan for ltd company,10,end debt,0.0,,,keyword planner,0;0;0;0;10;0;0;0;0;0;0;0
"Scenario: commercial, business, development, investment",bridging loan investment,10,end debt,,,commercial,dataforseo labs,
"Scenario: commercial, business, development, investment",bridging loan investopedia,10,end debt,,,informational,dataforseo labs,
"Scenario: commercial, business, development, investment",bridging loan to buy to let mortgage,10,end debt,0.0,,transactional,keyword planner,0;10;0;0;0;0;0;0;0;0;0;0
"Scenario: commercial, business, development, investment",bridging loans business,10,bridging loan for business,27.17,,commercial,dataforseo labs,
"Scenario: commercial, business, development, investment",bridging loans for business,10,bridging loan for business,27.17,,commercial,dataforseo labs,
"Scenario: commercial, business, development, investment",bridging loans for commercial property,10,end debt,11.29,,commercial,dataforseo labs,
"Scenario: commercial, business, development, investment",bridging loans investment,10,end debt,0.0,HIGH,,keyword planner,10;10;10;10;10;10;10;10;10;0;0;10
"Scenario: commercial, business, development, investment",commercial bridge lenders,10,end debt,0.0,LOW,,keyword planner,20;20;10;10;0;10;10;10;10;0;10;10
"Scenario: commercial, business, development, investment",commercial bridge loan lenders,10,end debt,0.0,HIGH,commercial,keyword planner,0;10;10;10;10;10;30;0;10;0;0;10
"Scenario: commercial, business, development, investment",commercial bridging,10,end debt,0.0,LOW,,keyword planner,10;10;10;10;10;10;10;10;10;10;10;10
"Scenario: commercial, business, development, investment",commercial bridging finance lenders,10,end debt,0.0,MEDIUM,commercial,keyword planner,10;20;10;0;10;10;20;10;20;10;10;10
"Scenario: commercial, business, development, investment",commercial bridging loan for property developers,10,end debt,0.0,,,keyword planner,20;10;0;0;10;0;10;10;10;0;10;0
"Scenario: commercial, business, development, investment",commercial bridging loan for property development,10,end debt,0.0,LOW,,keyword planner,30;10;10;0;0;0;20;10;10;10;10;10
"Scenario: commercial, business, development, investment",commercial bridging loan lenders,10,end debt,0.0,HIGH,commercial,keyword planner,0;10;10;10;10;10;30;0;10;0;0;10
"Scenario: commercial, business, development, investment",commercial property bridge loan,10,end debt,0.0,LOW,commercial,keyword planner,10;10;10;10;10;10;10;10;10;10;10;10
"Scenario: commercial, business, development, investment",commercial property bridging loan,10,end debt,11.29,,commercial,dataforseo labs,
"Scenario: commercial, business, development, investment",commercial real estate bridge loan,10,end debt,0.0,LOW,,keyword planner,20;20;10;10;0;10;10;10;10;0;10;10
"Scenario: commercial, business, development, investment",commercial real estate bridge loan lenders,10,end debt,0.0,,commercial,keyword planner,0;0;0;0;0;0;0;10;0;0;0;0
"Scenario: commercial, business, development, investment",fast commercial bridging loans,10,end debt,0.0,,,keyword planner,0;0;0;10;0;0;0;0;0;0;0;0
"Scenario: commercial, business, development, investment",fix and flip bridge loans,10,end debt,0.0,,,keyword planner,0;0;0;0;0;10;0;0;0;0;0;0
"Scenario: commercial, business, development, investment",short term business bridge loans,10,end debt,0.0,,,keyword planner,0;0;10;0;0;0;0;0;0;0;0;0
"Scenario: commercial, business, development, investment",short term commercial bridge loans,10,end debt,0.0,LOW,,keyword planner,0;0;0;0;0;0;0;0;0;0;0;10
"Scenario: commercial, business, development, investment",small business bridge loan,10,end debt,,,commercial,dataforseo labs,
"Scenario: commercial, business, development, investment",what is a bridge loan commercial real estate,10,end debt,0.0,LOW,,keyword planner,0;0;0;0;0;0;0;0;0;0;0;10
"Scenario: commercial, business, development, investment",what is a bridge loan for business,10,end debt,0.0,,informational,keyword planner,0;0;10;0;0;10;0;0;10;0;0;0
"Scenario: commercial, business, development, investment",what is a bridge loan in commercial real estate,10,end debt,0.0,,informational,keyword planner,0;0;0;0;0;0;0;10;0;0;10;0
"Scenario: commercial, business, development, investment",what is a business bridge loan,10,end debt,0.0,,informational,keyword planner,0;0;0;0;10;0;0;0;0;0;0;0
"Scenario: commercial, business, development, investment",what is a commercial bridge loan,10,end debt,0.0,LOW,,keyword planner,0;0;0;0;0;0;0;0;0;0;0;10
"Scenario: commercial, business, development, investment",best bridging finance for business,0,,,,commercial,dataforseo labs,
"Scenario: commercial, business, development, investment",best bridging finance for property development,0,,,,commercial,dataforseo labs,
"Scenario: commercial, business, development, investment",best bridging loans for property development,0,,,,commercial,dataforseo labs,
"Scenario: commercial, business, development, investment",best business bridging loan,0,,,,commercial,dataforseo labs,
"Scenario: commercial, business, development, investment",best property development bridging loans,0,,,,commercial,dataforseo labs,
"Scenario: commercial, business, development, investment",bridge loan for business acquisition,0,,0.0,,transactional,keyword planner,0;0;0;0;0;0;0;0;0;0;0;0
"Scenario: commercial, business, development, investment",bridge loan investment opportunities,0,,,,commercial,dataforseo labs,
"Scenario: commercial, business, development, investment",bridge loan on commercial property,0,,,,transactional,dataforseo labs,
"Scenario: commercial, business, development, investment",bridge to buy to let,0,,0.0,,,keyword planner,
"Scenario: commercial, business, development, investment",bridging finance buy to let,0,,0.0,,transactional,keyword planner,0;0;0;0;0;0;0;0;0;0;0;0
"Scenario: commercial, business, development, investment",bridging finance for business australia,0,,,,commercial,dataforseo labs,
"Scenario: commercial, business, development, investment",bridging finance for business nsw,0,,,,commercial,dataforseo labs,
"Scenario: commercial, business, development, investment",bridging finance for ltd company,0,,,,commercial,dataforseo labs,
"Scenario: commercial, business, development, investment",bridging finance for property development australia,0,,,,commercial,dataforseo labs,
"Scenario: commercial, business, development, investment",bridging finance for property development nsw,0,,,,commercial,dataforseo labs,
"Scenario: commercial, business, development, investment",bridging finance for small businesses,0,,0.0,,commercial,keyword planner,0;0;0;0;0;0;0;0;0;0;0;0
"Scenario: commercial, business, development, investment",bridging loan business deutsch,0,,,,commercial,dataforseo labs,
"Scenario: commercial, business, development, investment",bridging loan buy to let,0,,,,transactional,dataforseo labs,
"Scenario: commercial, business, development, investment",bridging loan for a business,0,,,,transactional,dataforseo labs,
"Scenario: commercial, business, development, investment",bridging loan for buy to let,0,,0.0,,,keyword planner,0;0;0;0;0;0;0;0;0;0;0;0
"Scenario: commercial, business, development, investment",bridging loan for buy to let deposit,0,,0.0,,,keyword planner,0;0;0;0;0;0;0;0;0;0;0;0
"Scenario: commercial, business, development, investment",bridging loan for property developers,0,,0.0,,,keyword planner,0;0;0;0;0;0;0;0;0;0;0;0
"Scenario: commercial, business, development, investment",bridging loan for property development australia,0,,,,commercial,dataforseo labs,
"Scenario: commercial, business, development, investment",bridging loan for property development nsw,0,,,,commercial,dataforseo labs,
"Scenario: commercial, business, development, investment",bridging loan property development qld,0,,,,commercial,dataforseo labs,
"Scenario: commercial, business, development, investment",bridging loans for property development australia,0,,,,commercial,dataforseo labs,
"Scenario: commercial, business, development, investment",business bridge loan financing,0,,0.0,,,keyword planner,0;0;0;0;0;0;0;0;0;0;0;0
"Scenario: commercial, business, development, investment",business bridge loan lenders,0,,0.0,,commercial,keyword planner,0;0;0;0;0;0;0;0;0;0;0;0
"Scenario: commercial, business, development, investment",business bridging finance south africa,0,,,,navigational,dataforseo labs,
"Scenario: commercial, business, development, investment",business bridging loan lenders,0,,,,commercial,dataforseo labs,
"Scenario: commercial, business, development, investment",business bridging loan nsw,0,,,,commercial,dataforseo labs,
"Scenario: commercial, business, development, investment",buy to let bridging,0,,0.0,,,keyword planner,0;0;0;0;0;0;0;0;0;0;0;0
"Scenario: commercial, business, development, investment",buy to let bridging loan,0,,0.0,,,keyword planner,0;0;0;0;0;0;0;0;0;0;0;0
"Scenario: commercial, business, development, investment",commercial acceptances bridging loans,0,,,,commercial,dataforseo labs,
"Scenario: commercial, business, development, investment",commercial and bridging limited,0,,0.0,,,keyword planner,
"Scenario: commercial, business, development, investment",commercial bridge loan definition,0,,,,informational,dataforseo labs,
"Scenario: commercial, business, development, investment",commercial bridge loan direct lenders,0,,,,commercial,dataforseo labs,
"Scenario: commercial, business, development, investment",commercial bridge loan financing,0,,0.0,,,keyword planner,0;0;0;0;0;0;0;0;0;0;0;0
"Scenario: commercial, business, development, investment",commercial bridge loan investing,0,,0.0,,,keyword planner,0;0;0;0;0;0;0;0;0;0;0;0
"Scenario: commercial, business, development, investment",commercial bridge loan meaning,0,,,,informational,dataforseo labs,
"Scenario: commercial, business, development, investment",commercial bridging finance deals,0,,0.0,,,keyword planner,0;0;0;0;0;0;0;0;0;0;0;0
"Scenario: commercial, business, development, investment",commercial mortgage bridge loan investments,0,,0.0,,,keyword planner,0;0;0;0;0;0;0;0;0;0;0;0
"Scenario: commercial, business, development, investment",commercial mortgage bridge loans,0,,0.0,,,keyword planner,0;0;0;0;0;0;0;0;0;0;0;0
"Scenario: commercial, business, development, investment",development finance bridging loans,0,,0.0,,,keyword planner,0;0;0;0;0;0;0;0;0;0;0;0
"Scenario: commercial, business, development, investment",fast bridge loans for business,0,,0.0,,,keyword planner,0;0;0;0;0;0;0;0;0;0;0;0
"Scenario: commercial, business, development, investment",mortgage bridge loan investing,0,,0.0,,,keyword planner,
"Scenario: commercial, business, development, investment",property development bridging finance nsw,0,,,,commercial,dataforseo labs,
"Scenario: commercial, business, development, investment",secured bridge loan investments,0,,0.0,,,keyword planner,
"Scenario: commercial, business, development, investment",short term business bridging loan,0,,,,commercial,dataforseo labs,
"Scenario: commercial, business, development, investment",small business emergency bridge loan program,0,,,,commercial,dataforseo labs,
"Scenario: commercial, business, development, investment",startup business bridging loan,0,,,,commercial,dataforseo labs,
"Scenario: commercial, business, development, investment",urgent business bridging loan,0,,,,commercial,dataforseo labs,
"Scenario: commercial, business, development, investment",what is a bridge loan in business,0,,,,informational,dataforseo labs,
"Scenario: commercial, business, development, investment",what is a business bridging loan,0,,,,informational,dataforseo labs,
Scenario: downsizers & retirees,bridging loans for pensioners,40,,55.2,HIGH,commercial,keyword planner,30;50;50;20;20;50;30;30;50;70;40;50
Scenario: downsizers & retirees,bridging finance on pension payout,10,end debt,0.0,,commercial,keyword planner,10;0;0;0;0;0;10;0;0;0;0;0
Scenario: downsizers & retirees,bridging finance pension,10,end debt,,,navigational,dataforseo labs,
Scenario: downsizers & retirees,bridging loans for over 70s,10,end debt,0.0,,informational,keyword planner,10;0;0;0;0;0;0;0;0;0;0;0
Scenario: downsizers & retirees,bridging loans for pension payouts,10,end debt,0.0,,commercial,keyword planner,10;0;0;0;0;0;10;0;0;0;0;0
Scenario: downsizers & retirees,bridging loans for retirees,10,end debt,0.0,MEDIUM,informational,keyword planner,30;10;10;10;10;10;20;30;10;10;10;10
Scenario: downsizers & retirees,bridging loans for seniors,10,,18.62,,commercial,dataforseo labs,
Scenario: downsizers & retirees,can retirees get a bridging loan,10,end debt,,,informational,dataforseo labs,
Scenario: downsizers & retirees,downsizing bridging loan,10,end debt,0.0,HIGH,commercial,keyword planner,10;10;10;10;10;10;10;10;10;0;10;10
Scenario: downsizers & retirees,pension bridging finance,10,end debt,0.0,,,keyword planner,10;10;0;10;0;0;10;0;10;10;10;0
Scenario: downsizers & retirees,pension bridging loans,10,end debt,0.0,,commercial,keyword planner,10;10;0;10;0;0;10;0;10;10;10;0
Scenario: downsizers & retirees,bridging finance against pension payout,0,,0.0,,informational,keyword planner,0;0;0;0;0;0;0;0;0;0;0;0
Scenario: downsizers & retirees,bridging finance on retirement annuity,0,,0.0,,commercial,keyword planner,0;0;0;0;0;0;0;0;0;0;0;0
Scenario: downsizers & retirees,bridging finance while waiting for pension,0,,,,informational,dataforseo labs,
Scenario: downsizers & retirees,bridging loan over 70,0,,,,transactional,dataforseo labs,
Scenario: downsizers & retirees,bridging loan pensioner,0,,,,transactional,dataforseo labs,
Scenario: downsizers & retirees,bridging loan while waiting for pension,0,,,,transactional,dataforseo labs,
Scenario: downsizers & retirees,bridging loans against pension,0,,0.0,,,keyword planner,
Scenario: downsizers & retirees,bridging loans for retirees australia,0,,,,commercial,dataforseo labs,
"Scenario: fast, short-term, private or bad credit",short term bridging finance,110,short term bridging loan,58.67,LOW,commercial,keyword planner,260;140;90;70;90;140;170;90;70;70;140;70
"Scenario: fast, short-term, private or bad credit",short term bridging loan,110,,58.67,LOW,commercial,keyword planner,260;140;90;70;90;140;170;90;70;70;140;70
"Scenario: fast, short-term, private or bad credit",short-term bridging finance,110,short term bridging loan,20,,commercial,dataforseo labs,
"Scenario: fast, short-term, private or bad credit",short-term bridging loan,110,short term bridging loan,20,,commercial,dataforseo labs,
"Scenario: fast, short-term, private or bad credit",bridging fast loan,50,fast bridge loan,66.66,MEDIUM,,keyword planner,260;90;30;20;40;40;70;50;30;20;20;20
"Scenario: fast, short-term, private or bad credit",bridging loan quick,50,fast bridge loan,66.66,MEDIUM,commercial,keyword planner,260;90;30;20;40;40;70;50;30;20;20;20
"Scenario: fast, short-term, private or bad credit",bridging loans fast,50,fast bridge loan,29.13,,commercial,dataforseo labs,
"Scenario: fast, short-term, private or bad credit",fast bridge loan,50,,66.72,MEDIUM,,keyword planner,260;90;30;20;40;40;70;50;30;20;20;20
"Scenario: fast, short-term, private or bad credit",fast bridging finance,50,fast bridge loan,66.66,MEDIUM,commercial,keyword planner,260;90;30;20;40;40;70;50;30;20;20;20
"Scenario: fast, short-term, private or bad credit",fast bridging loan,50,fast bridge loan,29.13,,navigational,dataforseo labs,
"Scenario: fast, short-term, private or bad credit",fast bridging loans,50,fast bridge loan,66.66,MEDIUM,commercial,keyword planner,260;90;30;20;40;40;70;50;30;20;20;20
"Scenario: fast, short-term, private or bad credit",fastest bridging loans,50,fast bridge loan,29.13,,commercial,dataforseo labs,
"Scenario: fast, short-term, private or bad credit",quick bridge loan,50,fast bridge loan,29.13,,transactional,dataforseo labs,
"Scenario: fast, short-term, private or bad credit",quick bridging finance,50,fast bridge loan,66.66,MEDIUM,commercial,keyword planner,260;90;30;20;40;40;70;50;30;20;20;20
"Scenario: fast, short-term, private or bad credit",quick bridging loans,50,fast bridge loan,66.66,MEDIUM,commercial,keyword planner,260;90;30;20;40;40;70;50;30;20;20;20
"Scenario: fast, short-term, private or bad credit",low doc bridging loan,30,,22.34,,informational,dataforseo labs,
"Scenario: fast, short-term, private or bad credit",private bridge loan,30,,65.77,MEDIUM,commercial,keyword planner,170;20;40;30;10;20;20;20;10;20;10;10
"Scenario: fast, short-term, private or bad credit",private bridging finance,30,private bridge loan,65.77,MEDIUM,commercial,keyword planner,170;20;40;30;10;20;20;20;10;20;10;10
"Scenario: fast, short-term, private or bad credit",private bridging loans,30,private bridge loan,24.88,,commercial,dataforseo labs,
"Scenario: fast, short-term, private or bad credit",private lender bridge loan,30,private bridge loan,65.77,MEDIUM,commercial,keyword planner,170;20;40;30;10;20;20;20;10;20;10;10
"Scenario: fast, short-term, private or bad credit",instant bridging loan,20,urgent bridging loan,,,transactional,dataforseo labs,
"Scenario: fast, short-term, private or bad credit",instant bridging loans,20,urgent bridging loan,0.0,,commercial,keyword planner,110;20;10;10;10;10;10;0;10;10;10;0
"Scenario: fast, short-term, private or bad credit",short term bridging funding,20,urgent bridging loan,0.0,LOW,,keyword planner,110;10;10;10;10;10;30;10;0;10;10;10
"Scenario: fast, short-term, private or bad credit",urgent bridging finance,20,urgent bridging loan,0.0,LOW,commercial,keyword planner,30;30;20;10;10;10;20;10;10;10;20;20
"Scenario: fast, short-term, private or bad credit",urgent bridging loan,20,,0.0,LOW,transactional,keyword planner,30;30;20;10;10;10;20;10;10;10;20;20
"Scenario: fast, short-term, private or bad credit",urgent bridging loans,20,urgent bridging loan,,,commercial,dataforseo labs,
"Scenario: fast, short-term, private or bad credit",bridge financing private equity,10,end debt,0.0,,,keyword planner,0;0;0;0;0;0;10;10;0;10;10;0
"Scenario: fast, short-term, private or bad credit",bridge loan private equity,10,end debt,0.0,,commercial,keyword planner,0;0;0;0;0;0;10;10;0;10;10;0
"Scenario: fast, short-term, private or bad credit",bridge loans no credit check,10,end debt,0.0,,,keyword planner,10;0;10;10;0;10;0;10;10;0;0;0
"Scenario: fast, short-term, private or bad credit",bridging loan no credit check,10,end debt,8.29,,commercial,dataforseo labs,
"Scenario: fast, short-term, private or bad credit",bridging loan no deposit,10,end debt,,,commercial,dataforseo labs,
"Scenario: fast, short-term, private or bad credit",bridging loan with no deposit,10,end debt,,,transactional,dataforseo labs,
"Scenario: fast, short-term, private or bad credit",bridging loans no credit check,10,end debt,,,commercial,dataforseo labs,
"Scenario: fast, short-term, private or bad credit",fast bridging mortgage,10,end debt,0.0,,,keyword planner,20;10;0;0;0;0;10;10;0;10;0;0
"Scenario: fast, short-term, private or bad credit",fast non status bridging loans,10,end debt,0.0,,,keyword planner,0;10;0;0;0;10;0;10;0;10;0;0
"Scenario: fast, short-term, private or bad credit",fast regulated bridging loan,10,end debt,0.0,,,keyword planner,30;10;0;0;10;0;0;0;0;0;0;0
"Scenario: fast, short-term, private or bad credit",how quickly can i get a bridging loan,10,end debt,,,informational,dataforseo labs,
"Scenario: fast, short-term, private or bad credit",how quickly can you get a bridging loan,10,end debt,,,informational,dataforseo labs,
"Scenario: fast, short-term, private or bad credit",instant bridging finance,10,end debt,0.0,HIGH,,keyword planner,110;10;10;0;0;10;0;10;10;0;0;10
"Scenario: fast, short-term, private or bad credit",low doc bridging finance,10,,37.22,,navigational,dataforseo labs,
"Scenario: fast, short-term, private or bad credit",no credit check bridging loans,10,end debt,,,commercial,dataforseo labs,
"Scenario: fast, short-term, private or bad credit",private bridging lenders,10,end debt,0.0,HIGH,,keyword planner,70;10;20;20;0;10;10;10;10;10;0;10
"Scenario: fast, short-term, private or bad credit",private lenders for bridging finance,10,end debt,0.0,,,keyword planner,90;20;20;10;0;10;0;0;10;0;0;0
"Scenario: fast, short-term, private or bad credit",quick bridging mortgage,10,end debt,0.0,,,keyword planner,90;10;0;0;10;10;10;10;0;0;0;0
"Scenario: fast, short-term, private or bad credit",short term bridge,10,end debt,0.0,,,keyword planner,90;20;20;10;10;10;10;10;0;10;10;0
"Scenario: fast, short-term, private or bad credit",short term bridge financing,10,end debt,0.0,LOW,,keyword planner,10;10;10;10;10;20;40;10;20;0;10;10
"Scenario: fast, short-term, private or bad credit",short term bridge loan mortgage,10,end debt,0.0,,,keyword planner,0;10;0;0;10;10;0;0;10;0;0;0
"Scenario: fast, short-term, private or bad credit",short term bridging loans australia,10,short-term bridging loans australia,16.96,,commercial,dataforseo labs,
"Scenario: fast, short-term, private or bad credit",short term bridging loans property,10,end debt,0.0,,,keyword planner,0;0;0;0;10;0;0;0;0;10;0;0
"Scenario: fast, short-term, private or bad credit",short-term bridging loans australia,10,,16.96,,commercial,dataforseo labs,
"Scenario: fast, short-term, private or bad credit",what is a short term bridge loan,10,end debt,0.0,,informational,keyword planner,0;0;10;0;0;10;10;10;10;0;0;0
"Scenario: fast, short-term, private or bad credit",best short term bridging finance,0,,,,commercial,dataforseo labs,
"Scenario: fast, short-term, private or bad credit",best short term bridging loan,0,,,,commercial,dataforseo labs,
"Scenario: fast, short-term, private or bad credit",bridging finance bad credit,0,,,,commercial,dataforseo labs,
"Scenario: fast, short-term, private or bad credit",bridging finance no credit check,0,,,,commercial,dataforseo labs,
"Scenario: fast, short-term, private or bad credit",bridging loan australia private lenders bad credit,0,,,,commercial,dataforseo labs,
"Scenario: fast, short-term, private or bad credit",bridging loan quick quote,0,,0.0,,,keyword planner,
"Scenario: fast, short-term, private or bad credit",fast turnaround bridging loan,0,,0.0,,,keyword planner,0;0;0;0;0;0;0;0;0;0;0;0
"Scenario: fast, short-term, private or bad credit",quick bridge loan reviews,0,,,,informational,dataforseo labs,
"Scenario: fast, short-term, private or bad credit",quick bridging loans online,0,,0.0,,,keyword planner,0;0;0;0;0;0;0;0;0;0;0;0
"Scenario: fast, short-term, private or bad credit",short term bridging loan australia,0,,,,commercial,dataforseo labs,
"Scenario: fast, short-term, private or bad credit",short term bridging loan lenders,0,,,,commercial,dataforseo labs,
"Scenario: fast, short-term, private or bad credit",short term financing bridge,0,,0.0,,,keyword planner,0;0;0;0;0;0;0;0;0;0;0;0
What it is & how it works,what is a bridge loan,1000,what is a bridging loan,4.75,,informational,dataforseo labs,
What it is & how it works,what is a bridging loan,1000,,6.44,LOW,informational,keyword planner,1000;1300;880;720;1000;1000;1600;1000;1000;880;880;880
What it is & how it works,how do bridging loans work,880,how does a bridging loan work,3.55,,informational,dataforseo labs,
What it is & how it works,how does a bridge loan work,880,how does a bridging loan work,3.55,,informational,dataforseo labs,
What it is & how it works,how does a bridging loan work,880,,6.7,MEDIUM,informational,keyword planner,880;880;720;480;880;880;880;720;880;720;880;880
What it is & how it works,how does bridging loan work,880,how does a bridging loan work,3.55,,informational,dataforseo labs,
What it is & how it works,how does bridging loan works,880,how does a bridging loan work,3.55,,informational,dataforseo labs,
What it is & how it works,how does bridging loans work,880,how does a bridging loan work,3.55,,informational,dataforseo labs,
What it is & how it works,what are bridging loan,260,what is bridging finance,5.16,,informational,dataforseo labs,
What it is & how it works,what are bridging loans,260,what is bridging finance,5.16,,informational,dataforseo labs,
What it is & how it works,what is a bridging finance,260,what is bridging finance,5.16,,informational,dataforseo labs,
What it is & how it works,what is bridging finance,260,,9.62,LOW,informational,keyword planner,320;210;260;170;210;260;320;260;260;260;210;210
What it is & how it works,bridge loan definition,210,define bridge loan,6.46,,informational,dataforseo labs,
What it is & how it works,bridge loan explained,210,bridging loan explained,6.06,,informational,dataforseo labs,
What it is & how it works,bridge loan meaning,210,define bridge loan,9.01,LOW,informational,keyword planner,260;260;260;140;210;260;260;260;260;170;210;210
What it is & how it works,bridging finance definition,210,define bridge loan,6.46,,informational,dataforseo labs,
What it is & how it works,bridging finance meaning,210,define bridge loan,6.46,,informational,dataforseo labs,
What it is & how it works,bridging loan define,210,define bridge loan,6.46,,informational,dataforseo labs,
What it is & how it works,bridging loan definition,210,define bridge loan,6.46,,informational,dataforseo labs,
What it is & how it works,bridging loan explained,210,,10.14,MEDIUM,informational,keyword planner,170;210;210;140;210;260;260;260;210;170;170;320
What it is & how it works,bridging loan meaning,210,define bridge loan,6.46,,informational,dataforseo labs,
What it is & how it works,bridging loans definition,210,define bridge loan,6.46,,informational,dataforseo labs,
What it is & how it works,bridging loans explained,210,bridging loan explained,10.15,MEDIUM,informational,keyword planner,170;210;210;140;210;260;260;260;210;170;170;320
What it is & how it works,bridging loans meaning,210,define bridge loan,9.0,LOW,informational,keyword planner,260;260;260;140;210;260;260;260;260;170;210;210
What it is & how it works,define bridge loan,210,,9.0,LOW,,keyword planner,260;260;260;140;210;260;260;260;260;170;210;210
What it is & how it works,define bridging loan,210,define bridge loan,6.46,,informational,dataforseo labs,
What it is & how it works,how does bridging finance work,210,,6.28,MEDIUM,informational,keyword planner,210;210;210;110;210;260;260;170;210;210;170;210
What it is & how it works,meaning of bridging finance,210,define bridge loan,6.46,,informational,dataforseo labs,
What it is & how it works,bridge loan what is,170,,10.11,LOW,,keyword planner,210;320;110;90;140;170;480;140;170;110;110;110
What it is & how it works,bridging loan what is,170,bridge loan what is,10.11,LOW,informational,keyword planner,210;320;110;90;140;170;480;140;170;110;110;110
What it is & how it works,what is abridging loan,170,bridge loan what is,10.11,LOW,,keyword planner,210;320;110;90;140;170;480;140;170;110;110;110
What it is & how it works,what is bridge finance loan,170,bridge loan what is,10.11,LOW,,keyword planner,210;320;110;90;140;170;480;140;170;110;110;110
What it is & how it works,what is bridging loan,170,what bridging loan,4.26,,informational,dataforseo labs,
What it is & how it works,what is bridging loans,170,what bridging loan,4.26,,informational,dataforseo labs,
What it is & how it works,how does a bridging loan work in australia,110,,3.77,,informational,dataforseo labs,
What it is & how it works,how do bridging loans work australia,70,what is a bridging loan australia,4.94,,informational,dataforseo labs,
What it is & how it works,how does a bridging loan work australia,70,what is a bridging loan australia,4.94,,informational,dataforseo labs,
What it is & how it works,what is a bridge loan and how does it work,70,what is bridging finance & how does it work,8.3,,informational,dataforseo labs,
What it is & how it works,what is a bridging loan and how does it work,70,what is bridging finance & how does it work,9.32,MEDIUM,informational,keyword planner,40;40;40;40;50;70;70;50;70;90;170;70
What it is & how it works,what is a bridging loan australia,70,,5.3,,informational,dataforseo labs,
What it is & how it works,what is bridging finance & how does it work,70,,9.32,MEDIUM,informational,keyword planner,40;40;40;40;50;70;70;50;70;90;170;70
What it is & how it works,how a bridging loan works,50,how bridge loan works,4.89,,informational,dataforseo labs,
What it is & how it works,how bridge loan works,50,,4.89,,informational,dataforseo labs,
What it is & how it works,how bridging loan works,50,how bridge loan works,4.89,,informational,dataforseo labs,
What it is & how it works,how bridging loans work,50,how bridge loan works,4.89,,informational,dataforseo labs,
What it is & how it works,bridge loan how does it work,40,,9.61,MEDIUM,informational,keyword planner,10;20;10;10;20;20;10;20;50;50;110;140
What it is & how it works,bridging loan how does it work,40,bridge loan how does it work,9.61,MEDIUM,informational,keyword planner,10;20;10;10;20;20;10;20;50;50;110;140
What it is & how it works,how does bridging finance work in australia,40,,3.57,,informational,dataforseo labs,
What it is & how it works,bridging finance explained,30,,9.89,MEDIUM,informational,keyword planner,40;30;50;30;30;40;50;20;20;20;20;20
What it is & how it works,what is a bridging bond loan,30,development bridging loan,,,informational,dataforseo labs,
What it is & how it works,what is bridging finance australia,30,,3.17,,informational,dataforseo labs,
What it is & how it works,what is bridging loan in australia,30,,5.35,,informational,dataforseo labs,
What it is & how it works,bridge loan what is it,20,urgent bridging loan,,,informational,dataforseo labs,
What it is & how it works,bridging loan what is it,20,urgent bridging loan,0.0,LOW,informational,keyword planner,10;30;20;10;10;20;40;10;20;10;20;20
What it is & how it works,bridge gap loan meaning,10,end debt,,,informational,dataforseo labs,
What it is & how it works,bridge home loan meaning,10,end debt,,,informational,dataforseo labs,
What it is & how it works,bridge loan how it works,10,bridging loan how it works,7.99,,informational,dataforseo labs,
What it is & how it works,bridge loan mortgage definition,10,end debt,,,informational,dataforseo labs,
What it is & how it works,bridge loan network,10,end debt,,,navigational,dataforseo labs,
What it is & how it works,bridge loan purpose,10,end debt,,,informational,dataforseo labs,
What it is & how it works,bridge loan work,10,end debt,,,commercial,dataforseo labs,
What it is & how it works,bridging finance define,10,end debt,,,informational,dataforseo labs,
What it is & how it works,bridging finance how does it work,10,,10.8,MEDIUM,informational,keyword planner,10;10;10;10;10;10;10;10;10;20;20;30
What it is & how it works,bridging finance what is it,10,bridging finance how does it work,11.68,,informational,dataforseo labs,
What it is & how it works,bridging loan explained simply,10,end debt,,,informational,dataforseo labs,
What it is & how it works,bridging loan how it works,10,,10.21,HIGH,informational,keyword planner,10;10;10;10;10;10;10;10;10;10;10;10
What it is & how it works,bridging loan meaning in chinese,10,end debt,,,informational,dataforseo labs,
What it is & how it works,bridging loan purpose,10,end debt,,,commercial,dataforseo labs,
What it is & how it works,bridging loan what does it mean,10,end debt,,,informational,dataforseo labs,
What it is & how it works,bridging loans and how they work,10,end debt,,,informational,dataforseo labs,
What it is & how it works,bridging loans explained australia,10,end debt,0.0,,informational,keyword planner,0;0;0;0;0;10;0;10;0;0;10;0
What it is & how it works,bridging loans how do they work,10,end debt,9.0,MEDIUM,informational,keyword planner,20;20;10;10;10;10;10;10;20;30;20;20
What it is & how it works,bridging loans how they work,10,end debt,0.01,,informational,dataforseo labs,
What it is & how it works,bridging loans what are they,10,end debt,0.0,LOW,informational,keyword planner,10;0;10;0;10;0;10;10;10;0;0;10
What it is & how it works,bridging mortgage explained,10,,10.07,HIGH,,keyword planner,10;10;10;10;10;10;10;10;10;10;10;10
What it is & how it works,define bridging finance,10,end debt,,,informational,dataforseo labs,
What it is & how it works,explain a bridge loan,10,,10.13,MEDIUM,,keyword planner,0;10;10;10;10;10;10;10;10;10;10;10
What it is & how it works,explain bridging loans,10,explain a bridge loan,4.75,,informational,dataforseo labs,
What it is & how it works,how bridging finance works,10,end debt,0.94,,informational,dataforseo labs,
What it is & how it works,how does a bridge loan work in real estate,10,end debt,,,informational,dataforseo labs,
What it is & how it works,how does a bridge mortgage loan work,10,end debt,4.59,,informational,dataforseo labs,
What it is & how it works,how does a bridging home loan work,10,end debt,10.32,HIGH,informational,keyword planner,10;10;10;10;10;10;10;10;10;10;20;20
What it is & how it works,how does a bridging mortgage work,10,end debt,10.32,HIGH,,keyword planner,10;10;10;10;10;10;10;10;10;10;20;20
What it is & how it works,how does bridging a mortgage work,10,end debt,10.32,HIGH,,keyword planner,10;10;10;10;10;10;10;10;10;10;20;20
What it is & how it works,how to bridging loans work,10,end debt,0.94,,informational,dataforseo labs,
What it is & how it works,what a bridging loan meaning,10,end debt,,,informational,dataforseo labs,
What it is & how it works,what are bridge loans and how do they work,10,end debt,0.0,,,keyword planner,0;0;0;0;0;0;0;0;0;10;0;0
What it is & how it works,what are bridging loans used for,10,end debt,0.0,HIGH,informational,keyword planner,10;10;10;10;10;10;10;10;10;10;10;10
What it is & how it works,what can a bridge loan be used for,10,end debt,0.0,MEDIUM,,keyword planner,10;10;0;10;10;10;10;10;0;10;10;10
What it is & how it works,what can a bridging loan be used for,10,end debt,0.0,MEDIUM,informational,keyword planner,10;10;0;10;10;10;10;10;0;10;10;10
What it is & how it works,what does a bridge loan mean,10,end debt,6.49,LOW,,keyword planner,10;10;10;10;10;20;20;10;10;20;10;10
What it is & how it works,what does bridge loan mean,10,end debt,6.49,LOW,,keyword planner,10;10;10;10;10;20;20;10;10;20;10;10
What it is & how it works,what does bridging finance mean,10,,0.0,LOW,informational,keyword planner,10;10;10;10;10;10;10;10;10;10;10;10
What it is & how it works,what does bridging loan mean,10,end debt,,,informational,dataforseo labs,
What it is & how it works,what is a bridge finance,10,end debt,0.0,,,keyword planner,0;10;0;0;0;0;0;10;0;0;0;0
What it is & how it works,what is a bridge home loan,10,end debt,0.0,,,keyword planner,0;10;10;10;0;0;0;10;10;10;10;0
What it is & how it works,what is a bridge in finance,10,end debt,0.0,LOW,,keyword planner,10;0;0;10;0;10;10;10;0;10;10;10
What it is & how it works,what is a bridge loan for a home,10,end debt,,,informational,dataforseo labs,
What it is & how it works,what is a bridge loan for homes,10,end debt,0.0,LOW,,keyword planner,10;10;10;0;10;10;10;10;10;10;10;10
What it is & how it works,what is a bridge loan in canada,10,end debt,,,informational,dataforseo labs,
What it is & how it works,what is a bridge loan in mortgage,10,end debt,,,informational,dataforseo labs,
What it is & how it works,what is a bridge loan in real estate,10,end debt,10.11,MEDIUM,informational,keyword planner,10;10;10;10;10;10;10;10;10;10;10;10
What it is & how it works,what is a bridge loan mortgage,10,end debt,10.28,MEDIUM,informational,keyword planner,10;10;10;10;10;10;10;10;10;10;10;10
What it is & how it works,what is a bridge loan on a house,10,end debt,0.0,LOW,informational,keyword planner,10;10;10;0;10;10;10;10;10;10;10;10
What it is & how it works,what is a bridge loan real estate,10,end debt,1.48,,informational,dataforseo labs,
What it is & how it works,what is a bridge mortgage,10,end debt,0.0,LOW,,keyword planner,10;10;10;10;10;10;10;10;10;10;10;10
What it is & how it works,what is a bridge mortgage loan,10,end debt,10.46,,informational,dataforseo labs,
What it is & how it works,what is a bridging loan for property,10,end debt,,,informational,dataforseo labs,
What it is & how it works,what is a bridging loan in australia,10,end debt,,,informational,dataforseo labs,
What it is & how it works,what is a bridging loan mortgage,10,end debt,10.28,MEDIUM,informational,keyword planner,10;10;10;10;10;10;10;10;10;10;10;10
What it is & how it works,what is a bridging loan secured against,10,end debt,0.0,,informational,keyword planner,0;10;10;0;0;0;0;0;0;0;0;0
What it is & how it works,what is a bridging loan used for,10,end debt,0.0,HIGH,informational,keyword planner,10;10;10;10;10;10;10;10;10;10;10;10
What it is & how it works,what is a hard money bridge loan,10,end debt,0.0,,,keyword planner,10;0;0;0;0;0;0;0;0;0;0;0
What it is & how it works,what is a home bridge loan,10,end debt,0.0,LOW,,keyword planner,10;10;10;0;10;10;10;10;10;10;10;10
What it is & how it works,what is a real estate bridge loan,10,end debt,1.48,,informational,dataforseo labs,
What it is & how it works,what is bridge financing in real estate,10,end debt,0.0,,,keyword planner,10;10;0;0;0;0;0;0;0;0;0;0
What it is & how it works,what is bridge financing mortgage,10,end debt,0.0,,,keyword planner,0;0;10;0;10;0;0;10;0;0;0;0
What it is & how it works,what is bridge lending,10,end debt,0.0,,,keyword planner,0;0;0;0;0;0;0;0;0;0;10;0
What it is & how it works,what is bridge loan financing,10,end debt,0.0,,informational,keyword planner,10;10;0;10;10;0;0;10;10;0;0;0
What it is & how it works,what is bridge loan for a mortgage,10,end debt,0.0,LOW,informational,keyword planner,10;10;0;0;0;10;0;0;0;0;10;10
What it is & how it works,what is bridge loan in banking,10,end debt,0.0,,informational,keyword planner,0;0;0;0;10;10;0;0;10;0;0;0
What it is & how it works,what is bridge loan in real estate,10,end debt,0.0,,informational,keyword planner,0;10;0;10;0;10;0;0;0;0;0;0
What it is & how it works,what is bridge loan in simple words,10,end debt,,,informational,dataforseo labs,
What it is & how it works,what is bridging a mortgage,10,end debt,0.0,,,keyword planner,0;0;10;0;0;0;0;0;0;10;0;0
What it is & how it works,what is bridging finance and how does it work,10,,7.31,MEDIUM,informational,keyword planner,10;10;10;10;0;10;0;10;10;10;10;30
What it is & how it works,what is bridging finance south africa,10,end debt,,,informational,dataforseo labs,
What it is & how it works,what is bridging loan australia,10,end debt,,,informational,dataforseo labs,
What it is & how it works,what is bridging loan for a mortgage,10,end debt,0.0,LOW,informational,keyword planner,10;10;0;0;0;10;0;0;0;0;10;10
What it is & how it works,what is bridging mortgage,10,end debt,10.28,MEDIUM,,keyword planner,10;10;10;10;10;10;10;10;10;10;10;10
What it is & how it works,what is open bridging finance,10,end debt,,,informational,dataforseo labs,
What it is & how it works,what is the bridge loan,10,,0.0,MEDIUM,,keyword planner,10;10;0;0;10;10;10;10;0;0;0;10
What it is & how it works,why bridging loan,10,end debt,,,informational,dataforseo labs,
What it is & how it works,bridge loan definition real estate,0,,,,informational,dataforseo labs,
What it is & how it works,bridge loan meaning in banking,0,,,,informational,dataforseo labs,
What it is & how it works,bridge loan real estate definition,0,,,,informational,dataforseo labs,
What it is & how it works,bridging finance what is,0,,,,informational,dataforseo labs,
What it is & how it works,bridging finance work and income,0,,,,informational,dataforseo labs,
What it is & how it works,bridging loan explained australia,0,,,,commercial,dataforseo labs,
What it is & how it works,bridging loan explained in australia,0,,,,commercial,dataforseo labs,
What it is & how it works,bridging loan explained pdf,0,,,,informational,dataforseo labs,
What it is & how it works,bridging loan meaning in australia,0,,,,informational,dataforseo labs,
What it is & how it works,bridging loans explained in australia,0,,,,commercial,dataforseo labs,
What it is & how it works,bridging loans explained pdf,0,,,,informational,dataforseo labs,
What it is & how it works,how a bridging loan works in australia,0,,,,informational,dataforseo labs,
What it is & how it works,how bridge loan works for dummies,0,,,,informational,dataforseo labs,
What it is & how it works,how bridge loan works in australia,0,,,,informational,dataforseo labs,
What it is & how it works,how bridge loan works reddit,0,,,,informational,dataforseo labs,
What it is & how it works,how bridging loan works in australia,0,,,,informational,dataforseo labs,
What it is & how it works,how bridging loans work in australia,0,,,,informational,dataforseo labs,
What it is & how it works,how do bridging loans work australia pdf,0,,,,informational,dataforseo labs,
What it is & how it works,how does a bridging loan work australia pdf,0,,,,informational,dataforseo labs,
What it is & how it works,how does a bridging loan work in australia pdf,0,,,,informational,dataforseo labs,
What it is & how it works,how does a bridging loan work when you have,0,,,,informational,dataforseo labs,
What it is & how it works,how does bridging finance,0,,,,informational,dataforseo labs,
What it is & how it works,open bridging loan definition,0,,,,informational,dataforseo labs,
What it is & how it works,what are bridge loans for homes,0,,0.0,,,keyword planner,0;0;0;0;0;0;0;0;0;0;0;0
What it is & how it works,what are bridging loan in australia,0,,,,informational,dataforseo labs,
What it is & how it works,what bridging finance mean,0,,,,informational,dataforseo labs,
What it is & how it works,what can bridging loans be used for,0,,,,informational,dataforseo labs,
What it is & how it works,what does bridging a mortgage mean,0,,0.0,,,keyword planner,0;0;0;0;0;0;0;0;0;0;0;0
What it is & how it works,what is a bridge loan agreement,0,,,,informational,dataforseo labs,
What it is & how it works,what is a bridge loan and how do they work,0,,0.0,,informational,keyword planner,0;0;0;0;0;0;0;0;0;0;0;0
What it is & how it works,what is a bridge loan definition,0,,0.0,,informational,keyword planner,0;0;0;0;0;0;0;0;0;0;0;0
What it is & how it works,what is a bridge loan for a mortgage,0,,0.0,,,keyword planner,0;0;0;0;0;0;0;0;0;0;0;0
What it is & how it works,what is a residential bridge loan,0,,0.0,,,keyword planner,0;0;0;0;0;0;0;0;0;0;0;0
What it is & how it works,what is bridge loan funding,0,,,,informational,dataforseo labs,
What it is & how it works,what is bridging finance in australia,0,,,,informational,dataforseo labs,
What it is & how it works,what is bridging finance winz,0,,,,informational,dataforseo labs,
What it is & how it works,what is bridging loan and how does it work,0,,,,informational,dataforseo labs,
What it is & how it works,what is temporary bridging loan,0,,0.0,,,keyword planner,0;0;0;0;0;0;0;0;0;0;0;0
What it is & how it works,what is the meaning of bridging finance in australia,0,,,,informational,dataforseo labs,
What it is & how it works,why get a bridging loan,0,,,,informational,dataforseo labs,
What it is & how it works,why use bridging finance,0,,,,informational,dataforseo labs,
