family,theme,keyword,au_monthly_volume,close_variant_of,top_of_page_bid_high_aud,competition,intent,source,monthly_sep25_to_aug26
help to buy and shared equity,"Apply, lenders, places and dates",commbank help to buy scheme,320,,3.34,,transactional,dataforseo labs,
help to buy and shared equity,"Apply, lenders, places and dates",help to buy scheme australia when does it start,320,,9.63,LOW,informational,keyword planner,590;720;720;390;140;110;210;170;90;90;90;70
help to buy and shared equity,"Apply, lenders, places and dates",help to buy scheme 2025,210,,,,informational,dataforseo labs,
help to buy and shared equity,"Apply, lenders, places and dates",bank australia help to buy,170,,8.79,,transactional,dataforseo labs,
help to buy and shared equity,"Apply, lenders, places and dates",housing australia help to buy,170,,10.03,,informational,dataforseo labs,
help to buy and shared equity,"Apply, lenders, places and dates",bank australia help to buy scheme,140,,10.06,,transactional,dataforseo labs,
help to buy and shared equity,"Apply, lenders, places and dates",cba help to buy,110,,3.85,,transactional,dataforseo labs,
help to buy and shared equity,"Apply, lenders, places and dates",housing australia help to buy scheme,90,,9.37,,commercial,dataforseo labs,
help to buy and shared equity,"Apply, lenders, places and dates",shared equity scheme 2025,90,,,,informational,dataforseo labs,
help to buy and shared equity,"Apply, lenders, places and dates",help to buy scheme australia how to apply,70,,15.19,MEDIUM,informational,keyword planner,140;140;140;70;30;50;110;90;20;30;10;20
help to buy and shared equity,"Apply, lenders, places and dates",help to buy scheme bank,70,,15.77,MEDIUM,,keyword planner,20;30;70;50;90;50;50;70;70;70;50;90
help to buy and shared equity,"Apply, lenders, places and dates",help to buy scheme banks,70,,18.69,,transactional,dataforseo labs,
help to buy and shared equity,"Apply, lenders, places and dates",help to buy scheme lenders,70,,20.25,LOW,commercial,keyword planner,20;50;50;70;70;70;90;70;70;70;70;140
help to buy and shared equity,"Apply, lenders, places and dates",shared equity lenders,70,shared equity loan,14.02,MEDIUM,commercial,keyword planner,70;70;70;50;70;70;50;70;70;50;50;50
help to buy and shared equity,"Apply, lenders, places and dates",commonwealth help to buy scheme,50,,1.32,,transactional,dataforseo labs,
help to buy and shared equity,"Apply, lenders, places and dates",help to buy commonwealth bank,50,,18.55,LOW,transactional,keyword planner,0;0;40;90;70;50;70;70;50;50;20;20
help to buy and shared equity,"Apply, lenders, places and dates",help to buy lenders,50,,15.83,MEDIUM,commercial,keyword planner,10;30;40;90;50;40;70;50;50;50;70;110
help to buy and shared equity,"Apply, lenders, places and dates",help to buy scheme participating lenders,50,,15.57,,commercial,dataforseo labs,
help to buy and shared equity,"Apply, lenders, places and dates",how can i apply for help to buy scheme,50,how to apply for help to buy scheme,15.21,MEDIUM,,keyword planner,40;20;70;70;50;50;70;70;70;50;70;50
help to buy and shared equity,"Apply, lenders, places and dates",how do i apply for help to buy scheme,50,how to apply for help to buy scheme,15.21,MEDIUM,,keyword planner,40;20;70;70;50;50;70;70;70;50;70;50
help to buy and shared equity,"Apply, lenders, places and dates",how do i apply for the help to buy scheme,50,how to apply for help to buy scheme,15.21,MEDIUM,,keyword planner,40;20;70;70;50;50;70;70;70;50;70;50
help to buy and shared equity,"Apply, lenders, places and dates",how do you apply for help to buy scheme,50,how to apply for help to buy scheme,7.33,,informational,dataforseo labs,
help to buy and shared equity,"Apply, lenders, places and dates",how to apply for help to buy scheme,50,,15.21,MEDIUM,informational,keyword planner,40;20;70;70;50;50;70;70;70;50;70;50
help to buy and shared equity,"Apply, lenders, places and dates",how to apply help to buy scheme,50,how to apply for help to buy scheme,7.33,,informational,dataforseo labs,
help to buy and shared equity,"Apply, lenders, places and dates",help to buy bank australia,40,,15.21,LOW,transactional,keyword planner,0;0;30;90;40;40;50;50;50;50;50;70
help to buy and shared equity,"Apply, lenders, places and dates",help to buy housing australia,40,,0.0,LOW,transactional,keyword planner,30;50;50;70;40;40;40;20;30;40;20;20
help to buy and shared equity,"Apply, lenders, places and dates",help to buy participating lenders,40,,28.92,MEDIUM,transactional,keyword planner,20;50;30;40;40;50;50;30;30;30;40;20
help to buy and shared equity,"Apply, lenders, places and dates",help to buy scheme 2026,40,,7.94,,transactional,dataforseo labs,
help to buy and shared equity,"Apply, lenders, places and dates",help to buy scheme apply,40,help to buy scheme how to apply,8.93,,transactional,dataforseo labs,
help to buy and shared equity,"Apply, lenders, places and dates",help to buy scheme australia 2025,40,government shared equity,,,informational,dataforseo labs,
help to buy and shared equity,"Apply, lenders, places and dates",help to buy scheme bank australia,40,help to buy bank australia,1.91,,transactional,dataforseo labs,
help to buy and shared equity,"Apply, lenders, places and dates",help to buy scheme how to apply,40,,15.42,MEDIUM,informational,keyword planner,50;30;50;90;30;20;40;30;30;10;30;10
help to buy and shared equity,"Apply, lenders, places and dates",help to buy scheme qld 2025,40,government shared equity,,,informational,dataforseo labs,
help to buy and shared equity,"Apply, lenders, places and dates",help to buy scheme: how to apply,40,help to buy scheme how to apply,8.93,,informational,dataforseo labs,
help to buy and shared equity,"Apply, lenders, places and dates",apply for help to buy scheme,30,,26.07,MEDIUM,transactional,keyword planner,10;20;20;40;40;40;40;30;30;40;30;30
help to buy and shared equity,"Apply, lenders, places and dates",apply help to buy scheme,30,apply for help to buy scheme,14.68,,transactional,dataforseo labs,
help to buy and shared equity,"Apply, lenders, places and dates",commonwealth government shared equity scheme,30,help to buy scheme start date,0.0,LOW,informational,keyword planner,90;110;50;10;10;10;10;10;10;10;10;10
help to buy and shared equity,"Apply, lenders, places and dates",government help to buy scheme 2026,30,,3.57,,transactional,dataforseo labs,
help to buy and shared equity,"Apply, lenders, places and dates",help to buy bank,30,,15.43,MEDIUM,,keyword planner,20;20;20;30;20;30;30;30;50;20;30;50
help to buy and shared equity,"Apply, lenders, places and dates",help to buy banks,30,help to buy bank,15.43,MEDIUM,,keyword planner,20;20;20;30;20;30;30;30;50;20;30;50
help to buy and shared equity,"Apply, lenders, places and dates",help to buy scheme nsw 2025,30,help to buy income limit,,,informational,dataforseo labs,
help to buy and shared equity,"Apply, lenders, places and dates",help to buy scheme start date,30,,0.0,LOW,informational,keyword planner,70;70;110;20;10;10;10;10;10;10;10;10
help to buy and shared equity,"Apply, lenders, places and dates",when did help to buy scheme start,30,help to buy income limit,,,informational,dataforseo labs,
help to buy and shared equity,"Apply, lenders, places and dates",when did the help to buy scheme start,30,help to buy income limit,,,informational,dataforseo labs,
help to buy and shared equity,"Apply, lenders, places and dates",when does the help to buy scheme start,30,help to buy scheme review,0.0,LOW,informational,keyword planner,30;40;40;20;20;20;30;40;40;30;30;30
help to buy and shared equity,"Apply, lenders, places and dates",when will help to buy scheme start,30,help to buy income limit,,,informational,dataforseo labs,
help to buy and shared equity,"Apply, lenders, places and dates",apply for help to buy,20,apply to help to buy,34.19,MEDIUM,transactional,keyword planner,10;20;20;40;20;10;10;10;20;10;20;10
help to buy and shared equity,"Apply, lenders, places and dates",apply to help to buy,20,,34.19,MEDIUM,,keyword planner,10;20;20;40;20;10;10;10;20;10;20;10
help to buy and shared equity,"Apply, lenders, places and dates",applying for help to buy,20,,34.18,,informational,dataforseo labs,
help to buy and shared equity,"Apply, lenders, places and dates",commonwealth shared equity scheme,20,,37.42,LOW,informational,keyword planner,10;20;20;30;30;10;10;20;10;20;30;20
help to buy and shared equity,"Apply, lenders, places and dates",government help to buy scheme 2025,20,help to buy gov,,,transactional,dataforseo labs,
help to buy and shared equity,"Apply, lenders, places and dates",help to buy application,20,help to buy app,33.97,MEDIUM,transactional,keyword planner,10;10;20;90;50;10;20;10;20;20;10;20
help to buy and shared equity,"Apply, lenders, places and dates",help to buy broker,20,,19.15,MEDIUM,transactional,keyword planner,10;10;20;20;20;10;10;20;10;30;20;40
help to buy and shared equity,"Apply, lenders, places and dates",help to buy news,20,,0.0,LOW,commercial,keyword planner,30;40;70;50;10;10;10;10;10;10;10;10
help to buy and shared equity,"Apply, lenders, places and dates",help to buy scheme application,20,help to buy app,17.24,MEDIUM,transactional,keyword planner,10;10;20;50;20;20;20;20;10;20;10;10
help to buy and shared equity,"Apply, lenders, places and dates",help to buy scheme housing australia,20,,1.71,,transactional,dataforseo labs,
help to buy and shared equity,"Apply, lenders, places and dates",help to buy scheme news,20,help to buy news,0.0,LOW,informational,keyword planner,40;30;70;40;10;10;0;10;10;10;10;10
help to buy and shared equity,"Apply, lenders, places and dates",help to buy scheme qld application,20,,5.48,,transactional,dataforseo labs,
help to buy and shared equity,"Apply, lenders, places and dates",help to buy scheme update,20,,0.0,LOW,,keyword planner,40;40;40;20;10;10;10;10;10;10;10;10
help to buy and shared equity,"Apply, lenders, places and dates",help to buy scheme wa application,20,,9.43,,transactional,dataforseo labs,
help to buy and shared equity,"Apply, lenders, places and dates",is help to buy scheme still available,20,help to buy gov,,,informational,dataforseo labs,
help to buy and shared equity,"Apply, lenders, places and dates",is the help to buy scheme still available,20,help to buy gov,,,informational,dataforseo labs,
help to buy and shared equity,"Apply, lenders, places and dates",shared equity mortgage lenders,20,shared equity mortgage,9.7,MEDIUM,commercial,keyword planner,20;20;10;10;20;20;20;10;30;10;10;10
help to buy and shared equity,"Apply, lenders, places and dates",shared equity scheme 2026,20,,5.21,,commercial,dataforseo labs,
help to buy and shared equity,"Apply, lenders, places and dates",application for help to buy,10,5 help to buy,0.0,,,keyword planner,0;0;0;10;0;0;0;10;10;0;0;0
help to buy and shared equity,"Apply, lenders, places and dates",application for help to buy scheme,10,5 help to buy,0.0,LOW,transactional,keyword planner,10;10;10;10;10;10;10;10;0;10;10;10
help to buy and shared equity,"Apply, lenders, places and dates",apply for government help to buy,10,5 help to buy,0.0,LOW,,keyword planner,0;0;0;0;0;0;0;0;0;10;0;10
help to buy and shared equity,"Apply, lenders, places and dates",apply for help to buy loan,10,5 help to buy,0.0,,,keyword planner,0;0;0;0;0;0;0;0;0;10;0;0
help to buy and shared equity,"Apply, lenders, places and dates",are help to buy isas still available,10,5 help to buy,,,informational,dataforseo labs,
help to buy and shared equity,"Apply, lenders, places and dates",australian government help to buy scheme participating lenders,10,,4.35,,commercial,dataforseo labs,
help to buy and shared equity,"Apply, lenders, places and dates",bank help to buy scheme,10,,29.3,HIGH,,keyword planner,0;10;10;10;10;10;10;10;10;0;10;10
help to buy and shared equity,"Apply, lenders, places and dates",bendigo bank shared equity,10,5 help to buy,0.0,HIGH,commercial,keyword planner,10;10;10;10;10;10;10;10;10;10;10;10
help to buy and shared equity,"Apply, lenders, places and dates",bendigo bank shared equity scheme,10,5 help to buy,0.0,,commercial,keyword planner,10;10;20;10;10;10;10;10;10;10;10;0
help to buy and shared equity,"Apply, lenders, places and dates",budget help to buy,10,5 help to buy,0.0,,informational,keyword planner,0;10;0;0;0;0;0;0;10;0;10;0
help to buy and shared equity,"Apply, lenders, places and dates",budget help to buy scheme,10,5 help to buy,,,informational,dataforseo labs,
help to buy and shared equity,"Apply, lenders, places and dates",can you extend a help to buy house,10,5 help to buy,,,informational,dataforseo labs,
help to buy and shared equity,"Apply, lenders, places and dates",changes to help to buy,10,5 help to buy,0.0,,,keyword planner,10;0;0;10;0;0;10;0;0;0;0;0
help to buy and shared equity,"Apply, lenders, places and dates",changes to help to buy scheme,10,5 help to buy,0.0,,,keyword planner,10;0;10;0;10;0;10;10;10;10;10;0
help to buy and shared equity,"Apply, lenders, places and dates",commonwealth shared equity,10,5 help to buy,0.0,,,keyword planner,10;10;10;10;10;10;10;10;10;10;10;0
help to buy and shared equity,"Apply, lenders, places and dates",contact help to buy,10,5 help to buy,0.0,LOW,commercial,keyword planner,0;0;0;10;0;10;10;10;10;10;10;10
help to buy and shared equity,"Apply, lenders, places and dates",contact help to buy scheme,10,5 help to buy,0.0,LOW,,keyword planner,0;0;0;10;0;10;10;10;0;10;10;10
help to buy and shared equity,"Apply, lenders, places and dates",extending help to buy,10,5 help to buy,0.0,,,keyword planner,0;0;10;0;10;0;10;10;0;0;0;0
help to buy and shared equity,"Apply, lenders, places and dates",government help to buy application,10,5 help to buy,0.0,,,keyword planner,0;0;0;0;0;0;0;0;0;10;0;0
help to buy and shared equity,"Apply, lenders, places and dates",government help to buy contact number,10,5 help to buy,0.0,,,keyword planner,0;0;0;0;0;0;0;0;0;10;0;0
help to buy and shared equity,"Apply, lenders, places and dates",has the help to buy scheme started,10,5 help to buy,,,informational,dataforseo labs,
help to buy and shared equity,"Apply, lenders, places and dates",help to buy 2025,10,5 help to buy,,,informational,dataforseo labs,
help to buy and shared equity,"Apply, lenders, places and dates",help to buy 2026,10,5 help to buy,,,transactional,dataforseo labs,
help to buy and shared equity,"Apply, lenders, places and dates",help to buy account login,10,5 help to buy,0.0,,,keyword planner,0;10;0;0;0;0;0;0;0;0;0;0
help to buy and shared equity,"Apply, lenders, places and dates",help to buy application form,10,5 help to buy,22.93,LOW,,keyword planner,10;10;10;40;10;10;10;10;10;10;10;10
help to buy and shared equity,"Apply, lenders, places and dates",help to buy application form pdf,10,5 help to buy,0.0,,,keyword planner,0;0;0;10;0;0;0;0;0;0;0;0
help to buy and shared equity,"Apply, lenders, places and dates",help to buy application online,10,5 help to buy,0.0,,,keyword planner,0;10;0;0;0;0;0;0;0;0;10;0
help to buy and shared equity,"Apply, lenders, places and dates",help to buy application process,10,5 help to buy,0.0,,,keyword planner,0;0;0;10;10;10;0;10;10;10;10;0
help to buy and shared equity,"Apply, lenders, places and dates",help to buy application rejected,10,5 help to buy,0.0,,,keyword planner,0;0;0;0;0;0;0;0;10;0;0;0
help to buy and shared equity,"Apply, lenders, places and dates",help to buy application status,10,5 help to buy,0.0,,,keyword planner,0;0;0;0;10;10;0;0;10;0;0;0
help to buy and shared equity,"Apply, lenders, places and dates",help to buy application time,10,5 help to buy,0.0,LOW,,keyword planner,0;0;0;10;0;0;0;0;0;0;10;10
help to buy and shared equity,"Apply, lenders, places and dates",help to buy apply,10,5 help to buy,15.29,MEDIUM,,keyword planner,10;10;10;30;10;10;10;20;10;10;10;10
help to buy and shared equity,"Apply, lenders, places and dates",help to buy apply online,10,5 help to buy,0.0,,,keyword planner,0;0;0;10;0;0;0;0;0;0;0;0
help to buy and shared equity,"Apply, lenders, places and dates",help to buy approval,10,5 help to buy,0.0,LOW,,keyword planner,0;0;0;50;10;10;10;10;10;10;10;10
help to buy and shared equity,"Apply, lenders, places and dates",help to buy approval time,10,5 help to buy,0.0,LOW,,keyword planner,0;0;10;10;20;10;10;10;10;10;10;10
help to buy and shared equity,"Apply, lenders, places and dates",help to buy available,10,5 help to buy,0.0,LOW,,keyword planner,0;0;10;0;0;0;10;0;10;10;10;10
help to buy and shared equity,"Apply, lenders, places and dates",help to buy bank account,10,5 help to buy,0.0,MEDIUM,,keyword planner,0;0;0;10;0;0;10;0;0;0;0;10
help to buy and shared equity,"Apply, lenders, places and dates",help to buy budget,10,5 help to buy,0.0,,,keyword planner,0;10;10;0;0;10;0;0;10;10;0;0
help to buy and shared equity,"Apply, lenders, places and dates",help to buy budget 2022,10,5 help to buy,0.0,,,keyword planner,0;0;0;0;0;0;0;10;0;0;0;0
help to buy and shared equity,"Apply, lenders, places and dates",help to buy changes,10,5 help to buy,0.0,,,keyword planner,10;0;0;10;0;10;0;0;10;10;10;0
help to buy and shared equity,"Apply, lenders, places and dates",help to buy closing date,10,5 help to buy,0.0,,,keyword planner,0;0;0;0;10;0;0;0;0;0;0;0
help to buy and shared equity,"Apply, lenders, places and dates",help to buy contact,10,5 help to buy,0.0,LOW,commercial,keyword planner,0;0;10;10;10;10;10;10;20;20;10;10
help to buy and shared equity,"Apply, lenders, places and dates",help to buy contact email,10,5 help to buy,0.0,,,keyword planner,0;10;0;0;10;0;0;10;0;0;0;0
help to buy and shared equity,"Apply, lenders, places and dates",help to buy contact number,10,5 help to buy,0.0,LOW,transactional,keyword planner,10;0;10;10;10;10;20;10;20;20;10;20
help to buy and shared equity,"Apply, lenders, places and dates",help to buy contact us,10,5 help to buy,0.0,,,keyword planner,0;0;0;10;0;10;0;0;10;0;10;0
help to buy and shared equity,"Apply, lenders, places and dates",help to buy cut off date,10,5 help to buy,0.0,,,keyword planner,0;0;0;0;0;0;10;0;0;0;0;0
help to buy and shared equity,"Apply, lenders, places and dates",help to buy dates,10,5 help to buy,0.0,,,keyword planner,0;0;10;0;0;0;0;0;10;10;0;0
help to buy and shared equity,"Apply, lenders, places and dates",help to buy deadline,10,5 help to buy,0.0,LOW,informational,keyword planner,0;0;0;0;0;0;0;0;0;0;0;10
help to buy and shared equity,"Apply, lenders, places and dates",help to buy declaration form,10,5 help to buy,,,transactional,dataforseo labs,
help to buy and shared equity,"Apply, lenders, places and dates",help to buy documents,10,5 help to buy,0.0,,transactional,keyword planner,0;0;0;10;0;10;0;10;10;10;10;0
help to buy and shared equity,"Apply, lenders, places and dates",help to buy end date,10,5 help to buy,,,informational,dataforseo labs,
help to buy and shared equity,"Apply, lenders, places and dates",help to buy ending,10,5 help to buy,,,informational,dataforseo labs,
help to buy and shared equity,"Apply, lenders, places and dates",help to buy equity loan mortgage lenders,10,5 help to buy,0.0,LOW,,keyword planner,0;10;0;0;0;0;0;0;0;0;0;10
help to buy and shared equity,"Apply, lenders, places and dates",help to buy expiry,10,5 help to buy,0.0,,,keyword planner,0;0;0;10;0;10;0;10;10;0;0;0
help to buy and shared equity,"Apply, lenders, places and dates",help to buy expiry date,10,5 help to buy,0.0,LOW,,keyword planner,0;0;0;0;10;10;10;0;0;10;0;10
help to buy and shared equity,"Apply, lenders, places and dates",help to buy finish date,10,5 help to buy,0.0,LOW,,keyword planner,0;0;0;0;0;10;0;0;0;0;0;10
help to buy and shared equity,"Apply, lenders, places and dates",help to buy form,10,5 help to buy,0.0,LOW,,keyword planner,10;0;10;30;10;10;10;10;10;10;10;10
help to buy and shared equity,"Apply, lenders, places and dates",help to buy homes available,10,5 help to buy,0.0,,,keyword planner,0;10;0;0;0;0;0;0;0;0;0;0
help to buy and shared equity,"Apply, lenders, places and dates",help to buy how to apply,10,5 help to buy,9.38,,informational,dataforseo labs,
help to buy and shared equity,"Apply, lenders, places and dates",help to buy joint application,10,5 help to buy,0.0,,,keyword planner,0;0;0;10;10;10;10;0;0;0;10;0
help to buy and shared equity,"Apply, lenders, places and dates",help to buy latest news,10,5 help to buy,0.0,,commercial,keyword planner,10;10;10;10;0;10;0;0;10;0;10;0
help to buy and shared equity,"Apply, lenders, places and dates",help to buy legislation,10,5 help to buy,0.0,LOW,informational,keyword planner,20;20;10;20;10;10;10;10;10;10;10;10
help to buy and shared equity,"Apply, lenders, places and dates",help to buy lenders list,10,,16.71,MEDIUM,,keyword planner,10;10;10;10;10;10;10;10;10;10;10;10
help to buy and shared equity,"Apply, lenders, places and dates",help to buy lending criteria,10,5 help to buy,0.0,,,keyword planner,0;0;0;0;0;0;0;10;0;0;0;0
help to buy and shared equity,"Apply, lenders, places and dates",help to buy login,10,5 help to buy,,,navigational,dataforseo labs,
help to buy and shared equity,"Apply, lenders, places and dates",help to buy mortgage broker,10,mortgage broker help to buy,20.29,HIGH,transactional,keyword planner,0;10;10;10;10;10;10;10;20;10;20;10
help to buy and shared equity,"Apply, lenders, places and dates",help to buy mortgage lenders,10,5 help to buy,0.0,LOW,commercial,keyword planner,0;0;0;10;0;0;0;0;10;0;0;10
help to buy and shared equity,"Apply, lenders, places and dates",help to buy mortgage lenders list,10,5 help to buy,0.0,,,keyword planner,0;0;0;0;0;0;0;10;0;0;0;0
help to buy and shared equity,"Apply, lenders, places and dates",help to buy opening hours,10,5 help to buy,0.0,,commercial,keyword planner,0;0;0;10;10;0;0;0;0;0;0;0
help to buy and shared equity,"Apply, lenders, places and dates",help to buy phone number,10,5 help to buy,,,transactional,dataforseo labs,
help to buy and shared equity,"Apply, lenders, places and dates",help to buy redemption form,10,5 help to buy,0.0,,,keyword planner,0;0;0;0;0;10;0;0;0;0;0;0
help to buy and shared equity,"Apply, lenders, places and dates",help to buy scheme 2025 nsw,10,5 help to buy,,,transactional,dataforseo labs,
help to buy and shared equity,"Apply, lenders, places and dates",help to buy scheme application form,10,5 help to buy,0.0,LOW,transactional,keyword planner,10;10;10;20;10;10;10;10;10;10;10;10
help to buy and shared equity,"Apply, lenders, places and dates",help to buy scheme australia start date,10,5 help to buy,0.0,LOW,informational,keyword planner,10;10;20;10;0;0;10;10;10;10;0;10
help to buy and shared equity,"Apply, lenders, places and dates",help to buy scheme available,10,5 help to buy,0.0,,informational,keyword planner,0;10;10;0;10;0;10;10;0;0;10;0
help to buy and shared equity,"Apply, lenders, places and dates",help to buy scheme bank account,10,5 help to buy,0.0,,,keyword planner,0;0;10;0;0;0;0;0;0;0;0;0
help to buy and shared equity,"Apply, lenders, places and dates",help to buy scheme budget,10,5 help to buy,0.0,LOW,,keyword planner,0;0;0;10;0;0;10;0;10;10;10;10
help to buy and shared equity,"Apply, lenders, places and dates",help to buy scheme changes,10,5 help to buy,0.0,LOW,informational,keyword planner,10;10;10;10;0;10;10;10;10;10;10;10
help to buy and shared equity,"Apply, lenders, places and dates",help to buy scheme closing date,10,5 help to buy,0.0,,,keyword planner,0;0;0;10;10;0;0;0;0;0;0;0
help to buy and shared equity,"Apply, lenders, places and dates",help to buy scheme commonwealth bank,10,,2.32,,transactional,dataforseo labs,
help to buy and shared equity,"Apply, lenders, places and dates",help to buy scheme contact,10,5 help to buy,0.0,LOW,transactional,keyword planner,10;0;0;10;20;10;10;10;10;10;10;10
help to buy and shared equity,"Apply, lenders, places and dates",help to buy scheme contact number,10,5 help to buy,0.0,LOW,informational,keyword planner,0;0;10;10;20;30;20;20;20;20;10;10
help to buy and shared equity,"Apply, lenders, places and dates",help to buy scheme dates,10,5 help to buy,0.0,LOW,,keyword planner,10;10;10;0;10;10;10;0;0;10;0;10
help to buy and shared equity,"Apply, lenders, places and dates",help to buy scheme deadline,10,5 help to buy,0.0,,,keyword planner,0;0;0;0;10;10;10;10;10;0;0;0
help to buy and shared equity,"Apply, lenders, places and dates",help to buy scheme end date,10,5 help to buy,,,informational,dataforseo labs,
help to buy and shared equity,"Apply, lenders, places and dates",help to buy scheme ending,10,5 help to buy,,,informational,dataforseo labs,
help to buy and shared equity,"Apply, lenders, places and dates",help to buy scheme expiry,10,5 help to buy,0.0,LOW,,keyword planner,0;10;10;0;10;10;10;10;10;10;0;10
help to buy and shared equity,"Apply, lenders, places and dates",help to buy scheme expiry date,10,5 help to buy,0.0,,,keyword planner,0;0;0;10;10;0;10;10;10;0;10;0
help to buy and shared equity,"Apply, lenders, places and dates",help to buy scheme finish date,10,5 help to buy,0.0,LOW,,keyword planner,0;10;0;10;10;10;10;10;10;10;10;10
help to buy and shared equity,"Apply, lenders, places and dates",help to buy scheme how long does it take,10,5 help to buy,,,informational,dataforseo labs,
help to buy and shared equity,"Apply, lenders, places and dates",help to buy scheme latest news,10,5 help to buy,,,informational,dataforseo labs,
help to buy and shared equity,"Apply, lenders, places and dates",help to buy scheme login,10,5 help to buy,0.0,LOW,,keyword planner,0;0;0;0;0;0;0;0;10;10;10;10
help to buy and shared equity,"Apply, lenders, places and dates",help to buy scheme nsw application,10,,8.93,,transactional,dataforseo labs,
help to buy and shared equity,"Apply, lenders, places and dates",help to buy scheme start,10,5 help to buy,,,transactional,dataforseo labs,
help to buy and shared equity,"Apply, lenders, places and dates",help to buy scheme still available,10,5 help to buy,0.0,LOW,,keyword planner,10;10;10;10;10;10;10;10;10;10;10;10
help to buy and shared equity,"Apply, lenders, places and dates",help to buy scheme victoria 2025,10,5 help to buy,,,transactional,dataforseo labs,
help to buy and shared equity,"Apply, lenders, places and dates",help to buy scheme wa 2025,10,5 help to buy,,,informational,dataforseo labs,
help to buy and shared equity,"Apply, lenders, places and dates",help to buy scheme when does it start,10,5 help to buy,0.0,LOW,informational,keyword planner,20;40;40;10;10;10;10;10;10;10;10;10
help to buy and shared equity,"Apply, lenders, places and dates",help to buy scheme which banks,10,5 help to buy,0.0,LOW,,keyword planner,10;10;10;10;10;10;10;10;10;10;10;10
help to buy and shared equity,"Apply, lenders, places and dates",help to buy settlement,10,5 help to buy,0.0,LOW,,keyword planner,0;0;0;10;10;10;10;10;10;10;10;10
help to buy and shared equity,"Apply, lenders, places and dates",help to buy start,10,5 help to buy,0.0,,,keyword planner,10;0;10;10;0;10;10;0;0;0;0;0
help to buy and shared equity,"Apply, lenders, places and dates",help to buy start date,10,5 help to buy,0.0,LOW,informational,keyword planner,40;70;50;10;10;0;10;10;10;0;0;10
help to buy and shared equity,"Apply, lenders, places and dates",help to buy still available,10,5 help to buy,0.0,MEDIUM,,keyword planner,0;0;0;10;0;10;0;10;10;10;10;10
help to buy and shared equity,"Apply, lenders, places and dates",help to buy telephone number,10,5 help to buy,,,transactional,dataforseo labs,
help to buy and shared equity,"Apply, lenders, places and dates",help to buy timeline,10,5 help to buy,,,commercial,dataforseo labs,
help to buy and shared equity,"Apply, lenders, places and dates",help to buy uniform,10,5 help to buy,,,transactional,dataforseo labs,
help to buy and shared equity,"Apply, lenders, places and dates",help to buy until when,10,5 help to buy,0.0,,,keyword planner,0;0;0;0;0;0;0;10;10;0;0;0
help to buy and shared equity,"Apply, lenders, places and dates",help to buy update,10,5 help to buy,0.0,LOW,informational,keyword planner,40;50;40;10;10;10;10;10;10;10;10;10
help to buy and shared equity,"Apply, lenders, places and dates",how do i apply for help to buy,10,5 help to buy,15.41,MEDIUM,,keyword planner,10;10;10;20;20;20;10;20;10;10;20;10
help to buy and shared equity,"Apply, lenders, places and dates",how do i apply for help to buy equity loan,10,5 help to buy,0.0,,,keyword planner,0;0;0;10;0;0;0;10;0;0;0;0
help to buy and shared equity,"Apply, lenders, places and dates",how do you apply for help to buy,10,5 help to buy,15.41,MEDIUM,,keyword planner,10;10;10;20;20;20;10;20;10;10;20;10
help to buy and shared equity,"Apply, lenders, places and dates",how long does help to buy application take,10,5 help to buy,,,informational,dataforseo labs,
help to buy and shared equity,"Apply, lenders, places and dates",how long does the help to buy process take,10,5 help to buy,,,informational,dataforseo labs,
help to buy and shared equity,"Apply, lenders, places and dates",how long is help to buy scheme available,10,5 help to buy,,,informational,dataforseo labs,
help to buy and shared equity,"Apply, lenders, places and dates",how long is help to buy valid for,10,5 help to buy,,,informational,dataforseo labs,
help to buy and shared equity,"Apply, lenders, places and dates",how long will help to buy last,10,5 help to buy,,,informational,dataforseo labs,
help to buy and shared equity,"Apply, lenders, places and dates",how to apply for a help to buy mortgage,10,5 help to buy,0.0,,,keyword planner,0;0;0;0;0;0;0;10;0;0;0;0
help to buy and shared equity,"Apply, lenders, places and dates",how to apply for government help to buy,10,5 help to buy,0.0,HIGH,,keyword planner,0;0;0;10;10;0;0;10;0;0;0;10
help to buy and shared equity,"Apply, lenders, places and dates",how to apply for help to buy,10,5 help to buy,15.41,MEDIUM,informational,keyword planner,10;10;10;20;20;20;10;20;10;10;20;10
help to buy and shared equity,"Apply, lenders, places and dates",how to apply for help to buy equity loan,10,5 help to buy,0.0,,,keyword planner,0;0;0;10;0;0;0;10;0;0;0;0
help to buy and shared equity,"Apply, lenders, places and dates",how to apply for help to buy loan,10,5 help to buy,0.0,LOW,,keyword planner,0;10;0;0;10;0;0;0;0;10;0;10
help to buy and shared equity,"Apply, lenders, places and dates",how to apply for help to buy scheme australia,10,5 help to buy,0.0,LOW,informational,keyword planner,10;10;10;10;10;10;10;10;10;10;10;10
help to buy and shared equity,"Apply, lenders, places and dates",how to apply for shared equity scheme,10,,15.21,MEDIUM,informational,keyword planner,10;10;20;20;10;10;10;10;10;10;10;10
help to buy and shared equity,"Apply, lenders, places and dates",how to apply to help to buy,10,5 help to buy,0.0,,,keyword planner,0;0;0;10;0;0;10;0;0;0;10;0
help to buy and shared equity,"Apply, lenders, places and dates",how to apply to help to buy scheme,10,5 help to buy,0.0,LOW,,keyword planner,0;10;0;10;10;10;10;0;10;10;10;10
help to buy and shared equity,"Apply, lenders, places and dates",is help to buy scheme ending,10,5 help to buy,,,informational,dataforseo labs,
help to buy and shared equity,"Apply, lenders, places and dates",is help to buy still available,10,5 help to buy,0.0,LOW,informational,keyword planner,10;10;10;10;10;10;10;10;10;10;10;10
help to buy and shared equity,"Apply, lenders, places and dates",is the government help to buy scheme still available,10,5 help to buy,,,informational,dataforseo labs,
help to buy and shared equity,"Apply, lenders, places and dates",labor help to buy scheme start date,10,5 help to buy,0.0,,informational,keyword planner,10;10;0;10;0;0;0;0;0;10;0;0
help to buy and shared equity,"Apply, lenders, places and dates",labor shared equity scheme start date,10,5 help to buy,,,informational,dataforseo labs,
help to buy and shared equity,"Apply, lenders, places and dates",labour help to buy scheme start date,10,5 help to buy,,,informational,dataforseo labs,
help to buy and shared equity,"Apply, lenders, places and dates",mortgage broker help to buy,10,,49.42,HIGH,informational,keyword planner,10;10;10;10;10;10;10;10;10;10;10;10
help to buy and shared equity,"Apply, lenders, places and dates",new help to buy scheme 2026,10,5 help to buy,,,commercial,dataforseo labs,
help to buy and shared equity,"Apply, lenders, places and dates",opening doors shared equity scheme,10,5 help to buy,,,informational,dataforseo labs,
help to buy and shared equity,"Apply, lenders, places and dates",qld help to buy scheme 2025,10,5 help to buy,,,transactional,dataforseo labs,
help to buy and shared equity,"Apply, lenders, places and dates",shared equity scheme application,10,5 help to buy,0.0,,informational,keyword planner,10;10;0;10;10;0;10;0;10;0;0;0
help to buy and shared equity,"Apply, lenders, places and dates",shared equity scheme lenders,10,,25.45,LOW,informational,keyword planner,10;0;10;10;10;20;10;10;10;10;10;10
help to buy and shared equity,"Apply, lenders, places and dates",unity bank shared equity scheme,10,5 help to buy,,,informational,dataforseo labs,
help to buy and shared equity,"Apply, lenders, places and dates",what help to buy schemes are available,10,5 help to buy,0.0,,informational,keyword planner,10;0;0;10;0;0;0;10;0;0;10;0
help to buy and shared equity,"Apply, lenders, places and dates",when does help to buy end,10,5 help to buy,,,informational,dataforseo labs,
help to buy and shared equity,"Apply, lenders, places and dates",when does help to buy finish,10,5 help to buy,,,informational,dataforseo labs,
help to buy and shared equity,"Apply, lenders, places and dates",when does help to buy scheme end,10,5 help to buy,10.73,,informational,dataforseo labs,
help to buy and shared equity,"Apply, lenders, places and dates",when does help to buy scheme start,10,5 help to buy,0.0,LOW,informational,keyword planner,30;50;30;10;10;10;10;10;10;10;10;10
help to buy and shared equity,"Apply, lenders, places and dates",when does help to buy start,10,5 help to buy,0.0,LOW,informational,keyword planner,10;10;20;10;10;10;10;10;10;10;10;10
help to buy and shared equity,"Apply, lenders, places and dates",when does the new help to buy scheme start,10,5 help to buy,0.0,,commercial,keyword planner,0;10;0;0;0;0;10;10;0;0;0;0
help to buy and shared equity,"Apply, lenders, places and dates",when help to buy ends,10,5 help to buy,,,informational,dataforseo labs,
help to buy and shared equity,"Apply, lenders, places and dates",when was help to buy introduced,10,5 help to buy,,,informational,dataforseo labs,
help to buy and shared equity,"Apply, lenders, places and dates",when was help to buy scheme introduced,10,5 help to buy,,,informational,dataforseo labs,
help to buy and shared equity,"Apply, lenders, places and dates",when will help to buy start,10,5 help to buy,,,informational,dataforseo labs,
help to buy and shared equity,"Apply, lenders, places and dates",when will the help to buy scheme start,10,5 help to buy,,,commercial,dataforseo labs,
help to buy and shared equity,"Apply, lenders, places and dates",which banks offer help to buy mortgages,10,5 help to buy,0.0,,,keyword planner,10;10;10;10;10;0;10;10;10;10;10;0
help to buy and shared equity,"Apply, lenders, places and dates",who can apply for help to buy,10,5 help to buy,,,informational,dataforseo labs,
help to buy and shared equity,"Apply, lenders, places and dates",apply for a help to buy,0,,0.0,,,keyword planner,
help to buy and shared equity,"Apply, lenders, places and dates",apply for a help to buy equity loan,0,,0.0,,,keyword planner,
help to buy and shared equity,"Apply, lenders, places and dates",apply for a help to buy mortgage,0,,0.0,,,keyword planner,0;0;0;0;0;0;0;0;0;0;0;0
help to buy and shared equity,"Apply, lenders, places and dates",apply for equity loan help to buy,0,,0.0,,,keyword planner,0;0;0;0;0;0;0;0;0;0;0;0
help to buy and shared equity,"Apply, lenders, places and dates",apply for help to buy equity loan,0,,0.0,,,keyword planner,0;0;0;0;0;0;0;0;0;0;0;0
help to buy and shared equity,"Apply, lenders, places and dates",apply for help to buy mortgage,0,,0.0,,,keyword planner,0;0;0;0;0;0;0;0;0;0;0;0
help to buy and shared equity,"Apply, lenders, places and dates",apply help to buy equity loan,0,,0.0,,,keyword planner,0;0;0;0;0;0;0;0;0;0;0;0
help to buy and shared equity,"Apply, lenders, places and dates",bank australia help to buy scheme contact,0,,,,transactional,dataforseo labs,
help to buy and shared equity,"Apply, lenders, places and dates",best mortgage lenders for help to buy scheme,0,,0.0,,,keyword planner,0;0;0;0;0;0;0;0;0;0;0;0
help to buy and shared equity,"Apply, lenders, places and dates",budget 2021 help to buy scheme,0,,,,informational,dataforseo labs,
help to buy and shared equity,"Apply, lenders, places and dates",budget 2022 help to buy,0,,0.0,,,keyword planner,0;0;0;0;0;0;0;0;0;0;0;0
help to buy and shared equity,"Apply, lenders, places and dates",budget 2023 help to buy,0,,0.0,,,keyword planner,0;0;0;0;0;0;0;0;0;0;0;0
help to buy and shared equity,"Apply, lenders, places and dates",changes to help to buy 2022,0,,0.0,,,keyword planner,
help to buy and shared equity,"Apply, lenders, places and dates",commbank help to buy scheme eligibility,0,,,,transactional,dataforseo labs,
help to buy and shared equity,"Apply, lenders, places and dates",commonwealth help to buy scheme eligibility,0,,,,commercial,dataforseo labs,
help to buy and shared equity,"Apply, lenders, places and dates",commonwealth help to buy scheme nsw,0,,,,transactional,dataforseo labs,
help to buy and shared equity,"Apply, lenders, places and dates",contact help to buy target,0,,,,transactional,dataforseo labs,
help to buy and shared equity,"Apply, lenders, places and dates",contact number for help to buy scheme,0,,0.0,,,keyword planner,0;0;0;0;0;0;0;0;0;0;0;0
help to buy and shared equity,"Apply, lenders, places and dates",deadline for help to buy,0,,0.0,,,keyword planner,
help to buy and shared equity,"Apply, lenders, places and dates",form 2 help to buy,0,,0.0,,,keyword planner,
help to buy and shared equity,"Apply, lenders, places and dates",help to buy 2023 deadline,0,,0.0,,,keyword planner,
help to buy and shared equity,"Apply, lenders, places and dates",help to buy application deadline,0,,0.0,,,keyword planner,0;0;0;0;0;0;0;0;0;0;0;0
help to buy and shared equity,"Apply, lenders, places and dates",help to buy application declined,0,,0.0,,,keyword planner,
help to buy and shared equity,"Apply, lenders, places and dates",help to buy application form south east,0,,0.0,,,keyword planner,
help to buy and shared equity,"Apply, lenders, places and dates",help to buy application locked,0,,0.0,,,keyword planner,
help to buy and shared equity,"Apply, lenders, places and dates",help to buy application login,0,,0.0,,,keyword planner,0;0;0;0;0;0;0;0;0;0;0;0
help to buy and shared equity,"Apply, lenders, places and dates",help to buy application process time,0,,0.0,,,keyword planner,
help to buy and shared equity,"Apply, lenders, places and dates",help to buy application return to user status,0,,0.0,,,keyword planner,
help to buy and shared equity,"Apply, lenders, places and dates",help to buy available homes,0,,0.0,,,keyword planner,0;0;0;0;0;0;0;0;0;0;0;0
help to buy and shared equity,"Apply, lenders, places and dates",help to buy available properties,0,,0.0,,,keyword planner,0;0;0;0;0;0;0;0;0;0;0;0
help to buy and shared equity,"Apply, lenders, places and dates",help to buy changes 2021,0,,0.0,,,keyword planner,0;0;0;0;0;0;0;0;0;0;0;0
help to buy and shared equity,"Apply, lenders, places and dates",help to buy changes 2021 price caps,0,,0.0,,,keyword planner,0;0;0;0;0;0;0;0;0;0;0;0
help to buy and shared equity,"Apply, lenders, places and dates",help to buy changes 2022,0,,0.0,,,keyword planner,
help to buy and shared equity,"Apply, lenders, places and dates",help to buy completion deadline,0,,0.0,,,keyword planner,
help to buy and shared equity,"Apply, lenders, places and dates",help to buy contact details,0,,0.0,,,keyword planner,0;0;0;0;0;0;0;0;0;0;0;0
help to buy and shared equity,"Apply, lenders, places and dates",help to buy conveyancer login,0,,0.0,,,keyword planner,
help to buy and shared equity,"Apply, lenders, places and dates",help to buy deadline 2021,0,,0.0,,,keyword planner,0;0;0;0;0;0;0;0;0;0;0;0
help to buy and shared equity,"Apply, lenders, places and dates",help to buy deadline 2022,0,,0.0,,,keyword planner,
help to buy and shared equity,"Apply, lenders, places and dates",help to buy deadline 2023,0,,0.0,,,keyword planner,
help to buy and shared equity,"Apply, lenders, places and dates",help to buy deadline extended,0,,0.0,,,keyword planner,
help to buy and shared equity,"Apply, lenders, places and dates",help to buy equity loan application,0,,0.0,,,keyword planner,0;0;0;0;0;0;0;0;0;0;0;0
help to buy and shared equity,"Apply, lenders, places and dates",help to buy equity loan application form,0,,0.0,,,keyword planner,
help to buy and shared equity,"Apply, lenders, places and dates",help to buy equity loan application process,0,,0.0,,,keyword planner,
help to buy and shared equity,"Apply, lenders, places and dates",help to buy equity loan apply,0,,0.0,,,keyword planner,
help to buy and shared equity,"Apply, lenders, places and dates",help to buy equity loan contact,0,,0.0,,,keyword planner,
help to buy and shared equity,"Apply, lenders, places and dates",help to buy equity loan contact number,0,,0.0,,,keyword planner,
help to buy and shared equity,"Apply, lenders, places and dates",help to buy equity loan deadline,0,,0.0,,,keyword planner,0;0;0;0;0;0;0;0;0;0;0;0
help to buy and shared equity,"Apply, lenders, places and dates",help to buy equity loan form,0,,0.0,,,keyword planner,
help to buy and shared equity,"Apply, lenders, places and dates",help to buy equity loan how to apply,0,,0.0,,,keyword planner,0;0;0;0;0;0;0;0;0;0;0;0
help to buy and shared equity,"Apply, lenders, places and dates",help to buy equity loan lenders,0,,0.0,,,keyword planner,0;0;0;0;0;0;0;0;0;0;0;0
help to buy and shared equity,"Apply, lenders, places and dates",help to buy equity loan login,0,,0.0,,,keyword planner,0;0;0;0;0;0;0;0;0;0;0;0
help to buy and shared equity,"Apply, lenders, places and dates",help to buy for ex bankrupts,0,,0.0,,,keyword planner,
help to buy and shared equity,"Apply, lenders, places and dates",help to buy form 2,0,,0.0,,,keyword planner,
help to buy and shared equity,"Apply, lenders, places and dates",help to buy group application,0,,0.0,,,keyword planner,
help to buy and shared equity,"Apply, lenders, places and dates",help to buy last date,0,,0.0,,,keyword planner,
help to buy and shared equity,"Apply, lenders, places and dates",help to buy loan application,0,,0.0,,,keyword planner,0;0;0;0;0;0;0;0;0;0;0;0
help to buy and shared equity,"Apply, lenders, places and dates",help to buy midlands application form,0,,0.0,,,keyword planner,
help to buy and shared equity,"Apply, lenders, places and dates",help to buy midlands contact number,0,,0.0,,,keyword planner,
help to buy and shared equity,"Apply, lenders, places and dates",help to buy mortgage application,0,,0.0,,,keyword planner,
help to buy and shared equity,"Apply, lenders, places and dates",help to buy mortgage application process,0,,0.0,,,keyword planner,
help to buy and shared equity,"Apply, lenders, places and dates",help to buy mortgage banks,0,,0.0,,,keyword planner,0;0;0;0;0;0;0;0;0;0;0;0
help to buy and shared equity,"Apply, lenders, places and dates",help to buy north west application form,0,,0.0,,,keyword planner,0;0;0;0;0;0;0;0;0;0;0;0
help to buy and shared equity,"Apply, lenders, places and dates",help to buy online application,0,,0.0,,,keyword planner,
help to buy and shared equity,"Apply, lenders, places and dates",help to buy pif application,0,,0.0,,,keyword planner,
help to buy and shared equity,"Apply, lenders, places and dates",help to buy pif form,0,,0.0,,,keyword planner,
help to buy and shared equity,"Apply, lenders, places and dates",help to buy places,0,,0.0,,,keyword planner,
help to buy and shared equity,"Apply, lenders, places and dates",help to buy pre approval,0,,0.0,,,keyword planner,
help to buy and shared equity,"Apply, lenders, places and dates",help to buy property information form,0,,0.0,,,keyword planner,0;0;0;0;0;0;0;0;0;0;0;0
help to buy and shared equity,"Apply, lenders, places and dates",help to buy registration form,0,,0.0,,,keyword planner,
help to buy and shared equity,"Apply, lenders, places and dates",help to buy remortgage lenders,0,,0.0,,,keyword planner,0;0;0;0;0;0;0;0;0;0;0;0
help to buy and shared equity,"Apply, lenders, places and dates",help to buy reservation form,0,,0.0,,,keyword planner,
help to buy and shared equity,"Apply, lenders, places and dates",help to buy scheme 2022 how to apply,0,,0.0,,informational,keyword planner,0;0;0;0;0;0;0;0;0;0;0;0
help to buy and shared equity,"Apply, lenders, places and dates",help to buy scheme 2025 qld,0,,,,transactional,dataforseo labs,
help to buy and shared equity,"Apply, lenders, places and dates",help to buy scheme 2025 sydney,0,,,,transactional,dataforseo labs,
help to buy and shared equity,"Apply, lenders, places and dates",help to buy scheme 2025 victoria,0,,,,transactional,dataforseo labs,
help to buy and shared equity,"Apply, lenders, places and dates",help to buy scheme apply online,0,,,,transactional,dataforseo labs,
help to buy and shared equity,"Apply, lenders, places and dates",help to buy scheme australia how to apply form,0,,,,informational,dataforseo labs,
help to buy and shared equity,"Apply, lenders, places and dates",help to buy scheme australia how to apply nsw,0,,,,commercial,dataforseo labs,
help to buy and shared equity,"Apply, lenders, places and dates",help to buy scheme australia when does it start nsw,0,,,,commercial,dataforseo labs,
help to buy and shared equity,"Apply, lenders, places and dates",help to buy scheme budget 2022,0,,0.0,,,keyword planner,0;0;0;0;0;0;0;0;0;0;0;0
help to buy and shared equity,"Apply, lenders, places and dates",help to buy scheme budget 2023,0,,0.0,,,keyword planner,0;0;0;0;0;0;0;0;0;0;0;0
help to buy and shared equity,"Apply, lenders, places and dates",help to buy scheme budget 2024,0,,,,informational,dataforseo labs,
help to buy and shared equity,"Apply, lenders, places and dates",help to buy scheme nab,0,,,,transactional,dataforseo labs,
help to buy and shared equity,"Apply, lenders, places and dates",help to buy scheme nsw 2026,0,,,,transactional,dataforseo labs,
help to buy and shared equity,"Apply, lenders, places and dates",help to buy scheme nsw application form,0,,,,transactional,dataforseo labs,
help to buy and shared equity,"Apply, lenders, places and dates",help to buy scheme sa application,0,,,,transactional,dataforseo labs,
help to buy and shared equity,"Apply, lenders, places and dates",help to buy scheme sa application form,0,,,,transactional,dataforseo labs,
help to buy and shared equity,"Apply, lenders, places and dates",help to buy scheme victoria application,0,,,,transactional,dataforseo labs,
help to buy and shared equity,"Apply, lenders, places and dates",help to buy scheme victoria application form,0,,,,transactional,dataforseo labs,
help to buy and shared equity,"Apply, lenders, places and dates",help to buy south application form,0,,0.0,,,keyword planner,
help to buy and shared equity,"Apply, lenders, places and dates",help to buy waitlist,0,,0.0,,,keyword planner,
help to buy and shared equity,"Apply, lenders, places and dates",help to buy who can apply,0,,0.0,,,keyword planner,0;0;0;0;0;0;0;0;0;0;0;0
help to buy and shared equity,"Apply, lenders, places and dates",houses available on help to buy,0,,0.0,,,keyword planner,0;0;0;0;0;0;0;0;0;0;0;0
help to buy and shared equity,"Apply, lenders, places and dates",housing australia help to buy scheme eligibility,0,,,,commercial,dataforseo labs,
help to buy and shared equity,"Apply, lenders, places and dates",how to apply for a help to buy equity loan,0,,0.0,,,keyword planner,0;0;0;0;0;0;0;0;0;0;0;0
help to buy and shared equity,"Apply, lenders, places and dates",how to apply for a mortgage with help to buy,0,,0.0,,,keyword planner,
help to buy and shared equity,"Apply, lenders, places and dates",how to apply for help to buy scheme online,0,,,,informational,dataforseo labs,
help to buy and shared equity,"Apply, lenders, places and dates",how to apply for help to buy scheme qld,0,,,,informational,dataforseo labs,
help to buy and shared equity,"Apply, lenders, places and dates",how to apply help to buy equity loan,0,,0.0,,,keyword planner,
help to buy and shared equity,"Apply, lenders, places and dates",how to apply help to buy scheme qld,0,,,,informational,dataforseo labs,
help to buy and shared equity,"Apply, lenders, places and dates",how to apply help to buy scheme victoria,0,,,,informational,dataforseo labs,
help to buy and shared equity,"Apply, lenders, places and dates",labor help to buy scheme how to apply,0,,0.0,,informational,keyword planner,0;0;0;0;0;0;0;0;0;0;0;0
help to buy and shared equity,"Apply, lenders, places and dates",mortgage lenders help to buy,0,,0.0,,,keyword planner,0;0;0;0;0;0;0;0;0;0;0;0
help to buy and shared equity,"Apply, lenders, places and dates",open a help to buy,0,,0.0,,,keyword planner,
help to buy and shared equity,"Apply, lenders, places and dates",open help to buy,0,,0.0,,,keyword planner,0;0;0;0;0;0;0;0;0;0;0;0
help to buy and shared equity,"Apply, lenders, places and dates",open market shared equity scheme,0,,0.0,,,keyword planner,0;0;0;0;0;0;0;0;0;0;0;0
help to buy and shared equity,"Apply, lenders, places and dates",pif form help to buy,0,,0.0,,,keyword planner,
help to buy and shared equity,"Apply, lenders, places and dates",property information form help to buy,0,,0.0,,,keyword planner,
help to buy and shared equity,"Apply, lenders, places and dates",reservation form help to buy,0,,0.0,,,keyword planner,
help to buy and shared equity,"Apply, lenders, places and dates",shared equity financing agreement sample form,0,,,,informational,dataforseo labs,
help to buy and shared equity,"Apply, lenders, places and dates",shared equity scheme 2025 australia,0,,,,commercial,dataforseo labs,
help to buy and shared equity,"Apply, lenders, places and dates",shared equity scheme 2025 qld,0,,,,commercial,dataforseo labs,
help to buy and shared equity,"Apply, lenders, places and dates",shared equity scheme 2025 victoria,0,,,,commercial,dataforseo labs,
help to buy and shared equity,"Apply, lenders, places and dates",urban connect shared equity login,0,,,,navigational,dataforseo labs,
help to buy and shared equity,"Apply, lenders, places and dates",when help to buy scheme ends,0,,,,informational,dataforseo labs,
help to buy and shared equity,"Apply, lenders, places and dates",when will the shared equity scheme be available,0,,,,informational,dataforseo labs,
help to buy and shared equity,Calculators,help to buy calculator,140,helptobuy calculator,8.31,LOW,transactional,keyword planner,20;10;40;90;140;110;170;260;260;210;140;260
help to buy and shared equity,Calculators,help to buy scheme calculator,140,helptobuy calculator,8.31,LOW,commercial,keyword planner,20;10;40;90;140;110;170;260;260;210;140;260
help to buy and shared equity,Calculators,helptobuy calculator,140,,8.31,LOW,,keyword planner,20;10;40;90;140;110;170;260;260;210;140;260
help to buy and shared equity,Calculators,homestart shared equity calculator,20,,1.14,,informational,dataforseo labs,
help to buy and shared equity,Calculators,shared equity calculator,20,,4.38,MEDIUM,informational,keyword planner,10;20;10;10;10;10;20;20;20;30;30;20
help to buy and shared equity,Calculators,calculate help to buy,10,5 help to buy,0.0,,,keyword planner,0;0;0;0;0;0;10;10;10;10;10;0
help to buy and shared equity,Calculators,calculator help to buy,10,5 help to buy,0.0,LOW,,keyword planner,0;0;0;10;0;0;0;10;0;0;0;10
help to buy and shared equity,Calculators,deposit calculator help to buy,10,5 help to buy,0.0,,,keyword planner,0;0;0;0;0;0;0;0;0;10;0;0
help to buy and shared equity,Calculators,equity loan calculator help to buy,10,5 help to buy,0.0,,informational,keyword planner,0;0;10;0;0;0;0;0;0;0;0;0
help to buy and shared equity,Calculators,equity loan help to buy calculator,10,5 help to buy,0.0,LOW,commercial,keyword planner,0;0;10;0;10;0;0;0;10;10;0;10
help to buy and shared equity,Calculators,gov help to buy calculator,10,5 help to buy,0.0,LOW,,keyword planner,0;0;0;10;10;10;10;0;10;10;10;10
help to buy and shared equity,Calculators,government help to buy calculator,10,5 help to buy,0.0,LOW,informational,keyword planner,0;0;0;10;10;10;10;0;10;10;10;10
help to buy and shared equity,Calculators,government help to buy loan calculator,10,5 help to buy,0.0,,,keyword planner,0;0;0;10;0;0;0;0;10;0;0;0
help to buy and shared equity,Calculators,government help to buy repayment calculator,10,5 help to buy,0.0,LOW,,keyword planner,0;0;0;0;0;0;0;0;0;0;0;10
help to buy and shared equity,Calculators,government help to buy scheme calculator,10,5 help to buy,0.0,LOW,commercial,keyword planner,0;0;0;0;10;10;10;10;10;10;10;10
help to buy and shared equity,Calculators,government shared ownership calculator,10,5 help to buy,0.0,,,keyword planner,0;10;0;10;0;0;0;10;0;0;10;0
help to buy and shared equity,Calculators,help to buy affordability calculator,10,5 help to buy,0.0,,informational,keyword planner,10;0;0;0;0;0;0;10;0;0;0;0
help to buy and shared equity,Calculators,help to buy bonus calculator,10,5 help to buy,0.0,,,keyword planner,0;10;0;0;0;0;0;0;0;0;0;0
help to buy and shared equity,Calculators,help to buy borrowing calculator,10,5 help to buy,0.0,LOW,,keyword planner,0;0;0;10;0;10;10;10;10;0;0;10
help to buy and shared equity,Calculators,help to buy calculator 2021,10,5 help to buy,0.0,,commercial,keyword planner,0;10;0;0;0;10;0;0;0;0;0;0
help to buy and shared equity,Calculators,help to buy calculator after 5 years,10,5 help to buy,0.0,,,keyword planner,0;0;0;0;0;0;0;10;0;0;0;0
help to buy and shared equity,Calculators,help to buy calculator gov,10,5 help to buy,0.0,,,keyword planner,0;0;0;0;0;10;0;10;0;10;0;0
help to buy and shared equity,Calculators,help to buy calculator monthly repayments,10,5 help to buy,0.0,,,keyword planner,10;0;0;0;0;0;0;0;0;0;0;0
help to buy and shared equity,Calculators,help to buy calculator mortgage,10,5 help to buy,6.76,HIGH,,keyword planner,10;0;10;10;10;10;10;10;10;10;10;10
help to buy and shared equity,Calculators,help to buy calculator repayment,10,5 help to buy,0.0,LOW,,keyword planner,10;0;10;0;0;0;0;10;10;0;0;10
help to buy and shared equity,Calculators,help to buy deposit calculator,10,5 help to buy,0.0,,,keyword planner,0;0;0;0;10;0;0;0;0;10;10;0
help to buy and shared equity,Calculators,help to buy eligibility calculator,10,,0.0,MEDIUM,informational,keyword planner,0;0;10;10;10;10;10;10;0;10;10;10
help to buy and shared equity,Calculators,help to buy equity calculator,10,5 help to buy,0.0,HIGH,,keyword planner,0;0;0;0;10;0;0;0;0;10;0;10
help to buy and shared equity,Calculators,help to buy equity loan calculator,10,5 help to buy,0.0,,commercial,keyword planner,0;0;0;0;0;0;10;0;0;0;10;0
help to buy and shared equity,Calculators,help to buy equity loan interest calculator,10,5 help to buy,0.0,,,keyword planner,0;10;0;0;0;0;0;0;0;0;0;0
help to buy and shared equity,Calculators,help to buy equity loan monthly repayment calculator,10,5 help to buy,0.0,,,keyword planner,0;0;0;0;0;10;0;0;0;0;0;0
help to buy and shared equity,Calculators,help to buy equity loan mortgage calculator,10,5 help to buy,0.0,,,keyword planner,0;0;0;0;0;10;0;0;0;0;0;0
help to buy and shared equity,Calculators,help to buy gov calculator,10,5 help to buy,0.0,,,keyword planner,0;0;0;0;0;0;10;0;0;0;0;0
help to buy and shared equity,Calculators,help to buy government scheme calculator,10,5 help to buy,0.0,,commercial,keyword planner,0;0;0;10;0;0;10;0;0;10;10;0
help to buy and shared equity,Calculators,help to buy home calculator,10,5 help to buy,0.0,,,keyword planner,0;0;0;0;0;10;0;0;10;0;0;0
help to buy and shared equity,Calculators,help to buy house calculator,10,5 help to buy,0.0,LOW,informational,keyword planner,0;0;0;0;0;0;0;0;0;0;0;10
help to buy and shared equity,Calculators,help to buy interest rate calculator,10,5 help to buy,0.0,,,keyword planner,0;0;0;0;0;0;0;0;0;10;0;0
help to buy and shared equity,Calculators,help to buy loan calculator,10,5 help to buy,0.0,LOW,informational,keyword planner,0;0;10;0;10;10;10;10;10;10;10;10
help to buy and shared equity,Calculators,help to buy loan mortgage calculator,10,5 help to buy,0.0,,,keyword planner,0;0;0;0;0;0;0;0;0;10;0;0
help to buy and shared equity,Calculators,help to buy loan repayment calculator,10,5 help to buy,0.0,,commercial,keyword planner,0;0;0;10;10;0;10;10;0;10;0;0
help to buy and shared equity,Calculators,help to buy monthly payments calculator,10,5 help to buy,0.0,,,keyword planner,0;0;10;0;0;0;0;0;0;0;0;0
help to buy and shared equity,Calculators,help to buy mortgage calculator,10,5 help to buy,6.76,HIGH,informational,keyword planner,10;0;10;10;10;10;10;10;10;10;10;10
help to buy and shared equity,Calculators,help to buy mortgage payment calculator,10,5 help to buy,6.76,HIGH,,keyword planner,10;0;10;10;10;10;10;10;10;10;10;10
help to buy and shared equity,Calculators,help to buy mortgage repayment calculator,10,5 help to buy,0.0,LOW,informational,keyword planner,10;10;10;10;10;10;10;10;20;10;10;10
help to buy and shared equity,Calculators,help to buy pay back calculator,10,5 help to buy,0.0,,,keyword planner,0;10;0;0;0;0;0;0;0;0;0;0
help to buy and shared equity,Calculators,help to buy payback calculator,10,5 help to buy,0.0,,,keyword planner,0;0;0;0;0;0;0;10;0;0;0;0
help to buy and shared equity,Calculators,help to buy percentage calculator,10,5 help to buy,0.0,,,keyword planner,0;0;0;0;0;0;0;0;10;0;0;0
help to buy and shared equity,Calculators,help to buy property calculator,10,5 help to buy,0.0,,,keyword planner,0;0;0;0;0;10;0;0;0;0;0;0
help to buy and shared equity,Calculators,help to buy repayment calculator,10,5 help to buy,0.0,LOW,informational,keyword planner,10;10;10;10;10;10;10;10;20;10;10;10
help to buy and shared equity,Calculators,help to buy repayment calculator after 5 years,10,5 help to buy,0.0,,,keyword planner,0;0;0;0;0;0;0;0;10;0;0;0
help to buy and shared equity,Calculators,help to buy repayments calculator,10,5 help to buy,,,informational,dataforseo labs,
help to buy and shared equity,Calculators,help to buy scheme mortgage calculator,10,5 help to buy,6.76,HIGH,informational,keyword planner,10;0;10;10;10;10;10;10;10;10;10;10
help to buy and shared equity,Calculators,help to buy scheme nsw calculator,10,,2.83,,transactional,dataforseo labs,
help to buy and shared equity,Calculators,help to buy scheme repayment calculator,10,5 help to buy,0.0,MEDIUM,,keyword planner,0;0;10;10;10;10;10;10;10;10;10;10
help to buy and shared equity,Calculators,help to buy shared ownership calculator,10,5 help to buy,0.0,,commercial,keyword planner,0;0;0;0;10;0;0;0;0;0;0;0
help to buy and shared equity,Calculators,mortgage affordability calculator help to buy,10,5 help to buy,0.0,,,keyword planner,0;0;10;0;0;0;0;0;0;0;0;0
help to buy and shared equity,Calculators,mortgage calculator help to buy,10,5 help to buy,0.0,LOW,informational,keyword planner,10;10;10;10;10;10;10;10;10;10;10;10
help to buy and shared equity,Calculators,mortgage calculator on shared ownership,10,5 help to buy,0.0,,,keyword planner,0;0;0;0;0;10;0;0;0;0;0;0
help to buy and shared equity,Calculators,mortgage calculator shared ownership,10,5 help to buy,0.0,LOW,,keyword planner,0;10;10;10;10;10;10;10;10;10;10;10
help to buy and shared equity,Calculators,mortgage calculator with help to buy,10,,1.77,,informational,dataforseo labs,
help to buy and shared equity,Calculators,mortgage repayment calculator help to buy,10,5 help to buy,0.0,,,keyword planner,0;0;0;10;10;0;0;0;10;10;0;0
help to buy and shared equity,Calculators,mortgage repayment calculator with help to buy,10,5 help to buy,0.0,,,keyword planner,0;0;0;10;0;0;10;0;10;10;10;0
help to buy and shared equity,Calculators,repayment calculator help to buy,10,5 help to buy,0.0,LOW,,keyword planner,0;0;0;10;0;0;10;0;10;0;10;10
help to buy and shared equity,Calculators,selling help to buy property calculator,10,5 help to buy,0.0,,,keyword planner,0;0;0;0;0;10;0;0;0;0;0;0
help to buy and shared equity,Calculators,shared equity loan calculator,10,5 help to buy,0.0,HIGH,informational,keyword planner,10;10;10;10;10;10;0;10;10;10;0;10
help to buy and shared equity,Calculators,shared equity mortgage calculator,10,5 help to buy,0.0,LOW,informational,keyword planner,0;10;10;10;10;10;10;10;10;10;10;10
help to buy and shared equity,Calculators,shared equity scheme calculator,10,5 help to buy,0.0,LOW,informational,keyword planner,10;10;10;10;10;10;10;10;10;10;10;10
help to buy and shared equity,Calculators,shared ownership house calculator,10,5 help to buy,0.0,,,keyword planner,0;0;0;10;0;0;0;0;0;0;0;0
help to buy and shared equity,Calculators,shared ownership rent calculator,10,5 help to buy,0.0,,,keyword planner,10;0;0;0;10;0;0;0;0;10;0;0
help to buy and shared equity,Calculators,stamp duty calculator help to buy,10,5 help to buy,,,informational,dataforseo labs,
help to buy and shared equity,Calculators,40 help to buy calculator,0,,0.0,,,keyword planner,
help to buy and shared equity,Calculators,5 help to buy calculator,0,,0.0,,,keyword planner,
help to buy and shared equity,Calculators,affordability calculator help to buy,0,,0.0,,,keyword planner,
help to buy and shared equity,Calculators,australian government help to buy scheme calculator,0,,,,commercial,dataforseo labs,
help to buy and shared equity,Calculators,bank australia help to buy scheme calculator,0,,,,commercial,dataforseo labs,
help to buy and shared equity,Calculators,calculate help to buy bonus,0,,0.0,,,keyword planner,
help to buy and shared equity,Calculators,calculate help to buy interest,0,,0.0,,,keyword planner,
help to buy and shared equity,Calculators,calculate help to buy mortgage,0,,0.0,,,keyword planner,
help to buy and shared equity,Calculators,calculate help to buy repayments,0,,0.0,,,keyword planner,
help to buy and shared equity,Calculators,calculate mortgage with help to buy,0,,0.0,,,keyword planner,
help to buy and shared equity,Calculators,commbank help to buy scheme calculator,0,,,,transactional,dataforseo labs,
help to buy and shared equity,Calculators,commonwealth help to buy scheme calculator,0,,,,commercial,dataforseo labs,
help to buy and shared equity,Calculators,equity help to buy calculator,0,,0.0,,,keyword planner,0;0;0;0;0;0;0;0;0;0;0;0
help to buy and shared equity,Calculators,federal help to buy scheme calculator,0,,,,commercial,dataforseo labs,
help to buy and shared equity,Calculators,federal help to buy shared equity scheme calculator,0,,,,commercial,dataforseo labs,
help to buy and shared equity,Calculators,first time buyer help to buy calculator,0,,0.0,,,keyword planner,0;0;0;0;0;0;0;0;0;0;0;0
help to buy and shared equity,Calculators,first time buyer help to buy mortgage calculator,0,,0.0,,,keyword planner,
help to buy and shared equity,Calculators,first time buyer mortgage calculator help to buy,0,,0.0,,,keyword planner,
help to buy and shared equity,Calculators,government help to buy calculator 2021,0,,0.0,,,keyword planner,
help to buy and shared equity,Calculators,government help to buy equity loan calculator,0,,0.0,,,keyword planner,0;0;0;0;0;0;0;0;0;0;0;0
help to buy and shared equity,Calculators,hca calculator shared ownership,0,,0.0,,,keyword planner,0;0;0;0;0;0;0;0;0;0;0;0
help to buy and shared equity,Calculators,help to buy 2021 calculator,0,,0.0,,,keyword planner,
help to buy and shared equity,Calculators,help to buy 2022 calculator,0,,0.0,,,keyword planner,
help to buy and shared equity,Calculators,help to buy 40 equity loan calculator,0,,0.0,,,keyword planner,
help to buy and shared equity,Calculators,help to buy 5 deposit calculator,0,,0.0,,,keyword planner,
help to buy and shared equity,Calculators,help to buy affordability calculator 2021,0,,0.0,,,keyword planner,
help to buy and shared equity,Calculators,help to buy affordability calculator 2022,0,,0.0,,,keyword planner,0;0;0;0;0;0;0;0;0;0;0;0
help to buy and shared equity,Calculators,help to buy affordability calculator excel,0,,0.0,,,keyword planner,0;0;0;0;0;0;0;0;0;0;0;0
help to buy and shared equity,Calculators,help to buy after 5 years calculator,0,,0.0,,,keyword planner,
help to buy and shared equity,Calculators,help to buy and mortgage calculator,0,,0.0,,,keyword planner,0;0;0;0;0;0;0;0;0;0;0;0
help to buy and shared equity,Calculators,help to buy budget calculator,0,,0.0,,,keyword planner,
help to buy and shared equity,Calculators,help to buy calculator 2022,0,,0.0,,,keyword planner,0;0;0;0;0;0;0;0;0;0;0;0
help to buy and shared equity,Calculators,help to buy calculator affordability,0,,0.0,,,keyword planner,
help to buy and shared equity,Calculators,help to buy calculator bonus,0,,0.0,,,keyword planner,
help to buy and shared equity,Calculators,help to buy calculator countryside,0,,0.0,,,keyword planner,0;0;0;0;0;0;0;0;0;0;0;0
help to buy and shared equity,Calculators,help to buy calculator excel,0,,0.0,,,keyword planner,0;0;0;0;0;0;0;0;0;0;0;0
help to buy and shared equity,Calculators,help to buy calculator monthly,0,,0.0,,,keyword planner,
help to buy and shared equity,Calculators,help to buy calculator natwest,0,,0.0,,,keyword planner,0;0;0;0;0;0;0;0;0;0;0;0
help to buy and shared equity,Calculators,help to buy calculator south east,0,,0.0,,,keyword planner,
help to buy and shared equity,Calculators,help to buy calculator spreadsheet,0,,0.0,,,keyword planner,
help to buy and shared equity,Calculators,help to buy cost calculator,0,,0.0,,,keyword planner,0;0;0;0;0;0;0;0;0;0;0;0
help to buy and shared equity,Calculators,help to buy eligibility calculator tool,0,,0.0,,,keyword planner,
help to buy and shared equity,Calculators,help to buy equity loan affordability calculator,0,,0.0,,,keyword planner,0;0;0;0;0;0;0;0;0;0;0;0
help to buy and shared equity,Calculators,help to buy equity loan calculator 2021,0,,0.0,,,keyword planner,
help to buy and shared equity,Calculators,help to buy equity loan calculator 2022,0,,0.0,,,keyword planner,0;0;0;0;0;0;0;0;0;0;0;0
help to buy and shared equity,Calculators,help to buy equity loan eligibility calculator,0,,0.0,,,keyword planner,0;0;0;0;0;0;0;0;0;0;0;0
help to buy and shared equity,Calculators,help to buy equity loan interest repayment calculator,0,,0.0,,,keyword planner,0;0;0;0;0;0;0;0;0;0;0;0
help to buy and shared equity,Calculators,help to buy equity loan repayment calculator,0,,0.0,,,keyword planner,0;0;0;0;0;0;0;0;0;0;0;0
help to buy and shared equity,Calculators,help to buy equity loan repayment calculator after 5 years,0,,0.0,,,keyword planner,0;0;0;0;0;0;0;0;0;0;0;0
help to buy and shared equity,Calculators,help to buy equity loan scheme calculator,0,,0.0,,,keyword planner,0;0;0;0;0;0;0;0;0;0;0;0
help to buy and shared equity,Calculators,help to buy equity mortgage calculator,0,,0.0,,,keyword planner,
help to buy and shared equity,Calculators,help to buy equity scheme calculator,0,,0.0,,,keyword planner,
help to buy and shared equity,Calculators,help to buy example calculator,0,,0.0,,,keyword planner,0;0;0;0;0;0;0;0;0;0;0;0
help to buy and shared equity,Calculators,help to buy excel calculator,0,,0.0,,,keyword planner,0;0;0;0;0;0;0;0;0;0;0;0
help to buy and shared equity,Calculators,help to buy government bonus calculator,0,,0.0,,,keyword planner,
help to buy and shared equity,Calculators,help to buy government calculator,0,,0.0,,,keyword planner,
help to buy and shared equity,Calculators,help to buy income calculator,0,,0.0,,,keyword planner,0;0;0;0;0;0;0;0;0;0;0;0
help to buy and shared equity,Calculators,help to buy interest after 5 years calculator,0,,0.0,,,keyword planner,0;0;0;0;0;0;0;0;0;0;0;0
help to buy and shared equity,Calculators,help to buy interest calculator,0,,0.0,,,keyword planner,0;0;0;0;0;0;0;0;0;0;0;0
help to buy and shared equity,Calculators,help to buy interest calculator after 5 years,0,,0.0,,,keyword planner,
help to buy and shared equity,Calculators,help to buy interest calculator year 6,0,,0.0,,,keyword planner,0;0;0;0;0;0;0;0;0;0;0;0
help to buy and shared equity,Calculators,help to buy interest calculator year 7,0,,0.0,,,keyword planner,0;0;0;0;0;0;0;0;0;0;0;0
help to buy and shared equity,Calculators,help to buy interest calculator year 8,0,,0.0,,,keyword planner,0;0;0;0;0;0;0;0;0;0;0;0
help to buy and shared equity,Calculators,help to buy interest rates calculator,0,,0.0,,,keyword planner,0;0;0;0;0;0;0;0;0;0;0;0
help to buy and shared equity,Calculators,help to buy interest repayment calculator,0,,0.0,,,keyword planner,0;0;0;0;0;0;0;0;0;0;0;0
help to buy and shared equity,Calculators,help to buy loan interest calculator,0,,0.0,,,keyword planner,0;0;0;0;0;0;0;0;0;0;0;0
help to buy and shared equity,Calculators,help to buy ltv calculator,0,,0.0,,,keyword planner,
help to buy and shared equity,Calculators,help to buy monthly calculator,0,,0.0,,,keyword planner,
help to buy and shared equity,Calculators,help to buy monthly mortgage calculator,0,,0.0,,,keyword planner,
help to buy and shared equity,Calculators,help to buy monthly payment calculator,0,,0.0,,,keyword planner,
help to buy and shared equity,Calculators,help to buy mortgage affordability calculator,0,,0.0,,,keyword planner,
help to buy and shared equity,Calculators,help to buy mortgage calculator monthly,0,,0.0,,,keyword planner,0;0;0;0;0;0;0;0;0;0;0;0
help to buy and shared equity,Calculators,help to buy mortgage calculator natwest,0,,0.0,,,keyword planner,
help to buy and shared equity,Calculators,help to buy mortgage calculator repayment,0,,0.0,,,keyword planner,
help to buy and shared equity,Calculators,help to buy mortgage monthly repayment calculator,0,,0.0,,,keyword planner,
help to buy and shared equity,Calculators,help to buy new build calculator,0,,0.0,,,keyword planner,0;0;0;0;0;0;0;0;0;0;0;0
help to buy and shared equity,Calculators,help to buy new build mortgage calculator,0,,0.0,,,keyword planner,0;0;0;0;0;0;0;0;0;0;0;0
help to buy and shared equity,Calculators,help to buy payments calculator,0,,0.0,,,keyword planner,0;0;0;0;0;0;0;0;0;0;0;0
help to buy and shared equity,Calculators,help to buy redemption calculator,0,,0.0,,,keyword planner,
help to buy and shared equity,Calculators,help to buy rent calculator,0,,0.0,,,keyword planner,0;0;0;0;0;0;0;0;0;0;0;0
help to buy and shared equity,Calculators,help to buy repayment calculator 2022,0,,0.0,,,keyword planner,0;0;0;0;0;0;0;0;0;0;0;0
help to buy and shared equity,Calculators,help to buy rpi calculator,0,,0.0,,,keyword planner,0;0;0;0;0;0;0;0;0;0;0;0
help to buy and shared equity,Calculators,help to buy salary calculator,0,,0.0,,,keyword planner,0;0;0;0;0;0;0;0;0;0;0;0
help to buy and shared equity,Calculators,help to buy savings calculator,0,,0.0,,,keyword planner,
help to buy and shared equity,Calculators,help to buy scheme affordability calculator,0,,0.0,,,keyword planner,0;0;0;0;0;0;0;0;0;0;0;0
help to buy and shared equity,Calculators,help to buy scheme australia calculator,0,,,,transactional,dataforseo labs,
help to buy and shared equity,Calculators,help to buy scheme australia eligibility calculator,0,,,,commercial,dataforseo labs,
help to buy and shared equity,Calculators,help to buy scheme calculator gov,0,,0.0,,,keyword planner,
help to buy and shared equity,Calculators,help to buy scheme calculator nsw,0,,,,transactional,dataforseo labs,
help to buy and shared equity,Calculators,help to buy scheme calculator qld,0,,,,transactional,dataforseo labs,
help to buy and shared equity,Calculators,help to buy scheme eligibility calculator,0,,,,transactional,dataforseo labs,
help to buy and shared equity,Calculators,help to buy scheme qld calculator,0,,,,transactional,dataforseo labs,
help to buy and shared equity,Calculators,help to buy scheme vic calculator,0,,,,transactional,dataforseo labs,
help to buy and shared equity,Calculators,help to buy scheme victoria calculator,0,,,,transactional,dataforseo labs,
help to buy and shared equity,Calculators,help to buy scheme wa calculator,0,,,,transactional,dataforseo labs,
help to buy and shared equity,Calculators,help to buy selling calculator,0,,0.0,,,keyword planner,0;0;0;0;0;0;0;0;0;0;0;0
help to buy and shared equity,Calculators,help to buy shared ownership affordability calculator,0,,0.0,,,keyword planner,
help to buy and shared equity,Calculators,help to buy shared ownership mortgage calculator,0,,0.0,,,keyword planner,
help to buy and shared equity,Calculators,help to buy south east calculator,0,,0.0,,,keyword planner,
help to buy and shared equity,Calculators,help to buy sustainability calculator,0,,0.0,,,keyword planner,0;0;0;0;0;0;0;0;0;0;0;0
help to buy and shared equity,Calculators,keystart shared equity scheme calculator,0,,,,commercial,dataforseo labs,
help to buy and shared equity,Calculators,monthly mortgage payment calculator help to buy,0,,0.0,,,keyword planner,
help to buy and shared equity,Calculators,mortgage and help to buy calculator,0,,0.0,,,keyword planner,
help to buy and shared equity,Calculators,mortgage calculator help to buy equity loan,0,,0.0,,,keyword planner,
help to buy and shared equity,Calculators,mortgage calculator including help to buy,0,,0.0,,,keyword planner,
help to buy and shared equity,Calculators,mortgage calculator with help to buy equity loan,0,,0.0,,,keyword planner,
help to buy and shared equity,Calculators,mortgage help to buy calculator,0,,0.0,,,keyword planner,0;0;0;0;0;0;0;0;0;0;0;0
help to buy and shared equity,Calculators,mortgage with help to buy calculator,0,,0.0,,,keyword planner,0;0;0;0;0;0;0;0;0;0;0;0
help to buy and shared equity,Calculators,natwest help to buy calculator,0,,0.0,,,keyword planner,0;0;0;0;0;0;0;0;0;0;0;0
help to buy and shared equity,Calculators,natwest help to buy mortgage calculator,0,,0.0,,,keyword planner,
help to buy and shared equity,Calculators,new build help to buy calculator,0,,0.0,,,keyword planner,
help to buy and shared equity,Calculators,nsw shared equity scheme calculator,0,,,,commercial,dataforseo labs,
help to buy and shared equity,Calculators,paying back help to buy calculator,0,,0.0,,,keyword planner,
help to buy and shared equity,Calculators,qld shared equity scheme calculator,0,,,,commercial,dataforseo labs,
help to buy and shared equity,Calculators,shared equity government calculator,0,,,,commercial,dataforseo labs,
help to buy and shared equity,Calculators,shared equity home buyer helper calculator,0,,,,commercial,dataforseo labs,
help to buy and shared equity,Calculators,shared equity home loans calculator,0,,,,commercial,dataforseo labs,
help to buy and shared equity,Calculators,shared equity scheme australia calculator,0,,,,commercial,dataforseo labs,
help to buy and shared equity,Calculators,shared equity scheme nsw 2025 calculator,0,,,,commercial,dataforseo labs,
help to buy and shared equity,Calculators,shared equity scheme nsw calculator,0,,,,commercial,dataforseo labs,
help to buy and shared equity,Calculators,shared equity scheme qld calculator,0,,,,commercial,dataforseo labs,
help to buy and shared equity,Calculators,shared equity scheme vic calculator,0,,,,commercial,dataforseo labs,
help to buy and shared equity,Calculators,shared ownership affordability calculator gov,0,,0.0,,,keyword planner,
help to buy and shared equity,Calculators,shared ownership help to buy calculator,0,,0.0,,,keyword planner,
help to buy and shared equity,Calculators,victorian homebuyer fund shared equity scheme calculator,0,,,,commercial,dataforseo labs,
help to buy and shared equity,Calculators,which help to buy calculator,0,,,,informational,dataforseo labs,
help to buy and shared equity,Compared with other schemes,government shared ownership scheme,390,government shared equity scheme,9.72,LOW,,keyword planner,260;260;480;320;320;320;320;390;480;480;480;480
help to buy and shared equity,Compared with other schemes,keystart shared ownership,390,keystart shared equity,11.17,MEDIUM,,keyword planner,260;390;260;210;320;210;260;320;320;880;480;390
help to buy and shared equity,Compared with other schemes,shared ownership first time buyer,90,,0.0,LOW,,keyword planner,10;10;0;10;10;90;1000;0;10;10;10;10
help to buy and shared equity,Compared with other schemes,shared ownership for first time buyers,90,shared ownership first time buyer,0.0,LOW,,keyword planner,10;10;0;10;10;90;1000;0;10;10;10;10
help to buy and shared equity,Compared with other schemes,government shared ownership,40,government shared equity,0.0,LOW,,keyword planner,30;30;50;50;40;30;20;50;50;30;40;20
help to buy and shared equity,Compared with other schemes,help to buy scheme stamp duty,30,,0.0,LOW,transactional,keyword planner,10;10;20;40;30;30;50;50;30;40;30;40
help to buy and shared equity,Compared with other schemes,help to buy stamp duty,20,,8.16,LOW,,keyword planner,10;20;10;50;30;20;20;10;20;30;30;10
help to buy and shared equity,Compared with other schemes,houses for shared ownership,20,,5.39,LOW,,keyword planner,30;40;30;20;20;10;20;20;20;20;20;10
help to buy and shared equity,Compared with other schemes,shared ownership schemes,20,,9.47,LOW,,keyword planner,20;20;20;30;30;20;20;20;30;20;20;10
help to buy and shared equity,Compared with other schemes,10 percent shared ownership,10,5 help to buy,0.0,,,keyword planner,0;0;0;0;10;10;0;0;0;0;0;0
help to buy and shared equity,Compared with other schemes,5 deposit shared ownership,10,5 help to buy,0.0,,,keyword planner,10;0;0;0;0;0;0;0;0;0;0;0
help to buy and shared equity,Compared with other schemes,95 shared ownership mortgage,10,5 help to buy,0.0,,,keyword planner,0;0;10;0;0;0;0;0;0;0;0;0
help to buy and shared equity,Compared with other schemes,buy out shared ownership,10,5 help to buy,0.0,,,keyword planner,0;0;0;0;0;10;10;0;0;0;0;0
help to buy and shared equity,Compared with other schemes,buy shared ownership,10,5 help to buy,0.0,,,keyword planner,0;0;0;10;0;0;0;0;0;0;10;0
help to buy and shared equity,Compared with other schemes,buy shared ownership house,10,5 help to buy,0.0,LOW,,keyword planner,10;10;10;10;10;10;10;10;10;10;10;10
help to buy and shared equity,Compared with other schemes,buying a house with shared ownership,10,5 help to buy,0.0,LOW,,keyword planner,10;10;10;10;10;10;10;10;10;10;10;10
help to buy and shared equity,Compared with other schemes,buying a property shared ownership,10,5 help to buy,0.0,,,keyword planner,10;10;10;10;10;10;10;10;10;10;10;0
help to buy and shared equity,Compared with other schemes,buying property shared ownership,10,5 help to buy,0.0,,,keyword planner,10;10;10;10;10;10;10;10;10;10;10;0
help to buy and shared equity,Compared with other schemes,can i release equity from my shared ownership home,10,5 help to buy,,,informational,dataforseo labs,
help to buy and shared equity,Compared with other schemes,difference between shared ownership and shared equity,10,5 help to buy,,,informational,dataforseo labs,
help to buy and shared equity,Compared with other schemes,eligibility for shared ownership,10,5 help to buy,0.0,,,keyword planner,10;10;10;0;10;10;10;10;10;10;0;0
help to buy and shared equity,Compared with other schemes,equity loan shared ownership,10,5 help to buy,0.0,,commercial,keyword planner,0;0;10;0;10;0;0;0;0;0;0;0
help to buy and shared equity,Compared with other schemes,equity release on shared ownership property,10,5 help to buy,,,informational,dataforseo labs,
help to buy and shared equity,Compared with other schemes,equity release shared ownership,10,5 help to buy,0.0,HIGH,informational,keyword planner,0;0;0;0;0;0;0;10;0;0;0;10
help to buy and shared equity,Compared with other schemes,equity shared ownership,10,5 help to buy,0.0,LOW,,keyword planner,10;0;10;10;10;10;10;10;10;10;10;10
help to buy and shared equity,Compared with other schemes,first home scheme and help to buy,10,5 help to buy,,,informational,dataforseo labs,
help to buy and shared equity,Compared with other schemes,first home scheme vs help to buy,10,5 help to buy,,,informational,dataforseo labs,
help to buy and shared equity,Compared with other schemes,first time home buyer shared ownership,10,5 help to buy,0.0,,,keyword planner,0;10;10;0;10;0;10;0;10;0;0;0
help to buy and shared equity,Compared with other schemes,getting a mortgage for shared ownership,10,5 help to buy,0.0,,,keyword planner,0;0;10;10;0;0;0;0;0;0;0;0
help to buy and shared equity,Compared with other schemes,government help to buy deposit scheme,10,5 help to buy,0.0,,,keyword planner,0;10;0;0;10;10;0;0;0;0;0;0
help to buy and shared equity,Compared with other schemes,government help to buy mortgage guarantee scheme,10,5 help to buy,0.0,,,keyword planner,0;0;0;0;0;0;0;0;0;10;0;0
help to buy and shared equity,Compared with other schemes,help to buy 5 deposit scheme,10,5 help to buy,,,transactional,dataforseo labs,
help to buy and shared equity,Compared with other schemes,help to buy and first home scheme,10,5 help to buy,,,informational,dataforseo labs,
help to buy and shared equity,Compared with other schemes,help to buy and home guarantee schemes,10,5 help to buy,,,commercial,dataforseo labs,
help to buy and shared equity,Compared with other schemes,help to buy and shared ownership,10,5 help to buy,0.0,LOW,informational,keyword planner,10;10;10;10;10;10;0;0;10;0;10;10
help to buy and shared equity,Compared with other schemes,help to buy deposit scheme,10,5 help to buy,0.0,LOW,,keyword planner,10;10;10;10;10;20;20;20;20;10;20;20
help to buy and shared equity,Compared with other schemes,help to buy first home scheme,10,5 help to buy,9.46,,informational,dataforseo labs,
help to buy and shared equity,Compared with other schemes,help to buy for shared ownership,10,5 help to buy,0.0,LOW,,keyword planner,10;10;10;10;10;10;0;0;10;0;10;10
help to buy and shared equity,Compared with other schemes,help to buy guarantee,10,5 help to buy,0.0,,,keyword planner,10;10;10;10;10;10;0;0;0;0;0;0
help to buy and shared equity,Compared with other schemes,help to buy guarantee scheme,10,5 help to buy,0.0,LOW,informational,keyword planner,10;0;0;10;0;0;10;0;0;10;10;10
help to buy and shared equity,Compared with other schemes,help to buy mortgage guarantee,10,5 help to buy,0.0,,transactional,keyword planner,0;10;0;0;0;0;0;0;0;0;0;0
help to buy and shared equity,Compared with other schemes,help to buy mortgage guarantee scheme,10,5 help to buy,0.0,LOW,transactional,keyword planner,10;10;10;0;0;0;10;0;0;0;0;10
help to buy and shared equity,Compared with other schemes,help to buy or shared ownership,10,5 help to buy,,,informational,dataforseo labs,
help to buy and shared equity,Compared with other schemes,help to buy scheme and first home scheme,10,5 help to buy,,,commercial,dataforseo labs,
help to buy and shared equity,Compared with other schemes,help to buy shared ownership,10,5 help to buy,0.0,LOW,transactional,keyword planner,10;10;10;10;10;10;0;0;10;0;10;10
help to buy and shared equity,Compared with other schemes,help to buy shared ownership application,10,5 help to buy,0.0,,,keyword planner,10;0;0;0;0;0;0;0;0;0;0;0
help to buy and shared equity,Compared with other schemes,help to buy shared ownership eligibility,10,5 help to buy,0.0,,,keyword planner,0;0;0;0;0;0;0;0;10;10;0;0
help to buy and shared equity,Compared with other schemes,help to buy shared ownership houses,10,5 help to buy,0.0,,,keyword planner,0;0;0;0;0;0;10;0;10;0;0;0
help to buy and shared equity,Compared with other schemes,help to buy shared ownership mortgage,10,5 help to buy,0.0,LOW,,keyword planner,0;0;0;0;0;0;0;0;0;0;0;10
help to buy and shared equity,Compared with other schemes,help to buy shared ownership properties,10,5 help to buy,0.0,,transactional,keyword planner,0;0;0;0;0;0;0;10;0;0;0;0
help to buy and shared equity,Compared with other schemes,help to buy shared ownership scheme,10,5 help to buy,0.0,LOW,,keyword planner,10;0;10;10;0;0;10;10;0;10;10;10
help to buy and shared equity,Compared with other schemes,help to buy v shared ownership,10,5 help to buy,0.0,,,keyword planner,0;0;0;0;0;0;0;10;0;0;0;0
help to buy and shared equity,Compared with other schemes,help to buy vs boost to buy,10,,0.06,,commercial,dataforseo labs,
help to buy and shared equity,Compared with other schemes,help to buy vs first home scheme,10,5 help to buy,,,informational,dataforseo labs,
help to buy and shared equity,Compared with other schemes,help to buy vs first time buyers,10,5 help to buy,,,informational,dataforseo labs,
help to buy and shared equity,Compared with other schemes,help to buy vs lisa,10,5 help to buy,,,informational,dataforseo labs,
help to buy and shared equity,Compared with other schemes,help to buy vs shared ownership,10,5 help to buy,,,informational,dataforseo labs,
help to buy and shared equity,Compared with other schemes,help to buy with shared ownership,10,5 help to buy,0.0,LOW,,keyword planner,10;10;10;10;10;10;0;0;10;0;10;10
help to buy and shared equity,Compared with other schemes,help to buy: shared ownership,10,5 help to buy,,,informational,dataforseo labs,
help to buy and shared equity,Compared with other schemes,help with shared ownership,10,5 help to buy,0.0,,,keyword planner,0;0;0;0;0;0;0;10;0;0;0;0
help to buy and shared equity,Compared with other schemes,housing benefit and shared ownership,10,5 help to buy,0.0,,,keyword planner,0;0;0;0;0;0;10;0;0;0;0;0
help to buy and shared equity,Compared with other schemes,htb shared ownership,10,5 help to buy,0.0,,,keyword planner,0;0;0;10;0;0;0;0;0;0;0;0
help to buy and shared equity,Compared with other schemes,lisa vs help to buy,10,5 help to buy,,,informational,dataforseo labs,
help to buy and shared equity,Compared with other schemes,mortgage for shared ownership,10,5 help to buy,0.0,LOW,,keyword planner,0;10;10;10;10;10;10;10;0;10;10;10
help to buy and shared equity,Compared with other schemes,mortgage in principle shared ownership,10,5 help to buy,0.0,,,keyword planner,0;0;0;0;0;0;0;10;0;0;0;0
help to buy and shared equity,Compared with other schemes,negative equity shared ownership,10,5 help to buy,,,informational,dataforseo labs,
help to buy and shared equity,Compared with other schemes,property shared ownership explained,10,5 help to buy,0.0,,,keyword planner,0;10;0;0;10;0;0;0;0;0;10;0
help to buy and shared equity,Compared with other schemes,register help to buy shared ownership,10,5 help to buy,0.0,,,keyword planner,0;0;10;0;0;0;0;0;0;0;0;0
help to buy and shared equity,Compared with other schemes,shared equity vs shared ownership,10,5 help to buy,,,informational,dataforseo labs,
help to buy and shared equity,Compared with other schemes,shared ownership 5 deposit,10,5 help to buy,0.0,HIGH,,keyword planner,10;10;0;0;0;0;10;10;0;0;10;10
help to buy and shared equity,Compared with other schemes,shared ownership and help to buy,10,5 help to buy,0.0,,,keyword planner,0;0;0;10;40;0;10;0;0;0;10;0
help to buy and shared equity,Compared with other schemes,shared ownership benefits,10,5 help to buy,0.0,,,keyword planner,10;10;10;10;0;0;10;10;0;0;0;0
help to buy and shared equity,Compared with other schemes,shared ownership deposit,10,5 help to buy,0.0,,,keyword planner,0;10;10;0;0;0;10;0;0;10;0;0
help to buy and shared equity,Compared with other schemes,shared ownership equity loan,10,5 help to buy,0.0,,,keyword planner,0;0;10;0;10;0;0;0;0;0;0;0
help to buy and shared equity,Compared with other schemes,shared ownership equity release,10,5 help to buy,1.22,,informational,dataforseo labs,
help to buy and shared equity,Compared with other schemes,shared ownership for over 55s,10,5 help to buy,0.0,LOW,,keyword planner,0;10;0;10;0;0;10;10;0;10;10;10
help to buy and shared equity,Compared with other schemes,shared ownership help,10,5 help to buy,0.0,,,keyword planner,0;0;0;0;0;0;0;10;0;0;0;0
help to buy and shared equity,Compared with other schemes,shared ownership help to buy,10,5 help to buy,0.0,,informational,keyword planner,0;0;0;10;40;0;10;0;0;0;10;0
help to buy and shared equity,Compared with other schemes,shared ownership in my area,10,5 help to buy,0.0,,,keyword planner,0;0;0;0;0;0;0;0;0;0;10;0
help to buy and shared equity,Compared with other schemes,shared ownership loan,10,5 help to buy,0.0,,,keyword planner,10;10;10;10;10;10;10;10;10;10;10;0
help to buy and shared equity,Compared with other schemes,shared ownership loans,10,5 help to buy,0.0,,,keyword planner,10;10;10;10;10;10;10;10;10;10;10;0
help to buy and shared equity,Compared with other schemes,shared ownership mortgage lenders,10,5 help to buy,0.0,,,keyword planner,0;0;0;0;0;10;0;0;0;10;10;0
help to buy and shared equity,Compared with other schemes,shared ownership negative equity,10,5 help to buy,,,informational,dataforseo labs,
help to buy and shared equity,Compared with other schemes,shared ownership or help to buy,10,5 help to buy,,,informational,dataforseo labs,
help to buy and shared equity,Compared with other schemes,shared ownership positives and negatives,10,5 help to buy,0.0,,,keyword planner,0;0;0;0;0;0;0;0;0;10;0;0
help to buy and shared equity,Compared with other schemes,shared ownership scheme eligibility,10,5 help to buy,0.0,,,keyword planner,0;0;0;10;0;0;0;10;10;0;10;0
help to buy and shared equity,Compared with other schemes,shared ownership scheme for first time buyers,10,5 help to buy,0.0,,,keyword planner,0;10;10;0;0;0;10;0;0;0;0;0
help to buy and shared equity,Compared with other schemes,shared ownership v help to buy,10,5 help to buy,0.0,,,keyword planner,0;0;0;0;0;0;0;0;10;0;0;0
help to buy and shared equity,Compared with other schemes,shared ownership vs help to buy,10,5 help to buy,,,informational,dataforseo labs,
help to buy and shared equity,Compared with other schemes,shared ownership vs shared equity,10,5 help to buy,,,informational,dataforseo labs,
help to buy and shared equity,Compared with other schemes,stamp duty help to buy,10,5 help to buy,0.0,LOW,,keyword planner,10;10;10;10;10;20;10;10;10;10;10;10
help to buy and shared equity,Compared with other schemes,5 deposit shared ownership mortgage,0,,0.0,,,keyword planner,0;0;0;0;0;0;0;0;0;0;0;0
help to buy and shared equity,Compared with other schemes,5 percent deposit shared ownership mortgage,0,,0.0,,,keyword planner,
help to buy and shared equity,Compared with other schemes,5 percent shared ownership mortgages,0,,0.0,,,keyword planner,0;0;0;0;0;0;0;0;0;0;0;0
help to buy and shared equity,Compared with other schemes,75 shared ownership properties,0,,0.0,,,keyword planner,0;0;0;0;0;0;0;0;0;0;0;0
help to buy and shared equity,Compared with other schemes,apply for help to buy shared ownership,0,,0.0,,,keyword planner,
help to buy and shared equity,Compared with other schemes,best shared ownership mortgage lenders,0,,0.0,,,keyword planner,0;0;0;0;0;0;0;0;0;0;0;0
help to buy and shared equity,Compared with other schemes,equity housing shared ownership,0,,0.0,,informational,keyword planner,0;0;0;0;0;0;0;0;0;0;0;0
help to buy and shared equity,Compared with other schemes,equity in shared ownership,0,,0.0,,informational,keyword planner,0;0;0;0;0;0;0;0;0;0;0;0
help to buy and shared equity,Compared with other schemes,equity loan on shared ownership,0,,0.0,,,keyword planner,0;0;0;0;0;0;0;0;0;0;0;0
help to buy and shared equity,Compared with other schemes,first time buyer shared ownership mortgage,0,,0.0,,,keyword planner,0;0;0;0;0;0;0;0;0;0;0;0
help to buy and shared equity,Compared with other schemes,government deposit scheme help to buy,0,,0.0,,,keyword planner,0;0;0;0;0;0;0;0;0;0;0;0
help to buy and shared equity,Compared with other schemes,government help to buy scheme shared ownership,0,,0.0,,,keyword planner,0;0;0;0;0;0;0;0;0;0;0;0
help to buy and shared equity,Compared with other schemes,government help to buy shared ownership,0,,0.0,,,keyword planner,0;0;0;0;0;0;0;0;0;0;0;0
help to buy and shared equity,Compared with other schemes,help to buy equity loan shared ownership,0,,0.0,,,keyword planner,0;0;0;0;0;0;0;0;0;0;0;0
help to buy and shared equity,Compared with other schemes,help to buy midlands shared ownership,0,,0.0,,,keyword planner,
help to buy and shared equity,Compared with other schemes,help to buy mortgage guarantee scheme rules,0,,0.0,,,keyword planner,
help to buy and shared equity,Compared with other schemes,help to buy north west shared ownership,0,,0.0,,,keyword planner,
help to buy and shared equity,Compared with other schemes,help to buy older people's shared ownership,0,,0.0,,,keyword planner,0;0;0;0;0;0;0;0;0;0;0;0
help to buy and shared equity,Compared with other schemes,help to buy register shared ownership,0,,0.0,,,keyword planner,
help to buy and shared equity,Compared with other schemes,help to buy shared ownership application form,0,,0.0,,,keyword planner,
help to buy and shared equity,Compared with other schemes,help to buy shared ownership explained,0,,0.0,,,keyword planner,
help to buy and shared equity,Compared with other schemes,help to buy shared ownership houses for sale,0,,0.0,,,keyword planner,
help to buy and shared equity,Compared with other schemes,help to buy shared ownership login,0,,0.0,,,keyword planner,0;0;0;0;0;0;0;0;0;0;0;0
help to buy and shared equity,Compared with other schemes,help to buy shared ownership property search,0,,0.0,,,keyword planner,0;0;0;0;0;0;0;0;0;0;0;0
help to buy and shared equity,Compared with other schemes,help to buy shared ownership reference number,0,,0.0,,,keyword planner,
help to buy and shared equity,Compared with other schemes,help to buy shared ownership register,0,,0.0,,,keyword planner,
help to buy and shared equity,Compared with other schemes,help to buy vs 5 deposit scheme,0,,0.0,,,keyword planner,
help to buy and shared equity,Compared with other schemes,help to buy vs first home guarantee,0,,0.0,,,keyword planner,
help to buy and shared equity,Compared with other schemes,labor shared ownership scheme,0,,0.0,,,keyword planner,0;0;0;0;0;0;0;0;0;0;0;0
help to buy and shared equity,Compared with other schemes,list of shared ownership mortgage lenders,0,,0.0,,,keyword planner,0;0;0;0;0;0;0;0;0;0;0;0
help to buy and shared equity,Compared with other schemes,minimum deposit for shared ownership,0,,0.0,,,keyword planner,0;0;0;0;0;0;0;0;0;0;0;0
help to buy and shared equity,Compared with other schemes,mortgage guarantee help to buy,0,,0.0,,,keyword planner,0;0;0;0;0;0;0;0;0;0;0;0
help to buy and shared equity,Compared with other schemes,mortgage guarantee scheme help to buy,0,,0.0,,,keyword planner,
help to buy and shared equity,Compared with other schemes,mortgage guarantee scheme vs help to buy,0,,,,commercial,dataforseo labs,
help to buy and shared equity,Compared with other schemes,mortgage rates for shared ownership,0,,0.0,,,keyword planner,0;0;0;0;0;0;0;0;0;0;0;0
help to buy and shared equity,Compared with other schemes,register for help to buy shared ownership,0,,0.0,,,keyword planner,0;0;0;0;0;0;0;0;0;0;0;0
help to buy and shared equity,Compared with other schemes,shared ownership 5 percent deposit,0,,0.0,,,keyword planner,0;0;0;0;0;0;0;0;0;0;0;0
help to buy and shared equity,Compared with other schemes,shared ownership 50 percent,0,,0.0,,,keyword planner,0;0;0;0;0;0;0;0;0;0;0;0
help to buy and shared equity,Compared with other schemes,shared ownership agents,0,,0.0,,,keyword planner,0;0;0;0;0;0;0;0;0;0;0;0
help to buy and shared equity,Compared with other schemes,shared ownership and universal credit,0,,0.0,,,keyword planner,
help to buy and shared equity,Compared with other schemes,shared ownership buying,0,,0.0,,,keyword planner,0;0;0;0;0;0;0;0;0;0;0;0
help to buy and shared equity,Compared with other schemes,shared ownership buying process,0,,0.0,,,keyword planner,0;0;0;0;0;0;0;0;0;0;0;0
help to buy and shared equity,Compared with other schemes,shared ownership changes 2021,0,,0.0,,,keyword planner,
help to buy and shared equity,Compared with other schemes,shared ownership for first time buyers only,0,,0.0,,,keyword planner,0;0;0;0;0;0;0;0;0;0;0;0
help to buy and shared equity,Compared with other schemes,shared ownership guarantor mortgage,0,,0.0,,,keyword planner,0;0;0;0;0;0;0;0;0;0;0;0
help to buy and shared equity,Compared with other schemes,shared ownership information,0,,0.0,,,keyword planner,0;0;0;0;0;0;0;0;0;0;0;0
help to buy and shared equity,Compared with other schemes,shared ownership mortgage eligibility,0,,0.0,,,keyword planner,0;0;0;0;0;0;0;0;0;0;0;0
help to buy and shared equity,Compared with other schemes,shared ownership mortgage lenders 5 deposit,0,,0.0,,,keyword planner,
help to buy and shared equity,Compared with other schemes,shared ownership no rent to pay,0,,0.0,,,keyword planner,0;0;0;0;0;0;0;0;0;0;0;0
help to buy and shared equity,Compared with other schemes,shared ownership only for first time buyers,0,,0.0,,,keyword planner,0;0;0;0;0;0;0;0;0;0;0;0
help to buy and shared equity,Compared with other schemes,shared ownership questions,0,,0.0,,,keyword planner,
help to buy and shared equity,Compared with other schemes,shared ownership reviews 2021,0,,0.0,,,keyword planner,
help to buy and shared equity,Compared with other schemes,shared ownership scheme 2021,0,,0.0,,,keyword planner,
help to buy and shared equity,Compared with other schemes,shared ownership scheme explained,0,,0.0,,,keyword planner,0;0;0;0;0;0;0;0;0;0;0;0
help to buy and shared equity,Compared with other schemes,shared ownership stories,0,,0.0,,,keyword planner,
help to buy and shared equity,Compared with other schemes,shared ownership vs equity loan,0,,,,informational,dataforseo labs,
help to buy and shared equity,Compared with other schemes,shared ownership what can i afford,0,,0.0,,,keyword planner,0;0;0;0;0;0;0;0;0;0;0;0
help to buy and shared equity,Compared with other schemes,shared ownership with help to buy,0,,0.0,,,keyword planner,
help to buy and shared equity,"Eligibility, income and price caps",help to buy scheme eligibility,170,,9.24,LOW,informational,keyword planner,90;70;110;170;110;140;260;260;210;210;210;210
help to buy and shared equity,"Eligibility, income and price caps",help to buy scheme qualification,170,help to buy scheme eligibility,9.24,LOW,,keyword planner,90;70;110;170;110;140;260;260;210;210;210;210
help to buy and shared equity,"Eligibility, income and price caps",criteria for help to buy,90,help to buy eligibility,9.65,LOW,informational,keyword planner,50;40;40;110;70;90;110;110;110;90;90;90
help to buy and shared equity,"Eligibility, income and price caps",eligibility for help to buy,90,help to buy eligibility,7.02,,informational,dataforseo labs,
help to buy and shared equity,"Eligibility, income and price caps",help to buy eligibility,90,,9.65,LOW,informational,keyword planner,50;40;40;110;70;90;110;110;110;90;90;90
help to buy and shared equity,"Eligibility, income and price caps",help to buy qualification,90,help to buy eligibility,9.65,LOW,,keyword planner,50;40;40;110;70;90;110;110;110;90;90;90
help to buy and shared equity,"Eligibility, income and price caps",help to buy scheme australia eligibility,90,help to buy eligibility,5.61,,informational,dataforseo labs,
help to buy and shared equity,"Eligibility, income and price caps",qualify for help to buy,90,help to buy eligibility,9.65,LOW,,keyword planner,50;40;40;110;70;90;110;110;110;90;90;90
help to buy and shared equity,"Eligibility, income and price caps",help to buy income cap,40,,0.0,LOW,,keyword planner,20;10;10;20;30;30;30;50;90;50;70;70
help to buy and shared equity,"Eligibility, income and price caps",help to buy price cap,40,,0.0,LOW,commercial,keyword planner,10;30;20;30;40;50;50;70;40;40;40;50
help to buy and shared equity,"Eligibility, income and price caps",help to buy price caps,40,help to buy price cap,0.0,LOW,commercial,keyword planner,10;30;20;30;40;50;50;70;40;40;40;50
help to buy and shared equity,"Eligibility, income and price caps",help to buy eligibility tool,30,,7.03,,transactional,dataforseo labs,
help to buy and shared equity,"Eligibility, income and price caps",help to buy income limit,30,,7.17,LOW,,keyword planner,10;10;10;30;30;20;30;30;50;40;70;50
help to buy and shared equity,"Eligibility, income and price caps",help to buy scheme income limit,30,help to buy income limit,,,informational,dataforseo labs,
help to buy and shared equity,"Eligibility, income and price caps",help to buy scheme nsw eligibility,30,,5.96,,informational,dataforseo labs,
help to buy and shared equity,"Eligibility, income and price caps",help to buy scheme qld eligibility,30,,5.63,,informational,dataforseo labs,
help to buy and shared equity,"Eligibility, income and price caps",help to buy scheme victoria eligibility,30,,5.5,,informational,dataforseo labs,
help to buy and shared equity,"Eligibility, income and price caps",help to buy cap,20,help to buy gov,0.0,LOW,transactional,keyword planner,10;20;20;20;20;20;30;30;20;20;30;20
help to buy and shared equity,"Eligibility, income and price caps",help to buy income threshold,20,,0.0,LOW,,keyword planner,10;10;10;10;10;20;20;10;30;20;30;40
help to buy and shared equity,"Eligibility, income and price caps",help to buy postcode checker,20,,9.77,LOW,,keyword planner,10;0;0;10;30;20;20;20;30;10;10;20
help to buy and shared equity,"Eligibility, income and price caps",help to buy scheme criteria,20,,9.6,LOW,informational,keyword planner,10;10;20;20;10;20;30;30;30;20;40;30
help to buy and shared equity,"Eligibility, income and price caps",help to buy scheme eligibility criteria,20,,0.0,LOW,informational,keyword planner,10;10;10;20;10;20;20;20;20;20;20;20
help to buy and shared equity,"Eligibility, income and price caps",help to buy scheme permanent resident,20,,2.94,,transactional,dataforseo labs,
help to buy and shared equity,"Eligibility, income and price caps",help to buy scheme price cap,20,,0.0,LOW,commercial,keyword planner,10;10;20;20;30;20;30;30;20;20;20;20
help to buy and shared equity,"Eligibility, income and price caps",help to buy scheme requirements,20,help to buy scheme criteria,9.6,LOW,,keyword planner,10;10;20;20;10;20;30;30;30;20;40;30
help to buy and shared equity,"Eligibility, income and price caps",help to buy scheme rules,20,,0.0,LOW,,keyword planner,10;20;10;10;20;20;20;20;20;20;20;10
help to buy and shared equity,"Eligibility, income and price caps",help to buy scheme who is eligible,20,qualify for help to buy scheme,8.12,LOW,,keyword planner,10;10;10;10;10;10;20;40;30;20;10;20
help to buy and shared equity,"Eligibility, income and price caps",mortgage for shared equity,20,shared equity mortgage,3.6,,commercial,dataforseo labs,
help to buy and shared equity,"Eligibility, income and price caps",qualify for help to buy scheme,20,,8.12,LOW,,keyword planner,10;10;10;10;10;10;20;40;30;20;10;20
help to buy and shared equity,"Eligibility, income and price caps",requirements for help to buy scheme,20,help to buy scheme criteria,9.6,LOW,,keyword planner,10;10;20;20;10;20;30;30;30;20;40;30
help to buy and shared equity,"Eligibility, income and price caps",shared equity mortgage,20,,9.7,MEDIUM,commercial,keyword planner,20;20;10;10;20;20;20;10;30;10;10;10
help to buy and shared equity,"Eligibility, income and price caps",shared equity scheme eligibility,20,,1.55,,commercial,dataforseo labs,
help to buy and shared equity,"Eligibility, income and price caps",5 deposit help to buy,10,5 help to buy,0.0,LOW,,keyword planner,10;10;0;10;0;10;10;10;10;10;0;10
help to buy and shared equity,"Eligibility, income and price caps",5 deposit help to buy scheme,10,5 help to buy,0.0,LOW,,keyword planner,0;0;0;10;0;0;0;0;0;0;0;10
help to buy and shared equity,"Eligibility, income and price caps",5 help to buy mortgage,10,5 help to buy,0.0,,,keyword planner,10;0;0;0;0;0;0;0;0;0;0;0
help to buy and shared equity,"Eligibility, income and price caps",am i eligible for help to buy,10,5 help to buy,0.0,HIGH,,keyword planner,10;0;10;0;10;10;10;10;10;10;0;10
help to buy and shared equity,"Eligibility, income and price caps",am i eligible for help to buy scheme,10,5 help to buy,15.17,MEDIUM,,keyword planner,10;10;10;10;10;10;10;10;10;10;10;10
help to buy and shared equity,"Eligibility, income and price caps",barclays help to buy mortgage,10,5 help to buy,,,commercial,dataforseo labs,
help to buy and shared equity,"Eligibility, income and price caps",benefits of help to buy,10,5 help to buy,0.0,,,keyword planner,0;0;0;0;0;10;10;0;10;0;0;0
help to buy and shared equity,"Eligibility, income and price caps",benefits of help to buy scheme,10,5 help to buy,0.0,LOW,,keyword planner,0;10;0;0;10;10;10;0;10;10;10;10
help to buy and shared equity,"Eligibility, income and price caps",can you borrow more on a help to buy mortgage,10,5 help to buy,0.0,,,keyword planner,0;0;10;0;0;0;0;0;0;0;0;0
help to buy and shared equity,"Eligibility, income and price caps",conditions of help to buy scheme,10,5 help to buy,0.0,HIGH,,keyword planner,0;0;10;10;10;10;10;10;0;10;10;10
help to buy and shared equity,"Eligibility, income and price caps",credit help to buy a house,10,5 help to buy,0.0,HIGH,,keyword planner,0;0;0;0;0;0;0;0;0;0;0;10
help to buy and shared equity,"Eligibility, income and price caps",criteria for help to buy scheme,10,5 help to buy,0.0,LOW,,keyword planner,0;0;0;10;10;10;10;10;10;10;0;10
help to buy and shared equity,"Eligibility, income and price caps",deposit for help to buy,10,5 help to buy,0.0,HIGH,transactional,keyword planner,0;0;0;10;0;0;0;10;10;10;0;10
help to buy and shared equity,"Eligibility, income and price caps",deposit help to buy,10,5 help to buy,0.0,HIGH,,keyword planner,0;0;0;10;0;0;0;10;10;10;0;10
help to buy and shared equity,"Eligibility, income and price caps",do i qualify for help to buy,10,5 help to buy,0.0,HIGH,,keyword planner,0;10;0;0;0;0;10;10;10;10;0;10
help to buy and shared equity,"Eligibility, income and price caps",eligibility criteria for help to buy scheme,10,5 help to buy,0.0,LOW,,keyword planner,0;0;0;10;0;0;10;10;0;10;10;10
help to buy and shared equity,"Eligibility, income and price caps",equity mortgage help to buy,10,5 help to buy,0.0,,commercial,keyword planner,0;0;0;0;0;0;10;0;0;0;0;0
help to buy and shared equity,"Eligibility, income and price caps",first time buyer help to buy,10,5 help to buy,0.0,,informational,keyword planner,0;10;10;0;10;10;0;0;0;0;0;0
help to buy and shared equity,"Eligibility, income and price caps",first time buyer help to buy mortgage,10,5 help to buy,0.0,LOW,,keyword planner,0;0;0;0;0;0;10;10;0;0;10;10
help to buy and shared equity,"Eligibility, income and price caps",first time buyer help to buy scheme,10,5 help to buy,0.0,LOW,,keyword planner,0;0;0;10;0;0;10;0;10;0;10;10
help to buy and shared equity,"Eligibility, income and price caps",first time buyer mortgage help to buy,10,5 help to buy,0.0,,,keyword planner,0;0;0;0;0;0;10;10;0;0;10;0
help to buy and shared equity,"Eligibility, income and price caps",first time buyer shared equity scheme,10,5 help to buy,0.0,HIGH,,keyword planner,0;0;0;0;0;10;10;10;10;0;10;10
help to buy and shared equity,"Eligibility, income and price caps",first time buyers help to buy,10,5 help to buy,0.0,,informational,keyword planner,10;0;0;0;0;0;0;0;0;10;0;0
help to buy and shared equity,"Eligibility, income and price caps",first time buyers help to buy scheme,10,5 help to buy,,,informational,dataforseo labs,
help to buy and shared equity,"Eligibility, income and price caps",first time help to buy,10,,8.5,MEDIUM,informational,keyword planner,10;10;10;10;10;10;10;10;10;10;10;10
help to buy and shared equity,"Eligibility, income and price caps",first time home buyer help to buy,10,5 help to buy,0.0,LOW,informational,keyword planner,0;0;0;0;0;10;10;10;10;10;10;10
help to buy and shared equity,"Eligibility, income and price caps",first time home buyer shared equity,10,5 help to buy,0.0,HIGH,transactional,keyword planner,0;10;10;0;0;0;10;10;10;0;10;10
help to buy and shared equity,"Eligibility, income and price caps",government help to buy deposit,10,5 help to buy,0.0,,,keyword planner,0;0;0;0;0;0;0;0;10;0;0;0
help to buy and shared equity,"Eligibility, income and price caps",government help to buy eligibility,10,5 help to buy,0.0,LOW,informational,keyword planner,0;0;0;0;10;10;0;0;10;10;0;10
help to buy and shared equity,"Eligibility, income and price caps",government help to buy first time buyers,10,5 help to buy,0.0,,,keyword planner,10;0;0;10;10;0;10;10;0;10;10;0
help to buy and shared equity,"Eligibility, income and price caps",government help to buy scheme for first time buyers,10,5 help to buy,0.0,MEDIUM,,keyword planner,10;10;10;10;10;10;10;10;10;10;10;10
help to buy and shared equity,"Eligibility, income and price caps",government help to buy scheme rules,10,5 help to buy,0.0,LOW,,keyword planner,0;10;10;10;0;10;0;0;10;10;0;10
help to buy and shared equity,"Eligibility, income and price caps",government shared equity mortgage,10,5 help to buy,0.0,LOW,informational,keyword planner,10;0;0;0;0;10;0;0;10;0;0;10
help to buy and shared equity,"Eligibility, income and price caps",govt help to buy scheme criteria,10,5 help to buy,0.0,,,keyword planner,0;0;0;10;0;10;10;10;10;10;10;0
help to buy and shared equity,"Eligibility, income and price caps",help to buy 0 deposit,10,5 help to buy,0.0,,transactional,keyword planner,0;0;0;0;0;0;0;10;10;0;0;0
help to buy and shared equity,"Eligibility, income and price caps",help to buy 10 deposit,10,5 help to buy,0.0,LOW,,keyword planner,0;0;0;0;0;0;0;0;0;0;0;10
help to buy and shared equity,"Eligibility, income and price caps",help to buy 5 deposit,10,5 help to buy,0.0,LOW,transactional,keyword planner,10;10;10;10;10;10;10;10;10;10;10;10
help to buy and shared equity,"Eligibility, income and price caps",help to buy 5 percent deposit,10,5 help to buy,0.0,,,keyword planner,0;10;10;0;0;0;0;10;0;0;0;0
help to buy and shared equity,"Eligibility, income and price caps",help to buy a car on benefits,10,5 help to buy,,,informational,dataforseo labs,
help to buy and shared equity,"Eligibility, income and price caps",help to buy a home for low income families,10,5 help to buy,,,informational,dataforseo labs,
help to buy and shared equity,"Eligibility, income and price caps",help to buy a home for single mothers,10,,2.98,,transactional,dataforseo labs,
help to buy and shared equity,"Eligibility, income and price caps",help to buy a house for low income,10,5 help to buy,0.0,,transactional,keyword planner,10;10;0;10;10;0;0;10;0;0;10;0
help to buy and shared equity,"Eligibility, income and price caps",help to buy a house for low-income,10,5 help to buy,,,informational,dataforseo labs,
help to buy and shared equity,"Eligibility, income and price caps",help to buy a house for single moms,10,5 help to buy,,,transactional,dataforseo labs,
help to buy and shared equity,"Eligibility, income and price caps",help to buy a house with no deposit,10,5 help to buy,0.0,,transactional,keyword planner,0;10;10;0;10;0;0;0;0;10;0;0
help to buy and shared equity,"Eligibility, income and price caps",help to buy agent,10,5 help to buy,,,commercial,dataforseo labs,
help to buy and shared equity,"Eligibility, income and price caps",help to buy am i eligible,10,5 help to buy,0.0,,,keyword planner,0;0;0;0;0;0;0;0;0;0;10;0
help to buy and shared equity,"Eligibility, income and price caps",help to buy as a couple,10,5 help to buy,0.0,,,keyword planner,0;0;0;0;0;0;0;0;0;10;10;0
help to buy and shared equity,"Eligibility, income and price caps",help to buy benefits,10,5 help to buy,0.0,LOW,,keyword planner,0;0;0;0;0;0;10;10;0;0;10;10
help to buy and shared equity,"Eligibility, income and price caps",help to buy claim stage,10,5 help to buy,0.0,,transactional,keyword planner,0;0;0;10;0;0;0;0;0;0;0;0
help to buy and shared equity,"Eligibility, income and price caps",help to buy conditions,10,5 help to buy,0.0,LOW,informational,keyword planner,10;0;10;10;10;10;10;10;10;10;10;10
help to buy and shared equity,"Eligibility, income and price caps",help to buy couple,10,5 help to buy,0.0,LOW,,keyword planner,0;10;0;10;10;10;10;0;10;10;10;10
help to buy and shared equity,"Eligibility, income and price caps",help to buy couples,10,5 help to buy,0.0,LOW,,keyword planner,0;10;0;10;10;10;10;0;10;10;10;10
help to buy and shared equity,"Eligibility, income and price caps",help to buy criteria,10,5 help to buy,9.7,LOW,informational,keyword planner,10;10;10;20;10;10;10;10;20;20;20;20
help to buy and shared equity,"Eligibility, income and price caps",help to buy deposit,10,5 help to buy,0.0,LOW,transactional,keyword planner,10;10;10;10;10;10;10;20;10;10;10;10
help to buy and shared equity,"Eligibility, income and price caps",help to buy deposit amount,10,5 help to buy,0.0,LOW,,keyword planner,0;0;0;10;10;10;10;0;10;10;10;10
help to buy and shared equity,"Eligibility, income and price caps",help to buy deposit needed,10,5 help to buy,0.0,LOW,,keyword planner,0;0;0;0;0;0;0;0;0;10;0;10
help to buy and shared equity,"Eligibility, income and price caps",help to buy do i qualify,10,5 help to buy,0.0,,,keyword planner,0;0;0;0;0;0;0;10;0;0;0;0
help to buy and shared equity,"Eligibility, income and price caps",help to buy eligibility check,10,,13.43,MEDIUM,informational,keyword planner,0;10;10;10;10;10;10;10;10;10;10;10
help to buy and shared equity,"Eligibility, income and price caps",help to buy eligibility criteria,10,5 help to buy,0.0,MEDIUM,,keyword planner,10;10;10;10;20;20;10;10;10;10;10;10
help to buy and shared equity,"Eligibility, income and price caps",help to buy eligible properties,10,5 help to buy,0.0,,informational,keyword planner,0;0;0;0;0;10;10;10;10;0;10;0
help to buy and shared equity,"Eligibility, income and price caps",help to buy equity loan mortgage,10,5 help to buy,0.0,LOW,transactional,keyword planner,0;10;0;0;0;0;0;0;0;0;0;10
help to buy and shared equity,"Eligibility, income and price caps",help to buy equity loan rules,10,5 help to buy,0.0,,,keyword planner,0;0;0;0;0;0;0;0;10;0;0;0
help to buy and shared equity,"Eligibility, income and price caps",help to buy equity mortgage,10,5 help to buy,0.0,LOW,,keyword planner,0;10;0;0;0;0;0;0;0;0;0;10
help to buy and shared equity,"Eligibility, income and price caps",help to buy first time buyer,10,5 help to buy,0.0,HIGH,informational,keyword planner,10;10;10;10;10;10;10;10;0;0;0;10
help to buy and shared equity,"Eligibility, income and price caps",help to buy first time buyer declaration,10,5 help to buy,0.0,,,keyword planner,0;0;0;0;0;0;0;10;0;0;0;0
help to buy and shared equity,"Eligibility, income and price caps",help to buy first time buyer scheme,10,5 help to buy,0.0,,,keyword planner,0;0;0;0;0;10;0;10;10;0;0;0
help to buy and shared equity,"Eligibility, income and price caps",help to buy first time buyers only,10,5 help to buy,0.0,,,keyword planner,0;0;0;0;10;0;0;0;0;10;10;0
help to buy and shared equity,"Eligibility, income and price caps",help to buy for couples,10,5 help to buy,0.0,LOW,,keyword planner,0;10;0;10;10;10;10;0;10;10;10;10
help to buy and shared equity,"Eligibility, income and price caps",help to buy for first time buyers,10,5 help to buy,0.0,LOW,informational,keyword planner,0;10;10;10;10;10;10;0;10;0;10;10
help to buy and shared equity,"Eligibility, income and price caps",help to buy for first time buyers only,10,5 help to buy,,,informational,dataforseo labs,
help to buy and shared equity,"Eligibility, income and price caps",help to buy for non first time buyers,10,5 help to buy,0.0,,,keyword planner,0;0;0;10;0;0;0;10;0;0;10;0
help to buy and shared equity,"Eligibility, income and price caps",help to buy for second time buyers,10,5 help to buy,0.0,LOW,informational,keyword planner,0;10;0;10;0;0;0;10;0;10;0;10
help to buy and shared equity,"Eligibility, income and price caps",help to buy for single mums,10,5 help to buy,0.0,,informational,keyword planner,0;0;0;10;0;0;10;0;0;0;10;0
help to buy and shared equity,"Eligibility, income and price caps",help to buy for single parents,10,5 help to buy,0.0,LOW,,keyword planner,0;0;10;10;10;10;10;10;0;10;10;10
help to buy and shared equity,"Eligibility, income and price caps",help to buy for single person,10,5 help to buy,0.0,LOW,,keyword planner,0;0;10;0;10;10;10;10;10;10;10;10
help to buy and shared equity,"Eligibility, income and price caps",help to buy gifted deposit,10,5 help to buy,,,transactional,dataforseo labs,
help to buy and shared equity,"Eligibility, income and price caps",help to buy house limit,10,5 help to buy,0.0,LOW,informational,keyword planner,10;0;10;0;0;10;0;0;0;0;10;10
help to buy and shared equity,"Eligibility, income and price caps",help to buy house price limit,10,5 help to buy,0.0,LOW,informational,keyword planner,0;10;10;10;10;10;10;10;10;10;10;10
help to buy and shared equity,"Eligibility, income and price caps",help to buy how much deposit,10,5 help to buy,0.0,,,keyword planner,0;0;0;0;0;10;0;10;0;0;0;0
help to buy and shared equity,"Eligibility, income and price caps",help to buy how much deposit do i need,10,5 help to buy,0.0,,,keyword planner,0;0;0;0;0;0;0;0;10;0;0;0
help to buy and shared equity,"Eligibility, income and price caps",help to buy income,10,5 help to buy,0.0,LOW,,keyword planner,10;10;10;10;10;10;10;10;10;10;10;10
help to buy and shared equity,"Eligibility, income and price caps",help to buy income criteria,10,5 help to buy,0.0,,informational,keyword planner,0;0;0;0;0;0;0;0;0;0;10;0
help to buy and shared equity,"Eligibility, income and price caps",help to buy income requirements,10,5 help to buy,0.0,LOW,,keyword planner,10;0;0;0;0;10;10;10;0;10;0;10
help to buy and shared equity,"Eligibility, income and price caps",help to buy islamic mortgage,10,5 help to buy,0.0,,,keyword planner,0;0;0;0;0;0;0;0;0;10;0;0
help to buy and shared equity,"Eligibility, income and price caps",help to buy joint mortgage,10,5 help to buy,0.0,,,keyword planner,10;0;0;0;0;0;0;0;0;0;0;0
help to buy and shared equity,"Eligibility, income and price caps",help to buy large deposit,10,5 help to buy,0.0,,,keyword planner,0;0;10;0;0;0;0;10;0;10;10;0
help to buy and shared equity,"Eligibility, income and price caps",help to buy limit,10,5 help to buy,,,informational,dataforseo labs,
help to buy and shared equity,"Eligibility, income and price caps",help to buy limits,10,5 help to buy,,,transactional,dataforseo labs,
help to buy and shared equity,"Eligibility, income and price caps",help to buy loan eligibility,10,5 help to buy,0.0,,,keyword planner,0;0;0;0;10;0;0;10;0;0;0;0
help to buy and shared equity,"Eligibility, income and price caps",help to buy low deposit,10,5 help to buy,0.0,,,keyword planner,0;0;0;0;0;0;0;10;10;10;10;0
help to buy and shared equity,"Eligibility, income and price caps",help to buy low income,10,5 help to buy,0.0,,,keyword planner,0;0;0;0;0;0;0;0;0;0;10;0
help to buy and shared equity,"Eligibility, income and price caps",help to buy management fee,10,5 help to buy,0.0,,,keyword planner,0;0;0;0;0;0;0;0;0;0;10;0
help to buy and shared equity,"Eligibility, income and price caps",help to buy married couple,10,5 help to buy,0.0,,,keyword planner,0;10;0;0;0;0;0;0;0;0;0;0
help to buy and shared equity,"Eligibility, income and price caps",help to buy max,10,5 help to buy,0.0,LOW,,keyword planner,0;10;10;10;10;10;0;10;10;10;10;10
help to buy and shared equity,"Eligibility, income and price caps",help to buy max amount,10,5 help to buy,0.0,LOW,,keyword planner,10;0;0;10;10;0;0;10;0;0;10;10
help to buy and shared equity,"Eligibility, income and price caps",help to buy max deposit,10,5 help to buy,0.0,LOW,,keyword planner,10;10;0;10;10;10;10;10;10;10;10;10
help to buy and shared equity,"Eligibility, income and price caps",help to buy max house price,10,5 help to buy,0.0,LOW,informational,keyword planner,10;10;0;10;10;10;10;10;10;0;10;10
help to buy and shared equity,"Eligibility, income and price caps",help to buy max income,10,5 help to buy,0.0,LOW,,keyword planner,10;0;0;10;10;10;10;10;10;10;10;10
help to buy and shared equity,"Eligibility, income and price caps",help to buy max price,10,5 help to buy,0.0,LOW,,keyword planner,0;0;10;10;10;10;10;10;10;0;10;10
help to buy and shared equity,"Eligibility, income and price caps",help to buy max property value,10,5 help to buy,0.0,,,keyword planner,0;0;0;0;0;10;0;0;10;0;10;0
help to buy and shared equity,"Eligibility, income and price caps",help to buy maximum,10,5 help to buy,,,commercial,dataforseo labs,
help to buy and shared equity,"Eligibility, income and price caps",help to buy maximum deposit,10,5 help to buy,,,transactional,dataforseo labs,
help to buy and shared equity,"Eligibility, income and price caps",help to buy maximum house price,10,5 help to buy,,,transactional,dataforseo labs,
help to buy and shared equity,"Eligibility, income and price caps",help to buy maximum income,10,5 help to buy,0.0,LOW,,keyword planner,10;0;0;10;10;10;10;10;10;10;10;10
help to buy and shared equity,"Eligibility, income and price caps",help to buy minimum deposit,10,5 help to buy,0.0,LOW,,keyword planner,10;10;0;10;10;10;10;10;10;0;10;10
help to buy and shared equity,"Eligibility, income and price caps",help to buy minimum income,10,5 help to buy,0.0,LOW,,keyword planner,0;0;0;0;10;10;0;10;10;0;0;10
help to buy and shared equity,"Eligibility, income and price caps",help to buy mortgage,10,5 help to buy,0.0,LOW,informational,keyword planner,10;0;10;10;10;10;10;10;10;10;10;10
help to buy and shared equity,"Eligibility, income and price caps",help to buy mortgage advisor,10,5 help to buy,0.0,,transactional,keyword planner,0;0;0;0;0;0;0;10;0;0;0;0
help to buy and shared equity,"Eligibility, income and price caps",help to buy mortgage first time buyer,10,5 help to buy,0.0,LOW,,keyword planner,0;0;0;0;0;0;10;10;10;10;10;10
help to buy and shared equity,"Eligibility, income and price caps",help to buy mortgage offers,10,5 help to buy,0.0,,,keyword planner,0;10;10;0;10;0;0;10;0;10;10;0
help to buy and shared equity,"Eligibility, income and price caps",help to buy mortgage providers,10,5 help to buy,0.0,,commercial,keyword planner,0;0;0;0;0;0;0;0;0;10;0;0
help to buy and shared equity,"Eligibility, income and price caps",help to buy mortgage rates,10,5 help to buy,0.0,,commercial,keyword planner,0;10;10;0;10;0;0;10;0;10;10;0
help to buy and shared equity,"Eligibility, income and price caps",help to buy mortgage scheme,10,5 help to buy,,,informational,dataforseo labs,
help to buy and shared equity,"Eligibility, income and price caps",help to buy mortgage term,10,5 help to buy,0.0,,,keyword planner,0;0;0;0;0;0;0;0;0;10;0;0
help to buy and shared equity,"Eligibility, income and price caps",help to buy mortgages,10,5 help to buy,,,commercial,dataforseo labs,
help to buy and shared equity,"Eligibility, income and price caps",help to buy mortgages for first time buyers,10,5 help to buy,0.0,LOW,,keyword planner,0;0;0;0;0;0;10;10;10;10;10;10
help to buy and shared equity,"Eligibility, income and price caps",help to buy no deposit,10,5 help to buy,0.0,,commercial,keyword planner,0;0;0;0;0;0;0;0;10;0;10;0
help to buy and shared equity,"Eligibility, income and price caps",help to buy no mortgage,10,5 help to buy,0.0,,,keyword planner,0;0;0;0;10;0;0;10;0;0;0;0
help to buy and shared equity,"Eligibility, income and price caps",help to buy non first time buyer,10,5 help to buy,0.0,,,keyword planner,0;10;0;0;0;0;0;0;10;10;10;0
help to buy and shared equity,"Eligibility, income and price caps",help to buy not a first time buyer,10,5 help to buy,0.0,,,keyword planner,0;10;10;10;0;10;10;0;0;0;0;0
help to buy and shared equity,"Eligibility, income and price caps",help to buy not first time buyer,10,5 help to buy,0.0,,,keyword planner,0;10;10;10;0;10;10;0;0;0;0;0
help to buy and shared equity,"Eligibility, income and price caps",help to buy on benefits,10,5 help to buy,0.0,LOW,,keyword planner,0;0;0;0;0;0;10;10;0;0;10;10
help to buy and shared equity,"Eligibility, income and price caps",help to buy on universal credit,10,5 help to buy,0.0,,,keyword planner,0;0;0;0;10;0;0;0;0;0;0;0
help to buy and shared equity,"Eligibility, income and price caps",help to buy partner moving in,10,5 help to buy,0.0,LOW,,keyword planner,0;0;0;0;0;0;0;0;0;0;0;10
help to buy and shared equity,"Eligibility, income and price caps",help to buy percentage,10,5 help to buy,0.0,,,keyword planner,10;10;0;10;10;10;10;10;10;10;10;0
help to buy and shared equity,"Eligibility, income and price caps",help to buy price limit,10,5 help to buy,0.0,LOW,,keyword planner,0;10;10;10;10;10;0;10;10;10;10;10
help to buy and shared equity,"Eligibility, income and price caps",help to buy property price cap,10,5 help to buy,0.0,LOW,informational,keyword planner,0;10;10;10;10;10;10;10;10;10;10;10
help to buy and shared equity,"Eligibility, income and price caps",help to buy property price caps,10,5 help to buy,,,transactional,dataforseo labs,
help to buy and shared equity,"Eligibility, income and price caps",help to buy qualification criteria,10,5 help to buy,0.0,,,keyword planner,0;10;0;0;10;10;10;10;10;10;10;0
help to buy and shared equity,"Eligibility, income and price caps",help to buy qualify,10,5 help to buy,0.0,,,keyword planner,0;0;0;0;0;0;10;0;0;0;0;0
help to buy and shared equity,"Eligibility, income and price caps",help to buy qualifying criteria,10,5 help to buy,0.0,,,keyword planner,0;10;0;0;10;10;10;10;10;10;10;0
help to buy and shared equity,"Eligibility, income and price caps",help to buy regional price caps,10,5 help to buy,0.0,LOW,,keyword planner,0;0;0;10;10;10;10;10;10;0;0;10
help to buy and shared equity,"Eligibility, income and price caps",help to buy remortgage,10,5 help to buy,,,commercial,dataforseo labs,
help to buy and shared equity,"Eligibility, income and price caps",help to buy remortgages,10,5 help to buy,0.0,,,keyword planner,0;0;10;10;0;0;0;10;0;0;0;0
help to buy and shared equity,"Eligibility, income and price caps",help to buy requirements,10,5 help to buy,9.7,LOW,informational,keyword planner,10;10;10;20;10;10;10;10;20;20;20;20
help to buy and shared equity,"Eligibility, income and price caps",help to buy rules,10,5 help to buy,0.0,LOW,informational,keyword planner,10;10;10;10;10;10;10;10;10;10;10;10
help to buy and shared equity,"Eligibility, income and price caps",help to buy salary,10,5 help to buy,0.0,,,keyword planner,10;0;10;10;0;10;0;0;10;0;10;0
help to buy and shared equity,"Eligibility, income and price caps",help to buy salary cap,10,5 help to buy,0.0,LOW,informational,keyword planner,0;10;0;10;10;10;10;10;10;10;10;10
help to buy and shared equity,"Eligibility, income and price caps",help to buy salary limit,10,5 help to buy,0.0,,,keyword planner,0;0;10;0;10;10;10;10;0;0;10;0
help to buy and shared equity,"Eligibility, income and price caps",help to buy salary requirements,10,5 help to buy,0.0,,,keyword planner,0;0;10;0;0;0;0;0;0;0;0;0
help to buy and shared equity,"Eligibility, income and price caps",help to buy scheme 2 deposit,10,,4.11,,transactional,dataforseo labs,
help to buy and shared equity,"Eligibility, income and price caps",help to buy scheme 5 deposit,10,5 help to buy,0.0,LOW,transactional,keyword planner,0;10;0;10;10;10;10;10;10;10;10;10
help to buy and shared equity,"Eligibility, income and price caps",help to buy scheme age limit,10,5 help to buy,0.0,LOW,,keyword planner,10;0;10;10;0;10;10;10;10;10;10;10
help to buy and shared equity,"Eligibility, income and price caps",help to buy scheme benefits,10,5 help to buy,0.0,,,keyword planner,0;0;0;10;0;0;10;10;10;10;10;0
help to buy and shared equity,"Eligibility, income and price caps",help to buy scheme cap,10,5 help to buy,0.0,LOW,,keyword planner,10;10;10;10;10;10;10;10;30;10;20;20
help to buy and shared equity,"Eligibility, income and price caps",help to buy scheme conditions,10,5 help to buy,0.0,LOW,informational,keyword planner,10;10;10;10;10;10;20;20;10;10;10;10
help to buy and shared equity,"Eligibility, income and price caps",help to buy scheme deposit,10,5 help to buy,0.0,LOW,transactional,keyword planner,10;10;10;10;10;20;20;20;20;10;20;20
help to buy and shared equity,"Eligibility, income and price caps",help to buy scheme first time buyer,10,5 help to buy,0.0,LOW,,keyword planner,10;10;10;10;10;10;20;10;10;10;20;20
help to buy and shared equity,"Eligibility, income and price caps",help to buy scheme first time buyers,10,5 help to buy,,,informational,dataforseo labs,
help to buy and shared equity,"Eligibility, income and price caps",help to buy scheme first time buyers only,10,5 help to buy,0.0,,,keyword planner,0;0;0;0;10;0;0;0;0;0;10;0
help to buy and shared equity,"Eligibility, income and price caps",help to buy scheme for first time buyers,10,5 help to buy,0.0,LOW,,keyword planner,10;10;10;10;10;10;20;10;10;10;20;20
help to buy and shared equity,"Eligibility, income and price caps",help to buy scheme for non first time buyers,10,5 help to buy,0.0,LOW,,keyword planner,0;0;10;10;0;10;10;10;10;0;0;10
help to buy and shared equity,"Eligibility, income and price caps",help to buy scheme for second time buyers,10,5 help to buy,0.0,LOW,,keyword planner,0;0;0;10;0;0;10;10;0;0;10;10
help to buy and shared equity,"Eligibility, income and price caps",help to buy scheme for single person,10,5 help to buy,0.0,LOW,,keyword planner,0;10;0;0;0;10;0;10;0;10;10;10
help to buy and shared equity,"Eligibility, income and price caps",help to buy scheme limits,10,5 help to buy,,,informational,dataforseo labs,
help to buy and shared equity,"Eligibility, income and price caps",help to buy scheme max house price,10,5 help to buy,0.0,LOW,,keyword planner,10;0;10;10;10;20;10;10;20;20;10;10
help to buy and shared equity,"Eligibility, income and price caps",help to buy scheme mortgage,10,5 help to buy,0.0,LOW,,keyword planner,0;10;0;10;10;0;10;0;10;10;0;10
help to buy and shared equity,"Eligibility, income and price caps",help to buy scheme no deposit,10,5 help to buy,0.0,HIGH,,keyword planner,0;0;0;0;0;10;0;10;10;0;10;10
help to buy and shared equity,"Eligibility, income and price caps",help to buy scheme not first time buyer,10,5 help to buy,0.0,,,keyword planner,0;0;0;10;10;0;10;10;10;10;0;0
help to buy and shared equity,"Eligibility, income and price caps",help to buy scheme on benefits,10,5 help to buy,0.0,,,keyword planner,0;0;0;0;10;0;0;0;0;0;0;0
help to buy and shared equity,"Eligibility, income and price caps",help to buy scheme percentage,10,5 help to buy,0.0,LOW,,keyword planner,10;0;0;0;0;0;10;10;10;10;0;10
help to buy and shared equity,"Eligibility, income and price caps",help to buy scheme salary limit,10,5 help to buy,,,informational,dataforseo labs,
help to buy and shared equity,"Eligibility, income and price caps",help to buy scheme second time buyers,10,5 help to buy,0.0,,,keyword planner,0;0;10;0;0;0;0;0;0;0;0;0
help to buy and shared equity,"Eligibility, income and price caps",help to buy scheme terms and conditions,10,5 help to buy,0.0,LOW,,keyword planner,0;10;10;10;10;10;10;10;10;10;10;10
help to buy and shared equity,"Eligibility, income and price caps",help to buy scheme wa eligibility,10,,6.24,,transactional,dataforseo labs,
help to buy and shared equity,"Eligibility, income and price caps",help to buy second time buyer,10,5 help to buy,0.0,LOW,,keyword planner,0;10;0;10;0;0;0;10;0;10;0;10
help to buy and shared equity,"Eligibility, income and price caps",help to buy shared equity mortgage,10,5 help to buy,0.0,,,keyword planner,0;0;0;0;10;0;0;0;0;0;0;0
help to buy and shared equity,"Eligibility, income and price caps",help to buy single applicant,10,5 help to buy,0.0,LOW,transactional,keyword planner,0;0;0;0;0;0;0;0;10;10;0;10
help to buy and shared equity,"Eligibility, income and price caps",help to buy single parent,10,,9.62,LOW,,keyword planner,10;10;10;20;10;20;20;20;20;10;10;20
help to buy and shared equity,"Eligibility, income and price caps",help to buy single person,10,5 help to buy,0.0,LOW,,keyword planner,0;0;10;0;10;10;10;10;10;10;10;10
help to buy and shared equity,"Eligibility, income and price caps",help to buy stages,10,5 help to buy,0.0,,,keyword planner,10;0;0;0;0;0;0;0;0;0;0;0
help to buy and shared equity,"Eligibility, income and price caps",help to buy terms and conditions,10,5 help to buy,0.0,LOW,informational,keyword planner,10;0;10;10;10;20;20;10;20;10;10;20
help to buy and shared equity,"Eligibility, income and price caps",help to buy threshold,10,5 help to buy,0.0,LOW,informational,keyword planner,10;10;10;10;10;10;10;10;10;10;20;20
help to buy and shared equity,"Eligibility, income and price caps",help to buy who qualifies,10,5 help to buy,0.0,LOW,,keyword planner,10;10;10;10;10;10;0;10;10;10;10;10
help to buy and shared equity,"Eligibility, income and price caps",help to buy with no deposit,10,5 help to buy,0.0,,,keyword planner,0;0;0;0;0;0;0;0;10;0;10;0
help to buy and shared equity,"Eligibility, income and price caps",help to buy with partner,10,5 help to buy,0.0,,,keyword planner,0;0;0;0;0;10;0;0;0;0;0;0
help to buy and shared equity,"Eligibility, income and price caps",help to buy without mortgage,10,5 help to buy,0.0,,commercial,keyword planner,0;0;0;0;10;0;0;10;0;0;0;0
help to buy and shared equity,"Eligibility, income and price caps",help to buy zero deposit,10,5 help to buy,0.0,,,keyword planner,0;0;0;0;0;0;0;0;0;0;10;0
help to buy and shared equity,"Eligibility, income and price caps",how do i qualify for help to buy scheme,10,5 help to buy,0.0,,,keyword planner,0;0;0;0;10;10;10;10;10;10;10;0
help to buy and shared equity,"Eligibility, income and price caps",how do shared equity mortgages work,10,5 help to buy,,,informational,dataforseo labs,
help to buy and shared equity,"Eligibility, income and price caps",how do you qualify for help to buy scheme,10,5 help to buy,0.0,,,keyword planner,0;0;0;0;10;10;10;10;10;10;10;0
help to buy and shared equity,"Eligibility, income and price caps",how does a help to buy mortgage work,10,5 help to buy,0.0,,,keyword planner,10;10;0;0;0;0;0;10;0;0;0;0
help to buy and shared equity,"Eligibility, income and price caps",how does a shared equity mortgage work,10,5 help to buy,0.0,LOW,informational,keyword planner,10;10;10;10;10;10;10;0;10;10;10;10
help to buy and shared equity,"Eligibility, income and price caps",how much deposit for help to buy,10,5 help to buy,,,informational,dataforseo labs,
help to buy and shared equity,"Eligibility, income and price caps",how to qualify for help to buy,10,5 help to buy,,,informational,dataforseo labs,
help to buy and shared equity,"Eligibility, income and price caps",is help to buy for first time buyers,10,5 help to buy,,,informational,dataforseo labs,
help to buy and shared equity,"Eligibility, income and price caps",is help to buy for first time buyers only,10,5 help to buy,,,informational,dataforseo labs,
help to buy and shared equity,"Eligibility, income and price caps",is help to buy only for first time buyers,10,5 help to buy,,,informational,dataforseo labs,
help to buy and shared equity,"Eligibility, income and price caps",is help to buy scheme only for first time buyers,10,5 help to buy,,,informational,dataforseo labs,
help to buy and shared equity,"Eligibility, income and price caps",low income help to buy a house,10,5 help to buy,0.0,,,keyword planner,0;0;10;10;0;10;10;0;10;10;0;0
help to buy and shared equity,"Eligibility, income and price caps",max house price help to buy,10,5 help to buy,0.0,LOW,,keyword planner,0;0;0;0;0;0;0;0;0;0;0;10
help to buy and shared equity,"Eligibility, income and price caps",maximum deposit help to buy,10,5 help to buy,0.0,,,keyword planner,0;0;0;0;10;10;0;10;10;10;10;0
help to buy and shared equity,"Eligibility, income and price caps",maximum house value help to buy,10,5 help to buy,0.0,,,keyword planner,0;0;0;0;0;0;10;0;0;0;0;0
help to buy and shared equity,"Eligibility, income and price caps",maximum income for help to buy,10,5 help to buy,0.0,,,keyword planner,0;0;0;0;10;0;0;0;0;0;0;0
help to buy and shared equity,"Eligibility, income and price caps",minimum deposit for help to buy,10,5 help to buy,0.0,,,keyword planner,0;0;0;0;10;0;0;0;0;10;0;0
help to buy and shared equity,"Eligibility, income and price caps",mortgage advisor help to buy,10,5 help to buy,0.0,,informational,keyword planner,10;0;0;0;0;0;10;0;0;0;0;0
help to buy and shared equity,"Eligibility, income and price caps",mortgage for help to buy,10,5 help to buy,,,transactional,dataforseo labs,
help to buy and shared equity,"Eligibility, income and price caps",mortgage help to buy,10,5 help to buy,0.0,,informational,keyword planner,0;10;10;0;0;0;10;10;0;0;0;0
help to buy and shared equity,"Eligibility, income and price caps",mortgage help to buy scheme,10,5 help to buy,0.0,LOW,informational,keyword planner,0;0;0;10;0;10;10;10;10;10;10;10
help to buy and shared equity,"Eligibility, income and price caps",mortgage with help to buy,10,5 help to buy,,,transactional,dataforseo labs,
help to buy and shared equity,"Eligibility, income and price caps",mortgages for help to buy,10,5 help to buy,,,commercial,dataforseo labs,
help to buy and shared equity,"Eligibility, income and price caps",mortgages help to buy,10,5 help to buy,,,informational,dataforseo labs,
help to buy and shared equity,"Eligibility, income and price caps",new help to buy rules,10,5 help to buy,0.0,,,keyword planner,0;0;0;0;0;0;0;10;0;0;0;0
help to buy and shared equity,"Eligibility, income and price caps",new shared equity scheme for first time buyers,10,5 help to buy,0.0,,,keyword planner,0;0;0;10;0;0;0;0;10;0;0;0
help to buy and shared equity,"Eligibility, income and price caps",no deposit help to buy,10,5 help to buy,0.0,,,keyword planner,0;0;0;0;0;0;10;0;0;0;0;0
help to buy and shared equity,"Eligibility, income and price caps",parents help to buy mortgage,10,5 help to buy,0.0,,informational,keyword planner,0;10;0;0;10;0;0;0;0;10;0;0
help to buy and shared equity,"Eligibility, income and price caps",price cap help to buy,10,5 help to buy,0.0,,,keyword planner,10;10;0;10;10;10;10;10;0;10;10;0
help to buy and shared equity,"Eligibility, income and price caps",regional price caps help to buy,10,5 help to buy,0.0,,,keyword planner,0;0;0;0;0;0;0;0;10;0;0;0
help to buy and shared equity,"Eligibility, income and price caps",remortgage with help to buy,10,5 help to buy,,,commercial,dataforseo labs,
help to buy and shared equity,"Eligibility, income and price caps",requirements for help to buy,10,5 help to buy,0.0,LOW,,keyword planner,0;0;0;0;0;0;0;0;0;0;0;10
help to buy and shared equity,"Eligibility, income and price caps",rules for help to buy scheme,10,5 help to buy,0.0,LOW,informational,keyword planner,10;10;0;10;10;10;10;10;10;10;0;10
help to buy and shared equity,"Eligibility, income and price caps",rules of help to buy scheme,10,5 help to buy,0.0,,,keyword planner,10;0;0;0;0;10;0;0;10;0;0;0
help to buy and shared equity,"Eligibility, income and price caps",shared equity deposit,10,5 help to buy,,,commercial,dataforseo labs,
help to buy and shared equity,"Eligibility, income and price caps",shared equity first time buyers,10,5 help to buy,0.0,,informational,keyword planner,0;0;0;0;0;10;0;0;0;0;0;0
help to buy and shared equity,"Eligibility, income and price caps",shared equity mortgage canada,10,5 help to buy,,,commercial,dataforseo labs,
help to buy and shared equity,"Eligibility, income and price caps",shared equity mortgage meaning,10,5 help to buy,,,informational,dataforseo labs,
help to buy and shared equity,"Eligibility, income and price caps",shared equity mortgage program for first time home buyers,10,5 help to buy,0.0,LOW,,keyword planner,0;0;0;0;0;10;10;10;0;0;10;10
help to buy and shared equity,"Eligibility, income and price caps",shared equity mortgage scheme,10,5 help to buy,,,commercial,dataforseo labs,
help to buy and shared equity,"Eligibility, income and price caps",shared equity mortgage with parents,10,5 help to buy,0.0,,informational,keyword planner,0;0;0;0;0;0;0;10;0;0;0;0
help to buy and shared equity,"Eligibility, income and price caps",shared equity remortgage,10,5 help to buy,0.0,,commercial,keyword planner,0;10;0;0;0;0;10;0;10;0;0;0
help to buy and shared equity,"Eligibility, income and price caps",shared equity scheme for first time buyers,10,5 help to buy,0.0,,,keyword planner,10;10;10;10;0;0;10;10;10;10;0;0
help to buy and shared equity,"Eligibility, income and price caps",single mom help to buy house,10,5 help to buy,0.0,,,keyword planner,0;10;0;0;10;10;0;10;0;0;0;0
help to buy and shared equity,"Eligibility, income and price caps",what is a help to buy mortgage,10,5 help to buy,,,informational,dataforseo labs,
help to buy and shared equity,"Eligibility, income and price caps",what is a shared equity mortgage,10,5 help to buy,,,informational,dataforseo labs,
help to buy and shared equity,"Eligibility, income and price caps",what is shared equity mortgage,10,5 help to buy,,,informational,dataforseo labs,
help to buy and shared equity,"Eligibility, income and price caps",who can qualify for help to buy scheme,10,5 help to buy,0.0,,,keyword planner,0;0;0;0;0;0;0;0;0;0;10;0
help to buy and shared equity,"Eligibility, income and price caps",who is eligible for help to buy,10,5 help to buy,0.0,LOW,,keyword planner,10;10;10;10;10;10;0;10;10;10;10;10
help to buy and shared equity,"Eligibility, income and price caps",who is eligible for help to buy scheme,10,5 help to buy,7.52,MEDIUM,,keyword planner,10;10;10;10;10;10;30;40;20;20;10;10
help to buy and shared equity,"Eligibility, income and price caps",who is eligible for the help to buy scheme,10,5 help to buy,7.52,MEDIUM,,keyword planner,10;10;10;10;10;10;30;40;20;20;10;10
help to buy and shared equity,"Eligibility, income and price caps",who qualifies for help to buy,10,5 help to buy,0.0,LOW,,keyword planner,10;10;10;10;10;10;0;10;10;10;10;10
help to buy and shared equity,"Eligibility, income and price caps",who qualifies for help to buy scheme,10,5 help to buy,7.52,MEDIUM,,keyword planner,10;10;10;10;10;10;30;40;20;20;10;10
help to buy and shared equity,"Eligibility, income and price caps",with help to buy mortgage,10,5 help to buy,0.0,,informational,keyword planner,0;0;0;0;10;0;0;0;0;0;10;0
help to buy and shared equity,"Eligibility, income and price caps",5 deposit help to buy mortgages,0,,0.0,,,keyword planner,
help to buy and shared equity,"Eligibility, income and price caps",5 mortgage help to buy,0,,0.0,,commercial,keyword planner,0;0;0;0;0;0;0;0;0;0;0;0
help to buy and shared equity,"Eligibility, income and price caps",75 mortgage help to buy,0,,0.0,,,keyword planner,0;0;0;0;0;0;0;0;0;0;0;0
help to buy and shared equity,"Eligibility, income and price caps",95 help to buy mortgages,0,,0.0,,,keyword planner,
help to buy and shared equity,"Eligibility, income and price caps",adding help to buy to mortgage,0,,0.0,,,keyword planner,
help to buy and shared equity,"Eligibility, income and price caps",australia help to buy scheme eligibility,0,,,,commercial,dataforseo labs,
help to buy and shared equity,"Eligibility, income and price caps",australia help to buy scheme requirements,0,,,,commercial,dataforseo labs,
help to buy and shared equity,"Eligibility, income and price caps",australian government help to buy scheme eligibility,0,,,,transactional,dataforseo labs,
help to buy and shared equity,"Eligibility, income and price caps",best help to buy mortgages,0,,0.0,,,keyword planner,0;0;0;0;0;0;0;0;0;0;0;0
help to buy and shared equity,"Eligibility, income and price caps",best help to buy schemes for first time buyers,0,,0.0,,,keyword planner,
help to buy and shared equity,"Eligibility, income and price caps",best shared equity mortgage,0,,0.0,,commercial,keyword planner,0;0;0;0;0;0;0;0;0;0;0;0
help to buy and shared equity,"Eligibility, income and price caps",bluestone mortgages help to buy,0,,0.0,,,keyword planner,
help to buy and shared equity,"Eligibility, income and price caps",cheapest help to buy mortgage,0,,0.0,,,keyword planner,
help to buy and shared equity,"Eligibility, income and price caps",current help to buy mortgage rates,0,,0.0,,,keyword planner,
help to buy and shared equity,"Eligibility, income and price caps",east midlands help to buy cap,0,,0.0,,,keyword planner,0;0;0;0;0;0;0;0;0;0;0;0
help to buy and shared equity,"Eligibility, income and price caps",eligibility for help to buy equity loan,0,,0.0,,,keyword planner,
help to buy and shared equity,"Eligibility, income and price caps",eligible conveyancer help to buy,0,,0.0,,,keyword planner,
help to buy and shared equity,"Eligibility, income and price caps",equity loan help to buy mortgage,0,,0.0,,,keyword planner,
help to buy and shared equity,"Eligibility, income and price caps",family help to buy mortgage,0,,0.0,,,keyword planner,0;0;0;0;0;0;0;0;0;0;0;0
help to buy and shared equity,"Eligibility, income and price caps",federal help to buy scheme eligibility,0,,,,commercial,dataforseo labs,
help to buy and shared equity,"Eligibility, income and price caps",first time buyer shared equity mortgage,0,,0.0,,,keyword planner,0;0;0;0;0;0;0;0;0;0;0;0
help to buy and shared equity,"Eligibility, income and price caps",first time buyers help to buy 2022,0,,0.0,,,keyword planner,0;0;0;0;0;0;0;0;0;0;0;0
help to buy and shared equity,"Eligibility, income and price caps",first time help to buy scheme,0,,0.0,,,keyword planner,0;0;0;0;0;0;0;0;0;0;0;0
help to buy and shared equity,"Eligibility, income and price caps",first time home buyer shared equity incentive,0,,0.0,,,keyword planner,0;0;0;0;0;0;0;0;0;0;0;0
help to buy and shared equity,"Eligibility, income and price caps",get a help to buy mortgage,0,,0.0,,,keyword planner,
help to buy and shared equity,"Eligibility, income and price caps",government help to buy 5 deposit,0,,0.0,,,keyword planner,0;0;0;0;0;0;0;0;0;0;0;0
help to buy and shared equity,"Eligibility, income and price caps",government help to buy first time buyer,0,,0.0,,,keyword planner,
help to buy and shared equity,"Eligibility, income and price caps",government help to buy mortgage,0,,0.0,,,keyword planner,0;0;0;0;0;0;0;0;0;0;0;0
help to buy and shared equity,"Eligibility, income and price caps",guarantor mortgage help to buy,0,,0.0,,,keyword planner,
help to buy and shared equity,"Eligibility, income and price caps",guarantor mortgage with help to buy,0,,0.0,,,keyword planner,
help to buy and shared equity,"Eligibility, income and price caps",hampshire villages shared equity,0,,,,commercial,dataforseo labs,
help to buy and shared equity,"Eligibility, income and price caps",help to buy 10 percent deposit,0,,0.0,,,keyword planner,
help to buy and shared equity,"Eligibility, income and price caps",help to buy 100 mortgage,0,,0.0,,,keyword planner,
help to buy and shared equity,"Eligibility, income and price caps",help to buy 2 deposit,0,,0.0,,,keyword planner,
help to buy and shared equity,"Eligibility, income and price caps",help to buy 4.5 times salary,0,,0.0,,,keyword planner,
help to buy and shared equity,"Eligibility, income and price caps",help to buy 5 mortgage,0,,0.0,,,keyword planner,0;0;0;0;0;0;0;0;0;0;0;0
help to buy and shared equity,"Eligibility, income and price caps",help to buy 75 mortgage,0,,0.0,,,keyword planner,0;0;0;0;0;0;0;0;0;0;0;0
help to buy and shared equity,"Eligibility, income and price caps",help to buy 95 mortgage,0,,0.0,,,keyword planner,0;0;0;0;0;0;0;0;0;0;0;0
help to buy and shared equity,"Eligibility, income and price caps",help to buy a house on benefits,0,,0.0,,,keyword planner,0;0;0;0;0;0;0;0;0;0;0;0
help to buy and shared equity,"Eligibility, income and price caps",help to buy advantages,0,,0.0,,,keyword planner,0;0;0;0;0;0;0;0;0;0;0;0
help to buy and shared equity,"Eligibility, income and price caps",help to buy age,0,,0.0,,,keyword planner,0;0;0;0;0;0;0;0;0;0;0;0
help to buy and shared equity,"Eligibility, income and price caps",help to buy age restrictions,0,,0.0,,,keyword planner,
help to buy and shared equity,"Eligibility, income and price caps",help to buy agent midlands,0,,0.0,,,keyword planner,
help to buy and shared equity,"Eligibility, income and price caps",help to buy agent south,0,,,,transactional,dataforseo labs,
help to buy and shared equity,"Eligibility, income and price caps",help to buy agent2,0,,0.0,,,keyword planner,0;0;0;0;0;0;0;0;0;0;0;0
help to buy and shared equity,"Eligibility, income and price caps",help to buy buy to let mortgage,0,,0.0,,,keyword planner,
help to buy and shared equity,"Eligibility, income and price caps",help to buy cap east midlands,0,,0.0,,,keyword planner,
help to buy and shared equity,"Eligibility, income and price caps",help to buy cap north west,0,,0.0,,,keyword planner,
help to buy and shared equity,"Eligibility, income and price caps",help to buy citizenship,0,,0.0,,,keyword planner,
help to buy and shared equity,"Eligibility, income and price caps",help to buy credit check,0,,0.0,,,keyword planner,0;0;0;0;0;0;0;0;0;0;0;0
help to buy and shared equity,"Eligibility, income and price caps",help to buy debt to income ratio,0,,0.0,,,keyword planner,0;0;0;0;0;0;0;0;0;0;0;0
help to buy and shared equity,"Eligibility, income and price caps",help to buy deposit contribution,0,,0.0,,,keyword planner,0;0;0;0;0;0;0;0;0;0;0;0
help to buy and shared equity,"Eligibility, income and price caps",help to buy deposit loan,0,,0.0,,,keyword planner,
help to buy and shared equity,"Eligibility, income and price caps",help to buy east midlands cap,0,,0.0,,,keyword planner,0;0;0;0;0;0;0;0;0;0;0;0
help to buy and shared equity,"Eligibility, income and price caps",help to buy eligibility salary,0,,0.0,,,keyword planner,0;0;0;0;0;0;0;0;0;0;0;0
help to buy and shared equity,"Eligibility, income and price caps",help to buy equity loan conditions,0,,0.0,,,keyword planner,
help to buy and shared equity,"Eligibility, income and price caps",help to buy equity loan credit check,0,,0.0,,,keyword planner,0;0;0;0;0;0;0;0;0;0;0;0
help to buy and shared equity,"Eligibility, income and price caps",help to buy equity loan criteria,0,,0.0,,,keyword planner,0;0;0;0;0;0;0;0;0;0;0;0
help to buy and shared equity,"Eligibility, income and price caps",help to buy equity loan eligibility,0,,0.0,,,keyword planner,0;0;0;0;0;0;0;0;0;0;0;0
help to buy and shared equity,"Eligibility, income and price caps",help to buy equity loan eligibility criteria,0,,0.0,,,keyword planner,
help to buy and shared equity,"Eligibility, income and price caps",help to buy equity loan first time buyer,0,,0.0,,,keyword planner,
help to buy and shared equity,"Eligibility, income and price caps",help to buy equity loan mortgage comparison,0,,0.0,,,keyword planner,
help to buy and shared equity,"Eligibility, income and price caps",help to buy equity loan mortgage providers,0,,0.0,,,keyword planner,0;0;0;0;0;0;0;0;0;0;0;0
help to buy and shared equity,"Eligibility, income and price caps",help to buy equity loan mortgage rates,0,,0.0,,,keyword planner,0;0;0;0;0;0;0;0;0;0;0;0
help to buy and shared equity,"Eligibility, income and price caps",help to buy equity loan not first time buyer,0,,0.0,,,keyword planner,
help to buy and shared equity,"Eligibility, income and price caps",help to buy equity loan percentage,0,,0.0,,,keyword planner,
help to buy and shared equity,"Eligibility, income and price caps",help to buy equity loan requirements,0,,0.0,,,keyword planner,
help to buy and shared equity,"Eligibility, income and price caps",help to buy equity loan second time buyer,0,,0.0,,,keyword planner,
help to buy and shared equity,"Eligibility, income and price caps",help to buy equity loan terms and conditions,0,,0.0,,,keyword planner,
help to buy and shared equity,"Eligibility, income and price caps",help to buy family mortgage,0,,0.0,,,keyword planner,
help to buy and shared equity,"Eligibility, income and price caps",help to buy first time buyer definition,0,,0.0,,,keyword planner,
help to buy and shared equity,"Eligibility, income and price caps",help to buy first time buyer only,0,,0.0,,,keyword planner,
help to buy and shared equity,"Eligibility, income and price caps",help to buy for deposit,0,,0.0,,,keyword planner,0;0;0;0;0;0;0;0;0;0;0;0
help to buy and shared equity,"Eligibility, income and price caps",help to buy for second time buyers 2022,0,,0.0,,,keyword planner,0;0;0;0;0;0;0;0;0;0;0;0
help to buy and shared equity,"Eligibility, income and price caps",help to buy government mortgage scheme,0,,0.0,,,keyword planner,
help to buy and shared equity,"Eligibility, income and price caps",help to buy government scheme eligibility,0,,,,transactional,dataforseo labs,
help to buy and shared equity,"Eligibility, income and price caps",help to buy guarantor mortgage,0,,0.0,,,keyword planner,0;0;0;0;0;0;0;0;0;0;0;0
help to buy and shared equity,"Eligibility, income and price caps",help to buy house first time buyer,0,,0.0,,,keyword planner,0;0;0;0;0;0;0;0;0;0;0;0
help to buy and shared equity,"Eligibility, income and price caps",help to buy joint ownership,0,,0.0,,,keyword planner,0;0;0;0;0;0;0;0;0;0;0;0
help to buy and shared equity,"Eligibility, income and price caps",help to buy loan mortgage,0,,0.0,,,keyword planner,0;0;0;0;0;0;0;0;0;0;0;0
help to buy and shared equity,"Eligibility, income and price caps",help to buy minimum mortgage,0,,0.0,,,keyword planner,
help to buy and shared equity,"Eligibility, income and price caps",help to buy monthly management fee,0,,0.0,,,keyword planner,
help to buy and shared equity,"Eligibility, income and price caps",help to buy mortgage account,0,,0.0,,,keyword planner,
help to buy and shared equity,"Eligibility, income and price caps",help to buy mortgage advice,0,,0.0,,,keyword planner,0;0;0;0;0;0;0;0;0;0;0;0
help to buy and shared equity,"Eligibility, income and price caps",help to buy mortgage affordability,0,,0.0,,,keyword planner,
help to buy and shared equity,"Eligibility, income and price caps",help to buy mortgage buy to let,0,,0.0,,,keyword planner,
help to buy and shared equity,"Eligibility, income and price caps",help to buy mortgage companies,0,,0.0,,,keyword planner,0;0;0;0;0;0;0;0;0;0;0;0
help to buy and shared equity,"Eligibility, income and price caps",help to buy mortgage comparison,0,,0.0,,,keyword planner,0;0;0;0;0;0;0;0;0;0;0;0
help to buy and shared equity,"Eligibility, income and price caps",help to buy mortgage conditions,0,,0.0,,,keyword planner,
help to buy and shared equity,"Eligibility, income and price caps",help to buy mortgage criteria,0,,0.0,,,keyword planner,
help to buy and shared equity,"Eligibility, income and price caps",help to buy mortgage deals,0,,0.0,,,keyword planner,
help to buy and shared equity,"Eligibility, income and price caps",help to buy mortgage deposit,0,,0.0,,,keyword planner,
help to buy and shared equity,"Eligibility, income and price caps",help to buy mortgage eligibility,0,,0.0,,,keyword planner,0;0;0;0;0;0;0;0;0;0;0;0
help to buy and shared equity,"Eligibility, income and price caps",help to buy mortgage example,0,,0.0,,,keyword planner,
help to buy and shared equity,"Eligibility, income and price caps",help to buy mortgage explained,0,,0.0,,,keyword planner,0;0;0;0;0;0;0;0;0;0;0;0
help to buy and shared equity,"Eligibility, income and price caps",help to buy mortgage finder,0,,0.0,,,keyword planner,
help to buy and shared equity,"Eligibility, income and price caps",help to buy mortgage government,0,,0.0,,,keyword planner,
help to buy and shared equity,"Eligibility, income and price caps",help to buy mortgage how does it work,0,,0.0,,,keyword planner,0;0;0;0;0;0;0;0;0;0;0;0
help to buy and shared equity,"Eligibility, income and price caps",help to buy mortgage in principle,0,,0.0,,,keyword planner,0;0;0;0;0;0;0;0;0;0;0;0
help to buy and shared equity,"Eligibility, income and price caps",help to buy mortgage length,0,,0.0,,,keyword planner,
help to buy and shared equity,"Eligibility, income and price caps",help to buy mortgage no deposit,0,,0.0,,,keyword planner,
help to buy and shared equity,"Eligibility, income and price caps",help to buy mortgage on old properties,0,,0.0,,,keyword planner,
help to buy and shared equity,"Eligibility, income and price caps",help to buy mortgage process,0,,0.0,,,keyword planner,0;0;0;0;0;0;0;0;0;0;0;0
help to buy and shared equity,"Eligibility, income and price caps",help to buy mortgage quote,0,,0.0,,,keyword planner,
help to buy and shared equity,"Eligibility, income and price caps",help to buy mortgage rules,0,,0.0,,,keyword planner,0;0;0;0;0;0;0;0;0;0;0;0
help to buy and shared equity,"Eligibility, income and price caps",help to buy new rules,0,,0.0,,,keyword planner,0;0;0;0;0;0;0;0;0;0;0;0
help to buy and shared equity,"Eligibility, income and price caps",help to buy nhs mortgages,0,,0.0,,,keyword planner,
help to buy and shared equity,"Eligibility, income and price caps",help to buy not first time buyer 2022,0,,0.0,,,keyword planner,
help to buy and shared equity,"Eligibility, income and price caps",help to buy options for first time buyers,0,,0.0,,,keyword planner,
help to buy and shared equity,"Eligibility, income and price caps",help to buy over 50,0,,0.0,,,keyword planner,0;0;0;0;0;0;0;0;0;0;0;0
help to buy and shared equity,"Eligibility, income and price caps",help to buy parents deposit,0,,0.0,,,keyword planner,
help to buy and shared equity,"Eligibility, income and price caps",help to buy regional price caps 2021,0,,0.0,,,keyword planner,
help to buy and shared equity,"Eligibility, income and price caps",help to buy regional price caps map,0,,0.0,,,keyword planner,
help to buy and shared equity,"Eligibility, income and price caps",help to buy rules 2020,0,,0.0,,,keyword planner,
help to buy and shared equity,"Eligibility, income and price caps",help to buy rules 2021,0,,0.0,,,keyword planner,0;0;0;0;0;0;0;0;0;0;0;0
help to buy and shared equity,"Eligibility, income and price caps",help to buy scheme 2021 regional price caps,0,,0.0,,,keyword planner,
help to buy and shared equity,"Eligibility, income and price caps",help to buy scheme 2024 eligibility,0,,,,informational,dataforseo labs,
help to buy and shared equity,"Eligibility, income and price caps",help to buy scheme australia eligibility age,0,,,,commercial,dataforseo labs,
help to buy and shared equity,"Eligibility, income and price caps",help to buy scheme sa eligibility,0,,,,transactional,dataforseo labs,
help to buy and shared equity,"Eligibility, income and price caps",help to buy scheme vic eligibility,0,,,,transactional,dataforseo labs,
help to buy and shared equity,"Eligibility, income and price caps",help to buy sustainability criteria,0,,0.0,,,keyword planner,0;0;0;0;0;0;0;0;0;0;0;0
help to buy and shared equity,"Eligibility, income and price caps",help to buy threshold 2021,0,,0.0,,,keyword planner,
help to buy and shared equity,"Eligibility, income and price caps",help to buy threshold 2022,0,,0.0,,,keyword planner,0;0;0;0;0;0;0;0;0;0;0;0
help to buy and shared equity,"Eligibility, income and price caps",help to buy universal credit,0,,0.0,,,keyword planner,0;0;0;0;0;0;0;0;0;0;0;0
help to buy and shared equity,"Eligibility, income and price caps",help to buy with 5 deposit,0,,0.0,,,keyword planner,0;0;0;0;0;0;0;0;0;0;0;0
help to buy and shared equity,"Eligibility, income and price caps",help to buy without deposit,0,,0.0,,,keyword planner,0;0;0;0;0;0;0;0;0;0;0;0
help to buy and shared equity,"Eligibility, income and price caps",helptobuyagent2,0,,0.0,,,keyword planner,
help to buy and shared equity,"Eligibility, income and price caps",how do i get a help to buy mortgage,0,,0.0,,,keyword planner,0;0;0;0;0;0;0;0;0;0;0;0
help to buy and shared equity,"Eligibility, income and price caps",how does help to buy 5 deposit work,0,,0.0,,,keyword planner,
help to buy and shared equity,"Eligibility, income and price caps",how to get a help to buy mortgage,0,,0.0,,,keyword planner,0;0;0;0;0;0;0;0;0;0;0;0
help to buy and shared equity,"Eligibility, income and price caps",joint mortgage help to buy,0,,0.0,,,keyword planner,
help to buy and shared equity,"Eligibility, income and price caps",kensington mortgages help to buy,0,,0.0,,,keyword planner,
help to buy and shared equity,"Eligibility, income and price caps",max help to buy,0,,0.0,,,keyword planner,0;0;0;0;0;0;0;0;0;0;0;0
help to buy and shared equity,"Eligibility, income and price caps",maximum shared equity loan,0,,0.0,,,keyword planner,0;0;0;0;0;0;0;0;0;0;0;0
help to buy and shared equity,"Eligibility, income and price caps",mortgage advice help to buy,0,,0.0,,,keyword planner,0;0;0;0;0;0;0;0;0;0;0;0
help to buy and shared equity,"Eligibility, income and price caps",mortgage help to buy equity loan,0,,0.0,,,keyword planner,0;0;0;0;0;0;0;0;0;0;0;0
help to buy and shared equity,"Eligibility, income and price caps",mortgage in principle for help to buy,0,,0.0,,,keyword planner,
help to buy and shared equity,"Eligibility, income and price caps",mortgage in principle help to buy,0,,0.0,,,keyword planner,
help to buy and shared equity,"Eligibility, income and price caps",mortgage in principle with help to buy,0,,0.0,,,keyword planner,
help to buy and shared equity,"Eligibility, income and price caps",mortgage providers help to buy,0,,0.0,,,keyword planner,0;0;0;0;0;0;0;0;0;0;0;0
help to buy and shared equity,"Eligibility, income and price caps",mortgage rates help to buy,0,,0.0,,,keyword planner,
help to buy and shared equity,"Eligibility, income and price caps",mortgage rates with help to buy,0,,0.0,,,keyword planner,
help to buy and shared equity,"Eligibility, income and price caps",mortgage to shared equity,0,,0.0,,,keyword planner,
help to buy and shared equity,"Eligibility, income and price caps",mortgage with help to buy equity loan,0,,0.0,,,keyword planner,0;0;0;0;0;0;0;0;0;0;0;0
help to buy and shared equity,"Eligibility, income and price caps",nhs mortgage help to buy,0,,0.0,,,keyword planner,
help to buy and shared equity,"Eligibility, income and price caps",not first time buyer help to buy,0,,0.0,,,keyword planner,0;0;0;0;0;0;0;0;0;0;0;0
help to buy and shared equity,"Eligibility, income and price caps",nsw help to buy scheme eligibility,0,,,,commercial,dataforseo labs,
help to buy and shared equity,"Eligibility, income and price caps",remortgage shared equity mortgages,0,,0.0,,,keyword planner,
help to buy and shared equity,"Eligibility, income and price caps",santander help to buy mortgage,0,,,,informational,dataforseo labs,
help to buy and shared equity,"Eligibility, income and price caps",second time buyer help to buy,0,,0.0,,,keyword planner,0;0;0;0;0;0;0;0;0;0;0;0
help to buy and shared equity,"Eligibility, income and price caps",second time buyers help to buy,0,,0.0,,,keyword planner,0;0;0;0;0;0;0;0;0;0;0;0
help to buy and shared equity,"Eligibility, income and price caps",shared equity for first time buyers,0,,,,informational,dataforseo labs,
help to buy and shared equity,"Eligibility, income and price caps",shared equity mortgage companies,0,,,,commercial,dataforseo labs,
help to buy and shared equity,"Eligibility, income and price caps",shared equity mortgage definition,0,,,,informational,dataforseo labs,
help to buy and shared equity,"Eligibility, income and price caps",shared equity mortgage explained,0,,,,informational,dataforseo labs,
help to buy and shared equity,"Eligibility, income and price caps",shared equity mortgage first time buyers,0,,0.0,,,keyword planner,0;0;0;0;0;0;0;0;0;0;0;0
help to buy and shared equity,"Eligibility, income and price caps",shared equity mortgage parents,0,,,,informational,dataforseo labs,
help to buy and shared equity,"Eligibility, income and price caps",shared equity mortgage provider,0,,0.0,,,keyword planner,0;0;0;0;0;0;0;0;0;0;0;0
help to buy and shared equity,"Eligibility, income and price caps",shared equity mortgage providers,0,,,,informational,dataforseo labs,
help to buy and shared equity,"Eligibility, income and price caps",shared equity mortgage providers fund,0,,,,informational,dataforseo labs,
help to buy and shared equity,"Eligibility, income and price caps",shared equity mortgage rates,0,,,,informational,dataforseo labs,
help to buy and shared equity,"Eligibility, income and price caps",shared equity scheme australia eligibility,0,,,,commercial,dataforseo labs,
help to buy and shared equity,"Eligibility, income and price caps",universal credit help to buy,0,,0.0,,,keyword planner,
help to buy and shared equity,"Eligibility, income and price caps",universal credit help to buy house,0,,0.0,,,keyword planner,
help to buy and shared equity,"Eligibility, income and price caps",what does shared equity mortgage mean,0,,,,informational,dataforseo labs,
help to buy and shared equity,"Eligibility, income and price caps",what is a shared equity mortgage canada,0,,,,informational,dataforseo labs,
help to buy and shared equity,"Eligibility, income and price caps",who is entitled to help to buy,0,,0.0,,,keyword planner,0;0;0;0;0;0;0;0;0;0;0;0
help to buy and shared equity,"Eligibility, income and price caps",work out help to buy mortgage,0,,0.0,,,keyword planner,
help to buy and shared equity,Head terms (help to buy scheme),help to buy scheme,12100,,9.65,LOW,informational,keyword planner,5400;6600;12100;14800;9900;8100;27100;22200;12100;8100;8100;8100
help to buy and shared equity,Head terms (help to buy scheme),help to buy,3600,,9.65,LOW,informational,keyword planner,3600;3600;6600;8100;3600;3600;4400;3600;2900;2400;2400;2900
help to buy and shared equity,Head terms (help to buy scheme),help to buy s,3600,help to buy,9.65,LOW,,keyword planner,3600;3600;6600;8100;3600;3600;4400;3600;2900;2400;2400;2900
help to buy and shared equity,Head terms (help to buy scheme),boost to buy,1300,,11.92,LOW,,keyword planner,1600;1300;1000;2400;1900;1000;1600;1000;720;590;480;480
help to buy and shared equity,Head terms (help to buy scheme),help to buy scheme australia,1300,,9.71,MEDIUM,informational,keyword planner,1000;1000;1600;2400;1000;1000;2400;2400;1300;880;720;880
help to buy and shared equity,Head terms (help to buy scheme),gov help to buy scheme,880,,9.65,LOW,informational,keyword planner,320;390;480;1000;880;880;1600;1300;1300;880;1000;1000
help to buy and shared equity,Head terms (help to buy scheme),government help to buy house scheme,880,gov help to buy scheme,9.65,LOW,,keyword planner,320;390;480;1000;880;880;1600;1300;1300;880;1000;1000
help to buy and shared equity,Head terms (help to buy scheme),government help to buy scheme,880,gov help to buy scheme,9.65,LOW,informational,keyword planner,320;390;480;1000;880;880;1600;1300;1300;880;1000;1000
help to buy and shared equity,Head terms (help to buy scheme),governments help to buy scheme,880,gov help to buy scheme,9.65,LOW,,keyword planner,320;390;480;1000;880;880;1600;1300;1300;880;1000;1000
help to buy and shared equity,Head terms (help to buy scheme),govt help to buy scheme,880,gov help to buy scheme,9.65,LOW,,keyword planner,320;390;480;1000;880;880;1600;1300;1300;880;1000;1000
help to buy and shared equity,Head terms (help to buy scheme),australian government help to buy scheme,590,,12.34,LOW,informational,keyword planner,50;170;320;1000;720;590;1000;1000;880;590;590;590
help to buy and shared equity,Head terms (help to buy scheme),homes help to buy,590,,9.25,MEDIUM,,keyword planner,880;1000;480;480;590;480;720;720;480;390;390;390
help to buy and shared equity,Head terms (help to buy scheme),scheme help to buy,590,,6.2,,informational,dataforseo labs,
help to buy and shared equity,Head terms (help to buy scheme),federal help to buy scheme,140,,9.7,LOW,informational,keyword planner,210;170;140;110;140;140;140;110;170;110;70;90
help to buy and shared equity,Head terms (help to buy scheme),gov help to buy a house,140,,9.49,MEDIUM,,keyword planner,90;110;70;110;140;110;210;210;170;140;90;110
help to buy and shared equity,Head terms (help to buy scheme),government help to buy a home,140,gov help to buy a house,9.49,MEDIUM,,keyword planner,90;110;70;110;140;110;210;210;170;140;90;110
help to buy and shared equity,Head terms (help to buy scheme),government help to buy a house,140,gov help to buy a house,9.49,MEDIUM,informational,keyword planner,90;110;70;110;140;110;210;210;170;140;90;110
help to buy and shared equity,Head terms (help to buy scheme),government help to buy house,140,gov help to buy a house,5.37,,informational,dataforseo labs,
help to buy and shared equity,Head terms (help to buy scheme),australia help to buy scheme,110,help to buy australia,9.73,MEDIUM,informational,keyword planner,50;50;260;140;70;110;170;210;140;70;70;70
help to buy and shared equity,Head terms (help to buy scheme),gov help to buy,110,,9.59,LOW,,keyword planner,50;50;110;140;110;90;140;140;170;110;110;110
help to buy and shared equity,Head terms (help to buy scheme),government help to buy,110,gov help to buy,9.59,LOW,informational,keyword planner,50;50;110;140;110;90;140;140;170;110;110;110
help to buy and shared equity,Head terms (help to buy scheme),govt help to buy,110,gov help to buy,9.59,LOW,,keyword planner,50;50;110;140;110;90;140;140;170;110;110;110
help to buy and shared equity,Head terms (help to buy scheme),help to buy a house,110,help to buy house,10.54,MEDIUM,informational,keyword planner,320;90;70;70;70;70;210;140;90;70;90;50
help to buy and shared equity,Head terms (help to buy scheme),help to buy aus,110,,4.88,,transactional,dataforseo labs,
help to buy and shared equity,Head terms (help to buy scheme),help to buy australia,110,,9.91,LOW,commercial,keyword planner,140;110;390;140;70;70;70;70;90;50;70;50
help to buy and shared equity,Head terms (help to buy scheme),help to buy house,110,,10.54,MEDIUM,informational,keyword planner,320;90;70;70;70;70;210;140;90;70;90;50
help to buy and shared equity,Head terms (help to buy scheme),federal government help to buy scheme,90,,9.77,LOW,informational,keyword planner,140;90;90;90;90;70;140;90;90;90;90;70
help to buy and shared equity,Head terms (help to buy scheme),help to buy program,90,,9.67,MEDIUM,informational,keyword planner,140;90;110;90;110;140;110;50;70;50;50;50
help to buy and shared equity,Head terms (help to buy scheme),australian help to buy scheme,70,how does a help to buy scheme work,5.11,,informational,dataforseo labs,
help to buy and shared equity,Head terms (help to buy scheme),help to buy gov scheme,70,,15.21,LOW,informational,keyword planner,70;70;40;70;70;70;90;70;70;50;50;90
help to buy and shared equity,Head terms (help to buy scheme),help to buy government scheme,70,help to buy gov scheme,15.21,LOW,informational,keyword planner,70;70;40;70;70;70;90;70;70;50;50;90
help to buy and shared equity,Head terms (help to buy scheme),help to buy govt scheme,70,help to buy gov scheme,15.21,LOW,,keyword planner,70;70;40;70;70;70;90;70;70;50;50;90
help to buy and shared equity,Head terms (help to buy scheme),2 help to buy scheme,50,,8.34,,transactional,dataforseo labs,
help to buy and shared equity,Head terms (help to buy scheme),first home buyers help to buy scheme,50,,3.8,,informational,dataforseo labs,
help to buy and shared equity,Head terms (help to buy scheme),government co ownership scheme,50,,6.55,LOW,,keyword planner,50;50;40;50;50;40;50;50;70;40;50;70
help to buy and shared equity,Head terms (help to buy scheme),help to buy a house scheme,50,help to buy home scheme,6.07,,informational,dataforseo labs,
help to buy and shared equity,Head terms (help to buy scheme),help to buy home scheme,50,,9.57,MEDIUM,informational,keyword planner,30;20;40;70;50;40;90;110;40;30;40;30
help to buy and shared equity,Head terms (help to buy scheme),help to buy house scheme,50,help to buy home scheme,9.57,MEDIUM,informational,keyword planner,30;20;40;70;50;40;90;110;40;30;40;30
help to buy and shared equity,Head terms (help to buy scheme),help to buy housing scheme,50,help to buy home scheme,9.57,MEDIUM,transactional,keyword planner,30;20;40;70;50;40;90;110;40;30;40;30
help to buy and shared equity,Head terms (help to buy scheme),how to register for help to buy scheme,50,how to apply for help to buy scheme,15.21,MEDIUM,,keyword planner,40;20;70;70;50;50;70;70;70;50;70;50
help to buy and shared equity,Head terms (help to buy scheme),the help to buy scheme,50,,9.63,MEDIUM,informational,keyword planner,10;20;30;30;20;30;210;140;50;30;20;20
help to buy and shared equity,Head terms (help to buy scheme),australian government help to buy,40,,15.21,LOW,transactional,keyword planner,0;0;30;50;50;40;50;50;50;30;30;40
help to buy and shared equity,Head terms (help to buy scheme),help to buy car,40,,5.3,,transactional,dataforseo labs,
help to buy and shared equity,Head terms (help to buy scheme),government 40 help to buy,30,,0.0,LOW,informational,keyword planner,10;10;10;10;10;10;90;90;20;10;10;30
help to buy and shared equity,Head terms (help to buy scheme),the help to buy scheme australia,30,,3.24,,transactional,dataforseo labs,
help to buy and shared equity,Head terms (help to buy scheme),australia help to buy,20,,6.08,,informational,dataforseo labs,
help to buy and shared equity,Head terms (help to buy scheme),federal government help to buy,20,help to buy gov,,,informational,dataforseo labs,
help to buy and shared equity,Head terms (help to buy scheme),first home help to buy scheme,20,,2.56,,informational,dataforseo labs,
help to buy and shared equity,Head terms (help to buy scheme),government share house scheme,20,,4.7,MEDIUM,,keyword planner,10;10;10;10;10;10;10;20;30;20;20;10
help to buy and shared equity,Head terms (help to buy scheme),government shared home ownership scheme,20,,9.67,LOW,,keyword planner,10;10;10;20;20;10;20;30;30;40;20;20
help to buy and shared equity,Head terms (help to buy scheme),help to buy app,20,,33.97,MEDIUM,,keyword planner,10;10;20;90;50;10;20;10;20;20;10;20
help to buy and shared equity,Head terms (help to buy scheme),help to buy caps,20,help to buy gov,0.0,LOW,informational,keyword planner,10;20;20;20;20;20;30;30;20;20;30;20
help to buy and shared equity,Head terms (help to buy scheme),help to buy from government,20,help to buy gov,0.0,LOW,,keyword planner,10;10;20;40;10;20;20;20;10;20;10;10
help to buy and shared equity,Head terms (help to buy scheme),help to buy gov,20,,0.0,LOW,transactional,keyword planner,10;10;20;40;10;20;20;20;10;20;10;10
help to buy and shared equity,Head terms (help to buy scheme),help to buy government,20,help to buy gov,0.0,LOW,transactional,keyword planner,10;10;20;40;10;20;20;20;10;20;10;10
help to buy and shared equity,Head terms (help to buy scheme),help to buy home,20,helptobuy homes,7.93,MEDIUM,informational,keyword planner,10;20;10;20;20;10;20;40;20;10;20;10
help to buy and shared equity,Head terms (help to buy scheme),help to buy homes,20,helptobuy homes,7.93,MEDIUM,informational,keyword planner,10;20;10;20;20;10;20;40;20;10;20;10
help to buy and shared equity,Head terms (help to buy scheme),help to buy portal,20,help to buy gov,,,informational,dataforseo labs,
help to buy and shared equity,Head terms (help to buy scheme),help to buy program directions,20,help to buy gov,,,transactional,dataforseo labs,
help to buy and shared equity,Head terms (help to buy scheme),help to buy scheme federal government,20,help to buy gov,,,transactional,dataforseo labs,
help to buy and shared equity,Head terms (help to buy scheme),help to buy scheme gov,20,help to buy gov,0.0,LOW,transactional,keyword planner,10;10;20;20;20;20;30;30;20;20;10;20
help to buy and shared equity,Head terms (help to buy scheme),helptobuy homes,20,,7.93,MEDIUM,,keyword planner,10;20;10;20;20;10;20;40;20;10;20;10
help to buy and shared equity,Head terms (help to buy scheme),register for help to buy,20,apply to help to buy,34.19,MEDIUM,transactional,keyword planner,10;20;20;40;20;10;10;10;20;10;20;10
help to buy and shared equity,Head terms (help to buy scheme),shared ownership australia,20,,0.0,LOW,,keyword planner,20;20;10;20;30;20;10;20;30;10;20;10
help to buy and shared equity,Head terms (help to buy scheme),20 help to buy scheme,10,5 help to buy,0.0,,,keyword planner,0;0;0;0;0;10;0;10;0;10;0;0
help to buy and shared equity,Head terms (help to buy scheme),2022 help to buy scheme,10,5 help to buy,0.0,LOW,,keyword planner,0;0;0;0;0;0;10;0;0;0;0;10
help to buy and shared equity,Head terms (help to buy scheme),25 government help to buy,10,5 help to buy,0.0,,informational,keyword planner,10;10;0;0;10;0;0;0;10;10;10;0
help to buy and shared equity,Head terms (help to buy scheme),25 help to buy,10,5 help to buy,0.0,,,keyword planner,0;0;0;0;0;0;0;0;0;0;10;0
help to buy and shared equity,Head terms (help to buy scheme),25 help to buy scheme,10,5 help to buy,0.0,,,keyword planner,0;0;0;0;10;0;0;10;0;0;10;0
help to buy and shared equity,Head terms (help to buy scheme),30 help to buy,10,5 help to buy,0.0,LOW,,keyword planner,0;10;10;10;10;0;10;0;10;10;10;10
help to buy and shared equity,Head terms (help to buy scheme),40 help to buy,10,5 help to buy,0.0,MEDIUM,,keyword planner,0;0;10;10;10;10;10;10;10;0;10;10
help to buy and shared equity,Head terms (help to buy scheme),40 help to buy scheme,10,5 help to buy,0.0,LOW,,keyword planner,0;0;10;0;0;10;10;10;10;10;10;10
help to buy and shared equity,Head terms (help to buy scheme),40 percent help to buy,10,5 help to buy,0.0,,,keyword planner,0;0;0;10;10;0;10;0;0;0;0;0
help to buy and shared equity,Head terms (help to buy scheme),5 help to buy,10,,0.0,MEDIUM,,keyword planner,10;10;10;10;10;10;10;10;10;0;10;10
help to buy and shared equity,Head terms (help to buy scheme),5 help to buy scheme,10,5 help to buy,10.46,MEDIUM,informational,keyword planner,10;20;10;10;10;10;10;10;20;10;10;10
help to buy and shared equity,Head terms (help to buy scheme),5 percent help to buy scheme,10,5 help to buy,0.0,,transactional,keyword planner,10;0;10;10;0;10;0;0;0;10;0;0
help to buy and shared equity,Head terms (help to buy scheme),about help to buy,10,5 help to buy,0.0,,,keyword planner,0;0;0;0;0;0;10;0;0;0;0;0
help to buy and shared equity,Head terms (help to buy scheme),about help to buy scheme,10,5 help to buy,0.0,,,keyword planner,10;0;0;0;0;10;0;0;0;0;0;0
help to buy and shared equity,Head terms (help to buy scheme),adf help to buy a home,10,,4.5,,informational,dataforseo labs,
help to buy and shared equity,Head terms (help to buy scheme),alp help to buy,10,5 help to buy,0.0,,transactional,keyword planner,10;10;10;0;0;10;0;0;0;0;0;0
help to buy and shared equity,Head terms (help to buy scheme),are there any help to buy schemes,10,5 help to buy,0.0,,commercial,keyword planner,10;0;0;0;10;0;0;0;10;0;0;0
help to buy and shared equity,Head terms (help to buy scheme),australia help to buy scheme expansion,10,5 help to buy,,,transactional,dataforseo labs,
help to buy and shared equity,Head terms (help to buy scheme),barclays help to buy,10,5 help to buy,,,commercial,dataforseo labs,
help to buy and shared equity,Head terms (help to buy scheme),best help to buy schemes,10,5 help to buy,0.0,,,keyword planner,0;0;10;0;0;0;0;0;0;0;0;0
help to buy and shared equity,Head terms (help to buy scheme),best way to pay off help to buy,10,5 help to buy,0.0,,,keyword planner,0;0;0;0;10;0;0;0;0;0;0;0
help to buy and shared equity,Head terms (help to buy scheme),british army help to buy,10,5 help to buy,0.0,,,keyword planner,0;10;0;0;0;0;0;0;0;0;0;0
help to buy and shared equity,Head terms (help to buy scheme),builders help to buy scheme,10,5 help to buy,0.0,MEDIUM,informational,keyword planner,0;0;0;0;0;0;0;10;10;0;0;10
help to buy and shared equity,Head terms (help to buy scheme),buy a house help to buy,10,5 help to buy,0.0,,,keyword planner,0;10;0;0;0;0;0;0;0;10;0;0
help to buy and shared equity,Head terms (help to buy scheme),buy help to buy,10,5 help to buy,0.0,,,keyword planner,0;0;0;10;0;0;0;0;0;0;0;0
help to buy and shared equity,Head terms (help to buy scheme),buy house help to buy,10,5 help to buy,0.0,,,keyword planner,0;0;0;0;0;0;0;0;0;0;10;0
help to buy and shared equity,Head terms (help to buy scheme),buying a house with help to buy,10,5 help to buy,0.0,,,keyword planner,10;0;10;10;0;0;0;0;10;10;0;0
help to buy and shared equity,Head terms (help to buy scheme),buying out help to buy,10,5 help to buy,0.0,,,keyword planner,0;0;0;0;0;0;10;10;10;0;10;0
help to buy and shared equity,Head terms (help to buy scheme),can i get government help to buy a house,10,,15.47,,informational,dataforseo labs,
help to buy and shared equity,Head terms (help to buy scheme),can i get help to buy a house,10,5 help to buy,0.0,,informational,keyword planner,10;0;0;0;0;0;0;0;0;10;0;0
help to buy and shared equity,Head terms (help to buy scheme),can i get help to buy an electric bike,10,5 help to buy,,,informational,dataforseo labs,
help to buy and shared equity,Head terms (help to buy scheme),can i get help to buy an electric car,10,5 help to buy,,,informational,dataforseo labs,
help to buy and shared equity,Head terms (help to buy scheme),can i get help to buy furniture,10,5 help to buy,,,informational,dataforseo labs,
help to buy and shared equity,Head terms (help to buy scheme),can you airbnb help to buy,10,5 help to buy,,,informational,dataforseo labs,
help to buy and shared equity,Head terms (help to buy scheme),can you do help to buy twice,10,5 help to buy,,,transactional,dataforseo labs,
help to buy and shared equity,Head terms (help to buy scheme),can you let a help to buy property,10,5 help to buy,,,informational,dataforseo labs,
help to buy and shared equity,Head terms (help to buy scheme),conveyancing help to buy,10,5 help to buy,,,informational,dataforseo labs,
help to buy and shared equity,Head terms (help to buy scheme),current help to buy scheme,10,5 help to buy,0.0,,,keyword planner,0;0;0;0;0;0;10;0;0;0;0;0
help to buy and shared equity,Head terms (help to buy scheme),current help to buy schemes,10,5 help to buy,0.0,,,keyword planner,0;0;0;0;0;0;10;0;0;0;0;0
help to buy and shared equity,Head terms (help to buy scheme),different help to buy schemes,10,5 help to buy,0.0,LOW,informational,keyword planner,0;0;0;0;0;0;0;0;10;0;0;10
help to buy and shared equity,Head terms (help to buy scheme),does the help to buy scheme still exist,10,,1.12,,commercial,dataforseo labs,
help to buy and shared equity,Head terms (help to buy scheme),drawbacks of help to buy,10,5 help to buy,0.0,LOW,,keyword planner,0;0;10;10;10;10;10;10;10;10;10;10
help to buy and shared equity,Head terms (help to buy scheme),equity help to buy,10,5 help to buy,0.0,,,keyword planner,10;0;0;0;10;0;10;0;0;0;10;0
help to buy and shared equity,Head terms (help to buy scheme),equity help to buy loan,10,5 help to buy,0.0,,,keyword planner,0;0;0;0;0;0;10;0;0;0;0;0
help to buy and shared equity,Head terms (help to buy scheme),equity loan help to buy,10,5 help to buy,0.0,LOW,commercial,keyword planner,0;0;0;0;0;0;0;10;0;10;0;10
help to buy and shared equity,Head terms (help to buy scheme),equity loans help to buy,10,5 help to buy,,,commercial,dataforseo labs,
help to buy and shared equity,Head terms (help to buy scheme),extension of help to buy scheme,10,5 help to buy,0.0,,,keyword planner,10;0;0;0;0;0;10;0;10;0;10;0
help to buy and shared equity,Head terms (help to buy scheme),federal help to buy a house,10,5 help to buy,0.0,,,keyword planner,0;0;0;0;10;0;0;0;0;0;0;0
help to buy and shared equity,Head terms (help to buy scheme),financial help to buy a home,10,5 help to buy,0.0,,informational,keyword planner,10;10;10;10;0;10;0;0;10;0;10;0
help to buy and shared equity,Head terms (help to buy scheme),financial help to buy a house,10,5 help to buy,0.0,,informational,keyword planner,10;10;10;10;0;10;0;0;10;0;10;0
help to buy and shared equity,Head terms (help to buy scheme),find a help to buy home,10,5 help to buy,0.0,HIGH,,keyword planner,0;0;0;0;10;0;0;0;0;0;0;10
help to buy and shared equity,Head terms (help to buy scheme),find help to buy homes,10,5 help to buy,0.0,HIGH,,keyword planner,0;0;0;0;10;0;0;0;0;0;0;10
help to buy and shared equity,Head terms (help to buy scheme),find help to buy properties,10,5 help to buy,0.0,,commercial,keyword planner,0;0;0;10;0;0;0;10;0;0;0;0
help to buy and shared equity,Head terms (help to buy scheme),first home buyer help to buy,10,5 help to buy,,,transactional,dataforseo labs,
help to buy and shared equity,Head terms (help to buy scheme),first home help to buy,10,5 help to buy,0.0,LOW,informational,keyword planner,10;0;0;10;10;10;10;10;10;10;10;10
help to buy and shared equity,Head terms (help to buy scheme),get help to buy a house,10,5 help to buy,0.0,,informational,keyword planner,0;0;10;10;10;10;10;10;10;0;0;0
help to buy and shared equity,Head terms (help to buy scheme),gov help to buy equity loan,10,5 help to buy,0.0,,,keyword planner,0;0;0;0;10;0;10;10;0;0;0;0
help to buy and shared equity,Head terms (help to buy scheme),gov help to buy loan,10,5 help to buy,0.0,LOW,,keyword planner,0;0;0;10;10;10;10;0;0;0;10;10
help to buy and shared equity,Head terms (help to buy scheme),government 20 help to buy scheme,10,5 help to buy,0.0,,,keyword planner,0;0;0;0;0;0;0;0;10;10;0;0
help to buy and shared equity,Head terms (help to buy scheme),government backed help to buy scheme,10,5 help to buy,0.0,,,keyword planner,0;0;10;0;0;10;0;0;10;10;0;0
help to buy and shared equity,Head terms (help to buy scheme),government contribution for first home buyers,10,,7.81,MEDIUM,,keyword planner,10;10;10;10;10;10;10;20;20;10;10;20
help to buy and shared equity,Head terms (help to buy scheme),government help to buy 40 percent,10,5 help to buy,0.0,LOW,informational,keyword planner,10;0;10;0;10;10;20;10;10;10;10;10
help to buy and shared equity,Head terms (help to buy scheme),government help to buy a house australia,10,5 help to buy,0.0,LOW,informational,keyword planner,10;10;10;10;10;10;10;10;10;10;10;10
help to buy and shared equity,Head terms (help to buy scheme),government help to buy car,10,5 help to buy,,,informational,dataforseo labs,
help to buy and shared equity,Head terms (help to buy scheme),government help to buy first home,10,,8.56,MEDIUM,,keyword planner,10;10;10;10;10;10;10;10;10;10;10;10
help to buy and shared equity,Head terms (help to buy scheme),government help to buy first house,10,5 help to buy,0.0,,,keyword planner,10;10;0;10;10;0;10;0;0;0;0;0
help to buy and shared equity,Head terms (help to buy scheme),government help to buy property,10,5 help to buy,0.0,LOW,,keyword planner,10;10;10;10;10;10;10;10;10;10;10;10
help to buy and shared equity,Head terms (help to buy scheme),government help to buy scheme 2020,10,5 help to buy,0.0,,,keyword planner,10;0;0;0;0;0;0;0;0;0;10;0
help to buy and shared equity,Head terms (help to buy scheme),government help to buy scheme 2023,10,5 help to buy,0.0,,informational,keyword planner,10;0;0;0;0;0;0;0;0;0;0;0
help to buy and shared equity,Head terms (help to buy scheme),government help to buy scheme 2024,10,5 help to buy,,,informational,dataforseo labs,
help to buy and shared equity,Head terms (help to buy scheme),government help to buy scheme australia,10,5 help to buy,12.47,LOW,informational,keyword planner,10;10;10;10;10;10;10;10;10;10;10;20
help to buy and shared equity,Head terms (help to buy scheme),government house help to buy scheme,10,5 help to buy,0.0,LOW,,keyword planner,10;10;10;10;10;10;10;10;10;10;10;10
help to buy and shared equity,Head terms (help to buy scheme),government housing help to buy,10,5 help to buy,,,informational,dataforseo labs,
help to buy and shared equity,Head terms (help to buy scheme),government loan help to buy,10,5 help to buy,0.0,,,keyword planner,0;0;0;0;0;0;0;0;10;10;0;0
help to buy and shared equity,Head terms (help to buy scheme),government new help to buy scheme,10,5 help to buy,0.0,,,keyword planner,0;10;10;10;10;10;10;10;0;10;0;0
help to buy and shared equity,Head terms (help to buy scheme),government scheme help to buy,10,5 help to buy,11.53,LOW,informational,keyword planner,10;10;10;10;10;10;20;30;10;10;10;20
help to buy and shared equity,Head terms (help to buy scheme),guarantor help to buy,10,5 help to buy,0.0,LOW,,keyword planner,0;0;0;0;0;0;0;10;0;0;0;10
help to buy and shared equity,Head terms (help to buy scheme),hca help to buy,10,5 help to buy,0.0,,informational,keyword planner,0;0;0;0;0;0;0;0;10;0;0;0
help to buy and shared equity,Head terms (help to buy scheme),help to buy 10,10,5 help to buy,0.0,MEDIUM,,keyword planner,0;0;0;0;0;0;0;0;0;0;0;10
help to buy and shared equity,Head terms (help to buy scheme),help to buy 2022,10,5 help to buy,0.0,,informational,keyword planner,0;10;0;10;0;0;0;0;0;0;0;0
help to buy and shared equity,Head terms (help to buy scheme),help to buy 2023,10,5 help to buy,0.0,,informational,keyword planner,0;10;10;0;0;0;10;0;0;10;0;0
help to buy and shared equity,Head terms (help to buy scheme),help to buy 2024,10,5 help to buy,0.0,,informational,keyword planner,0;10;10;10;0;10;10;10;10;0;0;0
help to buy and shared equity,Head terms (help to buy scheme),help to buy 25,10,5 help to buy,0.0,,transactional,keyword planner,0;10;0;0;0;0;0;0;10;10;0;0
help to buy and shared equity,Head terms (help to buy scheme),help to buy 250000,10,5 help to buy,0.0,,,keyword planner,0;0;0;10;0;0;0;0;0;0;0;0
help to buy and shared equity,Head terms (help to buy scheme),help to buy 2nd hand homes,10,5 help to buy,0.0,,informational,keyword planner,0;10;0;0;0;0;0;10;0;0;0;0
help to buy and shared equity,Head terms (help to buy scheme),help to buy 2nd home,10,5 help to buy,0.0,HIGH,informational,keyword planner,10;10;0;0;10;0;0;10;0;0;0;10
help to buy and shared equity,Head terms (help to buy scheme),help to buy 2nd time buyers,10,5 help to buy,0.0,,,keyword planner,0;0;0;0;0;0;0;0;0;10;0;0
help to buy and shared equity,Head terms (help to buy scheme),help to buy 3,10,5 help to buy,,,transactional,dataforseo labs,
help to buy and shared equity,Head terms (help to buy scheme),help to buy 30,10,5 help to buy,0.0,LOW,,keyword planner,10;10;10;10;10;10;10;10;10;10;10;10
help to buy and shared equity,Head terms (help to buy scheme),help to buy 30 discount,10,5 help to buy,0.0,LOW,,keyword planner,0;0;0;0;0;0;0;0;10;0;0;10
help to buy and shared equity,Head terms (help to buy scheme),help to buy 40,10,5 help to buy,0.0,LOW,informational,keyword planner,10;10;10;10;10;10;20;10;10;10;10;10
help to buy and shared equity,Head terms (help to buy scheme),help to buy 40 equity loan,10,5 help to buy,0.0,LOW,transactional,keyword planner,0;0;10;0;0;0;10;0;0;10;10;10
help to buy and shared equity,Head terms (help to buy scheme),help to buy 40 percent,10,5 help to buy,0.0,,,keyword planner,0;0;0;0;0;0;10;0;10;0;0;0
help to buy and shared equity,Head terms (help to buy scheme),help to buy 5,10,5 help to buy,55.37,HIGH,,keyword planner,10;10;10;10;0;10;10;10;10;10;10;20
help to buy and shared equity,Head terms (help to buy scheme),help to buy 5 percent,10,5 help to buy,0.0,HIGH,,keyword planner,0;0;10;0;0;0;0;0;0;0;0;10
help to buy and shared equity,Head terms (help to buy scheme),help to buy 50,10,5 help to buy,0.0,,,keyword planner,0;0;0;0;0;0;0;10;0;0;0;0
help to buy and shared equity,Head terms (help to buy scheme),help to buy a car,10,5 help to buy,,,transactional,dataforseo labs,
help to buy and shared equity,Head terms (help to buy scheme),help to buy a first home,10,5 help to buy,3.88,,informational,dataforseo labs,
help to buy and shared equity,Head terms (help to buy scheme),help to buy a home,10,,2.56,,informational,dataforseo labs,
help to buy and shared equity,Head terms (help to buy scheme),help to buy a house for teachers,10,,5.13,,informational,dataforseo labs,
help to buy and shared equity,Head terms (help to buy scheme),help to buy a house government,10,5 help to buy,0.0,,informational,keyword planner,10;0;10;10;10;0;10;10;10;10;10;0
help to buy and shared equity,Head terms (help to buy scheme),help to buy a mobility scooter,10,5 help to buy,,,transactional,dataforseo labs,
help to buy and shared equity,Head terms (help to buy scheme),help to buy account,10,5 help to buy,0.0,,,keyword planner,10;10;0;10;10;0;10;10;0;10;10;0
help to buy and shared equity,Head terms (help to buy scheme),help to buy account number,10,5 help to buy,0.0,,,keyword planner,10;0;0;0;0;0;0;0;0;0;0;0
help to buy and shared equity,Head terms (help to buy scheme),help to buy address,10,5 help to buy,0.0,,,keyword planner,0;0;0;0;10;0;0;0;0;0;0;0
help to buy and shared equity,Head terms (help to buy scheme),help to buy advice,10,5 help to buy,0.0,HIGH,commercial,keyword planner,0;0;0;0;10;0;10;0;10;0;0;10
help to buy and shared equity,Head terms (help to buy scheme),help to buy advice line,10,5 help to buy,0.0,,,keyword planner,0;0;0;0;0;10;0;0;0;0;0;0
help to buy and shared equity,Head terms (help to buy scheme),help to buy advisor,10,5 help to buy,0.0,,,keyword planner,0;0;0;0;10;0;0;10;0;0;10;0
help to buy and shared equity,Head terms (help to buy scheme),help to buy alternative,10,5 help to buy,0.0,LOW,,keyword planner,0;10;0;0;0;0;0;10;10;0;0;10
help to buy and shared equity,Head terms (help to buy scheme),help to buy amount,10,5 help to buy,0.0,LOW,informational,keyword planner,0;0;0;10;0;0;0;0;0;0;0;10
help to buy and shared equity,Head terms (help to buy scheme),help to buy and lisa,10,5 help to buy,,,navigational,dataforseo labs,
help to buy and shared equity,Head terms (help to buy scheme),help to buy announcement,10,5 help to buy,0.0,,,keyword planner,10;10;20;10;0;0;0;0;0;0;0;0
help to buy and shared equity,Head terms (help to buy scheme),help to buy areas,10,5 help to buy,0.0,LOW,,keyword planner,0;0;0;10;10;10;10;10;10;0;10;10
help to buy and shared equity,Head terms (help to buy scheme),help to buy assessment,10,5 help to buy,0.0,,,keyword planner,0;0;0;0;0;0;10;0;10;0;0;0
help to buy and shared equity,Head terms (help to buy scheme),help to buy auction property,10,5 help to buy,,,transactional,dataforseo labs,
help to buy and shared equity,Head terms (help to buy scheme),help to buy australian government,10,5 help to buy,,,transactional,dataforseo labs,
help to buy and shared equity,Head terms (help to buy scheme),help to buy authority to complete,10,5 help to buy,0.0,,,keyword planner,0;0;0;0;0;0;0;0;10;0;0;0
help to buy and shared equity,Head terms (help to buy scheme),help to buy barclays,10,5 help to buy,,,commercial,dataforseo labs,
help to buy and shared equity,Head terms (help to buy scheme),help to buy birmingham,10,5 help to buy,,,commercial,dataforseo labs,
help to buy and shared equity,Head terms (help to buy scheme),help to buy bonus,10,5 help to buy,,,informational,dataforseo labs,
help to buy and shared equity,Head terms (help to buy scheme),help to buy bristol,10,5 help to buy,,,informational,dataforseo labs,
help to buy and shared equity,Head terms (help to buy scheme),help to buy builders,10,5 help to buy,0.0,HIGH,commercial,keyword planner,0;0;0;10;10;10;10;0;10;20;10;10
help to buy and shared equity,Head terms (help to buy scheme),help to buy c,10,5 help to buy,0.0,LOW,,keyword planner,0;0;0;10;0;0;0;0;10;0;0;10
help to buy and shared equity,Head terms (help to buy scheme),help to buy cal,10,5 help to buy,0.0,LOW,,keyword planner,0;0;0;0;0;10;0;0;0;0;0;10
help to buy and shared equity,Head terms (help to buy scheme),help to buy call,10,5 help to buy,,,transactional,dataforseo labs,
help to buy and shared equity,Head terms (help to buy scheme),help to buy can i rent,10,5 help to buy,0.0,,,keyword planner,0;0;0;0;10;0;0;0;0;0;0;0
help to buy and shared equity,Head terms (help to buy scheme),help to buy can i rent it out,10,5 help to buy,0.0,,,keyword planner,0;0;0;0;0;10;0;10;10;0;0;0
help to buy and shared equity,Head terms (help to buy scheme),help to buy can i rent my house,10,5 help to buy,0.0,,,keyword planner,10;0;0;10;0;0;0;0;0;0;10;0
help to buy and shared equity,Head terms (help to buy scheme),help to buy cardiff,10,5 help to buy,,,transactional,dataforseo labs,
help to buy and shared equity,Head terms (help to buy scheme),help to buy case study,10,5 help to buy,,,transactional,dataforseo labs,
help to buy and shared equity,Head terms (help to buy scheme),help to buy charges,10,5 help to buy,0.0,,,keyword planner,0;0;0;10;0;0;10;10;0;0;10;0
help to buy and shared equity,Head terms (help to buy scheme),help to buy christmas presents,10,5 help to buy,,,informational,dataforseo labs,
help to buy and shared equity,Head terms (help to buy scheme),help to buy closed,10,5 help to buy,0.0,,,keyword planner,10;0;0;10;0;0;10;0;0;0;0;0
help to buy and shared equity,Head terms (help to buy scheme),help to buy closing statement,10,5 help to buy,0.0,,,keyword planner,0;0;0;0;0;0;10;0;0;0;0;0
help to buy and shared equity,Head terms (help to buy scheme),help to buy com,10,5 help to buy,0.0,,,keyword planner,0;0;10;10;10;10;10;10;0;0;0;0
help to buy and shared equity,Head terms (help to buy scheme),help to buy commercial property,10,5 help to buy,,,transactional,dataforseo labs,
help to buy and shared equity,Head terms (help to buy scheme),help to buy company,10,5 help to buy,0.0,,,keyword planner,0;0;0;10;0;0;0;0;0;0;0;0
help to buy and shared equity,Head terms (help to buy scheme),help to buy consent to let,10,5 help to buy,,,transactional,dataforseo labs,
help to buy and shared equity,Head terms (help to buy scheme),help to buy contract,10,5 help to buy,0.0,LOW,,keyword planner,0;0;0;0;10;0;10;0;10;10;10;10
help to buy and shared equity,Head terms (help to buy scheme),help to buy contribution,10,5 help to buy,0.0,LOW,,keyword planner,10;10;0;10;10;10;10;10;10;0;0;10
help to buy and shared equity,Head terms (help to buy scheme),help to buy conveyancing,10,5 help to buy,24.58,HIGH,transactional,keyword planner,0;0;10;0;10;10;10;10;10;10;10;10
help to buy and shared equity,Head terms (help to buy scheme),help to buy conveyancing fees,10,5 help to buy,,,transactional,dataforseo labs,
help to buy and shared equity,Head terms (help to buy scheme),help to buy cost,10,5 help to buy,0.0,,,keyword planner,0;10;0;0;0;10;0;10;10;0;10;0
help to buy and shared equity,Head terms (help to buy scheme),help to buy cpi,10,5 help to buy,0.0,,,keyword planner,0;0;0;0;10;10;0;0;0;0;0;0
help to buy and shared equity,Head terms (help to buy scheme),help to buy customer service,10,5 help to buy,0.0,LOW,,keyword planner,0;0;0;10;0;10;10;10;10;0;0;10
help to buy and shared equity,Head terms (help to buy scheme),help to buy data,10,5 help to buy,0.0,LOW,,keyword planner,0;0;0;0;0;0;0;10;10;0;0;10
help to buy and shared equity,Head terms (help to buy scheme),help to buy deal,10,5 help to buy,0.0,,,keyword planner,0;0;0;0;0;0;10;0;0;0;0;0
help to buy and shared equity,Head terms (help to buy scheme),help to buy definition,10,5 help to buy,0.0,LOW,,keyword planner,0;0;10;0;10;0;0;0;0;0;10;10
help to buy and shared equity,Head terms (help to buy scheme),help to buy delays,10,5 help to buy,0.0,,,keyword planner,10;0;10;10;0;0;0;0;0;10;10;0
help to buy and shared equity,Head terms (help to buy scheme),help to buy double glazing,10,5 help to buy,,,transactional,dataforseo labs,
help to buy and shared equity,Head terms (help to buy scheme),help to buy drawbacks,10,5 help to buy,0.0,LOW,,keyword planner,0;0;10;10;10;10;10;10;10;10;10;10
help to buy and shared equity,Head terms (help to buy scheme),help to buy e,10,5 help to buy,0.0,,,keyword planner,0;0;0;10;0;0;0;0;0;10;0;0
help to buy and shared equity,Head terms (help to buy scheme),help to buy ealing,10,5 help to buy,,,transactional,dataforseo labs,
help to buy and shared equity,Head terms (help to buy scheme),help to buy east midlands,10,5 help to buy,0.0,,,keyword planner,0;0;0;0;10;0;0;0;0;0;0;0
help to buy and shared equity,Head terms (help to buy scheme),help to buy electric bike,10,5 help to buy,,,transactional,dataforseo labs,
help to buy and shared equity,Head terms (help to buy scheme),help to buy electric car,10,5 help to buy,,,transactional,dataforseo labs,
help to buy and shared equity,Head terms (help to buy scheme),help to buy email,10,5 help to buy,0.0,LOW,,keyword planner,0;0;0;0;10;10;0;10;10;10;0;10
help to buy and shared equity,Head terms (help to buy scheme),help to buy email address,10,5 help to buy,0.0,,,keyword planner,0;0;0;10;0;0;10;10;10;10;0;0
help to buy and shared equity,Head terms (help to buy scheme),help to buy enfield,10,5 help to buy,,,transactional,dataforseo labs,
help to buy and shared equity,Head terms (help to buy scheme),help to buy equity,10,5 help to buy,0.0,LOW,,keyword planner,10;10;10;10;10;10;10;10;10;10;10;10
help to buy and shared equity,Head terms (help to buy scheme),help to buy equity loan,10,5 help to buy,0.0,,transactional,keyword planner,10;10;10;10;10;10;10;10;10;0;10;0
help to buy and shared equity,Head terms (help to buy scheme),help to buy equity loan 2021 to 2023,10,5 help to buy,0.0,,,keyword planner,0;10;0;0;0;0;0;0;0;0;0;0
help to buy and shared equity,Head terms (help to buy scheme),help to buy equity loan replacement,10,5 help to buy,0.0,,transactional,keyword planner,0;0;10;0;0;0;0;0;0;0;0;0
help to buy and shared equity,Head terms (help to buy scheme),help to buy equity loan scheme,10,5 help to buy,0.0,LOW,transactional,keyword planner,10;10;0;10;10;0;0;0;10;10;0;10
help to buy and shared equity,Head terms (help to buy scheme),help to buy equity scheme,10,5 help to buy,0.0,LOW,,keyword planner,30;10;20;20;20;10;10;10;10;10;10;20
help to buy and shared equity,Head terms (help to buy scheme),help to buy equity share,10,5 help to buy,0.0,LOW,,keyword planner,0;10;0;10;10;10;0;10;0;0;10;10
help to buy and shared equity,Head terms (help to buy scheme),help to buy experience,10,5 help to buy,0.0,LOW,,keyword planner,0;0;0;0;10;10;0;0;0;10;10;10
help to buy and shared equity,Head terms (help to buy scheme),help to buy extension,10,5 help to buy,0.0,LOW,transactional,keyword planner,0;0;10;10;10;10;10;10;10;10;10;10
help to buy and shared equity,Head terms (help to buy scheme),help to buy fee,10,5 help to buy,0.0,,,keyword planner,0;0;0;10;0;0;10;10;0;0;10;0
help to buy and shared equity,Head terms (help to buy scheme),help to buy fees,10,5 help to buy,,,informational,dataforseo labs,
help to buy and shared equity,Head terms (help to buy scheme),help to buy figures,10,5 help to buy,0.0,,,keyword planner,0;0;0;0;0;10;0;0;0;0;0;0
help to buy and shared equity,Head terms (help to buy scheme),help to buy finishing,10,5 help to buy,0.0,,,keyword planner,0;0;0;0;0;0;0;10;0;0;0;0
help to buy and shared equity,Head terms (help to buy scheme),help to buy first home,10,5 help to buy,8.51,MEDIUM,informational,keyword planner,10;10;10;10;10;10;10;10;10;10;10;10
help to buy and shared equity,Head terms (help to buy scheme),help to buy first homes,10,5 help to buy,8.51,MEDIUM,,keyword planner,10;10;10;10;10;10;10;10;10;10;10;10
help to buy and shared equity,Head terms (help to buy scheme),help to buy first house,10,5 help to buy,0.0,,,keyword planner,10;0;0;10;0;10;0;0;0;10;0;0
help to buy and shared equity,Head terms (help to buy scheme),help to buy first-time buyer,10,5 help to buy,1.3,,informational,dataforseo labs,
help to buy and shared equity,Head terms (help to buy scheme),help to buy flat,10,5 help to buy,0.0,LOW,,keyword planner,10;0;0;0;0;10;0;10;10;10;10;10
help to buy and shared equity,Head terms (help to buy scheme),help to buy flats,10,5 help to buy,0.0,LOW,transactional,keyword planner,10;0;0;0;0;10;0;10;10;10;10;10
help to buy and shared equity,Head terms (help to buy scheme),help to buy food,10,5 help to buy,,,informational,dataforseo labs,
help to buy and shared equity,Head terms (help to buy scheme),help to buy for old homes,10,5 help to buy,0.0,,,keyword planner,0;0;0;0;0;10;10;0;10;0;0;0
help to buy and shared equity,Head terms (help to buy scheme),help to buy for older people,10,5 help to buy,0.0,LOW,,keyword planner,0;10;0;0;0;10;0;0;0;0;0;10
help to buy and shared equity,Head terms (help to buy scheme),help to buy for pensioners,10,5 help to buy,0.0,,,keyword planner,0;10;10;0;0;0;0;10;10;10;0;0
help to buy and shared equity,Head terms (help to buy scheme),help to buy for second home,10,5 help to buy,0.0,HIGH,,keyword planner,10;10;0;0;10;0;0;10;0;0;0;10
help to buy and shared equity,Head terms (help to buy scheme),help to buy for teachers,10,5 help to buy,0.0,LOW,informational,keyword planner,10;0;10;0;0;10;0;0;0;0;10;10
help to buy and shared equity,Head terms (help to buy scheme),help to buy fund,10,5 help to buy,0.0,LOW,informational,keyword planner,10;30;20;10;10;10;10;10;10;0;10;10
help to buy and shared equity,Head terms (help to buy scheme),help to buy funds release,10,5 help to buy,0.0,,,keyword planner,10;0;0;0;0;0;0;0;0;0;0;0
help to buy and shared equity,Head terms (help to buy scheme),help to buy furniture,10,5 help to buy,,,commercial,dataforseo labs,
help to buy and shared equity,Head terms (help to buy scheme),help to buy glasses,10,5 help to buy,,,informational,dataforseo labs,
help to buy and shared equity,Head terms (help to buy scheme),help to buy government contribution,10,5 help to buy,0.0,LOW,,keyword planner,0;0;0;10;10;10;0;10;0;10;10;10
help to buy and shared equity,Head terms (help to buy scheme),help to buy government equity loan,10,5 help to buy,0.0,,,keyword planner,0;10;10;10;10;10;0;0;0;0;0;0
help to buy and shared equity,Head terms (help to buy scheme),help to buy government loan,10,5 help to buy,0.0,MEDIUM,transactional,keyword planner,0;0;0;0;0;0;10;10;0;0;0;10
help to buy and shared equity,Head terms (help to buy scheme),help to buy grant,10,5 help to buy,,,informational,dataforseo labs,
help to buy and shared equity,Head terms (help to buy scheme),help to buy groceries,10,5 help to buy,,,commercial,dataforseo labs,
help to buy and shared equity,Head terms (help to buy scheme),help to buy guarantor,10,5 help to buy,0.0,LOW,,keyword planner,0;10;10;10;10;10;0;0;10;0;10;10
help to buy and shared equity,Head terms (help to buy scheme),help to buy guidance,10,5 help to buy,0.0,LOW,transactional,keyword planner,10;0;10;10;20;20;20;10;10;20;10;20
help to buy and shared equity,Head terms (help to buy scheme),help to buy hackney,10,5 help to buy,,,commercial,dataforseo labs,
help to buy and shared equity,Head terms (help to buy scheme),help to buy halifax,10,5 help to buy,,,commercial,dataforseo labs,
help to buy and shared equity,Head terms (help to buy scheme),help to buy hearing aids,10,5 help to buy,,,transactional,dataforseo labs,
help to buy and shared equity,Head terms (help to buy scheme),help to buy help,10,5 help to buy,0.0,,,keyword planner,0;0;0;0;10;0;0;0;10;0;0;0
help to buy and shared equity,Head terms (help to buy scheme),help to buy helpline,10,5 help to buy,0.0,,,keyword planner,0;0;0;10;10;10;0;0;10;0;0;0
help to buy and shared equity,Head terms (help to buy scheme),help to buy home builder,10,5 help to buy,0.0,,,keyword planner,0;0;0;10;0;0;0;0;0;0;0;0
help to buy and shared equity,Head terms (help to buy scheme),help to buy home builders,10,5 help to buy,0.0,,,keyword planner,0;0;0;0;0;0;10;0;0;0;0;0
help to buy and shared equity,Head terms (help to buy scheme),help to buy home equity loan,10,5 help to buy,0.0,,transactional,keyword planner,10;10;10;10;10;10;10;10;10;0;10;0
help to buy and shared equity,Head terms (help to buy scheme),help to buy home for sale,10,5 help to buy,0.0,,,keyword planner,10;0;0;0;0;10;0;10;10;0;10;0
help to buy and shared equity,Head terms (help to buy scheme),help to buy home near me,10,5 help to buy,,,commercial,dataforseo labs,
help to buy and shared equity,Head terms (help to buy scheme),help to buy home scheme australia,10,help to buy a home,8.15,,informational,dataforseo labs,
help to buy and shared equity,Head terms (help to buy scheme),help to buy homes near me,10,5 help to buy,,,informational,dataforseo labs,
help to buy and shared equity,Head terms (help to buy scheme),help to buy house for sale,10,5 help to buy,,,informational,dataforseo labs,
help to buy and shared equity,Head terms (help to buy scheme),help to buy house government,10,5 help to buy,0.0,,,keyword planner,10;0;10;10;10;0;10;10;10;10;10;0
help to buy and shared equity,Head terms (help to buy scheme),help to buy house near me,10,5 help to buy,,,transactional,dataforseo labs,
help to buy and shared equity,Head terms (help to buy scheme),help to buy house price,10,5 help to buy,0.0,,informational,keyword planner,0;0;0;0;10;0;0;10;0;0;10;0
help to buy and shared equity,Head terms (help to buy scheme),help to buy house value,10,5 help to buy,0.0,,informational,keyword planner,0;0;0;10;0;0;0;0;0;0;0;0
help to buy and shared equity,Head terms (help to buy scheme),help to buy housing bill,10,5 help to buy,,,informational,dataforseo labs,
help to buy and shared equity,Head terms (help to buy scheme),help to buy how much,10,5 help to buy,0.0,,,keyword planner,0;10;0;0;0;10;10;10;0;0;0;0
help to buy and shared equity,Head terms (help to buy scheme),help to buy how much can i borrow,10,5 help to buy,0.0,HIGH,informational,keyword planner,0;0;0;0;10;10;10;0;0;0;0;10
help to buy and shared equity,Head terms (help to buy scheme),help to buy how much will i get from government,10,5 help to buy,0.0,LOW,,keyword planner,0;0;0;0;10;10;0;10;0;0;0;10
help to buy and shared equity,Head terms (help to buy scheme),help to buy icer,10,5 help to buy,0.0,,,keyword planner,0;0;0;10;0;0;0;0;0;0;0;0
help to buy and shared equity,Head terms (help to buy scheme),help to buy incentive,10,5 help to buy,,,informational,dataforseo labs,
help to buy and shared equity,Head terms (help to buy scheme),help to buy incentives,10,5 help to buy,0.0,,,keyword planner,10;0;10;10;10;10;10;0;10;0;0;0
help to buy and shared equity,Head terms (help to buy scheme),help to buy inflation,10,5 help to buy,0.0,LOW,,keyword planner,0;0;10;10;10;0;0;0;0;0;0;10
help to buy and shared equity,Head terms (help to buy scheme),help to buy info,10,5 help to buy,0.0,LOW,,keyword planner,10;0;10;10;10;10;10;10;10;10;10;10
help to buy and shared equity,Head terms (help to buy scheme),help to buy information,10,5 help to buy,0.0,LOW,,keyword planner,10;0;10;10;10;10;10;10;10;10;10;10
help to buy and shared equity,Head terms (help to buy scheme),help to buy inherited property,10,5 help to buy,,,transactional,dataforseo labs,
help to buy and shared equity,Head terms (help to buy scheme),help to buy initiative,10,5 help to buy,0.0,LOW,informational,keyword planner,10;10;10;10;10;10;10;10;10;10;10;10
help to buy and shared equity,Head terms (help to buy scheme),help to buy is,10,5 help to buy,0.0,LOW,,keyword planner,10;0;0;10;0;0;0;0;0;0;0;10
help to buy and shared equity,Head terms (help to buy scheme),help to buy issues,10,5 help to buy,0.0,,,keyword planner,0;10;0;0;0;10;10;10;10;0;0;0
help to buy and shared equity,Head terms (help to buy scheme),help to buy key worker scheme,10,5 help to buy,0.0,,,keyword planner,0;0;0;0;0;0;10;0;0;0;0;0
help to buy and shared equity,Head terms (help to buy scheme),help to buy l&q,10,5 help to buy,0.0,,,keyword planner,0;0;0;0;0;10;0;0;0;0;0;0
help to buy and shared equity,Head terms (help to buy scheme),help to buy labor,10,5 help to buy,0.0,,commercial,keyword planner,10;10;10;10;10;10;0;10;0;0;0;0
help to buy and shared equity,Head terms (help to buy scheme),help to buy labour,10,5 help to buy,0.0,,commercial,keyword planner,10;0;0;10;0;0;10;0;10;0;0;0
help to buy and shared equity,Head terms (help to buy scheme),help to buy launch,10,5 help to buy,0.0,LOW,,keyword planner,10;10;20;10;10;10;10;10;0;0;10;10
help to buy and shared equity,Head terms (help to buy scheme),help to buy lisa,10,5 help to buy,,,transactional,dataforseo labs,
help to buy and shared equity,Head terms (help to buy scheme),help to buy loan,10,5 help to buy,15.19,MEDIUM,commercial,keyword planner,10;10;10;10;20;20;20;10;10;20;10;10
help to buy and shared equity,Head terms (help to buy scheme),help to buy loan government,10,5 help to buy,0.0,,,keyword planner,0;0;0;0;10;0;0;10;0;0;0;0
help to buy and shared equity,Head terms (help to buy scheme),help to buy loan redemption,10,5 help to buy,0.0,,,keyword planner,0;0;0;0;0;0;10;0;0;0;0;0
help to buy and shared equity,Head terms (help to buy scheme),help to buy loan scheme,10,5 help to buy,0.0,HIGH,,keyword planner,0;10;10;10;10;10;10;10;10;10;10;10
help to buy and shared equity,Head terms (help to buy scheme),help to buy loans,10,5 help to buy,4.59,,commercial,dataforseo labs,
help to buy and shared equity,Head terms (help to buy scheme),help to buy locations,10,5 help to buy,0.0,LOW,commercial,keyword planner,0;10;10;10;10;0;0;10;10;0;10;10
help to buy and shared equity,Head terms (help to buy scheme),help to buy log in,10,5 help to buy,0.0,LOW,navigational,keyword planner,10;10;0;10;10;10;10;10;10;30;10;30
help to buy and shared equity,Head terms (help to buy scheme),help to buy logo,10,5 help to buy,0.0,,transactional,keyword planner,10;0;10;10;0;0;0;0;0;0;0;0
help to buy and shared equity,Head terms (help to buy scheme),help to buy map,10,5 help to buy,0.0,,,keyword planner,0;0;0;10;0;0;0;0;10;0;0;0
help to buy and shared equity,Head terms (help to buy scheme),help to buy march,10,5 help to buy,0.0,,,keyword planner,0;0;0;0;0;10;10;0;0;0;0;0
help to buy and shared equity,Head terms (help to buy scheme),help to buy minimum,10,5 help to buy,0.0,,,keyword planner,0;0;0;0;10;0;0;0;0;10;10;0
help to buy and shared equity,Head terms (help to buy scheme),help to buy mobility scooter,10,5 help to buy,,,transactional,dataforseo labs,
help to buy and shared equity,Head terms (help to buy scheme),help to buy money,10,5 help to buy,0.0,,,keyword planner,0;0;0;0;0;0;0;0;0;0;10;0
help to buy and shared equity,Head terms (help to buy scheme),help to buy move house,10,5 help to buy,0.0,,,keyword planner,0;0;0;10;0;0;0;0;0;0;0;0
help to buy and shared equity,Head terms (help to buy scheme),help to buy moving house,10,5 help to buy,,,transactional,dataforseo labs,
help to buy and shared equity,Head terms (help to buy scheme),help to buy mse,10,5 help to buy,0.0,,,keyword planner,10;10;0;0;0;0;0;0;0;0;0;0
help to buy and shared equity,Head terms (help to buy scheme),help to buy my first home,10,5 help to buy,0.0,,informational,keyword planner,0;0;10;0;10;10;0;10;10;10;10;0
help to buy and shared equity,Head terms (help to buy scheme),help to buy nationwide,10,5 help to buy,,,commercial,dataforseo labs,
help to buy and shared equity,Head terms (help to buy scheme),help to buy natwest,10,5 help to buy,,,transactional,dataforseo labs,
help to buy and shared equity,Head terms (help to buy scheme),help to buy near me,10,5 help to buy,0.0,,commercial,keyword planner,0;0;10;0;0;0;0;0;0;0;0;0
help to buy and shared equity,Head terms (help to buy scheme),help to buy negative equity,10,5 help to buy,0.0,LOW,,keyword planner,0;10;0;0;0;0;0;0;10;10;0;10
help to buy and shared equity,Head terms (help to buy scheme),help to buy new house,10,5 help to buy,9.65,MEDIUM,,keyword planner,0;10;10;10;10;10;10;10;10;10;10;10
help to buy and shared equity,Head terms (help to buy scheme),help to buy new properties,10,5 help to buy,0.0,,,keyword planner,0;0;0;0;0;10;0;0;0;0;0;0
help to buy and shared equity,Head terms (help to buy scheme),help to buy new scheme,10,5 help to buy,0.0,,,keyword planner,10;0;0;0;0;0;0;0;0;0;0;0
help to buy and shared equity,Head terms (help to buy scheme),help to buy ni,10,5 help to buy,,,informational,dataforseo labs,
help to buy and shared equity,Head terms (help to buy scheme),help to buy not first-time buyer,10,5 help to buy,,,informational,dataforseo labs,
help to buy and shared equity,Head terms (help to buy scheme),help to buy number,10,5 help to buy,0.0,LOW,informational,keyword planner,0;0;0;10;0;10;0;0;10;10;10;10
help to buy and shared equity,Head terms (help to buy scheme),help to buy october,10,5 help to buy,0.0,,,keyword planner,10;0;0;0;0;0;0;0;0;0;0;0
help to buy and shared equity,Head terms (help to buy scheme),help to buy off plan,10,5 help to buy,0.0,,transactional,keyword planner,0;0;0;0;0;0;0;10;10;0;0;0
help to buy and shared equity,Head terms (help to buy scheme),help to buy office,10,5 help to buy,0.0,,,keyword planner,0;0;0;0;0;0;0;0;0;10;0;0
help to buy and shared equity,Head terms (help to buy scheme),help to buy official website,10,5 help to buy,0.0,,,keyword planner,0;0;0;10;10;0;0;0;0;0;0;0
help to buy and shared equity,Head terms (help to buy scheme),help to buy old homes,10,5 help to buy,0.0,,informational,keyword planner,0;0;0;0;0;10;10;0;10;0;0;0
help to buy and shared equity,Head terms (help to buy scheme),help to buy over 55,10,5 help to buy,0.0,,informational,keyword planner,0;0;0;0;0;10;0;0;0;0;0;0
help to buy and shared equity,Head terms (help to buy scheme),help to buy ownership,10,5 help to buy,0.0,,transactional,keyword planner,0;0;10;10;0;0;0;0;0;0;0;0
help to buy and shared equity,Head terms (help to buy scheme),help to buy part ownership,10,5 help to buy,0.0,,,keyword planner,0;0;0;0;0;0;0;10;0;0;0;0
help to buy and shared equity,Head terms (help to buy scheme),help to buy pay off,10,5 help to buy,0.0,,,keyword planner,0;0;0;0;0;10;0;10;10;10;0;0
help to buy and shared equity,Head terms (help to buy scheme),help to buy paying back government,10,5 help to buy,0.0,,,keyword planner,0;0;0;0;0;0;0;0;0;10;0;0
help to buy and shared equity,Head terms (help to buy scheme),help to buy paying off,10,5 help to buy,0.0,,,keyword planner,0;0;0;0;0;10;0;10;10;10;0;0
help to buy and shared equity,Head terms (help to buy scheme),help to buy payments,10,5 help to buy,0.0,,,keyword planner,0;0;0;0;10;0;0;0;0;0;0;0
help to buy and shared equity,Head terms (help to buy scheme),help to buy pdf,10,5 help to buy,0.0,LOW,transactional,keyword planner,0;0;10;10;10;10;10;10;10;10;10;10
help to buy and shared equity,Head terms (help to buy scheme),help to buy penalty,10,5 help to buy,0.0,,,keyword planner,0;0;0;0;0;0;0;0;10;0;0;0
help to buy and shared equity,Head terms (help to buy scheme),help to buy pension,10,5 help to buy,0.0,,,keyword planner,0;0;0;0;0;0;0;0;0;10;0;0
help to buy and shared equity,Head terms (help to buy scheme),help to buy plan,10,5 help to buy,0.0,,informational,keyword planner,10;0;10;0;0;0;0;10;10;0;0;0
help to buy and shared equity,Head terms (help to buy scheme),help to buy police,10,5 help to buy,0.0,LOW,,keyword planner,0;0;0;0;0;0;0;0;0;0;0;10
help to buy and shared equity,Head terms (help to buy scheme),help to buy policy,10,5 help to buy,0.0,LOW,informational,keyword planner,10;10;10;10;10;10;10;10;10;10;10;10
help to buy and shared equity,Head terms (help to buy scheme),help to buy price,10,5 help to buy,0.0,,,keyword planner,0;0;10;0;10;0;0;0;0;10;10;0
help to buy and shared equity,Head terms (help to buy scheme),help to buy procedure,10,5 help to buy,0.0,LOW,,keyword planner,0;0;0;0;10;10;10;10;10;10;10;10
help to buy and shared equity,Head terms (help to buy scheme),help to buy process,10,5 help to buy,0.0,LOW,informational,keyword planner,0;0;0;0;10;10;10;10;10;10;10;10
help to buy and shared equity,Head terms (help to buy scheme),help to buy process step by step,10,5 help to buy,0.0,,,keyword planner,0;0;0;10;0;0;10;0;0;10;0;0
help to buy and shared equity,Head terms (help to buy scheme),help to buy process time,10,5 help to buy,0.0,LOW,,keyword planner,0;0;10;20;20;10;10;10;10;10;10;10
help to buy and shared equity,Head terms (help to buy scheme),help to buy program australia,10,5 help to buy,,,transactional,dataforseo labs,
help to buy and shared equity,Head terms (help to buy scheme),help to buy properties,10,5 help to buy,9.57,MEDIUM,commercial,keyword planner,10;10;10;10;10;10;10;20;10;10;10;10
help to buy and shared equity,Head terms (help to buy scheme),help to buy properties for sale,10,5 help to buy,,,transactional,dataforseo labs,
help to buy and shared equity,Head terms (help to buy scheme),help to buy properties near me,10,5 help to buy,,,commercial,dataforseo labs,
help to buy and shared equity,Head terms (help to buy scheme),help to buy properties search,10,5 help to buy,,,informational,dataforseo labs,
help to buy and shared equity,Head terms (help to buy scheme),help to buy property,10,5 help to buy,9.57,MEDIUM,informational,keyword planner,10;10;10;10;10;10;10;20;10;10;10;10
help to buy and shared equity,Head terms (help to buy scheme),help to buy property for sale,10,5 help to buy,0.0,,,keyword planner,0;0;0;0;0;0;0;0;0;10;0;0
help to buy and shared equity,Head terms (help to buy scheme),help to buy property near me,10,5 help to buy,,,commercial,dataforseo labs,
help to buy and shared equity,Head terms (help to buy scheme),help to buy property price,10,5 help to buy,,,transactional,dataforseo labs,
help to buy and shared equity,Head terms (help to buy scheme),help to buy property search,10,5 help to buy,0.0,,informational,keyword planner,0;0;0;10;0;0;0;10;0;0;0;0
help to buy and shared equity,Head terms (help to buy scheme),help to buy property value,10,5 help to buy,0.0,LOW,commercial,keyword planner,0;0;0;0;0;0;10;0;10;0;0;10
help to buy and shared equity,Head terms (help to buy scheme),help to buy providers,10,5 help to buy,0.0,MEDIUM,commercial,keyword planner,0;10;10;10;0;0;10;10;10;10;0;10
help to buy and shared equity,Head terms (help to buy scheme),help to buy purchase,10,5 help to buy,0.0,LOW,,keyword planner,0;0;0;0;0;0;0;0;0;0;0;10
help to buy and shared equity,Head terms (help to buy scheme),help to buy purchase price,10,5 help to buy,0.0,,,keyword planner,0;0;0;0;10;10;0;10;10;0;0;0
help to buy and shared equity,Head terms (help to buy scheme),help to buy questions,10,5 help to buy,0.0,MEDIUM,informational,keyword planner,0;0;0;10;10;10;10;10;10;10;0;10
help to buy and shared equity,Head terms (help to buy scheme),help to buy rates,10,5 help to buy,0.0,,,keyword planner,0;0;0;10;10;0;0;0;0;0;0;0
help to buy and shared equity,Head terms (help to buy scheme),help to buy reading,10,5 help to buy,,,informational,dataforseo labs,
help to buy and shared equity,Head terms (help to buy scheme),help to buy redemption,10,5 help to buy,0.0,,transactional,keyword planner,10;10;0;0;10;10;0;0;10;0;0;0
help to buy and shared equity,Head terms (help to buy scheme),help to buy reference number,10,5 help to buy,0.0,,,keyword planner,0;0;0;0;0;0;0;0;10;0;0;0
help to buy and shared equity,Head terms (help to buy scheme),help to buy regional caps,10,5 help to buy,0.0,,,keyword planner,0;0;0;0;0;0;0;0;10;0;0;0
help to buy and shared equity,Head terms (help to buy scheme),help to buy regions,10,5 help to buy,0.0,LOW,,keyword planner,0;0;10;0;0;10;10;0;10;10;0;10
help to buy and shared equity,Head terms (help to buy scheme),help to buy register,10,5 help to buy,0.0,LOW,transactional,keyword planner,10;10;10;10;0;0;0;0;0;0;10;10
help to buy and shared equity,Head terms (help to buy scheme),help to buy registered builders,10,5 help to buy,,,transactional,dataforseo labs,
help to buy and shared equity,Head terms (help to buy scheme),help to buy registration,10,5 help to buy,0.0,LOW,,keyword planner,10;10;10;10;0;0;0;0;0;0;10;10
help to buy and shared equity,Head terms (help to buy scheme),help to buy regulations,10,5 help to buy,0.0,LOW,,keyword planner,10;10;10;10;10;10;10;10;10;10;10;10
help to buy and shared equity,Head terms (help to buy scheme),help to buy rejected,10,5 help to buy,0.0,,,keyword planner,0;0;0;0;0;0;0;0;0;10;0;0
help to buy and shared equity,Head terms (help to buy scheme),help to buy rent,10,5 help to buy,0.0,LOW,informational,keyword planner,0;10;0;10;10;0;10;10;0;0;10;10
help to buy and shared equity,Head terms (help to buy scheme),help to buy rent a room,10,5 help to buy,0.0,LOW,,keyword planner,0;0;0;10;10;10;10;10;10;10;10;10
help to buy and shared equity,Head terms (help to buy scheme),help to buy rent property,10,5 help to buy,0.0,HIGH,,keyword planner,0;10;0;0;0;10;0;0;0;0;10;10
help to buy and shared equity,Head terms (help to buy scheme),help to buy rent scheme,10,5 help to buy,0.0,,,keyword planner,0;0;0;10;10;10;10;10;10;10;10;0
help to buy and shared equity,Head terms (help to buy scheme),help to buy rent to buy,10,5 help to buy,0.0,,,keyword planner,0;0;0;0;0;10;0;0;0;0;0;0
help to buy and shared equity,Head terms (help to buy scheme),help to buy rental property,10,5 help to buy,,,commercial,dataforseo labs,
help to buy and shared equity,Head terms (help to buy scheme),help to buy replacement,10,5 help to buy,0.0,,commercial,keyword planner,0;0;0;10;0;0;0;0;0;0;0;0
help to buy and shared equity,Head terms (help to buy scheme),help to buy report,10,5 help to buy,0.0,,,keyword planner,0;0;10;0;0;0;0;0;0;0;0;0
help to buy and shared equity,Head terms (help to buy scheme),help to buy restrictions,10,5 help to buy,0.0,LOW,,keyword planner,0;0;0;0;10;10;10;0;0;10;0;10
help to buy and shared equity,Head terms (help to buy scheme),help to buy saving scheme,10,5 help to buy,0.0,,,keyword planner,0;0;0;0;10;0;0;0;0;0;0;0
help to buy and shared equity,Head terms (help to buy scheme),help to buy savings,10,5 help to buy,0.0,,,keyword planner,0;0;0;0;0;0;10;10;0;10;10;0
help to buy and shared equity,Head terms (help to buy scheme),help to buy savings account,10,5 help to buy,0.0,,,keyword planner,10;10;0;0;0;0;0;10;10;0;10;0
help to buy and shared equity,Head terms (help to buy scheme),help to buy scheme 20,10,5 help to buy,0.0,,,keyword planner,10;0;0;0;0;0;0;0;0;0;0;0
help to buy and shared equity,Head terms (help to buy scheme),help to buy scheme 2021,10,5 help to buy,0.0,,informational,keyword planner,0;0;0;0;0;0;0;0;10;0;0;0
help to buy and shared equity,Head terms (help to buy scheme),help to buy scheme 2022,10,5 help to buy,0.0,,informational,keyword planner,0;0;0;0;0;0;0;0;10;0;0;0
help to buy and shared equity,Head terms (help to buy scheme),help to buy scheme 2022 australia,10,5 help to buy,0.0,,informational,keyword planner,0;0;10;0;0;0;0;0;0;0;0;0
help to buy and shared equity,Head terms (help to buy scheme),help to buy scheme 2023,10,5 help to buy,0.0,LOW,informational,keyword planner,10;0;0;10;10;0;10;10;10;10;0;10
help to buy and shared equity,Head terms (help to buy scheme),help to buy scheme 2023 australia,10,5 help to buy,0.0,,informational,keyword planner,0;0;10;0;0;0;0;0;0;0;0;0
help to buy and shared equity,Head terms (help to buy scheme),help to buy scheme 2024,10,5 help to buy,,,informational,dataforseo labs,
help to buy and shared equity,Head terms (help to buy scheme),help to buy scheme 40,10,5 help to buy,,,informational,dataforseo labs,
help to buy and shared equity,Head terms (help to buy scheme),help to buy scheme 40 percent,10,5 help to buy,0.0,,,keyword planner,0;0;10;0;10;10;10;10;0;0;0;0
help to buy and shared equity,Head terms (help to buy scheme),help to buy scheme 5,10,5 help to buy,0.0,LOW,,keyword planner,10;10;10;10;10;10;0;10;0;0;10;10
help to buy and shared equity,Head terms (help to buy scheme),help to buy scheme advice,10,5 help to buy,0.0,HIGH,,keyword planner,0;0;0;10;10;10;0;10;10;0;10;10
help to buy and shared equity,Head terms (help to buy scheme),help to buy scheme australia 2023,10,5 help to buy,0.0,,informational,keyword planner,0;0;0;0;10;0;0;10;0;0;0;0
help to buy and shared equity,Head terms (help to buy scheme),help to buy scheme australia 2024,10,5 help to buy,,,informational,dataforseo labs,
help to buy and shared equity,Head terms (help to buy scheme),help to buy scheme closed,10,5 help to buy,0.0,,transactional,keyword planner,0;10;0;0;0;0;0;0;10;0;0;0
help to buy and shared equity,Head terms (help to buy scheme),help to buy scheme definition,10,5 help to buy,0.0,,,keyword planner,0;0;10;0;0;0;0;0;0;0;0;0
help to buy and shared equity,Head terms (help to buy scheme),help to buy scheme expansion,10,5 help to buy,,,transactional,dataforseo labs,
help to buy and shared equity,Head terms (help to buy scheme),help to buy scheme extended,10,5 help to buy,0.0,LOW,,keyword planner,10;0;0;10;10;20;10;20;10;10;10;10
help to buy and shared equity,Head terms (help to buy scheme),help to buy scheme extension,10,5 help to buy,0.0,LOW,transactional,keyword planner,10;0;0;10;10;20;10;20;10;10;10;10
help to buy and shared equity,Head terms (help to buy scheme),help to buy scheme finish,10,5 help to buy,0.0,,,keyword planner,0;0;0;0;0;0;0;10;0;0;0;0
help to buy and shared equity,Head terms (help to buy scheme),help to buy scheme for immigrants,10,5 help to buy,0.0,,transactional,keyword planner,0;10;0;0;0;0;0;10;0;0;0;0
help to buy and shared equity,Head terms (help to buy scheme),help to buy scheme for nhs staff,10,5 help to buy,0.0,,transactional,keyword planner,0;0;0;0;0;0;10;0;0;0;0;0
help to buy and shared equity,Head terms (help to buy scheme),help to buy scheme for over 55s,10,5 help to buy,0.0,LOW,,keyword planner,0;0;10;0;0;0;0;0;10;0;0;10
help to buy and shared equity,Head terms (help to buy scheme),help to buy scheme for self employed,10,5 help to buy,0.0,LOW,,keyword planner,0;0;0;10;10;0;10;10;0;0;10;10
help to buy and shared equity,Head terms (help to buy scheme),help to buy scheme for teachers,10,5 help to buy,0.0,LOW,transactional,keyword planner,0;0;0;10;0;10;10;0;0;10;10;10
help to buy and shared equity,Head terms (help to buy scheme),help to buy scheme forum,10,5 help to buy,,,informational,dataforseo labs,
help to buy and shared equity,Head terms (help to buy scheme),help to buy scheme government loan,10,5 help to buy,0.0,LOW,,keyword planner,0;0;10;10;0;0;10;10;10;10;0;10
help to buy and shared equity,Head terms (help to buy scheme),help to buy scheme government website,10,5 help to buy,0.0,,,keyword planner,0;0;0;0;0;0;0;10;10;0;0;0
help to buy and shared equity,Head terms (help to buy scheme),help to buy scheme helpline,10,5 help to buy,0.0,LOW,informational,keyword planner,0;0;0;10;10;0;0;0;0;10;10;10
help to buy and shared equity,Head terms (help to buy scheme),help to buy scheme how much can i borrow,10,5 help to buy,0.0,MEDIUM,,keyword planner,10;0;0;0;0;10;10;10;10;10;10;10
help to buy and shared equity,Head terms (help to buy scheme),help to buy scheme information,10,5 help to buy,0.0,MEDIUM,,keyword planner,10;0;0;10;10;10;10;10;10;10;10;10
help to buy and shared equity,Head terms (help to buy scheme),help to buy scheme labor,10,5 help to buy,0.0,,transactional,keyword planner,10;10;10;10;0;0;10;10;10;10;10;0
help to buy and shared equity,Head terms (help to buy scheme),help to buy scheme labour,10,5 help to buy,0.0,,transactional,keyword planner,10;10;0;10;10;0;10;0;10;10;10;0
help to buy and shared equity,Head terms (help to buy scheme),help to buy scheme nationwide,10,5 help to buy,,,transactional,dataforseo labs,
help to buy and shared equity,Head terms (help to buy scheme),help to buy scheme near me,10,5 help to buy,0.0,HIGH,transactional,keyword planner,10;10;0;10;0;0;0;10;10;0;0;10
help to buy and shared equity,Head terms (help to buy scheme),help to buy scheme new,10,5 help to buy,0.0,LOW,,keyword planner,0;10;0;10;10;0;10;0;10;0;0;10
help to buy and shared equity,Head terms (help to buy scheme),help to buy scheme october,10,5 help to buy,0.0,,,keyword planner,10;10;0;0;0;0;0;0;0;0;0;0
help to buy and shared equity,Head terms (help to buy scheme),help to buy scheme paying back,10,5 help to buy,0.0,LOW,,keyword planner,0;0;10;10;10;10;10;10;10;10;10;10
help to buy and shared equity,Head terms (help to buy scheme),help to buy scheme pdf,10,5 help to buy,,,transactional,dataforseo labs,
help to buy and shared equity,Head terms (help to buy scheme),help to buy scheme process,10,5 help to buy,0.0,LOW,informational,keyword planner,10;0;10;10;10;10;10;10;10;10;10;10
help to buy and shared equity,Head terms (help to buy scheme),help to buy scheme properties,10,5 help to buy,9.57,MEDIUM,transactional,keyword planner,10;10;10;10;10;10;10;20;10;10;10;10
help to buy and shared equity,Head terms (help to buy scheme),help to buy scheme questions,10,5 help to buy,,,informational,dataforseo labs,
help to buy and shared equity,Head terms (help to buy scheme),help to buy scheme reading berkshire,10,5 help to buy,,,transactional,dataforseo labs,
help to buy and shared equity,Head terms (help to buy scheme),help to buy scheme register,10,5 help to buy,0.0,,,keyword planner,10;0;10;10;0;0;0;0;10;0;0;0
help to buy and shared equity,Head terms (help to buy scheme),help to buy scheme restrictions,10,5 help to buy,0.0,LOW,,keyword planner,0;10;0;0;0;10;10;10;10;10;0;10
help to buy and shared equity,Head terms (help to buy scheme),help to buy scheme self-build,10,5 help to buy,,,transactional,dataforseo labs,
help to buy and shared equity,Head terms (help to buy scheme),help to buy scheme sign up,10,5 help to buy,0.0,LOW,,keyword planner,10;0;0;10;0;0;10;10;0;0;0;10
help to buy and shared equity,Head terms (help to buy scheme),help to buy scheme teachers,10,5 help to buy,0.0,LOW,transactional,keyword planner,0;0;0;10;0;10;10;0;0;10;10;10
help to buy and shared equity,Head terms (help to buy scheme),help to buy scheme treasury,10,5 help to buy,,,transactional,dataforseo labs,
help to buy and shared equity,Head terms (help to buy scheme),help to buy scheme used homes,10,5 help to buy,0.0,,,keyword planner,0;0;0;0;0;0;10;0;0;0;0;0
help to buy and shared equity,Head terms (help to buy scheme),help to buy schemes 2022,10,5 help to buy,0.0,,,keyword planner,0;0;0;0;0;0;0;0;10;0;0;0
help to buy and shared equity,Head terms (help to buy scheme),help to buy schemes near me,10,5 help to buy,,,transactional,dataforseo labs,
help to buy and shared equity,Head terms (help to buy scheme),help to buy search properties,10,5 help to buy,0.0,,,keyword planner,0;0;0;10;0;0;0;10;0;0;0;0
help to buy and shared equity,Head terms (help to buy scheme),help to buy second home,10,5 help to buy,,,informational,dataforseo labs,
help to buy and shared equity,Head terms (help to buy scheme),help to buy second house,10,5 help to buy,0.0,,,keyword planner,0;0;0;0;10;0;10;0;0;0;0;0
help to buy and shared equity,Head terms (help to buy scheme),help to buy second property,10,5 help to buy,0.0,,,keyword planner,10;0;0;0;0;10;0;0;0;10;0;0
help to buy and shared equity,Head terms (help to buy scheme),help to buy self employed,10,5 help to buy,0.0,LOW,,keyword planner,0;10;10;10;0;0;10;0;0;0;0;10
help to buy and shared equity,Head terms (help to buy scheme),help to buy share ownership,10,5 help to buy,0.0,LOW,,keyword planner,10;10;10;10;10;10;0;0;10;0;10;10
help to buy and shared equity,Head terms (help to buy scheme),help to buy shared,10,5 help to buy,0.0,LOW,,keyword planner,10;0;0;0;0;0;0;0;0;0;0;10
help to buy and shared equity,Head terms (help to buy scheme),help to buy sign up,10,5 help to buy,0.0,,,keyword planner,0;0;10;10;0;10;0;0;10;0;0;0
help to buy and shared equity,Head terms (help to buy scheme),help to buy sites,10,5 help to buy,0.0,MEDIUM,,keyword planner,10;0;10;0;10;10;10;10;0;0;10;10
help to buy and shared equity,Head terms (help to buy scheme),help to buy solicitors,10,5 help to buy,,,transactional,dataforseo labs,
help to buy and shared equity,Head terms (help to buy scheme),help to buy south,10,5 help to buy,,,commercial,dataforseo labs,
help to buy and shared equity,Head terms (help to buy scheme),help to buy south east,10,5 help to buy,,,transactional,dataforseo labs,
help to buy and shared equity,Head terms (help to buy scheme),help to buy statement,10,5 help to buy,0.0,,,keyword planner,0;0;0;0;10;0;0;0;0;0;0;0
help to buy and shared equity,Head terms (help to buy scheme),help to buy statistics,10,5 help to buy,,,informational,dataforseo labs,
help to buy and shared equity,Head terms (help to buy scheme),help to buy step by step,10,5 help to buy,0.0,,,keyword planner,0;0;0;10;0;10;10;10;0;10;0;0
help to buy and shared equity,Head terms (help to buy scheme),help to buy steps,10,5 help to buy,0.0,,transactional,keyword planner,0;0;0;10;0;10;10;10;0;10;0;0
help to buy and shared equity,Head terms (help to buy scheme),help to buy stockport,10,5 help to buy,,,commercial,dataforseo labs,
help to buy and shared equity,Head terms (help to buy scheme),help to buy stories,10,5 help to buy,0.0,,,keyword planner,0;0;0;0;0;0;0;0;10;0;0;0
help to buy and shared equity,Head terms (help to buy scheme),help to buy support,10,5 help to buy,0.0,MEDIUM,,keyword planner,10;0;0;10;10;10;10;10;10;10;10;10
help to buy and shared equity,Head terms (help to buy scheme),help to buy target,10,5 help to buy,,,commercial,dataforseo labs,
help to buy and shared equity,Head terms (help to buy scheme),help to buy teachers,10,5 help to buy,2.77,,informational,dataforseo labs,
help to buy and shared equity,Head terms (help to buy scheme),help to buy things overseas,10,5 help to buy,,,commercial,dataforseo labs,
help to buy and shared equity,Head terms (help to buy scheme),help to buy to lisa,10,5 help to buy,,,transactional,dataforseo labs,
help to buy and shared equity,Head terms (help to buy scheme),help to buy top up,10,5 help to buy,0.0,,,keyword planner,0;0;0;10;0;0;10;0;0;0;0;0
help to buy and shared equity,Head terms (help to buy scheme),help to buy trap,10,5 help to buy,0.0,LOW,,keyword planner,0;0;0;0;0;0;0;10;10;0;0;10
help to buy and shared equity,Head terms (help to buy scheme),help to buy value,10,5 help to buy,0.0,LOW,,keyword planner,0;0;0;0;0;0;0;0;0;0;0;10
help to buy and shared equity,Head terms (help to buy scheme),help to buy video,10,5 help to buy,,,commercial,dataforseo labs,
help to buy and shared equity,Head terms (help to buy scheme),help to buy waiting time,10,5 help to buy,0.0,,,keyword planner,0;10;0;10;10;0;10;0;10;10;10;0
help to buy and shared equity,Head terms (help to buy scheme),help to buy washing machine,10,5 help to buy,,,transactional,dataforseo labs,
help to buy and shared equity,Head terms (help to buy scheme),help to buy website,10,5 help to buy,0.0,MEDIUM,commercial,keyword planner,10;0;10;0;10;10;10;10;0;0;10;10
help to buy and shared equity,Head terms (help to buy scheme),help to buy which,10,5 help to buy,0.0,,,keyword planner,0;0;0;0;10;0;0;0;0;0;0;0
help to buy and shared equity,Head terms (help to buy scheme),help to buy will it be extended,10,5 help to buy,0.0,,,keyword planner,0;0;0;0;10;0;0;0;0;0;0;0
help to buy and shared equity,Head terms (help to buy scheme),help to buy your first home,10,5 help to buy,0.0,,informational,keyword planner,10;10;10;10;0;0;10;10;0;0;0;0
help to buy and shared equity,Head terms (help to buy scheme),help to buy: equity loan,10,5 help to buy,,,commercial,dataforseo labs,
help to buy and shared equity,Head terms (help to buy scheme),hmrc help to buy,10,5 help to buy,0.0,LOW,,keyword planner,0;0;0;0;0;0;0;0;0;0;0;10
help to buy and shared equity,Head terms (help to buy scheme),home buyers help to buy,10,5 help to buy,,,informational,dataforseo labs,
help to buy and shared equity,Head terms (help to buy scheme),house help to buy,10,5 help to buy,,,informational,dataforseo labs,
help to buy and shared equity,Head terms (help to buy scheme),house help to buy scheme,10,5 help to buy,0.0,MEDIUM,informational,keyword planner,10;10;10;10;10;10;10;10;10;10;10;10
help to buy and shared equity,Head terms (help to buy scheme),housing association help to buy,10,5 help to buy,0.0,,,keyword planner,0;0;0;0;10;0;0;0;0;0;0;0
help to buy and shared equity,Head terms (help to buy scheme),how can parents help to buy a house,10,5 help to buy,,,informational,dataforseo labs,
help to buy and shared equity,Head terms (help to buy scheme),how much can i borrow help to buy,10,5 help to buy,,,commercial,dataforseo labs,
help to buy and shared equity,Head terms (help to buy scheme),how much help to buy,10,5 help to buy,,,informational,dataforseo labs,
help to buy and shared equity,Head terms (help to buy scheme),how much is government help to buy,10,5 help to buy,,,informational,dataforseo labs,
help to buy and shared equity,Head terms (help to buy scheme),how much is help to buy scheme,10,5 help to buy,,,informational,dataforseo labs,
help to buy and shared equity,Head terms (help to buy scheme),how much is the help to buy scheme,10,5 help to buy,,,informational,dataforseo labs,
help to buy and shared equity,Head terms (help to buy scheme),how to get government help to buy a house,10,,5.54,,informational,dataforseo labs,
help to buy and shared equity,Head terms (help to buy scheme),how to get help to buy,10,5 help to buy,0.0,LOW,informational,keyword planner,10;0;0;0;10;0;0;10;10;0;10;10
help to buy and shared equity,Head terms (help to buy scheme),how to get help to buy a house,10,5 help to buy,0.0,HIGH,informational,keyword planner,10;10;10;10;10;30;10;10;10;10;10;10
help to buy and shared equity,Head terms (help to buy scheme),how to get help to buy scheme,10,5 help to buy,11.5,HIGH,informational,keyword planner,0;0;0;10;10;0;10;10;10;10;10;10
help to buy and shared equity,Head terms (help to buy scheme),how to pay help to buy loan,10,5 help to buy,0.0,,,keyword planner,0;0;0;10;10;0;0;10;0;0;0;0
help to buy and shared equity,Head terms (help to buy scheme),how to pay off help to buy loan,10,5 help to buy,,,informational,dataforseo labs,
help to buy and shared equity,Head terms (help to buy scheme),how to register for help to buy,10,5 help to buy,0.0,,,keyword planner,10;10;0;10;0;0;10;0;0;0;0;0
help to buy and shared equity,Head terms (help to buy scheme),is help to buy coming back,10,5 help to buy,,,informational,dataforseo labs,
help to buy and shared equity,Head terms (help to buy scheme),is there a help to buy scheme,10,5 help to buy,0.0,,,keyword planner,0;0;0;0;0;10;0;10;0;0;0;0
help to buy and shared equity,Head terms (help to buy scheme),is there any government help to buy a house,10,5 help to buy,,,informational,dataforseo labs,
help to buy and shared equity,Head terms (help to buy scheme),key worker help to buy,10,5 help to buy,0.0,,,keyword planner,0;0;0;10;0;0;10;0;0;0;0;0
help to buy and shared equity,Head terms (help to buy scheme),key worker help to buy scheme,10,5 help to buy,0.0,,,keyword planner,0;0;0;0;0;0;0;10;0;0;0;0
help to buy and shared equity,Head terms (help to buy scheme),labor help to buy,10,5 help to buy,0.0,LOW,commercial,keyword planner,10;10;20;10;10;10;10;10;10;10;10;10
help to buy and shared equity,Head terms (help to buy scheme),labor help to buy scheme,10,5 help to buy,0.0,LOW,informational,keyword planner,10;10;10;10;10;10;10;10;10;10;0;10
help to buy and shared equity,Head terms (help to buy scheme),labors help to buy,10,5 help to buy,0.0,,,keyword planner,0;10;10;0;0;0;0;0;0;0;10;0
help to buy and shared equity,Head terms (help to buy scheme),labors help to buy scheme,10,5 help to buy,0.0,,,keyword planner,10;0;0;10;0;0;0;0;0;10;0;0
help to buy and shared equity,Head terms (help to buy scheme),labour help to buy,10,5 help to buy,0.0,,informational,keyword planner,10;10;10;10;10;10;0;0;10;0;0;0
help to buy and shared equity,Head terms (help to buy scheme),labour help to buy scheme,10,5 help to buy,0.0,LOW,informational,keyword planner,10;10;10;10;10;10;10;10;10;10;10;10
help to buy and shared equity,Head terms (help to buy scheme),labours help to buy,10,5 help to buy,0.0,,,keyword planner,0;0;0;0;0;10;10;10;10;0;0;0
help to buy and shared equity,Head terms (help to buy scheme),labours help to buy scheme,10,5 help to buy,0.0,LOW,,keyword planner,10;10;10;10;10;10;10;10;10;10;0;10
help to buy and shared equity,Head terms (help to buy scheme),link help to buy,10,5 help to buy,0.0,,,keyword planner,0;0;0;0;0;0;0;10;0;0;0;0
help to buy and shared equity,Head terms (help to buy scheme),link housing help to buy,10,5 help to buy,0.0,,,keyword planner,0;0;0;0;10;0;0;0;0;0;0;0
help to buy and shared equity,Head terms (help to buy scheme),mse help to buy,10,5 help to buy,0.0,,,keyword planner,10;10;0;0;0;0;0;0;0;0;0;0
help to buy and shared equity,Head terms (help to buy scheme),my first home help to buy,10,5 help to buy,0.0,,,keyword planner,0;0;0;0;0;0;0;0;0;10;0;0
help to buy and shared equity,Head terms (help to buy scheme),natwest help to buy,10,5 help to buy,,,informational,dataforseo labs,
help to buy and shared equity,Head terms (help to buy scheme),need help to buy a house,10,5 help to buy,0.0,,informational,keyword planner,10;10;10;0;10;10;0;10;0;10;10;0
help to buy and shared equity,Head terms (help to buy scheme),negative equity help to buy,10,5 help to buy,0.0,LOW,,keyword planner,0;0;0;0;0;0;0;0;0;0;0;10
help to buy and shared equity,Head terms (help to buy scheme),new government help to buy,10,5 help to buy,0.0,,,keyword planner,10;10;0;0;0;0;0;0;0;0;0;0
help to buy and shared equity,Head terms (help to buy scheme),new government help to buy scheme,10,5 help to buy,0.0,LOW,,keyword planner,30;40;10;10;10;10;10;10;0;0;10;10
help to buy and shared equity,Head terms (help to buy scheme),new help to buy,10,5 help to buy,0.0,MEDIUM,,keyword planner,0;0;0;10;0;0;0;0;0;0;10;10
help to buy and shared equity,Head terms (help to buy scheme),new help to buy scheme,10,5 help to buy,0.0,,informational,keyword planner,10;10;10;30;10;10;10;10;10;10;10;0
help to buy and shared equity,Head terms (help to buy scheme),new help to buy scheme 2021,10,5 help to buy,0.0,LOW,informational,keyword planner,0;0;0;0;0;10;10;10;10;0;10;10
help to buy and shared equity,Head terms (help to buy scheme),new house help to buy,10,5 help to buy,8.97,,informational,dataforseo labs,
help to buy and shared equity,Head terms (help to buy scheme),new house help to buy scheme,10,5 help to buy,0.0,,,keyword planner,10;0;0;0;10;0;0;0;0;0;0;0
help to buy and shared equity,Head terms (help to buy scheme),new scheme help to buy,10,5 help to buy,0.0,,,keyword planner,10;0;0;0;0;0;0;0;0;0;0;0
help to buy and shared equity,Head terms (help to buy scheme),nurses help to buy,10,5 help to buy,0.0,,,keyword planner,0;0;0;0;0;0;0;0;10;0;0;0
help to buy and shared equity,Head terms (help to buy scheme),old help to buy scheme,10,5 help to buy,0.0,,,keyword planner,0;0;0;0;10;0;0;0;0;0;0;0
help to buy and shared equity,Head terms (help to buy scheme),orbit help to buy scheme,10,5 help to buy,0.0,,,keyword planner,0;10;0;0;0;0;0;0;0;0;0;0
help to buy and shared equity,Head terms (help to buy scheme),over 55 help to buy,10,5 help to buy,0.0,,transactional,keyword planner,0;10;10;0;0;0;0;0;10;0;10;0
help to buy and shared equity,Head terms (help to buy scheme),over 60 help to buy,10,5 help to buy,0.0,,,keyword planner,0;0;0;0;10;0;0;10;0;0;0;0
help to buy and shared equity,Head terms (help to buy scheme),parent help to buy scheme,10,5 help to buy,0.0,,informational,keyword planner,0;0;0;10;0;0;0;0;10;0;0;0
help to buy and shared equity,Head terms (help to buy scheme),parents help to buy a house,10,5 help to buy,,,informational,dataforseo labs,
help to buy and shared equity,Head terms (help to buy scheme),pay help to buy loan,10,5 help to buy,0.0,,,keyword planner,0;0;0;0;0;0;0;0;0;0;10;0
help to buy and shared equity,Head terms (help to buy scheme),pay off help to buy,10,5 help to buy,0.0,,,keyword planner,0;0;0;0;10;10;0;0;10;0;10;0
help to buy and shared equity,Head terms (help to buy scheme),paying back a help to buy loan,10,5 help to buy,0.0,,,keyword planner,10;0;0;0;0;0;0;0;0;0;0;0
help to buy and shared equity,Head terms (help to buy scheme),paying back government help to buy,10,5 help to buy,0.0,LOW,,keyword planner,0;0;0;0;0;0;10;0;10;10;0;10
help to buy and shared equity,Head terms (help to buy scheme),paying back help to buy,10,5 help to buy,,,informational,dataforseo labs,
help to buy and shared equity,Head terms (help to buy scheme),paying back help to buy equity loan,10,5 help to buy,,,transactional,dataforseo labs,
help to buy and shared equity,Head terms (help to buy scheme),paying back help to buy scheme,10,5 help to buy,0.0,LOW,,keyword planner,0;0;10;0;10;0;0;10;0;10;10;10
help to buy and shared equity,Head terms (help to buy scheme),paying back the help to buy loan,10,5 help to buy,0.0,,,keyword planner,0;0;0;0;0;10;10;10;10;10;0;0
help to buy and shared equity,Head terms (help to buy scheme),paying off a help to buy loan,10,5 help to buy,0.0,,,keyword planner,0;0;0;0;0;0;0;0;0;10;0;0
help to buy and shared equity,Head terms (help to buy scheme),pepper money help to buy,10,5 help to buy,0.0,,,keyword planner,0;0;0;0;0;10;0;10;0;0;0;0
help to buy and shared equity,Head terms (help to buy scheme),program help to buy,10,5 help to buy,0.0,,,keyword planner,0;0;0;0;0;0;0;10;10;10;0;0
help to buy and shared equity,Head terms (help to buy scheme),properties on help to buy scheme,10,5 help to buy,0.0,,,keyword planner,0;0;0;0;0;0;0;10;0;0;0;0
help to buy and shared equity,Head terms (help to buy scheme),property for sale help to buy,10,5 help to buy,0.0,LOW,,keyword planner,0;0;0;0;0;0;0;0;0;0;0;10
help to buy and shared equity,Head terms (help to buy scheme),property help to buy,10,5 help to buy,0.0,,informational,keyword planner,0;10;0;10;0;0;10;10;0;0;10;0
help to buy and shared equity,Head terms (help to buy scheme),reading help to buy,10,5 help to buy,,,informational,dataforseo labs,
help to buy and shared equity,Head terms (help to buy scheme),register for help to buy scheme,10,5 help to buy,0.0,HIGH,transactional,keyword planner,10;10;10;10;0;0;0;0;10;0;0;10
help to buy and shared equity,Head terms (help to buy scheme),register with help to buy,10,5 help to buy,,,transactional,dataforseo labs,
help to buy and shared equity,Head terms (help to buy scheme),remortgaging help to buy,10,5 help to buy,,,transactional,dataforseo labs,
help to buy and shared equity,Head terms (help to buy scheme),remortgaging with help to buy,10,5 help to buy,0.0,HIGH,,keyword planner,0;0;0;10;0;0;0;0;0;0;0;10
help to buy and shared equity,Head terms (help to buy scheme),rent a room help to buy,10,5 help to buy,0.0,,,keyword planner,0;0;0;0;0;0;0;0;0;10;0;0
help to buy and shared equity,Head terms (help to buy scheme),rent help to buy,10,5 help to buy,0.0,,,keyword planner,0;0;10;0;0;0;0;0;0;0;0;0
help to buy and shared equity,Head terms (help to buy scheme),rent help to buy property,10,5 help to buy,0.0,,,keyword planner,0;0;0;0;0;0;0;0;0;10;0;0
help to buy and shared equity,Head terms (help to buy scheme),replacement for help to buy,10,5 help to buy,0.0,,,keyword planner,0;0;0;0;0;0;0;10;0;0;0;0
help to buy and shared equity,Head terms (help to buy scheme),rics survey help to buy,10,5 help to buy,,,commercial,dataforseo labs,
help to buy and shared equity,Head terms (help to buy scheme),second home help to buy,10,5 help to buy,0.0,,,keyword planner,0;0;0;0;0;0;10;0;10;10;0;0
help to buy and shared equity,Head terms (help to buy scheme),secured loan with help to buy,10,5 help to buy,0.0,,commercial,keyword planner,0;0;0;0;0;0;0;0;10;0;0;0
help to buy and shared equity,Head terms (help to buy scheme),self employed help to buy,10,5 help to buy,0.0,,,keyword planner,0;0;0;0;0;10;0;0;0;0;0;0
help to buy and shared equity,Head terms (help to buy scheme),sign up for help to buy,10,5 help to buy,0.0,,,keyword planner,0;10;0;0;0;0;0;0;0;0;0;0
help to buy and shared equity,Head terms (help to buy scheme),sign up to help to buy,10,5 help to buy,0.0,LOW,,keyword planner,0;0;0;0;0;0;0;0;0;0;0;10
help to buy and shared equity,Head terms (help to buy scheme),st joseph help to buy a house,10,5 help to buy,,,informational,dataforseo labs,
help to buy and shared equity,Head terms (help to buy scheme),student help to buy laptop,10,5 help to buy,,,commercial,dataforseo labs,
help to buy and shared equity,Head terms (help to buy scheme),subletting help to buy,10,5 help to buy,,,commercial,dataforseo labs,
help to buy and shared equity,Head terms (help to buy scheme),target help to buy,10,5 help to buy,,,commercial,dataforseo labs,
help to buy and shared equity,Head terms (help to buy scheme),teacher help to buy scheme,10,5 help to buy,0.0,HIGH,,keyword planner,0;0;0;10;0;0;10;10;0;0;0;10
help to buy and shared equity,Head terms (help to buy scheme),teachers help to buy,10,5 help to buy,0.0,,informational,keyword planner,0;0;0;0;0;0;10;0;0;10;10;0
help to buy and shared equity,Head terms (help to buy scheme),the government help to buy scheme,10,5 help to buy,15.19,LOW,,keyword planner,10;0;10;10;10;10;10;10;10;10;10;20
help to buy and shared equity,Head terms (help to buy scheme),the help to buy,10,5 help to buy,0.0,,informational,keyword planner,10;0;10;10;0;10;10;0;10;10;0;0
help to buy and shared equity,Head terms (help to buy scheme),the help to buy equity loan scheme,10,5 help to buy,0.0,,informational,keyword planner,0;0;10;0;0;0;0;0;10;0;0;0
help to buy and shared equity,Head terms (help to buy scheme),the new help to buy scheme,10,5 help to buy,0.0,HIGH,,keyword planner,0;0;10;10;10;10;10;10;10;0;10;10
help to buy and shared equity,Head terms (help to buy scheme),the times help to buy,10,5 help to buy,0.0,,,keyword planner,0;0;0;0;10;0;0;0;0;0;0;0
help to buy and shared equity,Head terms (help to buy scheme),treasury help to buy,10,5 help to buy,,,transactional,dataforseo labs,
help to buy and shared equity,Head terms (help to buy scheme),types of help to buy schemes,10,5 help to buy,0.0,,,keyword planner,0;0;0;0;0;10;10;0;0;0;0;0
help to buy and shared equity,Head terms (help to buy scheme),understanding help to buy,10,5 help to buy,0.0,LOW,,keyword planner,0;0;0;0;0;0;10;0;0;0;0;10
help to buy and shared equity,Head terms (help to buy scheme),veterans help to buy a home,10,5 help to buy,,,informational,dataforseo labs,
help to buy and shared equity,Head terms (help to buy scheme),where can i get help to buy a house,10,5 help to buy,,,informational,dataforseo labs,
help to buy and shared equity,Head terms (help to buy scheme),which help to buy,10,5 help to buy,,,informational,dataforseo labs,
help to buy and shared equity,Head terms (help to buy scheme),will help to buy be extended,10,5 help to buy,,,informational,dataforseo labs,
help to buy and shared equity,Head terms (help to buy scheme),will help to buy come back,10,5 help to buy,,,informational,dataforseo labs,
help to buy and shared equity,Head terms (help to buy scheme),will help to buy scheme be extended,10,5 help to buy,,,informational,dataforseo labs,
help to buy and shared equity,Head terms (help to buy scheme),www help to buy,10,5 help to buy,0.0,,,keyword planner,0;0;10;0;0;0;0;0;0;0;0;0
help to buy and shared equity,Head terms (help to buy scheme),1 help to buy,0,,0.0,,,keyword planner,0;0;0;0;0;0;0;0;0;0;0;0
help to buy and shared equity,Head terms (help to buy scheme),10 help to buy,0,,0.0,,,keyword planner,
help to buy and shared equity,Head terms (help to buy scheme),1st time buyer help to buy,0,,0.0,,,keyword planner,0;0;0;0;0;0;0;0;0;0;0;0
help to buy and shared equity,Head terms (help to buy scheme),2 bedroom house help to buy,0,,0.0,,,keyword planner,
help to buy and shared equity,Head terms (help to buy scheme),20 government help to buy,0,,0.0,,,keyword planner,0;0;0;0;0;0;0;0;0;0;0;0
help to buy and shared equity,Head terms (help to buy scheme),20 help to buy,0,,0.0,,,keyword planner,0;0;0;0;0;0;0;0;0;0;0;0
help to buy and shared equity,Head terms (help to buy scheme),20 help to buy equity loan,0,,0.0,,,keyword planner,
help to buy and shared equity,Head terms (help to buy scheme),2023 help to buy,0,,0.0,,,keyword planner,0;0;0;0;0;0;0;0;0;0;0;0
help to buy and shared equity,Head terms (help to buy scheme),2023 help to buy scheme,0,,0.0,,,keyword planner,0;0;0;0;0;0;0;0;0;0;0;0
help to buy and shared equity,Head terms (help to buy scheme),2nd time buyers help to buy,0,,0.0,,,keyword planner,
help to buy and shared equity,Head terms (help to buy scheme),4 bedroom help to buy,0,,0.0,,,keyword planner,
help to buy and shared equity,Head terms (help to buy scheme),4 bedroom house help to buy,0,,0.0,,,keyword planner,
help to buy and shared equity,Head terms (help to buy scheme),40 equity loan help to buy,0,,0.0,,,keyword planner,
help to buy and shared equity,Head terms (help to buy scheme),50 help to buy scheme,0,,0.0,,,keyword planner,0;0;0;0;0;0;0;0;0;0;0;0
help to buy and shared equity,Head terms (help to buy scheme),advice on help to buy scheme,0,,0.0,,,keyword planner,0;0;0;0;0;0;0;0;0;0;0;0
help to buy and shared equity,Head terms (help to buy scheme),after help to buy,0,,0.0,,,keyword planner,0;0;0;0;0;0;0;0;0;0;0;0
help to buy and shared equity,Head terms (help to buy scheme),agreement in principle help to buy,0,,0.0,,,keyword planner,0;0;0;0;0;0;0;0;0;0;0;0
help to buy and shared equity,Head terms (help to buy scheme),alternative to help to buy scheme,0,,0.0,,,keyword planner,
help to buy and shared equity,Head terms (help to buy scheme),army help to buy loan,0,,0.0,,,keyword planner,0;0;0;0;0;0;0;0;0;0;0;0
help to buy and shared equity,Head terms (help to buy scheme),ate help to buy,0,,0.0,,,keyword planner,
help to buy and shared equity,Head terms (help to buy scheme),atp help to buy,0,,0.0,,,keyword planner,
help to buy and shared equity,Head terms (help to buy scheme),authority to complete help to buy,0,,0.0,,,keyword planner,0;0;0;0;0;0;0;0;0;0;0;0
help to buy and shared equity,Head terms (help to buy scheme),authority to exchange help to buy,0,,0.0,,,keyword planner,
help to buy and shared equity,Head terms (help to buy scheme),authority to proceed help to buy,0,,0.0,,,keyword planner,0;0;0;0;0;0;0;0;0;0;0;0
help to buy and shared equity,Head terms (help to buy scheme),barefoot investor help to buy scheme,0,,,,transactional,dataforseo labs,
help to buy and shared equity,Head terms (help to buy scheme),best help to buy deals,0,,0.0,,,keyword planner,
help to buy and shared equity,Head terms (help to buy scheme),bno visa help to buy,0,,0.0,,,keyword planner,
help to buy and shared equity,Head terms (help to buy scheme),boris johnson new help to buy scheme,0,,0.0,,,keyword planner,
help to buy and shared equity,Head terms (help to buy scheme),british army help to buy scheme,0,,0.0,,,keyword planner,0;0;0;0;0;0;0;0;0;0;0;0
help to buy and shared equity,Head terms (help to buy scheme),buy a house with help to buy,0,,0.0,,,keyword planner,0;0;0;0;0;0;0;0;0;0;0;0
help to buy and shared equity,Head terms (help to buy scheme),buy help to buy house,0,,0.0,,,keyword planner,0;0;0;0;0;0;0;0;0;0;0;0
help to buy and shared equity,Head terms (help to buy scheme),buy to let help to buy,0,,0.0,,,keyword planner,
help to buy and shared equity,Head terms (help to buy scheme),buy to let with help to buy,0,,0.0,,,keyword planner,
help to buy and shared equity,Head terms (help to buy scheme),buying a house help to buy scheme,0,,0.0,,transactional,keyword planner,0;0;0;0;0;0;0;0;0;0;0;0
help to buy and shared equity,Head terms (help to buy scheme),buying out help to buy loan,0,,0.0,,,keyword planner,0;0;0;0;0;0;0;0;0;0;0;0
help to buy and shared equity,Head terms (help to buy scheme),cheap help to buy properties,0,,0.0,,,keyword planner,
help to buy and shared equity,Head terms (help to buy scheme),civil service help to buy,0,,0.0,,,keyword planner,0;0;0;0;0;0;0;0;0;0;0;0
help to buy and shared equity,Head terms (help to buy scheme),countryside help to buy,0,,0.0,,,keyword planner,
help to buy and shared equity,Head terms (help to buy scheme),ctd help to buy,0,,0.0,,,keyword planner,
help to buy and shared equity,Head terms (help to buy scheme),decision in principle help to buy,0,,0.0,,,keyword planner,0;0;0;0;0;0;0;0;0;0;0;0
help to buy and shared equity,Head terms (help to buy scheme),east midlands help to buy,0,,0.0,,,keyword planner,
help to buy and shared equity,Head terms (help to buy scheme),elms help to buy,0,,0.0,,,keyword planner,0;0;0;0;0;0;0;0;0;0;0;0
help to buy and shared equity,Head terms (help to buy scheme),enhanced help to buy scheme,0,,0.0,,informational,keyword planner,0;0;0;0;0;0;0;0;0;0;0;0
help to buy and shared equity,Head terms (help to buy scheme),epsom help to buy,0,,0.0,,,keyword planner,
help to buy and shared equity,Head terms (help to buy scheme),equity loan help to buy properties,0,,0.0,,,keyword planner,0;0;0;0;0;0;0;0;0;0;0;0
help to buy and shared equity,Head terms (help to buy scheme),equity loan help to buy scheme,0,,0.0,,,keyword planner,
help to buy and shared equity,Head terms (help to buy scheme),equity loan scheme help to buy,0,,0.0,,,keyword planner,0;0;0;0;0;0;0;0;0;0;0;0
help to buy and shared equity,Head terms (help to buy scheme),equity release help to buy,0,,0.0,,,keyword planner,0;0;0;0;0;0;0;0;0;0;0;0
help to buy and shared equity,Head terms (help to buy scheme),equity rent help to buy,0,,0.0,,,keyword planner,0;0;0;0;0;0;0;0;0;0;0;0
help to buy and shared equity,Head terms (help to buy scheme),even help to buy,0,,0.0,,,keyword planner,0;0;0;0;0;0;0;0;0;0;0;0
help to buy and shared equity,Head terms (help to buy scheme),even help to buy scheme,0,,0.0,,,keyword planner,
help to buy and shared equity,Head terms (help to buy scheme),extended help to buy scheme,0,,0.0,,,keyword planner,0;0;0;0;0;0;0;0;0;0;0;0
help to buy and shared equity,Head terms (help to buy scheme),extension help to buy,0,,0.0,,,keyword planner,
help to buy and shared equity,Head terms (help to buy scheme),fairview help to buy,0,,0.0,,,keyword planner,
help to buy and shared equity,Head terms (help to buy scheme),find help to buy,0,,0.0,,,keyword planner,
help to buy and shared equity,Head terms (help to buy scheme),first direct help to buy,0,,0.0,,,keyword planner,0;0;0;0;0;0;0;0;0;0;0;0
help to buy and shared equity,Head terms (help to buy scheme),first house help to buy,0,,0.0,,,keyword planner,0;0;0;0;0;0;0;0;0;0;0;0
help to buy and shared equity,Head terms (help to buy scheme),flats for sale help to buy,0,,0.0,,,keyword planner,
help to buy and shared equity,Head terms (help to buy scheme),flats help to buy,0,,0.0,,,keyword planner,
help to buy and shared equity,Head terms (help to buy scheme),generation home help to buy,0,,0.0,,,keyword planner,
help to buy and shared equity,Head terms (help to buy scheme),getting out of help to buy,0,,0.0,,,keyword planner,
help to buy and shared equity,Head terms (help to buy scheme),gov help to buy scheme 2021,0,,0.0,,,keyword planner,0;0;0;0;0;0;0;0;0;0;0;0
help to buy and shared equity,Head terms (help to buy scheme),government bonus help to buy,0,,0.0,,,keyword planner,
help to buy and shared equity,Head terms (help to buy scheme),government equity loan help to buy,0,,0.0,,,keyword planner,0;0;0;0;0;0;0;0;0;0;0;0
help to buy and shared equity,Head terms (help to buy scheme),government help to buy 2022,0,,0.0,,,keyword planner,0;0;0;0;0;0;0;0;0;0;0;0
help to buy and shared equity,Head terms (help to buy scheme),government help to buy 2023,0,,0.0,,,keyword planner,0;0;0;0;0;0;0;0;0;0;0;0
help to buy and shared equity,Head terms (help to buy scheme),government help to buy equity loan scheme,0,,0.0,,,keyword planner,
help to buy and shared equity,Head terms (help to buy scheme),government help to buy house 2022,0,,0.0,,,keyword planner,0;0;0;0;0;0;0;0;0;0;0;0
help to buy and shared equity,Head terms (help to buy scheme),government help to buy nhs workers,0,,0.0,,,keyword planner,
help to buy and shared equity,Head terms (help to buy scheme),government help to buy scheme 2021,0,,,,informational,dataforseo labs,
help to buy and shared equity,Head terms (help to buy scheme),government help to buy scheme 2022,0,,0.0,,,keyword planner,0;0;0;0;0;0;0;0;0;0;0;0
help to buy and shared equity,Head terms (help to buy scheme),government help to buy scheme on older homes,0,,0.0,,,keyword planner,0;0;0;0;0;0;0;0;0;0;0;0
help to buy and shared equity,Head terms (help to buy scheme),ground rent help to buy,0,,0.0,,,keyword planner,0;0;0;0;0;0;0;0;0;0;0;0
help to buy and shared equity,Head terms (help to buy scheme),habito help to buy,0,,0.0,,,keyword planner,
help to buy and shared equity,Head terms (help to buy scheme),hackney help to buy,0,,,,informational,dataforseo labs,
help to buy and shared equity,Head terms (help to buy scheme),help to buy 1 a month,0,,0.0,,,keyword planner,0;0;0;0;0;0;0;0;0;0;0;0
help to buy and shared equity,Head terms (help to buy scheme),help to buy 1 scheme,0,,0.0,,,keyword planner,
help to buy and shared equity,Head terms (help to buy scheme),help to buy 15,0,,0.0,,,keyword planner,0;0;0;0;0;0;0;0;0;0;0;0
help to buy and shared equity,Head terms (help to buy scheme),help to buy 1st time buyer,0,,0.0,,,keyword planner,0;0;0;0;0;0;0;0;0;0;0;0
help to buy and shared equity,Head terms (help to buy scheme),help to buy 2 bed house,0,,0.0,,,keyword planner,
help to buy and shared equity,Head terms (help to buy scheme),help to buy 2 bedroom,0,,0.0,,,keyword planner,
help to buy and shared equity,Head terms (help to buy scheme),help to buy 2 bedroom house,0,,0.0,,,keyword planner,
help to buy and shared equity,Head terms (help to buy scheme),help to buy 20,0,,0.0,,,keyword planner,0;0;0;0;0;0;0;0;0;0;0;0
help to buy and shared equity,Head terms (help to buy scheme),help to buy 20 equity loan,0,,0.0,,,keyword planner,
help to buy and shared equity,Head terms (help to buy scheme),help to buy 20 government loan,0,,0.0,,,keyword planner,
help to buy and shared equity,Head terms (help to buy scheme),help to buy 20 loan,0,,0.0,,,keyword planner,
help to buy and shared equity,Head terms (help to buy scheme),help to buy 200,0,,0.0,,,keyword planner,
help to buy and shared equity,Head terms (help to buy scheme),help to buy 2013 to 2021,0,,0.0,,,keyword planner,0;0;0;0;0;0;0;0;0;0;0;0
help to buy and shared equity,Head terms (help to buy scheme),help to buy 2014,0,,0.0,,,keyword planner,0;0;0;0;0;0;0;0;0;0;0;0
help to buy and shared equity,Head terms (help to buy scheme),help to buy 2016,0,,0.0,,,keyword planner,0;0;0;0;0;0;0;0;0;0;0;0
help to buy and shared equity,Head terms (help to buy scheme),help to buy 2017,0,,0.0,,,keyword planner,0;0;0;0;0;0;0;0;0;0;0;0
help to buy and shared equity,Head terms (help to buy scheme),help to buy 2018,0,,0.0,,,keyword planner,
help to buy and shared equity,Head terms (help to buy scheme),help to buy 2019,0,,0.0,,,keyword planner,0;0;0;0;0;0;0;0;0;0;0;0
help to buy and shared equity,Head terms (help to buy scheme),help to buy 2020,0,,0.0,,,keyword planner,0;0;0;0;0;0;0;0;0;0;0;0
help to buy and shared equity,Head terms (help to buy scheme),help to buy 2021,0,,0.0,,,keyword planner,0;0;0;0;0;0;0;0;0;0;0;0
help to buy and shared equity,Head terms (help to buy scheme),help to buy 2021 2023,0,,0.0,,,keyword planner,0;0;0;0;0;0;0;0;0;0;0;0
help to buy and shared equity,Head terms (help to buy scheme),help to buy 2021 23,0,,0.0,,,keyword planner,
help to buy and shared equity,Head terms (help to buy scheme),help to buy 2021 to 2023,0,,0.0,,,keyword planner,0;0;0;0;0;0;0;0;0;0;0;0
help to buy and shared equity,Head terms (help to buy scheme),help to buy 21 23,0,,0.0,,,keyword planner,
help to buy and shared equity,Head terms (help to buy scheme),help to buy 25 percent,0,,0.0,,,keyword planner,
help to buy and shared equity,Head terms (help to buy scheme),help to buy 3 bedroom house,0,,0.0,,,keyword planner,0;0;0;0;0;0;0;0;0;0;0;0
help to buy and shared equity,Head terms (help to buy scheme),help to buy 300000,0,,0.0,,,keyword planner,0;0;0;0;0;0;0;0;0;0;0;0
help to buy and shared equity,Head terms (help to buy scheme),help to buy 31st october,0,,0.0,,,keyword planner,
help to buy and shared equity,Head terms (help to buy scheme),help to buy 4,0,,0.0,,,keyword planner,
help to buy and shared equity,Head terms (help to buy scheme),help to buy 4 bedroom house,0,,0.0,,,keyword planner,
help to buy and shared equity,Head terms (help to buy scheme),help to buy 40 areas,0,,0.0,,,keyword planner,
help to buy and shared equity,Head terms (help to buy scheme),help to buy 40 loan,0,,0.0,,,keyword planner,
help to buy and shared equity,Head terms (help to buy scheme),help to buy 50 off,0,,0.0,,,keyword planner,
help to buy and shared equity,Head terms (help to buy scheme),help to buy 600000,0,,0.0,,,keyword planner,
help to buy and shared equity,Head terms (help to buy scheme),help to buy 600k,0,,0.0,,,keyword planner,0;0;0;0;0;0;0;0;0;0;0;0
help to buy and shared equity,Head terms (help to buy scheme),help to buy 70,0,,0.0,,,keyword planner,0;0;0;0;0;0;0;0;0;0;0;0
help to buy and shared equity,Head terms (help to buy scheme),help to buy 95,0,,0.0,,,keyword planner,
help to buy and shared equity,Head terms (help to buy scheme),help to buy affordability,0,,0.0,,,keyword planner,0;0;0;0;0;0;0;0;0;0;0;0
help to buy and shared equity,Head terms (help to buy scheme),help to buy affordability check,0,,0.0,,,keyword planner,
help to buy and shared equity,Head terms (help to buy scheme),help to buy after 2023,0,,0.0,,,keyword planner,0;0;0;0;0;0;0;0;0;0;0;0
help to buy and shared equity,Head terms (help to buy scheme),help to buy after october 2022,0,,0.0,,,keyword planner,
help to buy and shared equity,Head terms (help to buy scheme),help to buy agreement in principle,0,,0.0,,,keyword planner,0;0;0;0;0;0;0;0;0;0;0;0
help to buy and shared equity,Head terms (help to buy scheme),help to buy aip,0,,0.0,,,keyword planner,
help to buy and shared equity,Head terms (help to buy scheme),help to buy allowance,0,,0.0,,,keyword planner,0;0;0;0;0;0;0;0;0;0;0;0
help to buy and shared equity,Head terms (help to buy scheme),help to buy already own a property,0,,0.0,,,keyword planner,
help to buy and shared equity,Head terms (help to buy scheme),help to buy and buy to let,0,,0.0,,,keyword planner,0;0;0;0;0;0;0;0;0;0;0;0
help to buy and shared equity,Head terms (help to buy scheme),help to buy and part exchange,0,,0.0,,,keyword planner,
help to buy and shared equity,Head terms (help to buy scheme),help to buy area caps,0,,0.0,,,keyword planner,0;0;0;0;0;0;0;0;0;0;0;0
help to buy and shared equity,Head terms (help to buy scheme),help to buy army,0,,0.0,,,keyword planner,
help to buy and shared equity,Head terms (help to buy scheme),help to buy assets,0,,0.0,,,keyword planner,
help to buy and shared equity,Head terms (help to buy scheme),help to buy ate,0,,0.0,,,keyword planner,
help to buy and shared equity,Head terms (help to buy scheme),help to buy atp,0,,0.0,,,keyword planner,
help to buy and shared equity,Head terms (help to buy scheme),help to buy authority to exchange,0,,0.0,,,keyword planner,
help to buy and shared equity,Head terms (help to buy scheme),help to buy authority to exchange delay,0,,0.0,,,keyword planner,
help to buy and shared equity,Head terms (help to buy scheme),help to buy authority to exchange refused,0,,0.0,,,keyword planner,
help to buy and shared equity,Head terms (help to buy scheme),help to buy authority to exchange timescale,0,,0.0,,,keyword planner,
help to buy and shared equity,Head terms (help to buy scheme),help to buy authority to proceed,0,,0.0,,,keyword planner,0;0;0;0;0;0;0;0;0;0;0;0
help to buy and shared equity,Head terms (help to buy scheme),help to buy authority to proceed extension,0,,0.0,,,keyword planner,
help to buy and shared equity,Head terms (help to buy scheme),help to buy authority to proceed refused,0,,0.0,,,keyword planner,
help to buy and shared equity,Head terms (help to buy scheme),help to buy bno,0,,0.0,,,keyword planner,
help to buy and shared equity,Head terms (help to buy scheme),help to buy bno visa,0,,0.0,,,keyword planner,
help to buy and shared equity,Head terms (help to buy scheme),help to buy bromley,0,,,,transactional,dataforseo labs,
help to buy and shared equity,Head terms (help to buy scheme),help to buy buy to let,0,,0.0,,,keyword planner,0;0;0;0;0;0;0;0;0;0;0;0
help to buy and shared equity,Head terms (help to buy scheme),help to buy can i buy second home,0,,0.0,,,keyword planner,0;0;0;0;0;0;0;0;0;0;0;0
help to buy and shared equity,Head terms (help to buy scheme),help to buy cancelled,0,,0.0,,,keyword planner,0;0;0;0;0;0;0;0;0;0;0;0
help to buy and shared equity,Head terms (help to buy scheme),help to buy capital growth,0,,0.0,,,keyword planner,
help to buy and shared equity,Head terms (help to buy scheme),help to buy cladding,0,,0.0,,,keyword planner,0;0;0;0;0;0;0;0;0;0;0;0
help to buy and shared equity,Head terms (help to buy scheme),help to buy closing,0,,0.0,,,keyword planner,0;0;0;0;0;0;0;0;0;0;0;0
help to buy and shared equity,Head terms (help to buy scheme),help to buy completion,0,,0.0,,,keyword planner,0;0;0;0;0;0;0;0;0;0;0;0
help to buy and shared equity,Head terms (help to buy scheme),help to buy completion process,0,,0.0,,,keyword planner,0;0;0;0;0;0;0;0;0;0;0;0
help to buy and shared equity,Head terms (help to buy scheme),help to buy criticism,0,,0.0,,,keyword planner,0;0;0;0;0;0;0;0;0;0;0;0
help to buy and shared equity,Head terms (help to buy scheme),help to buy current scheme,0,,0.0,,,keyword planner,0;0;0;0;0;0;0;0;0;0;0;0
help to buy and shared equity,Head terms (help to buy scheme),help to buy dartford,0,,,,transactional,dataforseo labs,
help to buy and shared equity,Head terms (help to buy scheme),help to buy declined,0,,0.0,,,keyword planner,
help to buy and shared equity,Head terms (help to buy scheme),help to buy developer,0,,0.0,,,keyword planner,0;0;0;0;0;0;0;0;0;0;0;0
help to buy and shared equity,Head terms (help to buy scheme),help to buy developments,0,,0.0,,,keyword planner,0;0;0;0;0;0;0;0;0;0;0;0
help to buy and shared equity,Head terms (help to buy scheme),help to buy disabled,0,,0.0,,,keyword planner,0;0;0;0;0;0;0;0;0;0;0;0
help to buy and shared equity,Head terms (help to buy scheme),help to buy discount,0,,0.0,,,keyword planner,0;0;0;0;0;0;0;0;0;0;0;0
help to buy and shared equity,Head terms (help to buy scheme),help to buy discount scheme,0,,0.0,,,keyword planner,
help to buy and shared equity,Head terms (help to buy scheme),help to buy discounted rent scheme,0,,0.0,,,keyword planner,
help to buy and shared equity,Head terms (help to buy scheme),help to buy discounted sale scheme,0,,0.0,,,keyword planner,
help to buy and shared equity,Head terms (help to buy scheme),help to buy elderbridge,0,,,,informational,dataforseo labs,
help to buy and shared equity,Head terms (help to buy scheme),help to buy elms,0,,0.0,,,keyword planner,
help to buy and shared equity,Head terms (help to buy scheme),help to buy equity homes,0,,0.0,,,keyword planner,0;0;0;0;0;0;0;0;0;0;0;0
help to buy and shared equity,Head terms (help to buy scheme),help to buy equity loan 2016,0,,0.0,,,keyword planner,
help to buy and shared equity,Head terms (help to buy scheme),help to buy equity loan 2020,0,,0.0,,,keyword planner,
help to buy and shared equity,Head terms (help to buy scheme),help to buy equity loan 2021,0,,0.0,,,keyword planner,
help to buy and shared equity,Head terms (help to buy scheme),help to buy equity loan 2021 2023,0,,0.0,,,keyword planner,0;0;0;0;0;0;0;0;0;0;0;0
help to buy and shared equity,Head terms (help to buy scheme),help to buy equity loan 2021 23,0,,0.0,,,keyword planner,
help to buy and shared equity,Head terms (help to buy scheme),help to buy equity loan 2022,0,,0.0,,,keyword planner,0;0;0;0;0;0;0;0;0;0;0;0
help to buy and shared equity,Head terms (help to buy scheme),help to buy equity loan 2023,0,,0.0,,,keyword planner,0;0;0;0;0;0;0;0;0;0;0;0
help to buy and shared equity,Head terms (help to buy scheme),help to buy equity loan affordability,0,,0.0,,,keyword planner,
help to buy and shared equity,Head terms (help to buy scheme),help to buy equity loan amount,0,,0.0,,,keyword planner,
help to buy and shared equity,Head terms (help to buy scheme),help to buy equity loan declined,0,,0.0,,,keyword planner,0;0;0;0;0;0;0;0;0;0;0;0
help to buy and shared equity,Head terms (help to buy scheme),help to buy equity loan extension,0,,0.0,,,keyword planner,
help to buy and shared equity,Head terms (help to buy scheme),help to buy equity loan fees,0,,0.0,,,keyword planner,0;0;0;0;0;0;0;0;0;0;0;0
help to buy and shared equity,Head terms (help to buy scheme),help to buy equity loan homes,0,,0.0,,,keyword planner,
help to buy and shared equity,Head terms (help to buy scheme),help to buy equity loan how much can i borrow,0,,0.0,,,keyword planner,0;0;0;0;0;0;0;0;0;0;0;0
help to buy and shared equity,Head terms (help to buy scheme),help to buy equity loan monthly payments,0,,0.0,,,keyword planner,
help to buy and shared equity,Head terms (help to buy scheme),help to buy equity loan on older properties,0,,0.0,,,keyword planner,
help to buy and shared equity,Head terms (help to buy scheme),help to buy equity loan process,0,,0.0,,,keyword planner,
help to buy and shared equity,Head terms (help to buy scheme),help to buy equity loan properties,0,,0.0,,transactional,keyword planner,0;0;0;0;0;0;0;0;0;0;0;0
help to buy and shared equity,Head terms (help to buy scheme),help to buy equity loan rates,0,,0.0,,,keyword planner,
help to buy and shared equity,Head terms (help to buy scheme),help to buy equity loan restrictions,0,,0.0,,,keyword planner,
help to buy and shared equity,Head terms (help to buy scheme),help to buy equity loan scheme 2021 2023,0,,0.0,,,keyword planner,
help to buy and shared equity,Head terms (help to buy scheme),help to buy equity loan second home,0,,0.0,,,keyword planner,
help to buy and shared equity,Head terms (help to buy scheme),help to buy equity loan self employed,0,,0.0,,,keyword planner,
help to buy and shared equity,Head terms (help to buy scheme),help to buy equity properties,0,,0.0,,,keyword planner,
help to buy and shared equity,Head terms (help to buy scheme),help to buy even,0,,0.0,,,keyword planner,
help to buy and shared equity,Head terms (help to buy scheme),help to buy exchange of contracts,0,,0.0,,,keyword planner,
help to buy and shared equity,Head terms (help to buy scheme),help to buy extension 2022,0,,0.0,,,keyword planner,0;0;0;0;0;0;0;0;0;0;0;0
help to buy and shared equity,Head terms (help to buy scheme),help to buy extension 2023,0,,0.0,,transactional,keyword planner,0;0;0;0;0;0;0;0;0;0;0;0
help to buy and shared equity,Head terms (help to buy scheme),help to buy find a home,0,,0.0,,,keyword planner,0;0;0;0;0;0;0;0;0;0;0;0
help to buy and shared equity,Head terms (help to buy scheme),help to buy flats near me,0,,0.0,,,keyword planner,0;0;0;0;0;0;0;0;0;0;0;0
help to buy and shared equity,Head terms (help to buy scheme),help to buy for 2nd time buyers,0,,0.0,,,keyword planner,0;0;0;0;0;0;0;0;0;0;0;0
help to buy and shared equity,Head terms (help to buy scheme),help to buy for dummies,0,,0.0,,,keyword planner,
help to buy and shared equity,Head terms (help to buy scheme),help to buy for home movers,0,,0.0,,,keyword planner,0;0;0;0;0;0;0;0;0;0;0;0
help to buy and shared equity,Head terms (help to buy scheme),help to buy for homeowners,0,,0.0,,,keyword planner,
help to buy and shared equity,Head terms (help to buy scheme),help to buy for housing association tenants,0,,0.0,,,keyword planner,
help to buy and shared equity,Head terms (help to buy scheme),help to buy for nhs staff,0,,0.0,,,keyword planner,
help to buy and shared equity,Head terms (help to buy scheme),help to buy for nhs workers,0,,0.0,,,keyword planner,0;0;0;0;0;0;0;0;0;0;0;0
help to buy and shared equity,Head terms (help to buy scheme),help to buy for older buyers,0,,0.0,,,keyword planner,0;0;0;0;0;0;0;0;0;0;0;0
help to buy and shared equity,Head terms (help to buy scheme),help to buy for over 60s,0,,0.0,,,keyword planner,0;0;0;0;0;0;0;0;0;0;0;0
help to buy and shared equity,Head terms (help to buy scheme),help to buy for rental property,0,,0.0,,,keyword planner,0;0;0;0;0;0;0;0;0;0;0;0
help to buy and shared equity,Head terms (help to buy scheme),help to buy for sale,0,,0.0,,,keyword planner,0;0;0;0;0;0;0;0;0;0;0;0
help to buy and shared equity,Head terms (help to buy scheme),help to buy for used homes,0,,0.0,,,keyword planner,
help to buy and shared equity,Head terms (help to buy scheme),help to buy foreign nationals,0,,0.0,,,keyword planner,
help to buy and shared equity,Head terms (help to buy scheme),help to buy government scheme 2021,0,,0.0,,,keyword planner,0;0;0;0;0;0;0;0;0;0;0;0
help to buy and shared equity,Head terms (help to buy scheme),help to buy government scheme 2022,0,,0.0,,informational,keyword planner,0;0;0;0;0;0;0;0;0;0;0;0
help to buy and shared equity,Head terms (help to buy scheme),help to buy government scheme 2023,0,,,,informational,dataforseo labs,
help to buy and shared equity,Head terms (help to buy scheme),help to buy government scheme 2024,0,,,,informational,dataforseo labs,
help to buy and shared equity,Head terms (help to buy scheme),help to buy ground rent,0,,0.0,,,keyword planner,
help to buy and shared equity,Head terms (help to buy scheme),help to buy guidance for solicitors,0,,0.0,,,keyword planner,
help to buy and shared equity,Head terms (help to buy scheme),help to buy half price,0,,0.0,,,keyword planner,
help to buy and shared equity,Head terms (help to buy scheme),help to buy hca,0,,0.0,,,keyword planner,0;0;0;0;0;0;0;0;0;0;0;0
help to buy and shared equity,Head terms (help to buy scheme),help to buy high wycombe,0,,0.0,,,keyword planner,0;0;0;0;0;0;0;0;0;0;0;0
help to buy and shared equity,Head terms (help to buy scheme),help to buy hm government,0,,0.0,,,keyword planner,
help to buy and shared equity,Head terms (help to buy scheme),help to buy hmrc,0,,0.0,,,keyword planner,0;0;0;0;0;0;0;0;0;0;0;0
help to buy and shared equity,Head terms (help to buy scheme),help to buy home movers,0,,0.0,,,keyword planner,
help to buy and shared equity,Head terms (help to buy scheme),help to buy home search,0,,0.0,,,keyword planner,0;0;0;0;0;0;0;0;0;0;0;0
help to buy and shared equity,Head terms (help to buy scheme),help to buy housing association,0,,0.0,,,keyword planner,0;0;0;0;0;0;0;0;0;0;0;0
help to buy and shared equity,Head terms (help to buy scheme),help to buy how much does the government give you,0,,0.0,,,keyword planner,0;0;0;0;0;0;0;0;0;0;0;0
help to buy and shared equity,Head terms (help to buy scheme),help to buy i,0,,0.0,,,keyword planner,0;0;0;0;0;0;0;0;0;0;0;0
help to buy and shared equity,Head terms (help to buy scheme),help to buy in my area,0,,0.0,,,keyword planner,
help to buy and shared equity,Head terms (help to buy scheme),help to buy increase house prices,0,,0.0,,,keyword planner,0;0;0;0;0;0;0;0;0;0;0;0
help to buy and shared equity,Head terms (help to buy scheme),help to buy intermediate rent scheme,0,,0.0,,,keyword planner,
help to buy and shared equity,Head terms (help to buy scheme),help to buy is a,0,,0.0,,,keyword planner,0;0;0;0;0;0;0;0;0;0;0;0
help to buy and shared equity,Head terms (help to buy scheme),help to buy is a con,0,,0.0,,,keyword planner,
help to buy and shared equity,Head terms (help to buy scheme),help to buy jak to działa,0,,0.0,,,keyword planner,
help to buy and shared equity,Head terms (help to buy scheme),help to buy july 2023,0,,0.0,,,keyword planner,0;0;0;0;0;0;0;0;0;0;0;0
help to buy and shared equity,Head terms (help to buy scheme),help to buy l,0,,0.0,,,keyword planner,0;0;0;0;0;0;0;0;0;0;0;0
help to buy and shared equity,Head terms (help to buy scheme),help to buy let,0,,0.0,,,keyword planner,
help to buy and shared equity,Head terms (help to buy scheme),help to buy loan to value,0,,0.0,,,keyword planner,
help to buy and shared equity,Head terms (help to buy scheme),help to buy loopholes,0,,0.0,,,keyword planner,
help to buy and shared equity,Head terms (help to buy scheme),help to buy ltv,0,,0.0,,,keyword planner,0;0;0;0;0;0;0;0;0;0;0;0
help to buy and shared equity,Head terms (help to buy scheme),help to buy march 2023,0,,0.0,,,keyword planner,
help to buy and shared equity,Head terms (help to buy scheme),help to buy midland,0,,0.0,,,keyword planner,0;0;0;0;0;0;0;0;0;0;0;0
help to buy and shared equity,Head terms (help to buy scheme),help to buy monthly payments,0,,0.0,,,keyword planner,
help to buy and shared equity,Head terms (help to buy scheme),help to buy na czym polega,0,,0.0,,,keyword planner,
help to buy and shared equity,Head terms (help to buy scheme),help to buy new addington,0,,0.0,,,keyword planner,
help to buy and shared equity,Head terms (help to buy scheme),help to buy new developments,0,,0.0,,,keyword planner,
help to buy and shared equity,Head terms (help to buy scheme),help to buy new milton,0,,0.0,,,keyword planner,
help to buy and shared equity,Head terms (help to buy scheme),help to buy nhs,0,,0.0,,,keyword planner,
help to buy and shared equity,Head terms (help to buy scheme),help to buy nhs workers,0,,0.0,,,keyword planner,0;0;0;0;0;0;0;0;0;0;0;0
help to buy and shared equity,Head terms (help to buy scheme),help to buy north,0,,0.0,,,keyword planner,0;0;0;0;0;0;0;0;0;0;0;0
help to buy and shared equity,Head terms (help to buy scheme),help to buy np code,0,,0.0,,,keyword planner,0;0;0;0;0;0;0;0;0;0;0;0
help to buy and shared equity,Head terms (help to buy scheme),help to buy october 2022,0,,0.0,,,keyword planner,0;0;0;0;0;0;0;0;0;0;0;0
help to buy and shared equity,Head terms (help to buy scheme),help to buy offers,0,,0.0,,,keyword planner,0;0;0;0;0;0;0;0;0;0;0;0
help to buy and shared equity,Head terms (help to buy scheme),help to buy old property,0,,0.0,,,keyword planner,0;0;0;0;0;0;0;0;0;0;0;0
help to buy and shared equity,Head terms (help to buy scheme),help to buy old scheme,0,,0.0,,,keyword planner,
help to buy and shared equity,Head terms (help to buy scheme),help to buy on any property,0,,0.0,,,keyword planner,
help to buy and shared equity,Head terms (help to buy scheme),help to buy on buy to let,0,,0.0,,,keyword planner,0;0;0;0;0;0;0;0;0;0;0;0
help to buy and shared equity,Head terms (help to buy scheme),help to buy on older properties,0,,0.0,,,keyword planner,0;0;0;0;0;0;0;0;0;0;0;0
help to buy and shared equity,Head terms (help to buy scheme),help to buy on pre owned homes,0,,0.0,,,keyword planner,0;0;0;0;0;0;0;0;0;0;0;0
help to buy and shared equity,Head terms (help to buy scheme),help to buy on used homes,0,,0.0,,,keyword planner,
help to buy and shared equity,Head terms (help to buy scheme),help to buy options,0,,0.0,,,keyword planner,0;0;0;0;0;0;0;0;0;0;0;0
help to buy and shared equity,Head terms (help to buy scheme),help to buy orbit,0,,0.0,,,keyword planner,
help to buy and shared equity,Head terms (help to buy scheme),help to buy over 40,0,,0.0,,,keyword planner,0;0;0;0;0;0;0;0;0;0;0;0
help to buy and shared equity,Head terms (help to buy scheme),help to buy over 60,0,,0.0,,,keyword planner,0;0;0;0;0;0;0;0;0;0;0;0
help to buy and shared equity,Head terms (help to buy scheme),help to buy over 600k,0,,0.0,,,keyword planner,
help to buy and shared equity,Head terms (help to buy scheme),help to buy part buy part rent,0,,0.0,,,keyword planner,0;0;0;0;0;0;0;0;0;0;0;0
help to buy and shared equity,Head terms (help to buy scheme),help to buy part exchange,0,,0.0,,,keyword planner,
help to buy and shared equity,Head terms (help to buy scheme),help to buy phase 2,0,,0.0,,,keyword planner,0;0;0;0;0;0;0;0;0;0;0;0
help to buy and shared equity,Head terms (help to buy scheme),help to buy pif,0,,0.0,,,keyword planner,
help to buy and shared equity,Head terms (help to buy scheme),help to buy practical completion,0,,0.0,,,keyword planner,
help to buy and shared equity,Head terms (help to buy scheme),help to buy process for solicitors,0,,0.0,,,keyword planner,0;0;0;0;0;0;0;0;0;0;0;0
help to buy and shared equity,Head terms (help to buy scheme),help to buy properties epsom,0,,0.0,,,keyword planner,
help to buy and shared equity,Head terms (help to buy scheme),help to buy properties sussex,0,,0.0,,,keyword planner,
help to buy and shared equity,Head terms (help to buy scheme),help to buy property developers,0,,0.0,,,keyword planner,0;0;0;0;0;0;0;0;0;0;0;0
help to buy and shared equity,Head terms (help to buy scheme),help to buy reference,0,,0.0,,,keyword planner,
help to buy and shared equity,Head terms (help to buy scheme),help to buy regions map,0,,0.0,,,keyword planner,0;0;0;0;0;0;0;0;0;0;0;0
help to buy and shared equity,Head terms (help to buy scheme),help to buy registered developers list,0,,,,transactional,dataforseo labs,
help to buy and shared equity,Head terms (help to buy scheme),help to buy registered homebuilder,0,,0.0,,,keyword planner,0;0;0;0;0;0;0;0;0;0;0;0
help to buy and shared equity,Head terms (help to buy scheme),help to buy registration number,0,,0.0,,,keyword planner,
help to buy and shared equity,Head terms (help to buy scheme),help to buy release of funds,0,,0.0,,,keyword planner,
help to buy and shared equity,Head terms (help to buy scheme),help to buy replacement 2023,0,,0.0,,,keyword planner,
help to buy and shared equity,Head terms (help to buy scheme),help to buy replacement scheme,0,,0.0,,,keyword planner,0;0;0;0;0;0;0;0;0;0;0;0
help to buy and shared equity,Head terms (help to buy scheme),help to buy resale,0,,0.0,,,keyword planner,0;0;0;0;0;0;0;0;0;0;0;0
help to buy and shared equity,Head terms (help to buy scheme),help to buy resale properties,0,,0.0,,,keyword planner,
help to buy and shared equity,Head terms (help to buy scheme),help to buy resales,0,,0.0,,,keyword planner,0;0;0;0;0;0;0;0;0;0;0;0
help to buy and shared equity,Head terms (help to buy scheme),help to buy reservation fee,0,,0.0,,,keyword planner,
help to buy and shared equity,Head terms (help to buy scheme),help to buy return to user,0,,0.0,,,keyword planner,
help to buy and shared equity,Head terms (help to buy scheme),help to buy return to user status,0,,0.0,,,keyword planner,
help to buy and shared equity,Head terms (help to buy scheme),help to buy richmond upon thames,0,,,,transactional,dataforseo labs,
help to buy and shared equity,Head terms (help to buy scheme),help to buy rpi,0,,0.0,,,keyword planner,
help to buy and shared equity,Head terms (help to buy scheme),help to buy running out,0,,0.0,,,keyword planner,
help to buy and shared equity,Head terms (help to buy scheme),help to buy scandal,0,,0.0,,,keyword planner,
help to buy and shared equity,Head terms (help to buy scheme),help to buy scheme 1,0,,0.0,,,keyword planner,
help to buy and shared equity,Head terms (help to buy scheme),help to buy scheme 20 equity loan,0,,0.0,,,keyword planner,
help to buy and shared equity,Head terms (help to buy scheme),help to buy scheme 2013,0,,0.0,,,keyword planner,0;0;0;0;0;0;0;0;0;0;0;0
help to buy and shared equity,Head terms (help to buy scheme),help to buy scheme 2015,0,,,,transactional,dataforseo labs,
help to buy and shared equity,Head terms (help to buy scheme),help to buy scheme 2016,0,,0.0,,,keyword planner,
help to buy and shared equity,Head terms (help to buy scheme),help to buy scheme 2017,0,,0.0,,,keyword planner,
help to buy and shared equity,Head terms (help to buy scheme),help to buy scheme 2018,0,,0.0,,informational,keyword planner,0;0;0;0;0;0;0;0;0;0;0;0
help to buy and shared equity,Head terms (help to buy scheme),help to buy scheme 2019,0,,0.0,,,keyword planner,
help to buy and shared equity,Head terms (help to buy scheme),help to buy scheme 2020,0,,0.0,,informational,keyword planner,0;0;0;0;0;0;0;0;0;0;0;0
help to buy and shared equity,Head terms (help to buy scheme),help to buy scheme 2021 to 2023,0,,0.0,,,keyword planner,
help to buy and shared equity,Head terms (help to buy scheme),help to buy scheme account,0,,0.0,,,keyword planner,
help to buy and shared equity,Head terms (help to buy scheme),help to buy scheme after 2023,0,,0.0,,,keyword planner,
help to buy and shared equity,Head terms (help to buy scheme),help to buy scheme australia 2022,0,,0.0,,informational,keyword planner,0;0;0;0;0;0;0;0;0;0;0;0
help to buy and shared equity,Head terms (help to buy scheme),help to buy scheme buy to let,0,,0.0,,,keyword planner,
help to buy and shared equity,Head terms (help to buy scheme),help to buy scheme developers,0,,,,transactional,dataforseo labs,
help to buy and shared equity,Head terms (help to buy scheme),help to buy scheme extended to 2023,0,,0.0,,,keyword planner,
help to buy and shared equity,Head terms (help to buy scheme),help to buy scheme flats,0,,0.0,,,keyword planner,
help to buy and shared equity,Head terms (help to buy scheme),help to buy scheme for foreign nationals,0,,0.0,,,keyword planner,0;0;0;0;0;0;0;0;0;0;0;0
help to buy and shared equity,Head terms (help to buy scheme),help to buy scheme for nhs workers,0,,0.0,,,keyword planner,
help to buy and shared equity,Head terms (help to buy scheme),help to buy scheme hull,0,,0.0,,,keyword planner,
help to buy and shared equity,Head terms (help to buy scheme),help to buy scheme july 2023,0,,0.0,,commercial,keyword planner,0;0;0;0;0;0;0;0;0;0;0;0
help to buy and shared equity,Head terms (help to buy scheme),help to buy scheme lincoln,0,,0.0,,,keyword planner,0;0;0;0;0;0;0;0;0;0;0;0
help to buy and shared equity,Head terms (help to buy scheme),help to buy scheme liverpool,0,,,,transactional,dataforseo labs,
help to buy and shared equity,Head terms (help to buy scheme),help to buy scheme midlands,0,,0.0,,,keyword planner,
help to buy and shared equity,Head terms (help to buy scheme),help to buy scheme money saving expert,0,,,,commercial,dataforseo labs,
help to buy and shared equity,Head terms (help to buy scheme),help to buy scheme old properties,0,,0.0,,,keyword planner,0;0;0;0;0;0;0;0;0;0;0;0
help to buy and shared equity,Head terms (help to buy scheme),help to buy scheme paying back loan,0,,0.0,,,keyword planner,
help to buy and shared equity,Head terms (help to buy scheme),help to buy scheme replacement,0,,0.0,,,keyword planner,0;0;0;0;0;0;0;0;0;0;0;0
help to buy and shared equity,Head terms (help to buy scheme),help to buy scheme rugby,0,,0.0,,,keyword planner,0;0;0;0;0;0;0;0;0;0;0;0
help to buy and shared equity,Head terms (help to buy scheme),help to buy scheme savings account,0,,0.0,,,keyword planner,0;0;0;0;0;0;0;0;0;0;0;0
help to buy and shared equity,Head terms (help to buy scheme),help to buy scheme sheffield,0,,,,transactional,dataforseo labs,
help to buy and shared equity,Head terms (help to buy scheme),help to buy scheme solicitors,0,,0.0,,transactional,keyword planner,0;0;0;0;0;0;0;0;0;0;0;0
help to buy and shared equity,Head terms (help to buy scheme),help to buy scheme sussex,0,,0.0,,,keyword planner,
help to buy and shared equity,Head terms (help to buy scheme),help to buy schemes 2023,0,,0.0,,,keyword planner,0;0;0;0;0;0;0;0;0;0;0;0
help to buy and shared equity,Head terms (help to buy scheme),help to buy search,0,,0.0,,,keyword planner,0;0;0;0;0;0;0;0;0;0;0;0
help to buy and shared equity,Head terms (help to buy scheme),help to buy second charge,0,,0.0,,,keyword planner,0;0;0;0;0;0;0;0;0;0;0;0
help to buy and shared equity,Head terms (help to buy scheme),help to buy self,0,,0.0,,,keyword planner,
help to buy and shared equity,Head terms (help to buy scheme),help to buy service charge,0,,0.0,,,keyword planner,
help to buy and shared equity,Head terms (help to buy scheme),help to buy simulation,0,,0.0,,,keyword planner,
help to buy and shared equity,Head terms (help to buy scheme),help to buy small developers,0,,0.0,,,keyword planner,
help to buy and shared equity,Head terms (help to buy scheme),help to buy solicitors pack,0,,0.0,,,keyword planner,0;0;0;0;0;0;0;0;0;0;0;0
help to buy and shared equity,Head terms (help to buy scheme),help to buy spreadsheet,0,,0.0,,,keyword planner,
help to buy and shared equity,Head terms (help to buy scheme),help to buy timescales,0,,0.0,,,keyword planner,
help to buy and shared equity,Head terms (help to buy scheme),help to buy tips,0,,0.0,,,keyword planner,
help to buy and shared equity,Head terms (help to buy scheme),help to buy to be extended,0,,0.0,,,keyword planner,0;0;0;0;0;0;0;0;0;0;0;0
help to buy and shared equity,Head terms (help to buy scheme),help to buy to buy to let,0,,0.0,,,keyword planner,0;0;0;0;0;0;0;0;0;0;0;0
help to buy and shared equity,Head terms (help to buy scheme),help to buy to rent,0,,0.0,,,keyword planner,0;0;0;0;0;0;0;0;0;0;0;0
help to buy and shared equity,Head terms (help to buy scheme),help to buy under 40,0,,0.0,,,keyword planner,
help to buy and shared equity,Head terms (help to buy scheme),help to buy used homes,0,,0.0,,,keyword planner,0;0;0;0;0;0;0;0;0;0;0;0
help to buy and shared equity,Head terms (help to buy scheme),help to buy used property,0,,0.0,,,keyword planner,
help to buy and shared equity,Head terms (help to buy scheme),help to buy welsh government,0,,0.0,,,keyword planner,0;0;0;0;0;0;0;0;0;0;0;0
help to buy and shared equity,Head terms (help to buy scheme),help to buy west,0,,0.0,,,keyword planner,
help to buy and shared equity,Head terms (help to buy scheme),help to buy westminster,0,,0.0,,,keyword planner,
help to buy and shared equity,Head terms (help to buy scheme),help to buy year 6,0,,0.0,,,keyword planner,
help to buy and shared equity,Head terms (help to buy scheme),help to buy your first house,0,,0.0,,,keyword planner,0;0;0;0;0;0;0;0;0;0;0;0
help to buy and shared equity,Head terms (help to buy scheme),help to buy your own home,0,,0.0,,,keyword planner,0;0;0;0;0;0;0;0;0;0;0;0
help to buy and shared equity,Head terms (help to buy scheme),helptobuy2,0,,0.0,,,keyword planner,0;0;0;0;0;0;0;0;0;0;0;0
help to buy and shared equity,Head terms (help to buy scheme),helptobuyisa,0,,0.0,,,keyword planner,0;0;0;0;0;0;0;0;0;0;0;0
help to buy and shared equity,Head terms (help to buy scheme),hm government help to buy,0,,0.0,,,keyword planner,
help to buy and shared equity,Head terms (help to buy scheme),hm help to buy,0,,0.0,,,keyword planner,
help to buy and shared equity,Head terms (help to buy scheme),hmrc help to buy scheme,0,,0.0,,,keyword planner,
help to buy and shared equity,Head terms (help to buy scheme),home help to buy scheme,0,,,,transactional,dataforseo labs,
help to buy and shared equity,Head terms (help to buy scheme),homebuilder registered for help to buy,0,,0.0,,,keyword planner,
help to buy and shared equity,Head terms (help to buy scheme),housing benefit help to buy,0,,0.0,,,keyword planner,
help to buy and shared equity,Head terms (help to buy scheme),how to get help to buy equity loan,0,,0.0,,,keyword planner,
help to buy and shared equity,Head terms (help to buy scheme),how to register help to buy,0,,0.0,,,keyword planner,0;0;0;0;0;0;0;0;0;0;0;0
help to buy and shared equity,Head terms (help to buy scheme),how to register with help to buy,0,,0.0,,,keyword planner,
help to buy and shared equity,Head terms (help to buy scheme),how to sign up for help to buy,0,,0.0,,,keyword planner,0;0;0;0;0;0;0;0;0;0;0;0
help to buy and shared equity,Head terms (help to buy scheme),irish government help to buy scheme,0,,0.0,,,keyword planner,0;0;0;0;0;0;0;0;0;0;0;0
help to buy and shared equity,Head terms (help to buy scheme),jak dziala help to buy,0,,0.0,,,keyword planner,
help to buy and shared equity,Head terms (help to buy scheme),july 2023 help to buy scheme,0,,0.0,,,keyword planner,0;0;0;0;0;0;0;0;0;0;0;0
help to buy and shared equity,Head terms (help to buy scheme),kensington help to buy,0,,0.0,,,keyword planner,0;0;0;0;0;0;0;0;0;0;0;0
help to buy and shared equity,Head terms (help to buy scheme),l&q help to buy,0,,0.0,,,keyword planner,0;0;0;0;0;0;0;0;0;0;0;0
help to buy and shared equity,Head terms (help to buy scheme),landmark pinnacle help to buy,0,,0.0,,,keyword planner,
help to buy and shared equity,Head terms (help to buy scheme),lisa and help to buy equity loan,0,,0.0,,,keyword planner,
help to buy and shared equity,Head terms (help to buy scheme),list of help to buy properties,0,,0.0,,,keyword planner,
help to buy and shared equity,Head terms (help to buy scheme),ltv help to buy,0,,0.0,,,keyword planner,
help to buy and shared equity,Head terms (help to buy scheme),midlands help to buy,0,,0.0,,,keyword planner,0;0;0;0;0;0;0;0;0;0;0;0
help to buy and shared equity,Head terms (help to buy scheme),minimum help to buy equity loan,0,,0.0,,,keyword planner,
help to buy and shared equity,Head terms (help to buy scheme),mis sold help to buy,0,,0.0,,,keyword planner,
help to buy and shared equity,Head terms (help to buy scheme),mod help to buy scheme,0,,0.0,,,keyword planner,0;0;0;0;0;0;0;0;0;0;0;0
help to buy and shared equity,Head terms (help to buy scheme),moving house with help to buy,0,,0.0,,,keyword planner,
help to buy and shared equity,Head terms (help to buy scheme),my help to buy account,0,,0.0,,,keyword planner,
help to buy and shared equity,Head terms (help to buy scheme),new developments help to buy,0,,0.0,,,keyword planner,
help to buy and shared equity,Head terms (help to buy scheme),new government help to buy scheme 2021,0,,0.0,,,keyword planner,
help to buy and shared equity,Head terms (help to buy scheme),new help to buy equity loan,0,,0.0,,,keyword planner,0;0;0;0;0;0;0;0;0;0;0;0
help to buy and shared equity,Head terms (help to buy scheme),new help to buy homes,0,,0.0,,,keyword planner,0;0;0;0;0;0;0;0;0;0;0;0
help to buy and shared equity,Head terms (help to buy scheme),new help to buy scheme 2022,0,,0.0,,,keyword planner,0;0;0;0;0;0;0;0;0;0;0;0
help to buy and shared equity,Head terms (help to buy scheme),new help to buy scheme 2023,0,,0.0,,informational,keyword planner,0;0;0;0;0;0;0;0;0;0;0;0
help to buy and shared equity,Head terms (help to buy scheme),new scheme after help to buy,0,,0.0,,,keyword planner,0;0;0;0;0;0;0;0;0;0;0;0
help to buy and shared equity,Head terms (help to buy scheme),new scheme to replace help to buy,0,,0.0,,,keyword planner,0;0;0;0;0;0;0;0;0;0;0;0
help to buy and shared equity,Head terms (help to buy scheme),nhs help to buy,0,,0.0,,,keyword planner,0;0;0;0;0;0;0;0;0;0;0;0
help to buy and shared equity,Head terms (help to buy scheme),nhs help to buy a house,0,,0.0,,,keyword planner,0;0;0;0;0;0;0;0;0;0;0;0
help to buy and shared equity,Head terms (help to buy scheme),nhs help to buy home,0,,0.0,,,keyword planner,
help to buy and shared equity,Head terms (help to buy scheme),nhs help to buy house,0,,0.0,,,keyword planner,0;0;0;0;0;0;0;0;0;0;0;0
help to buy and shared equity,Head terms (help to buy scheme),nhs help to buy house scheme,0,,0.0,,,keyword planner,
help to buy and shared equity,Head terms (help to buy scheme),nhs help to buy property,0,,0.0,,,keyword planner,
help to buy and shared equity,Head terms (help to buy scheme),nhs help to buy scheme,0,,0.0,,,keyword planner,0;0;0;0;0;0;0;0;0;0;0;0
help to buy and shared equity,Head terms (help to buy scheme),nhs key worker help to buy,0,,0.0,,,keyword planner,
help to buy and shared equity,Head terms (help to buy scheme),nhs workers help to buy,0,,0.0,,,keyword planner,
help to buy and shared equity,Head terms (help to buy scheme),north west help to buy,0,,0.0,,,keyword planner,
help to buy and shared equity,Head terms (help to buy scheme),notting hill genesis help to buy,0,,0.0,,,keyword planner,
help to buy and shared equity,Head terms (help to buy scheme),np code help to buy,0,,0.0,,,keyword planner,
help to buy and shared equity,Head terms (help to buy scheme),older persons help to buy,0,,0.0,,,keyword planner,
help to buy and shared equity,Head terms (help to buy scheme),optivo help to buy,0,,0.0,,,keyword planner,
help to buy and shared equity,Head terms (help to buy scheme),orbit help to buy,0,,0.0,,,keyword planner,0;0;0;0;0;0;0;0;0;0;0;0
help to buy and shared equity,Head terms (help to buy scheme),part exchange help to buy,0,,0.0,,,keyword planner,
help to buy and shared equity,Head terms (help to buy scheme),part exchange house help to buy,0,,0.0,,,keyword planner,
help to buy and shared equity,Head terms (help to buy scheme),part exchange with help to buy,0,,0.0,,,keyword planner,
help to buy and shared equity,Head terms (help to buy scheme),pay off help to buy early,0,,0.0,,,keyword planner,
help to buy and shared equity,Head terms (help to buy scheme),paying back equity loan help to buy,0,,0.0,,,keyword planner,
help to buy and shared equity,Head terms (help to buy scheme),paying back help to buy loan early,0,,0.0,,,keyword planner,
help to buy and shared equity,Head terms (help to buy scheme),paying back help to buy target,0,,0.0,,,keyword planner,0;0;0;0;0;0;0;0;0;0;0;0
help to buy and shared equity,Head terms (help to buy scheme),paying back my help to buy loan,0,,0.0,,,keyword planner,
help to buy and shared equity,Head terms (help to buy scheme),paying back your help to buy loan,0,,0.0,,,keyword planner,
help to buy and shared equity,Head terms (help to buy scheme),paying off equity loan help to buy,0,,0.0,,transactional,keyword planner,0;0;0;0;0;0;0;0;0;0;0;0
help to buy and shared equity,Head terms (help to buy scheme),paying off help to buy by remortgaging,0,,0.0,,,keyword planner,
help to buy and shared equity,Head terms (help to buy scheme),paying off help to buy early,0,,0.0,,,keyword planner,
help to buy and shared equity,Head terms (help to buy scheme),paying off my help to buy loan,0,,0.0,,,keyword planner,0;0;0;0;0;0;0;0;0;0;0;0
help to buy and shared equity,Head terms (help to buy scheme),peabody help to buy,0,,0.0,,,keyword planner,0;0;0;0;0;0;0;0;0;0;0;0
help to buy and shared equity,Head terms (help to buy scheme),pif help to buy,0,,0.0,,,keyword planner,
help to buy and shared equity,Head terms (help to buy scheme),police help to buy scheme,0,,0.0,,,keyword planner,0;0;0;0;0;0;0;0;0;0;0;0
help to buy and shared equity,Head terms (help to buy scheme),private help to buy,0,,0.0,,,keyword planner,0;0;0;0;0;0;0;0;0;0;0;0
help to buy and shared equity,Head terms (help to buy scheme),program help to buy na czym polega,0,,0.0,,,keyword planner,
help to buy and shared equity,Head terms (help to buy scheme),programs that help to buy a house,0,,0.0,,,keyword planner,0;0;0;0;0;0;0;0;0;0;0;0
help to buy and shared equity,Head terms (help to buy scheme),properties with help to buy scheme,0,,0.0,,,keyword planner,
help to buy and shared equity,Head terms (help to buy scheme),redemption of help to buy loan,0,,0.0,,,keyword planner,0;0;0;0;0;0;0;0;0;0;0;0
help to buy and shared equity,Head terms (help to buy scheme),regional caps help to buy,0,,0.0,,,keyword planner,0;0;0;0;0;0;0;0;0;0;0;0
help to buy and shared equity,Head terms (help to buy scheme),regional help to buy caps,0,,0.0,,,keyword planner,0;0;0;0;0;0;0;0;0;0;0;0
help to buy and shared equity,Head terms (help to buy scheme),register for government help to buy scheme,0,,0.0,,,keyword planner,0;0;0;0;0;0;0;0;0;0;0;0
help to buy and shared equity,Head terms (help to buy scheme),register to help to buy,0,,0.0,,,keyword planner,0;0;0;0;0;0;0;0;0;0;0;0
help to buy and shared equity,Head terms (help to buy scheme),registered help to buy homebuilder,0,,0.0,,,keyword planner,
help to buy and shared equity,Head terms (help to buy scheme),remortgaging a help to buy property,0,,0.0,,,keyword planner,0;0;0;0;0;0;0;0;0;0;0;0
help to buy and shared equity,Head terms (help to buy scheme),remortgaging help to buy equity loan,0,,0.0,,,keyword planner,0;0;0;0;0;0;0;0;0;0;0;0
help to buy and shared equity,Head terms (help to buy scheme),remortgaging to pay off help to buy,0,,0.0,,,keyword planner,0;0;0;0;0;0;0;0;0;0;0;0
help to buy and shared equity,Head terms (help to buy scheme),return to user help to buy,0,,0.0,,,keyword planner,
help to buy and shared equity,Head terms (help to buy scheme),search for help to buy properties,0,,0.0,,,keyword planner,0;0;0;0;0;0;0;0;0;0;0;0
help to buy and shared equity,Head terms (help to buy scheme),section 8 help to buy house,0,,0.0,,,keyword planner,
help to buy and shared equity,Head terms (help to buy scheme),step ladder help to buy,0,,0.0,,,keyword planner,
help to buy and shared equity,Head terms (help to buy scheme),using help to buy,0,,0.0,,,keyword planner,
help to buy and shared equity,Head terms (help to buy scheme),www government help to buy scheme,0,,0.0,,,keyword planner,
help to buy and shared equity,Head terms (help to buy scheme),wyndham studios help to buy,0,,0.0,,,keyword planner,0;0;0;0;0;0;0;0;0;0;0;0
help to buy and shared equity,"Is it worth it: pros, cons, risks",help to buy scheme reddit,210,help to buy scheme 2025,,,informational,dataforseo labs,
help to buy and shared equity,"Is it worth it: pros, cons, risks",help to buy reddit,140,,,,commercial,dataforseo labs,
help to buy and shared equity,"Is it worth it: pros, cons, risks",help to buy scheme is it worth it,50,is help to buy scheme worth it,0.0,LOW,,keyword planner,10;10;10;20;40;50;90;90;50;70;70;40
help to buy and shared equity,"Is it worth it: pros, cons, risks",is help to buy scheme worth it,50,,0.0,LOW,,keyword planner,10;10;10;20;40;50;90;90;50;70;70;40
help to buy and shared equity,"Is it worth it: pros, cons, risks",is the help to buy scheme worth it,50,is help to buy scheme worth it,0.0,LOW,informational,keyword planner,10;10;10;20;40;50;90;90;50;70;70;40
help to buy and shared equity,"Is it worth it: pros, cons, risks",help to buy scheme review,30,,0.0,LOW,,keyword planner,10;10;0;10;20;40;50;50;40;30;30;40
help to buy and shared equity,"Is it worth it: pros, cons, risks",reddit help to buy,30,help to buy income limit,,,informational,dataforseo labs,
help to buy and shared equity,"Is it worth it: pros, cons, risks",help to buy scheme australia reddit,20,help to buy gov,,,informational,dataforseo labs,
help to buy and shared equity,"Is it worth it: pros, cons, risks",are help to buy isas worth it,10,5 help to buy,,,informational,dataforseo labs,
help to buy and shared equity,"Is it worth it: pros, cons, risks",are help to buy schemes worth it,10,5 help to buy,,,informational,dataforseo labs,
help to buy and shared equity,"Is it worth it: pros, cons, risks",are shared equity agreements a good idea,10,5 help to buy,,,informational,dataforseo labs,
help to buy and shared equity,"Is it worth it: pros, cons, risks",australian government help to buy scheme reddit,10,5 help to buy,,,transactional,dataforseo labs,
help to buy and shared equity,"Is it worth it: pros, cons, risks",cons of help to buy,10,5 help to buy,0.0,,,keyword planner,0;10;0;10;10;0;0;10;0;0;0;0
help to buy and shared equity,"Is it worth it: pros, cons, risks",cons of help to buy scheme,10,5 help to buy,0.0,LOW,,keyword planner,0;0;10;10;10;10;10;10;10;10;10;10
help to buy and shared equity,"Is it worth it: pros, cons, risks",disadvantage of help to buy,10,5 help to buy,0.0,,,keyword planner,0;10;0;0;0;10;0;0;0;0;0;0
help to buy and shared equity,"Is it worth it: pros, cons, risks",disadvantage of help to buy scheme,10,5 help to buy,0.0,LOW,,keyword planner,10;10;10;10;10;10;20;30;20;10;10;10
help to buy and shared equity,"Is it worth it: pros, cons, risks",downside of help to buy,10,5 help to buy,0.0,LOW,,keyword planner,0;0;10;10;10;10;10;10;10;10;10;10
help to buy and shared equity,"Is it worth it: pros, cons, risks",government help to buy scheme pros and cons,10,5 help to buy,0.0,LOW,,keyword planner,0;0;10;10;10;0;10;10;10;0;10;10
help to buy and shared equity,"Is it worth it: pros, cons, risks",help to buy advantages and disadvantages,10,5 help to buy,0.0,LOW,,keyword planner,0;0;0;0;0;0;0;0;0;0;0;10
help to buy and shared equity,"Is it worth it: pros, cons, risks",help to buy application under review,10,5 help to buy,0.0,,,keyword planner,0;0;0;10;0;0;0;0;0;0;0;0
help to buy and shared equity,"Is it worth it: pros, cons, risks",help to buy catch,10,5 help to buy,0.0,,,keyword planner,0;0;0;10;0;0;10;10;0;0;0;0
help to buy and shared equity,"Is it worth it: pros, cons, risks",help to buy cons,10,5 help to buy,0.0,LOW,,keyword planner,0;0;10;10;10;10;10;10;10;10;10;10
help to buy and shared equity,"Is it worth it: pros, cons, risks",help to buy customer reviews,10,5 help to buy,0.0,,commercial,keyword planner,0;0;0;0;0;10;0;0;0;0;0;0
help to buy and shared equity,"Is it worth it: pros, cons, risks",help to buy disadvantages,10,5 help to buy,0.0,LOW,,keyword planner,0;10;10;0;10;10;0;10;10;0;10;10
help to buy and shared equity,"Is it worth it: pros, cons, risks",help to buy downsides,10,5 help to buy,0.0,LOW,,keyword planner,0;10;10;0;10;10;0;10;10;0;10;10
help to buy and shared equity,"Is it worth it: pros, cons, risks",help to buy is it worth it,10,5 help to buy,0.0,LOW,,keyword planner,0;0;0;10;10;10;10;10;10;10;10;20
help to buy and shared equity,"Is it worth it: pros, cons, risks",help to buy pro and cons,10,5 help to buy,0.0,LOW,,keyword planner,10;0;10;10;10;10;20;10;10;10;0;10
help to buy and shared equity,"Is it worth it: pros, cons, risks",help to buy pros and cons,10,5 help to buy,0.0,LOW,commercial,keyword planner,10;0;10;10;10;10;20;10;10;10;0;10
help to buy and shared equity,"Is it worth it: pros, cons, risks",help to buy pros cons,10,5 help to buy,0.0,LOW,,keyword planner,10;0;10;10;10;10;20;10;10;10;0;10
help to buy and shared equity,"Is it worth it: pros, cons, risks",help to buy review,10,5 help to buy,0.0,LOW,,keyword planner,10;10;10;10;10;10;10;10;10;10;10;10
help to buy and shared equity,"Is it worth it: pros, cons, risks",help to buy reviews,10,5 help to buy,,,commercial,dataforseo labs,
help to buy and shared equity,"Is it worth it: pros, cons, risks",help to buy risks,10,5 help to buy,0.0,,,keyword planner,0;0;0;0;0;0;0;10;10;0;0;0
help to buy and shared equity,"Is it worth it: pros, cons, risks",help to buy scheme advantages and disadvantages,10,5 help to buy,0.0,LOW,,keyword planner,0;0;10;10;10;10;10;10;10;0;10;10
help to buy and shared equity,"Is it worth it: pros, cons, risks",help to buy scheme bad credit,10,,0.0,MEDIUM,commercial,keyword planner,0;10;0;10;0;10;10;10;10;0;0;10
help to buy and shared equity,"Is it worth it: pros, cons, risks",help to buy scheme cons,10,5 help to buy,0.0,LOW,transactional,keyword planner,10;10;10;10;10;10;20;30;20;10;10;10
help to buy and shared equity,"Is it worth it: pros, cons, risks",help to buy scheme disadvantages,10,5 help to buy,0.0,LOW,informational,keyword planner,0;10;10;10;10;10;10;10;10;10;10;10
help to buy and shared equity,"Is it worth it: pros, cons, risks",help to buy scheme pros and cons,10,5 help to buy,0.0,LOW,commercial,keyword planner,10;10;10;10;20;10;30;30;10;10;10;10
help to buy and shared equity,"Is it worth it: pros, cons, risks",help to buy scheme worth it,10,5 help to buy,0.0,LOW,,keyword planner,10;0;10;10;10;10;10;10;0;10;10;10
help to buy and shared equity,"Is it worth it: pros, cons, risks",help to buy white goods,10,5 help to buy,,,commercial,dataforseo labs,
help to buy and shared equity,"Is it worth it: pros, cons, risks",help to buy worth it,10,5 help to buy,0.0,LOW,,keyword planner,10;0;0;0;0;0;10;0;0;0;10;10
help to buy and shared equity,"Is it worth it: pros, cons, risks",is help to buy scheme good,10,5 help to buy,,,informational,dataforseo labs,
help to buy and shared equity,"Is it worth it: pros, cons, risks",is help to buy worth it,10,5 help to buy,0.0,LOW,informational,keyword planner,0;0;0;10;10;10;10;10;10;10;10;20
help to buy and shared equity,"Is it worth it: pros, cons, risks",is help to buy worth it reddit,10,5 help to buy,0.0,,informational,keyword planner,10;0;0;10;0;0;10;0;0;10;0;0
help to buy and shared equity,"Is it worth it: pros, cons, risks",is shared equity a good idea,10,5 help to buy,,,informational,dataforseo labs,
help to buy and shared equity,"Is it worth it: pros, cons, risks",is the government help to buy scheme worth it,10,5 help to buy,0.0,LOW,commercial,keyword planner,10;0;10;10;10;10;20;10;10;10;20;10
help to buy and shared equity,"Is it worth it: pros, cons, risks",pros and cons help to buy,10,5 help to buy,0.0,,,keyword planner,10;0;10;10;10;10;10;10;0;10;10;0
help to buy and shared equity,"Is it worth it: pros, cons, risks",pros and cons help to buy scheme,10,5 help to buy,0.0,LOW,,keyword planner,10;10;10;10;10;10;20;10;10;10;10;10
help to buy and shared equity,"Is it worth it: pros, cons, risks",pros and cons of help to buy,10,5 help to buy,0.0,,,keyword planner,10;0;10;10;10;10;10;10;0;10;10;0
help to buy and shared equity,"Is it worth it: pros, cons, risks",pros and cons of help to buy scheme,10,5 help to buy,0.0,LOW,,keyword planner,10;10;10;10;10;10;20;10;10;10;10;10
help to buy and shared equity,"Is it worth it: pros, cons, risks",shared equity pros and cons,10,5 help to buy,,,informational,dataforseo labs,
help to buy and shared equity,"Is it worth it: pros, cons, risks",shared equity reviews,10,5 help to buy,,,informational,dataforseo labs,
help to buy and shared equity,"Is it worth it: pros, cons, risks",shared equity scheme reddit,10,5 help to buy,,,informational,dataforseo labs,
help to buy and shared equity,"Is it worth it: pros, cons, risks",shared equity scheme reviews,10,5 help to buy,,,informational,dataforseo labs,
help to buy and shared equity,"Is it worth it: pros, cons, risks",2 help to buy scheme reviews,0,,,,commercial,dataforseo labs,
help to buy and shared equity,"Is it worth it: pros, cons, risks",advantages and disadvantages of help to buy,0,,0.0,,,keyword planner,
help to buy and shared equity,"Is it worth it: pros, cons, risks",bad credit mortgage help to buy,0,,0.0,,,keyword planner,
help to buy and shared equity,"Is it worth it: pros, cons, risks",federal shared equity scheme reviews,0,,,,commercial,dataforseo labs,
help to buy and shared equity,"Is it worth it: pros, cons, risks",financial help to buy scheme reddit,0,,,,transactional,dataforseo labs,
help to buy and shared equity,"Is it worth it: pros, cons, risks",government help to buy a house with bad credit,0,,0.0,,,keyword planner,0;0;0;0;0;0;0;0;0;0;0;0
help to buy and shared equity,"Is it worth it: pros, cons, risks",help to buy equity loan bad credit,0,,0.0,,,keyword planner,
help to buy and shared equity,"Is it worth it: pros, cons, risks",help to buy equity loan pros and cons,0,,0.0,,,keyword planner,0;0;0;0;0;0;0;0;0;0;0;0
help to buy and shared equity,"Is it worth it: pros, cons, risks",help to buy equity loan review,0,,0.0,,,keyword planner,0;0;0;0;0;0;0;0;0;0;0;0
help to buy and shared equity,"Is it worth it: pros, cons, risks",help to buy equity loan worth it,0,,0.0,,,keyword planner,
help to buy and shared equity,"Is it worth it: pros, cons, risks",help to buy is it good,0,,0.0,,,keyword planner,0;0;0;0;0;0;0;0;0;0;0;0
help to buy and shared equity,"Is it worth it: pros, cons, risks",help to buy review 2021,0,,0.0,,,keyword planner,0;0;0;0;0;0;0;0;0;0;0;0
help to buy and shared equity,"Is it worth it: pros, cons, risks",help to buy scheme approval reddit,0,,,,transactional,dataforseo labs,
help to buy and shared equity,"Is it worth it: pros, cons, risks",help to buy scheme nsw reddit,0,,,,transactional,dataforseo labs,
help to buy and shared equity,"Is it worth it: pros, cons, risks",help to buy scheme qld reviews,0,,,,commercial,dataforseo labs,
help to buy and shared equity,"Is it worth it: pros, cons, risks",help to buy scheme reddit 2023,0,,,,transactional,dataforseo labs,
help to buy and shared equity,"Is it worth it: pros, cons, risks",help to buy scheme reddit australia,0,,,,transactional,dataforseo labs,
help to buy and shared equity,"Is it worth it: pros, cons, risks",help to buy scheme reddit nsw,0,,,,transactional,dataforseo labs,
help to buy and shared equity,"Is it worth it: pros, cons, risks",help to buy scheme wa reddit,0,,,,transactional,dataforseo labs,
help to buy and shared equity,"Is it worth it: pros, cons, risks",help to buy under review,0,,0.0,,,keyword planner,0;0;0;0;0;0;0;0;0;0;0;0
help to buy and shared equity,"Is it worth it: pros, cons, risks",help to buy wandsworth,0,,,,transactional,dataforseo labs,
help to buy and shared equity,"Is it worth it: pros, cons, risks",is government help to buy worth it,0,,0.0,,,keyword planner,0;0;0;0;0;0;0;0;0;0;0;0
help to buy and shared equity,"Is it worth it: pros, cons, risks",is help to buy equity loan worth it,0,,0.0,,,keyword planner,
help to buy and shared equity,"Is it worth it: pros, cons, risks",is the help to buy equity loan worth it,0,,0.0,,,keyword planner,
help to buy and shared equity,"Is it worth it: pros, cons, risks",pros and cons of help to buy equity loan,0,,0.0,,,keyword planner,0;0;0;0;0;0;0;0;0;0;0;0
help to buy and shared equity,"Is it worth it: pros, cons, risks",pros and cons to help to buy,0,,0.0,,,keyword planner,
help to buy and shared equity,"Is it worth it: pros, cons, risks",shared equity home loan reddit,0,,,,navigational,dataforseo labs,
help to buy and shared equity,"Is it worth it: pros, cons, risks",shared equity home loans reviews,0,,,,commercial,dataforseo labs,
help to buy and shared equity,"Is it worth it: pros, cons, risks",shared equity mortgage pros and cons,0,,,,commercial,dataforseo labs,
help to buy and shared equity,"New, existing, off the plan, building",homes with help to buy,590,homes help to buy,9.25,MEDIUM,informational,keyword planner,880;1000;480;480;590;480;720;720;480;390;390;390
help to buy and shared equity,"New, existing, off the plan, building",help to buy houses,110,help to buy house,10.54,MEDIUM,informational,keyword planner,320;90;70;70;70;70;210;140;90;70;90;50
help to buy and shared equity,"New, existing, off the plan, building",shared equity homes for sale,70,,5.13,LOW,transactional,keyword planner,50;70;50;50;70;50;50;70;90;70;70;70
help to buy and shared equity,"New, existing, off the plan, building",shared equity houses,70,,3.86,,commercial,dataforseo labs,
help to buy and shared equity,"New, existing, off the plan, building",shared equity houses for sale,70,shared equity homes for sale,5.13,LOW,transactional,keyword planner,50;70;50;50;70;50;50;70;90;70;70;70
help to buy and shared equity,"New, existing, off the plan, building",shared equity houses for sale perth,40,,3.98,,commercial,dataforseo labs,
help to buy and shared equity,"New, existing, off the plan, building",shared equity homes for sale perth,20,,2.07,,transactional,dataforseo labs,
help to buy and shared equity,"New, existing, off the plan, building",5 help to buy houses,10,5 help to buy,0.0,LOW,,keyword planner,0;0;0;0;0;10;10;10;10;0;10;10
help to buy and shared equity,"New, existing, off the plan, building",affordable housing shared equity scheme,10,5 help to buy,0.0,LOW,informational,keyword planner,0;0;10;10;10;10;0;10;10;0;10;10
help to buy and shared equity,"New, existing, off the plan, building",can you get help to buy scheme on old houses,10,5 help to buy,,,transactional,dataforseo labs,
help to buy and shared equity,"New, existing, off the plan, building",government help to buy new build,10,5 help to buy,0.0,,,keyword planner,0;0;0;0;10;0;0;0;0;0;0;0
help to buy and shared equity,"New, existing, off the plan, building",government help to buy scheme new build,10,5 help to buy,0.0,LOW,,keyword planner,0;0;0;0;0;10;0;0;0;0;10;10
help to buy and shared equity,"New, existing, off the plan, building",government new build help to buy,10,5 help to buy,0.0,,,keyword planner,0;0;0;0;0;0;0;10;0;0;0;0
help to buy and shared equity,"New, existing, off the plan, building",help to buy a new home,10,5 help to buy,2.87,,informational,dataforseo labs,
help to buy and shared equity,"New, existing, off the plan, building",help to buy affordable housing,10,5 help to buy,0.0,LOW,informational,keyword planner,0;0;0;10;10;10;10;10;0;10;10;10
help to buy and shared equity,"New, existing, off the plan, building",help to buy apartments,10,5 help to buy,0.0,LOW,,keyword planner,10;0;0;0;0;10;0;10;10;10;10;10
help to buy and shared equity,"New, existing, off the plan, building",help to buy equity scheme for new build homes,10,5 help to buy,0.0,,,keyword planner,0;0;0;10;0;0;0;10;0;0;0;0
help to buy and shared equity,"New, existing, off the plan, building",help to buy existing homeowners,10,5 help to buy,0.0,,,keyword planner,0;0;10;10;0;0;10;0;0;0;0;0
help to buy and shared equity,"New, existing, off the plan, building",help to buy existing homes,10,5 help to buy,0.0,LOW,,keyword planner,0;0;0;10;10;0;10;0;0;0;0;10
help to buy and shared equity,"New, existing, off the plan, building",help to buy existing property,10,5 help to buy,0.0,MEDIUM,transactional,keyword planner,10;10;0;0;0;10;10;10;0;0;10;10
help to buy and shared equity,"New, existing, off the plan, building",help to buy for existing homes,10,5 help to buy,0.0,LOW,,keyword planner,0;0;0;10;10;0;10;0;0;0;0;10
help to buy and shared equity,"New, existing, off the plan, building",help to buy for new builds,10,5 help to buy,0.0,,,keyword planner,0;0;0;10;10;0;10;10;0;0;10;0
help to buy and shared equity,"New, existing, off the plan, building",help to buy for second hand homes,10,5 help to buy,0.0,,,keyword planner,0;10;0;0;0;0;0;10;0;0;0;0
help to buy and shared equity,"New, existing, off the plan, building",help to buy homes and communities agency,10,5 help to buy,,,informational,dataforseo labs,
help to buy and shared equity,"New, existing, off the plan, building",help to buy homes for sale,10,5 help to buy,0.0,,informational,keyword planner,10;0;0;0;0;10;0;10;10;0;10;0
help to buy and shared equity,"New, existing, off the plan, building",help to buy houses for first time buyers,10,5 help to buy,0.0,,,keyword planner,0;0;0;0;0;0;0;10;0;0;0;0
help to buy and shared equity,"New, existing, off the plan, building",help to buy houses for sale,10,5 help to buy,6.94,MEDIUM,transactional,keyword planner,0;0;0;0;10;10;0;10;0;10;10;10
help to buy and shared equity,"New, existing, off the plan, building",help to buy houses near me,10,5 help to buy,0.0,,commercial,keyword planner,0;0;0;0;0;0;10;0;10;0;10;0
help to buy and shared equity,"New, existing, off the plan, building",help to buy land,10,5 help to buy,0.0,LOW,,keyword planner,0;10;10;0;10;10;10;0;10;10;10;10
help to buy and shared equity,"New, existing, off the plan, building",help to buy new build,10,5 help to buy,8.78,MEDIUM,informational,keyword planner,10;10;10;10;10;10;10;10;10;10;10;10
help to buy and shared equity,"New, existing, off the plan, building",help to buy new build homes,10,5 help to buy,0.0,HIGH,informational,keyword planner,0;0;0;0;0;10;0;0;0;0;0;10
help to buy and shared equity,"New, existing, off the plan, building",help to buy new build houses,10,5 help to buy,0.0,HIGH,,keyword planner,0;0;0;0;0;10;0;0;0;0;0;10
help to buy and shared equity,"New, existing, off the plan, building",help to buy new build properties,10,5 help to buy,0.0,,,keyword planner,0;0;0;0;0;0;0;0;0;0;10;0
help to buy and shared equity,"New, existing, off the plan, building",help to buy new builds,10,5 help to buy,9.65,MEDIUM,,keyword planner,0;10;10;10;10;10;10;10;10;10;10;10
help to buy and shared equity,"New, existing, off the plan, building",help to buy new home,10,5 help to buy,2.87,,informational,dataforseo labs,
help to buy and shared equity,"New, existing, off the plan, building",help to buy new homes,10,5 help to buy,9.65,MEDIUM,informational,keyword planner,0;10;10;10;10;10;10;10;10;10;10;10
help to buy and shared equity,"New, existing, off the plan, building",help to buy old house,10,5 help to buy,,,transactional,dataforseo labs,
help to buy and shared equity,"New, existing, off the plan, building",help to buy on second hand homes,10,5 help to buy,0.0,,,keyword planner,0;10;0;0;0;0;0;10;0;0;0;0
help to buy and shared equity,"New, existing, off the plan, building",help to buy scheme apartments,10,5 help to buy,0.0,LOW,,keyword planner,10;0;0;0;10;0;10;10;10;10;0;10
help to buy and shared equity,"New, existing, off the plan, building",help to buy scheme for existing homeowners,10,5 help to buy,0.0,LOW,,keyword planner,0;0;0;0;0;0;10;10;10;0;0;10
help to buy and shared equity,"New, existing, off the plan, building",help to buy scheme for new builds,10,5 help to buy,0.0,LOW,transactional,keyword planner,10;0;10;0;10;0;10;10;10;10;10;10
help to buy and shared equity,"New, existing, off the plan, building",help to buy scheme for second hand homes,10,5 help to buy,0.0,,,keyword planner,10;0;0;10;0;0;0;0;0;0;0;0
help to buy and shared equity,"New, existing, off the plan, building",help to buy scheme homes for sale,10,5 help to buy,7.33,HIGH,,keyword planner,0;0;0;10;10;10;10;10;10;10;10;10
help to buy and shared equity,"New, existing, off the plan, building",help to buy scheme houses for sale,10,5 help to buy,7.33,HIGH,transactional,keyword planner,0;0;0;10;10;10;10;10;10;10;10;10
help to buy and shared equity,"New, existing, off the plan, building",help to buy scheme houses near me,10,5 help to buy,0.0,,transactional,keyword planner,0;0;0;10;10;0;10;0;10;0;0;0
help to buy and shared equity,"New, existing, off the plan, building",help to buy scheme new build,10,5 help to buy,9.7,LOW,,keyword planner,0;0;10;10;10;20;10;10;20;10;10;20
help to buy and shared equity,"New, existing, off the plan, building",help to buy scheme new builds only,10,5 help to buy,,,transactional,dataforseo labs,
help to buy and shared equity,"New, existing, off the plan, building",help to buy scheme new homes,10,5 help to buy,9.7,LOW,,keyword planner,0;0;10;10;10;20;10;10;20;10;10;20
help to buy and shared equity,"New, existing, off the plan, building",help to buy scheme not new build,10,5 help to buy,0.0,,,keyword planner,0;0;0;0;0;0;0;10;0;0;0;0
help to buy and shared equity,"New, existing, off the plan, building",help to buy scheme on new builds,10,5 help to buy,9.7,LOW,transactional,keyword planner,0;0;10;10;10;20;10;10;20;10;10;20
help to buy and shared equity,"New, existing, off the plan, building",help to buy scheme on second hand homes,10,5 help to buy,0.0,,transactional,keyword planner,0;10;0;0;0;0;0;0;10;10;0;0
help to buy and shared equity,"New, existing, off the plan, building",help to buy scheme only for new builds,10,5 help to buy,0.0,LOW,,keyword planner,0;10;0;0;0;0;0;10;0;10;0;10
help to buy and shared equity,"New, existing, off the plan, building",help to buy scheme second hand home,10,5 help to buy,0.0,,transactional,keyword planner,0;10;0;0;0;0;0;0;10;10;0;0
help to buy and shared equity,"New, existing, off the plan, building",help to buy second hand home,10,5 help to buy,,,informational,dataforseo labs,
help to buy and shared equity,"New, existing, off the plan, building",help to buy second hand homes,10,5 help to buy,0.0,,,keyword planner,0;10;0;0;0;0;0;10;0;0;0;0
help to buy and shared equity,"New, existing, off the plan, building",help to buy second hand house,10,5 help to buy,0.0,,,keyword planner,0;10;0;0;0;0;0;10;0;0;0;0
help to buy and shared equity,"New, existing, off the plan, building",home and communities agency help to buy,10,5 help to buy,0.0,,,keyword planner,0;10;10;0;0;0;0;0;0;0;0;0
help to buy and shared equity,"New, existing, off the plan, building",homes and communities agency help to buy,10,5 help to buy,,,informational,dataforseo labs,
help to buy and shared equity,"New, existing, off the plan, building",houses for sale help to buy,10,5 help to buy,0.0,HIGH,commercial,keyword planner,0;0;0;0;0;0;0;0;0;0;0;10
help to buy and shared equity,"New, existing, off the plan, building",houses for sale on help to buy scheme,10,5 help to buy,0.0,HIGH,,keyword planner,0;0;0;0;0;0;0;0;0;0;0;10
help to buy and shared equity,"New, existing, off the plan, building",houses for sale with help to buy scheme,10,5 help to buy,0.0,,,keyword planner,0;0;0;0;0;0;0;0;10;0;0;0
help to buy and shared equity,"New, existing, off the plan, building",houses help to buy,10,5 help to buy,0.0,,,keyword planner,10;0;10;10;0;0;0;0;10;10;0;0
help to buy and shared equity,"New, existing, off the plan, building",houses on help to buy scheme,10,5 help to buy,0.0,MEDIUM,,keyword planner,10;10;10;10;10;10;10;10;10;10;10;10
help to buy and shared equity,"New, existing, off the plan, building",houses on the help to buy scheme,10,5 help to buy,0.0,MEDIUM,,keyword planner,10;10;10;10;10;10;10;10;10;10;10;10
help to buy and shared equity,"New, existing, off the plan, building",houses to buy on help to buy scheme,10,5 help to buy,,,transactional,dataforseo labs,
help to buy and shared equity,"New, existing, off the plan, building",is help to buy only for new builds,10,5 help to buy,,,informational,dataforseo labs,
help to buy and shared equity,"New, existing, off the plan, building",is help to buy only for new houses,10,5 help to buy,,,informational,dataforseo labs,
help to buy and shared equity,"New, existing, off the plan, building",is help to buy scheme only for new homes,10,5 help to buy,,,informational,dataforseo labs,
help to buy and shared equity,"New, existing, off the plan, building",is the help to buy scheme only for new builds,10,5 help to buy,,,informational,dataforseo labs,
help to buy and shared equity,"New, existing, off the plan, building",new build government help to buy,10,5 help to buy,0.0,,,keyword planner,0;0;0;10;0;0;0;10;0;0;0;0
help to buy and shared equity,"New, existing, off the plan, building",new build help to buy,10,5 help to buy,0.0,,informational,keyword planner,0;10;10;0;10;10;0;10;10;10;10;0
help to buy and shared equity,"New, existing, off the plan, building",new build help to buy scheme,10,5 help to buy,0.0,MEDIUM,,keyword planner,10;0;0;0;0;10;0;10;0;0;10;10
help to buy and shared equity,"New, existing, off the plan, building",new build homes help to buy,10,5 help to buy,0.0,,,keyword planner,0;0;0;10;0;0;0;0;0;0;0;0
help to buy and shared equity,"New, existing, off the plan, building",new builds help to buy,10,5 help to buy,9.65,MEDIUM,,keyword planner,0;10;10;10;10;10;10;10;10;10;10;10
help to buy and shared equity,"New, existing, off the plan, building",new home help to buy,10,5 help to buy,0.0,LOW,,keyword planner,0;10;0;10;10;0;10;10;10;0;10;10
help to buy and shared equity,"New, existing, off the plan, building",new home help to buy scheme,10,5 help to buy,0.0,LOW,,keyword planner,0;10;0;10;10;0;10;10;10;0;10;10
help to buy and shared equity,"New, existing, off the plan, building",new homes help to buy,10,5 help to buy,0.0,LOW,informational,keyword planner,0;10;0;10;10;0;10;10;10;0;10;10
help to buy and shared equity,"New, existing, off the plan, building",new houses help to buy,10,5 help to buy,8.78,MEDIUM,,keyword planner,10;10;10;10;10;10;10;10;10;10;10;10
help to buy and shared equity,"New, existing, off the plan, building",shared equity affordable housing,10,5 help to buy,,,informational,dataforseo labs,
help to buy and shared equity,"New, existing, off the plan, building",shared equity apartments,10,5 help to buy,,,commercial,dataforseo labs,
help to buy and shared equity,"New, existing, off the plan, building",shared equity houses for sale near me,10,5 help to buy,0.0,LOW,transactional,keyword planner,0;0;10;0;0;10;0;10;10;0;10;10
help to buy and shared equity,"New, existing, off the plan, building",shared equity houses near me,10,5 help to buy,0.0,HIGH,navigational,keyword planner,0;0;0;0;0;0;10;0;0;0;10;10
help to buy and shared equity,"New, existing, off the plan, building",shared equity new builds,10,5 help to buy,0.0,,commercial,keyword planner,0;10;0;0;0;0;10;10;0;0;0;0
help to buy and shared equity,"New, existing, off the plan, building",find help to buy houses,0,,0.0,,,keyword planner,0;0;0;0;0;0;0;0;0;0;0;0
help to buy and shared equity,"New, existing, off the plan, building",government help to buy new build homes,0,,0.0,,,keyword planner,0;0;0;0;0;0;0;0;0;0;0;0
help to buy and shared equity,"New, existing, off the plan, building",government help to buy old houses,0,,0.0,,,keyword planner,0;0;0;0;0;0;0;0;0;0;0;0
help to buy and shared equity,"New, existing, off the plan, building",help to buy affordable new build scheme,0,,0.0,,,keyword planner,
help to buy and shared equity,"New, existing, off the plan, building",help to buy cheap houses,0,,0.0,,,keyword planner,
help to buy and shared equity,"New, existing, off the plan, building",help to buy detached houses,0,,0.0,,,keyword planner,
help to buy and shared equity,"New, existing, off the plan, building",help to buy equity loan for old houses,0,,0.0,,,keyword planner,
help to buy and shared equity,"New, existing, off the plan, building",help to buy equity loan houses,0,,0.0,,,keyword planner,0;0;0;0;0;0;0;0;0;0;0;0
help to buy and shared equity,"New, existing, off the plan, building",help to buy equity loan houses for sale,0,,0.0,,,keyword planner,
help to buy and shared equity,"New, existing, off the plan, building",help to buy equity loan new build,0,,0.0,,,keyword planner,0;0;0;0;0;0;0;0;0;0;0;0
help to buy and shared equity,"New, existing, off the plan, building",help to buy equity loan new build only,0,,0.0,,,keyword planner,0;0;0;0;0;0;0;0;0;0;0;0
help to buy and shared equity,"New, existing, off the plan, building",help to buy equity loan old houses,0,,0.0,,,keyword planner,
help to buy and shared equity,"New, existing, off the plan, building",help to buy equity loan only on new builds,0,,0.0,,,keyword planner,
help to buy and shared equity,"New, existing, off the plan, building",help to buy for new builds only,0,,0.0,,,keyword planner,
help to buy and shared equity,"New, existing, off the plan, building",help to buy for non new builds,0,,0.0,,,keyword planner,
help to buy and shared equity,"New, existing, off the plan, building",help to buy for old houses,0,,0.0,,,keyword planner,0;0;0;0;0;0;0;0;0;0;0;0
help to buy and shared equity,"New, existing, off the plan, building",help to buy is it for new builds only,0,,0.0,,,keyword planner,
help to buy and shared equity,"New, existing, off the plan, building",help to buy is it only for new builds,0,,0.0,,,keyword planner,0;0;0;0;0;0;0;0;0;0;0;0
help to buy and shared equity,"New, existing, off the plan, building",help to buy just for new builds,0,,0.0,,,keyword planner,
help to buy and shared equity,"New, existing, off the plan, building",help to buy mortgage new build,0,,0.0,,,keyword planner,
help to buy and shared equity,"New, existing, off the plan, building",help to buy new build developments,0,,0.0,,,keyword planner,
help to buy and shared equity,"New, existing, off the plan, building",help to buy new build houses near me,0,,0.0,,,keyword planner,0;0;0;0;0;0;0;0;0;0;0;0
help to buy and shared equity,"New, existing, off the plan, building",help to buy new build only,0,,0.0,,,keyword planner,0;0;0;0;0;0;0;0;0;0;0;0
help to buy and shared equity,"New, existing, off the plan, building",help to buy new builds near me,0,,0.0,,,keyword planner,0;0;0;0;0;0;0;0;0;0;0;0
help to buy and shared equity,"New, existing, off the plan, building",help to buy new homes near me,0,,0.0,,,keyword planner,0;0;0;0;0;0;0;0;0;0;0;0
help to buy and shared equity,"New, existing, off the plan, building",help to buy new houses near me,0,,0.0,,,keyword planner,0;0;0;0;0;0;0;0;0;0;0;0
help to buy and shared equity,"New, existing, off the plan, building",help to buy non new build,0,,0.0,,,keyword planner,
help to buy and shared equity,"New, existing, off the plan, building",help to buy not a new build,0,,0.0,,,keyword planner,
help to buy and shared equity,"New, existing, off the plan, building",help to buy not new build,0,,0.0,,,keyword planner,
help to buy and shared equity,"New, existing, off the plan, building",help to buy not on new build,0,,0.0,,,keyword planner,
help to buy and shared equity,"New, existing, off the plan, building",help to buy on a new build,0,,0.0,,,keyword planner,
help to buy and shared equity,"New, existing, off the plan, building",help to buy on a old house,0,,0.0,,,keyword planner,0;0;0;0;0;0;0;0;0;0;0;0
help to buy and shared equity,"New, existing, off the plan, building",help to buy on new builds only,0,,0.0,,,keyword planner,0;0;0;0;0;0;0;0;0;0;0;0
help to buy and shared equity,"New, existing, off the plan, building",help to buy on old houses 2021,0,,0.0,,,keyword planner,
help to buy and shared equity,"New, existing, off the plan, building",help to buy on old houses 2022,0,,0.0,,,keyword planner,
help to buy and shared equity,"New, existing, off the plan, building",help to buy only new builds,0,,0.0,,,keyword planner,0;0;0;0;0;0;0;0;0;0;0;0
help to buy and shared equity,"New, existing, off the plan, building",help to buy scheme for old houses,0,,0.0,,,keyword planner,0;0;0;0;0;0;0;0;0;0;0;0
help to buy and shared equity,"New, existing, off the plan, building",help to buy scheme new build only,0,,0.0,,,keyword planner,
help to buy and shared equity,"New, existing, off the plan, building",help to buy second hand property,0,,0.0,,,keyword planner,0;0;0;0;0;0;0;0;0;0;0;0
help to buy and shared equity,"New, existing, off the plan, building",help to buy used houses,0,,0.0,,,keyword planner,0;0;0;0;0;0;0;0;0;0;0;0
help to buy and shared equity,"New, existing, off the plan, building",homes for sale help to buy,0,,0.0,,,keyword planner,
help to buy and shared equity,"New, existing, off the plan, building",houses eligible for help to buy,0,,0.0,,,keyword planner,
help to buy and shared equity,"New, existing, off the plan, building",houses for sale near me help to buy,0,,0.0,,,keyword planner,0;0;0;0;0;0;0;0;0;0;0;0
help to buy and shared equity,"New, existing, off the plan, building",houses help to buy near me,0,,0.0,,,keyword planner,0;0;0;0;0;0;0;0;0;0;0;0
help to buy and shared equity,"New, existing, off the plan, building",houses to buy help to buy,0,,0.0,,,keyword planner,0;0;0;0;0;0;0;0;0;0;0;0
help to buy and shared equity,"New, existing, off the plan, building",houses to buy with help to buy,0,,0.0,,,keyword planner,
help to buy and shared equity,"New, existing, off the plan, building",houses under help to buy scheme,0,,0.0,,informational,keyword planner,0;0;0;0;0;0;0;0;0;0;0;0
help to buy and shared equity,"New, existing, off the plan, building",houses with help to buy,0,,0.0,,,keyword planner,0;0;0;0;0;0;0;0;0;0;0;0
help to buy and shared equity,"New, existing, off the plan, building",houses with help to buy near me,0,,0.0,,,keyword planner,0;0;0;0;0;0;0;0;0;0;0;0
help to buy and shared equity,"New, existing, off the plan, building",how does help to buy work on new builds,0,,0.0,,,keyword planner,
help to buy and shared equity,"New, existing, off the plan, building",new build flats help to buy,0,,0.0,,,keyword planner,
help to buy and shared equity,"New, existing, off the plan, building",new build help to buy homes,0,,0.0,,,keyword planner,
help to buy and shared equity,"New, existing, off the plan, building",new build help to buy homes near me,0,,0.0,,,keyword planner,0;0;0;0;0;0;0;0;0;0;0;0
help to buy and shared equity,"New, existing, off the plan, building",new build help to buy houses,0,,0.0,,,keyword planner,
help to buy and shared equity,"New, existing, off the plan, building",new build help to buy near me,0,,0.0,,,keyword planner,
help to buy and shared equity,"New, existing, off the plan, building",new build homes help to buy near me,0,,0.0,,,keyword planner,0;0;0;0;0;0;0;0;0;0;0;0
help to buy and shared equity,"New, existing, off the plan, building",new build homes help to buy scheme,0,,0.0,,,keyword planner,0;0;0;0;0;0;0;0;0;0;0;0
help to buy and shared equity,"New, existing, off the plan, building",new build homes near me help to buy,0,,0.0,,,keyword planner,0;0;0;0;0;0;0;0;0;0;0;0
help to buy and shared equity,"New, existing, off the plan, building",new build houses help to buy,0,,0.0,,,keyword planner,0;0;0;0;0;0;0;0;0;0;0;0
help to buy and shared equity,"New, existing, off the plan, building",new build properties help to buy,0,,0.0,,,keyword planner,
help to buy and shared equity,"New, existing, off the plan, building",new builds help to buy near me,0,,0.0,,,keyword planner,
help to buy and shared equity,"New, existing, off the plan, building",new builds near me help to buy,0,,0.0,,,keyword planner,
help to buy and shared equity,"New, existing, off the plan, building",new homes for sale help to buy,0,,0.0,,,keyword planner,
help to buy and shared equity,"New, existing, off the plan, building",new homes help to buy near me,0,,0.0,,,keyword planner,0;0;0;0;0;0;0;0;0;0;0;0
help to buy and shared equity,"New, existing, off the plan, building",new homes near me help to buy,0,,0.0,,,keyword planner,0;0;0;0;0;0;0;0;0;0;0;0
help to buy and shared equity,"New, existing, off the plan, building",new houses for sale help to buy,0,,0.0,,,keyword planner,
help to buy and shared equity,"New, existing, off the plan, building",new houses for sale near me help to buy,0,,0.0,,,keyword planner,0;0;0;0;0;0;0;0;0;0;0;0
help to buy and shared equity,"New, existing, off the plan, building",new houses help to buy near me,0,,0.0,,,keyword planner,0;0;0;0;0;0;0;0;0;0;0;0
help to buy and shared equity,"New, existing, off the plan, building",shared equity homes for sale near sydney nsw,0,,,,commercial,dataforseo labs,
help to buy and shared equity,"Repaying, selling and life events",buy out help to buy,10,5 help to buy,0.0,,,keyword planner,0;0;0;0;0;0;10;0;0;0;0;0
help to buy and shared equity,"Repaying, selling and life events",can you rent out a shared equity property,10,5 help to buy,,,informational,dataforseo labs,
help to buy and shared equity,"Repaying, selling and life events",can you rent out help to buy,10,5 help to buy,,,informational,dataforseo labs,
help to buy and shared equity,"Repaying, selling and life events",example of help to buy repayments,10,5 help to buy,0.0,LOW,,keyword planner,0;0;0;0;0;0;0;10;0;0;0;10
help to buy and shared equity,"Repaying, selling and life events",government help to buy repayment,10,5 help to buy,0.0,,,keyword planner,0;0;0;0;0;10;10;10;0;10;0;0
help to buy and shared equity,"Repaying, selling and life events",help to buy 5 years,10,5 help to buy,0.0,,,keyword planner,0;0;0;0;0;0;0;0;0;10;0;0
help to buy and shared equity,"Repaying, selling and life events",help to buy after divorce,10,5 help to buy,0.0,,,keyword planner,10;0;0;0;0;0;0;0;0;0;0;0
help to buy and shared equity,"Repaying, selling and life events",help to buy and renting,10,5 help to buy,0.0,LOW,,keyword planner,0;10;0;10;10;0;10;10;0;0;10;10
help to buy and shared equity,"Repaying, selling and life events",help to buy and renting out,10,5 help to buy,0.0,,,keyword planner,0;0;0;0;0;0;0;0;0;0;10;0
help to buy and shared equity,"Repaying, selling and life events",help to buy buy out,10,5 help to buy,0.0,,transactional,keyword planner,0;0;0;0;0;10;0;10;0;0;0;0
help to buy and shared equity,"Repaying, selling and life events",help to buy can i rent out a room,10,5 help to buy,0.0,LOW,,keyword planner,0;0;0;0;10;10;0;10;10;0;10;10
help to buy and shared equity,"Repaying, selling and life events",help to buy can you rent out,10,5 help to buy,0.0,LOW,,keyword planner,0;0;10;0;10;10;0;10;10;10;10;10
help to buy and shared equity,"Repaying, selling and life events",help to buy divorce,10,5 help to buy,0.0,LOW,,keyword planner,0;0;0;0;10;0;10;0;10;10;0;10
help to buy and shared equity,"Repaying, selling and life events",help to buy do you have to pay it back,10,5 help to buy,0.0,,,keyword planner,0;0;10;0;0;0;0;0;0;0;0;0
help to buy and shared equity,"Repaying, selling and life events",help to buy early repayment,10,5 help to buy,0.0,,,keyword planner,0;0;0;0;0;0;0;0;0;10;0;0
help to buy and shared equity,"Repaying, selling and life events",help to buy equity loan how to pay back,10,5 help to buy,0.0,,,keyword planner,0;10;10;0;0;0;0;0;0;0;0;0
help to buy and shared equity,"Repaying, selling and life events",help to buy equity loan interest,10,5 help to buy,0.0,,,keyword planner,0;0;0;10;0;0;0;0;0;0;0;0
help to buy and shared equity,"Repaying, selling and life events",help to buy equity loan interest rates,10,5 help to buy,0.0,,,keyword planner,0;10;0;0;10;0;0;10;0;0;0;0
help to buy and shared equity,"Repaying, selling and life events",help to buy equity loan pay back,10,5 help to buy,0.0,,,keyword planner,0;10;0;0;10;10;0;0;10;0;10;0
help to buy and shared equity,"Repaying, selling and life events",help to buy equity loan repayment,10,5 help to buy,0.0,,transactional,keyword planner,0;10;0;0;10;10;0;0;10;0;10;0
help to buy and shared equity,"Repaying, selling and life events",help to buy government loan repayment,10,5 help to buy,0.0,,,keyword planner,0;0;0;10;0;0;0;0;0;0;0;0
help to buy and shared equity,"Repaying, selling and life events",help to buy home improvements,10,5 help to buy,0.0,LOW,commercial,keyword planner,0;0;0;0;10;0;0;10;10;0;10;10
help to buy and shared equity,"Repaying, selling and life events",help to buy how to pay back,10,5 help to buy,0.0,LOW,,keyword planner,0;0;0;0;0;0;10;10;10;0;10;10
help to buy and shared equity,"Repaying, selling and life events",help to buy how to repay,10,5 help to buy,0.0,LOW,,keyword planner,0;0;0;0;0;0;0;0;0;0;10;10
help to buy and shared equity,"Repaying, selling and life events",help to buy interest,10,5 help to buy,0.0,LOW,,keyword planner,0;10;0;10;10;0;10;10;10;0;10;10
help to buy and shared equity,"Repaying, selling and life events",help to buy interest free,10,5 help to buy,0.0,LOW,,keyword planner,0;0;0;10;10;0;0;0;0;0;0;10
help to buy and shared equity,"Repaying, selling and life events",help to buy interest only,10,5 help to buy,0.0,LOW,,keyword planner,0;0;0;10;0;0;10;10;10;0;0;10
help to buy and shared equity,"Repaying, selling and life events",help to buy interest only mortgage,10,5 help to buy,0.0,,,keyword planner,0;0;10;0;0;10;0;0;0;0;0;0
help to buy and shared equity,"Repaying, selling and life events",help to buy interest payments,10,5 help to buy,0.0,,,keyword planner,0;0;0;0;0;10;0;0;0;0;0;0
help to buy and shared equity,"Repaying, selling and life events",help to buy interest rates,10,5 help to buy,0.0,LOW,commercial,keyword planner,10;10;10;10;10;10;10;10;10;10;10;20
help to buy and shared equity,"Repaying, selling and life events",help to buy interest rates after 5 years,10,5 help to buy,0.0,,,keyword planner,0;0;0;0;0;0;0;0;10;0;0;0
help to buy and shared equity,"Repaying, selling and life events",help to buy investment property,10,5 help to buy,0.0,MEDIUM,transactional,keyword planner,10;0;10;10;10;10;10;10;10;0;10;10
help to buy and shared equity,"Repaying, selling and life events",help to buy loan repayment,10,5 help to buy,0.0,LOW,transactional,keyword planner,0;10;0;0;10;0;10;0;10;0;10;10
help to buy and shared equity,"Repaying, selling and life events",help to buy loan repayments,10,5 help to buy,,,commercial,dataforseo labs,
help to buy and shared equity,"Repaying, selling and life events",help to buy loans repayment,10,5 help to buy,,,commercial,dataforseo labs,
help to buy and shared equity,"Repaying, selling and life events",help to buy monthly repayments,10,5 help to buy,0.0,,,keyword planner,0;0;0;0;0;0;10;0;0;0;0;0
help to buy and shared equity,"Repaying, selling and life events",help to buy mortgage interest rates,10,5 help to buy,0.0,LOW,,keyword planner,0;0;0;0;10;10;0;0;0;0;0;10
help to buy and shared equity,"Repaying, selling and life events",help to buy mortgage repayment,10,5 help to buy,0.0,LOW,,keyword planner,10;10;10;10;10;10;10;10;10;10;10;10
help to buy and shared equity,"Repaying, selling and life events",help to buy pay back,10,5 help to buy,0.0,LOW,informational,keyword planner,0;10;10;10;10;10;10;10;10;10;10;10
help to buy and shared equity,"Repaying, selling and life events",help to buy payback,10,5 help to buy,0.0,LOW,,keyword planner,0;10;0;10;0;10;10;10;10;0;10;10
help to buy and shared equity,"Repaying, selling and life events",help to buy renovations,10,,9.76,LOW,,keyword planner,0;0;0;0;0;0;0;0;30;10;10;20
help to buy and shared equity,"Repaying, selling and life events",help to buy rent out,10,5 help to buy,0.0,LOW,commercial,keyword planner,10;10;0;10;10;10;10;10;10;10;0;10
help to buy and shared equity,"Repaying, selling and life events",help to buy rent out property,10,5 help to buy,0.0,LOW,,keyword planner,0;0;0;10;0;10;0;10;0;10;10;10
help to buy and shared equity,"Repaying, selling and life events",help to buy rent out room,10,5 help to buy,0.0,,,keyword planner,0;0;0;0;0;10;10;10;0;10;10;0
help to buy and shared equity,"Repaying, selling and life events",help to buy renting out room,10,5 help to buy,,,transactional,dataforseo labs,
help to buy and shared equity,"Repaying, selling and life events",help to buy repay,10,5 help to buy,0.0,LOW,,keyword planner,10;10;10;10;10;10;10;10;10;10;10;10
help to buy and shared equity,"Repaying, selling and life events",help to buy repayment,10,5 help to buy,,,transactional,dataforseo labs,
help to buy and shared equity,"Repaying, selling and life events",help to buy repayment after 5 years,10,5 help to buy,0.0,,,keyword planner,0;0;0;0;0;0;0;0;0;0;10;0
help to buy and shared equity,"Repaying, selling and life events",help to buy repayment example,10,5 help to buy,0.0,,,keyword planner,0;0;0;0;0;0;10;0;0;0;0;0
help to buy and shared equity,"Repaying, selling and life events",help to buy repayment form,10,5 help to buy,0.0,,transactional,keyword planner,10;10;10;0;0;0;0;0;0;0;0;0
help to buy and shared equity,"Repaying, selling and life events",help to buy repayment process,10,5 help to buy,0.0,LOW,,keyword planner,0;10;0;0;0;0;0;0;0;10;0;10
help to buy and shared equity,"Repaying, selling and life events",help to buy repayment terms,10,5 help to buy,0.0,,,keyword planner,0;0;0;0;0;0;10;0;0;0;0;0
help to buy and shared equity,"Repaying, selling and life events",help to buy rics valuation,10,5 help to buy,,,commercial,dataforseo labs,
help to buy and shared equity,"Repaying, selling and life events",help to buy scheme after 5 years,10,5 help to buy,0.0,,,keyword planner,0;0;0;10;0;0;0;0;0;0;0;0
help to buy and shared equity,"Repaying, selling and life events",help to buy scheme divorce,10,5 help to buy,0.0,LOW,transactional,keyword planner,0;0;0;10;0;10;10;10;10;10;0;10
help to buy and shared equity,"Repaying, selling and life events",help to buy scheme do you pay it back,10,5 help to buy,,,informational,dataforseo labs,
help to buy and shared equity,"Repaying, selling and life events",help to buy scheme home improvements,10,5 help to buy,0.0,LOW,transactional,keyword planner,0;0;0;10;0;0;10;0;0;10;10;10
help to buy and shared equity,"Repaying, selling and life events",help to buy scheme how to pay back,10,5 help to buy,0.0,LOW,transactional,keyword planner,10;0;0;10;10;10;10;10;10;10;10;10
help to buy and shared equity,"Repaying, selling and life events",help to buy scheme interest,10,5 help to buy,0.0,LOW,,keyword planner,10;0;10;10;10;10;10;10;10;10;10;10
help to buy and shared equity,"Repaying, selling and life events",help to buy scheme interest rates,10,5 help to buy,0.0,LOW,commercial,keyword planner,10;10;10;10;10;10;20;20;20;10;20;20
help to buy and shared equity,"Repaying, selling and life events",help to buy scheme renovation,10,5 help to buy,,,transactional,dataforseo labs,
help to buy and shared equity,"Repaying, selling and life events",help to buy scheme renting out,10,5 help to buy,0.0,LOW,transactional,keyword planner,10;0;10;10;10;10;10;10;10;10;10;10
help to buy and shared equity,"Repaying, selling and life events",help to buy scheme repayment,10,5 help to buy,0.0,LOW,transactional,keyword planner,10;10;10;10;10;10;20;10;20;10;10;10
help to buy and shared equity,"Repaying, selling and life events",help to buy scheme selling house,10,5 help to buy,0.0,LOW,transactional,keyword planner,0;0;0;0;10;10;10;10;10;10;0;10
help to buy and shared equity,"Repaying, selling and life events",help to buy scheme selling property,10,5 help to buy,0.0,,,keyword planner,0;0;0;0;0;0;0;0;10;0;0;0
help to buy and shared equity,"Repaying, selling and life events",help to buy sell house,10,5 help to buy,0.0,,informational,keyword planner,0;0;0;10;10;0;10;0;0;0;0;0
help to buy and shared equity,"Repaying, selling and life events",help to buy selling,10,5 help to buy,0.0,LOW,,keyword planner,0;10;0;10;10;0;10;10;10;0;0;10
help to buy and shared equity,"Repaying, selling and life events",help to buy selling house,10,5 help to buy,0.0,,transactional,keyword planner,0;0;0;10;10;0;10;0;0;0;0;0
help to buy and shared equity,"Repaying, selling and life events",help to buy selling property,10,5 help to buy,0.0,LOW,,keyword planner,0;0;0;10;10;0;0;0;0;0;0;10
help to buy and shared equity,"Repaying, selling and life events",help to buy selling rules,10,5 help to buy,0.0,,,keyword planner,0;0;0;0;0;10;0;0;0;0;0;0
help to buy and shared equity,"Repaying, selling and life events",help to buy selling within 5 years,10,5 help to buy,0.0,,,keyword planner,0;10;0;0;0;0;0;0;0;0;0;0
help to buy and shared equity,"Repaying, selling and life events",help to buy transfer of equity,10,5 help to buy,0.0,,,keyword planner,0;0;0;0;0;0;0;0;0;0;10;0
help to buy and shared equity,"Repaying, selling and life events",help to buy valuation,10,5 help to buy,,,commercial,dataforseo labs,
help to buy and shared equity,"Repaying, selling and life events",help to buy when do you pay back,10,5 help to buy,0.0,,,keyword planner,0;0;0;10;0;0;0;0;0;0;0;0
help to buy and shared equity,"Repaying, selling and life events",help to buy when selling,10,5 help to buy,0.0,,,keyword planner,0;0;0;0;0;10;0;0;0;0;0;0
help to buy and shared equity,"Repaying, selling and life events",help to buy when selling house,10,5 help to buy,0.0,,,keyword planner,0;0;0;0;0;0;0;0;10;0;0;0
help to buy and shared equity,"Repaying, selling and life events",help to buy when you sell,10,5 help to buy,0.0,,,keyword planner,0;0;10;0;0;0;0;0;0;0;0;0
help to buy and shared equity,"Repaying, selling and life events",help to buy withdrawal,10,5 help to buy,0.0,,,keyword planner,0;0;0;0;0;10;0;0;0;0;0;0
help to buy and shared equity,"Repaying, selling and life events",how does help to buy repayment work,10,5 help to buy,0.0,,,keyword planner,0;0;0;0;0;0;0;0;0;0;10;0
help to buy and shared equity,"Repaying, selling and life events",how much will my help to buy repayments be,10,5 help to buy,,,informational,dataforseo labs,
help to buy and shared equity,"Repaying, selling and life events",how to sell a help to buy property,10,5 help to buy,0.0,,,keyword planner,0;0;0;10;0;0;0;0;0;0;0;0
help to buy and shared equity,"Repaying, selling and life events",how to sell help to buy property,10,5 help to buy,0.0,,,keyword planner,10;0;0;0;0;0;0;0;0;0;0;0
help to buy and shared equity,"Repaying, selling and life events",interest on help to buy loan,10,5 help to buy,0.0,LOW,,keyword planner,0;0;0;0;10;0;0;10;0;0;0;10
help to buy and shared equity,"Repaying, selling and life events",interest rates help to buy,10,5 help to buy,0.0,,,keyword planner,0;0;0;10;0;10;10;10;10;0;0;0
help to buy and shared equity,"Repaying, selling and life events",pay back help to buy equity loan,10,5 help to buy,0.0,LOW,,keyword planner,0;0;0;0;0;10;0;0;0;0;0;10
help to buy and shared equity,"Repaying, selling and life events",rent out help to buy,10,5 help to buy,0.0,,,keyword planner,0;0;10;10;0;0;10;0;10;0;0;0
help to buy and shared equity,"Repaying, selling and life events",renting a help to buy property,10,5 help to buy,0.0,,,keyword planner,0;0;0;0;0;10;0;0;0;0;0;0
help to buy and shared equity,"Repaying, selling and life events",renting help to buy,10,5 help to buy,,,commercial,dataforseo labs,
help to buy and shared equity,"Repaying, selling and life events",renting out a help to buy property,10,5 help to buy,0.0,,,keyword planner,0;0;10;10;0;10;0;10;10;0;10;0
help to buy and shared equity,"Repaying, selling and life events",renting out help to buy property,10,5 help to buy,0.0,,commercial,keyword planner,0;0;10;10;0;10;0;10;10;0;10;0
help to buy and shared equity,"Repaying, selling and life events",repaying government help to buy loan,10,5 help to buy,0.0,LOW,,keyword planner,0;0;0;0;10;10;0;0;10;0;0;10
help to buy and shared equity,"Repaying, selling and life events",repaying help to buy scheme,10,5 help to buy,0.0,,,keyword planner,10;0;0;0;10;0;10;10;0;0;10;0
help to buy and shared equity,"Repaying, selling and life events",repayment of help to buy,10,5 help to buy,0.0,,,keyword planner,0;0;0;0;0;0;10;10;10;0;0;0
help to buy and shared equity,"Repaying, selling and life events",repayments on help to buy scheme,10,5 help to buy,0.0,,,keyword planner,10;0;0;0;10;0;10;10;0;0;10;0
help to buy and shared equity,"Repaying, selling and life events",sell house help to buy,10,5 help to buy,0.0,,transactional,keyword planner,0;0;10;0;10;10;0;10;10;0;0;0
help to buy and shared equity,"Repaying, selling and life events",selling a help to buy house,10,5 help to buy,0.0,LOW,,keyword planner,0;0;0;10;0;0;0;0;0;0;0;10
help to buy and shared equity,"Repaying, selling and life events",selling a help to buy property,10,5 help to buy,0.0,,,keyword planner,0;0;0;10;0;0;0;0;0;0;0;0
help to buy and shared equity,"Repaying, selling and life events",selling a house bought with help to buy,10,5 help to buy,0.0,,,keyword planner,0;0;10;0;10;10;0;10;10;0;0;0
help to buy and shared equity,"Repaying, selling and life events",selling a house with help to buy,10,5 help to buy,0.0,,,keyword planner,0;0;10;0;10;10;0;10;10;0;0;0
help to buy and shared equity,"Repaying, selling and life events",selling help to buy house,10,5 help to buy,0.0,LOW,,keyword planner,0;0;0;10;0;0;0;0;0;0;0;10
help to buy and shared equity,"Repaying, selling and life events",selling help to buy property,10,5 help to buy,0.0,,transactional,keyword planner,0;0;10;0;10;0;10;0;10;0;10;0
help to buy and shared equity,"Repaying, selling and life events",selling house help to buy,10,5 help to buy,0.0,,transactional,keyword planner,0;0;10;0;10;10;0;10;10;0;0;0
help to buy and shared equity,"Repaying, selling and life events",selling house on help to buy scheme,10,5 help to buy,0.0,,,keyword planner,0;0;0;0;0;0;0;0;0;10;0;0
help to buy and shared equity,"Repaying, selling and life events",selling house with help to buy,10,5 help to buy,0.0,,,keyword planner,0;0;0;10;0;0;0;0;0;0;0;0
help to buy and shared equity,"Repaying, selling and life events",selling house with help to buy loan,10,5 help to buy,0.0,,,keyword planner,0;0;0;0;0;0;0;0;10;0;0;0
help to buy and shared equity,"Repaying, selling and life events",selling my help to buy home,10,5 help to buy,0.0,,transactional,keyword planner,0;0;0;0;0;0;10;0;0;0;0;0
help to buy and shared equity,"Repaying, selling and life events",selling shared equity property,10,5 help to buy,0.0,LOW,transactional,keyword planner,0;0;10;0;0;10;10;10;10;10;0;10
help to buy and shared equity,"Repaying, selling and life events",shared equity investment,10,5 help to buy,0.0,LOW,commercial,keyword planner,10;10;10;0;10;10;0;0;10;0;10;10
help to buy and shared equity,"Repaying, selling and life events",caught renting help to buy,0,,0.0,,,keyword planner,0;0;0;0;0;0;0;0;0;0;0;0
help to buy and shared equity,"Repaying, selling and life events",equity loan help to buy repayment,0,,0.0,,,keyword planner,0;0;0;0;0;0;0;0;0;0;0;0
help to buy and shared equity,"Repaying, selling and life events",help to buy after 5 years,0,,0.0,,,keyword planner,0;0;0;0;0;0;0;0;0;0;0;0
help to buy and shared equity,"Repaying, selling and life events",help to buy backed by hm government,0,,0.0,,,keyword planner,
help to buy and shared equity,"Repaying, selling and life events",help to buy buy back,0,,0.0,,,keyword planner,
help to buy and shared equity,"Repaying, selling and life events",help to buy can i sell before 5 years,0,,0.0,,,keyword planner,
help to buy and shared equity,"Repaying, selling and life events",help to buy cost after 5 years,0,,0.0,,,keyword planner,
help to buy and shared equity,"Repaying, selling and life events",help to buy death,0,,0.0,,,keyword planner,
help to buy and shared equity,"Repaying, selling and life events",help to buy early repayment charge,0,,0.0,,,keyword planner,0;0;0;0;0;0;0;0;0;0;0;0
help to buy and shared equity,"Repaying, selling and life events",help to buy equity loan interest after 5 years,0,,0.0,,,keyword planner,
help to buy and shared equity,"Repaying, selling and life events",help to buy equity loan selling house,0,,0.0,,,keyword planner,0;0;0;0;0;0;0;0;0;0;0;0
help to buy and shared equity,"Repaying, selling and life events",help to buy equity repayment,0,,0.0,,,keyword planner,0;0;0;0;0;0;0;0;0;0;0;0
help to buy and shared equity,"Repaying, selling and life events",help to buy fees after 5 years,0,,0.0,,,keyword planner,
help to buy and shared equity,"Repaying, selling and life events",help to buy how much do i pay back,0,,0.0,,,keyword planner,
help to buy and shared equity,"Repaying, selling and life events",help to buy how much do you pay back,0,,0.0,,,keyword planner,
help to buy and shared equity,"Repaying, selling and life events",help to buy income increase,0,,0.0,,,keyword planner,
help to buy and shared equity,"Repaying, selling and life events",help to buy loan after 5 years,0,,0.0,,,keyword planner,
help to buy and shared equity,"Repaying, selling and life events",help to buy loan interest,0,,0.0,,,keyword planner,0;0;0;0;0;0;0;0;0;0;0;0
help to buy and shared equity,"Repaying, selling and life events",help to buy pay back early,0,,0.0,,,keyword planner,
help to buy and shared equity,"Repaying, selling and life events",help to buy pay back government share,0,,0.0,,,keyword planner,
help to buy and shared equity,"Repaying, selling and life events",help to buy percentage pay back,0,,0.0,,,keyword planner,0;0;0;0;0;0;0;0;0;0;0;0
help to buy and shared equity,"Repaying, selling and life events",help to buy rates after 5 years,0,,0.0,,,keyword planner,
help to buy and shared equity,"Repaying, selling and life events",help to buy refinance,0,,0.0,,,keyword planner,
help to buy and shared equity,"Repaying, selling and life events",help to buy repay equity loan,0,,0.0,,,keyword planner,
help to buy and shared equity,"Repaying, selling and life events",help to buy repayment application form,0,,0.0,,,keyword planner,0;0;0;0;0;0;0;0;0;0;0;0
help to buy and shared equity,"Repaying, selling and life events",help to buy repayment before 5 years,0,,0.0,,,keyword planner,
help to buy and shared equity,"Repaying, selling and life events",help to buy repayment interest,0,,0.0,,,keyword planner,0;0;0;0;0;0;0;0;0;0;0;0
help to buy and shared equity,"Repaying, selling and life events",help to buy repayment options,0,,0.0,,,keyword planner,0;0;0;0;0;0;0;0;0;0;0;0
help to buy and shared equity,"Repaying, selling and life events",help to buy repayment solicitor,0,,0.0,,,keyword planner,
help to buy and shared equity,"Repaying, selling and life events",help to buy repayment solicitor fees,0,,0.0,,,keyword planner,0;0;0;0;0;0;0;0;0;0;0;0
help to buy and shared equity,"Repaying, selling and life events",help to buy scheme equity loan repayments,0,,0.0,,,keyword planner,0;0;0;0;0;0;0;0;0;0;0;0
help to buy and shared equity,"Repaying, selling and life events",help to buy scheme loan repayment,0,,0.0,,,keyword planner,0;0;0;0;0;0;0;0;0;0;0;0
help to buy and shared equity,"Repaying, selling and life events",help to buy sell before 5 years,0,,0.0,,,keyword planner,
help to buy and shared equity,"Repaying, selling and life events",help to buy selling home,0,,0.0,,,keyword planner,0;0;0;0;0;0;0;0;0;0;0;0
help to buy and shared equity,"Repaying, selling and life events",help to buy selling my house,0,,0.0,,,keyword planner,0;0;0;0;0;0;0;0;0;0;0;0
help to buy and shared equity,"Repaying, selling and life events",help to buy selling process,0,,0.0,,,keyword planner,0;0;0;0;0;0;0;0;0;0;0;0
help to buy and shared equity,"Repaying, selling and life events",help to buy selling restrictions,0,,0.0,,,keyword planner,0;0;0;0;0;0;0;0;0;0;0;0
help to buy and shared equity,"Repaying, selling and life events",help to buy selling your home,0,,0.0,,,keyword planner,0;0;0;0;0;0;0;0;0;0;0;0
help to buy and shared equity,"Repaying, selling and life events",help to buy what do you pay back,0,,0.0,,,keyword planner,
help to buy and shared equity,"Repaying, selling and life events",help to buy what happens when you sell,0,,0.0,,,keyword planner,0;0;0;0;0;0;0;0;0;0;0;0
help to buy and shared equity,"Repaying, selling and life events",help to buy when pay back,0,,0.0,,,keyword planner,0;0;0;0;0;0;0;0;0;0;0;0
help to buy and shared equity,"Repaying, selling and life events",how does help to buy work when you sell,0,,0.0,,,keyword planner,0;0;0;0;0;0;0;0;0;0;0;0
help to buy and shared equity,"Repaying, selling and life events",pay back help to buy early,0,,0.0,,,keyword planner,0;0;0;0;0;0;0;0;0;0;0;0
help to buy and shared equity,"Repaying, selling and life events",pay back help to buy scheme,0,,0.0,,,keyword planner,0;0;0;0;0;0;0;0;0;0;0;0
help to buy and shared equity,"Repaying, selling and life events",paying back help to buy when selling,0,,0.0,,,keyword planner,0;0;0;0;0;0;0;0;0;0;0;0
help to buy and shared equity,"Repaying, selling and life events",repay your help to buy equity loan,0,,0.0,,,keyword planner,
help to buy and shared equity,"Repaying, selling and life events",repaying a help to buy equity loan,0,,0.0,,,keyword planner,
help to buy and shared equity,"Repaying, selling and life events",repaying a help to buy loan,0,,0.0,,,keyword planner,
help to buy and shared equity,"Repaying, selling and life events",repaying help to buy equity loan early,0,,0.0,,,keyword planner,
help to buy and shared equity,"Repaying, selling and life events",repaying help to buy target,0,,0.0,,,keyword planner,
help to buy and shared equity,"Repaying, selling and life events",repayment of help to buy equity loan,0,,0.0,,,keyword planner,
help to buy and shared equity,"Repaying, selling and life events",sell help to buy,0,,0.0,,,keyword planner,0;0;0;0;0;0;0;0;0;0;0;0
help to buy and shared equity,"Repaying, selling and life events",sell help to buy home,0,,0.0,,,keyword planner,0;0;0;0;0;0;0;0;0;0;0;0
help to buy and shared equity,"Repaying, selling and life events",selling a help to buy property at a loss,0,,0.0,,,keyword planner,0;0;0;0;0;0;0;0;0;0;0;0
help to buy and shared equity,"Repaying, selling and life events",selling a home with help to buy,0,,0.0,,,keyword planner,0;0;0;0;0;0;0;0;0;0;0;0
help to buy and shared equity,"Repaying, selling and life events",selling a house on help to buy,0,,0.0,,,keyword planner,0;0;0;0;0;0;0;0;0;0;0;0
help to buy and shared equity,"Repaying, selling and life events",selling a house with help to buy loan,0,,0.0,,,keyword planner,
help to buy and shared equity,"Repaying, selling and life events",selling a shared equity home,0,,0.0,,transactional,keyword planner,0;0;0;0;0;0;0;0;0;0;0;0
help to buy and shared equity,"Repaying, selling and life events",selling help to buy flat,0,,0.0,,,keyword planner,0;0;0;0;0;0;0;0;0;0;0;0
help to buy and shared equity,"Repaying, selling and life events",selling help to buy home before 5 years,0,,0.0,,,keyword planner,
help to buy and shared equity,"Repaying, selling and life events",selling help to buy property before 5 years,0,,0.0,,,keyword planner,0;0;0;0;0;0;0;0;0;0;0;0
help to buy and shared equity,"Repaying, selling and life events",selling home with help to buy,0,,0.0,,,keyword planner,0;0;0;0;0;0;0;0;0;0;0;0
help to buy and shared equity,"Repaying, selling and life events",selling my help to buy property,0,,0.0,,,keyword planner,0;0;0;0;0;0;0;0;0;0;0;0
help to buy and shared equity,"Repaying, selling and life events",selling my house with help to buy,0,,0.0,,,keyword planner,0;0;0;0;0;0;0;0;0;0;0;0
help to buy and shared equity,"Repaying, selling and life events",selling with help to buy,0,,0.0,,,keyword planner,0;0;0;0;0;0;0;0;0;0;0;0
help to buy and shared equity,"Repaying, selling and life events",selling your help to buy property,0,,0.0,,,keyword planner,0;0;0;0;0;0;0;0;0;0;0;0
help to buy and shared equity,"Repaying, selling and life events",selling your house with help to buy,0,,0.0,,,keyword planner,0;0;0;0;0;0;0;0;0;0;0;0
help to buy and shared equity,"Repaying, selling and life events",target help to buy repayment,0,,0.0,,,keyword planner,0;0;0;0;0;0;0;0;0;0;0;0
help to buy and shared equity,State and city,help to buy scheme qld,1600,,9.68,MEDIUM,commercial,keyword planner,720;720;880;1300;1300;1000;3600;3600;1300;880;1300;1300
help to buy and shared equity,State and city,help to buy scheme nsw,1300,,9.69,MEDIUM,informational,keyword planner,590;720;1000;1000;1000;880;2900;2900;1600;1300;1300;1300
help to buy and shared equity,State and city,help to buy scheme victoria,1000,,6.66,,transactional,dataforseo labs,
help to buy and shared equity,State and city,help to buy scheme wa,880,,9.77,MEDIUM,informational,keyword planner,320;320;390;1000;880;590;1900;1900;880;480;590;480
help to buy and shared equity,State and city,boost to buy scheme qld,720,,4.36,,transactional,dataforseo labs,
help to buy and shared equity,State and city,help to buy scheme sa,260,,5.64,,transactional,dataforseo labs,
help to buy and shared equity,State and city,help to buy scheme vic,170,,7.11,,transactional,dataforseo labs,
help to buy and shared equity,State and city,help to buy nsw,70,,9.68,MEDIUM,informational,keyword planner,110;90;140;110;70;40;70;70;50;40;50;50
help to buy and shared equity,State and city,help to buy scheme tasmania,70,,10.81,,transactional,dataforseo labs,
help to buy and shared equity,State and city,nsw help to buy scheme,70,help to buy nsw,9.63,LOW,transactional,keyword planner,50;40;40;70;70;50;90;90;90;70;50;70
help to buy and shared equity,State and city,help to buy qld,50,,9.63,LOW,commercial,keyword planner,50;40;40;50;70;50;50;50;70;40;20;40
help to buy and shared equity,State and city,help to buy scheme western australia,50,,7.57,,transactional,dataforseo labs,
help to buy and shared equity,State and city,help to buy wa,50,,9.7,LOW,transactional,keyword planner,50;20;30;260;110;30;30;40;40;30;10;20
help to buy and shared equity,State and city,qld help to buy scheme,50,help to buy qld,9.75,LOW,transactional,keyword planner,50;40;40;70;70;50;70;70;50;30;50;50
help to buy and shared equity,State and city,help to buy scheme south australia,40,,9.64,LOW,transactional,keyword planner,70;50;70;70;30;20;30;20;20;10;10;20
help to buy and shared equity,State and city,help to buy victoria,40,victoria help to buy scheme,6.4,,informational,dataforseo labs,
help to buy and shared equity,State and city,victoria help to buy scheme,40,,9.63,MEDIUM,,keyword planner,30;30;30;30;30;40;30;50;40;50;40;40
help to buy and shared equity,State and city,help to buy scheme perth,30,,5.13,,transactional,dataforseo labs,
help to buy and shared equity,State and city,help to buy act,20,,0.0,LOW,transactional,keyword planner,40;30;20;30;10;10;40;20;20;20;10;10
help to buy and shared equity,State and city,help to buy act 2024,20,help to buy gov,,,informational,dataforseo labs,
help to buy and shared equity,State and city,help to buy scheme canberra,20,,7.63,,transactional,dataforseo labs,
help to buy and shared equity,State and city,help to buy scheme queensland,20,,9.63,MEDIUM,informational,keyword planner,20;20;10;20;20;20;40;20;30;20;10;10
help to buy and shared equity,State and city,qld help to buy,20,,10.17,,transactional,dataforseo labs,
help to buy and shared equity,State and city,shared equity scheme tasmania,20,,6.43,,commercial,dataforseo labs,
help to buy and shared equity,State and city,shared equity wa,20,,11.49,LOW,informational,keyword planner,20;30;30;20;30;20;10;20;20;20;20;10
help to buy and shared equity,State and city,shared equity western australia,20,shared equity wa,6.75,,commercial,dataforseo labs,
help to buy and shared equity,State and city,federal help to buy scheme victoria,10,5 help to buy,,,informational,dataforseo labs,
help to buy and shared equity,State and city,help to buy perth,10,5 help to buy,0.0,MEDIUM,commercial,keyword planner,10;10;10;50;30;10;10;10;10;10;10;10
help to buy and shared equity,State and city,help to buy queensland,10,5 help to buy,,,commercial,dataforseo labs,
help to buy and shared equity,State and city,help to buy sa,10,,8.75,MEDIUM,,keyword planner,10;10;10;10;10;10;10;10;10;10;10;10
help to buy and shared equity,State and city,help to buy scheme 2024 victoria,10,5 help to buy,,,transactional,dataforseo labs,
help to buy and shared equity,State and city,help to buy scheme act,10,,9.07,,transactional,dataforseo labs,
help to buy and shared equity,State and city,help to buy scheme near melbourne vic,10,5 help to buy,,,transactional,dataforseo labs,
help to buy and shared equity,State and city,help to buy scheme near sydney nsw,10,,5.97,,transactional,dataforseo labs,
help to buy and shared equity,State and city,help to buy scheme qld 2023,10,5 help to buy,0.0,,transactional,keyword planner,0;0;0;0;0;0;10;0;10;0;0;0
help to buy and shared equity,State and city,help to buy scheme qld 2024,10,5 help to buy,,,informational,dataforseo labs,
help to buy and shared equity,State and city,help to buy scheme victoria 2023,10,5 help to buy,0.0,,transactional,keyword planner,10;0;10;0;10;0;0;0;0;0;0;0
help to buy and shared equity,State and city,help to buy scheme wa 2023,10,5 help to buy,,,informational,dataforseo labs,
help to buy and shared equity,State and city,help to buy tasmania,10,,13.69,LOW,,keyword planner,0;0;0;0;0;0;40;40;40;20;10;10
help to buy and shared equity,State and city,nsw gov au shared equity,10,5 help to buy,0.0,,,keyword planner,0;0;0;10;0;0;0;0;10;10;0;0
help to buy and shared equity,State and city,nsw gov shared equity,10,5 help to buy,0.0,LOW,,keyword planner,0;0;0;0;0;0;10;0;0;0;0;10
help to buy and shared equity,State and city,nsw gov shared equity scheme,10,5 help to buy,0.0,,informational,keyword planner,10;10;10;10;10;0;10;10;10;10;0;0
help to buy and shared equity,State and city,nsw government help to buy scheme,10,5 help to buy,,,transactional,dataforseo labs,
help to buy and shared equity,State and city,nsw government shared equity,10,5 help to buy,0.0,,,keyword planner,10;10;10;10;0;10;10;10;10;0;10;0
help to buy and shared equity,State and city,nsw government shared equity scheme,10,5 help to buy,0.0,LOW,informational,keyword planner,10;10;10;20;10;10;20;10;10;10;10;10
help to buy and shared equity,State and city,shared equity arrangement nsw,10,5 help to buy,,,informational,dataforseo labs,
help to buy and shared equity,State and city,shared equity homes perth,10,5 help to buy,0.0,MEDIUM,,keyword planner,10;10;10;10;20;20;10;10;10;10;10;10
help to buy and shared equity,State and city,shared equity housing wa,10,5 help to buy,,,informational,dataforseo labs,
help to buy and shared equity,State and city,shared equity loans victoria,10,5 help to buy,,,commercial,dataforseo labs,
help to buy and shared equity,State and city,shared equity nsw,10,5 help to buy,0.0,LOW,informational,keyword planner,10;20;10;10;10;10;10;10;20;20;10;10
help to buy and shared equity,State and city,shared equity perth,10,,4.84,,commercial,dataforseo labs,
help to buy and shared equity,State and city,shared equity properties perth,10,,6.25,,commercial,dataforseo labs,
help to buy and shared equity,State and city,shared equity sa,10,,6.58,MEDIUM,informational,keyword planner,10;20;20;10;10;10;10;20;30;10;10;10
help to buy and shared equity,State and city,shared equity scheme act,10,5 help to buy,,,informational,dataforseo labs,
help to buy and shared equity,State and city,shared equity scheme perth,10,shared equity perth,6.87,,commercial,dataforseo labs,
help to buy and shared equity,State and city,shared equity victoria,10,5 help to buy,,,informational,dataforseo labs,
help to buy and shared equity,State and city,2 help to buy scheme nsw,0,,,,transactional,dataforseo labs,
help to buy and shared equity,State and city,2 help to buy scheme qld,0,,,,transactional,dataforseo labs,
help to buy and shared equity,State and city,2 help to buy scheme victoria,0,,,,transactional,dataforseo labs,
help to buy and shared equity,State and city,federal government shared equity scheme near melbourne vic,0,,,,commercial,dataforseo labs,
help to buy and shared equity,State and city,federal government shared equity scheme near sydney nsw,0,,,,commercial,dataforseo labs,
help to buy and shared equity,State and city,federal help to buy scheme nsw,0,,,,transactional,dataforseo labs,
help to buy and shared equity,State and city,federal help to buy shared equity scheme near melbourne vic,0,,,,commercial,dataforseo labs,
help to buy and shared equity,State and city,federal help to buy shared equity scheme near sydney nsw,0,,,,commercial,dataforseo labs,
help to buy and shared equity,State and city,federal shared equity scheme near melbourne vic,0,,,,commercial,dataforseo labs,
help to buy and shared equity,State and city,federal shared equity scheme near sydney nsw,0,,,,commercial,dataforseo labs,
help to buy and shared equity,State and city,government shared equity scheme near melbourne vic,0,,,,commercial,dataforseo labs,
help to buy and shared equity,State and city,government shared equity scheme near sydney nsw,0,,,,commercial,dataforseo labs,
help to buy and shared equity,State and city,help to buy adelaide,0,,0.0,,,keyword planner,
help to buy and shared equity,State and city,help to buy brisbane,0,,0.0,,,keyword planner,
help to buy and shared equity,State and city,help to buy government scheme nsw,0,,,,transactional,dataforseo labs,
help to buy and shared equity,State and city,help to buy government scheme qld,0,,,,transactional,dataforseo labs,
help to buy and shared equity,State and city,help to buy housing scheme nsw,0,,,,transactional,dataforseo labs,
help to buy and shared equity,State and city,help to buy housing scheme qld,0,,,,transactional,dataforseo labs,
help to buy and shared equity,State and city,help to buy housing scheme sydney,0,,,,transactional,dataforseo labs,
help to buy and shared equity,State and city,help to buy housing scheme victoria,0,,,,transactional,dataforseo labs,
help to buy and shared equity,State and city,help to buy melbourne,0,,0.0,,,keyword planner,
help to buy and shared equity,State and city,help to buy nt,0,,0.0,,,keyword planner,
help to buy and shared equity,State and city,help to buy scheme 2024 qld,0,,,,informational,dataforseo labs,
help to buy and shared equity,State and city,help to buy scheme wa 2024,0,,,,informational,dataforseo labs,
help to buy and shared equity,State and city,help to buy sydney,0,,0.0,,,keyword planner,
help to buy and shared equity,State and city,help to buy vic,0,,0.0,,,keyword planner,
help to buy and shared equity,State and city,labor shared equity scheme near melbourne vic,0,,,,commercial,dataforseo labs,
help to buy and shared equity,State and city,labor shared equity scheme near sydney nsw,0,,,,commercial,dataforseo labs,
help to buy and shared equity,State and city,nsw first home buyers shared equity,0,,,,commercial,dataforseo labs,
help to buy and shared equity,State and city,nsw housing shared equity scheme,0,,0.0,,,keyword planner,0;0;0;0;0;0;0;0;0;0;0;0
help to buy and shared equity,State and city,shared equity government nsw,0,,,,commercial,dataforseo labs,
help to buy and shared equity,State and city,shared equity government victoria,0,,,,navigational,dataforseo labs,
help to buy and shared equity,State and city,shared equity home loan qld,0,,,,commercial,dataforseo labs,
help to buy and shared equity,State and city,shared equity homes adelaide,0,,,,navigational,dataforseo labs,
help to buy and shared equity,State and city,shared equity housing schemes near melbourne vic,0,,,,commercial,dataforseo labs,
help to buy and shared equity,State and city,shared equity housing schemes near sydney nsw,0,,,,commercial,dataforseo labs,
help to buy and shared equity,State and city,shared equity housing schemes nsw,0,,,,commercial,dataforseo labs,
help to buy and shared equity,State and city,shared equity housing schemes qld,0,,,,commercial,dataforseo labs,
help to buy and shared equity,State and city,shared equity housing schemes victoria,0,,,,commercial,dataforseo labs,
help to buy and shared equity,State and city,shared equity housing victoria,0,,,,commercial,dataforseo labs,
help to buy and shared equity,State and city,shared equity properties nsw,0,,,,commercial,dataforseo labs,
help to buy and shared equity,State and city,shared equity properties victoria,0,,,,navigational,dataforseo labs,
help to buy and shared equity,State and city,shared equity property nsw,0,,,,informational,dataforseo labs,
help to buy and shared equity,State and city,shared equity property victoria,0,,,,navigational,dataforseo labs,
help to buy and shared equity,State and city,shared equity scheme near melbourne vic,0,,,,commercial,dataforseo labs,
help to buy and shared equity,State and city,shared equity scheme near sydney nsw,0,,,,commercial,dataforseo labs,
help to buy and shared equity,State and city,what is shared equity scheme near melbourne vic,0,,,,commercial,dataforseo labs,
help to buy and shared equity,State and city,what is shared equity scheme near sydney nsw,0,,,,commercial,dataforseo labs,
help to buy and shared equity,State and city,what is the help to buy scheme victoria,0,,,,commercial,dataforseo labs,
help to buy and shared equity,State shared equity schemes,victorian homebuyer fund,1000,,11.7,LOW,,keyword planner,2400;1600;1300;1000;1300;1000;1300;1300;880;720;590;480
help to buy and shared equity,State shared equity schemes,shared equity scheme wa,480,,9.55,MEDIUM,informational,keyword planner,390;480;480;390;590;480;480;480;590;720;480;590
help to buy and shared equity,State shared equity schemes,shared equity scheme western australia,480,shared equity scheme wa,9.55,MEDIUM,,keyword planner,390;480;480;390;590;480;480;480;590;720;480;590
help to buy and shared equity,State shared equity schemes,wa shared equity scheme,480,shared equity scheme wa,9.55,MEDIUM,informational,keyword planner,390;480;480;390;590;480;480;480;590;720;480;590
help to buy and shared equity,State shared equity schemes,keystart shared equity,390,,11.17,MEDIUM,commercial,keyword planner,260;390;260;210;320;210;260;320;320;880;480;390
help to buy and shared equity,State shared equity schemes,shared equity keystart,390,keystart shared equity,7.11,,commercial,dataforseo labs,
help to buy and shared equity,State shared equity schemes,vic homebuyer fund,260,,13.41,LOW,,keyword planner,590;320;260;210;480;260;210;210;170;140;110;110
help to buy and shared equity,State shared equity schemes,shared equity scheme sa,210,,6.94,MEDIUM,commercial,keyword planner,260;210;260;210;260;260;260;140;90;70;170;210
help to buy and shared equity,State shared equity schemes,shared equity scheme victoria,210,,6.63,,informational,dataforseo labs,
help to buy and shared equity,State shared equity schemes,home start shared equity,170,,1.68,,informational,dataforseo labs,
help to buy and shared equity,State shared equity schemes,homestart shared equity,170,,7.48,LOW,commercial,keyword planner,210;210;260;140;210;170;210;210;170;140;140;140
help to buy and shared equity,State shared equity schemes,shared equity scheme nsw,170,,9.63,LOW,informational,keyword planner,110;110;110;140;140;170;210;210;260;170;170;210
help to buy and shared equity,State shared equity schemes,shared equity scheme qld,170,,6.15,,commercial,dataforseo labs,
help to buy and shared equity,State shared equity schemes,victoria homebuyer fund,110,,11.44,LOW,,keyword planner,210;210;140;110;140;110;110;110;90;110;70;70
help to buy and shared equity,State shared equity schemes,shared equity home buyer helper,90,,5.26,,informational,dataforseo labs,
help to buy and shared equity,State shared equity schemes,keystart shared equity scheme,70,,9.77,MEDIUM,informational,keyword planner,20;50;30;10;40;30;40;70;70;170;90;90
help to buy and shared equity,State shared equity schemes,myhome shared equity program,70,,14.71,,informational,dataforseo labs,
help to buy and shared equity,State shared equity schemes,nsw shared equity scheme,70,,24.82,LOW,informational,keyword planner,70;70;50;90;90;70;70;90;70;50;50;20
help to buy and shared equity,State shared equity schemes,victorian homebuyer fund shared equity scheme,70,,12.45,MEDIUM,informational,keyword planner,170;140;110;90;110;70;70;50;50;20;20;10
help to buy and shared equity,State shared equity schemes,myhome tasmania,50,,0.0,LOW,,keyword planner,70;50;50;40;50;50;50;50;50;40;40;30
help to buy and shared equity,State shared equity schemes,keystart urban connect shared equity,40,,4.51,,commercial,dataforseo labs,
help to buy and shared equity,State shared equity schemes,nsw shared equity home buyer helper,40,,9.63,MEDIUM,informational,keyword planner,10;10;30;40;50;50;30;50;70;50;40;40
help to buy and shared equity,State shared equity schemes,shared equity scheme vic,40,,6.71,,informational,dataforseo labs,
help to buy and shared equity,State shared equity schemes,qld shared equity scheme,30,,0.0,LOW,commercial,keyword planner,50;50;20;70;30;20;30;20;20;30;30;10
help to buy and shared equity,State shared equity schemes,shared equity homestart,30,,0.65,,informational,dataforseo labs,
help to buy and shared equity,State shared equity schemes,shared equity scheme nsw 2025,30,help to buy income limit,,,informational,dataforseo labs,
help to buy and shared equity,State shared equity schemes,government shared equity scheme nsw,20,,6.85,,informational,dataforseo labs,
help to buy and shared equity,State shared equity schemes,keystart shared equity properties,20,,9.56,MEDIUM,navigational,keyword planner,30;30;10;10;20;20;10;10;20;30;10;10
help to buy and shared equity,State shared equity schemes,myhome shared equity program tasmania,20,help to buy gov,,,navigational,dataforseo labs,
help to buy and shared equity,State shared equity schemes,shared equity scheme wa 2025,20,help to buy gov,,,informational,dataforseo labs,
help to buy and shared equity,State shared equity schemes,vic shared equity scheme,20,,9.7,,informational,dataforseo labs,
help to buy and shared equity,State shared equity schemes,victorian homebuyer fund vhf,20,,0.0,LOW,,keyword planner,50;30;20;20;20;10;10;10;10;10;10;10
help to buy and shared equity,State shared equity schemes,wa shared equity,20,shared equity wa,6.75,,informational,dataforseo labs,
help to buy and shared equity,State shared equity schemes,first home buyer shared equity scheme qld,10,5 help to buy,0.0,LOW,commercial,keyword planner,10;10;0;10;10;10;10;10;10;10;10;10
help to buy and shared equity,State shared equity schemes,first home buyer shared equity scheme victoria,10,5 help to buy,,,commercial,dataforseo labs,
help to buy and shared equity,State shared equity schemes,government shared equity scheme qld,10,5 help to buy,,,informational,dataforseo labs,
help to buy and shared equity,State shared equity schemes,homebuyer fund vic,10,5 help to buy,0.0,LOW,,keyword planner,30;30;20;10;10;10;10;10;10;10;10;10
help to buy and shared equity,State shared equity schemes,homes vic shared equity,10,5 help to buy,,,informational,dataforseo labs,
help to buy and shared equity,State shared equity schemes,homestart shared equity review,10,5 help to buy,,,informational,dataforseo labs,
help to buy and shared equity,State shared equity schemes,homesvic shared equity,10,5 help to buy,,,commercial,dataforseo labs,
help to buy and shared equity,State shared equity schemes,homesvic shared equity initiative,10,5 help to buy,,,informational,dataforseo labs,
help to buy and shared equity,State shared equity schemes,homesvic shared equity scheme,10,5 help to buy,,,informational,dataforseo labs,
help to buy and shared equity,State shared equity schemes,keystart shared equity loan,10,,11.51,MEDIUM,,keyword planner,10;10;20;10;10;10;10;10;10;10;10;10
help to buy and shared equity,State shared equity schemes,keystart shared equity review,10,5 help to buy,,,informational,dataforseo labs,
help to buy and shared equity,State shared equity schemes,keystart shared home ownership,10,,11.95,MEDIUM,,keyword planner,10;10;10;10;10;10;10;10;10;20;10;10
help to buy and shared equity,State shared equity schemes,nsw shared equity,10,5 help to buy,0.0,LOW,,keyword planner,10;10;10;10;10;10;10;10;10;10;10;10
help to buy and shared equity,State shared equity schemes,nsw shared equity scheme application,10,5 help to buy,0.0,,,keyword planner,0;0;10;0;0;0;0;0;0;0;0;0
help to buy and shared equity,State shared equity schemes,shared equity home buyer helper 2025,10,5 help to buy,,,informational,dataforseo labs,
help to buy and shared equity,State shared equity schemes,shared equity home buyer helper nsw,10,5 help to buy,0.0,LOW,informational,keyword planner,10;10;10;10;10;10;10;10;10;10;10;10
help to buy and shared equity,State shared equity schemes,shared equity home buyer helper qld,10,5 help to buy,,,informational,dataforseo labs,
help to buy and shared equity,State shared equity schemes,shared equity home buyer helper reddit,10,5 help to buy,,,informational,dataforseo labs,
help to buy and shared equity,State shared equity schemes,shared equity scheme nsw 2024,10,5 help to buy,,,informational,dataforseo labs,
help to buy and shared equity,State shared equity schemes,shared equity scheme nsw 2025 requirements,10,5 help to buy,,,informational,dataforseo labs,
help to buy and shared equity,State shared equity schemes,shared equity scheme nsw lenders,10,5 help to buy,0.0,LOW,informational,keyword planner,10;0;0;0;0;10;0;10;0;10;0;10
help to buy and shared equity,State shared equity schemes,shared equity scheme nsw reddit,10,5 help to buy,,,informational,dataforseo labs,
help to buy and shared equity,State shared equity schemes,shared equity scheme nsw reviews,10,5 help to buy,,,informational,dataforseo labs,
help to buy and shared equity,State shared equity schemes,shared equity scheme south australia,10,,4.94,MEDIUM,commercial,keyword planner,10;10;10;10;10;10;10;10;20;20;10;10
help to buy and shared equity,State shared equity schemes,shared equity scheme wa houses for sale,10,,3.26,,commercial,dataforseo labs,
help to buy and shared equity,State shared equity schemes,vic gov homebuyer fund,10,5 help to buy,0.0,LOW,,keyword planner,10;10;10;10;10;10;10;10;10;10;10;10
help to buy and shared equity,State shared equity schemes,victorian homebuyer fund application,10,5 help to buy,0.0,,,keyword planner,10;10;10;10;10;0;10;10;10;0;0;0
help to buy and shared equity,State shared equity schemes,bendigo bank nsw shared equity scheme,0,,0.0,,,keyword planner,0;0;0;0;0;0;0;0;0;0;0;0
help to buy and shared equity,State shared equity schemes,federal help to buy shared equity scheme nsw,0,,,,transactional,dataforseo labs,
help to buy and shared equity,State shared equity schemes,federal help to buy shared equity scheme qld,0,,,,commercial,dataforseo labs,
help to buy and shared equity,State shared equity schemes,federal help to buy shared equity scheme victoria,0,,,,transactional,dataforseo labs,
help to buy and shared equity,State shared equity schemes,federal shared equity scheme nsw,0,,,,commercial,dataforseo labs,
help to buy and shared equity,State shared equity schemes,federal shared equity scheme victoria,0,,,,commercial,dataforseo labs,
help to buy and shared equity,State shared equity schemes,government shared equity scheme victoria,0,,,,commercial,dataforseo labs,
help to buy and shared equity,State shared equity schemes,homestart shared equity eligibility,0,,,,commercial,dataforseo labs,
help to buy and shared equity,State shared equity schemes,homestart shared equity interest rate,0,,,,commercial,dataforseo labs,
help to buy and shared equity,State shared equity schemes,homestart shared equity rates,0,,,,commercial,dataforseo labs,
help to buy and shared equity,State shared equity schemes,homestart shared equity reddit,0,,,,navigational,dataforseo labs,
help to buy and shared equity,State shared equity schemes,keystart shared equity refinance,0,,,,commercial,dataforseo labs,
help to buy and shared equity,State shared equity schemes,keystart shared equity scheme interest rate,0,,,,commercial,dataforseo labs,
help to buy and shared equity,State shared equity schemes,keystart shared equity scheme near melbourne vic,0,,,,commercial,dataforseo labs,
help to buy and shared equity,State shared equity schemes,keystart shared equity scheme near sydney nsw,0,,,,commercial,dataforseo labs,
help to buy and shared equity,State shared equity schemes,keystart shared equity scheme rates,0,,,,commercial,dataforseo labs,
help to buy and shared equity,State shared equity schemes,labor shared equity scheme nsw,0,,,,commercial,dataforseo labs,
help to buy and shared equity,State shared equity schemes,labor shared equity scheme victoria,0,,,,commercial,dataforseo labs,
help to buy and shared equity,State shared equity schemes,myhome shared equity program application,0,,,,navigational,dataforseo labs,
help to buy and shared equity,State shared equity schemes,nsw shared equity scheme reviews,0,,,,commercial,dataforseo labs,
help to buy and shared equity,State shared equity schemes,qld shared equity scheme application,0,,,,transactional,dataforseo labs,
help to buy and shared equity,State shared equity schemes,qld shared equity scheme eligibility,0,,,,commercial,dataforseo labs,
help to buy and shared equity,State shared equity schemes,qld shared equity scheme requirements,0,,,,commercial,dataforseo labs,
help to buy and shared equity,State shared equity schemes,qld shared equity scheme reviews,0,,,,commercial,dataforseo labs,
help to buy and shared equity,State shared equity schemes,shared equity home buyer helper australia,0,,,,commercial,dataforseo labs,
help to buy and shared equity,State shared equity schemes,shared equity home buyer helper online services,0,,,,commercial,dataforseo labs,
help to buy and shared equity,State shared equity schemes,shared equity home buyer helper pros and cons,0,,,,commercial,dataforseo labs,
help to buy and shared equity,State shared equity schemes,shared equity home buyer helper reviews,0,,,,commercial,dataforseo labs,
help to buy and shared equity,State shared equity schemes,shared equity home buyer helper victoria,0,,,,commercial,dataforseo labs,
help to buy and shared equity,State shared equity schemes,shared equity scheme nsw 2025 application,0,,,,transactional,dataforseo labs,
help to buy and shared equity,State shared equity schemes,shared equity scheme nsw 2025 reviews,0,,,,commercial,dataforseo labs,
help to buy and shared equity,State shared equity schemes,shared equity scheme nsw 2026,0,,,,commercial,dataforseo labs,
help to buy and shared equity,State shared equity schemes,shared equity scheme nsw apply,0,,0.0,,transactional,keyword planner,0;0;0;0;0;0;0;0;0;0;0;0
help to buy and shared equity,State shared equity schemes,shared equity scheme qld 2023,0,,,,informational,dataforseo labs,
help to buy and shared equity,State shared equity schemes,shared equity scheme qld 2024,0,,,,informational,dataforseo labs,
help to buy and shared equity,State shared equity schemes,shared equity scheme qld application,0,,,,transactional,dataforseo labs,
help to buy and shared equity,State shared equity schemes,shared equity scheme qld requirements,0,,,,commercial,dataforseo labs,
help to buy and shared equity,State shared equity schemes,shared equity scheme qld reviews,0,,,,commercial,dataforseo labs,
help to buy and shared equity,State shared equity schemes,shared equity scheme victoria eligibility,0,,,,commercial,dataforseo labs,
help to buy and shared equity,State shared equity schemes,shared equity scheme wa 2023,0,,,,informational,dataforseo labs,
help to buy and shared equity,State shared equity schemes,shared equity scheme wa 2024,0,,,,informational,dataforseo labs,
help to buy and shared equity,State shared equity schemes,shared equity scheme wa reddit,0,,,,navigational,dataforseo labs,
help to buy and shared equity,State shared equity schemes,shared equity scheme wa requirements,0,,,,commercial,dataforseo labs,
help to buy and shared equity,State shared equity schemes,shared equity scheme wa reviews,0,,,,commercial,dataforseo labs,
help to buy and shared equity,State shared equity schemes,victorian homebuyer fund shared equity scheme 2022,0,,,,commercial,dataforseo labs,
help to buy and shared equity,State shared equity schemes,victorian homebuyer fund shared equity scheme australia,0,,,,commercial,dataforseo labs,
help to buy and shared equity,State shared equity schemes,victorian homebuyer fund shared equity scheme interest,0,,,,commercial,dataforseo labs,
help to buy and shared equity,State shared equity schemes,victorian homebuyer fund shared equity scheme near melbourne vic,0,,,,commercial,dataforseo labs,
help to buy and shared equity,State shared equity schemes,victorian homebuyer fund shared equity scheme near sydney nsw,0,,,,commercial,dataforseo labs,
help to buy and shared equity,State shared equity schemes,victorian homebuyer fund shared equity scheme review,0,,,,commercial,dataforseo labs,
help to buy and shared equity,State shared equity schemes,wa shared equity scheme near melbourne vic,0,,,,commercial,dataforseo labs,
help to buy and shared equity,State shared equity schemes,wa shared equity scheme near sydney nsw,0,,,,commercial,dataforseo labs,
help to buy and shared equity,State shared equity schemes,what is shared equity scheme qld,0,,,,informational,dataforseo labs,
help to buy and shared equity,State shared equity schemes,what is shared equity scheme victoria,0,,,,commercial,dataforseo labs,
help to buy and shared equity,What it is and how it works,shared equity scheme,1000,,9.21,LOW,informational,keyword planner,880;1000;1600;1000;1000;880;880;880;1300;1000;880;1600
help to buy and shared equity,What it is and how it works,shared equity,480,,9.61,LOW,informational,keyword planner,480;480;480;390;480;480;590;480;480;480;390;390
help to buy and shared equity,What it is and how it works,government shared equity scheme,390,,9.72,LOW,informational,keyword planner,260;260;480;320;320;320;320;390;480;480;480;480
help to buy and shared equity,What it is and how it works,shared equity government scheme,390,government shared equity scheme,4.62,,informational,dataforseo labs,
help to buy and shared equity,What it is and how it works,shared equity scheme government,390,government shared equity scheme,4.62,,informational,dataforseo labs,
help to buy and shared equity,What it is and how it works,help to buy shared equity scheme,210,,9.77,LOW,transactional,keyword planner,210;170;210;210;210;170;140;140;170;170;170;320
help to buy and shared equity,What it is and how it works,shared equity home loan,140,,15.1,MEDIUM,commercial,keyword planner,110;140;210;170;170;140;110;140;90;110;110;110
help to buy and shared equity,What it is and how it works,shared equity home loans,140,,8.73,,commercial,dataforseo labs,
help to buy and shared equity,What it is and how it works,shared equity scheme australia,140,,9.22,LOW,commercial,keyword planner,140;140;90;480;90;90;90;70;90;90;70;70
help to buy and shared equity,What it is and how it works,what is a help to buy scheme,140,what is help to buy scheme,5.65,,informational,dataforseo labs,
help to buy and shared equity,What it is and how it works,what is help to buy scheme,140,,9.18,LOW,informational,keyword planner,40;40;70;110;70;70;320;320;210;110;170;170
help to buy and shared equity,What it is and how it works,what is the help to buy scheme,140,what is help to buy scheme,5.65,,informational,dataforseo labs,
help to buy and shared equity,What it is and how it works,federal government shared equity scheme,90,,13.29,LOW,informational,keyword planner,140;110;140;140;90;90;90;70;50;40;50;40
help to buy and shared equity,What it is and how it works,shared equity home buyer help,90,,9.57,MEDIUM,informational,keyword planner,90;90;70;70;110;90;90;110;90;50;70;70
help to buy and shared equity,What it is and how it works,what is shared equity,90,,6.46,LOW,informational,keyword planner,70;70;90;50;70;110;90;70;90;140;70;70
help to buy and shared equity,What it is and how it works,home shared equity,70,,6.91,MEDIUM,,keyword planner,70;50;90;50;110;70;70;90;90;70;70;70
help to buy and shared equity,What it is and how it works,how does a help to buy scheme work,70,,8.39,LOW,,keyword planner,20;10;10;40;20;50;210;210;70;50;90;70
help to buy and shared equity,What it is and how it works,how does the help to buy scheme work,70,how does a help to buy scheme work,8.39,LOW,informational,keyword planner,20;10;10;40;20;50;210;210;70;50;90;70
help to buy and shared equity,What it is and how it works,shared equity homes,70,home shared equity,6.91,MEDIUM,commercial,keyword planner,70;50;90;50;110;70;70;90;90;70;70;70
help to buy and shared equity,What it is and how it works,shared equity house,70,home shared equity,6.91,MEDIUM,commercial,keyword planner,70;50;90;50;110;70;70;90;90;70;70;70
help to buy and shared equity,What it is and how it works,shared equity housing,70,home shared equity,6.91,MEDIUM,informational,keyword planner,70;50;90;50;110;70;70;90;90;70;70;70
help to buy and shared equity,What it is and how it works,shared equity housing scheme,70,home shared equity,9.58,MEDIUM,informational,keyword planner,70;50;90;70;70;40;50;90;70;70;90;50
help to buy and shared equity,What it is and how it works,shared equity housing schemes,70,,4.17,,informational,dataforseo labs,
help to buy and shared equity,What it is and how it works,shared equity loan,70,,14.02,MEDIUM,commercial,keyword planner,70;70;70;50;70;70;50;70;70;50;50;50
help to buy and shared equity,What it is and how it works,urban connect shared equity,70,,9.08,,commercial,dataforseo labs,
help to buy and shared equity,What it is and how it works,what is shared equity scheme,70,,4.69,LOW,informational,keyword planner,40;40;30;40;30;40;20;30;50;50;70;390
help to buy and shared equity,What it is and how it works,federal shared equity scheme,50,,9.57,LOW,informational,keyword planner,90;70;70;40;40;40;70;40;40;40;40;20
help to buy and shared equity,What it is and how it works,labor shared equity scheme,50,,0.0,MEDIUM,informational,keyword planner,10;10;590;10;10;10;10;10;10;0;10;10
help to buy and shared equity,What it is and how it works,australian government shared equity scheme,40,government shared equity,6.59,LOW,informational,keyword planner,30;40;50;40;40;30;40;50;40;40;40;30
help to buy and shared equity,What it is and how it works,first home buyer shared equity scheme,40,,10.19,MEDIUM,informational,keyword planner,30;40;40;70;40;40;50;50;50;40;30;30
help to buy and shared equity,What it is and how it works,first home buyers shared equity scheme,40,first home buyer shared equity scheme,10.19,MEDIUM,informational,keyword planner,30;40;40;70;40;40;50;50;50;40;30;30
help to buy and shared equity,What it is and how it works,government shared equity,40,,0.0,LOW,,keyword planner,30;30;50;50;40;30;20;50;50;30;40;20
help to buy and shared equity,What it is and how it works,help to buy shared equity,40,,9.68,LOW,transactional,keyword planner,20;30;30;40;90;40;110;70;50;20;10;10
help to buy and shared equity,What it is and how it works,shared equity government,40,government shared equity,,,informational,dataforseo labs,
help to buy and shared equity,What it is and how it works,what does shared equity mean,40,government shared equity,,,informational,dataforseo labs,
help to buy and shared equity,What it is and how it works,federal help to buy shared equity scheme,30,,8.54,,transactional,dataforseo labs,
help to buy and shared equity,What it is and how it works,shared equity meaning,30,,0.52,,informational,dataforseo labs,
help to buy and shared equity,What it is and how it works,shared equity properties,30,help to buy income limit,,,commercial,dataforseo labs,
help to buy and shared equity,What it is and how it works,shared equity property,30,,15.24,MEDIUM,informational,keyword planner,40;50;40;40;40;40;30;20;30;30;20;20
help to buy and shared equity,What it is and how it works,urban connect shared equity scheme,30,help to buy income limit,,,commercial,dataforseo labs,
help to buy and shared equity,What it is and how it works,what is shared equity housing,30,,3.3,LOW,informational,keyword planner,10;20;40;40;30;40;30;30;30;30;30;20
help to buy and shared equity,What it is and how it works,home shared equity scheme,20,,15.19,MEDIUM,informational,keyword planner,20;30;30;30;30;20;10;20;10;10;10;20
help to buy and shared equity,What it is and how it works,home shared equity schemes,20,,3.87,,informational,dataforseo labs,
help to buy and shared equity,What it is and how it works,shared equity arrangement,20,help to buy gov,,,informational,dataforseo labs,
help to buy and shared equity,What it is and how it works,shared equity loans,20,,10.47,MEDIUM,commercial,keyword planner,20;20;20;20;20;30;30;10;30;20;10;10
help to buy and shared equity,What it is and how it works,what is government help to buy scheme,20,help to buy gov,,,informational,dataforseo labs,
help to buy and shared equity,What it is and how it works,what is the government help to buy scheme,20,help to buy gov,5.75,LOW,informational,keyword planner,10;20;10;10;10;10;40;40;40;30;30;40
help to buy and shared equity,What it is and how it works,what is the help to buy scheme australia,20,australia help to buy,1.51,,informational,dataforseo labs,
help to buy and shared equity,What it is and how it works,50 shared equity,10,5 help to buy,0.0,,informational,keyword planner,0;0;0;0;0;10;0;0;0;0;0;0
help to buy and shared equity,What it is and how it works,australia shared equity scheme,10,5 help to buy,6.99,,informational,dataforseo labs,
help to buy and shared equity,What it is and how it works,example of help to buy scheme,10,5 help to buy,0.0,LOW,,keyword planner,0;0;0;10;0;10;10;10;0;10;0;10
help to buy and shared equity,What it is and how it works,first home buyer shared equity,10,,8.26,MEDIUM,informational,keyword planner,10;10;10;10;10;10;10;20;10;10;10;10
help to buy and shared equity,What it is and how it works,first home buyers shared equity,10,first home buyer shared equity,8.26,MEDIUM,informational,keyword planner,10;10;10;10;10;10;10;20;10;10;10;10
help to buy and shared equity,What it is and how it works,first home shared equity scheme,10,5 help to buy,9.37,MEDIUM,informational,keyword planner,10;20;10;20;10;10;10;20;10;10;10;20
help to buy and shared equity,What it is and how it works,government help to buy scheme explained,10,5 help to buy,0.0,,,keyword planner,10;0;0;0;10;0;0;0;0;10;10;0
help to buy and shared equity,What it is and how it works,government help to buy scheme how does it work,10,5 help to buy,0.0,LOW,,keyword planner,0;10;0;0;0;10;0;0;10;0;10;10
help to buy and shared equity,What it is and how it works,govt shared equity scheme,10,,7.67,LOW,,keyword planner,10;10;10;10;10;10;20;20;10;10;10;20
help to buy and shared equity,What it is and how it works,help to buy buyers guide,10,5 help to buy,0.0,,informational,keyword planner,0;0;0;0;0;0;10;0;10;0;0;0
help to buy and shared equity,What it is and how it works,help to buy details,10,5 help to buy,0.0,,,keyword planner,10;10;10;10;10;0;10;10;0;10;10;0
help to buy and shared equity,What it is and how it works,help to buy example,10,5 help to buy,0.0,LOW,,keyword planner,10;0;10;10;10;0;10;10;0;10;10;10
help to buy and shared equity,What it is and how it works,help to buy explained,10,5 help to buy,0.0,HIGH,informational,keyword planner,10;10;10;10;10;10;10;10;10;10;10;10
help to buy and shared equity,What it is and how it works,help to buy explained for dummies,10,5 help to buy,0.0,,,keyword planner,0;0;0;0;0;0;10;0;0;0;0;0
help to buy and shared equity,What it is and how it works,help to buy explained simply,10,5 help to buy,0.0,,,keyword planner,0;0;0;0;0;0;0;0;10;0;0;0
help to buy and shared equity,What it is and how it works,help to buy fact sheet,10,,8.2,,transactional,dataforseo labs,
help to buy and shared equity,What it is and how it works,help to buy faq,10,5 help to buy,0.0,LOW,informational,keyword planner,0;0;10;20;20;20;20;20;10;10;10;20
help to buy and shared equity,What it is and how it works,help to buy guide,10,5 help to buy,0.0,LOW,informational,keyword planner,10;0;10;10;20;20;20;10;10;20;10;20
help to buy and shared equity,What it is and how it works,help to buy guidelines,10,5 help to buy,0.0,LOW,informational,keyword planner,10;0;10;10;20;20;20;10;10;20;10;20
help to buy and shared equity,What it is and how it works,help to buy how does it work,10,5 help to buy,0.0,LOW,informational,keyword planner,10;10;10;0;10;0;10;10;10;10;0;10
help to buy and shared equity,What it is and how it works,help to buy how it works,10,5 help to buy,0.0,MEDIUM,,keyword planner,0;0;10;0;0;10;0;10;0;10;10;10
help to buy and shared equity,What it is and how it works,help to buy meaning,10,5 help to buy,0.0,,informational,keyword planner,0;0;0;0;10;0;0;0;10;0;10;0
help to buy and shared equity,What it is and how it works,help to buy scheme details,10,5 help to buy,0.0,LOW,informational,keyword planner,10;10;10;50;10;10;10;10;10;10;10;10
help to buy and shared equity,What it is and how it works,help to buy scheme example,10,5 help to buy,0.0,LOW,informational,keyword planner,0;10;10;20;10;10;10;10;10;10;10;10
help to buy and shared equity,What it is and how it works,help to buy scheme explained,10,5 help to buy,0.0,LOW,informational,keyword planner,10;10;10;20;10;10;20;10;10;10;10;20
help to buy and shared equity,What it is and how it works,help to buy scheme explained simply,10,5 help to buy,0.0,,,keyword planner,0;0;10;0;0;10;10;0;0;0;0;0
help to buy and shared equity,What it is and how it works,help to buy scheme faq,10,5 help to buy,0.0,LOW,,keyword planner,0;0;10;10;10;10;10;10;10;10;10;10
help to buy and shared equity,What it is and how it works,help to buy scheme federal government's shared equity scheme,10,,9.42,,transactional,dataforseo labs,
help to buy and shared equity,What it is and how it works,help to buy scheme guide,10,5 help to buy,0.0,LOW,,keyword planner,0;0;0;10;10;10;10;10;10;10;10;10
help to buy and shared equity,What it is and how it works,help to buy scheme how does it work,10,5 help to buy,0.0,LOW,informational,keyword planner,10;0;10;10;10;10;10;10;10;10;10;10
help to buy and shared equity,What it is and how it works,help to buy scheme how it works,10,5 help to buy,0.0,LOW,informational,keyword planner,10;0;10;10;10;10;10;10;10;10;10;10
help to buy and shared equity,What it is and how it works,help to buy scheme meaning,10,5 help to buy,0.0,LOW,informational,keyword planner,0;0;0;0;0;10;10;10;0;10;10;10
help to buy and shared equity,What it is and how it works,help to buy scheme terms,10,5 help to buy,0.0,LOW,transactional,keyword planner,0;10;10;10;10;10;10;10;10;10;10;10
help to buy and shared equity,What it is and how it works,help to buy scheme what is it,10,5 help to buy,0.0,LOW,,keyword planner,10;0;10;10;10;10;10;10;10;10;10;10
help to buy and shared equity,What it is and how it works,help to buy terms,10,5 help to buy,0.0,LOW,informational,keyword planner,0;0;10;10;10;10;10;10;10;10;10;10
help to buy and shared equity,What it is and how it works,help to buy what is it,10,5 help to buy,0.0,,,keyword planner,0;10;10;10;0;0;10;0;0;0;0;0
help to buy and shared equity,What it is and how it works,homeseeker shared equity,10,,0.37,,commercial,dataforseo labs,
help to buy and shared equity,What it is and how it works,housing association shared equity,10,5 help to buy,,,informational,dataforseo labs,
help to buy and shared equity,What it is and how it works,housing authority shared equity,10,5 help to buy,0.0,LOW,,keyword planner,10;10;10;10;10;10;10;10;10;10;10;10
help to buy and shared equity,What it is and how it works,housing shared equity schemes,10,5 help to buy,0.0,LOW,,keyword planner,10;10;10;10;10;10;10;10;10;10;10;10
help to buy and shared equity,What it is and how it works,how do help to buy loans work,10,5 help to buy,0.0,,,keyword planner,0;0;0;0;10;0;0;0;0;0;0;0
help to buy and shared equity,What it is and how it works,how do i register for help to buy,10,5 help to buy,0.0,,,keyword planner,10;0;0;0;0;0;0;0;0;0;0;0
help to buy and shared equity,What it is and how it works,how does a help to buy work,10,5 help to buy,0.0,LOW,,keyword planner,10;10;10;10;10;10;10;30;10;10;10;10
help to buy and shared equity,What it is and how it works,how does government help to buy scheme work,10,5 help to buy,0.0,LOW,,keyword planner,10;0;0;10;10;10;10;10;10;10;10;10
help to buy and shared equity,What it is and how it works,how does government help to buy work,10,5 help to buy,0.0,LOW,,keyword planner,0;10;0;0;10;10;10;10;10;0;0;10
help to buy and shared equity,What it is and how it works,how does help to buy equity loan work,10,5 help to buy,0.0,,,keyword planner,0;0;0;0;0;0;0;0;0;10;0;0
help to buy and shared equity,What it is and how it works,how does help to buy work,10,5 help to buy,0.0,LOW,informational,keyword planner,10;10;10;10;10;10;10;30;10;10;10;10
help to buy and shared equity,What it is and how it works,how does remortgaging work with help to buy,10,5 help to buy,0.0,,informational,keyword planner,0;0;0;0;0;0;0;0;0;10;0;0
help to buy and shared equity,What it is and how it works,how does shared equity scheme work,10,5 help to buy,0.11,,informational,dataforseo labs,
help to buy and shared equity,What it is and how it works,how does shared equity work,10,5 help to buy,0.0,LOW,informational,keyword planner,20;10;10;10;10;10;10;20;20;30;10;10
help to buy and shared equity,What it is and how it works,how does the government help to buy scheme work,10,5 help to buy,0.0,LOW,informational,keyword planner,10;10;10;10;10;10;20;20;20;10;20;10
help to buy and shared equity,What it is and how it works,how does the government help to buy work,10,5 help to buy,0.0,LOW,,keyword planner,0;10;0;0;10;10;10;10;10;0;0;10
help to buy and shared equity,What it is and how it works,how does the help to buy work,10,5 help to buy,0.0,LOW,,keyword planner,10;10;10;10;10;10;10;30;10;10;10;10
help to buy and shared equity,What it is and how it works,how help to buy works,10,5 help to buy,,,informational,dataforseo labs,
help to buy and shared equity,What it is and how it works,how the help to buy scheme works,10,5 help to buy,,,informational,dataforseo labs,
help to buy and shared equity,What it is and how it works,is help to buy shared equity,10,5 help to buy,,,informational,dataforseo labs,
help to buy and shared equity,What it is and how it works,labor shared equity,10,5 help to buy,0.0,,,keyword planner,0;0;10;10;0;0;0;0;0;0;0;0
help to buy and shared equity,What it is and how it works,labors shared equity scheme,10,5 help to buy,0.0,,,keyword planner,0;10;0;0;0;0;0;0;0;0;0;0
help to buy and shared equity,What it is and how it works,labour shared equity,10,5 help to buy,0.0,,,keyword planner,0;10;10;10;0;0;0;10;0;0;0;0
help to buy and shared equity,What it is and how it works,labour shared equity scheme,10,5 help to buy,0.0,,informational,keyword planner,10;10;20;10;10;10;0;0;0;0;0;0
help to buy and shared equity,What it is and how it works,longview shared equity,10,5 help to buy,,,informational,dataforseo labs,
help to buy and shared equity,What it is and how it works,national shared equity scheme,10,5 help to buy,0.0,LOW,informational,keyword planner,10;10;10;10;10;10;10;10;10;10;10;10
help to buy and shared equity,What it is and how it works,new government shared equity scheme,10,5 help to buy,0.0,,,keyword planner,10;10;10;10;10;10;0;0;0;0;10;0
help to buy and shared equity,What it is and how it works,new shared equity scheme,10,5 help to buy,0.0,HIGH,informational,keyword planner,10;20;10;10;10;10;10;10;10;0;0;10
help to buy and shared equity,What it is and how it works,new supply shared equity scheme,10,5 help to buy,,,informational,dataforseo labs,
help to buy and shared equity,What it is and how it works,pathways shared equity loan,10,5 help to buy,,,informational,dataforseo labs,
help to buy and shared equity,What it is and how it works,paying back shared equity loan,10,5 help to buy,0.0,LOW,,keyword planner,10;10;10;0;10;0;0;10;10;0;0;10
help to buy and shared equity,What it is and how it works,private shared equity,10,5 help to buy,0.0,,,keyword planner,10;10;10;10;10;0;10;10;10;10;10;0
help to buy and shared equity,What it is and how it works,shared equity agreement,10,5 help to buy,,,informational,dataforseo labs,
help to buy and shared equity,What it is and how it works,shared equity agreement template,10,5 help to buy,,,informational,dataforseo labs,
help to buy and shared equity,What it is and how it works,shared equity arrangements,10,5 help to buy,,,informational,dataforseo labs,
help to buy and shared equity,What it is and how it works,shared equity australia,10,5 help to buy,0.0,LOW,commercial,keyword planner,10;10;10;10;10;10;10;10;10;10;10;10
help to buy and shared equity,What it is and how it works,shared equity companies,10,5 help to buy,,,informational,dataforseo labs,
help to buy and shared equity,What it is and how it works,shared equity contract,10,5 help to buy,,,informational,dataforseo labs,
help to buy and shared equity,What it is and how it works,shared equity contracts,10,5 help to buy,,,informational,dataforseo labs,
help to buy and shared equity,What it is and how it works,shared equity definition,10,5 help to buy,,,informational,dataforseo labs,
help to buy and shared equity,What it is and how it works,shared equity edinburgh,10,5 help to buy,,,commercial,dataforseo labs,
help to buy and shared equity,What it is and how it works,shared equity explained,10,5 help to buy,0.0,LOW,informational,keyword planner,10;10;0;10;10;10;0;10;0;10;0;10
help to buy and shared equity,What it is and how it works,shared equity financing,10,5 help to buy,0.0,,commercial,keyword planner,0;0;0;0;0;0;0;10;0;0;0;0
help to buy and shared equity,What it is and how it works,shared equity financing agreement,10,5 help to buy,,,informational,dataforseo labs,
help to buy and shared equity,What it is and how it works,shared equity help to buy,10,5 help to buy,0.0,LOW,informational,keyword planner,10;10;10;10;10;10;10;10;10;10;10;10
help to buy and shared equity,What it is and how it works,shared equity home,10,,12.15,MEDIUM,commercial,keyword planner,20;10;10;10;10;10;10;10;10;10;10;10
help to buy and shared equity,What it is and how it works,shared equity home buyer,10,5 help to buy,0.0,LOW,informational,keyword planner,10;10;10;10;10;10;10;10;10;10;10;10
help to buy and shared equity,What it is and how it works,shared equity home buyer help scheme,10,5 help to buy,0.0,,informational,keyword planner,10;10;0;0;0;10;10;10;10;10;0;0
help to buy and shared equity,What it is and how it works,shared equity home buyer scheme,10,5 help to buy,0.0,LOW,,keyword planner,10;10;10;10;10;10;10;10;20;10;10;10
help to buy and shared equity,What it is and how it works,shared equity home buying scheme,10,5 help to buy,0.0,LOW,informational,keyword planner,10;10;10;0;0;0;0;0;10;10;10;10
help to buy and shared equity,What it is and how it works,shared equity home loan scheme,10,5 help to buy,0.0,MEDIUM,informational,keyword planner,10;10;10;10;10;10;10;10;10;10;10;10
help to buy and shared equity,What it is and how it works,shared equity home ownership,10,5 help to buy,0.0,LOW,informational,keyword planner,10;10;10;10;10;10;10;0;10;10;10;10
help to buy and shared equity,What it is and how it works,shared equity homeownership,10,5 help to buy,0.0,HIGH,informational,keyword planner,0;0;0;10;0;0;10;10;10;10;0;10
help to buy and shared equity,What it is and how it works,shared equity homeownership programs,10,5 help to buy,,,informational,dataforseo labs,
help to buy and shared equity,What it is and how it works,shared equity homes near me,10,5 help to buy,0.0,,commercial,keyword planner,10;0;0;0;0;0;10;0;0;0;10;0
help to buy and shared equity,What it is and how it works,shared equity incentive,10,5 help to buy,,,informational,dataforseo labs,
help to buy and shared equity,What it is and how it works,shared equity labor,10,5 help to buy,0.0,,informational,keyword planner,0;0;10;0;0;0;0;0;0;0;0;0
help to buy and shared equity,What it is and how it works,shared equity loan meaning,10,5 help to buy,,,informational,dataforseo labs,
help to buy and shared equity,What it is and how it works,shared equity loan scheme,10,5 help to buy,0.0,MEDIUM,commercial,keyword planner,10;10;10;10;10;10;10;10;10;10;10;10
help to buy and shared equity,What it is and how it works,shared equity loans australia,10,,8.65,HIGH,commercial,keyword planner,0;10;10;10;10;20;10;10;10;10;10;10
help to buy and shared equity,What it is and how it works,shared equity model,10,5 help to buy,,,informational,dataforseo labs,
help to buy and shared equity,What it is and how it works,shared equity option,10,,9.8,,informational,dataforseo labs,
help to buy and shared equity,What it is and how it works,shared equity ownership,10,5 help to buy,,,informational,dataforseo labs,
help to buy and shared equity,What it is and how it works,shared equity plan,10,5 help to buy,0.0,LOW,,keyword planner,10;0;10;10;10;10;0;10;0;0;10;10
help to buy and shared equity,What it is and how it works,shared equity program,10,,8.74,LOW,informational,keyword planner,20;30;10;10;10;10;10;20;10;10;10;20
help to buy and shared equity,What it is and how it works,shared equity programs,10,,4.33,,informational,dataforseo labs,
help to buy and shared equity,What it is and how it works,shared equity properties for sale,10,5 help to buy,0.0,MEDIUM,transactional,keyword planner,10;10;10;10;10;10;10;10;20;10;10;10
help to buy and shared equity,What it is and how it works,shared equity properties near me,10,5 help to buy,0.0,,navigational,keyword planner,0;0;0;10;0;10;0;10;0;0;0;0
help to buy and shared equity,What it is and how it works,shared equity property for sale,10,,1.56,,transactional,dataforseo labs,
help to buy and shared equity,What it is and how it works,shared equity purchase,10,5 help to buy,0.0,LOW,transactional,keyword planner,10;0;10;0;0;0;10;0;10;10;0;10
help to buy and shared equity,What it is and how it works,shared equity purchase scheme,10,5 help to buy,,,commercial,dataforseo labs,
help to buy and shared equity,What it is and how it works,shared equity scheme 2022,10,5 help to buy,,,informational,dataforseo labs,
help to buy and shared equity,What it is and how it works,shared equity scheme 2023,10,5 help to buy,,,informational,dataforseo labs,
help to buy and shared equity,What it is and how it works,shared equity scheme 2024,10,5 help to buy,,,informational,dataforseo labs,
help to buy and shared equity,What it is and how it works,shared equity scheme explained,10,5 help to buy,0.0,LOW,informational,keyword planner,10;10;10;10;0;10;10;10;10;10;0;10
help to buy and shared equity,What it is and how it works,shared equity scheme federal,10,5 help to buy,0.0,LOW,informational,keyword planner,10;10;10;10;10;10;10;10;10;10;10;10
help to buy and shared equity,What it is and how it works,shared equity scheme federal government,10,5 help to buy,0.0,LOW,informational,keyword planner,10;20;20;10;10;10;10;10;10;10;10;10
help to buy and shared equity,What it is and how it works,shared equity scheme help to buy,10,5 help to buy,,,transactional,dataforseo labs,
help to buy and shared equity,What it is and how it works,shared equity scheme labor,10,5 help to buy,0.0,,informational,keyword planner,10;10;10;10;0;0;0;0;10;0;0;0
help to buy and shared equity,What it is and how it works,shared equity scheme labour,10,5 help to buy,0.0,,informational,keyword planner,0;0;0;0;10;0;0;0;0;0;0;0
help to buy and shared equity,What it is and how it works,shared equity scheme meaning,10,5 help to buy,,,informational,dataforseo labs,
help to buy and shared equity,What it is and how it works,shared equity what does it mean,10,5 help to buy,,,informational,dataforseo labs,
help to buy and shared equity,What it is and how it works,shared equity with parents,10,5 help to buy,,,informational,dataforseo labs,
help to buy and shared equity,What it is and how it works,the first home shared equity scheme,10,5 help to buy,0.0,,,keyword planner,0;0;0;0;0;0;0;0;0;0;10;0
help to buy and shared equity,What it is and how it works,the shared equity scheme,10,5 help to buy,0.0,MEDIUM,commercial,keyword planner,0;10;10;10;10;0;10;10;10;10;10;10
help to buy and shared equity,What it is and how it works,victorian government shared equity scheme,10,5 help to buy,,,informational,dataforseo labs,
help to buy and shared equity,What it is and how it works,what does shared equity mean on a house,10,5 help to buy,,,informational,dataforseo labs,
help to buy and shared equity,What it is and how it works,what help to buy schemes are there,10,5 help to buy,,,informational,dataforseo labs,
help to buy and shared equity,What it is and how it works,what is a shared equity agreement,10,5 help to buy,,,informational,dataforseo labs,
help to buy and shared equity,What it is and how it works,what is a shared equity loan,10,5 help to buy,0.75,,informational,dataforseo labs,
help to buy and shared equity,What it is and how it works,what is help to buy,10,5 help to buy,0.0,LOW,informational,keyword planner,20;10;10;10;10;10;10;10;10;10;20;10
help to buy and shared equity,What it is and how it works,what is shared equity homeownership,10,5 help to buy,,,informational,dataforseo labs,
help to buy and shared equity,What it is and how it works,what is shared equity loan,10,5 help to buy,,,informational,dataforseo labs,
help to buy and shared equity,What it is and how it works,what is shared equity property,10,5 help to buy,,,informational,dataforseo labs,
help to buy and shared equity,What it is and how it works,what is the new help to buy scheme,10,5 help to buy,,,informational,dataforseo labs,
help to buy and shared equity,What it is and how it works,what's shared equity,10,5 help to buy,,,informational,dataforseo labs,
help to buy and shared equity,What it is and how it works,what's the help to buy scheme,10,,9.58,MEDIUM,,keyword planner,10;10;10;10;10;0;40;20;10;10;20;10
help to buy and shared equity,What it is and how it works,affordable purchase shared equity scheme,0,,0.0,,,keyword planner,0;0;0;0;0;0;0;0;0;0;0;0
help to buy and shared equity,What it is and how it works,best shared equity home loans,0,,,,commercial,dataforseo labs,
help to buy and shared equity,What it is and how it works,federal shared equity scheme australia,0,,,,commercial,dataforseo labs,
help to buy and shared equity,What it is and how it works,first home affordable purchase shared equity scheme,0,,0.0,,informational,keyword planner,0;0;0;0;0;0;0;0;0;0;0;0
help to buy and shared equity,What it is and how it works,government help to buy explained,0,,0.0,,,keyword planner,0;0;0;0;0;0;0;0;0;0;0;0
help to buy and shared equity,What it is and how it works,government shared equity scheme australia,0,,,,commercial,dataforseo labs,
help to buy and shared equity,What it is and how it works,help to buy 600k example,0,,0.0,,,keyword planner,
help to buy and shared equity,What it is and how it works,help to buy authority to proceed example,0,,0.0,,,keyword planner,0;0;0;0;0;0;0;0;0;0;0;0
help to buy and shared equity,What it is and how it works,help to buy equity loan example,0,,0.0,,,keyword planner,
help to buy and shared equity,What it is and how it works,help to buy equity loan explained,0,,0.0,,,keyword planner,0;0;0;0;0;0;0;0;0;0;0;0
help to buy and shared equity,What it is and how it works,help to buy equity loan guide,0,,0.0,,,keyword planner,0;0;0;0;0;0;0;0;0;0;0;0
help to buy and shared equity,What it is and how it works,help to buy equity loan how does it work,0,,0.0,,,keyword planner,
help to buy and shared equity,What it is and how it works,help to buy equity loan terms,0,,0.0,,,keyword planner,
help to buy and shared equity,What it is and how it works,help to buy loan explained,0,,0.0,,,keyword planner,0;0;0;0;0;0;0;0;0;0;0;0
help to buy and shared equity,What it is and how it works,help to buy process explained,0,,0.0,,,keyword planner,0;0;0;0;0;0;0;0;0;0;0;0
help to buy and shared equity,What it is and how it works,help to buy work,0,,0.0,,,keyword planner,0;0;0;0;0;0;0;0;0;0;0;0
help to buy and shared equity,What it is and how it works,homebuyers guide to help to buy,0,,0.0,,,keyword planner,0;0;0;0;0;0;0;0;0;0;0;0
help to buy and shared equity,What it is and how it works,how do help to buy equity loans work,0,,0.0,,,keyword planner,
help to buy and shared equity,What it is and how it works,how does a help to buy equity loan work,0,,0.0,,,keyword planner,0;0;0;0;0;0;0;0;0;0;0;0
help to buy and shared equity,What it is and how it works,how does equity loan help to buy work,0,,0.0,,,keyword planner,0;0;0;0;0;0;0;0;0;0;0;0
help to buy and shared equity,What it is and how it works,how does it work help to buy,0,,0.0,,,keyword planner,
help to buy and shared equity,What it is and how it works,how does the help to buy equity loan work,0,,0.0,,,keyword planner,0;0;0;0;0;0;0;0;0;0;0;0
help to buy and shared equity,What it is and how it works,labor shared equity scheme australia,0,,,,commercial,dataforseo labs,
help to buy and shared equity,What it is and how it works,labours shared equity scheme,0,,0.0,,,keyword planner,0;0;0;0;0;0;0;0;0;0;0;0
help to buy and shared equity,What it is and how it works,landed shared equity,0,,,,commercial,dataforseo labs,
help to buy and shared equity,What it is and how it works,lift new supply shared equity scheme,0,,,,transactional,dataforseo labs,
help to buy and shared equity,What it is and how it works,now living shared equity,0,,,,informational,dataforseo labs,
help to buy and shared equity,What it is and how it works,pilot shared equity scheme,0,,,,informational,dataforseo labs,
help to buy and shared equity,What it is and how it works,shared equity agreement companies,0,,,,informational,dataforseo labs,
help to buy and shared equity,What it is and how it works,shared equity cardiff,0,,,,navigational,dataforseo labs,
help to buy and shared equity,What it is and how it works,shared equity down payment assistance,0,,,,informational,dataforseo labs,
help to buy and shared equity,What it is and how it works,shared equity fife,0,,,,informational,dataforseo labs,
help to buy and shared equity,What it is and how it works,shared equity financing agreement irs,0,,,,informational,dataforseo labs,
help to buy and shared equity,What it is and how it works,shared equity financing agreement parents,0,,,,informational,dataforseo labs,
help to buy and shared equity,What it is and how it works,shared equity flats edinburgh,0,,,,commercial,dataforseo labs,
help to buy and shared equity,What it is and how it works,shared equity government australia,0,,,,commercial,dataforseo labs,
help to buy and shared equity,What it is and how it works,shared equity government example,0,,,,informational,dataforseo labs,
help to buy and shared equity,What it is and how it works,shared equity home loans australia,0,,,,commercial,dataforseo labs,
help to buy and shared equity,What it is and how it works,shared equity housing schemes for sale,0,,,,commercial,dataforseo labs,
help to buy and shared equity,What it is and how it works,shared equity housing stockport,0,,,,navigational,dataforseo labs,
help to buy and shared equity,What it is and how it works,shared equity initiative,0,,,,informational,dataforseo labs,
help to buy and shared equity,What it is and how it works,shared equity leadership toolkit,0,,,,informational,dataforseo labs,
help to buy and shared equity,What it is and how it works,shared equity loan example,0,,,,commercial,dataforseo labs,
help to buy and shared equity,What it is and how it works,shared equity scheme 2021,0,,,,informational,dataforseo labs,
help to buy and shared equity,What it is and how it works,the help to buy scheme explained,0,,,,informational,dataforseo labs,
help to buy and shared equity,What it is and how it works,what is help to buy equity loan,0,,,,informational,dataforseo labs,
help to buy and shared equity,What it is and how it works,what is help to buy government scheme,0,,,,informational,dataforseo labs,
help to buy and shared equity,What it is and how it works,what is shared equity example,0,,,,informational,dataforseo labs,
help to buy and shared equity,What it is and how it works,what is shared equity in australia,0,,,,informational,dataforseo labs,
help to buy and shared equity,What it is and how it works,what is shared equity scheme example,0,,,,informational,dataforseo labs,
help to buy and shared equity,What it is and how it works,what is shared equity scheme in australia,0,,,,informational,dataforseo labs,
help to buy and shared equity,What it is and how it works,work out help to buy,0,,0.0,,,keyword planner,
adjacent first home buyer schemes,5% Deposit Scheme / First Home Guarantee,5 deposit scheme,5400,,8.18,MEDIUM,,keyword planner,5400;18100;5400;3600;5400;4400;5400;5400;4400;3600;3600;3600
adjacent first home buyer schemes,5% Deposit Scheme / First Home Guarantee,first home guarantee,2900,,9.46,MEDIUM,informational,keyword planner,9900;5400;2400;1600;2900;1900;1900;1900;1600;1000;1000;1000
adjacent first home buyer schemes,5% Deposit Scheme / First Home Guarantee,first home guarantee scheme,2900,first home guarantee,9.28,LOW,informational,keyword planner,8100;5400;2900;1600;2900;2400;1900;2400;1600;1600;1300;1600
adjacent first home buyer schemes,5% Deposit Scheme / First Home Guarantee,5 percent deposit scheme,880,,7.97,MEDIUM,,keyword planner,1300;1000;1000;720;880;720;880;1000;880;720;720;720
adjacent first home buyer schemes,5% Deposit Scheme / First Home Guarantee,first home buyer guarantee,720,,9.09,MEDIUM,,keyword planner,2400;1300;880;480;720;590;590;480;480;390;320;320
adjacent first home buyer schemes,5% Deposit Scheme / First Home Guarantee,government 5 deposit scheme,720,,8.28,MEDIUM,,keyword planner,1000;1000;880;480;590;590;720;720;590;590;480;480
adjacent first home buyer schemes,5% Deposit Scheme / First Home Guarantee,family home guarantee,590,,5.66,,navigational,dataforseo labs,
adjacent first home buyer schemes,5% Deposit Scheme / First Home Guarantee,5 deposit scheme nsw,480,,8.24,MEDIUM,,keyword planner,480;480;320;210;320;320;720;720;590;480;390;480
adjacent first home buyer schemes,5% Deposit Scheme / First Home Guarantee,first home loan deposit scheme,480,,10.77,MEDIUM,,keyword planner,880;720;480;390;480;480;720;390;480;320;260;260
adjacent first home buyer schemes,5% Deposit Scheme / First Home Guarantee,5 deposit scheme eligibility,390,,5.85,MEDIUM,,keyword planner,110;480;390;260;390;390;480;480;390;320;320;320
adjacent first home buyer schemes,5% Deposit Scheme / First Home Guarantee,5 deposit scheme qld,390,,9.27,MEDIUM,,keyword planner,260;390;390;210;390;320;590;590;480;480;480;480
adjacent first home buyer schemes,5% Deposit Scheme / First Home Guarantee,5 home deposit scheme,390,,8.29,MEDIUM,,keyword planner,320;720;260;260;320;210;480;590;590;480;480;480
adjacent first home buyer schemes,5% Deposit Scheme / First Home Guarantee,family home guarantee scheme,390,,12.86,MEDIUM,,keyword planner,720;720;390;260;320;320;390;320;260;260;260;210
adjacent first home buyer schemes,5% Deposit Scheme / First Home Guarantee,first home buyer 5 deposit scheme,390,,9.47,MEDIUM,,keyword planner,590;720;390;170;320;260;590;480;480;390;320;390
adjacent first home buyer schemes,5% Deposit Scheme / First Home Guarantee,first home buyer guarantee scheme,390,,10.03,LOW,,keyword planner,1300;590;390;260;390;320;320;320;210;210;260;170
adjacent first home buyer schemes,5% Deposit Scheme / First Home Guarantee,first home buyers 5 deposit scheme,390,first home buyer 5 deposit scheme,9.47,MEDIUM,,keyword planner,590;720;390;170;320;260;590;480;480;390;320;390
adjacent first home buyer schemes,5% Deposit Scheme / First Home Guarantee,first home guarantee scheme qld,390,,6.67,,commercial,dataforseo labs,
adjacent first home buyer schemes,5% Deposit Scheme / First Home Guarantee,5 deposit scheme australia,320,,6.13,MEDIUM,,keyword planner,480;2400;110;50;90;50;70;110;90;70;50;50
adjacent first home buyer schemes,5% Deposit Scheme / First Home Guarantee,5 deposit scheme first home buyer,320,,9.02,MEDIUM,,keyword planner,320;320;480;320;390;260;320;260;320;260;260;210
adjacent first home buyer schemes,5% Deposit Scheme / First Home Guarantee,how does 5 deposit scheme work,320,5 deposit scheme australia,5.1,MEDIUM,,keyword planner,320;590;390;210;260;210;320;320;390;390;260;320
adjacent first home buyer schemes,5% Deposit Scheme / First Home Guarantee,how does the 5 deposit scheme work,320,5 deposit scheme australia,5.1,MEDIUM,,keyword planner,320;590;390;210;260;210;320;320;390;390;260;320
adjacent first home buyer schemes,5% Deposit Scheme / First Home Guarantee,first home deposit scheme,260,,7.85,LOW,,keyword planner,480;480;260;170;210;170;210;210;170;140;170;140
adjacent first home buyer schemes,5% Deposit Scheme / First Home Guarantee,regional first home buyer guarantee,260,,12.16,LOW,informational,keyword planner,1000;390;260;140;260;210;320;210;170;110;90;70
adjacent first home buyer schemes,5% Deposit Scheme / First Home Guarantee,regional first home buyers guarantee,260,,12.17,LOW,,keyword planner,1000;390;260;140;260;210;320;210;170;110;90;70
adjacent first home buyer schemes,5% Deposit Scheme / First Home Guarantee,what is the 5 deposit scheme,210,,4.83,MEDIUM,,keyword planner,170;320;170;90;170;140;260;260;260;210;140;210
adjacent first home buyer schemes,5% Deposit Scheme / First Home Guarantee,2 home loan deposit scheme,170,,9.65,MEDIUM,,keyword planner,90;110;140;210;170;140;210;210;260;170;140;40
adjacent first home buyer schemes,5% Deposit Scheme / First Home Guarantee,first home guarantee scheme nsw,170,,5.24,,informational,dataforseo labs,
adjacent first home buyer schemes,5% Deposit Scheme / First Home Guarantee,first home guarantee scheme wa,170,,4.54,,informational,dataforseo labs,
adjacent first home buyer schemes,5% Deposit Scheme / First Home Guarantee,first home owner guarantee,170,,7.85,MEDIUM,,keyword planner,480;390;210;110;170;140;110;90;110;70;50;50
adjacent first home buyer schemes,5% Deposit Scheme / First Home Guarantee,government first home loan deposit scheme,170,,7.51,MEDIUM,informational,keyword planner,880;480;110;50;70;70;140;210;70;40;40;30
adjacent first home buyer schemes,5% Deposit Scheme / First Home Guarantee,federal home guarantee scheme,110,,8.03,MEDIUM,informational,keyword planner,320;170;110;90;140;110;140;90;90;70;70;40
adjacent first home buyer schemes,5% Deposit Scheme / First Home Guarantee,first home guarantee lenders,110,,26.03,LOW,,keyword planner,140;90;70;20;50;30;50;30;320;390;40;30
adjacent first home buyer schemes,5% Deposit Scheme / First Home Guarantee,first home guarantee scheme victoria,110,,11.65,,informational,dataforseo labs,
adjacent first home buyer schemes,5% Deposit Scheme / First Home Guarantee,5 home loan deposit scheme,90,,9.03,HIGH,,keyword planner,170;210;90;70;50;70;70;90;70;70;50;70
adjacent first home buyer schemes,5% Deposit Scheme / First Home Guarantee,first home guarantee eligibility,90,,8.4,LOW,informational,keyword planner,390;210;90;40;70;50;70;50;30;40;30;20
adjacent first home buyer schemes,5% Deposit Scheme / First Home Guarantee,first home guarantee fhbg,90,,11.91,LOW,,keyword planner,110;70;40;50;140;140;110;140;110;70;40;30
adjacent first home buyer schemes,5% Deposit Scheme / First Home Guarantee,first home guarantee scheme eligibility,90,first home guarantee eligibility,7.93,MEDIUM,,keyword planner,170;170;110;50;110;90;70;90;70;40;50;30
adjacent first home buyer schemes,5% Deposit Scheme / First Home Guarantee,government 2 deposit scheme,90,,12.17,LOW,,keyword planner,10;40;50;140;90;70;140;140;110;90;90;50
adjacent first home buyer schemes,5% Deposit Scheme / First Home Guarantee,home guarantee scheme eligibility,90,,8.02,MEDIUM,informational,keyword planner,170;140;90;70;140;90;70;40;70;50;40;50
adjacent first home buyer schemes,5% Deposit Scheme / First Home Guarantee,new 5 deposit scheme,90,,10.84,LOW,,keyword planner,390;320;90;40;20;10;20;10;10;10;10;10
adjacent first home buyer schemes,5% Deposit Scheme / First Home Guarantee,australian government home guarantee scheme,70,,11.77,LOW,,keyword planner,170;110;70;40;70;50;50;50;70;50;50;40
adjacent first home buyer schemes,5% Deposit Scheme / First Home Guarantee,family home guarantee 2026,70,,7.06,,transactional,dataforseo labs,
adjacent first home buyer schemes,5% Deposit Scheme / First Home Guarantee,federal government 5 deposit scheme,70,,6.25,MEDIUM,,keyword planner,140;140;110;50;50;70;70;70;40;40;40;40
adjacent first home buyer schemes,5% Deposit Scheme / First Home Guarantee,first home buyer 5 deposit scheme eligibility,70,,6.05,MEDIUM,,keyword planner,140;170;110;50;70;50;70;70;70;40;50;40
adjacent first home buyer schemes,5% Deposit Scheme / First Home Guarantee,first home guarantee nsw,70,,8.4,,informational,dataforseo labs,
adjacent first home buyer schemes,5% Deposit Scheme / First Home Guarantee,first home guarantee victoria,70,,9.66,,navigational,dataforseo labs,
adjacent first home buyer schemes,5% Deposit Scheme / First Home Guarantee,5 first home deposit scheme,50,first home 5 deposit scheme,5.98,MEDIUM,,keyword planner,110;110;70;20;50;30;30;10;10;20;40;10
adjacent first home buyer schemes,5% Deposit Scheme / First Home Guarantee,first home 5 deposit scheme,50,,8.54,MEDIUM,,keyword planner,40;110;50;30;50;50;70;70;70;40;50;50
adjacent first home buyer schemes,5% Deposit Scheme / First Home Guarantee,first home guarantee scheme form,50,home guarantee scheme form,,,informational,dataforseo labs,
adjacent first home buyer schemes,5% Deposit Scheme / First Home Guarantee,gov 5 deposit scheme,50,,8.68,MEDIUM,,keyword planner,90;110;50;30;30;40;40;50;50;30;30;40
adjacent first home buyer schemes,5% Deposit Scheme / First Home Guarantee,government 5 percent deposit scheme,50,,7.51,MEDIUM,,keyword planner,170;260;50;20;20;50;20;20;20;10;20;10
adjacent first home buyer schemes,5% Deposit Scheme / First Home Guarantee,government first home guarantee,50,,10.82,MEDIUM,,keyword planner,110;90;50;40;30;10;30;40;40;30;50;40
adjacent first home buyer schemes,5% Deposit Scheme / First Home Guarantee,home guarantee scheme form,50,,,,informational,dataforseo labs,
adjacent first home buyer schemes,5% Deposit Scheme / First Home Guarantee,new home guarantee scheme,50,,7.0,MEDIUM,,keyword planner,260;140;50;30;40;40;30;30;20;20;20;20
adjacent first home buyer schemes,5% Deposit Scheme / First Home Guarantee,5 loan deposit scheme,40,,6.65,HIGH,,keyword planner,70;70;40;30;40;40;40;40;30;20;20;10
adjacent first home buyer schemes,5% Deposit Scheme / First Home Guarantee,first home guarantee calculator,40,,5.07,,informational,dataforseo labs,
adjacent first home buyer schemes,5% Deposit Scheme / First Home Guarantee,first home guarantee form,40,,4.44,,informational,dataforseo labs,
adjacent first home buyer schemes,5% Deposit Scheme / First Home Guarantee,first home guarantee scheme participating lenders,40,,18.11,MEDIUM,,keyword planner,90;170;50;30;50;30;40;10;20;20;10;20
adjacent first home buyer schemes,5% Deposit Scheme / First Home Guarantee,first home loan deposit scheme qld,40,,8.33,HIGH,,keyword planner,50;50;20;30;40;30;70;30;40;20;30;10
adjacent first home buyer schemes,5% Deposit Scheme / First Home Guarantee,first home owners 5 deposit scheme,40,,5.84,MEDIUM,,keyword planner,50;90;50;20;40;40;50;40;30;30;30;40
adjacent first home buyer schemes,5% Deposit Scheme / First Home Guarantee,how to apply for 5 deposit scheme,40,,26.17,HIGH,,keyword planner,90;90;50;20;40;30;30;20;40;20;30;30
adjacent first home buyer schemes,5% Deposit Scheme / First Home Guarantee,2 deposit scheme nsw,30,,12.83,LOW,,keyword planner,10;20;40;50;40;20;30;20;50;30;30;40
adjacent first home buyer schemes,5% Deposit Scheme / First Home Guarantee,first home guarantee australia,30,,5.46,MEDIUM,commercial,keyword planner,40;30;20;10;30;10;70;70;20;10;10;10
adjacent first home buyer schemes,5% Deposit Scheme / First Home Guarantee,first home guarantee changes,30,,,,informational,dataforseo labs,
adjacent first home buyer schemes,5% Deposit Scheme / First Home Guarantee,first home guarantee participating lenders,30,,0.0,LOW,,keyword planner,70;90;40;10;10;20;10;10;10;10;10;10
adjacent first home buyer schemes,5% Deposit Scheme / First Home Guarantee,first home guarantee wa,30,,13.63,MEDIUM,,keyword planner,90;50;20;20;40;30;30;20;20;10;10;20
adjacent first home buyer schemes,5% Deposit Scheme / First Home Guarantee,home guarantee scheme australia,30,,0.0,LOW,,keyword planner,140;110;50;20;30;20;20;10;10;10;10;10
adjacent first home buyer schemes,5% Deposit Scheme / First Home Guarantee,what is the first home guarantee,30,first home guarantee australia,7.42,MEDIUM,,keyword planner,70;40;30;10;20;20;30;20;20;20;30;20
adjacent first home buyer schemes,5% Deposit Scheme / First Home Guarantee,5 deposit scheme end date,20,fhss salary sacrifice,0.0,LOW,,keyword planner,10;20;20;10;20;20;20;30;20;10;10;10
adjacent first home buyer schemes,5% Deposit Scheme / First Home Guarantee,apply for 5 deposit scheme,20,,47.66,HIGH,,keyword planner,30;50;20;10;10;20;10;10;20;20;20;10
adjacent first home buyer schemes,5% Deposit Scheme / First Home Guarantee,australia first home guarantee,20,the first home guarantee,5.47,MEDIUM,,keyword planner,50;40;20;10;20;10;20;10;10;10;10;10
adjacent first home buyer schemes,5% Deposit Scheme / First Home Guarantee,family home guarantee fhg,20,,28.83,,commercial,dataforseo labs,
adjacent first home buyer schemes,5% Deposit Scheme / First Home Guarantee,federal government home guarantee scheme,20,regional home guarantee,0.0,MEDIUM,,keyword planner,70;30;30;20;30;20;20;10;10;10;10;10
adjacent first home buyer schemes,5% Deposit Scheme / First Home Guarantee,first home buyers 5 percent deposit scheme,20,,5.36,HIGH,,keyword planner,90;50;10;10;10;10;10;10;10;10;10;10
adjacent first home buyer schemes,5% Deposit Scheme / First Home Guarantee,government 5 deposit scheme australia,20,,8.4,MEDIUM,,keyword planner,30;20;10;10;10;0;10;10;20;20;20;30
adjacent first home buyer schemes,5% Deposit Scheme / First Home Guarantee,how to apply for first home guarantee,20,,0.0,HIGH,,keyword planner,50;30;30;20;10;20;10;10;10;10;10;10
adjacent first home buyer schemes,5% Deposit Scheme / First Home Guarantee,nhfic first home guarantee,20,,13.25,LOW,,keyword planner,40;10;10;10;10;20;10;10;10;20;30;20
adjacent first home buyer schemes,5% Deposit Scheme / First Home Guarantee,regional home guarantee,20,,0.0,MEDIUM,,keyword planner,70;50;20;10;30;20;20;20;10;10;10;10
adjacent first home buyer schemes,5% Deposit Scheme / First Home Guarantee,regional home guarantee scheme,20,regional home guarantee,9.8,MEDIUM,,keyword planner,70;50;20;10;20;10;10;10;10;10;10;10
adjacent first home buyer schemes,5% Deposit Scheme / First Home Guarantee,the first home guarantee,20,,8.82,MEDIUM,,keyword planner,70;20;10;10;20;20;10;10;20;10;10;10
adjacent first home buyer schemes,5% Deposit Scheme / First Home Guarantee,the home guarantee scheme,20,,0.0,MEDIUM,,keyword planner,70;40;30;10;10;10;10;10;10;10;10;10
adjacent first home buyer schemes,5% Deposit Scheme / First Home Guarantee,1st home guarantee,10,anz fhog,0.0,,,keyword planner,20;10;10;10;10;10;10;10;10;0;10;0
adjacent first home buyer schemes,5% Deposit Scheme / First Home Guarantee,5 deposit scheme for first time buyers,10,anz fhog,0.0,LOW,,keyword planner,10;10;10;10;10;10;10;10;10;10;10;40
adjacent first home buyer schemes,5% Deposit Scheme / First Home Guarantee,5 first home loan deposit scheme,10,anz fhog,0.0,LOW,,keyword planner,20;40;10;10;10;10;10;10;10;10;10;10
adjacent first home buyer schemes,5% Deposit Scheme / First Home Guarantee,5 percent home loan deposit scheme,10,,6.85,MEDIUM,,keyword planner,50;50;10;10;10;10;10;10;10;10;10;10
adjacent first home buyer schemes,5% Deposit Scheme / First Home Guarantee,apply for first home guarantee,10,anz fhog,0.0,HIGH,,keyword planner,20;10;10;10;10;10;10;10;10;0;0;10
adjacent first home buyer schemes,5% Deposit Scheme / First Home Guarantee,apply for first home loan deposit scheme,10,anz fhog,0.0,LOW,,keyword planner,10;0;0;0;0;10;0;10;0;10;10;10
adjacent first home buyer schemes,5% Deposit Scheme / First Home Guarantee,australia home guarantee scheme,10,,0.0,MEDIUM,,keyword planner,40;20;10;10;10;10;10;10;10;10;10;10
adjacent first home buyer schemes,5% Deposit Scheme / First Home Guarantee,australian government first home loan deposit scheme,10,fhog criteria,0.0,LOW,,keyword planner,10;20;10;10;10;10;10;10;10;10;10;10
adjacent first home buyer schemes,5% Deposit Scheme / First Home Guarantee,bank australia first home loan deposit scheme,10,anz fhog,0.0,,,keyword planner,10;0;0;0;10;0;0;0;0;0;0;0
adjacent first home buyer schemes,5% Deposit Scheme / First Home Guarantee,cba first home loan deposit scheme,10,anz fhog,4.66,MEDIUM,,keyword planner,10;10;10;10;10;10;10;10;10;10;0;10
adjacent first home buyer schemes,5% Deposit Scheme / First Home Guarantee,commbank first home deposit scheme,10,anz fhog,0.0,LOW,,keyword planner,0;0;10;0;0;10;0;0;0;10;0;10
adjacent first home buyer schemes,5% Deposit Scheme / First Home Guarantee,commbank first home guarantee,10,,0.0,LOW,,keyword planner,50;30;10;20;10;10;10;10;10;10;10;10
adjacent first home buyer schemes,5% Deposit Scheme / First Home Guarantee,commbank first home loan deposit scheme,10,anz fhog,0.0,LOW,,keyword planner,0;10;0;10;0;10;10;10;0;0;0;10
adjacent first home buyer schemes,5% Deposit Scheme / First Home Guarantee,commonwealth first home loan deposit scheme,10,anz fhog,0.0,LOW,,keyword planner,0;0;10;0;0;10;10;10;0;0;10;10
adjacent first home buyer schemes,5% Deposit Scheme / First Home Guarantee,family home guarantee eligibility,10,family home guarantee nsw,,,informational,dataforseo labs,
adjacent first home buyer schemes,5% Deposit Scheme / First Home Guarantee,family home guarantee nsw,10,,,,navigational,dataforseo labs,
adjacent first home buyer schemes,5% Deposit Scheme / First Home Guarantee,family home guarantee qld,10,,11.36,,navigational,dataforseo labs,
adjacent first home buyer schemes,5% Deposit Scheme / First Home Guarantee,family home guarantee scheme how to apply,10,anz fhog,0.0,,,keyword planner,10;10;10;0;0;0;0;0;0;0;0;0
adjacent first home buyer schemes,5% Deposit Scheme / First Home Guarantee,family home guarantee scheme lenders,10,anz fhog,0.0,LOW,,keyword planner,10;10;10;10;10;0;10;10;10;0;0;10
adjacent first home buyer schemes,5% Deposit Scheme / First Home Guarantee,family home guarantee stamp duty,10,family home guarantee nsw,,,informational,dataforseo labs,
adjacent first home buyer schemes,5% Deposit Scheme / First Home Guarantee,federal first home loan deposit scheme,10,anz fhog,0.0,,,keyword planner,10;10;10;0;10;10;10;10;10;0;10;0
adjacent first home buyer schemes,5% Deposit Scheme / First Home Guarantee,federal government first home loan deposit scheme,10,anz fhog,0.0,,,keyword planner,10;10;10;0;10;0;0;0;10;10;0;0
adjacent first home buyer schemes,5% Deposit Scheme / First Home Guarantee,fhlds new home guarantee,10,anz fhog,0.0,,,keyword planner,0;0;0;0;10;0;0;0;0;0;0;0
adjacent first home buyer schemes,5% Deposit Scheme / First Home Guarantee,first home buyer guarantee program,10,anz fhog,0.0,,,keyword planner,10;0;0;10;0;10;0;10;0;0;0;0
adjacent first home buyer schemes,5% Deposit Scheme / First Home Guarantee,first home deposit scheme 2022,10,anz fhog,0.0,LOW,,keyword planner,0;0;0;0;0;10;10;10;0;0;20;10
adjacent first home buyer schemes,5% Deposit Scheme / First Home Guarantee,first home deposit scheme cba,10,anz fhog,0.0,,,keyword planner,10;10;0;0;0;0;0;0;10;10;0;0
adjacent first home buyer schemes,5% Deposit Scheme / First Home Guarantee,first home deposit scheme eligibility,10,,0.0,LOW,,keyword planner,10;10;10;10;10;10;10;10;10;10;10;10
adjacent first home buyer schemes,5% Deposit Scheme / First Home Guarantee,first home deposit scheme lenders,10,first home owners grant building,0.0,MEDIUM,,keyword planner,10;10;10;10;10;10;10;10;10;0;10;10
adjacent first home buyer schemes,5% Deposit Scheme / First Home Guarantee,first home deposit scheme super,10,anz fhog,0.0,LOW,,keyword planner,0;10;0;0;10;0;10;0;10;10;10;10
adjacent first home buyer schemes,5% Deposit Scheme / First Home Guarantee,first home deposit scheme wa,10,anz fhog,0.0,LOW,,keyword planner,10;10;10;10;10;10;10;10;10;10;10;10
adjacent first home buyer schemes,5% Deposit Scheme / First Home Guarantee,first home guarantee 2022,10,anz fhog,0.0,,,keyword planner,0;10;0;0;0;0;0;10;0;0;0;0
adjacent first home buyer schemes,5% Deposit Scheme / First Home Guarantee,first home guarantee 2023,10,anz fhog,0.0,,,keyword planner,10;10;0;0;0;0;0;0;0;0;0;0
adjacent first home buyer schemes,5% Deposit Scheme / First Home Guarantee,first home guarantee application,10,anz fhog,0.0,LOW,,keyword planner,10;10;10;10;10;10;10;10;10;10;10;10
adjacent first home buyer schemes,5% Deposit Scheme / First Home Guarantee,first home guarantee commonwealth bank,10,anz fhog,0.0,LOW,,keyword planner,10;0;0;10;0;0;0;10;0;0;0;10
adjacent first home buyer schemes,5% Deposit Scheme / First Home Guarantee,first home guarantee program,10,anz fhog,0.0,LOW,,keyword planner,10;10;10;10;10;0;10;10;0;10;10;10
adjacent first home buyer schemes,5% Deposit Scheme / First Home Guarantee,first home guarantee scheme 2022,10,anz fhog,0.0,LOW,,keyword planner,10;0;10;10;10;10;10;10;10;10;10;10
adjacent first home buyer schemes,5% Deposit Scheme / First Home Guarantee,first home guarantee scheme qld 2026,10,family home guarantee nsw,,,commercial,dataforseo labs,
adjacent first home buyer schemes,5% Deposit Scheme / First Home Guarantee,first home guarantee scheme qld requirements,10,family home guarantee nsw,,,informational,dataforseo labs,
adjacent first home buyer schemes,5% Deposit Scheme / First Home Guarantee,first home guarantee single parent,10,,0.0,LOW,,keyword planner,10;10;10;10;10;10;10;10;10;10;10;10
adjacent first home buyer schemes,5% Deposit Scheme / First Home Guarantee,first home guarantee westpac,10,anz fhog,0.0,LOW,,keyword planner,10;10;10;10;10;10;10;10;10;0;0;10
adjacent first home buyer schemes,5% Deposit Scheme / First Home Guarantee,first home loan deposit scheme 2020,10,anz fhog,0.0,LOW,,keyword planner,10;10;10;10;10;0;0;0;10;10;10;10
adjacent first home buyer schemes,5% Deposit Scheme / First Home Guarantee,first home loan deposit scheme 2021,10,anz fhog,0.0,LOW,,keyword planner,0;0;10;0;0;10;10;10;10;0;10;10
adjacent first home buyer schemes,5% Deposit Scheme / First Home Guarantee,first home loan deposit scheme 2021 2022,10,anz fhog,0.0,LOW,,keyword planner,10;10;10;0;0;10;20;10;10;0;10;10
adjacent first home buyer schemes,5% Deposit Scheme / First Home Guarantee,first home loan deposit scheme 2022,10,anz fhog,0.0,LOW,,keyword planner,10;10;10;0;10;10;20;10;10;10;10;10
adjacent first home buyer schemes,5% Deposit Scheme / First Home Guarantee,first home loan deposit scheme 2022 2023,10,anz fhog,0.0,LOW,,keyword planner,0;0;0;0;0;0;10;10;10;10;10;10
adjacent first home buyer schemes,5% Deposit Scheme / First Home Guarantee,first home loan deposit scheme 2022 23,10,anz fhog,0.0,LOW,,keyword planner,0;0;0;0;0;0;10;10;10;0;10;10
adjacent first home buyer schemes,5% Deposit Scheme / First Home Guarantee,first home loan deposit scheme 2022 eligibility,10,anz fhog,0.0,,,keyword planner,10;0;0;0;0;0;0;0;0;0;0;0
adjacent first home buyer schemes,5% Deposit Scheme / First Home Guarantee,first home loan deposit scheme 2023,10,anz fhog,0.0,LOW,,keyword planner,0;0;0;0;0;0;10;10;0;0;10;10
adjacent first home buyer schemes,5% Deposit Scheme / First Home Guarantee,first home loan deposit scheme anz,10,anz fhog,0.0,,,keyword planner,10;10;10;10;10;10;10;10;10;0;10;0
adjacent first home buyer schemes,5% Deposit Scheme / First Home Guarantee,first home loan deposit scheme application,10,anz fhog,0.0,LOW,,keyword planner,10;0;0;0;10;0;0;0;0;0;0;10
adjacent first home buyer schemes,5% Deposit Scheme / First Home Guarantee,first home loan deposit scheme cba,10,anz fhog,0.0,,,keyword planner,10;0;10;0;10;0;0;0;0;10;0;0
adjacent first home buyer schemes,5% Deposit Scheme / First Home Guarantee,first home loan deposit scheme commbank,10,anz fhog,0.0,LOW,,keyword planner,0;0;0;0;0;0;10;0;0;0;10;10
adjacent first home buyer schemes,5% Deposit Scheme / First Home Guarantee,first home loan deposit scheme eligibility,10,,7.79,MEDIUM,,keyword planner,10;20;10;10;10;10;10;10;10;10;10;10
adjacent first home buyer schemes,5% Deposit Scheme / First Home Guarantee,first home loan deposit scheme existing home,10,anz fhog,0.0,LOW,,keyword planner,0;0;0;0;0;0;10;10;10;0;10;10
adjacent first home buyer schemes,5% Deposit Scheme / First Home Guarantee,first home loan deposit scheme how to apply,10,anz fhog,0.0,,,keyword planner,10;0;0;0;0;0;0;0;0;0;0;0
adjacent first home buyer schemes,5% Deposit Scheme / First Home Guarantee,first home loan deposit scheme lenders,10,anz fhog,0.0,HIGH,,keyword planner,10;10;10;10;10;10;10;10;0;0;10;10
adjacent first home buyer schemes,5% Deposit Scheme / First Home Guarantee,first home loan deposit scheme new homes,10,anz fhog,0.0,,,keyword planner,10;0;0;0;0;0;10;0;0;0;0;0
adjacent first home buyer schemes,5% Deposit Scheme / First Home Guarantee,first home loan deposit scheme participating lenders,10,anz fhog,0.0,LOW,,keyword planner,10;10;10;10;10;10;10;10;10;10;10;10
adjacent first home buyer schemes,5% Deposit Scheme / First Home Guarantee,first home loan deposit scheme permanent resident,10,anz fhog,0.0,,,keyword planner,0;10;0;0;0;0;0;0;0;0;0;0
adjacent first home buyer schemes,5% Deposit Scheme / First Home Guarantee,first home loan deposit scheme south australia,10,anz fhog,0.0,,,keyword planner,10;0;10;10;10;10;10;10;10;10;10;0
adjacent first home buyer schemes,5% Deposit Scheme / First Home Guarantee,first home loan deposit scheme st george,10,anz fhog,0.0,,,keyword planner,0;0;0;0;0;0;0;0;0;0;10;0
adjacent first home buyer schemes,5% Deposit Scheme / First Home Guarantee,first home loan deposit scheme wa,10,anz fhog,0.0,LOW,,keyword planner,20;10;10;10;10;10;0;10;0;10;10;10
adjacent first home buyer schemes,5% Deposit Scheme / First Home Guarantee,first home owners grant deposit scheme,10,anz fhog,0.0,,,keyword planner,0;0;0;0;10;0;0;0;0;0;0;0
adjacent first home buyer schemes,5% Deposit Scheme / First Home Guarantee,first time buyer 5 deposit scheme,10,anz fhog,0.0,,,keyword planner,10;0;0;10;10;0;0;0;0;0;10;0
adjacent first home buyer schemes,5% Deposit Scheme / First Home Guarantee,government first home buyer guarantee,10,anz fhog,0.0,LOW,,keyword planner,20;10;10;10;10;0;10;0;10;10;10;10
adjacent first home buyer schemes,5% Deposit Scheme / First Home Guarantee,government first home deposit scheme,10,,6.03,MEDIUM,,keyword planner,10;10;10;10;10;10;10;10;10;10;10;10
adjacent first home buyer schemes,5% Deposit Scheme / First Home Guarantee,government's first home guarantee scheme,10,rent to own options,0.0,LOW,,keyword planner,20;20;10;10;20;10;20;20;10;10;10;10
adjacent first home buyer schemes,5% Deposit Scheme / First Home Guarantee,home guarantee scheme 2022,10,anz fhog,0.0,,,keyword planner,10;0;0;0;0;10;0;0;10;0;0;0
adjacent first home buyer schemes,5% Deposit Scheme / First Home Guarantee,home guarantee scheme for single parents,10,anz fhog,0.0,LOW,,keyword planner,10;10;0;0;10;0;10;10;10;10;0;10
adjacent first home buyer schemes,5% Deposit Scheme / First Home Guarantee,national first home loan deposit scheme,10,anz fhog,0.0,LOW,,keyword planner,0;10;0;10;0;0;10;10;10;0;10;10
adjacent first home buyer schemes,5% Deposit Scheme / First Home Guarantee,new 5 percent deposit scheme,10,anz fhog,0.0,,,keyword planner,30;110;10;10;10;10;10;0;10;10;10;0
adjacent first home buyer schemes,5% Deposit Scheme / First Home Guarantee,new build 5 deposit scheme,10,anz fhog,0.0,,,keyword planner,10;10;10;0;0;0;0;0;0;0;0;0
adjacent first home buyer schemes,5% Deposit Scheme / First Home Guarantee,new regional home guarantee,10,anz fhog,0.0,,,keyword planner,10;0;0;0;0;0;0;0;0;0;0;0
adjacent first home buyer schemes,5% Deposit Scheme / First Home Guarantee,nhfic family home guarantee,10,anz fhog,0.0,LOW,,keyword planner,10;0;10;0;0;0;10;10;0;0;10;10
adjacent first home buyer schemes,5% Deposit Scheme / First Home Guarantee,nhfic first home loan deposit scheme,10,anz fhog,0.0,LOW,,keyword planner,0;10;0;10;0;0;10;10;0;0;10;10
adjacent first home buyer schemes,5% Deposit Scheme / First Home Guarantee,nsw government 5 deposit scheme,10,anz fhog,0.0,LOW,,keyword planner,10;10;10;10;10;10;10;10;10;10;10;10
adjacent first home buyer schemes,5% Deposit Scheme / First Home Guarantee,regional first home buyer guarantee scheme,10,anz fhog,0.0,LOW,,keyword planner,10;10;10;10;10;10;10;10;0;10;10;10
adjacent first home buyer schemes,5% Deposit Scheme / First Home Guarantee,regional first home guarantee,10,anz fhog,0.0,LOW,,keyword planner,70;20;10;10;10;10;10;10;10;0;10;10
adjacent first home buyer schemes,5% Deposit Scheme / First Home Guarantee,regional home guarantee eligibility,10,anz fhog,0.0,,,keyword planner,10;0;0;0;10;0;0;0;0;0;0;0
adjacent first home buyer schemes,5% Deposit Scheme / First Home Guarantee,regional home guarantee scheme 2022,10,anz fhog,0.0,,,keyword planner,10;0;0;0;0;0;0;0;0;0;0;0
adjacent first home buyer schemes,5% Deposit Scheme / First Home Guarantee,super saver deposit scheme,10,,0.0,LOW,,keyword planner,10;10;10;0;10;10;10;10;10;10;0;10
adjacent first home buyer schemes,5% Deposit Scheme / First Home Guarantee,the family home guarantee scheme,10,commbank first home guarantee,0.0,LOW,,keyword planner,10;10;10;10;10;10;10;10;10;10;10;10
adjacent first home buyer schemes,5% Deposit Scheme / First Home Guarantee,the regional first home buyer guarantee,10,anz fhog,0.0,LOW,,keyword planner,10;10;10;10;10;10;10;10;0;10;10;10
adjacent first home buyer schemes,5% Deposit Scheme / First Home Guarantee,the regional home guarantee,10,anz fhog,0.0,,,keyword planner,0;0;0;0;0;10;0;0;0;0;0;0
adjacent first home buyer schemes,5% Deposit Scheme / First Home Guarantee,1st time buyers 5 deposit scheme,0,,0.0,,,keyword planner,0;0;0;0;0;0;0;0;0;0;0;0
adjacent first home buyer schemes,5% Deposit Scheme / First Home Guarantee,apply first home loan deposit scheme,0,,0.0,,,keyword planner,0;0;0;0;0;0;0;0;0;0;0;0
adjacent first home buyer schemes,5% Deposit Scheme / First Home Guarantee,family home guarantee scheme single parents,0,,,,commercial,dataforseo labs,
adjacent first home buyer schemes,5% Deposit Scheme / First Home Guarantee,family home guarantee victoria,0,,,,commercial,dataforseo labs,
adjacent first home buyer schemes,5% Deposit Scheme / First Home Guarantee,fhlds family home guarantee,0,,0.0,,,keyword planner,0;0;0;0;0;0;0;0;0;0;0;0
adjacent first home buyer schemes,5% Deposit Scheme / First Home Guarantee,first home deposit scheme 2021,0,,0.0,,,keyword planner,0;0;0;0;0;0;0;0;0;0;0;0
adjacent first home buyer schemes,5% Deposit Scheme / First Home Guarantee,first home guarantee eligibility australia,0,,,,commercial,dataforseo labs,
adjacent first home buyer schemes,5% Deposit Scheme / First Home Guarantee,first home guarantee eligibility calculator,0,,,,navigational,dataforseo labs,
adjacent first home buyer schemes,5% Deposit Scheme / First Home Guarantee,first home guarantee eligibility qld,0,,,,commercial,dataforseo labs,
adjacent first home buyer schemes,5% Deposit Scheme / First Home Guarantee,first home guarantee eligibility victoria,0,,,,commercial,dataforseo labs,
adjacent first home buyer schemes,5% Deposit Scheme / First Home Guarantee,first home guarantee nsw calculator,0,,,,informational,dataforseo labs,
adjacent first home buyer schemes,5% Deposit Scheme / First Home Guarantee,first home guarantee nsw eligibility,0,,,,informational,dataforseo labs,
adjacent first home buyer schemes,5% Deposit Scheme / First Home Guarantee,first home guarantee scheme 2023,0,,0.0,,,keyword planner,0;0;0;0;0;0;0;0;0;0;0;0
adjacent first home buyer schemes,5% Deposit Scheme / First Home Guarantee,first home loan deposit scheme 2021 eligibility,0,,0.0,,,keyword planner,0;0;0;0;0;0;0;0;0;0;0;0
adjacent first home buyer schemes,5% Deposit Scheme / First Home Guarantee,first home loan deposit scheme and first home owners grant,0,,0.0,,,keyword planner,0;0;0;0;0;0;0;0;0;0;0;0
adjacent first home buyer schemes,5% Deposit Scheme / First Home Guarantee,first home loan deposit scheme apply,0,,0.0,,,keyword planner,0;0;0;0;0;0;0;0;0;0;0;0
adjacent first home buyer schemes,5% Deposit Scheme / First Home Guarantee,first home loan deposit scheme bank australia,0,,0.0,,,keyword planner,0;0;0;0;0;0;0;0;0;0;0;0
adjacent first home buyer schemes,5% Deposit Scheme / First Home Guarantee,first home loan deposit scheme for permanent resident,0,,0.0,,,keyword planner,0;0;0;0;0;0;0;0;0;0;0;0
adjacent first home buyer schemes,5% Deposit Scheme / First Home Guarantee,first home loan deposit scheme gov,0,,0.0,,,keyword planner,0;0;0;0;0;0;0;0;0;0;0;0
adjacent first home buyer schemes,5% Deposit Scheme / First Home Guarantee,first home loan deposit scheme lmi,0,,0.0,,,keyword planner,0;0;0;0;0;0;0;0;0;0;0;0
adjacent first home buyer schemes,5% Deposit Scheme / First Home Guarantee,first home loan deposit scheme new home guarantee,0,,0.0,,,keyword planner,0;0;0;0;0;0;0;0;0;0;0;0
adjacent first home buyer schemes,5% Deposit Scheme / First Home Guarantee,first home loan deposit scheme places,0,,0.0,,,keyword planner,0;0;0;0;0;0;0;0;0;0;0;0
adjacent first home buyer schemes,5% Deposit Scheme / First Home Guarantee,first home loan deposit scheme superannuation,0,,0.0,,,keyword planner,0;0;0;0;0;0;0;0;0;0;0;0
adjacent first home buyer schemes,5% Deposit Scheme / First Home Guarantee,nhs 5 deposit scheme,0,,0.0,,,keyword planner,
adjacent first home buyer schemes,5% Deposit Scheme / First Home Guarantee,nhs 5 percent deposit scheme,0,,0.0,,,keyword planner,
adjacent first home buyer schemes,5% Deposit Scheme / First Home Guarantee,regional home guarantee 2022,0,,0.0,,,keyword planner,0;0;0;0;0;0;0;0;0;0;0;0
adjacent first home buyer schemes,5% Deposit Scheme / First Home Guarantee,st george first home loan deposit scheme,0,,0.0,,,keyword planner,0;0;0;0;0;0;0;0;0;0;0;0
adjacent first home buyer schemes,First Home Super Saver,first home super saver scheme,6600,,7.34,LOW,,keyword planner,8100;8100;5400;3600;6600;5400;5400;8100;8100;8100;8100;8100
adjacent first home buyer schemes,First Home Super Saver,fhsss,5400,,6.32,LOW,,keyword planner,5400;5400;3600;2900;4400;3600;3600;4400;8100;6600;5400;5400
adjacent first home buyer schemes,First Home Super Saver,fhss scheme,2400,,6.6,LOW,,keyword planner,2900;2900;1600;1300;1900;1600;1600;1900;2900;2900;2900;2400
adjacent first home buyer schemes,First Home Super Saver,first home super saver,1000,,8.98,LOW,,keyword planner,880;1300;720;720;1000;880;720;880;1300;1300;1300;1000
adjacent first home buyer schemes,First Home Super Saver,super saver scheme,1000,,5.59,LOW,,keyword planner,1300;880;720;590;880;1000;880;880;1300;1300;1000;880
adjacent first home buyer schemes,First Home Super Saver,first home super saver fhss scheme,720,,7.63,LOW,,keyword planner,880;880;480;320;880;590;590;590;590;390;880;1900
adjacent first home buyer schemes,First Home Super Saver,first home buyer super saver scheme,590,,6.48,LOW,,keyword planner,480;480;390;260;480;390;390;480;880;1000;880;720
adjacent first home buyer schemes,First Home Super Saver,first home buyers super saver scheme,590,,6.49,LOW,,keyword planner,480;480;390;260;480;390;390;480;880;1000;880;720
adjacent first home buyer schemes,First Home Super Saver,fhsss calculator,390,,2.91,LOW,,keyword planner,320;480;260;260;390;260;320;390;480;480;390;320
adjacent first home buyer schemes,First Home Super Saver,first home super saver scheme eligibility,390,,3.85,LOW,,keyword planner,390;480;320;480;880;720;260;210;170;140;140;480
adjacent first home buyer schemes,First Home Super Saver,ato fhss,170,,0.0,LOW,,keyword planner,170;170;170;110;140;140;110;110;210;210;170;110
adjacent first home buyer schemes,First Home Super Saver,first home owner super saver scheme,170,,5.65,LOW,,keyword planner,170;170;140;110;170;170;170;170;210;210;260;170
adjacent first home buyer schemes,First Home Super Saver,first home super saver scheme calculator,170,,6.06,LOW,,keyword planner,170;140;110;140;170;170;210;170;170;170;140;110
adjacent first home buyer schemes,First Home Super Saver,first home super saver scheme fhsss,170,,6.2,LOW,,keyword planner,210;170;110;90;170;110;90;140;260;320;140;170
adjacent first home buyer schemes,First Home Super Saver,first home super savers scheme,170,,3.39,LOW,,keyword planner,170;170;140;110;140;140;110;170;210;390;210;170
adjacent first home buyer schemes,First Home Super Saver,first home super saver scheme fhss,110,,7.47,LOW,,keyword planner,110;50;50;90;210;140;140;110;90;70;70;260
adjacent first home buyer schemes,First Home Super Saver,ato first home super saver scheme,90,,11.77,LOW,,keyword planner,90;140;90;90;90;90;90;90;110;110;90;90
adjacent first home buyer schemes,First Home Super Saver,fhss ato,90,,0.0,LOW,,keyword planner,90;110;50;50;90;70;90;50;110;140;140;70
adjacent first home buyer schemes,First Home Super Saver,fhss tax,90,,0.0,LOW,,keyword planner,70;140;50;50;70;90;70;70;90;110;90;70
adjacent first home buyer schemes,First Home Super Saver,home super saver scheme,90,,6.66,LOW,,keyword planner,70;110;70;50;70;90;70;90;140;140;90;90
adjacent first home buyer schemes,First Home Super Saver,fhss tax offset,70,,0.0,LOW,,keyword planner,90;90;50;30;70;50;50;50;70;90;110;90
adjacent first home buyer schemes,First Home Super Saver,super saver scheme first home buyer,70,,8.66,LOW,,keyword planner,40;90;90;70;40;50;70;40;10;20;70;110
adjacent first home buyer schemes,First Home Super Saver,australian super fhss,50,fhss australian super,0.0,LOW,,keyword planner,70;50;40;30;70;50;40;50;90;140;40;30
adjacent first home buyer schemes,First Home Super Saver,fhss australian super,50,,15.41,LOW,,keyword planner,50;50;40;30;70;70;50;40;90;90;50;50
adjacent first home buyer schemes,First Home Super Saver,fhss eligibility,50,,3.68,LOW,,keyword planner,70;70;50;40;70;50;40;50;70;90;50;50
adjacent first home buyer schemes,First Home Super Saver,fhss release,50,,0.0,LOW,,keyword planner,70;70;70;40;50;40;50;50;40;50;50;40
adjacent first home buyer schemes,First Home Super Saver,ato first home super saver,40,,0.0,LOW,,keyword planner,40;40;30;40;50;50;30;50;50;50;30;20
adjacent first home buyer schemes,First Home Super Saver,fhss super,40,,11.67,LOW,,keyword planner,40;50;20;30;40;30;40;30;50;70;40;40
adjacent first home buyer schemes,First Home Super Saver,fhss withdrawal,40,,0.0,LOW,,keyword planner,50;50;40;30;40;50;30;50;50;70;40;30
adjacent first home buyer schemes,First Home Super Saver,first home super saver fhss,40,,5.3,LOW,,keyword planner,70;30;20;50;90;30;30;20;50;30;40;40
adjacent first home buyer schemes,First Home Super Saver,fhss scheme calculator,30,,0.0,LOW,,keyword planner,50;40;20;20;30;20;10;30;40;40;40;20
adjacent first home buyer schemes,First Home Super Saver,first home buyer super saver,30,,7.95,LOW,,keyword planner,30;30;30;30;30;20;30;30;40;50;40;40
adjacent first home buyer schemes,First Home Super Saver,first super saver scheme,30,,10.26,LOW,,keyword planner,30;20;30;20;20;30;30;20;30;40;40;30
adjacent first home buyer schemes,First Home Super Saver,the first home super saver scheme,30,,9.24,LOW,,keyword planner,30;30;20;20;20;30;30;30;50;30;30;30
adjacent first home buyer schemes,First Home Super Saver,1st home super saver scheme,20,,5.35,LOW,,keyword planner,20;20;10;10;10;20;10;20;30;30;30;20
adjacent first home buyer schemes,First Home Super Saver,ato fhss contact,20,,0.0,LOW,,keyword planner,20;20;20;20;20;10;20;20;10;10;30;20
adjacent first home buyer schemes,First Home Super Saver,ato super saver scheme,20,,0.0,LOW,,keyword planner,10;30;20;20;30;10;20;20;20;30;20;20
adjacent first home buyer schemes,First Home Super Saver,fhb super saver scheme,20,ato super saver scheme,0.0,LOW,,keyword planner,10;20;10;10;20;10;10;10;30;20;20;10
adjacent first home buyer schemes,First Home Super Saver,fhss salary sacrifice,20,,0.0,LOW,,keyword planner,30;20;20;10;30;20;20;10;30;30;30;30
adjacent first home buyer schemes,First Home Super Saver,first home super saver scheme ato,20,fhog requirements,0.0,LOW,,keyword planner,30;20;10;20;10;20;10;10;20;20;20;20
adjacent first home buyer schemes,First Home Super Saver,first home super saver scheme australian super,20,fhog requirements,0.0,LOW,,keyword planner,20;20;20;10;20;20;10;20;20;30;30;20
adjacent first home buyer schemes,First Home Super Saver,first home super saver scheme how to apply,20,,10.43,LOW,,keyword planner,10;20;10;10;10;10;20;10;20;10;20;40
adjacent first home buyer schemes,First Home Super Saver,first home super saver scheme withdrawal,20,,0.0,LOW,,keyword planner,20;20;10;10;10;20;20;10;20;20;20;20
adjacent first home buyer schemes,First Home Super Saver,first time super saver scheme,20,,9.06,LOW,,keyword planner,10;30;20;10;20;30;20;20;20;30;40;20
adjacent first home buyer schemes,First Home Super Saver,salary sacrifice fhss,20,fhss salary sacrifice,0.0,LOW,,keyword planner,10;20;20;10;20;10;20;10;10;20;10;20
adjacent first home buyer schemes,First Home Super Saver,super saver home scheme,20,,5.04,LOW,,keyword planner,10;20;10;10;10;20;10;20;30;20;30;30
adjacent first home buyer schemes,First Home Super Saver,super saver scheme calculator,20,,3.74,LOW,,keyword planner,20;40;10;10;10;10;20;20;20;10;20;20
adjacent first home buyer schemes,First Home Super Saver,apply for fhss,10,,15.25,LOW,,keyword planner,20;20;20;10;20;10;10;10;20;20;10;10
adjacent first home buyer schemes,First Home Super Saver,apply for first home super saver scheme,10,,28.55,MEDIUM,,keyword planner,10;10;10;10;10;10;10;10;10;10;10;10
adjacent first home buyer schemes,First Home Super Saver,australian government's first home super saver scheme,10,anz fhog,0.0,,,keyword planner,0;0;0;0;10;0;0;10;10;10;0;0
adjacent first home buyer schemes,First Home Super Saver,australian super first home super saver,10,anz fhog,0.0,LOW,,keyword planner,10;10;10;10;10;10;10;20;30;40;10;10
adjacent first home buyer schemes,First Home Super Saver,australian super first home super saver scheme,10,anz fhog,0.0,LOW,,keyword planner,10;10;10;10;10;10;10;10;10;20;10;10
adjacent first home buyer schemes,First Home Super Saver,australian super saver scheme,10,anz fhog,0.0,LOW,,keyword planner,10;10;10;10;10;10;10;10;10;10;10;10
adjacent first home buyer schemes,First Home Super Saver,benefits of first home super saver scheme,10,home super saver,0.0,LOW,,keyword planner,10;10;10;10;10;10;10;10;10;10;10;10
adjacent first home buyer schemes,First Home Super Saver,changes to first home super saver scheme,10,anz fhog,0.0,,,keyword planner,10;10;0;0;0;0;10;0;10;0;0;0
adjacent first home buyer schemes,First Home Super Saver,fhss $50000,10,anz fhog,0.0,LOW,,keyword planner,0;0;0;0;0;0;0;0;0;0;10;10
adjacent first home buyer schemes,First Home Super Saver,fhss 50000,10,anz fhog,0.0,LOW,,keyword planner,0;10;10;10;10;10;0;10;10;10;0;10
adjacent first home buyer schemes,First Home Super Saver,fhss non concessional contributions,10,fhss scheme tax,0.0,LOW,,keyword planner,10;10;10;10;10;10;10;10;10;20;10;10
adjacent first home buyer schemes,First Home Super Saver,fhss scheme explained,10,rent to own by owner,0.0,LOW,,keyword planner,10;20;10;10;10;10;10;10;10;20;10;20
adjacent first home buyer schemes,First Home Super Saver,fhss scheme tax,10,,0.0,LOW,,keyword planner,10;10;10;10;10;10;10;10;10;10;20;10
adjacent first home buyer schemes,First Home Super Saver,fhsss example,10,anz fhog,0.0,LOW,,keyword planner,20;10;10;10;10;10;20;10;20;10;10;10
adjacent first home buyer schemes,First Home Super Saver,first home buyer super saver calculator,10,anz fhog,0.0,,,keyword planner,0;0;0;0;10;0;0;0;0;0;0;0
adjacent first home buyer schemes,First Home Super Saver,first home buyer super saver scheme australian super,10,anz fhog,0.0,LOW,,keyword planner,10;10;10;10;10;10;10;10;10;10;10;10
adjacent first home buyer schemes,First Home Super Saver,first home buyer super saver scheme calculator,10,anz fhog,0.0,LOW,,keyword planner,10;10;0;10;10;10;10;10;10;10;10;10
adjacent first home buyer schemes,First Home Super Saver,first home buyers super saver scheme 2021,10,anz fhog,0.0,,,keyword planner,10;0;0;0;10;0;10;10;10;0;0;0
adjacent first home buyer schemes,First Home Super Saver,first home buyers super saver scheme 2022,10,anz fhog,0.0,,,keyword planner,0;0;0;0;0;0;0;0;0;0;10;0
adjacent first home buyer schemes,First Home Super Saver,first home buyers super saver scheme calculator,10,anz fhog,0.0,LOW,,keyword planner,10;10;0;10;10;10;10;10;10;10;10;10
adjacent first home buyer schemes,First Home Super Saver,first home loan super saver scheme,10,home super saver,0.0,LOW,,keyword planner,10;10;10;10;10;10;10;10;10;10;10;10
adjacent first home buyer schemes,First Home Super Saver,first home owner super saver,10,anz fhog,0.0,LOW,,keyword planner,10;10;20;10;10;10;10;20;10;20;20;10
adjacent first home buyer schemes,First Home Super Saver,first home owner super saver scheme calculator,10,anz fhog,0.0,LOW,,keyword planner,10;0;10;10;10;10;0;10;10;10;0;10
adjacent first home buyer schemes,First Home Super Saver,first home super saver 50000,10,anz fhog,0.0,,,keyword planner,0;0;0;0;10;0;0;0;0;0;0;0
adjacent first home buyer schemes,First Home Super Saver,first home super saver account,10,anz fhog,0.0,LOW,,keyword planner,10;10;10;10;10;10;10;10;10;10;10;10
adjacent first home buyer schemes,First Home Super Saver,first home super saver ato,10,anz fhog,0.0,LOW,,keyword planner,10;10;10;10;10;10;10;10;10;10;10;10
adjacent first home buyer schemes,First Home Super Saver,first home super saver scheme $50 000,10,anz fhog,0.0,,,keyword planner,10;0;0;0;0;0;0;0;0;0;10;0
adjacent first home buyer schemes,First Home Super Saver,first home super saver scheme 2021,10,anz fhog,0.0,,,keyword planner,0;0;0;0;0;0;0;10;0;0;0;0
adjacent first home buyer schemes,First Home Super Saver,first home super saver scheme 2022,10,anz fhog,0.0,,,keyword planner,10;0;0;0;0;0;0;0;0;10;0;0
adjacent first home buyer schemes,First Home Super Saver,first home super saver scheme 50000,10,anz fhog,0.0,,,keyword planner,0;0;0;0;0;10;0;0;10;0;10;0
adjacent first home buyer schemes,First Home Super Saver,first home super saver scheme application,10,anz fhog,0.0,LOW,,keyword planner,10;10;10;10;10;10;10;10;10;10;10;10
adjacent first home buyer schemes,First Home Super Saver,first home super saver scheme changes,10,anz fhog,0.0,LOW,,keyword planner,10;10;10;10;10;0;10;10;10;10;0;10
adjacent first home buyer schemes,First Home Super Saver,first home super saver scheme tax,10,anz fhog,0.0,LOW,,keyword planner,10;10;10;10;10;10;10;10;10;10;10;10
adjacent first home buyer schemes,First Home Super Saver,first home super saver scheme tax offset,10,fhss scheme tax,0.0,LOW,,keyword planner,20;20;10;10;10;10;10;10;10;20;20;30
adjacent first home buyer schemes,First Home Super Saver,first home super saver scheme withdrawal tax,10,anz fhog,0.0,LOW,,keyword planner,0;10;10;10;10;10;10;10;10;10;10;10
adjacent first home buyer schemes,First Home Super Saver,first home super saver tax,10,anz fhog,0.0,LOW,,keyword planner,10;10;10;10;10;10;10;10;10;10;20;10
adjacent first home buyer schemes,First Home Super Saver,first homeowner super saver scheme,10,rent to own by owner,0.0,LOW,,keyword planner,10;10;10;10;10;10;10;10;10;10;10;10
adjacent first home buyer schemes,First Home Super Saver,government super saver scheme,10,rent to own calculator,0.0,LOW,,keyword planner,10;10;10;10;10;10;10;20;10;10;10;20
adjacent first home buyer schemes,First Home Super Saver,hesta first home super saver scheme,10,anz fhog,0.0,LOW,,keyword planner,10;10;0;10;10;10;10;10;10;10;10;10
adjacent first home buyer schemes,First Home Super Saver,home buyer super saver scheme,10,anz fhog,0.0,LOW,,keyword planner,10;10;10;10;10;10;10;10;10;10;10;10
adjacent first home buyer schemes,First Home Super Saver,home loan super saver scheme,10,,7.28,HIGH,,keyword planner,10;10;10;10;10;10;10;10;10;10;20;10
adjacent first home buyer schemes,First Home Super Saver,home owner super saver scheme,10,rent to own by owner,0.0,LOW,,keyword planner,10;10;10;10;10;10;10;10;10;10;10;10
adjacent first home buyer schemes,First Home Super Saver,home super saver,10,,0.0,LOW,,keyword planner,10;10;10;10;10;10;10;10;20;30;10;20
adjacent first home buyer schemes,First Home Super Saver,home super saver scheme calculator,10,,0.0,LOW,,keyword planner,10;10;10;0;10;10;10;0;10;10;10;10
adjacent first home buyer schemes,First Home Super Saver,super saver first home,10,anz fhog,0.0,LOW,,keyword planner,10;10;20;10;20;20;10;20;20;20;10;10
adjacent first home buyer schemes,First Home Super Saver,super saver scheme australian super,10,anz fhog,0.0,LOW,,keyword planner,20;10;10;0;10;10;10;10;10;10;10;10
adjacent first home buyer schemes,First Home Super Saver,super saver scheme first home,10,anz fhog,0.0,LOW,,keyword planner,10;10;10;10;10;0;10;10;10;10;10;10
adjacent first home buyer schemes,First Home Super Saver,first home buyer super saver scheme 2021,0,,0.0,,,keyword planner,0;0;0;0;0;0;0;0;0;0;0;0
adjacent first home buyer schemes,First Home Super Saver,first home buyer super saver scheme 2022,0,,0.0,,,keyword planner,0;0;0;0;0;0;0;0;0;0;0;0
adjacent first home buyer schemes,First Home Super Saver,first home super saver scheme 50 000,0,,0.0,,,keyword planner,0;0;0;0;0;0;0;0;0;0;0;0
adjacent first home buyer schemes,First Home Super Saver,first home super saver scheme calculator $50000,0,,0.0,,,keyword planner,0;0;0;0;0;0;0;0;0;0;0;0
adjacent first home buyer schemes,First Home Super Saver,super saver scheme 2022,0,,0.0,,,keyword planner,0;0;0;0;0;0;0;0;0;0;0;0
adjacent first home buyer schemes,First home buyer schemes (general),first home buyer scheme,9900,,7.65,MEDIUM,,keyword planner,14800;18100;8100;6600;9900;8100;9900;9900;8100;6600;5400;6600
adjacent first home buyer schemes,First home buyer schemes (general),first home buyer schemes,9900,first home buyer scheme,7.65,MEDIUM,,keyword planner,14800;18100;8100;6600;9900;8100;9900;9900;8100;6600;5400;6600
adjacent first home buyer schemes,First home buyer schemes (general),first home buyers scheme,9900,,5.67,,informational,dataforseo labs,
adjacent first home buyer schemes,First home buyer schemes (general),government first home buyer scheme,590,,7.83,MEDIUM,,keyword planner,590;590;480;480;720;590;880;720;720;480;590;590
adjacent first home buyer schemes,First home buyer schemes (general),5 first home buyer scheme,480,,8.26,MEDIUM,,keyword planner,720;720;480;320;480;390;720;590;480;390;390;390
adjacent first home buyer schemes,First home buyer schemes (general),first home buyers scheme nsw 2026,480,,7.98,,informational,dataforseo labs,
adjacent first home buyer schemes,First home buyer schemes (general),victorian first home buyer scheme,390,,6.6,MEDIUM,,keyword planner,590;590;480;390;480;320;320;320;320;210;170;210
adjacent first home buyer schemes,First home buyer schemes (general),victorian first home buyers scheme,390,,7.36,MEDIUM,,keyword planner,590;590;480;320;390;320;480;480;320;260;210;210
adjacent first home buyer schemes,First home buyer schemes (general),government first home buyers scheme,320,,7.42,MEDIUM,,keyword planner,480;480;210;260;210;210;480;390;320;210;210;210
adjacent first home buyer schemes,First home buyer schemes (general),new first home buyer scheme,210,,0.0,LOW,,keyword planner,880;1000;140;110;70;40;50;30;20;30;20;10
adjacent first home buyer schemes,First home buyer schemes (general),australia first home buyer scheme,170,,6.37,MEDIUM,,keyword planner,210;210;170;140;210;90;210;210;170;90;50;110
adjacent first home buyer schemes,First home buyer schemes (general),australian first home buyers scheme,170,,6.66,MEDIUM,,keyword planner,140;260;140;70;140;110;260;260;170;140;110;110
adjacent first home buyer schemes,First home buyer schemes (general),first home buyer scheme australia,170,australia first home buyer scheme,9.63,MEDIUM,,keyword planner,170;720;110;90;110;110;110;110;90;70;70;50
adjacent first home buyer schemes,First home buyer schemes (general),super first home buyer scheme,170,,6.9,LOW,,keyword planner,140;170;70;110;140;110;140;210;320;320;260;260
adjacent first home buyer schemes,First home buyer schemes (general),australian government first home buyer scheme,70,,8.45,MEDIUM,,keyword planner,90;70;40;30;50;40;110;140;50;40;40;40
adjacent first home buyer schemes,First home buyer schemes (general),federal first home buyers scheme,70,,9.21,MEDIUM,,keyword planner,170;140;90;70;110;70;70;70;30;20;40;50
adjacent first home buyer schemes,First home buyer schemes (general),5 first home buyers scheme,50,,9.21,MEDIUM,,keyword planner,90;170;40;20;30;30;50;50;50;40;40;40
adjacent first home buyer schemes,First home buyer schemes (general),federal government first home buyer scheme,50,,5.23,MEDIUM,,keyword planner,70;90;30;30;50;30;50;50;70;50;50;30
adjacent first home buyer schemes,First home buyer schemes (general),federal government first home buyers scheme,50,,6.72,LOW,,keyword planner,90;90;40;20;50;40;50;50;50;40;30;30
adjacent first home buyer schemes,First home buyer schemes (general),5 deposit first home buyer scheme,40,,9.57,MEDIUM,,keyword planner,90;90;40;20;30;20;50;30;40;30;40;30
adjacent first home buyer schemes,First home buyer schemes (general),first home buyers scheme eligibility,40,,6.38,MEDIUM,,keyword planner,50;90;30;20;30;10;40;50;40;40;20;30
adjacent first home buyer schemes,First home buyer schemes (general),first home buyers scheme super,40,,0.0,LOW,,keyword planner,40;70;30;20;30;30;20;30;70;50;30;20
adjacent first home buyer schemes,First home buyer schemes (general),new first home buyers scheme,40,,6.23,MEDIUM,,keyword planner,210;170;20;20;10;10;20;20;10;10;10;20
adjacent first home buyer schemes,First home buyer schemes (general),first home buyer scheme super,30,,0.0,LOW,,keyword planner,30;30;30;20;30;30;20;30;40;30;30;30
adjacent first home buyer schemes,First home buyer schemes (general),first home buyers scheme 5 deposit,30,,9.75,MEDIUM,,keyword planner,70;90;40;20;20;10;20;20;10;20;20;20
adjacent first home buyer schemes,First home buyer schemes (general),single parent first home buyer scheme,30,,12.32,MEDIUM,,keyword planner,20;40;40;10;30;20;10;40;50;20;40;20
adjacent first home buyer schemes,First home buyer schemes (general),super first home buyers scheme,30,fhss scheme calculator,0.0,LOW,,keyword planner,10;20;20;10;50;40;30;30;30;30;30;10
adjacent first home buyer schemes,First home buyer schemes (general),australian government first home buyers scheme,20,,5.89,MEDIUM,,keyword planner,10;20;10;10;30;10;30;20;20;10;10;10
adjacent first home buyer schemes,First home buyer schemes (general),commonwealth first home buyers scheme,20,regional home guarantee,0.0,MEDIUM,,keyword planner,20;20;10;10;20;10;20;20;20;30;10;10
adjacent first home buyer schemes,First home buyer schemes (general),first home buyers scheme qld 2025,20,,2.61,,commercial,dataforseo labs,
adjacent first home buyer schemes,First home buyer schemes (general),new government first home buyers scheme,20,,0.0,LOW,,keyword planner,70;40;10;20;10;10;20;10;10;10;10;10
adjacent first home buyer schemes,First home buyer schemes (general),regional first home buyer,20,,0.0,LOW,,keyword planner,70;40;30;10;20;10;10;10;10;10;10;10
adjacent first home buyer schemes,First home buyer schemes (general),regional first home buyer scheme,20,regional first home buyer,0.0,LOW,,keyword planner,70;40;20;20;10;10;10;20;10;10;10;10
adjacent first home buyer schemes,First home buyer schemes (general),westpac first home buyer scheme,20,,9.77,MEDIUM,,keyword planner,30;30;30;20;20;10;20;10;10;20;20;10
adjacent first home buyer schemes,First home buyer schemes (general),apply for first home buyers scheme,10,rent to own agencies,0.0,HIGH,,keyword planner,10;10;20;10;10;10;10;10;0;10;10;10
adjacent first home buyer schemes,First home buyer schemes (general),cba first home buyer scheme,10,,6.63,MEDIUM,,keyword planner,10;10;10;10;10;20;20;20;10;10;10;10
adjacent first home buyer schemes,First home buyer schemes (general),commbank first home buyer scheme,10,,14.82,MEDIUM,,keyword planner,10;10;10;10;10;10;20;20;20;30;20;10
adjacent first home buyer schemes,First home buyer schemes (general),commonwealth bank first home buyers scheme,10,rent to own by owner,0.0,LOW,,keyword planner,10;10;10;10;10;10;10;10;0;10;10;10
adjacent first home buyer schemes,First home buyer schemes (general),first home buyer scheme 2021,10,anz fhog,0.0,,,keyword planner,0;0;0;0;0;10;10;10;0;0;0;0
adjacent first home buyer schemes,First home buyer schemes (general),first home buyer scheme 2022,10,anz fhog,0.0,LOW,,keyword planner,10;10;0;0;10;10;0;0;10;10;0;10
adjacent first home buyer schemes,First home buyer schemes (general),first home buyer scheme 2023,10,anz fhog,0.0,LOW,,keyword planner,10;10;0;0;10;0;0;0;10;0;10;10
adjacent first home buyer schemes,First home buyer schemes (general),first home buyer scheme government,10,anz fhog,0.0,LOW,,keyword planner,10;20;10;10;10;10;20;10;10;10;10;10
adjacent first home buyer schemes,First home buyer schemes (general),first home buyers scheme 2020,10,anz fhog,0.0,,,keyword planner,10;10;10;0;0;0;10;0;0;0;0;0
adjacent first home buyer schemes,First home buyer schemes (general),first home buyers scheme 2022,10,anz fhog,0.0,,,keyword planner,10;10;0;0;0;10;10;10;0;10;0;0
adjacent first home buyer schemes,First home buyer schemes (general),first home buyers scheme 2023,10,anz fhog,0.0,,,keyword planner,10;10;0;10;0;10;10;10;10;0;10;0
adjacent first home buyer schemes,First home buyer schemes (general),labor first home buyers scheme,10,anz fhog,0.0,LOW,,keyword planner,10;10;0;0;0;0;10;0;10;10;0;10
adjacent first home buyer schemes,First home buyer schemes (general),national first home buyers scheme,10,,10.81,LOW,,keyword planner,30;10;20;10;10;10;10;10;20;10;10;10
adjacent first home buyer schemes,First home buyer schemes (general),new first home buyer scheme 2023,10,anz fhog,0.0,,,keyword planner,10;0;0;0;0;10;0;0;0;0;0;0
adjacent first home buyer schemes,First home buyer schemes (general),new first home buyers scheme 2023,10,anz fhog,0.0,,,keyword planner,10;0;0;0;0;0;0;0;10;0;0;0
adjacent first home buyer schemes,First home buyer schemes (general),nhfic first home buyer scheme,10,anz fhog,0.0,LOW,,keyword planner,0;0;0;10;0;10;0;0;10;0;10;10
adjacent first home buyer schemes,First home buyer schemes (general),proposed first home buyers scheme,10,anz fhog,0.0,,,keyword planner,10;0;0;10;0;0;0;0;10;0;0;0
adjacent first home buyer schemes,First home buyer schemes (general),regional first home buyer support scheme,10,anz fhog,0.0,LOW,,keyword planner,10;10;10;0;10;10;10;10;10;0;10;10
adjacent first home buyer schemes,First home buyer schemes (general),regional first home buyers,10,anz fhog,0.0,LOW,,keyword planner,40;20;10;10;20;10;10;10;10;10;10;10
adjacent first home buyer schemes,First home buyer schemes (general),regional first home buyers scheme,10,anz fhog,0.0,LOW,,keyword planner,30;10;10;10;10;10;10;10;10;10;10;10
adjacent first home buyer schemes,First home buyer schemes (general),victorian government first home buyers scheme,10,anz fhog,0.0,LOW,,keyword planner,10;10;10;10;10;10;10;10;10;10;10;10
adjacent first home buyer schemes,First home buyer schemes (general),new first home buyer scheme 2022,0,,0.0,,,keyword planner,0;0;0;0;0;0;0;0;0;0;0;0
adjacent first home buyer schemes,First home owner grants,first home owner grant,5400,,7.61,LOW,,keyword planner,8100;8100;6600;4400;6600;5400;6600;5400;6600;4400;4400;4400
adjacent first home buyer schemes,First home owner grants,sa first home owners grant,2900,,7.53,MEDIUM,,keyword planner,4400;3600;2900;2400;3600;2900;3600;3600;2900;2400;2400;2400
adjacent first home buyer schemes,First home owner grants,victorian first home owners grant,2400,,6.39,LOW,,keyword planner,3600;2400;2400;1600;2400;2400;2400;2400;2900;2400;1600;1900
adjacent first home buyer schemes,First home owner grants,fhog,1900,,7.44,LOW,,keyword planner,2400;2400;1900;1600;1900;1900;1900;1600;1900;1600;1300;1300
adjacent first home buyer schemes,First home owner grants,first home owners grant how much,1000,,5.4,MEDIUM,,keyword planner,1300;1300;1000;880;1300;1000;1300;1000;1000;1000;880;880
adjacent first home buyer schemes,First home owner grants,first home owners grant eligibility,720,,6.1,LOW,,keyword planner,880;880;720;590;1300;880;720;590;480;390;390;720
adjacent first home buyer schemes,First home owner grants,qualify for first home owners grant,720,,6.11,LOW,,keyword planner,880;880;720;590;1300;880;720;590;480;390;390;720
adjacent first home buyer schemes,First home owner grants,australian first home owners grant,590,,5.66,MEDIUM,,keyword planner,880;880;590;390;590;480;590;720;590;480;390;390
adjacent first home buyer schemes,First home owner grants,first home owner grant fhog,320,,7.97,LOW,,keyword planner,480;320;210;210;390;260;320;260;170;110;320;590
adjacent first home buyer schemes,First home owner grants,first home owners grant victoria 2026,320,,3.62,,transactional,dataforseo labs,
adjacent first home buyer schemes,First home owner grants,tasmanian first home owners grant,260,,7.63,MEDIUM,,keyword planner,260;210;170;260;260;210;260;260;390;210;170;140
adjacent first home buyer schemes,First home owner grants,apply first home owners grant,170,,21.3,MEDIUM,,keyword planner,210;260;170;140;170;170;170;170;140;140;110;140
adjacent first home buyer schemes,First home owner grants,fhog application,170,,21.26,LOW,,keyword planner,170;210;170;140;170;140;170;170;170;170;140;170
adjacent first home buyer schemes,First home owner grants,fhog eligibility,170,,5.82,LOW,,keyword planner,170;210;170;170;210;170;210;170;210;140;140;110
adjacent first home buyer schemes,First home owner grants,government first home owners grant,170,,8.64,MEDIUM,,keyword planner,210;170;210;110;170;140;210;210;210;170;170;140
adjacent first home buyer schemes,First home owner grants,first home owners grant application,140,,15.41,LOW,,keyword planner,170;170;140;110;110;170;170;140;110;140;170;110
adjacent first home buyer schemes,First home owner grants,conditions of first home owners grant,90,,5.24,MEDIUM,,keyword planner,110;110;90;70;70;90;70;90;70;70;50;70
adjacent first home buyer schemes,First home owner grants,first home owners grant for established homes,90,,9.66,LOW,,keyword planner,90;90;90;70;110;90;90;90;50;90;110;90
adjacent first home buyer schemes,First home owner grants,fhog application vic,70,,0.0,LOW,,keyword planner,90;70;50;40;40;70;90;70;50;70;70;40
adjacent first home buyer schemes,First home owner grants,new first home owners grant,70,,0.0,LOW,,keyword planner,320;170;50;30;30;20;20;40;30;10;10;10
adjacent first home buyer schemes,First home owner grants,current first home owners grant,40,,5.92,MEDIUM,,keyword planner,50;40;30;30;50;30;40;40;40;40;30;20
adjacent first home buyer schemes,First home owner grants,fhog scheme,40,,8.21,LOW,,keyword planner,90;50;50;20;30;30;30;30;50;20;30;10
adjacent first home buyer schemes,First home owner grants,first home owner grant amount,40,,5.32,LOW,,keyword planner,50;50;50;30;50;40;40;30;40;40;30;40
adjacent first home buyer schemes,First home owner grants,first home owners grant requirements,40,,5.35,MEDIUM,,keyword planner,40;40;40;40;50;30;40;40;30;40;30;40
adjacent first home buyer schemes,First home owner grants,10000 first home owners grant,30,,5.09,LOW,,keyword planner,40;40;30;30;30;20;30;30;30;20;20;20
adjacent first home buyer schemes,First home owner grants,fhog grant,30,,7.07,LOW,,keyword planner,40;50;20;20;30;30;30;20;50;30;20;20
adjacent first home buyer schemes,First home owner grants,first home owners grant deposit,30,,6.32,MEDIUM,,keyword planner,50;50;30;20;20;10;20;30;40;10;20;10
adjacent first home buyer schemes,First home owner grants,first home owners grant for land,30,,6.24,LOW,,keyword planner,50;40;40;20;40;20;30;20;30;30;20;20
adjacent first home buyer schemes,First home owner grants,the first home owners grant,30,,6.05,LOW,,keyword planner,70;20;40;10;10;20;30;30;20;20;30;30
adjacent first home buyer schemes,First home owner grants,10k first home owners grant,20,,10.85,LOW,,keyword planner,10;10;10;10;0;10;10;10;50;70;70;20
adjacent first home buyer schemes,First home owner grants,apply for fhog,20,,19.48,MEDIUM,,keyword planner,20;20;20;10;20;10;20;10;20;20;10;10
adjacent first home buyer schemes,First home owner grants,commonwealth first home owners grant,20,,15.18,MEDIUM,,keyword planner,40;50;20;20;30;20;10;10;10;10;20;30
adjacent first home buyer schemes,First home owner grants,federal first home owners grant,20,,6.09,MEDIUM,,keyword planner,20;30;10;10;30;20;10;20;20;30;10;10
adjacent first home buyer schemes,First home owner grants,fhog online,20,,0.0,LOW,,keyword planner,30;10;40;20;30;30;20;10;10;20;10;20
adjacent first home buyer schemes,First home owner grants,fhog requirements,20,,0.0,LOW,,keyword planner,30;20;20;10;30;20;20;10;20;10;20;10
adjacent first home buyer schemes,First home owner grants,first home owner grant new home,20,fhss salary sacrifice,0.0,LOW,,keyword planner,10;30;20;10;30;40;20;20;10;10;10;20
adjacent first home buyer schemes,First home owner grants,first home owners grant 2014,20,fhss salary sacrifice,0.0,LOW,,keyword planner,30;30;10;10;10;20;70;30;30;10;10;10
adjacent first home buyer schemes,First home owner grants,first home owners grant criteria,20,,6.33,LOW,,keyword planner,30;30;20;10;20;10;10;20;20;20;10;10
adjacent first home buyer schemes,First home owner grants,first home owners grant scheme,20,regional first home buyer,0.0,LOW,,keyword planner,40;20;20;10;20;20;10;10;10;10;10;10
adjacent first home buyer schemes,First home owner grants,$10 000 first home owners grant,10,anz fhog,0.0,LOW,,keyword planner,10;10;10;10;20;20;10;20;20;10;20;20
adjacent first home buyer schemes,First home owner grants,$15 000 first home owners grant,10,anz fhog,0.0,LOW,,keyword planner,10;10;10;10;10;10;0;10;0;10;0;10
adjacent first home buyer schemes,First home owner grants,$25 000 first home owners grant,10,anz fhog,0.0,,,keyword planner,10;10;10;0;10;10;0;0;0;0;10;0
adjacent first home buyer schemes,First home owner grants,15 thousand first home owners grant,10,anz fhog,0.0,,,keyword planner,10;10;10;0;10;0;10;0;10;10;0;0
adjacent first home buyer schemes,First home owner grants,15000 first home owners grant,10,anz fhog,0.0,LOW,,keyword planner,10;10;10;10;10;10;10;10;10;10;10;10
adjacent first home buyer schemes,First home owner grants,20000 first home owners grant,10,anz fhog,0.0,,,keyword planner,0;0;0;0;10;0;0;0;0;0;0;0
adjacent first home buyer schemes,First home owner grants,25 first home owners grant,10,anz fhog,0.0,,,keyword planner,70;10;0;0;10;0;10;0;0;0;0;0
adjacent first home buyer schemes,First home owner grants,40 000 first home owners grant,10,anz fhog,0.0,,,keyword planner,10;0;0;0;0;0;0;10;10;10;0;0
adjacent first home buyer schemes,First home owner grants,50000 first home owners grant,10,anz fhog,0.0,LOW,,keyword planner,10;10;10;10;10;10;10;10;10;10;0;10
adjacent first home buyer schemes,First home owner grants,50k first home owners grant,10,anz fhog,0.0,LOW,,keyword planner,10;10;10;10;10;10;10;10;10;10;10;10
adjacent first home buyer schemes,First home owner grants,adf first home owners grant,10,anz fhog,0.0,HIGH,,keyword planner,10;10;10;10;10;0;10;10;10;0;10;10
adjacent first home buyer schemes,First home owner grants,anz fhog,10,,0.0,LOW,,keyword planner,10;10;10;10;10;10;10;10;10;10;10;10
adjacent first home buyer schemes,First home owner grants,anz first home owners grant,10,anz fhog,0.0,LOW,,keyword planner,10;10;10;10;10;10;10;10;10;10;10;10
adjacent first home buyer schemes,First home owner grants,ato first home owners grant,10,anz fhog,0.0,LOW,,keyword planner,10;10;10;10;10;10;0;10;10;10;10;10
adjacent first home buyer schemes,First home owner grants,bendigo bank first home owners grant,10,anz fhog,0.0,,,keyword planner,10;0;0;10;10;10;0;10;0;0;0;0
adjacent first home buyer schemes,First home owner grants,buying land first home owners grant,10,anz fhog,0.0,LOW,,keyword planner,10;10;10;10;10;10;10;0;10;10;0;10
adjacent first home buyer schemes,First home owner grants,check eligibility for first home owners grant,10,,13.21,HIGH,,keyword planner,20;20;10;10;10;10;10;10;10;10;10;10
adjacent first home buyer schemes,First home owner grants,claim first home owners grant,10,,6.55,MEDIUM,,keyword planner,10;10;10;10;10;10;10;10;10;10;0;10
adjacent first home buyer schemes,First home owner grants,commbank first home owners grant,10,anz fhog,0.0,MEDIUM,,keyword planner,10;10;10;10;10;10;10;10;10;10;10;10
adjacent first home buyer schemes,First home owner grants,commonwealth bank first home owners grant,10,rent to own agencies,0.0,HIGH,,keyword planner,10;10;10;0;10;10;10;10;0;0;10;10
adjacent first home buyer schemes,First home owner grants,commonwealth government first home owners grant,10,anz fhog,0.0,,,keyword planner,10;10;10;10;10;10;10;0;10;10;0;0
adjacent first home buyer schemes,First home owner grants,de facto first home owners grant,10,anz fhog,0.0,LOW,,keyword planner,10;10;10;10;10;10;0;10;10;10;0;10
adjacent first home buyer schemes,First home owner grants,de facto relationship first home owners grant,10,super saver deposit scheme,0.0,LOW,,keyword planner,10;10;0;10;10;10;10;10;10;0;10;10
adjacent first home buyer schemes,First home owner grants,eligibility criteria for first home owners grant,10,anz fhog,0.0,LOW,,keyword planner,10;10;10;0;10;10;10;10;10;10;10;10
adjacent first home buyer schemes,First home owner grants,eligibility for fhog,10,anz fhog,0.0,LOW,,keyword planner,10;10;10;10;10;10;10;10;10;10;10;10
adjacent first home buyer schemes,First home owner grants,federal fhog,10,anz fhog,0.0,HIGH,,keyword planner,10;10;10;10;10;10;0;10;10;10;10;10
adjacent first home buyer schemes,First home owner grants,federal government first home owner grant,10,first home owners grant building,0.0,MEDIUM,,keyword planner,40;30;10;10;10;10;10;10;10;10;10;10
adjacent first home buyer schemes,First home owner grants,fhog 2022,10,anz fhog,0.0,,,keyword planner,10;0;0;0;0;0;0;0;0;0;0;0
adjacent first home buyer schemes,First home owner grants,fhog amount,10,,0.0,LOW,,keyword planner,10;10;10;10;10;10;10;10;10;10;10;10
adjacent first home buyer schemes,First home owner grants,fhog as deposit,10,anz fhog,0.0,MEDIUM,,keyword planner,10;10;10;10;10;10;10;0;10;10;10;10
adjacent first home buyer schemes,First home owner grants,fhog building new home,10,anz fhog,0.0,LOW,,keyword planner,0;10;10;0;10;10;10;10;10;10;10;10
adjacent first home buyer schemes,First home owner grants,fhog conditions,10,fhog contact,0.0,LOW,,keyword planner,10;10;10;10;10;10;10;10;10;10;10;10
adjacent first home buyer schemes,First home owner grants,fhog contact,10,,0.0,LOW,,keyword planner,10;10;10;10;0;10;10;10;10;10;10;10
adjacent first home buyer schemes,First home owner grants,fhog criteria,10,,0.0,LOW,,keyword planner,10;10;10;10;10;10;10;10;10;10;10;10
adjacent first home buyer schemes,First home owner grants,fhog established home,10,anz fhog,0.0,LOW,,keyword planner,10;20;10;10;20;10;10;10;10;10;10;10
adjacent first home buyer schemes,First home owner grants,fhog federal,10,anz fhog,0.0,LOW,,keyword planner,10;10;10;10;10;10;10;10;10;10;0;10
adjacent first home buyer schemes,First home owner grants,fhog for established homes,10,,4.57,LOW,,keyword planner,10;10;10;10;10;10;10;10;10;10;10;10
adjacent first home buyer schemes,First home owner grants,fhog for existing homes,10,anz fhog,0.0,LOW,,keyword planner,10;10;10;10;10;10;10;10;10;10;10;10
adjacent first home buyer schemes,First home owner grants,fhog houses for sale,10,,6.52,HIGH,,keyword planner,10;10;10;10;20;10;10;10;10;10;10;10
adjacent first home buyer schemes,First home owner grants,fhog permanent resident,10,anz fhog,0.0,,,keyword planner,10;10;0;10;10;10;10;10;10;10;10;0
adjacent first home buyer schemes,First home owner grants,first home owner grant 2021,10,anz fhog,0.0,,,keyword planner,10;0;10;0;10;0;10;0;10;10;10;0
adjacent first home buyer schemes,First home owner grants,first home owner grant 2023,10,anz fhog,0.0,LOW,,keyword planner,0;10;10;10;0;0;10;0;10;10;10;10
adjacent first home buyer schemes,First home owner grants,first home owner grant established house,10,anz fhog,0.0,,,keyword planner,10;10;10;10;10;10;0;10;10;10;10;0
adjacent first home buyer schemes,First home owner grants,first home owner grant existing homes,10,anz fhog,0.0,,,keyword planner,10;10;10;10;10;0;0;10;10;0;10;0
adjacent first home buyer schemes,First home owner grants,first home owner grant for existing property,10,anz fhog,0.0,,,keyword planner,10;10;0;0;10;0;0;10;10;10;0;0
adjacent first home buyer schemes,First home owner grants,first home owner grant permanent resident,10,anz fhog,0.0,,,keyword planner,10;10;10;10;10;10;10;10;10;10;10;0
adjacent first home buyer schemes,First home owner grants,first home owners grant 10000,10,anz fhog,0.0,LOW,,keyword planner,10;10;10;0;10;0;0;10;10;10;0;10
adjacent first home buyer schemes,First home owner grants,first home owners grant 2020,10,anz fhog,0.0,LOW,,keyword planner,10;10;10;10;10;0;0;10;0;0;0;10
adjacent first home buyer schemes,First home owner grants,first home owners grant 2022,10,anz fhog,0.0,,,keyword planner,10;10;10;10;0;0;10;10;10;0;10;0
adjacent first home buyer schemes,First home owner grants,first home owners grant 2023,10,anz fhog,0.0,LOW,,keyword planner,0;10;10;10;0;0;10;0;10;10;10;10
adjacent first home buyer schemes,First home owner grants,first home owners grant 5,10,,4.09,MEDIUM,,keyword planner,10;20;10;10;10;10;10;10;10;10;0;10
adjacent first home buyer schemes,First home owner grants,first home owners grant 5 deposit,10,anz fhog,0.0,MEDIUM,,keyword planner,20;20;10;10;10;10;10;10;10;10;0;10
adjacent first home buyer schemes,First home owner grants,first home owners grant 5 percent deposit,10,,5.26,MEDIUM,,keyword planner,30;10;10;10;10;10;20;10;10;10;10;10
adjacent first home buyer schemes,First home owner grants,first home owners grant after divorce,10,anz fhog,0.0,MEDIUM,,keyword planner,10;10;10;10;10;10;10;10;10;10;0;10
adjacent first home buyer schemes,First home owner grants,first home owners grant anz,10,anz fhog,0.0,,,keyword planner,10;10;10;10;10;10;10;10;10;10;10;0
adjacent first home buyer schemes,First home owner grants,first home owners grant bendigo bank,10,anz fhog,0.0,HIGH,,keyword planner,10;10;10;0;10;10;10;10;10;0;10;10
adjacent first home buyer schemes,First home owner grants,first home owners grant building,10,,0.0,MEDIUM,,keyword planner,10;10;10;0;10;10;10;10;10;10;10;10
adjacent first home buyer schemes,First home owner grants,first home owners grant by state,10,anz fhog,0.0,LOW,,keyword planner,10;10;0;0;10;10;10;0;10;10;10;10
adjacent first home buyer schemes,First home owner grants,first home owners grant commonwealth,10,rent to own app,0.0,MEDIUM,,keyword planner,10;10;10;10;10;10;10;10;10;10;10;10
adjacent first home buyer schemes,First home owner grants,first home owners grant contact,10,anz fhog,0.0,MEDIUM,,keyword planner,0;10;10;10;10;10;10;10;0;0;10;10
adjacent first home buyer schemes,First home owner grants,first home owners grant couples,10,anz fhog,0.0,,,keyword planner,10;10;10;10;10;10;10;10;10;10;10;0
adjacent first home buyer schemes,First home owner grants,first home owners grant established,10,anz fhog,0.0,LOW,,keyword planner,10;10;10;10;10;10;10;10;10;10;0;10
adjacent first home buyer schemes,First home owner grants,first home owners grant established home,10,anz fhog,5.72,MEDIUM,,keyword planner,10;10;10;10;10;10;10;10;0;10;0;10
adjacent first home buyer schemes,First home owner grants,first home owners grant existing house,10,rent to own by owner,0.0,LOW,,keyword planner,0;0;10;10;0;10;10;0;0;0;0;10
adjacent first home buyer schemes,First home owner grants,first home owners grant existing property,10,anz fhog,0.0,,,keyword planner,10;0;0;0;10;10;10;0;0;0;0;0
adjacent first home buyer schemes,First home owner grants,first home owners grant explained,10,anz fhog,0.0,LOW,,keyword planner,10;10;10;10;10;10;10;10;0;10;10;10
adjacent first home buyer schemes,First home owner grants,first home owners grant federal government,10,,0.0,LOW,,keyword planner,10;10;10;10;20;10;10;10;10;10;10;10
adjacent first home buyer schemes,First home owner grants,first home owners grant for established home,10,anz fhog,0.0,HIGH,,keyword planner,10;10;10;10;0;10;10;10;0;0;10;10
adjacent first home buyer schemes,First home owner grants,first home owners grant for established properties,10,,5.74,LOW,,keyword planner,20;20;10;10;20;10;10;10;10;10;10;20
adjacent first home buyer schemes,First home owner grants,first home owners grant for existing houses,10,,9.72,LOW,,keyword planner,10;10;10;10;10;10;10;10;10;10;10;10
adjacent first home buyer schemes,First home owner grants,first home owners grant for investment property,10,anz fhog,0.0,LOW,,keyword planner,20;10;10;10;10;10;10;10;10;10;10;10
adjacent first home buyer schemes,First home owner grants,first home owners grant guarantor,10,anz fhog,0.0,,,keyword planner,0;0;0;10;0;0;0;10;0;0;0;0
adjacent first home buyer schemes,First home owner grants,first home owners grant land only,10,anz fhog,0.0,LOW,,keyword planner,10;10;10;10;10;10;0;10;10;10;10;10
adjacent first home buyer schemes,First home owner grants,first home owners grant limit,10,anz fhog,0.0,LOW,,keyword planner,10;10;20;10;10;10;10;10;10;10;10;10
adjacent first home buyer schemes,First home owner grants,first home owners grant new build,10,anz fhog,0.0,,,keyword planner,10;10;10;10;10;10;10;10;10;10;10;0
adjacent first home buyer schemes,First home owner grants,first home owners grant on existing houses,10,anz fhog,0.0,LOW,,keyword planner,20;10;10;10;10;10;10;10;20;10;10;10
adjacent first home buyer schemes,First home owner grants,first home owners grant on land,10,anz fhog,0.0,,,keyword planner,10;10;0;10;10;10;10;10;10;10;10;0
adjacent first home buyer schemes,First home owner grants,first home owners grant permanent resident,10,anz fhog,0.0,,,keyword planner,10;10;10;10;10;10;10;10;10;10;10;0
adjacent first home buyer schemes,First home owner grants,first home owners grant pre existing home,10,anz fhog,0.0,,,keyword planner,0;0;0;10;10;0;0;0;0;0;0;0
adjacent first home buyer schemes,First home owner grants,first home owners grant regional,10,anz fhog,0.0,LOW,,keyword planner,10;10;10;10;10;10;10;10;10;10;10;10
adjacent first home buyer schemes,First home owner grants,first home owners grant single parent,10,anz fhog,0.0,MEDIUM,,keyword planner,10;10;10;10;10;10;10;10;0;10;10;10
adjacent first home buyer schemes,First home owner grants,first home owners grant superannuation,10,anz fhog,0.0,,,keyword planner,0;0;0;0;10;10;0;10;0;10;0;0
adjacent first home buyer schemes,First home owner grants,first home owners grant terms and conditions,10,anz fhog,0.0,,,keyword planner,10;10;10;0;10;10;10;10;10;10;10;0
adjacent first home buyer schemes,First home owner grants,first home owners grant westpac,10,anz fhog,0.0,LOW,,keyword planner,0;10;10;0;0;10;0;0;10;10;10;10
adjacent first home buyer schemes,First home owner grants,indigenous first home owners grant,10,anz fhog,0.0,MEDIUM,,keyword planner,10;10;10;10;10;10;10;10;10;10;10;10
adjacent first home buyer schemes,First home owner grants,osr fhog,10,,0.0,LOW,,keyword planner,10;10;10;10;10;10;10;10;10;10;10;10
adjacent first home buyer schemes,First home owner grants,osr first home owners grant,10,anz fhog,0.0,LOW,,keyword planner,10;10;10;10;10;10;10;10;10;10;10;10
adjacent first home buyer schemes,First home owner grants,paying back first home owners grant,10,anz fhog,0.0,LOW,,keyword planner,10;10;10;10;10;10;10;10;10;0;10;10
adjacent first home buyer schemes,First home owner grants,permanent resident first home owner grant,10,anz fhog,0.0,MEDIUM,,keyword planner,10;10;0;10;10;10;10;10;0;10;10;10
adjacent first home buyer schemes,First home owner grants,regional first home owners grant,10,anz fhog,0.0,LOW,,keyword planner,20;10;10;10;10;10;10;10;10;10;10;10
adjacent first home buyer schemes,First home owner grants,requirements for first home owners grant,10,fhog criteria,0.0,LOW,,keyword planner,10;10;10;10;10;10;10;10;10;10;10;10
adjacent first home buyer schemes,First home owner grants,rural first home owners grant,10,anz fhog,0.0,,,keyword planner,10;10;0;0;10;0;10;10;0;10;10;0
adjacent first home buyer schemes,First home owner grants,single parent first home owners grant,10,anz fhog,0.0,LOW,,keyword planner,0;10;0;0;10;10;10;0;0;0;0;10
adjacent first home buyer schemes,First home owner grants,state first home owners grant,10,anz fhog,0.0,LOW,,keyword planner,10;10;10;10;10;10;10;10;0;10;10;10
adjacent first home buyer schemes,First home owner grants,use first home owners grant as deposit,10,anz fhog,0.0,,,keyword planner,10;10;10;10;10;10;10;10;10;10;10;0
adjacent first home buyer schemes,First home owner grants,using fhog as deposit,10,anz fhog,0.0,,,keyword planner,10;10;10;0;10;10;10;0;0;0;0;0
adjacent first home buyer schemes,First home owner grants,bank sa first home owners grant,0,,0.0,,,keyword planner,0;0;0;0;0;0;0;0;0;0;0;0
adjacent first home buyer schemes,Guarantor loans,guarantor home loan,1300,,10.15,MEDIUM,,keyword planner,2400;1900;1300;1000;1600;1300;1600;1300;1000;880;720;880
adjacent first home buyer schemes,Guarantor loans,guarantor for mortgage loan,320,guarantor mortgage,11.74,MEDIUM,,keyword planner,480;390;320;260;390;390;590;320;390;210;210;210
adjacent first home buyer schemes,Guarantor loans,guarantor mortgage,320,,11.74,MEDIUM,,keyword planner,480;390;320;260;390;390;590;320;390;210;210;210
adjacent first home buyer schemes,Guarantor loans,house loan guarantor,320,guarantor mortgage,11.74,MEDIUM,,keyword planner,480;390;320;260;390;390;590;320;390;210;210;210
adjacent first home buyer schemes,Guarantor loans,no deposit home loan with guarantor,110,no deposit home loans no guarantor,19.48,HIGH,,keyword planner,90;140;140;90;90;140;140;70;110;70;50;50
adjacent first home buyer schemes,Guarantor loans,no deposit home loans no guarantor,110,,19.48,HIGH,,keyword planner,90;140;140;90;90;140;140;70;110;70;50;50
adjacent first home buyer schemes,Guarantor loans,family guarantor home loan,70,,10.12,MEDIUM,,keyword planner,110;90;90;40;110;70;70;70;50;70;40;70
adjacent first home buyer schemes,Guarantor loans,parents acting as guarantors on mortgages,50,,10.45,LOW,,keyword planner,110;70;70;40;70;50;70;40;30;30;30;40
adjacent first home buyer schemes,Guarantor loans,going guarantor for a mortgage,40,,0.0,MEDIUM,,keyword planner,70;20;30;10;90;70;30;40;30;20;10;10
adjacent first home buyer schemes,Guarantor loans,guarantor home loan no deposit,40,,11.99,MEDIUM,,keyword planner,110;90;40;30;30;10;20;40;40;30;30;20
adjacent first home buyer schemes,Guarantor loans,home loan guarantor no deposit,40,guarantor home loan no deposit,11.99,MEDIUM,,keyword planner,110;90;40;30;30;10;20;40;40;30;30;20
adjacent first home buyer schemes,Guarantor loans,parent guarantor mortgage,40,,6.36,MEDIUM,,keyword planner,20;50;20;10;30;40;40;70;40;30;40;40
adjacent first home buyer schemes,Guarantor loans,parent guarantor on mortgage,40,parent guarantor mortgage,6.36,MEDIUM,,keyword planner,20;50;20;10;30;40;40;70;40;30;40;40
adjacent first home buyer schemes,Guarantor loans,using a guarantor for home loan,40,,27.03,HIGH,,keyword planner,50;50;50;40;40;50;50;30;50;30;30;30
adjacent first home buyer schemes,Guarantor loans,anz guarantor home loan,30,,39.18,LOW,,keyword planner,50;40;40;20;30;40;40;30;30;20;10;10
adjacent first home buyer schemes,Guarantor loans,government guarantor scheme,30,,5.85,LOW,,keyword planner,70;50;10;30;50;40;20;10;20;20;10;20
adjacent first home buyer schemes,Guarantor loans,guarantor home loan requirements,30,,5.44,MEDIUM,,keyword planner,40;20;20;30;30;40;110;30;20;10;10;10
adjacent first home buyer schemes,Guarantor loans,parent guarantor home loan,30,,19.25,MEDIUM,,keyword planner,40;50;30;30;40;40;30;50;40;20;10;20
adjacent first home buyer schemes,Guarantor loans,being a guarantor for a mortgage,20,being a mortgage guarantor,6.65,LOW,,keyword planner,30;20;10;20;30;10;30;20;20;10;40;20
adjacent first home buyer schemes,Guarantor loans,being a mortgage guarantor,20,,6.65,LOW,,keyword planner,30;20;10;20;30;10;30;20;20;10;40;20
adjacent first home buyer schemes,Guarantor loans,buying a house guarantor,20,,9.62,HIGH,,keyword planner,20;10;20;10;20;10;10;20;20;10;10;20
adjacent first home buyer schemes,Guarantor loans,buying a house with a guarantor,20,buying a house guarantor,9.62,HIGH,,keyword planner,20;10;20;10;20;10;10;20;20;10;10;20
adjacent first home buyer schemes,Guarantor loans,first home buyer guarantor,20,,10.21,MEDIUM,,keyword planner,30;30;20;10;30;30;20;20;10;30;10;10
adjacent first home buyer schemes,Guarantor loans,guarantor home loan nab,20,,25.75,LOW,,keyword planner,70;70;20;10;10;20;40;10;10;10;10;10
adjacent first home buyer schemes,Guarantor loans,home guarantor,20,,11.68,LOW,,keyword planner,40;30;10;10;30;10;20;20;20;10;10;10
adjacent first home buyer schemes,Guarantor loans,parents going guarantor for home loan,20,,5.94,MEDIUM,,keyword planner,10;20;20;10;20;20;20;10;10;10;10;20
adjacent first home buyer schemes,Guarantor loans,using a guarantor to buy a house,20,,11.22,MEDIUM,,keyword planner,20;10;20;20;30;10;20;10;10;10;10;20
adjacent first home buyer schemes,Guarantor loans,westpac guarantor home loan,20,,13.58,LOW,,keyword planner,30;10;30;10;30;30;20;30;20;20;10;10
adjacent first home buyer schemes,Guarantor loans,100 guarantor mortgage,10,anz fhog,0.0,HIGH,,keyword planner,10;10;0;10;10;10;0;10;0;0;10;10
adjacent first home buyer schemes,Guarantor loans,100 home loan with guarantor,10,anz fhog,0.0,HIGH,,keyword planner,10;0;10;0;10;0;10;10;10;0;0;10
adjacent first home buyer schemes,Guarantor loans,100 mortgage without a guarantor,10,anz fhog,0.0,,,keyword planner,0;0;0;0;0;0;0;0;0;0;10;0
adjacent first home buyer schemes,Guarantor loans,act as guarantor for mortgage,10,anz fhog,0.0,LOW,,keyword planner,10;10;10;10;10;10;10;10;10;10;10;10
adjacent first home buyer schemes,Guarantor loans,acting as a guarantor on a mortgage,10,anz fhog,0.0,,,keyword planner,0;10;0;10;0;10;0;10;10;0;10;0
adjacent first home buyer schemes,Guarantor loans,apply for guarantor mortgage,10,anz fhog,0.0,,,keyword planner,0;0;0;0;0;0;0;10;0;0;0;0
adjacent first home buyer schemes,Guarantor loans,aussie home loans guarantor,10,,0.0,MEDIUM,,keyword planner,10;10;10;10;10;10;10;10;10;10;10;10
adjacent first home buyer schemes,Guarantor loans,banks that offer guarantor mortgages,10,,19.65,HIGH,,keyword planner,10;10;10;10;10;10;10;10;0;10;10;10
adjacent first home buyer schemes,Guarantor loans,being a guarantor for a home loan,10,anz fhog,5.14,MEDIUM,,keyword planner,10;30;30;10;20;20;10;10;10;10;10;10
adjacent first home buyer schemes,Guarantor loans,being guarantor for a home loan,10,anz fhog,0.0,,,keyword planner,10;10;10;10;10;10;10;10;0;0;10;0
adjacent first home buyer schemes,Guarantor loans,bendigo bank guarantor home loan,10,,18.58,MEDIUM,,keyword planner,10;10;10;10;10;10;10;10;10;0;10;10
adjacent first home buyer schemes,Guarantor loans,best guarantor home loans,10,anz fhog,0.0,HIGH,,keyword planner,0;10;10;10;10;0;10;10;10;0;0;10
adjacent first home buyer schemes,Guarantor loans,best guarantor mortgages,10,anz fhog,0.0,,,keyword planner,10;10;0;0;0;10;10;0;10;0;0;0
adjacent first home buyer schemes,Guarantor loans,buying a home with a guarantor,10,rent to own agencies,0.0,HIGH,,keyword planner,10;10;10;10;10;10;10;10;10;10;10;10
adjacent first home buyer schemes,Guarantor loans,buying a house with guarantor,10,buying house with guarantor,10.83,HIGH,,keyword planner,10;10;10;10;10;10;10;10;10;10;0;10
adjacent first home buyer schemes,Guarantor loans,buying house with guarantor,10,,15.29,HIGH,,keyword planner,10;10;10;10;10;10;10;0;10;10;10;10
adjacent first home buyer schemes,Guarantor loans,commbank guarantor home loan,10,anz fhog,0.0,LOW,,keyword planner,10;20;10;10;10;10;10;10;10;10;10;10
adjacent first home buyer schemes,Guarantor loans,family guarantor loan,10,,16.67,MEDIUM,,keyword planner,10;10;10;10;10;10;10;10;20;10;20;10
adjacent first home buyer schemes,Guarantor loans,family guarantor mortgage,10,anz fhog,0.0,LOW,,keyword planner,10;10;0;10;10;0;0;10;10;10;0;10
adjacent first home buyer schemes,Guarantor loans,find a guarantor mortgage,10,anz fhog,0.0,,,keyword planner,0;0;0;10;0;0;0;0;0;0;0;0
adjacent first home buyer schemes,Guarantor loans,first home buyer guarantor loan,10,anz fhog,0.0,LOW,,keyword planner,10;10;10;10;10;0;10;10;0;0;10;10
adjacent first home buyer schemes,Guarantor loans,first home guarantor,10,,13.39,MEDIUM,,keyword planner,20;20;10;10;10;20;10;10;10;10;10;10
adjacent first home buyer schemes,Guarantor loans,first time buyer guarantor mortgage,10,anz fhog,0.0,,,keyword planner,0;0;0;0;0;10;10;10;10;0;10;0
adjacent first home buyer schemes,Guarantor loans,getting a guarantor for a mortgage,10,,4.98,MEDIUM,,keyword planner,10;10;10;10;10;10;10;10;10;10;10;10
adjacent first home buyer schemes,Guarantor loans,getting a home loan with a guarantor,10,anz fhog,0.0,HIGH,,keyword planner,10;10;10;10;10;10;10;10;10;0;10;10
adjacent first home buyer schemes,Guarantor loans,getting a mortgage with parents as guarantors,10,anz fhog,0.0,,,keyword planner,0;10;10;0;10;0;0;0;0;0;0;0
adjacent first home buyer schemes,Guarantor loans,going guarantor on a home loan,10,anz fhog,0.0,MEDIUM,,keyword planner,30;10;10;10;10;10;30;10;10;10;10;10
adjacent first home buyer schemes,Guarantor loans,going guarantor on a house loan,10,anz fhog,0.0,MEDIUM,,keyword planner,10;10;10;10;0;10;10;10;10;10;10;10
adjacent first home buyer schemes,Guarantor loans,going guarantor on a mortgage,10,anz fhog,0.0,LOW,,keyword planner,10;10;10;10;10;10;10;10;10;10;10;10
adjacent first home buyer schemes,Guarantor loans,going guarantor on a property,10,anz fhog,0.0,LOW,,keyword planner,10;20;10;10;10;10;0;0;0;0;10;10
adjacent first home buyer schemes,Guarantor loans,going guarantor on house loan,10,anz fhog,0.0,,,keyword planner,0;10;0;10;0;0;0;0;0;0;0;0
adjacent first home buyer schemes,Guarantor loans,guarantor 100 mortgage,10,anz fhog,0.0,,,keyword planner,10;0;0;0;10;0;0;0;10;0;0;0
adjacent first home buyer schemes,Guarantor loans,guarantor deposit mortgage,10,,9.58,HIGH,,keyword planner,0;10;10;10;10;10;10;10;10;10;0;10
adjacent first home buyer schemes,Guarantor loans,guarantor for buying a house,10,,8.33,MEDIUM,,keyword planner,10;10;10;10;10;10;10;10;10;10;10;10
adjacent first home buyer schemes,Guarantor loans,guarantor for home loan deposit,10,anz fhog,0.0,,,keyword planner,10;10;10;0;10;10;10;0;10;0;0;0
adjacent first home buyer schemes,Guarantor loans,guarantor home loan commbank,10,anz fhog,0.0,LOW,,keyword planner,10;10;10;10;10;10;0;0;0;10;10;10
adjacent first home buyer schemes,Guarantor loans,guarantor home loan commonwealth bank,10,anz fhog,0.0,LOW,,keyword planner,10;20;10;10;10;10;10;10;10;10;10;10
adjacent first home buyer schemes,Guarantor loans,guarantor home loan deposit,10,anz fhog,0.0,MEDIUM,,keyword planner,10;10;10;10;10;10;10;10;10;10;10;10
adjacent first home buyer schemes,Guarantor loans,guarantor home loan explained,10,anz fhog,0.0,,,keyword planner,10;0;10;10;10;10;10;10;10;0;10;0
adjacent first home buyer schemes,Guarantor loans,guarantor home loan st george,10,anz fhog,0.0,LOW,,keyword planner,10;10;10;0;10;10;10;0;0;10;0;10
adjacent first home buyer schemes,Guarantor loans,guarantor home loan victoria,10,anz fhog,0.0,HIGH,,keyword planner,10;10;10;10;10;0;10;10;10;0;10;10
adjacent first home buyer schemes,Guarantor loans,guarantor in home loan,10,anz fhog,0.0,,,keyword planner,10;10;0;10;0;10;10;0;10;0;10;0
adjacent first home buyer schemes,Guarantor loans,guarantor loan commbank,10,anz fhog,0.0,MEDIUM,,keyword planner,10;10;10;10;10;10;10;10;10;10;10;10
adjacent first home buyer schemes,Guarantor loans,guarantor mortgage broker,10,anz fhog,0.0,,,keyword planner,10;10;0;10;10;10;10;10;10;10;0;0
adjacent first home buyer schemes,Guarantor loans,guarantor mortgage deals,10,anz fhog,0.0,,,keyword planner,10;0;0;0;10;0;0;0;0;10;10;0
adjacent first home buyer schemes,Guarantor loans,guarantor mortgage lenders,10,anz fhog,0.0,LOW,,keyword planner,0;10;0;0;10;0;30;10;10;0;0;10
adjacent first home buyer schemes,Guarantor loans,guarantor mortgage no deposit,10,anz fhog,0.0,,,keyword planner,0;0;10;0;0;10;0;0;0;10;0;0
adjacent first home buyer schemes,Guarantor loans,guarantor mortgage rates,10,anz fhog,0.0,,,keyword planner,10;0;0;0;10;0;0;0;0;10;10;0
adjacent first home buyer schemes,Guarantor loans,guarantor mortgage retired parents,10,anz fhog,0.0,,,keyword planner,0;10;0;0;0;10;0;0;0;0;10;0
adjacent first home buyer schemes,Guarantor loans,guarantor required for home loan,10,anz fhog,0.0,,,keyword planner,0;10;0;0;0;0;0;0;0;0;10;0
adjacent first home buyer schemes,Guarantor loans,guarantor when buying a house,10,anz fhog,0.0,,,keyword planner,10;0;10;10;10;10;0;0;10;10;10;0
adjacent first home buyer schemes,Guarantor loans,having a guarantor for a home loan,10,anz fhog,0.0,MEDIUM,,keyword planner,0;10;0;0;0;0;0;0;0;0;10;10
adjacent first home buyer schemes,Guarantor loans,having a guarantor on a mortgage,10,,6.72,MEDIUM,,keyword planner,20;10;10;10;20;10;20;10;10;10;10;10
adjacent first home buyer schemes,Guarantor loans,home loan deposit guarantor,10,anz fhog,0.0,,,keyword planner,10;10;10;0;0;0;10;0;0;10;10;0
adjacent first home buyer schemes,Guarantor loans,home loan parent guarantor,10,,64.0,HIGH,,keyword planner,10;10;10;10;10;10;10;10;10;10;10;10
adjacent first home buyer schemes,Guarantor loans,home loan without guarantor,10,anz fhog,0.0,,,keyword planner,0;10;0;0;0;10;0;10;0;0;10;0
adjacent first home buyer schemes,Guarantor loans,house guarantor mortgage,10,anz fhog,0.0,,,keyword planner,10;10;10;10;10;10;10;10;0;10;10;0
adjacent first home buyer schemes,Guarantor loans,income guarantor home loan,10,anz fhog,0.0,HIGH,,keyword planner,10;10;10;10;0;10;10;10;10;10;0;10
adjacent first home buyer schemes,Guarantor loans,ing guarantor home loan,10,anz fhog,0.0,LOW,,keyword planner,10;10;10;10;0;10;10;0;10;0;10;10
adjacent first home buyer schemes,Guarantor loans,ing home loan guarantor,10,anz fhog,0.0,,,keyword planner,10;10;10;10;10;0;10;0;0;0;0;0
adjacent first home buyer schemes,Guarantor loans,lenders mortgage insurance guarantor,10,rent to own by owner,0.0,LOW,,keyword planner,20;10;10;10;10;10;10;10;10;10;10;10
adjacent first home buyer schemes,Guarantor loans,mortgage broker guarantor,10,anz fhog,0.0,,,keyword planner,10;10;10;10;10;10;10;10;10;0;10;0
adjacent first home buyer schemes,Guarantor loans,mortgage deed guarantor,10,anz fhog,0.0,,,keyword planner,0;0;10;0;0;0;0;0;0;0;0;0
adjacent first home buyer schemes,Guarantor loans,no deposit guarantor mortgages,10,anz fhog,0.0,,,keyword planner,0;0;0;0;10;0;0;0;0;0;0;0
adjacent first home buyer schemes,Guarantor loans,no deposit home loans without guarantor,10,anz fhog,0.0,,,keyword planner,10;20;10;0;10;10;10;10;10;0;0;0
adjacent first home buyer schemes,Guarantor loans,overseas guarantor home loan,10,anz fhog,0.0,,,keyword planner,10;10;10;10;10;10;10;10;10;0;10;0
adjacent first home buyer schemes,Guarantor loans,parent guarantor for mortgage,10,anz fhog,0.0,,,keyword planner,0;0;0;10;10;10;10;0;0;0;0;0
adjacent first home buyer schemes,Guarantor loans,parents as guarantor on mortgage,10,anz fhog,0.0,,,keyword planner,10;0;10;10;10;10;0;10;0;0;0;0
adjacent first home buyer schemes,Guarantor loans,parents going guarantor home loan,10,anz fhog,0.0,,,keyword planner,10;10;0;10;0;10;10;0;10;10;0;0
adjacent first home buyer schemes,Guarantor loans,parents going guarantor on mortgage,10,anz fhog,0.0,,,keyword planner,10;0;10;0;10;10;0;0;0;10;0;0
adjacent first home buyer schemes,Guarantor loans,parents house as guarantors for mortgage,10,anz fhog,0.0,LOW,,keyword planner,0;10;10;10;10;10;10;10;10;10;0;10
adjacent first home buyer schemes,Guarantor loans,partial guarantor home loan,10,anz fhog,0.0,,,keyword planner,0;10;10;0;0;10;0;0;0;10;0;0
adjacent first home buyer schemes,Guarantor loans,rams guarantor home loan,10,anz fhog,0.0,,,keyword planner,10;0;0;0;0;0;0;0;0;0;0;0
adjacent first home buyer schemes,Guarantor loans,security guarantor home loan,10,anz fhog,0.0,LOW,,keyword planner,10;20;10;10;10;10;10;10;10;10;10;10
adjacent first home buyer schemes,Guarantor loans,st george bank guarantor home loan,10,anz fhog,0.0,,,keyword planner,10;10;0;10;10;10;10;10;10;10;10;0
adjacent first home buyer schemes,Guarantor loans,st george guarantor home loan,10,anz fhog,0.0,,,keyword planner,0;10;0;10;0;0;0;0;10;0;0;0
adjacent first home buyer schemes,Guarantor loans,standing guarantor for a mortgage,10,anz fhog,0.0,LOW,,keyword planner,10;10;10;0;10;10;10;0;0;0;0;10
adjacent first home buyer schemes,Guarantor loans,ubank guarantor loan,10,anz fhog,0.0,,,keyword planner,10;10;10;10;0;10;0;10;0;0;0;0
adjacent first home buyer schemes,Guarantor loans,using a guarantor for a mortgage,10,anz fhog,0.0,,,keyword planner,0;0;10;0;0;0;0;0;0;0;0;0
adjacent first home buyer schemes,Guarantor loans,using a guarantor for mortgage,10,anz fhog,0.0,,,keyword planner,0;0;10;0;10;0;0;0;0;0;0;0
adjacent first home buyer schemes,Guarantor loans,using guarantor mortgage,10,anz fhog,0.0,HIGH,,keyword planner,10;10;10;10;10;0;0;10;10;10;10;10
adjacent first home buyer schemes,Guarantor loans,westpac home loan guarantor,10,anz fhog,0.0,LOW,,keyword planner,10;10;10;10;10;10;10;10;10;10;10;10
adjacent first home buyer schemes,Guarantor loans,100 mortgage no guarantor,0,,0.0,,,keyword planner,0;0;0;0;0;0;0;0;0;0;0;0
adjacent first home buyer schemes,Guarantor loans,100 percent mortgage no guarantor,0,,0.0,,,keyword planner,0;0;0;0;0;0;0;0;0;0;0;0
adjacent first home buyer schemes,Guarantor loans,apply for a guarantor mortgage,0,,0.0,,,keyword planner,0;0;0;0;0;0;0;0;0;0;0;0
adjacent first home buyer schemes,Guarantor loans,being a guarantor for mortgage,0,,0.0,,,keyword planner,0;0;0;0;0;0;0;0;0;0;0;0
adjacent first home buyer schemes,Guarantor loans,guarantor mortgage application,0,,0.0,,,keyword planner,0;0;0;0;0;0;0;0;0;0;0;0
adjacent first home buyer schemes,Guarantor loans,guarantor mortgage explained,0,,0.0,,,keyword planner,0;0;0;0;0;0;0;0;0;0;0;0
adjacent first home buyer schemes,Guarantor loans,guarantor mortgage providers,0,,0.0,,,keyword planner,0;0;0;0;0;0;0;0;0;0;0;0
adjacent first home buyer schemes,Guarantor loans,lic home loan guarantor,0,,0.0,,,keyword planner,
adjacent first home buyer schemes,Guarantor loans,sbi home loan guarantor,0,,0.0,,,keyword planner,
adjacent first home buyer schemes,Guarantor loans,sbi home loan guarantor requirements,0,,0.0,,,keyword planner,
adjacent first home buyer schemes,Guarantor loans,sbi home loan without guarantor,0,,0.0,,,keyword planner,0;0;0;0;0;0;0;0;0;0;0;0
adjacent first home buyer schemes,Rent to own,rent to own,4400,,7.82,MEDIUM,,keyword planner,3600;4400;4400;4400;4400;4400;4400;3600;4400;4400;4400;3600
adjacent first home buyer schemes,Rent to own,rent to own homes,720,,7.64,MEDIUM,,keyword planner,590;590;720;590;880;720;880;880;720;590;590;590
adjacent first home buyer schemes,Rent to own,rent to own home on centrelink,140,,9.63,MEDIUM,,keyword planner,170;170;210;170;170;140;140;110;90;90;70;70
adjacent first home buyer schemes,Rent to own,rent to own how it works,140,,5.61,LOW,,keyword planner,260;170;140;140;170;170;170;140;110;110;110;140
adjacent first home buyer schemes,Rent to own,aboriginal housing rent to own,110,,12.44,LOW,,keyword planner,140;140;110;70;110;110;110;110;90;70;70;90
adjacent first home buyer schemes,Rent to own,rent to own properties,110,,5.7,MEDIUM,,keyword planner,90;90;90;90;110;140;140;110;110;90;70;90
adjacent first home buyer schemes,Rent to own,no deposit rent to own homes victoria,90,,8.91,MEDIUM,,keyword planner,70;70;110;70;110;90;90;110;90;70;70;50
adjacent first home buyer schemes,Rent to own,rent to own scheme,90,,5.86,LOW,,keyword planner,30;40;40;30;40;90;90;50;110;110;210;110
adjacent first home buyer schemes,Rent to own,housing rent to own,40,,7.67,MEDIUM,,keyword planner,20;20;30;10;50;20;110;20;40;30;20;30
adjacent first home buyer schemes,Rent to own,rent to own agreement,40,rent to own contract,0.0,LOW,,keyword planner,40;30;30;30;30;40;40;50;40;30;30;30
adjacent first home buyer schemes,Rent to own,rent to own contract,40,,0.0,LOW,,keyword planner,40;30;30;30;30;40;40;50;40;30;30;30
adjacent first home buyer schemes,Rent to own,rent to own homes how it works,30,,7.41,LOW,,keyword planner,20;30;40;30;30;40;50;20;30;20;20;20
adjacent first home buyer schemes,Rent to own,rent to own real estate,30,,0.0,LOW,,keyword planner,40;20;10;10;10;20;140;20;30;10;10;10
adjacent first home buyer schemes,Rent to own,rent to own companies,20,,8.38,MEDIUM,,keyword planner,30;20;30;20;30;10;20;10;10;10;10;20
adjacent first home buyer schemes,Rent to own,rent to own land,20,,4.9,LOW,,keyword planner,10;20;10;20;30;20;30;20;30;30;20;30
adjacent first home buyer schemes,Rent to own,rent to own programs,20,,9.55,LOW,,keyword planner,20;20;10;10;10;10;30;30;30;10;10;10
adjacent first home buyer schemes,Rent to own,rent to own vendor finance,20,,0.0,LOW,,keyword planner,10;50;20;20;10;30;20;20;20;10;20;10
adjacent first home buyer schemes,Rent to own,3 bedroom house rent to own,10,anz fhog,0.0,,,keyword planner,10;0;10;0;10;0;0;0;10;10;0;0
adjacent first home buyer schemes,Rent to own,best rent to own companies,10,,4.36,MEDIUM,,keyword planner,10;10;10;10;20;10;20;10;10;10;10;10
adjacent first home buyer schemes,Rent to own,best rent to own home companies,10,anz fhog,0.0,HIGH,,keyword planner,10;10;0;10;0;0;0;0;0;0;0;10
adjacent first home buyer schemes,Rent to own,best rent to own home programs,10,anz fhog,0.0,,,keyword planner,0;10;0;0;0;0;0;0;0;0;0;0
adjacent first home buyer schemes,Rent to own,best rent to own sites,10,anz fhog,0.0,LOW,,keyword planner,10;10;10;10;10;0;0;0;0;0;10;10
adjacent first home buyer schemes,Rent to own,best website for rent to own homes,10,anz fhog,0.0,,,keyword planner,0;0;0;0;0;0;0;0;0;10;0;0
adjacent first home buyer schemes,Rent to own,dream america rent to own,10,anz fhog,0.0,,,keyword planner,0;0;10;0;0;0;10;0;0;0;0;0
adjacent first home buyer schemes,Rent to own,easy homes rent to own,10,anz fhog,0.0,LOW,,keyword planner,0;0;0;10;10;10;10;10;10;0;10;10
adjacent first home buyer schemes,Rent to own,farm house rent to own,10,anz fhog,0.0,,,keyword planner,0;0;0;0;0;0;10;0;0;10;0;0
adjacent first home buyer schemes,Rent to own,find rent to own homes,10,anz fhog,0.0,HIGH,,keyword planner,0;10;0;0;0;10;0;0;0;0;0;10
adjacent first home buyer schemes,Rent to own,for rent to own,10,anz fhog,0.0,,,keyword planner,0;0;10;0;0;10;0;0;10;0;0;0
adjacent first home buyer schemes,Rent to own,foreclosed homes for rent to own,10,anz fhog,0.0,,,keyword planner,0;10;0;0;10;0;10;10;10;0;10;0
adjacent first home buyer schemes,Rent to own,free rent to own homes list,10,anz fhog,0.0,,,keyword planner,0;0;10;0;10;0;10;0;10;10;0;0
adjacent first home buyer schemes,Rent to own,get rent to own,10,anz fhog,0.0,LOW,,keyword planner,0;10;0;10;0;10;0;0;0;0;0;10
adjacent first home buyer schemes,Rent to own,government rent to own programs,10,rent to own by owner,0.0,LOW,,keyword planner,10;10;10;10;10;10;10;10;10;10;10;10
adjacent first home buyer schemes,Rent to own,homes for rent to own by owner,10,anz fhog,0.0,LOW,,keyword planner,10;10;10;10;10;10;10;10;10;10;0;10
adjacent first home buyer schemes,Rent to own,homes for sale rent to own,10,anz fhog,0.0,MEDIUM,,keyword planner,10;10;10;0;10;10;10;10;10;10;10;10
adjacent first home buyer schemes,Rent to own,house and lot rent to own,10,anz fhog,0.0,,,keyword planner,0;0;10;0;0;10;10;10;0;0;0;0
adjacent first home buyer schemes,Rent to own,houses for sale rent to own,10,anz fhog,0.0,MEDIUM,,keyword planner,10;10;10;0;10;10;10;10;10;10;10;10
adjacent first home buyer schemes,Rent to own,houses rent to own by owner,10,anz fhog,0.0,LOW,,keyword planner,10;10;10;10;10;10;10;10;10;10;0;10
adjacent first home buyer schemes,Rent to own,land rent to own,10,anz fhog,0.0,LOW,,keyword planner,10;10;10;10;10;10;10;10;10;10;0;10
adjacent first home buyer schemes,Rent to own,legit rent to own homes,10,anz fhog,0.0,,,keyword planner,10;0;0;10;0;0;0;0;0;0;0;0
adjacent first home buyer schemes,Rent to own,legit rent to own programs,10,anz fhog,0.0,HIGH,,keyword planner,0;0;0;0;0;0;0;0;0;0;0;10
adjacent first home buyer schemes,Rent to own,legit rent to own websites,10,anz fhog,0.0,,,keyword planner,0;0;0;0;0;10;0;0;0;0;0;0
adjacent first home buyer schemes,Rent to own,legitimate rent to own programs,10,anz fhog,0.0,,,keyword planner,10;0;0;0;0;0;0;0;0;0;0;0
adjacent first home buyer schemes,Rent to own,low income homes rent to own,10,anz fhog,0.0,,,keyword planner,10;0;0;0;10;10;0;0;0;0;10;0
adjacent first home buyer schemes,Rent to own,low income rent to own,10,anz fhog,0.0,,,keyword planner,0;0;0;0;0;0;0;10;10;0;0;0
adjacent first home buyer schemes,Rent to own,low income rent to own homes,10,anz fhog,0.0,,,keyword planner,10;0;0;10;0;10;10;10;10;10;0;0
adjacent first home buyer schemes,Rent to own,mobile homes rent to own,10,anz fhog,0.0,LOW,,keyword planner,10;10;10;10;10;10;10;10;10;10;0;10
adjacent first home buyer schemes,Rent to own,mobile homes rent to own no credit check,10,anz fhog,0.0,LOW,,keyword planner,10;10;0;0;0;0;0;10;0;0;0;10
adjacent first home buyer schemes,Rent to own,no credit check rent to own homes,10,anz fhog,0.0,,,keyword planner,0;0;10;0;10;0;0;0;0;0;0;0
adjacent first home buyer schemes,Rent to own,no deposit rent to own homes,10,anz fhog,0.0,,,keyword planner,90;0;10;10;10;10;10;10;10;0;0;0
adjacent first home buyer schemes,Rent to own,places to rent to own,10,anz fhog,0.0,,,keyword planner,0;0;0;10;0;0;0;10;0;0;10;0
adjacent first home buyer schemes,Rent to own,private rent to own homes,10,anz fhog,0.0,MEDIUM,,keyword planner,10;10;10;10;10;10;10;10;10;10;10;10
adjacent first home buyer schemes,Rent to own,property rent to own,10,anz fhog,0.0,MEDIUM,,keyword planner,10;10;10;10;10;10;10;10;10;10;10;10
adjacent first home buyer schemes,Rent to own,qc rent to own,10,anz fhog,0.0,,,keyword planner,0;0;0;0;0;0;0;0;0;0;10;0
adjacent first home buyer schemes,Rent to own,real rent to own homes,10,anz fhog,0.0,,,keyword planner,10;0;0;10;0;0;0;10;0;0;0;0
adjacent first home buyer schemes,Rent to own,rent to own affordable housing,10,anz fhog,0.0,,,keyword planner,0;0;10;10;0;0;0;0;0;10;10;0
adjacent first home buyer schemes,Rent to own,rent to own agencies,10,,0.0,HIGH,,keyword planner,10;10;10;10;10;0;0;0;0;0;0;10
adjacent first home buyer schemes,Rent to own,rent to own agreement between family,10,anz fhog,0.0,,,keyword planner,0;0;0;0;0;0;0;10;10;0;0;0
adjacent first home buyer schemes,Rent to own,rent to own app,10,,0.0,MEDIUM,,keyword planner,0;0;10;10;10;0;10;0;10;10;10;10
adjacent first home buyer schemes,Rent to own,rent to own application,10,anz fhog,0.0,LOW,,keyword planner,0;0;0;0;10;10;10;0;0;0;10;10
adjacent first home buyer schemes,Rent to own,rent to own assistance program,10,anz fhog,0.0,,,keyword planner,0;0;10;0;0;0;0;0;0;0;0;0
adjacent first home buyer schemes,Rent to own,rent to own business,10,,25.29,MEDIUM,,keyword planner,10;10;10;10;10;10;10;10;20;10;20;20
adjacent first home buyer schemes,Rent to own,rent to own by owner,10,,0.0,LOW,,keyword planner,0;10;0;0;0;0;0;0;0;0;10;10
adjacent first home buyer schemes,Rent to own,rent to own by private owner,10,osr fhog,0.0,LOW,,keyword planner,10;10;10;10;10;10;10;10;10;10;10;10
adjacent first home buyer schemes,Rent to own,rent to own cabins no credit check,10,rent to own options,0.0,LOW,,keyword planner,0;0;0;0;0;10;10;10;0;0;10;10
adjacent first home buyer schemes,Rent to own,rent to own calculator,10,,0.0,LOW,,keyword planner,10;10;10;10;10;10;20;10;10;10;20;20
adjacent first home buyer schemes,Rent to own,rent to own club,10,anz fhog,0.0,,,keyword planner,0;10;0;0;0;0;0;0;10;0;0;0
adjacent first home buyer schemes,Rent to own,rent to own club legit,10,anz fhog,0.0,,,keyword planner,0;0;0;0;10;0;0;0;0;0;0;0
adjacent first home buyer schemes,Rent to own,rent to own condominium,10,anz fhog,0.0,,,keyword planner,10;10;10;10;0;10;10;10;10;10;10;0
adjacent first home buyer schemes,Rent to own,rent to own down payment,10,anz fhog,0.0,MEDIUM,,keyword planner,10;10;10;10;10;0;0;0;0;0;0;10
adjacent first home buyer schemes,Rent to own,rent to own explained,10,anz fhog,0.0,LOW,,keyword planner,0;10;10;10;10;10;10;10;10;10;10;10
adjacent first home buyer schemes,Rent to own,rent to own finance companies,10,anz fhog,0.0,LOW,,keyword planner,20;10;10;10;10;10;10;10;10;10;10;10
adjacent first home buyer schemes,Rent to own,rent to own financing,10,anz fhog,0.0,,,keyword planner,10;10;10;10;10;0;10;10;10;10;10;0
adjacent first home buyer schemes,Rent to own,rent to own flats,10,anz fhog,0.0,LOW,,keyword planner,0;10;10;0;0;0;0;0;0;0;0;10
adjacent first home buyer schemes,Rent to own,rent to own furniture no credit check no down payment,10,anz fhog,0.0,,,keyword planner,0;10;10;0;0;10;10;0;0;0;0;0
adjacent first home buyer schemes,Rent to own,rent to own home companies,10,anz fhog,0.0,MEDIUM,,keyword planner,10;10;10;10;10;10;0;10;10;0;10;10
adjacent first home buyer schemes,Rent to own,rent to own home contract,10,anz fhog,0.0,LOW,,keyword planner,10;10;10;10;10;10;10;10;10;10;10;10
adjacent first home buyer schemes,Rent to own,rent to own home programs,10,anz fhog,0.0,MEDIUM,,keyword planner,10;0;0;10;10;0;0;0;10;10;10;10
adjacent first home buyer schemes,Rent to own,rent to own homes app,10,anz fhog,0.0,LOW,,keyword planner,0;0;10;10;0;0;10;10;0;0;0;10
adjacent first home buyer schemes,Rent to own,rent to own homes by owner,10,anz fhog,0.0,LOW,,keyword planner,0;10;10;10;0;10;10;0;0;10;10;10
adjacent first home buyer schemes,Rent to own,rent to own homes by private owner,10,anz fhog,0.0,,,keyword planner,0;0;0;0;0;0;0;10;0;10;0;0
adjacent first home buyer schemes,Rent to own,rent to own homes for low income families,10,anz fhog,0.0,,,keyword planner,0;0;0;10;0;0;0;0;0;0;0;0
adjacent first home buyer schemes,Rent to own,rent to own homes for sale,10,anz fhog,0.0,,,keyword planner,0;10;0;10;10;10;0;0;10;0;10;0
adjacent first home buyer schemes,Rent to own,rent to own homes listings,10,anz fhog,0.0,,,keyword planner,10;10;10;0;0;0;0;0;0;0;0;0
adjacent first home buyer schemes,Rent to own,rent to own homes low income,10,anz fhog,0.0,,,keyword planner,0;10;0;10;10;10;0;0;10;0;0;0
adjacent first home buyer schemes,Rent to own,rent to own homes no credit check,10,anz fhog,0.0,,,keyword planner,0;10;10;0;10;10;10;10;10;10;10;0
adjacent first home buyer schemes,Rent to own,rent to own homes reddit,10,anz fhog,0.0,LOW,,keyword planner,10;0;10;10;10;10;0;0;0;0;0;10
adjacent first home buyer schemes,Rent to own,rent to own house and lot,10,anz fhog,0.0,,,keyword planner,10;0;0;0;0;10;10;0;0;0;0;0
adjacent first home buyer schemes,Rent to own,rent to own house contract,10,anz fhog,0.0,LOW,,keyword planner,10;10;10;10;10;10;10;10;10;10;10;10
adjacent first home buyer schemes,Rent to own,rent to own houses by owner,10,anz fhog,0.0,LOW,,keyword planner,0;10;10;10;0;10;10;0;0;10;10;10
adjacent first home buyer schemes,Rent to own,rent to own houses for sale,10,anz fhog,4.66,MEDIUM,,keyword planner,10;10;10;10;10;10;10;10;10;10;10;10
adjacent first home buyer schemes,Rent to own,rent to own houses no credit check,10,anz fhog,0.0,,,keyword planner,0;0;0;0;10;10;0;10;10;0;10;0
adjacent first home buyer schemes,Rent to own,rent to own housing programs,10,anz fhog,0.0,MEDIUM,,keyword planner,10;10;10;10;10;10;10;10;10;10;0;10
adjacent first home buyer schemes,Rent to own,rent to own information,10,anz fhog,0.0,,,keyword planner,10;0;0;0;10;0;10;0;0;0;0;0
adjacent first home buyer schemes,Rent to own,rent to own interest rates,10,anz fhog,0.0,HIGH,,keyword planner,10;10;0;10;10;10;10;10;0;10;10;10
adjacent first home buyer schemes,Rent to own,rent to own labs,10,anz fhog,0.0,HIGH,,keyword planner,10;10;0;0;10;10;10;10;10;0;0;10
adjacent first home buyer schemes,Rent to own,rent to own land contract,10,anz fhog,0.0,,,keyword planner,0;10;0;0;0;10;0;10;0;0;0;0
adjacent first home buyer schemes,Rent to own,rent to own laws,10,anz fhog,0.0,MEDIUM,,keyword planner,10;10;10;10;10;0;10;10;10;10;10;10
adjacent first home buyer schemes,Rent to own,rent to own lease,10,anz fhog,0.0,MEDIUM,,keyword planner,0;10;10;10;10;0;0;10;10;0;0;10
adjacent first home buyer schemes,Rent to own,rent to own lease agreement,10,anz fhog,0.0,LOW,,keyword planner,10;0;10;10;0;10;10;0;10;10;10;10
adjacent first home buyer schemes,Rent to own,rent to own lenders,10,anz fhog,0.0,,,keyword planner,10;0;0;0;10;10;10;0;10;10;10;0
adjacent first home buyer schemes,Rent to own,rent to own listings,10,anz fhog,0.0,LOW,,keyword planner,10;10;10;0;10;10;0;10;10;0;0;10
adjacent first home buyer schemes,Rent to own,rent to own loan,10,anz fhog,0.0,MEDIUM,,keyword planner,10;10;0;10;10;10;10;10;10;10;10;10
adjacent first home buyer schemes,Rent to own,rent to own locator,10,anz fhog,0.0,,,keyword planner,0;0;0;0;0;0;10;0;10;0;10;0
adjacent first home buyer schemes,Rent to own,rent to own low income,10,anz fhog,0.0,LOW,,keyword planner,10;0;10;0;10;10;10;0;10;0;10;10
adjacent first home buyer schemes,Rent to own,rent to own low income housing,10,anz fhog,0.0,,,keyword planner,0;10;0;10;10;10;0;0;10;0;0;0
adjacent first home buyer schemes,Rent to own,rent to own mobile homes no credit check,10,anz fhog,0.0,,,keyword planner,0;0;0;10;10;0;10;10;0;0;0;0
adjacent first home buyer schemes,Rent to own,rent to own monthly payment,10,anz fhog,0.0,MEDIUM,,keyword planner,10;0;10;0;0;0;0;0;0;0;0;10
adjacent first home buyer schemes,Rent to own,rent to own monthly payment calculator,10,anz fhog,0.0,,,keyword planner,0;0;10;0;0;0;0;0;0;0;0;0
adjacent first home buyer schemes,Rent to own,rent to own mortgage,10,anz fhog,0.0,HIGH,,keyword planner,10;0;10;10;10;10;10;10;10;10;10;10
adjacent first home buyer schemes,Rent to own,rent to own mortgage lenders,10,anz fhog,0.0,HIGH,,keyword planner,10;0;10;10;10;10;10;10;10;10;10;10
adjacent first home buyer schemes,Rent to own,rent to own no deposit,10,,7.48,HIGH,,keyword planner,10;20;10;10;10;10;20;20;10;20;10;20
adjacent first home buyer schemes,Rent to own,rent to own no down payment,10,anz fhog,0.0,,,keyword planner,10;10;10;0;0;0;0;10;10;10;10;0
adjacent first home buyer schemes,Rent to own,rent to own now,10,anz fhog,0.0,,,keyword planner,0;0;0;0;0;10;0;0;10;0;0;0
adjacent first home buyer schemes,Rent to own,rent to own options,10,,0.0,LOW,,keyword planner,10;10;10;10;30;10;10;10;10;10;10;10
adjacent first home buyer schemes,Rent to own,rent to own org,10,anz fhog,0.0,,,keyword planner,0;0;0;0;0;10;0;0;0;0;10;0
adjacent first home buyer schemes,Rent to own,rent to own paperwork,10,anz fhog,0.0,,,keyword planner,10;0;0;0;0;0;10;0;10;10;10;0
adjacent first home buyer schemes,Rent to own,rent to own payment,10,anz fhog,0.0,,,keyword planner,0;10;0;10;0;0;10;10;0;0;0;0
adjacent first home buyer schemes,Rent to own,rent to own process,10,osr fhog,0.0,LOW,,keyword planner,10;0;10;10;10;10;10;10;10;10;0;10
adjacent first home buyer schemes,Rent to own,rent to own qualifications,10,anz fhog,0.0,LOW,,keyword planner,10;0;10;0;10;10;10;10;10;10;10;10
adjacent first home buyer schemes,Rent to own,rent to own real estate agents,10,anz fhog,0.0,,,keyword planner,0;0;10;0;10;0;10;0;10;10;0;0
adjacent first home buyer schemes,Rent to own,rent to own realtors,10,anz fhog,0.0,,,keyword planner,0;0;10;0;10;0;10;0;10;10;0;0
adjacent first home buyer schemes,Rent to own,rent to own red deer,10,anz fhog,0.0,,,keyword planner,0;0;0;0;0;0;0;10;0;0;0;0
adjacent first home buyer schemes,Rent to own,rent to own reddit,10,anz fhog,0.0,LOW,,keyword planner,10;10;10;10;10;10;10;10;10;10;10;10
adjacent first home buyer schemes,Rent to own,rent to own rentals,10,anz fhog,0.0,HIGH,,keyword planner,10;10;0;10;10;10;10;10;10;10;10;10
adjacent first home buyer schemes,Rent to own,rent to own repossession laws,10,anz fhog,0.0,,,keyword planner,0;0;0;0;0;10;0;0;0;10;0;0
adjacent first home buyer schemes,Rent to own,rent to own rural properties,10,anz fhog,0.0,LOW,,keyword planner,10;10;10;10;10;10;10;10;10;10;10;10
adjacent first home buyer schemes,Rent to own,rent to own single family homes,10,anz fhog,0.0,,,keyword planner,0;10;0;0;0;10;0;0;0;0;0;0
adjacent first home buyer schemes,Rent to own,rent to own startup,10,anz fhog,0.0,,,keyword planner,10;0;10;0;0;0;0;0;0;0;0;0
adjacent first home buyer schemes,Rent to own,rent to own terms,10,anz fhog,0.0,,,keyword planner,10;10;0;0;10;10;10;10;0;0;0;0
adjacent first home buyer schemes,Rent to own,rent to own washer and dryer no credit check,10,anz fhog,0.0,LOW,,keyword planner,0;10;0;0;0;0;0;0;0;0;10;10
adjacent first home buyer schemes,Rent to own,www rent to own,10,anz fhog,0.0,,,keyword planner,10;0;0;0;0;0;0;0;0;10;0;0
adjacent first home buyer schemes,Rent to own,your rent to own,10,anz fhog,0.0,,,keyword planner,10;0;0;0;0;0;0;0;0;10;0;0
adjacent first home buyer schemes,Rent to own,100 free rent to own listings,0,,0.0,,,keyword planner,0;0;0;0;0;0;0;0;0;0;0;0
adjacent first home buyer schemes,Rent to own,affordable rent to own house,0,,0.0,,,keyword planner,0;0;0;0;0;0;0;0;0;0;0;0
adjacent first home buyer schemes,Rent to own,american hope program rent to own,0,,0.0,,,keyword planner,
adjacent first home buyer schemes,Rent to own,best rent to own programs,0,,0.0,,,keyword planner,0;0;0;0;0;0;0;0;0;0;0;0
adjacent first home buyer schemes,Rent to own,fannie mae rent to own,0,,0.0,,,keyword planner,
adjacent first home buyer schemes,Rent to own,fha rent to own,0,,0.0,,,keyword planner,0;0;0;0;0;0;0;0;0;0;0;0
adjacent first home buyer schemes,Rent to own,fha rent to own homes,0,,0.0,,,keyword planner,0;0;0;0;0;0;0;0;0;0;0;0
adjacent first home buyer schemes,Rent to own,free rent to own listings,0,,0.0,,,keyword planner,0;0;0;0;0;0;0;0;0;0;0;0
adjacent first home buyer schemes,Rent to own,free rent to own listings no credit card required,0,,0.0,,,keyword planner,0;0;0;0;0;0;0;0;0;0;0;0
adjacent first home buyer schemes,Rent to own,halo rent to own,0,,0.0,,,keyword planner,0;0;0;0;0;0;0;0;0;0;0;0
adjacent first home buyer schemes,Rent to own,hamilton rent to own,0,,0.0,,,keyword planner,0;0;0;0;0;0;0;0;0;0;0;0
adjacent first home buyer schemes,Rent to own,help with rent to own homes,0,,0.0,,,keyword planner,0;0;0;0;0;0;0;0;0;0;0;0
adjacent first home buyer schemes,Rent to own,homefinder rent to own,0,,0.0,,,keyword planner,0;0;0;0;0;0;0;0;0;0;0;0
adjacent first home buyer schemes,Rent to own,legit rent to own home programs,0,,0.0,,,keyword planner,0;0;0;0;0;0;0;0;0;0;0;0
adjacent first home buyer schemes,Rent to own,legitimate rent to own homes,0,,0.0,,,keyword planner,0;0;0;0;0;0;0;0;0;0;0;0
adjacent first home buyer schemes,Rent to own,low income rent to own mobile homes,0,,0.0,,,keyword planner,0;0;0;0;0;0;0;0;0;0;0;0
adjacent first home buyer schemes,Rent to own,mobile homes rent to own by owner,0,,0.0,,,keyword planner,0;0;0;0;0;0;0;0;0;0;0;0
adjacent first home buyer schemes,Rent to own,national housing assistance program rent to own,0,,0.0,,,keyword planner,0;0;0;0;0;0;0;0;0;0;0;0
adjacent first home buyer schemes,Rent to own,national housing authority rent to own,0,,0.0,,,keyword planner,0;0;0;0;0;0;0;0;0;0;0;0
adjacent first home buyer schemes,Rent to own,owner financed rent to own homes,0,,0.0,,,keyword planner,0;0;0;0;0;0;0;0;0;0;0;0
adjacent first home buyer schemes,Rent to own,real rent to own programs,0,,0.0,,,keyword planner,0;0;0;0;0;0;0;0;0;0;0;0
adjacent first home buyer schemes,Rent to own,rent to own banco popular,0,,0.0,,,keyword planner,
adjacent first home buyer schemes,Rent to own,rent to own collection laws,0,,0.0,,,keyword planner,
adjacent first home buyer schemes,Rent to own,rent to own enterprise,0,,0.0,,,keyword planner,0;0;0;0;0;0;0;0;0;0;0;0
adjacent first home buyer schemes,Rent to own,rent to own foreclosed homes,0,,0.0,,,keyword planner,0;0;0;0;0;0;0;0;0;0;0;0
adjacent first home buyer schemes,Rent to own,rent to own foreclosures,0,,0.0,,,keyword planner,0;0;0;0;0;0;0;0;0;0;0;0
adjacent first home buyer schemes,Rent to own,rent to own furniture no down payment,0,,0.0,,,keyword planner,0;0;0;0;0;0;0;0;0;0;0;0
adjacent first home buyer schemes,Rent to own,rent to own help,0,,0.0,,,keyword planner,0;0;0;0;0;0;0;0;0;0;0;0
adjacent first home buyer schemes,Rent to own,rent to own helpers,0,,0.0,,,keyword planner,0;0;0;0;0;0;0;0;0;0;0;0
adjacent first home buyer schemes,Rent to own,rent to own hero,0,,0.0,,,keyword planner,0;0;0;0;0;0;0;0;0;0;0;0
adjacent first home buyer schemes,Rent to own,rent to own homes for veterans,0,,0.0,,,keyword planner,
adjacent first home buyer schemes,Rent to own,rent to own homes no credit check no down payment,0,,0.0,,,keyword planner,0;0;0;0;0;0;0;0;0;0;0;0
adjacent first home buyer schemes,Rent to own,rent to own homes no down payment,0,,0.0,,,keyword planner,0;0;0;0;0;0;0;0;0;0;0;0
adjacent first home buyer schemes,Rent to own,rent to own homes quad cities,0,,0.0,,,keyword planner,0;0;0;0;0;0;0;0;0;0;0;0
adjacent first home buyer schemes,Rent to own,rent to own homes round rock,0,,0.0,,,keyword planner,0;0;0;0;0;0;0;0;0;0;0;0
adjacent first home buyer schemes,Rent to own,rent to own inc,0,,0.0,,,keyword planner,0;0;0;0;0;0;0;0;0;0;0;0
adjacent first home buyer schemes,Rent to own,rent to own mobile homes by owner,0,,0.0,,,keyword planner,0;0;0;0;0;0;0;0;0;0;0;0
adjacent first home buyer schemes,Rent to own,rent to own mobile homes for sale,0,,0.0,,,keyword planner,0;0;0;0;0;0;0;0;0;0;0;0
adjacent first home buyer schemes,Rent to own,rent to own ready,0,,0.0,,,keyword planner,0;0;0;0;0;0;0;0;0;0;0;0
adjacent first home buyer schemes,Rent to own,rent to own shed repossession laws,0,,0.0,,,keyword planner,0;0;0;0;0;0;0;0;0;0;0;0
adjacent first home buyer schemes,Rent to own,rent to own wendy houses,0,,0.0,,,keyword planner,
adjacent first home buyer schemes,Rent to own,reo foreclosure rent to own,0,,0.0,,,keyword planner,
adjacent first home buyer schemes,Rent to own,zerodown rent to own,0,,0.0,,,keyword planner,0;0;0;0;0;0;0;0;0;0;0;0
