page,robots,position,suburb,printed
/property-market/sydney,,1,austral-nsw-2179,"1 | Austral 2179 | $985,000 | +11.9% | 773 | View →"
/property-market/sydney,,2,box-hill-nsw-2765,"2 | Box Hill 2765 | $1,275,000 | +7.5% | 648 | View →"
/property-market/sydney,,3,blacktown-nsw-2148,"3 | Blacktown 2148 | $1,110,000 | +8.2% | 522 | View →"
/property-market/sydney,,4,marsden-park-nsw-2765,"4 | Marsden Park 2765 | $1,165,000 | +14.0% | 507 | View →"
/property-market/sydney,,5,leppington-nsw-2179,"5 | Leppington 2179 | $990,500 | -8.7% | 480 | View →"
/property-market/sydney,,6,oran-park-nsw-2570,"6 | Oran Park 2570 | $1,135,000 | +6.1% | 462 | View →"
/property-market/sydney,,7,castle-hill-nsw-2154,"7 | Castle Hill 2154 | $2,500,000 | +4.0% | 455 | View →"
/property-market/sydney,,8,baulkham-hills-nsw-2153,"8 | Baulkham Hills 2153 | $1,950,000 | +1.7% | 445 | View →"
/property-market/sydney,,9,kellyville-nsw-2155,"9 | Kellyville 2155 | $1,875,000 | -1.3% | 356 | View →"
/property-market/sydney,,10,quakers-hill-nsw-2763,"10 | Quakers Hill 2763 | $1,300,000 | +9.9% | 325 | View →"
/property-market/sydney,,11,glenmore-park-nsw-2745,"11 | Glenmore Park 2745 | $1,210,000 | +5.2% | 323 | View →"
/property-market/sydney,,12,north-kellyville-nsw-2155,"12 | North Kellyville 2155 | $1,790,046 | +8.2% | 318 | View →"
/property-market/sydney,,13,riverstone-nsw-2765,"13 | Riverstone 2765 | $1,100,000 | +2.8% | 310 | View →"
/property-market/sydney,,14,schofields-nsw-2762,"14 | Schofields 2762 | $1,250,000 | +2.0% | 301 | View →"
/property-market/sydney,,15,gables-nsw-2765,"15 | Gables 2765 | $1,320,000 | -1.9% | 299 | View →"
/property-market/sydney,,16,melonba-nsw-2765,"16 | Melonba 2765 | $1,263,500 | -0.5% | 298 | View →"
/property-market/sydney,,17,rouse-hill-nsw-2155,"17 | Rouse Hill 2155 | $1,358,888 | +0.1% | 289 | View →"
/property-market/sydney,,18,greystanes-nsw-2145,"18 | Greystanes 2145 | $1,440,000 | +9.5% | 283 | View →"
/property-market/sydney,,19,ryde-nsw-2112,"19 | Ryde 2112 | $2,530,000 | +3.3% | 279 | View →"
/property-market/sydney,,20,merrylands-nsw-2160,"20 | Merrylands 2160 | $1,400,000 | +7.7% | 272 | View →"
/property-market/sydney,,21,church-point-nsw-2105,"1 | Church Point 2105 | $3,862,500 | +25.0% | View →"
/property-market/sydney,,22,woollahra-nsw-2025,"2 | Woollahra 2025 | $5,250,000 | +24.7% | View →"
/property-market/sydney,,23,claremont-meadows-nsw-2747,"3 | Claremont Meadows 2747 | $1,322,000 | +24.6% | View →"
/property-market/sydney,,24,taren-point-nsw-2229,"4 | Taren Point 2229 | $2,300,000 | +24.2% | View →"
/property-market/sydney,,25,picton-nsw-2571,"5 | Picton 2571 | $1,210,000 | +24.1% | View →"
/property-market/sydney,,26,carss-park-nsw-2221,"6 | Carss Park 2221 | $2,525,000 | +23.6% | View →"
/property-market/sydney,,27,blakehurst-nsw-2221,"7 | Blakehurst 2221 | $2,720,000 | +23.1% | View →"
/property-market/sydney,,28,oatlands-nsw-2117,"8 | Oatlands 2117 | $2,650,000 | +23.1% | View →"
/property-market/sydney,,29,claymore-nsw-2559,"1 | Claymore 2559 | $685,000 | - | View →"
/property-market/sydney,,30,menangle-nsw-2568,"2 | Menangle 2568 | $705,900 | - | View →"
/property-market/sydney,,31,warragamba-nsw-2752,"3 | Warragamba 2752 | $795,000 | +0.6% | View →"
/property-market/sydney,,32,willmot-nsw-2770,"4 | Willmot 2770 | $800,000 | +3.2% | View →"
/property-market/sydney,,33,bidwill-nsw-2770,"5 | Bidwill 2770 | $818,500 | +7.2% | View →"
/property-market/sydney,,34,lethbridge-park-nsw-2770,"6 | Lethbridge Park 2770 | $830,000 | +12.2% | View →"
/property-market/sydney,,35,tregear-nsw-2770,"7 | Tregear 2770 | $837,500 | +11.7% | View →"
/property-market/sydney,,36,bowen-mountain-nsw-2753,"8 | Bowen Mountain 2753 | $845,000 | -2.9% | View →"
/property-market/sydney,,37,bellevue-hill-nsw-2023,"1 | Bellevue Hill 2023 | $11,000,000 | View →"
/property-market/sydney,,38,centennial-park-nsw-2021,"2 | Centennial Park 2021 | $9,500,000 | View →"
/property-market/sydney,,39,vaucluse-nsw-2030,"3 | Vaucluse 2030 | $8,925,000 | View →"
/property-market/sydney,,40,darling-point-nsw-2027,"4 | Darling Point 2027 | $8,100,000 | View →"
/property-market/sydney,,41,dover-heights-nsw-2030,"5 | Dover Heights 2030 | $7,360,000 | View →"
/property-market/sydney,,42,double-bay-nsw-2028,"6 | Double Bay 2028 | $7,340,000 | View →"
/property-market/sydney,,43,tamarama-nsw-2026,"7 | Tamarama 2026 | $7,100,000 | View →"
/property-market/sydney,,44,queenscliff-nsw-2096,"8 | Queenscliff 2096 | $6,650,000 | View →"
/property-market/sydney,,45,mount-annan-nsw-2567,"Mount Annan 2567 || Sydney property market questions What is the median house price in Sydney? The median house price across Greater Sydney is $1,775,000, calcu"
/property-market/sydney,,tiles,,"Median house price in Sydney. Median house $1.8M median of suburb medians Median unit $412K median of suburb medians Typical annual growth +5.3% house prices, last 12 months Median house rent $850/wk weekly, across tracked suburbs"
/property-market/sydney,,description,,"Sydney house prices 2026: The median house price in Sydney is $1,775,000. Median house price by suburb for the twenty busiest suburbs, twelve-month growth, the fastest-rising and most affordable suburbs across Greater Sydney, from verified sales data."
/property-market/melbourne,,1,point-cook-vic-3030,"1 | Point Cook 3030 | $800,000 | - | – | View →"
/property-market/melbourne,,2,craigieburn-vic-3064,"2 | Craigieburn 3064 | $700,000 | - | – | View →"
/property-market/melbourne,,3,tarneit-vic-3029,"3 | Tarneit 3029 | $665,000 | - | – | View →"
/property-market/melbourne,,4,melbourne-vic-3004,"4 | Melbourne 3004 | $440,000 | - | – | View →"
/property-market/melbourne,,5,melbourne-vic-3000,"5 | Melbourne 3000 | $381,000 | - | – | View →"
/property-market/melbourne,,6,pakenham-vic-3810,"6 | Pakenham 3810 | $690,000 | - | – | View →"
/property-market/melbourne,,7,berwick-vic-3806,"7 | Berwick 3806 | $870,000 | - | – | View →"
/property-market/melbourne,,8,werribee-vic-3030,"8 | Werribee 3030 | $641,000 | - | – | View →"
/property-market/melbourne,,9,glen-waverley-vic-3150,"9 | Glen Waverley 3150 | $1,710,000 | - | – | View →"
/property-market/melbourne,,10,sunbury-vic-3429,"10 | Sunbury 3429 | $675,000 | - | – | View →"
/property-market/melbourne,,11,frankston-vic-3199,"11 | Frankston 3199 | $810,000 | - | – | View →"
/property-market/melbourne,,12,hoppers-crossing-vic-3029,"12 | Hoppers Crossing 3029 | $660,000 | - | – | View →"
/property-market/melbourne,,13,truganina-vic-3029,"13 | Truganina 3029 | $670,800 | - | – | View →"
/property-market/melbourne,,14,mount-waverley-vic-3149,"14 | Mount Waverley 3149 | $1,640,000 | - | – | View →"
/property-market/melbourne,,15,rowville-vic-3178,"15 | Rowville 3178 | $1,150,000 | - | – | View →"
/property-market/melbourne,,16,noble-park-vic-3174,"16 | Noble Park 3174 | $820,000 | - | – | View →"
/property-market/melbourne,,17,clyde-north-vic-3978,"17 | Clyde North 3978 | $735,500 | - | – | View →"
/property-market/melbourne,,18,doncaster-east-vic-3109,"18 | Doncaster East 3109 | $1,552,500 | - | – | View →"
/property-market/melbourne,,19,narre-warren-south-vic-3805,"19 | Narre Warren South 3805 | $820,000 | - | – | View →"
/property-market/melbourne,,20,bentleigh-east-vic-3165,"20 | Bentleigh East 3165 | $1,550,000 | - | – | View →"
/property-market/melbourne,,21,melbourne-vic-3000,"1 | Melbourne 3000 | $381,000 | - | View →"
/property-market/melbourne,,22,southbank-vic-3006,"2 | Southbank 3006 | $418,000 | - | View →"
/property-market/melbourne,,23,melbourne-vic-3004,"3 | Melbourne 3004 | $440,000 | - | View →"
/property-market/melbourne,,24,docklands-vic-3008,"4 | Docklands 3008 | $440,000 | - | View →"
/property-market/melbourne,,25,travancore-vic-3032,"5 | Travancore 3032 | $477,000 | - | View →"
/property-market/melbourne,,26,melton-south-vic-3338,"6 | Melton South 3338 | $525,500 | - | View →"
/property-market/melbourne,,27,kurunjang-vic-3337,"7 | Kurunjang 3337 | $551,000 | - | View →"
/property-market/melbourne,,28,dallas-vic-3047,"8 | Dallas 3047 | $561,000 | - | View →"
/property-market/melbourne,,29,toorak-vic-3142,"1 | Toorak 3142 | $5,000,000 | View →"
/property-market/melbourne,,30,mont-albert-vic-3127,"2 | Mont Albert 3127 | $3,210,000 | View →"
/property-market/melbourne,,31,balwyn-vic-3103,"3 | Balwyn 3103 | $3,128,000 | View →"
/property-market/melbourne,,32,ivanhoe-east-vic-3079,"4 | Ivanhoe East 3079 | $2,732,500 | View →"
/property-market/melbourne,,33,caulfield-vic-3162,"5 | Caulfield 3162 | $2,685,000 | View →"
/property-market/melbourne,,34,hawthorn-east-vic-3123,"6 | Hawthorn East 3123 | $2,500,000 | View →"
/property-market/melbourne,,35,malvern-east-vic-3145,"7 | Malvern East 3145 | $2,437,500 | View →"
/property-market/melbourne,,36,east-melbourne-vic-3002,"8 | East Melbourne 3002 | $2,400,000 | View →"
/property-market/melbourne,,37,altona-meadows-vic-3028,"Altona Meadows 3028 || Melbourne property market questions What is the median house price in Melbourne? The median house price across Greater Melbourne is $1,05"
/property-market/melbourne,,tiles,,"Median house price in Melbourne. Median house $1.1M median of suburb medians Median unit $578K median of suburb medians Typical annual growth N/A house prices, last 12 months Median house rent $660/wk weekly, across tracked suburbs"
/property-market/melbourne,,description,,"Melbourne house prices 2026: The median house price in Melbourne is $1,050,000. Median house price by suburb for the twenty busiest suburbs, the most affordable and the highest-priced suburbs across Greater Melbourne, from verified sales data."
/property-market/brisbane,,1,morayfield-qld-4506,"1 | Morayfield 4506 | $1,095,000 | - | – | View →"
/property-market/brisbane,,2,redbank-plains-qld-4301,"2 | Redbank Plains 4301 | $605,000 | - | – | View →"
/property-market/brisbane,,3,north-lakes-qld-4509,"3 | North Lakes 4509 | $820,000 | - | – | View →"
/property-market/brisbane,,4,kallangur-qld-4503,"4 | Kallangur 4503 | $685,000 | - | – | View →"
/property-market/brisbane,,5,narangba-qld-4504,"5 | Narangba 4504 | $789,500 | - | – | View →"
/property-market/brisbane,,6,deception-bay-qld-4508,"6 | Deception Bay 4508 | $663,000 | - | – | View →"
/property-market/brisbane,,7,thornlands-qld-4164,"7 | Thornlands 4164 | $920,000 | - | – | View →"
/property-market/brisbane,,8,coorparoo-qld-4151,"8 | Coorparoo 4151 | $1,675,000 | - | – | View →"
/property-market/brisbane,,9,sunnybank-hills-qld-4109,"9 | Sunnybank Hills 4109 | $1,099,500 | - | – | View →"
/property-market/brisbane,,10,capalaba-qld-4157,"10 | Capalaba 4157 | $825,000 | - | – | View →"
/property-market/brisbane,,11,bracken-ridge-qld-4017,"11 | Bracken Ridge 4017 | $840,000 | - | – | View →"
/property-market/brisbane,,12,springfield-lakes-qld-4300,"12 | Springfield Lakes 4300 | $750,000 | - | – | View →"
/property-market/brisbane,,13,redland-bay-qld-4165,"13 | Redland Bay 4165 | $880,000 | - | – | View →"
/property-market/brisbane,,14,carindale-qld-4152,"14 | Carindale 4152 | $1,546,000 | - | – | View →"
/property-market/brisbane,,15,burpengary-qld-4505,"15 | Burpengary 4505 | $750,000 | - | – | View →"
/property-market/brisbane,,16,alexandra-hills-qld-4161,"16 | Alexandra Hills 4161 | $805,000 | - | – | View →"
/property-market/brisbane,,17,albany-creek-qld-4035,"17 | Albany Creek 4035 | $973,000 | - | – | View →"
/property-market/brisbane,,18,eight-mile-plains-qld-4113,"18 | Eight Mile Plains 4113 | $1,410,000 | - | – | View →"
/property-market/brisbane,,19,mango-hill-qld-4509,"19 | Mango Hill 4509 | $830,000 | - | – | View →"
/property-market/brisbane,,20,birkdale-qld-4159,"20 | Birkdale 4159 | $975,000 | - | – | View →"
/property-market/brisbane,,21,fortitude-valley-qld-4006,"1 | Fortitude Valley 4006 | $378,000 | - | View →"
/property-market/brisbane,,22,bundamba-qld-4304,"2 | Bundamba 4304 | $530,750 | - | View →"
/property-market/brisbane,,23,goodna-qld-4300,"3 | Goodna 4300 | $549,000 | - | View →"
/property-market/brisbane,,24,kilcoy-qld-4515,"4 | Kilcoy 4515 | $577,500 | - | View →"
/property-market/brisbane,,25,eagleby-qld-4207,"5 | Eagleby 4207 | $580,000 | - | View →"
/property-market/brisbane,,26,logan-central-qld-4114,"6 | Logan Central 4114 | $580,000 | - | View →"
/property-market/brisbane,,27,wacol-qld-4076,"7 | Wacol 4076 | $600,000 | - | View →"
/property-market/brisbane,,28,redbank-plains-qld-4301,"8 | Redbank Plains 4301 | $605,000 | - | View →"
/property-market/brisbane,,29,new-farm-qld-4005,"1 | New Farm 4005 | $2,908,400 | View →"
/property-market/brisbane,,30,clayfield-qld-4011,"2 | Clayfield 4011 | $2,200,000 | View →"
/property-market/brisbane,,31,hawthorne-qld-4171,"3 | Hawthorne 4171 | $2,100,000 | View →"
/property-market/brisbane,,32,st-lucia-qld-4067,"4 | St Lucia 4067 | $1,970,000 | View →"
/property-market/brisbane,,33,bulimba-qld-4171,"5 | Bulimba 4171 | $1,937,500 | View →"
/property-market/brisbane,,34,south-brisbane-qld-4101,"6 | South Brisbane 4101 | $1,910,000 | View →"
/property-market/brisbane,,35,wilston-qld-4051,"7 | Wilston 4051 | $1,875,000 | View →"
/property-market/brisbane,,36,fig-tree-pocket-qld-4069,"8 | Fig Tree Pocket 4069 | $1,825,000 | View →"
/property-market/brisbane,,37,swanbank-qld-4306,"Swanbank 4306 || Brisbane property market questions What is the median house price in Brisbane? The median house price across Greater Brisbane is $1,018,750, ca"
/property-market/brisbane,,tiles,,"Median house price in Brisbane. Median house $1.0M median of suburb medians Median unit $565K median of suburb medians Typical annual growth N/A house prices, last 12 months Median house rent $685/wk weekly, across tracked suburbs"
/property-market/brisbane,,description,,"Brisbane house prices 2026: The median house price in Brisbane is $1,018,750. Median house price by suburb for the twenty busiest suburbs, the most affordable and the highest-priced suburbs across Greater Brisbane, from verified sales data."
/property-market/perth,,1,ellenbrook-wa-6069,"1 | Ellenbrook 6069 | $590,000 | - | – | View →"
/property-market/perth,,2,thornlie-wa-6108,"2 | Thornlie 6108 | $605,000 | - | – | View →"
/property-market/perth,,3,morley-wa-6062,"3 | Morley 6062 | $690,000 | - | – | View →"
/property-market/perth,,4,gosnells-wa-6110,"4 | Gosnells 6110 | $530,000 | - | – | View →"
/property-market/perth,,5,willetton-wa-6155,"5 | Willetton 6155 | $1,100,000 | - | – | View →"
/property-market/perth,,6,byford-wa-6122,"6 | Byford 6122 | $630,000 | - | – | View →"
/property-market/perth,,7,ballajura-wa-6066,"7 | Ballajura 6066 | $630,000 | - | – | View →"
/property-market/perth,,8,scarborough-wa-6019,"8 | Scarborough 6019 | $1,111,000 | - | – | View →"
/property-market/perth,,9,duncraig-wa-6023,"9 | Duncraig 6023 | $1,085,500 | - | – | View →"
/property-market/perth,,10,landsdale-wa-6065,"10 | Landsdale 6065 | $786,500 | - | – | View →"
/property-market/perth,,11,rockingham-wa-6168,"11 | Rockingham 6168 | $605,000 | - | – | View →"
/property-market/perth,,12,como-wa-6152,"12 | Como 6152 | $1,330,000 | - | – | View →"
/property-market/perth,,13,aveley-wa-6069,"13 | Aveley 6069 | $630,000 | - | – | View →"
/property-market/perth,,14,clarkson-wa-6030,"14 | Clarkson 6030 | $610,000 | - | – | View →"
/property-market/perth,,15,port-kennedy-wa-6172,"15 | Port Kennedy 6172 | $600,000 | - | – | View →"
/property-market/perth,,16,kingsley-wa-6026,"16 | Kingsley 6026 | $868,750 | - | – | View →"
/property-market/perth,,17,waikiki-wa-6169,"17 | Waikiki 6169 | $600,000 | - | – | View →"
/property-market/perth,,18,high-wycombe-wa-6057,"18 | High Wycombe 6057 | $611,000 | - | – | View →"
/property-market/perth,,19,east-perth-wa-6004,"19 | East Perth 6004 | $1,350,000 | - | – | View →"
/property-market/perth,,20,harrisdale-wa-6112,"20 | Harrisdale 6112 | $770,000 | - | – | View →"
/property-market/perth,,21,calista-wa-6167,"1 | Calista 6167 | $447,500 | - | View →"
/property-market/perth,,22,mandurah-wa-6210,"2 | Mandurah 6210 | $470,000 | - | View →"
/property-market/perth,,23,greenfields-wa-6210,"3 | Greenfields 6210 | $510,000 | - | View →"
/property-market/perth,,24,girrawheen-wa-6064,"4 | Girrawheen 6064 | $520,000 | - | View →"
/property-market/perth,,25,gosnells-wa-6110,"5 | Gosnells 6110 | $530,000 | - | View →"
/property-market/perth,,26,cooloongup-wa-6168,"6 | Cooloongup 6168 | $549,000 | - | View →"
/property-market/perth,,27,two-rocks-wa-6037,"7 | Two Rocks 6037 | $555,000 | - | View →"
/property-market/perth,,28,seville-grove-wa-6112,"8 | Seville Grove 6112 | $565,000 | - | View →"
/property-market/perth,,29,cottesloe-wa-6011,"1 | Cottesloe 6011 | $3,422,500 | View →"
/property-market/perth,,30,city-beach-wa-6015,"2 | City Beach 6015 | $2,762,500 | View →"
/property-market/perth,,31,floreat-wa-6014,"3 | Floreat 6014 | $1,945,750 | View →"
/property-market/perth,,32,east-fremantle-wa-6158,"4 | East Fremantle 6158 | $1,757,500 | View →"
/property-market/perth,,33,north-coogee-wa-6163,"5 | North Coogee 6163 | $1,650,000 | View →"
/property-market/perth,,34,winthrop-wa-6150,"6 | Winthrop 6150 | $1,389,500 | View →"
/property-market/perth,,35,east-perth-wa-6004,"7 | East Perth 6004 | $1,350,000 | View →"
/property-market/perth,,36,como-wa-6152,"8 | Como 6152 | $1,330,000 | View →"
/property-market/perth,,37,golden-bay-wa-6174,"Golden Bay 6174 || Perth property market questions What is the median house price in Perth? The median house price across Greater Perth is $761,250, calculated "
/property-market/perth,,tiles,,"Median house price in Perth. Median house $761K median of suburb medians Median unit $453K median of suburb medians Typical annual growth N/A house prices, last 12 months Median house rent $351/wk weekly, across tracked suburbs"
/property-market/perth,,description,,"Perth house prices 2026: The median house price in Perth is $761,250. Median house price by suburb for the twenty busiest suburbs, the most affordable and the highest-priced suburbs across Greater Perth, from verified sales data."
/property-market/adelaide,,1,morphett-vale-sa-5162,"1 | Morphett Vale 5162 | $824,000 | +15.0% | 123 | View →"
/property-market/adelaide,,2,paralowie-sa-5108,"2 | Paralowie 5108 | $819,500 | +22.3% | 74 | View →"
/property-market/adelaide,,3,munno-para-west-sa-5115,"3 | Munno Para West 5115 | $718,500 | +12.3% | 69 | View →"
/property-market/adelaide,,4,parafield-gardens-sa-5107,"4 | Parafield Gardens 5107 | $880,000 | +18.9% | 65 | View →"
/property-market/adelaide,,5,angle-vale-sa-5117,"5 | Angle Vale 5117 | $887,500 | +5.7% | 62 | View →"
/property-market/adelaide,,6,andrews-farm-sa-5114,"6 | Andrews Farm 5114 | $771,500 | +18.7% | 60 | View →"
/property-market/adelaide,,7,craigmore-sa-5114,"7 | Craigmore 5114 | $729,250 | +15.1% | 57 | View →"
/property-market/adelaide,,8,aldinga-beach-sa-5173,"8 | Aldinga Beach 5173 | $925,000 | +18.5% | 57 | View →"
/property-market/adelaide,,9,flagstaff-hill-sa-5159,"9 | Flagstaff Hill 5159 | $1,066,000 | +6.6% | 50 | View →"
/property-market/adelaide,,10,ingle-farm-sa-5098,"10 | Ingle Farm 5098 | $895,000 | +21.8% | 49 | View →"
/property-market/adelaide,,11,port-noarlunga-south-sa-5167,"11 | Port Noarlunga South 5167 | $899,000 | +2.7% | 49 | View →"
/property-market/adelaide,,12,seaton-sa-5023,"12 | Seaton 5023 | $1,130,000 | +16.5% | 43 | View →"
/property-market/adelaide,,13,davoren-park-sa-5113,"13 | Davoren Park 5113 | $656,000 | +14.6% | 43 | View →"
/property-market/adelaide,,14,munno-para-sa-5115,"14 | Munno Para 5115 | $700,000 | +16.2% | 42 | View →"
/property-market/adelaide,,15,valley-view-sa-5093,"15 | Valley View 5093 | $960,000 | +19.6% | 41 | View →"
/property-market/adelaide,,16,hallett-cove-sa-5158,"16 | Hallett Cove 5158 | $1,000,000 | +13.6% | 40 | View →"
/property-market/adelaide,,17,gawler-east-sa-5118,"17 | Gawler East 5118 | $790,000 | +5.3% | 39 | View →"
/property-market/adelaide,,18,blakeview-sa-5114,"18 | Blakeview 5114 | $730,000 | +7.2% | 38 | View →"
/property-market/adelaide,,19,woodcroft-sa-5162,"19 | Woodcroft 5162 | $914,500 | +10.2% | 37 | View →"
/property-market/adelaide,,20,para-hills-sa-5096,"20 | Para Hills 5096 | $845,000 | +15.5% | 37 | View →"
/property-market/adelaide,,21,bellevue-heights-sa-5050,"1 | Bellevue Heights 5050 | $1,240,000 | +24.9% | View →"
/property-market/adelaide,,22,coromandel-valley-sa-5051,"2 | Coromandel Valley 5051 | $1,210,000 | +24.7% | View →"
/property-market/adelaide,,23,athelstone-sa-5076,"3 | Athelstone 5076 | $1,139,000 | +24.2% | View →"
/property-market/adelaide,,24,willunga-sa-5172,"4 | Willunga 5172 | $1,237,500 | +23.8% | View →"
/property-market/adelaide,,25,west-beach-sa-5024,"5 | West Beach 5024 | $1,808,000 | +23.6% | View →"
/property-market/adelaide,,26,hackham-west-sa-5163,"6 | Hackham West 5163 | $785,000 | +23.4% | View →"
/property-market/adelaide,,27,hillcrest-sa-5086,"7 | Hillcrest 5086 | $989,250 | +23.2% | View →"
/property-market/adelaide,,28,para-hills-west-sa-5096,"8 | Para Hills West 5096 | $890,000 | +22.8% | View →"
/property-market/adelaide,,29,smithfield-plains-sa-5114,"1 | Smithfield Plains 5114 | $650,000 | +12.6% | View →"
/property-market/adelaide,,30,elizabeth-south-sa-5112,"2 | Elizabeth South 5112 | $650,000 | +5.3% | View →"
/property-market/adelaide,,31,davoren-park-sa-5113,"3 | Davoren Park 5113 | $656,000 | +14.6% | View →"
/property-market/adelaide,,32,elizabeth-downs-sa-5113,"4 | Elizabeth Downs 5113 | $670,500 | +19.7% | View →"
/property-market/adelaide,,33,elizabeth-north-sa-5113,"5 | Elizabeth North 5113 | $671,000 | +13.0% | View →"
/property-market/adelaide,,34,elizabeth-park-sa-5113,"6 | Elizabeth Park 5113 | $680,000 | +21.4% | View →"
/property-market/adelaide,,35,elizabeth-east-sa-5112,"7 | Elizabeth East 5112 | $682,500 | +8.8% | View →"
/property-market/adelaide,,36,elizabeth-sa-5112,"8 | Elizabeth 5112 | $697,500 | +15.3% | View →"
/property-market/adelaide,,37,north-adelaide-sa-5006,"1 | North Adelaide 5006 | $4,270,000 | View →"
/property-market/adelaide,,38,unley-sa-5061,"2 | Unley 5061 | $3,051,000 | View →"
/property-market/adelaide,,39,st-peters-sa-5069,"3 | St Peters 5069 | $2,853,000 | View →"
/property-market/adelaide,,40,somerton-park-sa-5044,"4 | Somerton Park 5044 | $2,420,000 | View →"
/property-market/adelaide,,41,walkerville-sa-5081,"5 | Walkerville 5081 | $2,300,000 | View →"
/property-market/adelaide,,42,glenunga-sa-5064,"6 | Glenunga 5064 | $2,271,111 | View →"
/property-market/adelaide,,43,kensington-gardens-sa-5068,"7 | Kensington Gardens 5068 | $2,265,000 | View →"
/property-market/adelaide,,44,glen-osmond-sa-5064,"8 | Glen Osmond 5064 | $2,200,000 | View →"
/property-market/adelaide,,45,birkenhead-sa-5015,"Birkenhead 5015 || Adelaide property market questions What is the median house price in Adelaide? The median house price across Greater Adelaide is $1,055,625, "
/property-market/adelaide,,tiles,,"Median house price in Adelaide. Median house $1.1M median of suburb medians Median unit $260K median of suburb medians Typical annual growth +11.5% house prices, last 12 months Median house rent $320/wk weekly, across tracked suburbs"
/property-market/adelaide,,description,,"Adelaide house prices 2026: The median house price in Adelaide is $1,055,625. Median house price by suburb for the twenty busiest suburbs, twelve-month growth, the fastest-rising and most affordable suburbs across Greater Adelaide, from verified sales data."
/property-market/hobart,,1,sandy-bay-tas-7005,"1 | Sandy Bay 7005 | $1,267,500 | - | – | View →"
/property-market/hobart,,2,west-hobart-tas-7000,"2 | West Hobart 7000 | $910,500 | - | – | View →"
/property-market/hobart,,3,moonah-tas-7009,"3 | Moonah 7009 | $615,000 | - | – | View →"
/property-market/hobart,,4,west-moonah-tas-7009,"4 | West Moonah 7009 | $627,000 | - | – | View →"
/property-market/hobart,,5,risdon-vale-tas-7016,"5 | Risdon Vale 7016 | $460,000 | - | – | View →"
/property-market/hobart,,6,risdon-vale-tas-7016,"1 | Risdon Vale 7016 | $460,000 | - | View →"
/property-market/hobart,,7,moonah-tas-7009,"2 | Moonah 7009 | $615,000 | - | View →"
/property-market/hobart,,8,west-moonah-tas-7009,"3 | West Moonah 7009 | $627,000 | - | View →"
/property-market/hobart,,9,west-hobart-tas-7000,"4 | West Hobart 7000 | $910,500 | - | View →"
/property-market/hobart,,10,sandy-bay-tas-7005,"5 | Sandy Bay 7005 | $1,267,500 | - | View →"
/property-market/hobart,,11,sandy-bay-tas-7005,"1 | Sandy Bay 7005 | $1,267,500 | View →"
/property-market/hobart,,12,west-hobart-tas-7000,"2 | West Hobart 7000 | $910,500 | View →"
/property-market/hobart,,13,west-moonah-tas-7009,"3 | West Moonah 7009 | $627,000 | View →"
/property-market/hobart,,14,moonah-tas-7009,"4 | Moonah 7009 | $615,000 | View →"
/property-market/hobart,,15,risdon-vale-tas-7016,"5 | Risdon Vale 7016 | $460,000 | View →"
/property-market/hobart,,tiles,,"Median house price in Hobart. Median house $755K median of suburb medians Median unit $474K median of suburb medians Typical annual growth N/A house prices, last 12 months Median house rent $345/wk weekly, across tracked suburbs"
/property-market/hobart,,description,,"Hobart house prices 2026: The median house price in Hobart is $754,750. Median house price by suburb for the twenty busiest suburbs, the most affordable and the highest-priced suburbs across Greater Hobart, from verified sales data."
/property-market/darwin,,1,karama-nt-0812,"1 | Karama 0812 | $435,000 | - | – | View →"
/property-market/darwin,,2,leanyer-nt-0812,"2 | Leanyer 0812 | $597,500 | - | – | View →"
/property-market/darwin,,3,stuart-park-nt-0820,"3 | Stuart Park 0820 | $820,000 | - | – | View →"
/property-market/darwin,,4,larrakeyah-nt-0820,"4 | Larrakeyah 0820 | $1,775,000 | - | – | View →"
/property-market/darwin,,5,nightcliff-nt-0810,"5 | Nightcliff 0810 | $965,000 | - | – | View →"
/property-market/darwin,,6,rapid-creek-nt-0810,"6 | Rapid Creek 0810 | $800,000 | - | – | View →"
/property-market/darwin,,7,woodroffe-nt-0830,"7 | Woodroffe 0830 | $427,000 | - | – | View →"
/property-market/darwin,,8,gray-nt-0830,"8 | Gray 0830 | $390,000 | - | – | View →"
/property-market/darwin,,9,bakewell-nt-0832,"9 | Bakewell 0832 | $484,500 | - | – | View →"
/property-market/darwin,,10,moulden-nt-0830,"10 | Moulden 0830 | $380,000 | - | – | View →"
/property-market/darwin,,11,coconut-grove-nt-0810,"11 | Coconut Grove 0810 | $645,000 | - | – | View →"
/property-market/darwin,,12,parap-nt-0820,"12 | Parap 0820 | $945,000 | - | – | View →"
/property-market/darwin,,13,driver-nt-0830,"13 | Driver 0830 | $457,500 | - | – | View →"
/property-market/darwin,,14,millner-nt-0810,"14 | Millner 0810 | $595,000 | - | – | View →"
/property-market/darwin,,15,tiwi-nt-0810,"15 | Tiwi 0810 | $500,000 | - | – | View →"
/property-market/darwin,,16,wulagi-nt-0812,"16 | Wulagi 0812 | $532,500 | - | – | View →"
/property-market/darwin,,17,anula-nt-0812,"17 | Anula 0812 | $530,000 | - | – | View →"
/property-market/darwin,,18,alawa-nt-0810,"18 | Alawa 0810 | $575,000 | - | – | View →"
/property-market/darwin,,19,wagaman-nt-0810,"19 | Wagaman 0810 | $470,000 | - | – | View →"
/property-market/darwin,,20,moil-nt-0810,"20 | Moil 0810 | $550,000 | - | – | View →"
/property-market/darwin,,21,moulden-nt-0830,"1 | Moulden 0830 | $380,000 | - | View →"
/property-market/darwin,,22,gray-nt-0830,"2 | Gray 0830 | $390,000 | - | View →"
/property-market/darwin,,23,woodroffe-nt-0830,"3 | Woodroffe 0830 | $427,000 | - | View →"
/property-market/darwin,,24,karama-nt-0812,"4 | Karama 0812 | $435,000 | - | View →"
/property-market/darwin,,25,driver-nt-0830,"5 | Driver 0830 | $457,500 | - | View →"
/property-market/darwin,,26,wagaman-nt-0810,"6 | Wagaman 0810 | $470,000 | - | View →"
/property-market/darwin,,27,bakewell-nt-0832,"7 | Bakewell 0832 | $484,500 | - | View →"
/property-market/darwin,,28,tiwi-nt-0810,"8 | Tiwi 0810 | $500,000 | - | View →"
/property-market/darwin,,29,larrakeyah-nt-0820,"1 | Larrakeyah 0820 | $1,775,000 | View →"
/property-market/darwin,,30,nightcliff-nt-0810,"2 | Nightcliff 0810 | $965,000 | View →"
/property-market/darwin,,31,parap-nt-0820,"3 | Parap 0820 | $945,000 | View →"
/property-market/darwin,,32,stuart-park-nt-0820,"4 | Stuart Park 0820 | $820,000 | View →"
/property-market/darwin,,33,rapid-creek-nt-0810,"5 | Rapid Creek 0810 | $800,000 | View →"
/property-market/darwin,,34,jingili-nt-0810,"6 | Jingili 0810 | $649,000 | View →"
/property-market/darwin,,35,coconut-grove-nt-0810,"7 | Coconut Grove 0810 | $645,000 | View →"
/property-market/darwin,,36,wanguri-nt-0810,"8 | Wanguri 0810 | $627,500 | View →"
/property-market/darwin,,tiles,,"Median house price in Darwin. Median house $575K median of suburb medians Median unit $326K median of suburb medians Typical annual growth N/A house prices, last 12 months Median house rent $360/wk weekly, across tracked suburbs"
/property-market/darwin,,description,,"Darwin house prices 2026: The median house price in Darwin is $575,000. Median house price by suburb for the twenty busiest suburbs, the most affordable and the highest-priced suburbs across Greater Darwin, from verified sales data."
/property-market/canberra,,1,kambah-act-2902,"1 | Kambah 2902 | $860,000 | - | – | View →"
/property-market/canberra,,2,ngunnawal-act-2913,"2 | Ngunnawal 2913 | $811,100 | - | – | View →"
/property-market/canberra,,3,gungahlin-act-2912,"3 | Gungahlin 2912 | $996,000 | - | – | View →"
/property-market/canberra,,4,belconnen-act-2617,"4 | Belconnen 2617 | $429,000 | - | – | View →"
/property-market/canberra,,5,harrison-act-2914,"5 | Harrison 2914 | $1,025,000 | - | – | View →"
/property-market/canberra,,6,wanniassa-act-2903,"6 | Wanniassa 2903 | $880,000 | - | – | View →"
/property-market/canberra,,7,kaleen-act-2617,"7 | Kaleen 2617 | $1,003,250 | - | – | View →"
/property-market/canberra,,8,bruce-act-2617,"8 | Bruce 2617 | $1,276,000 | - | – | View →"
/property-market/canberra,,9,franklin-act-2913,"9 | Franklin 2913 | $985,000 | - | – | View →"
/property-market/canberra,,10,bonner-act-2914,"10 | Bonner 2914 | $890,000 | - | – | View →"
/property-market/canberra,,11,dunlop-act-2615,"11 | Dunlop 2615 | $838,000 | - | – | View →"
/property-market/canberra,,12,watson-act-2602,"12 | Watson 2602 | $1,105,000 | - | – | View →"
/property-market/canberra,,13,nicholls-act-2913,"13 | Nicholls 2913 | $1,250,000 | - | – | View →"
/property-market/canberra,,14,campbell-act-2612,"14 | Campbell 2612 | $1,715,000 | - | – | View →"
/property-market/canberra,,15,casey-act-2913,"15 | Casey 2913 | $890,000 | - | – | View →"
/property-market/canberra,,16,narrabundah-act-2604,"16 | Narrabundah 2604 | $1,387,500 | - | – | View →"
/property-market/canberra,,17,braddon-act-2612,"17 | Braddon 2612 | $1,720,000 | - | – | View →"
/property-market/canberra,,18,amaroo-act-2914,"18 | Amaroo 2914 | $1,015,000 | - | – | View →"
/property-market/canberra,,19,calwell-act-2905,"19 | Calwell 2905 | $845,000 | - | – | View →"
/property-market/canberra,,20,lyneham-act-2602,"20 | Lyneham 2602 | $1,232,500 | - | – | View →"
/property-market/canberra,,21,greenway-act-2900,"1 | Greenway 2900 | $358,000 | - | View →"
/property-market/canberra,,22,phillip-act-2606,"2 | Phillip 2606 | $396,000 | - | View →"
/property-market/canberra,,23,belconnen-act-2617,"3 | Belconnen 2617 | $429,000 | - | View →"
/property-market/canberra,,24,lawson-act-2617,"4 | Lawson 2617 | $429,000 | - | View →"
/property-market/canberra,,25,barton-act-2600,"5 | Barton 2600 | $620,000 | - | View →"
/property-market/canberra,,26,charnwood-act-2615,"6 | Charnwood 2615 | $715,000 | - | View →"
/property-market/canberra,,27,scullin-act-2614,"7 | Scullin 2614 | $787,000 | - | View →"
/property-market/canberra,,28,holt-act-2615,"8 | Holt 2615 | $790,000 | - | View →"
/property-market/canberra,,29,forrest-act-2603,"1 | Forrest 2603 | $5,000,000 | View →"
/property-market/canberra,,30,reid-act-2612,"2 | Reid 2612 | $2,350,000 | View →"
/property-market/canberra,,31,yarralumla-act-2600,"3 | Yarralumla 2600 | $2,228,000 | View →"
/property-market/canberra,,32,turner-act-2612,"4 | Turner 2612 | $2,195,000 | View →"
/property-market/canberra,,33,deakin-act-2600,"5 | Deakin 2600 | $1,800,000 | View →"
/property-market/canberra,,34,braddon-act-2612,"6 | Braddon 2612 | $1,720,000 | View →"
/property-market/canberra,,35,campbell-act-2612,"7 | Campbell 2612 | $1,715,000 | View →"
/property-market/canberra,,36,garran-act-2605,"8 | Garran 2605 | $1,605,000 | View →"
/property-market/canberra,,37,woden-act-2606,"Woden 2606 || Canberra property market questions What is the median house price in Canberra? The median house price across Greater Canberra is $996,000, calcula"
/property-market/canberra,,tiles,,"Median house price in Canberra. Median house $996K median of suburb medians Median unit $636K median of suburb medians Typical annual growth N/A house prices, last 12 months Median house rent $440/wk weekly, across tracked suburbs"
/property-market/canberra,,description,,"Canberra house prices 2026: The median house price in Canberra is $996,000. Median house price by suburb for the twenty busiest suburbs, the most affordable and the highest-priced suburbs across Greater Canberra, from verified sales data."
/regions/blacktown,,1,kellyville-nsw-2155,"1 | Kellyville 2155 | $1,875,000 | -1.3% | 356 | View →"
/regions/blacktown,,2,quakers-hill-nsw-2763,"2 | Quakers Hill 2763 | $1,300,000 | +9.9% | 325 | View →"
/regions/blacktown,,3,north-kellyville-nsw-2155,"3 | North Kellyville 2155 | $1,790,046 | +8.2% | 318 | View →"
/regions/blacktown,,4,schofields-nsw-2762,"4 | Schofields 2762 | $1,250,000 | +2.0% | 301 | View →"
/regions/blacktown,,5,rouse-hill-nsw-2155,"5 | Rouse Hill 2155 | $1,358,888 | +0.1% | 289 | View →"
/regions/blacktown,,6,jordan-springs-nsw-2747,"6 | Jordan Springs 2747 | $1,043,600 | +7.5% | 228 | View →"
/regions/blacktown,,7,the-ponds-nsw-2769,"7 | The Ponds 2769 | $1,611,000 | +0.7% | 222 | View →"
/regions/blacktown,,8,tallawong-nsw-2762,"8 | Tallawong 2762 | $1,354,000 | +12.8% | 217 | View →"
/regions/blacktown,,9,glenwood-nsw-2768,"9 | Glenwood 2768 | $1,690,000 | +2.0% | 167 | View →"
/regions/blacktown,,10,kellyville-ridge-nsw-2155,"10 | Kellyville Ridge 2155 | $1,600,000 | +2.6% | 145 | View →"
/regions/blacktown,,11,st-marys-nsw-2760,"11 | St Marys 2760 | $1,054,000 | +10.6% | 142 | View →"
/regions/blacktown,,12,colebee-nsw-2761,"12 | Colebee 2761 | $1,324,000 | +3.0% | 140 | View →"
/regions/blacktown,,13,mount-druitt-nsw-2770,"13 | Mount Druitt 2770 | $1,019,000 | +2.7% | 134 | View →"
/regions/blacktown,,14,rooty-hill-nsw-2766,"14 | Rooty Hill 2766 | $1,022,500 | +5.6% | 124 | View →"
/regions/blacktown,,15,beaumont-hills-nsw-2155,"15 | Beaumont Hills 2155 | $1,855,500 | +3.5% | 124 | View →"
/regions/blacktown,,16,colyton-nsw-2760,"16 | Colyton 2760 | $987,500 | +6.8% | 122 | View →"
/regions/blacktown,,17,doonside-nsw-2767,"17 | Doonside 2767 | $1,050,000 | +7.1% | 117 | View →"
/regions/blacktown,,18,cambridge-park-nsw-2747,"18 | Cambridge Park 2747 | $1,000,000 | +12.1% | 113 | View →"
/regions/blacktown,,19,stanhope-gardens-nsw-2768,"19 | Stanhope Gardens 2768 | $1,525,000 | -2.9% | 100 | View →"
/regions/blacktown,,20,ropes-crossing-nsw-2760,"20 | Ropes Crossing 2760 | $1,000,000 | +8.5% | 97 | View →"
/regions/blacktown,,21,claremont-meadows-nsw-2747,"1 | Claremont Meadows 2747 | $1,322,000 | +24.6% | View →"
/regions/blacktown,,22,werrington-nsw-2747,"2 | Werrington 2747 | $1,049,980 | +19.0% | View →"
/regions/blacktown,,23,hebersham-nsw-2770,"3 | Hebersham 2770 | $900,000 | +15.4% | View →"
/regions/blacktown,,24,werrington-downs-nsw-2747,"4 | Werrington Downs 2747 | $1,060,000 | +14.6% | View →"
/regions/blacktown,,25,dean-park-nsw-2761,"5 | Dean Park 2761 | $1,050,000 | +12.8% | View →"
/regions/blacktown,,26,tallawong-nsw-2762,"6 | Tallawong 2762 | $1,354,000 | +12.8% | View →"
/regions/blacktown,,27,emerton-nsw-2770,"7 | Emerton 2770 | $900,000 | +12.5% | View →"
/regions/blacktown,,28,lethbridge-park-nsw-2770,"8 | Lethbridge Park 2770 | $830,000 | +12.2% | View →"
/regions/blacktown,,29,willmot-nsw-2770,"1 | Willmot 2770 | $800,000 | +3.2% | View →"
/regions/blacktown,,30,bidwill-nsw-2770,"2 | Bidwill 2770 | $818,500 | +7.2% | View →"
/regions/blacktown,,31,lethbridge-park-nsw-2770,"3 | Lethbridge Park 2770 | $830,000 | +12.2% | View →"
/regions/blacktown,,32,tregear-nsw-2770,"4 | Tregear 2770 | $837,500 | +11.7% | View →"
/regions/blacktown,,33,blackett-nsw-2770,"5 | Blackett 2770 | $846,000 | +10.6% | View →"
/regions/blacktown,,34,shalvey-nsw-2770,"6 | Shalvey 2770 | $870,000 | +9.8% | View →"
/regions/blacktown,,35,whalan-nsw-2770,"7 | Whalan 2770 | $875,000 | +12.2% | View →"
/regions/blacktown,,36,hebersham-nsw-2770,"8 | Hebersham 2770 | $900,000 | +15.4% | View →"
/regions/blacktown,,37,llandilo-nsw-2747,"1 | Llandilo 2747 | $2,503,000 | View →"
/regions/blacktown,,38,kellyville-nsw-2155,"2 | Kellyville 2155 | $1,875,000 | View →"
/regions/blacktown,,39,beaumont-hills-nsw-2155,"3 | Beaumont Hills 2155 | $1,855,500 | View →"
/regions/blacktown,,40,north-kellyville-nsw-2155,"4 | North Kellyville 2155 | $1,790,046 | View →"
/regions/blacktown,,41,glenwood-nsw-2768,"5 | Glenwood 2768 | $1,690,000 | View →"
/regions/blacktown,,42,the-ponds-nsw-2769,"6 | The Ponds 2769 | $1,611,000 | View →"
/regions/blacktown,,43,kellyville-ridge-nsw-2155,"7 | Kellyville Ridge 2155 | $1,600,000 | View →"
/regions/blacktown,,44,stanhope-gardens-nsw-2768,"8 | Stanhope Gardens 2768 | $1,525,000 | View →"
/regions/blacktown,,45,acacia-gardens-nsw-2763,"Acacia Gardens 2763 $1,340,000 Units $985,000"
/regions/blacktown,,46,beaumont-hills-nsw-2155,"Beaumont Hills 2155 $1,855,500 Units $475,200"
/regions/blacktown,,47,bidwill-nsw-2770,"Bidwill 2770 $818,500 Units $285,120"
/regions/blacktown,,48,blackett-nsw-2770,"Blackett 2770 $846,000 Units $285,120"
/regions/blacktown,,49,bungarribee-nsw-2767,"Bungarribee 2767 $1,320,000 Units $348,480"
/regions/blacktown,,50,caddens-nsw-2747,"Caddens 2747 $1,110,500 Units $348,480"
/regions/blacktown,,51,cambridge-gardens-nsw-2747,"Cambridge Gardens 2747 $960,000 Units $348,480"
/regions/blacktown,,52,cambridge-park-nsw-2747,"Cambridge Park 2747 $1,000,000 Units $667,500"
/regions/blacktown,,53,claremont-meadows-nsw-2747,"Claremont Meadows 2747 $1,322,000 Units $348,480"
/regions/blacktown,,54,colebee-nsw-2761,"Colebee 2761 $1,324,000 Units $343,440"
/regions/blacktown,,55,colyton-nsw-2760,"Colyton 2760 $987,500 Units $316,800"
/regions/blacktown,,56,dean-park-nsw-2761,"Dean Park 2761 $1,050,000 Units $343,440"
/regions/blacktown,,57,dharruk-nsw-2770,"Dharruk 2770 $900,000 Units $285,120"
/regions/blacktown,,58,doonside-nsw-2767,"Doonside 2767 $1,050,000 Units $348,480"
/regions/blacktown,,59,eastern-creek-nsw-2766,"Eastern Creek 2766 $1,355,000 Units $343,440"
/regions/blacktown,,60,emerton-nsw-2770,"Emerton 2770 $900,000 Units $285,120"
/regions/blacktown,,61,glendenning-nsw-2761,"Glendenning 2761 $1,013,000 Units $343,440"
/regions/blacktown,,62,glenwood-nsw-2768,"Glenwood 2768 $1,690,000 Units $1,131,500"
/regions/blacktown,,63,hassall-grove-nsw-2761,"Hassall Grove 2761 $1,000,000 Units $343,440"
/regions/blacktown,,64,hebersham-nsw-2770,"Hebersham 2770 $900,000 Units $285,120"
/regions/blacktown,,65,jordan-springs-nsw-2747,"Jordan Springs 2747 $1,043,600 Units $348,480"
/regions/blacktown,,66,kellyville-nsw-2155,"Kellyville 2155 $1,875,000 Units $475,200"
/regions/blacktown,,67,kellyville-ridge-nsw-2155,"Kellyville Ridge 2155 $1,600,000 Units $475,200"
/regions/blacktown,,68,kingswood-nsw-2747,"Kingswood 2747 $1,015,000 Units $348,480"
/regions/blacktown,,69,lethbridge-park-nsw-2770,"Lethbridge Park 2770 $830,000 Units $285,120"
/regions/blacktown,,70,llandilo-nsw-2747,"Llandilo 2747 $2,503,000 Units $348,480"
/regions/blacktown,,71,minchinbury-nsw-2770,"Minchinbury 2770 $1,166,000 Units $285,120"
/regions/blacktown,,72,mount-druitt-nsw-2770,"Mount Druitt 2770 $1,019,000 Units $285,120"
/regions/blacktown,,73,nirimba-fields-nsw-2763,"Nirimba Fields 2763 $1,236,000 Units $377,280"
/regions/blacktown,,74,north-kellyville-nsw-2155,"North Kellyville 2155 $1,790,046 Units $660,000"
/regions/blacktown,,75,north-st-marys-nsw-2760,"North St Marys 2760 $990,000 Units $316,800"
/regions/blacktown,,76,oakhurst-nsw-2761,"Oakhurst 2761 $990,000 Units $343,440"
/regions/blacktown,,77,oxley-park-nsw-2760,"Oxley Park 2760 $955,000 Units $316,800"
/regions/blacktown,,78,parklea-nsw-2768,"Parklea 2768 $1,432,500 Units $411,840"
/regions/blacktown,,79,plumpton-nsw-2761,"Plumpton 2761 $995,750 Units $343,440"
/regions/blacktown,,80,quakers-hill-nsw-2763,"Quakers Hill 2763 $1,300,000 Units $833,250"
/regions/blacktown,,81,rooty-hill-nsw-2766,"Rooty Hill 2766 $1,022,500 Units $343,440"
/regions/blacktown,,82,ropes-crossing-nsw-2760,"Ropes Crossing 2760 $1,000,000 Units $316,800"
/regions/blacktown,,83,rouse-hill-nsw-2155,"Rouse Hill 2155 $1,358,888 Units $475,200"
/regions/blacktown,,84,schofields-nsw-2762,"Schofields 2762 $1,250,000 Units $437,040"
/regions/blacktown,,85,shalvey-nsw-2770,"Shalvey 2770 $870,000 Units $285,120"
/regions/blacktown,,86,stanhope-gardens-nsw-2768,"Stanhope Gardens 2768 $1,525,000 Units $411,840"
/regions/blacktown,,87,st-marys-nsw-2760,"St Marys 2760 $1,054,000 Units $316,800"
/regions/blacktown,,88,tallawong-nsw-2762,"Tallawong 2762 $1,354,000 Units $437,040"
/regions/blacktown,,89,the-ponds-nsw-2769,"The Ponds 2769 $1,611,000 Units $475,200"
/regions/blacktown,,90,tregear-nsw-2770,"Tregear 2770 $837,500 Units $285,120"
/regions/blacktown,,91,werrington-nsw-2747,"Werrington 2747 $1,049,980 Units $348,480"
/regions/blacktown,,92,werrington-county-nsw-2747,"Werrington County 2747 $1,012,000 Units $348,480"
/regions/blacktown,,93,werrington-downs-nsw-2747,"Werrington Downs 2747 $1,060,000 Units $348,480"
/regions/blacktown,,94,whalan-nsw-2770,"Whalan 2770 $875,000 Units $285,120"
/regions/blacktown,,95,willmot-nsw-2770,"Willmot 2770 $800,000 Units $285,120"
/regions/blacktown,,96,woodcroft-nsw-2767,"Woodcroft 2767 $995,000 Units $348,480"
/regions/blacktown,,tiles,,"Median house price in Blacktown. Median house $1.0M median of suburb medians Median unit $348K median of suburb medians Typical annual growth +6.8% house prices, last 12 months Median house rent $670/wk weekly, across tracked suburbs"
/regions/blacktown,,description,,"Blacktown house prices 2026: the median house price in Blacktown is $1,046,790. Median house price by suburb for the busiest suburbs, twelve-month growth, the fastest-rising and most affordable suburbs in the Blacktown region, NSW, from verified sales data."
/regions/brisbane,,1,coorparoo-qld-4151,"1 | Coorparoo 4151 | $1,675,000 | - | – | View →"
/regions/brisbane,,2,sunnybank-hills-qld-4109,"2 | Sunnybank Hills 4109 | $1,099,500 | - | – | View →"
/regions/brisbane,,3,bracken-ridge-qld-4017,"3 | Bracken Ridge 4017 | $840,000 | - | – | View →"
/regions/brisbane,,4,carindale-qld-4152,"4 | Carindale 4152 | $1,546,000 | - | – | View →"
/regions/brisbane,,5,albany-creek-qld-4035,"5 | Albany Creek 4035 | $973,000 | - | – | View →"
/regions/brisbane,,6,eight-mile-plains-qld-4113,"6 | Eight Mile Plains 4113 | $1,410,000 | - | – | View →"
/regions/brisbane,,7,south-brisbane-qld-4101,"7 | South Brisbane 4101 | $1,910,000 | - | – | View →"
/regions/brisbane,,8,runcorn-qld-4113,"8 | Runcorn 4113 | $935,000 | - | – | View →"
/regions/brisbane,,9,indooroopilly-qld-4068,"9 | Indooroopilly 4068 | $1,593,500 | - | – | View →"
/regions/brisbane,,10,ashgrove-qld-4060,"10 | Ashgrove 4060 | $1,685,000 | - | – | View →"
/regions/brisbane,,11,nundah-qld-4012,"11 | Nundah 4012 | $1,165,000 | - | – | View →"
/regions/brisbane,,12,aspley-qld-4034,"12 | Aspley 4034 | $1,012,500 | - | – | View →"
/regions/brisbane,,13,brisbane-city-qld-4000,"13 | Brisbane City 4000 | $1,340,000 | - | – | View →"
/regions/brisbane,,14,toowong-qld-4066,"14 | Toowong 4066 | $1,587,500 | - | – | View →"
/regions/brisbane,,15,manly-west-qld-4179,"15 | Manly West 4179 | $1,050,000 | - | – | View →"
/regions/brisbane,,16,camp-hill-qld-4152,"16 | Camp Hill 4152 | $1,642,500 | - | – | View →"
/regions/brisbane,,17,st-lucia-qld-4067,"17 | St Lucia 4067 | $1,970,000 | - | – | View →"
/regions/brisbane,,18,new-farm-qld-4005,"18 | New Farm 4005 | $2,908,400 | - | – | View →"
/regions/brisbane,,19,annerley-qld-4103,"19 | Annerley 4103 | $1,210,000 | - | – | View →"
/regions/brisbane,,20,chermside-qld-4032,"20 | Chermside 4032 | $975,000 | - | – | View →"
/regions/brisbane,,21,fortitude-valley-qld-4006,"1 | Fortitude Valley 4006 | $378,000 | - | View →"
/regions/brisbane,,22,wacol-qld-4076,"2 | Wacol 4076 | $600,000 | - | View →"
/regions/brisbane,,23,slacks-creek-qld-4127,"3 | Slacks Creek 4127 | $660,000 | - | View →"
/regions/brisbane,,24,doolandella-qld-4077,"4 | Doolandella 4077 | $783,888 | - | View →"
/regions/brisbane,,25,deagon-qld-4017,"5 | Deagon 4017 | $800,000 | - | View →"
/regions/brisbane,,26,zillmere-qld-4034,"6 | Zillmere 4034 | $811,250 | - | View →"
/regions/brisbane,,27,riverhills-qld-4074,"7 | Riverhills 4074 | $835,000 | - | View →"
/regions/brisbane,,28,bracken-ridge-qld-4017,"8 | Bracken Ridge 4017 | $840,000 | - | View →"
/regions/brisbane,,29,new-farm-qld-4005,"1 | New Farm 4005 | $2,908,400 | View →"
/regions/brisbane,,30,clayfield-qld-4011,"2 | Clayfield 4011 | $2,200,000 | View →"
/regions/brisbane,,31,hawthorne-qld-4171,"3 | Hawthorne 4171 | $2,100,000 | View →"
/regions/brisbane,,32,st-lucia-qld-4067,"4 | St Lucia 4067 | $1,970,000 | View →"
/regions/brisbane,,33,bulimba-qld-4171,"5 | Bulimba 4171 | $1,937,500 | View →"
/regions/brisbane,,34,south-brisbane-qld-4101,"6 | South Brisbane 4101 | $1,910,000 | View →"
/regions/brisbane,,35,wilston-qld-4051,"7 | Wilston 4051 | $1,875,000 | View →"
/regions/brisbane,,36,fig-tree-pocket-qld-4069,"8 | Fig Tree Pocket 4069 | $1,825,000 | View →"
/regions/brisbane,,37,albany-creek-qld-4035,"Albany Creek 4035 $973,000 Units $651,000"
/regions/brisbane,,38,alderley-qld-4051,"Alderley 4051 $1,330,000 Units $593,000"
/regions/brisbane,,39,algester-qld-4115,"Algester 4115 $900,000 Units $621,000"
/regions/brisbane,,40,annerley-qld-4103,"Annerley 4103 $1,210,000 Units $616,500"
/regions/brisbane,,41,ashgrove-qld-4060,"Ashgrove 4060 $1,685,000 Units $690,000"
/regions/brisbane,,42,aspley-qld-4034,"Aspley 4034 $1,012,500 Units $640,000"
/regions/brisbane,,43,auchenflower-qld-4066,"Auchenflower 4066 $1,530,000 Units $626,200"
/regions/brisbane,,44,bald-hills-qld-4036,"Bald Hills 4036 $795,000 Units $500,000"
/regions/brisbane,,45,balmoral-qld-4171,"Balmoral 4171 $1,880,000 Units $710,000"
/regions/brisbane,,46,bardon-qld-4065,"Bardon 4065 $1,732,500 Units $940,500"
/regions/brisbane,,47,boondall-qld-4034,"Boondall 4034 $845,000 Units $580,000"
/regions/brisbane,,48,bracken-ridge-qld-4017,"Bracken Ridge 4017 $840,000 Units $545,000"
/regions/brisbane,,49,bridgeman-downs-qld-4035,"Bridgeman Downs 4035 $1,300,000 Units $622,500"
/regions/brisbane,,50,brisbane-city-qld-4000,"Brisbane City 4000 $1,340,000 Units $578,750"
/regions/brisbane,,51,bulimba-qld-4171,"Bulimba 4171 $1,937,500 Units $817,500"
/regions/brisbane,,52,camp-hill-qld-4152,"Camp Hill 4152 $1,642,500 Units $880,000"
/regions/brisbane,,53,cannon-hill-qld-4170,"Cannon Hill 4170 $1,410,500 Units $620,000"
/regions/brisbane,,54,carina-qld-4152,"Carina 4152 $1,115,000 Units $762,000"
/regions/brisbane,,55,carina-heights-qld-4152,"Carina Heights 4152 $1,200,000 Units $705,000"
/regions/brisbane,,56,carindale-qld-4152,"Carindale 4152 $1,546,000 Units $852,500"
/regions/brisbane,,57,carseldine-qld-4034,"Carseldine 4034 $1,010,250 Units $595,000"
/regions/brisbane,,58,chapel-hill-qld-4069,"Chapel Hill 4069 $1,425,000 Units $1,600,000"
/regions/brisbane,,59,chermside-qld-4032,"Chermside 4032 $975,000 Units $538,750"
/regions/brisbane,,60,chermside-west-qld-4032,"Chermside West 4032 $970,000 Units $705,000"
/regions/brisbane,,61,clayfield-qld-4011,"Clayfield 4011 $2,200,000 Units $570,000"
/regions/brisbane,,62,coopers-plains-qld-4108,"Coopers Plains 4108 $965,000 Units $600,000"
/regions/brisbane,,63,coorparoo-qld-4151,"Coorparoo 4151 $1,675,000 Units $615,000"
/regions/brisbane,,64,corinda-qld-4075,"Corinda 4075 $1,200,044 Units $535,000"
/regions/brisbane,,65,daisy-hill-qld-4127,"Daisy Hill 4127 $908,393 Units $490,000"
/regions/brisbane,,66,deagon-qld-4017,"Deagon 4017 $800,000 Units $220,000"
/regions/brisbane,,67,doolandella-qld-4077,"Doolandella 4077 $783,888 Units $497,000"
/regions/brisbane,,68,durack-qld-4077,"Durack 4077 $742,500 Units $495,000"
/regions/brisbane,,69,east-brisbane-qld-4169,"East Brisbane 4169 $1,490,000 Units $602,500"
/regions/brisbane,,70,eight-mile-plains-qld-4113,"Eight Mile Plains 4113 $1,410,000 Units $607,000"
/regions/brisbane,,71,enoggera-qld-4051,"Enoggera 4051 $1,207,500 Units $581,000"
/regions/brisbane,,72,fig-tree-pocket-qld-4069,"Fig Tree Pocket 4069 $1,825,000 Units $396,000"
/regions/brisbane,,73,fortitude-valley-qld-4006,"Fortitude Valley 4006 $378,000 Units $500,000"
/regions/brisbane,,74,geebung-qld-4034,"Geebung 4034 $983,500 Units $300,960"
/regions/brisbane,,75,grange-qld-4051,"Grange 4051 $1,747,500 Units $830,000"
/regions/brisbane,,76,greenslopes-qld-4120,"Greenslopes 4120 $1,320,000 Units $607,000"
/regions/brisbane,,77,hawthorne-qld-4171,"Hawthorne 4171 $2,100,000 Units $757,000"
/regions/brisbane,,78,hendra-qld-4011,"Hendra 4011 $1,710,000 Units $837,500"
/regions/brisbane,,79,highgate-hill-qld-4101,"Highgate Hill 4101 $1,815,000 Units $702,000"
/regions/brisbane,,80,holland-park-qld-4121,"Holland Park 4121 $1,350,000 Units $625,000"
/regions/brisbane,,81,holland-park-west-qld-4121,"Holland Park West 4121 $1,179,500 Units $621,750"
/regions/brisbane,,82,indooroopilly-qld-4068,"Indooroopilly 4068 $1,593,500 Units $646,500"
/regions/brisbane,,83,kangaroo-point-qld-4169,"Kangaroo Point 4169 $1,650,000 Units $680,000"
/regions/brisbane,,84,kenmore-qld-4069,"Kenmore 4069 $1,175,000 Units $945,000"
/regions/brisbane,,85,keperra-qld-4054,"Keperra 4054 $900,000 Units $700,500"
/regions/brisbane,,86,kuraby-qld-4112,"Kuraby 4112 $1,200,000 Units $505,000"
/regions/brisbane,,87,manly-west-qld-4179,"Manly West 4179 $1,050,000 Units $710,000"
/regions/brisbane,,88,moorooka-qld-4105,"Moorooka 4105 $1,050,000 Units $548,000"
/regions/brisbane,,89,moreton-island-qld-4025,"Moreton Island 4025 $1,625,000 Units $240,480"
/regions/brisbane,,90,mount-gravatt-qld-4122,"Mount Gravatt 4122 $1,100,000 Units $631,000"
/regions/brisbane,,91,murarrie-qld-4172,"Murarrie 4172 $1,075,000 Units $795,000"
/regions/brisbane,,92,new-farm-qld-4005,"New Farm 4005 $2,908,400 Units $820,000"
/regions/brisbane,,93,newmarket-qld-4051,"Newmarket 4051 $1,490,000 Units $560,000"
/regions/brisbane,,94,norman-park-qld-4170,"Norman Park 4170 $1,500,000 Units $762,500"
/regions/brisbane,,95,nundah-qld-4012,"Nundah 4012 $1,165,000 Units $542,000"
/regions/brisbane,,96,riverhills-qld-4074,"Riverhills 4074 $835,000 Units $570,000"
/regions/brisbane,,97,robertson-qld-4109,"Robertson 4109 $2,011,944 Units $605,500"
/regions/brisbane,,98,runcorn-qld-4113,"Runcorn 4113 $935,000 Units $580,000"
/regions/brisbane,,99,samford-valley-qld-4520,"Samford Valley 4520 $1,600,000 Units $389,520"
/regions/brisbane,,100,sherwood-qld-4075,"Sherwood 4075 $1,456,000 Units $605,000"
/regions/brisbane,,101,slacks-creek-qld-4127,"Slacks Creek 4127 $660,000 Units $375,000"
/regions/brisbane,,102,south-brisbane-qld-4101,"South Brisbane 4101 $1,910,000 Units $590,000"
/regions/brisbane,,103,spring-hill-qld-4000,"Spring Hill 4000 $1,600,000 Units $476,000"
/regions/brisbane,,104,springwood-qld-4127,"Springwood 4127 $895,000 Units $451,000"
/regions/brisbane,,105,st-lucia-qld-4067,"St Lucia 4067 $1,970,000 Units $625,000"
/regions/brisbane,,106,sunnybank-qld-4109,"Sunnybank 4109 $1,250,000 Units $622,500"
/regions/brisbane,,107,sunnybank-hills-qld-4109,"Sunnybank Hills 4109 $1,099,500 Units $695,000"
/regions/brisbane,,108,taringa-qld-4068,"Taringa 4068 $1,646,000 Units $628,500"
/regions/brisbane,,109,tarragindi-qld-4121,"Tarragindi 4121 $1,315,060 Units $372,240"
/regions/brisbane,,110,tingalpa-qld-4173,"Tingalpa 4173 $960,000 Units $620,000"
/regions/brisbane,,111,toowong-qld-4066,"Toowong 4066 $1,587,500 Units $620,000"
/regions/brisbane,,112,upper-mount-gravatt-qld-4122,"Upper Mount Gravatt 4122 $997,500 Units $555,000"
/regions/brisbane,,113,wacol-qld-4076,"Wacol 4076 $600,000 Units $422,500"
/regions/brisbane,,114,wakerley-qld-4154,"Wakerley 4154 $1,277,500 Units $650,000"
/regions/brisbane,,115,wavell-heights-qld-4012,"Wavell Heights 4012 $1,250,000 Units $615,000"
/regions/brisbane,,116,westlake-qld-4074,"Westlake 4074 $1,245,000 Units $316,800"
/regions/brisbane,,117,wilston-qld-4051,"Wilston 4051 $1,875,000 Units $530,000"
/regions/brisbane,,118,windsor-qld-4030,"Windsor 4030 $1,227,500 Units $555,000"
/regions/brisbane,,119,wishart-qld-4122,"Wishart 4122 $1,300,000 Units $686,500"
/regions/brisbane,,120,woolloongabba-qld-4102,"Woolloongabba 4102 $1,500,000 Units $606,000"
/regions/brisbane,,121,yeronga-qld-4104,"Yeronga 4104 $1,275,000 Units $658,250"
/regions/brisbane,,122,zillmere-qld-4034,"Zillmere 4034 $811,250 Units $515,000"
/regions/brisbane,,tiles,,"Median house price in Brisbane. Median house $1.3M median of suburb medians Median unit $611K median of suburb medians Typical annual growth N/A house prices, last 12 months Median house rent $720/wk weekly, across tracked suburbs"
/regions/brisbane,,description,,"Brisbane house prices 2026: the median house price in Brisbane is $1,262,500. Median house price by suburb for the busiest suburbs, the most affordable and the highest-priced suburbs in the Brisbane region, QLD, from verified sales data."
/regions/moreton-bay,,1,morayfield-qld-4506,"1 | Morayfield 4506 | $1,095,000 | - | – | View →"
/regions/moreton-bay,,2,north-lakes-qld-4509,"2 | North Lakes 4509 | $820,000 | - | – | View →"
/regions/moreton-bay,,3,kallangur-qld-4503,"3 | Kallangur 4503 | $685,000 | - | – | View →"
/regions/moreton-bay,,4,narangba-qld-4504,"4 | Narangba 4504 | $789,500 | - | – | View →"
/regions/moreton-bay,,5,deception-bay-qld-4508,"5 | Deception Bay 4508 | $663,000 | - | – | View →"
/regions/moreton-bay,,6,burpengary-qld-4505,"6 | Burpengary 4505 | $750,000 | - | – | View →"
/regions/moreton-bay,,7,mango-hill-qld-4509,"7 | Mango Hill 4509 | $830,000 | - | – | View →"
/regions/moreton-bay,,8,everton-park-qld-4053,"8 | Everton Park 4053 | $999,150 | - | – | View →"
/regions/moreton-bay,,9,mitchelton-qld-4053,"9 | Mitchelton 4053 | $1,100,000 | - | – | View →"
/regions/moreton-bay,,10,petrie-qld-4502,"10 | Petrie 4502 | $769,250 | - | – | View →"
/regions/moreton-bay,,11,eatons-hill-qld-4037,"11 | Eatons Hill 4037 | $990,000 | - | – | View →"
/regions/moreton-bay,,12,mcdowall-qld-4053,"12 | Mcdowall 4053 | $1,100,000 | - | – | View →"
/regions/moreton-bay,,13,stafford-heights-qld-4053,"13 | Stafford Heights 4053 | $1,045,000 | - | – | View →"
/regions/moreton-bay,,14,stafford-qld-4053,"14 | Stafford 4053 | $1,025,000 | - | – | View →"
/regions/moreton-bay,,15,lawnton-qld-4501,"15 | Lawnton 4501 | $756,500 | - | – | View →"
/regions/moreton-bay,,16,dakabin-qld-4503,"16 | Dakabin 4503 | $724,000 | - | – | View →"
/regions/moreton-bay,,17,upper-caboolture-qld-4510,"17 | Upper Caboolture 4510 | $1,063,750 | - | – | View →"
/regions/moreton-bay,,18,cashmere-qld-4500,"18 | Cashmere 4500 | $897,000 | - | – | View →"
/regions/moreton-bay,,19,elimbah-qld-4516,"19 | Elimbah 4516 | $1,085,000 | - | – | View →"
/regions/moreton-bay,,20,wamuran-qld-4512,"20 | Wamuran 4512 | $1,117,500 | - | – | View →"
/regions/moreton-bay,,21,deception-bay-qld-4508,"1 | Deception Bay 4508 | $663,000 | - | View →"
/regions/moreton-bay,,22,kallangur-qld-4503,"2 | Kallangur 4503 | $685,000 | - | View →"
/regions/moreton-bay,,23,dakabin-qld-4503,"3 | Dakabin 4503 | $724,000 | - | View →"
/regions/moreton-bay,,24,burpengary-qld-4505,"4 | Burpengary 4505 | $750,000 | - | View →"
/regions/moreton-bay,,25,lawnton-qld-4501,"5 | Lawnton 4501 | $756,500 | - | View →"
/regions/moreton-bay,,26,petrie-qld-4502,"6 | Petrie 4502 | $769,250 | - | View →"
/regions/moreton-bay,,27,narangba-qld-4504,"7 | Narangba 4504 | $789,500 | - | View →"
/regions/moreton-bay,,28,north-lakes-qld-4509,"8 | North Lakes 4509 | $820,000 | - | View →"
/regions/moreton-bay,,29,dayboro-qld-4521,"1 | Dayboro 4521 | $1,150,000 | View →"
/regions/moreton-bay,,30,wamuran-qld-4512,"2 | Wamuran 4512 | $1,117,500 | View →"
/regions/moreton-bay,,31,mitchelton-qld-4053,"3 | Mitchelton 4053 | $1,100,000 | View →"
/regions/moreton-bay,,32,mcdowall-qld-4053,"4 | Mcdowall 4053 | $1,100,000 | View →"
/regions/moreton-bay,,33,morayfield-qld-4506,"5 | Morayfield 4506 | $1,095,000 | View →"
/regions/moreton-bay,,34,elimbah-qld-4516,"6 | Elimbah 4516 | $1,085,000 | View →"
/regions/moreton-bay,,35,upper-caboolture-qld-4510,"7 | Upper Caboolture 4510 | $1,063,750 | View →"
/regions/moreton-bay,,36,stafford-heights-qld-4053,"8 | Stafford Heights 4053 | $1,045,000 | View →"
/regions/moreton-bay,,37,bray-park-qld-4500,"Bray Park 4500 $723,500 Units $282,240"
/regions/moreton-bay,,38,burpengary-qld-4505,"Burpengary 4505 $750,000 Units $445,000"
/regions/moreton-bay,,39,cashmere-qld-4500,"Cashmere 4500 $897,000 Units $497,499"
/regions/moreton-bay,,40,dakabin-qld-4503,"Dakabin 4503 $724,000 Units $505,000"
/regions/moreton-bay,,41,dayboro-qld-4521,"Dayboro 4521 $1,150,000 Units $343,440"
/regions/moreton-bay,,42,deception-bay-qld-4508,"Deception Bay 4508 $663,000 Units $445,000"
/regions/moreton-bay,,43,eatons-hill-qld-4037,"Eatons Hill 4037 $990,000 Units $340,560"
/regions/moreton-bay,,44,elimbah-qld-4516,"Elimbah 4516 $1,085,000 Units $316,800"
/regions/moreton-bay,,45,everton-park-qld-4053,"Everton Park 4053 $999,150 Units $625,000"
/regions/moreton-bay,,46,kallangur-qld-4503,"Kallangur 4503 $685,000 Units $470,000"
/regions/moreton-bay,,47,lawnton-qld-4501,"Lawnton 4501 $756,500 Units $470,000"
/regions/moreton-bay,,48,mango-hill-qld-4509,"Mango Hill 4509 $830,000 Units $515,000"
/regions/moreton-bay,,49,mcdowall-qld-4053,"Mcdowall 4053 $1,100,000 Units $645,000"
/regions/moreton-bay,,50,mitchelton-qld-4053,"Mitchelton 4053 $1,100,000 Units $552,000"
/regions/moreton-bay,,51,morayfield-qld-4506,"Morayfield 4506 $1,095,000 Units $520,000"
/regions/moreton-bay,,52,narangba-qld-4504,"Narangba 4504 $789,500 Units $479,250"
/regions/moreton-bay,,53,north-lakes-qld-4509,"North Lakes 4509 $820,000 Units $530,000"
/regions/moreton-bay,,54,petrie-qld-4502,"Petrie 4502 $769,250 Units $450,000"
/regions/moreton-bay,,55,redcliffe-qld-4020,"Redcliffe 4020 $785,000 Units $569,000"
/regions/moreton-bay,,56,stafford-qld-4053,"Stafford 4053 $1,025,000 Units $525,000"
/regions/moreton-bay,,57,stafford-heights-qld-4053,"Stafford Heights 4053 $1,045,000 Units $326,880"
/regions/moreton-bay,,58,upper-caboolture-qld-4510,"Upper Caboolture 4510 $1,063,750 Units $251,280"
/regions/moreton-bay,,59,wamuran-qld-4512,"Wamuran 4512 $1,117,500 Units $316,800"
/regions/moreton-bay,,tiles,,"Median house price in Moreton Bay. Median house $897K median of suburb medians Median unit $470K median of suburb medians Typical annual growth N/A house prices, last 12 months Median house rent $650/wk weekly, across tracked suburbs"
/regions/moreton-bay,,description,,"Moreton Bay house prices 2026: the median house price in Moreton Bay is $897,000. Median house price by suburb for the busiest suburbs, the most affordable and the highest-priced suburbs in the Moreton Bay region, QLD, from verified sales data."
/regions/yarra,,1,clifton-hill-vic-3066,"1 | Clifton Hill 3066 | $1,735,000 | - | – | View →"
/regions/yarra,,2,alphington-vic-3078,"2 | Alphington 3078 | $2,025,000 | - | – | View →"
/regions/yarra,,3,abbotsford-vic-3067,"Abbotsford 3067 $1,295,000 Units $343,440"
/regions/yarra,,4,alphington-vic-3078,"Alphington 3078 $2,025,000 Units $921,300"
/regions/yarra,,5,clifton-hill-vic-3066,"Clifton Hill 3066 $1,735,000 Units $719,500"
/regions/yarra,,6,collingwood-vic-3066,"Collingwood 3066 $1,403,500 Units $660,000"
/regions/yarra,,7,cremorne-vic-3121,"Cremorne 3121 $1,187,500 Units $670,000"
/regions/yarra,,8,fairfield-vic-3078,"Fairfield 3078 $2,050,000 Units $594,000"
/regions/yarra,,9,fitzroy-vic-3065,"Fitzroy 3065 $1,815,000 Units $824,000"
/regions/yarra,,10,richmond-vic-3121,"Richmond 3121 $1,435,000 Units $566,300"
/regions/yarra,,tiles,,"Median house price in Yarra. Median house $1.6M median of suburb medians Median unit $665K median of suburb medians Typical annual growth N/A house prices, last 12 months Median house rent $950/wk weekly, across tracked suburbs"
/regions/yarra,,description,,"Yarra house prices 2026: the median house price in Yarra is $1,585,000. Median house price by suburb for the busiest suburbs, the most affordable and the highest-priced suburbs in the Yarra region, VIC, from verified sales data."
/regions/port-adelaide-enfield,,1,ingle-farm-sa-5098,"1 | Ingle Farm 5098 | $895,000 | +21.8% | 49 | View →"
/regions/port-adelaide-enfield,,2,lightsview-sa-5085,"2 | Lightsview 5085 | $850,000 | +9.7% | 32 | View →"
/regions/port-adelaide-enfield,,3,prospect-sa-5082,"3 | Prospect 5082 | $1,705,000 | - | 31 | View →"
/regions/port-adelaide-enfield,,4,klemzig-sa-5087,"4 | Klemzig 5087 | $1,131,000 | +8.5% | 27 | View →"
/regions/port-adelaide-enfield,,5,enfield-sa-5085,"5 | Enfield 5085 | $915,000 | +6.1% | 23 | View →"
/regions/port-adelaide-enfield,,6,windsor-gardens-sa-5087,"6 | Windsor Gardens 5087 | $985,000 | +15.9% | 23 | View →"
/regions/port-adelaide-enfield,,7,north-haven-sa-5018,"7 | North Haven 5018 | $1,081,000 | +15.2% | 23 | View →"
/regions/port-adelaide-enfield,,8,blair-athol-sa-5084,"8 | Blair Athol 5084 | $1,033,750 | +11.0% | 21 | View →"
/regions/port-adelaide-enfield,,9,northfield-sa-5085,"9 | Northfield 5085 | $945,000 | +11.8% | 17 | View →"
/regions/port-adelaide-enfield,,10,clearview-sa-5085,"10 | Clearview 5085 | $1,002,000 | +14.3% | 17 | View →"
/regions/port-adelaide-enfield,,11,west-croydon-sa-5008,"11 | West Croydon 5008 | $1,225,000 | - | 15 | View →"
/regions/port-adelaide-enfield,,12,largs-bay-sa-5016,"12 | Largs Bay 5016 | $1,025,000 | +4.6% | 14 | View →"
/regions/port-adelaide-enfield,,13,paradise-sa-5075,"13 | Paradise 5075 | $1,183,500 | +17.2% | 13 | View →"
/regions/port-adelaide-enfield,,14,broadview-sa-5083,"14 | Broadview 5083 | $1,150,000 | +10.6% | 13 | View →"
/regions/port-adelaide-enfield,,15,dernancourt-sa-5075,"15 | Dernancourt 5075 | $1,182,500 | - | 13 | View →"
/regions/port-adelaide-enfield,,16,holden-hill-sa-5088,"16 | Holden Hill 5088 | $870,500 | +7.4% | 12 | View →"
/regions/port-adelaide-enfield,,17,croydon-park-sa-5008,"17 | Croydon Park 5008 | $1,125,000 | - | 11 | View →"
/regions/port-adelaide-enfield,,18,taperoo-sa-5017,"18 | Taperoo 5017 | $850,000 | +9.0% | 11 | View →"
/regions/port-adelaide-enfield,,19,ferryden-park-sa-5010,"19 | Ferryden Park 5010 | $900,000 | -0.9% | 10 | View →"
/regions/port-adelaide-enfield,,20,royal-park-sa-5014,"20 | Royal Park 5014 | $937,500 | +6.1% | 10 | View →"
/regions/port-adelaide-enfield,,21,ingle-farm-sa-5098,"1 | Ingle Farm 5098 | $895,000 | +21.8% | View →"
/regions/port-adelaide-enfield,,22,albert-park-sa-5014,"2 | Albert Park 5014 | $1,060,000 | +20.3% | View →"
/regions/port-adelaide-enfield,,23,osborne-sa-5017,"3 | Osborne 5017 | $895,000 | +18.9% | View →"
/regions/port-adelaide-enfield,,24,paradise-sa-5075,"4 | Paradise 5075 | $1,183,500 | +17.2% | View →"
/regions/port-adelaide-enfield,,25,windsor-gardens-sa-5087,"5 | Windsor Gardens 5087 | $985,000 | +15.9% | View →"
/regions/port-adelaide-enfield,,26,north-haven-sa-5018,"6 | North Haven 5018 | $1,081,000 | +15.2% | View →"
/regions/port-adelaide-enfield,,27,croydon-sa-5008,"7 | Croydon 5008 | $1,512,810 | +14.6% | View →"
/regions/port-adelaide-enfield,,28,clearview-sa-5085,"8 | Clearview 5085 | $1,002,000 | +14.3% | View →"
/regions/port-adelaide-enfield,,29,lightsview-sa-5085,"1 | Lightsview 5085 | $850,000 | +9.7% | View →"
/regions/port-adelaide-enfield,,30,taperoo-sa-5017,"2 | Taperoo 5017 | $850,000 | +9.0% | View →"
/regions/port-adelaide-enfield,,31,angle-park-sa-5010,"3 | Angle Park 5010 | $852,500 | +7.9% | View →"
/regions/port-adelaide-enfield,,32,holden-hill-sa-5088,"4 | Holden Hill 5088 | $870,500 | +7.4% | View →"
/regions/port-adelaide-enfield,,33,ingle-farm-sa-5098,"5 | Ingle Farm 5098 | $895,000 | +21.8% | View →"
/regions/port-adelaide-enfield,,34,osborne-sa-5017,"6 | Osborne 5017 | $895,000 | +18.9% | View →"
/regions/port-adelaide-enfield,,35,ferryden-park-sa-5010,"7 | Ferryden Park 5010 | $900,000 | -0.9% | View →"
/regions/port-adelaide-enfield,,36,enfield-sa-5085,"8 | Enfield 5085 | $915,000 | +6.1% | View →"
/regions/port-adelaide-enfield,,37,prospect-sa-5082,"1 | Prospect 5082 | $1,705,000 | View →"
/regions/port-adelaide-enfield,,38,croydon-sa-5008,"2 | Croydon 5008 | $1,512,810 | View →"
/regions/port-adelaide-enfield,,39,nailsworth-sa-5083,"3 | Nailsworth 5083 | $1,400,000 | View →"
/regions/port-adelaide-enfield,,40,northgate-sa-5085,"4 | Northgate 5085 | $1,250,000 | View →"
/regions/port-adelaide-enfield,,41,devon-park-sa-5008,"5 | Devon Park 5008 | $1,230,000 | View →"
/regions/port-adelaide-enfield,,42,west-croydon-sa-5008,"6 | West Croydon 5008 | $1,225,000 | View →"
/regions/port-adelaide-enfield,,43,paradise-sa-5075,"7 | Paradise 5075 | $1,183,500 | View →"
/regions/port-adelaide-enfield,,44,dernancourt-sa-5075,"8 | Dernancourt 5075 | $1,182,500 | View →"
/regions/port-adelaide-enfield,,45,albert-park-sa-5014,"Albert Park 5014 $1,060,000 Units $250,560"
/regions/port-adelaide-enfield,,46,angle-park-sa-5010,"Angle Park 5010 $852,500 Units $237,600"
/regions/port-adelaide-enfield,,47,blair-athol-sa-5084,"Blair Athol 5084 $1,033,750 Units $240,480"
/regions/port-adelaide-enfield,,48,broadview-sa-5083,"Broadview 5083 $1,150,000 Units $284,400"
/regions/port-adelaide-enfield,,49,cheltenham-sa-5014,"Cheltenham 5014 $991,500 Units $250,560"
/regions/port-adelaide-enfield,,50,clearview-sa-5085,"Clearview 5085 $1,002,000 Units $259,920"
/regions/port-adelaide-enfield,,51,croydon-sa-5008,"Croydon 5008 $1,512,810 Units $271,440"
/regions/port-adelaide-enfield,,52,croydon-park-sa-5008,"Croydon Park 5008 $1,125,000 Units $271,440"
/regions/port-adelaide-enfield,,53,dernancourt-sa-5075,"Dernancourt 5075 $1,182,500 Units $261,360"
/regions/port-adelaide-enfield,,54,devon-park-sa-5008,"Devon Park 5008 $1,230,000 Units $271,440"
/regions/port-adelaide-enfield,,55,enfield-sa-5085,"Enfield 5085 $915,000 Units $259,920"
/regions/port-adelaide-enfield,,56,ferryden-park-sa-5010,"Ferryden Park 5010 $900,000 Units $237,600"
/regions/port-adelaide-enfield,,57,hendon-sa-5014,"Hendon 5014 $960,000 Units $250,560"
/regions/port-adelaide-enfield,,58,holden-hill-sa-5088,"Holden Hill 5088 $870,500 Units $237,600"
/regions/port-adelaide-enfield,,59,ingle-farm-sa-5098,"Ingle Farm 5098 $895,000 Units $229,680"
/regions/port-adelaide-enfield,,60,kilburn-sa-5084,"Kilburn 5084 $1,085,000 Units $240,480"
/regions/port-adelaide-enfield,,61,klemzig-sa-5087,"Klemzig 5087 $1,131,000 Units $257,760"
/regions/port-adelaide-enfield,,62,largs-bay-sa-5016,"Largs Bay 5016 $1,025,000 Units $270,720"
/regions/port-adelaide-enfield,,63,lightsview-sa-5085,"Lightsview 5085 $850,000 Units $259,920"
/regions/port-adelaide-enfield,,64,nailsworth-sa-5083,"Nailsworth 5083 $1,400,000 Units $284,400"
/regions/port-adelaide-enfield,,65,northfield-sa-5085,"Northfield 5085 $945,000 Units $259,920"
/regions/port-adelaide-enfield,,66,northgate-sa-5085,"Northgate 5085 $1,250,000 Units $259,920"
/regions/port-adelaide-enfield,,67,north-haven-sa-5018,"North Haven 5018 $1,081,000 Units $259,200"
/regions/port-adelaide-enfield,,68,osborne-sa-5017,"Osborne 5017 $895,000 Units $221,760"
/regions/port-adelaide-enfield,,69,paradise-sa-5075,"Paradise 5075 $1,183,500 Units $261,360"
/regions/port-adelaide-enfield,,70,prospect-sa-5082,"Prospect 5082 $1,705,000 Units $308,880"
/regions/port-adelaide-enfield,,71,royal-park-sa-5014,"Royal Park 5014 $937,500 Units $250,560"
/regions/port-adelaide-enfield,,72,taperoo-sa-5017,"Taperoo 5017 $850,000 Units $221,760"
/regions/port-adelaide-enfield,,73,walkley-heights-sa-5098,"Walkley Heights 5098 $1,100,000 Units $229,680"
/regions/port-adelaide-enfield,,74,west-croydon-sa-5008,"West Croydon 5008 $1,225,000 Units $271,440"
/regions/port-adelaide-enfield,,75,windsor-gardens-sa-5087,"Windsor Gardens 5087 $985,000 Units $257,760"
/regions/port-adelaide-enfield,,tiles,,"Median house price in Port Adelaide Enfield. Median house $1.0M median of suburb medians Median unit $259K median of suburb medians Typical annual growth +9% house prices, last 12 months Median house rent $310/wk weekly, across tracked suburbs"
/regions/port-adelaide-enfield,,description,,"Port Adelaide Enfield house prices 2026: the median house price in Port Adelaide Enfield is $1,033,750. Median house price by suburb for the busiest suburbs, twelve-month growth, the fastest-rising and most affordable suburbs in the Port Adelaide Enfield region, SA, from verified sales data."
/regions/greater-geelong,,1,highton-vic-3216,"1 | Highton 3216 | $892,500 | - | – | View →"
/regions/greater-geelong,,2,lara-vic-3212,"2 | Lara 3212 | $687,500 | - | – | View →"
/regions/greater-geelong,,3,ocean-grove-vic-3226,"3 | Ocean Grove 3226 | $960,000 | - | – | View →"
/regions/greater-geelong,,4,corio-vic-3214,"4 | Corio 3214 | $513,500 | - | – | View →"
/regions/greater-geelong,,5,grovedale-vic-3216,"5 | Grovedale 3216 | $675,000 | - | – | View →"
/regions/greater-geelong,,6,leopold-vic-3224,"6 | Leopold 3224 | $675,000 | - | – | View →"
/regions/greater-geelong,,7,norlane-vic-3214,"7 | Norlane 3214 | $466,000 | - | – | View →"
/regions/greater-geelong,,8,clifton-springs-vic-3222,"8 | Clifton Springs 3222 | $667,500 | - | – | View →"
/regions/greater-geelong,,9,hamlyn-heights-vic-3215,"9 | Hamlyn Heights 3215 | $722,500 | - | – | View →"
/regions/greater-geelong,,10,mount-duneed-vic-3216,"10 | Mount Duneed 3216 | $710,000 | - | – | View →"
/regions/greater-geelong,,11,geelong-vic-3220,"11 | Geelong 3220 | $865,500 | - | – | View →"
/regions/greater-geelong,,12,bell-park-vic-3215,"12 | Bell Park 3215 | $620,000 | - | – | View →"
/regions/greater-geelong,,13,bell-post-hill-vic-3215,"13 | Bell Post Hill 3215 | $661,300 | - | – | View →"
/regions/greater-geelong,,14,drysdale-vic-3222,"14 | Drysdale 3222 | $745,000 | - | – | View →"
/regions/greater-geelong,,15,waurn-ponds-vic-3216,"15 | Waurn Ponds 3216 | $780,000 | - | – | View →"
/regions/greater-geelong,,16,st-albans-park-vic-3219,"16 | St Albans Park 3219 | $651,300 | - | – | View →"
/regions/greater-geelong,,17,newcomb-vic-3219,"17 | Newcomb 3219 | $567,500 | - | – | View →"
/regions/greater-geelong,,18,portarlington-vic-3223,"18 | Portarlington 3223 | $890,000 | - | – | View →"
/regions/greater-geelong,,19,east-geelong-vic-3219,"19 | East Geelong 3219 | $790,000 | - | – | View →"
/regions/greater-geelong,,20,whittington-vic-3219,"20 | Whittington 3219 | $557,500 | - | – | View →"
/regions/greater-geelong,,21,norlane-vic-3214,"1 | Norlane 3214 | $466,000 | - | View →"
/regions/greater-geelong,,22,corio-vic-3214,"2 | Corio 3214 | $513,500 | - | View →"
/regions/greater-geelong,,23,whittington-vic-3219,"3 | Whittington 3219 | $557,500 | - | View →"
/regions/greater-geelong,,24,newcomb-vic-3219,"4 | Newcomb 3219 | $567,500 | - | View →"
/regions/greater-geelong,,25,breakwater-vic-3219,"5 | Breakwater 3219 | $602,500 | - | View →"
/regions/greater-geelong,,26,bell-park-vic-3215,"6 | Bell Park 3215 | $620,000 | - | View →"
/regions/greater-geelong,,27,north-geelong-vic-3215,"7 | North Geelong 3215 | $641,000 | - | View →"
/regions/greater-geelong,,28,st-albans-park-vic-3219,"8 | St Albans Park 3219 | $651,300 | - | View →"
/regions/greater-geelong,,29,wandana-heights-vic-3216,"1 | Wandana Heights 3216 | $1,212,000 | View →"
/regions/greater-geelong,,30,point-lonsdale-vic-3225,"2 | Point Lonsdale 3225 | $1,200,000 | View →"
/regions/greater-geelong,,31,ocean-grove-vic-3226,"3 | Ocean Grove 3226 | $960,000 | View →"
/regions/greater-geelong,,32,fyansford-vic-3221,"4 | Fyansford 3221 | $955,000 | View →"
/regions/greater-geelong,,33,highton-vic-3216,"5 | Highton 3216 | $892,500 | View →"
/regions/greater-geelong,,34,portarlington-vic-3223,"6 | Portarlington 3223 | $890,000 | View →"
/regions/greater-geelong,,35,geelong-vic-3220,"7 | Geelong 3220 | $865,500 | View →"
/regions/greater-geelong,,36,indented-head-vic-3223,"8 | Indented Head 3223 | $825,000 | View →"
/regions/greater-geelong,,37,bell-park-vic-3215,"Bell Park 3215 $620,000 Units $530,000"
/regions/greater-geelong,,38,bell-post-hill-vic-3215,"Bell Post Hill 3215 $661,300 Units $450,000"
/regions/greater-geelong,,39,belmont-vic-3216,"Belmont 3216 $686,000 Units $520,000"
/regions/greater-geelong,,40,breakwater-vic-3219,"Breakwater 3219 $602,500 Units $223,200"
/regions/greater-geelong,,41,clifton-springs-vic-3222,"Clifton Springs 3222 $667,500 Units $441,000"
/regions/greater-geelong,,42,corio-vic-3214,"Corio 3214 $513,500 Units $325,000"
/regions/greater-geelong,,43,curlewis-vic-3222,"Curlewis 3222 $630,000 Units $269,280"
/regions/greater-geelong,,44,drysdale-vic-3222,"Drysdale 3222 $745,000 Units $550,000"
/regions/greater-geelong,,45,east-geelong-vic-3219,"East Geelong 3219 $790,000 Units $474,500"
/regions/greater-geelong,,46,fyansford-vic-3221,"Fyansford 3221 $955,000 Units $343,440"
/regions/greater-geelong,,47,geelong-vic-3220,"Geelong 3220 $865,500 Units $650,000"
/regions/greater-geelong,,48,grovedale-vic-3216,"Grovedale 3216 $675,000 Units $507,000"
/regions/greater-geelong,,49,hamlyn-heights-vic-3215,"Hamlyn Heights 3215 $722,500 Units $630,000"
/regions/greater-geelong,,50,highton-vic-3216,"Highton 3216 $892,500 Units $550,000"
/regions/greater-geelong,,51,indented-head-vic-3223,"Indented Head 3223 $825,000 Units $264,240"
/regions/greater-geelong,,52,lara-vic-3212,"Lara 3212 $687,500 Units $466,000"
/regions/greater-geelong,,53,leopold-vic-3224,"Leopold 3224 $675,000 Units $500,000"
/regions/greater-geelong,,54,lovely-banks-vic-3221,"Lovely Banks 3221 $698,000 Units $343,440"
/regions/greater-geelong,,55,marshall-vic-3216,"Marshall 3216 $660,000 Units $274,320"
/regions/greater-geelong,,56,mount-duneed-vic-3216,"Mount Duneed 3216 $710,000 Units $274,320"
/regions/greater-geelong,,57,newcomb-vic-3219,"Newcomb 3219 $567,500 Units $458,000"
/regions/greater-geelong,,58,norlane-vic-3214,"Norlane 3214 $466,000 Units $438,500"
/regions/greater-geelong,,59,north-geelong-vic-3215,"North Geelong 3215 $641,000 Units $497,500"
/regions/greater-geelong,,60,north-shore-vic-3214,"North Shore 3214 $830,000 Units $200,160"
/regions/greater-geelong,,61,ocean-grove-vic-3226,"Ocean Grove 3226 $960,000 Units $847,000"
/regions/greater-geelong,,62,point-lonsdale-vic-3225,"Point Lonsdale 3225 $1,200,000 Units $316,800"
/regions/greater-geelong,,63,portarlington-vic-3223,"Portarlington 3223 $890,000 Units $520,000"
/regions/greater-geelong,,64,queenscliff-vic-3225,"Queenscliff 3225 $1,450,000 Units $316,800"
/regions/greater-geelong,,65,rippleside-vic-3215,"Rippleside 3215 $1,230,000 Units $680,000"
/regions/greater-geelong,,66,south-geelong-vic-3220,"South Geelong 3220 $682,500 Units $332,640"
/regions/greater-geelong,,67,st-albans-park-vic-3219,"St Albans Park 3219 $651,300 Units $496,500"
/regions/greater-geelong,,68,st-leonards-vic-3223,"St Leonards 3223 $650,000 Units $415,000"
/regions/greater-geelong,,69,wandana-heights-vic-3216,"Wandana Heights 3216 $1,212,000 Units $274,320"
/regions/greater-geelong,,70,waurn-ponds-vic-3216,"Waurn Ponds 3216 $780,000 Units $274,320"
/regions/greater-geelong,,71,whittington-vic-3219,"Whittington 3219 $557,500 Units $405,000"
/regions/greater-geelong,,tiles,,"Median house price in Geelong. Median house $688K median of suburb medians Median unit $441K median of suburb medians Typical annual growth N/A house prices, last 12 months Median house rent $500/wk weekly, across tracked suburbs"
/regions/greater-geelong,,description,,"Geelong house prices 2026: the median house price in Geelong is $687,500. Median house price by suburb for the busiest suburbs, the most affordable and the highest-priced suburbs in the Geelong region, VIC, from verified sales data."
/regions/hobart,,1,sandy-bay-tas-7005,"1 | Sandy Bay 7005 | $1,267,500 | - | – | View →"
/regions/hobart,,2,west-hobart-tas-7000,"2 | West Hobart 7000 | $910,500 | - | – | View →"
/regions/hobart,,3,sandy-bay-tas-7005,"Sandy Bay 7005 $1,267,500 Units $720,000"
/regions/hobart,,4,west-hobart-tas-7000,"West Hobart 7000 $910,500 Units $700,000"
/regions/hobart,,tiles,,"Median house price in Hobart. Median house $1.1M median of suburb medians Median unit $710K median of suburb medians Typical annual growth N/A house prices, last 12 months Median house rent $410/wk weekly, across tracked suburbs"
/regions/hobart,,description,,"Hobart house prices 2026: the median house price in Hobart is $1,089,000. Median house price by suburb for the busiest suburbs, the most affordable and the highest-priced suburbs in the Hobart region, TAS, from verified sales data."
/regions/darwin,,1,karama-nt-0812,"1 | Karama 0812 | $435,000 | - | – | View →"
/regions/darwin,,2,leanyer-nt-0812,"2 | Leanyer 0812 | $597,500 | - | – | View →"
/regions/darwin,,3,nightcliff-nt-0810,"3 | Nightcliff 0810 | $965,000 | - | – | View →"
/regions/darwin,,4,rapid-creek-nt-0810,"4 | Rapid Creek 0810 | $800,000 | - | – | View →"
/regions/darwin,,5,coconut-grove-nt-0810,"5 | Coconut Grove 0810 | $645,000 | - | – | View →"
/regions/darwin,,6,millner-nt-0810,"6 | Millner 0810 | $595,000 | - | – | View →"
/regions/darwin,,7,tiwi-nt-0810,"7 | Tiwi 0810 | $500,000 | - | – | View →"
/regions/darwin,,8,wulagi-nt-0812,"8 | Wulagi 0812 | $532,500 | - | – | View →"
/regions/darwin,,9,anula-nt-0812,"9 | Anula 0812 | $530,000 | - | – | View →"
/regions/darwin,,10,alawa-nt-0810,"10 | Alawa 0810 | $575,000 | - | – | View →"
/regions/darwin,,11,wagaman-nt-0810,"11 | Wagaman 0810 | $470,000 | - | – | View →"
/regions/darwin,,12,moil-nt-0810,"12 | Moil 0810 | $550,000 | - | – | View →"
/regions/darwin,,13,jingili-nt-0810,"13 | Jingili 0810 | $649,000 | - | – | View →"
/regions/darwin,,14,wanguri-nt-0810,"14 | Wanguri 0810 | $627,500 | - | – | View →"
/regions/darwin,,15,karama-nt-0812,"1 | Karama 0812 | $435,000 | - | View →"
/regions/darwin,,16,wagaman-nt-0810,"2 | Wagaman 0810 | $470,000 | - | View →"
/regions/darwin,,17,tiwi-nt-0810,"3 | Tiwi 0810 | $500,000 | - | View →"
/regions/darwin,,18,anula-nt-0812,"4 | Anula 0812 | $530,000 | - | View →"
/regions/darwin,,19,wulagi-nt-0812,"5 | Wulagi 0812 | $532,500 | - | View →"
/regions/darwin,,20,moil-nt-0810,"6 | Moil 0810 | $550,000 | - | View →"
/regions/darwin,,21,alawa-nt-0810,"7 | Alawa 0810 | $575,000 | - | View →"
/regions/darwin,,22,millner-nt-0810,"8 | Millner 0810 | $595,000 | - | View →"
/regions/darwin,,23,nightcliff-nt-0810,"1 | Nightcliff 0810 | $965,000 | View →"
/regions/darwin,,24,rapid-creek-nt-0810,"2 | Rapid Creek 0810 | $800,000 | View →"
/regions/darwin,,25,jingili-nt-0810,"3 | Jingili 0810 | $649,000 | View →"
/regions/darwin,,26,coconut-grove-nt-0810,"4 | Coconut Grove 0810 | $645,000 | View →"
/regions/darwin,,27,wanguri-nt-0810,"5 | Wanguri 0810 | $627,500 | View →"
/regions/darwin,,28,leanyer-nt-0812,"6 | Leanyer 0812 | $597,500 | View →"
/regions/darwin,,29,millner-nt-0810,"7 | Millner 0810 | $595,000 | View →"
/regions/darwin,,30,alawa-nt-0810,"8 | Alawa 0810 | $575,000 | View →"
/regions/darwin,,31,alawa-nt-0810,"Alawa 0810 $575,000 Units $240,000"
/regions/darwin,,32,anula-nt-0812,"Anula 0812 $530,000 Units $316,800"
/regions/darwin,,33,coconut-grove-nt-0810,"Coconut Grove 0810 $645,000 Units $355,000"
/regions/darwin,,34,jingili-nt-0810,"Jingili 0810 $649,000 Units $326,160"
/regions/darwin,,35,karama-nt-0812,"Karama 0812 $435,000 Units $235,000"
/regions/darwin,,36,leanyer-nt-0812,"Leanyer 0812 $597,500 Units $330,000"
/regions/darwin,,37,millner-nt-0810,"Millner 0810 $595,000 Units $272,500"
/regions/darwin,,38,moil-nt-0810,"Moil 0810 $550,000 Units $326,160"
/regions/darwin,,39,nightcliff-nt-0810,"Nightcliff 0810 $965,000 Units $351,000"
/regions/darwin,,40,rapid-creek-nt-0810,"Rapid Creek 0810 $800,000 Units $408,000"
/regions/darwin,,41,tiwi-nt-0810,"Tiwi 0810 $500,000 Units $390,000"
/regions/darwin,,42,wagaman-nt-0810,"Wagaman 0810 $470,000 Units $326,160"
/regions/darwin,,43,wanguri-nt-0810,"Wanguri 0810 $627,500 Units $326,160"
/regions/darwin,,44,wulagi-nt-0812,"Wulagi 0812 $532,500 Units $316,800"
/regions/darwin,,tiles,,"Median house price in Darwin. Median house $585K median of suburb medians Median unit $326K median of suburb medians Typical annual growth N/A house prices, last 12 months Median house rent $345/wk weekly, across tracked suburbs"
/regions/darwin,,description,,"Darwin house prices 2026: the median house price in Darwin is $585,000. Median house price by suburb for the busiest suburbs, the most affordable and the highest-priced suburbs in the Darwin region, NT, from verified sales data."
/regions/bayside,,1,maroubra-nsw-2035,"1 | Maroubra 2035 | $3,000,000 | -2.4% | 263 | View →"
/regions/bayside,,2,bexley-nsw-2207,"2 | Bexley 2207 | $1,787,000 | +3.3% | 136 | View →"
/regions/bayside,,3,matraville-nsw-2036,"3 | Matraville 2036 | $2,590,000 | -2.3% | 129 | View →"
/regions/bayside,,4,kingsgrove-nsw-2208,"4 | Kingsgrove 2208 | $1,830,000 | -2.9% | 125 | View →"
/regions/bayside,,5,kingsford-nsw-2032,"5 | Kingsford 2032 | $2,875,000 | +6.5% | 91 | View →"
/regions/bayside,,6,arncliffe-nsw-2205,"6 | Arncliffe 2205 | $1,850,000 | +2.8% | 86 | View →"
/regions/bayside,,7,botany-nsw-2019,"7 | Botany 2019 | $2,130,000 | +9.2% | 77 | View →"
/regions/bayside,,8,rosebery-nsw-2018,"8 | Rosebery 2018 | $2,299,000 | -0.3% | 69 | View →"
/regions/bayside,,9,rockdale-nsw-2216,"9 | Rockdale 2216 | $1,850,000 | +10.9% | 59 | View →"
/regions/bayside,,10,carlton-nsw-2218,"10 | Carlton 2218 | $1,830,000 | +2.3% | 56 | View →"
/regions/bayside,,11,bexley-north-nsw-2207,"11 | Bexley North 2207 | $1,810,000 | -1.0% | 53 | View →"
/regions/bayside,,12,banksia-nsw-2216,"12 | Banksia 2216 | $1,730,000 | - | 45 | View →"
/regions/bayside,,13,chifley-nsw-2036,"13 | Chifley 2036 | $2,700,000 | +1.3% | 43 | View →"
/regions/bayside,,14,eastlakes-nsw-2018,"14 | Eastlakes 2018 | $2,177,500 | +9.7% | 32 | View →"
/regions/bayside,,15,little-bay-nsw-2036,"15 | Little Bay 2036 | $2,775,000 | +6.7% | 32 | View →"
/regions/bayside,,16,malabar-nsw-2036,"16 | Malabar 2036 | $3,400,000 | - | 29 | View →"
/regions/bayside,,17,bardwell-park-nsw-2207,"17 | Bardwell Park 2207 | $1,975,000 | +5.3% | 29 | View →"
/regions/bayside,,18,pagewood-nsw-2035,"18 | Pagewood 2035 | $2,600,000 | +0.5% | 24 | View →"
/regions/bayside,,19,bardwell-valley-nsw-2207,"19 | Bardwell Valley 2207 | $1,905,000 | +3.0% | 24 | View →"
/regions/bayside,,20,hillsdale-nsw-2036,"20 | Hillsdale 2036 | $895,000 | - | 20 | View →"
/regions/bayside,,21,allawah-nsw-2218,"1 | Allawah 2218 | $2,060,000 | +11.8% | View →"
/regions/bayside,,22,rockdale-nsw-2216,"2 | Rockdale 2216 | $1,850,000 | +10.9% | View →"
/regions/bayside,,23,eastlakes-nsw-2018,"3 | Eastlakes 2018 | $2,177,500 | +9.7% | View →"
/regions/bayside,,24,botany-nsw-2019,"4 | Botany 2019 | $2,130,000 | +9.2% | View →"
/regions/bayside,,25,little-bay-nsw-2036,"5 | Little Bay 2036 | $2,775,000 | +6.7% | View →"
/regions/bayside,,26,kingsford-nsw-2032,"6 | Kingsford 2032 | $2,875,000 | +6.5% | View →"
/regions/bayside,,27,bardwell-park-nsw-2207,"7 | Bardwell Park 2207 | $1,975,000 | +5.3% | View →"
/regions/bayside,,28,turrella-nsw-2205,"8 | Turrella 2205 | $1,802,800 | +3.5% | View →"
/regions/bayside,,29,hillsdale-nsw-2036,"1 | Hillsdale 2036 | $895,000 | - | View →"
/regions/bayside,,30,hampton-east-vic-3188,"2 | Hampton East 3188 | $1,605,000 | - | View →"
/regions/bayside,,31,banksia-nsw-2216,"3 | Banksia 2216 | $1,730,000 | - | View →"
/regions/bayside,,32,bexley-nsw-2207,"4 | Bexley 2207 | $1,787,000 | +3.3% | View →"
/regions/bayside,,33,turrella-nsw-2205,"5 | Turrella 2205 | $1,802,800 | +3.5% | View →"
/regions/bayside,,34,bexley-north-nsw-2207,"6 | Bexley North 2207 | $1,810,000 | -1.0% | View →"
/regions/bayside,,35,kingsgrove-nsw-2208,"7 | Kingsgrove 2208 | $1,830,000 | -2.9% | View →"
/regions/bayside,,36,carlton-nsw-2218,"8 | Carlton 2218 | $1,830,000 | +2.3% | View →"
/regions/bayside,,37,malabar-nsw-2036,"1 | Malabar 2036 | $3,400,000 | View →"
/regions/bayside,,38,eastgardens-nsw-2036,"2 | Eastgardens 2036 | $3,200,000 | View →"
/regions/bayside,,39,maroubra-nsw-2035,"3 | Maroubra 2035 | $3,000,000 | View →"
/regions/bayside,,40,kingsford-nsw-2032,"4 | Kingsford 2032 | $2,875,000 | View →"
/regions/bayside,,41,little-bay-nsw-2036,"5 | Little Bay 2036 | $2,775,000 | View →"
/regions/bayside,,42,chifley-nsw-2036,"6 | Chifley 2036 | $2,700,000 | View →"
/regions/bayside,,43,pagewood-nsw-2035,"7 | Pagewood 2035 | $2,600,000 | View →"
/regions/bayside,,44,matraville-nsw-2036,"8 | Matraville 2036 | $2,590,000 | View →"
/regions/bayside,,45,allawah-nsw-2218,"Allawah 2218 $2,060,000 Units $343,440"
/regions/bayside,,46,arncliffe-nsw-2205,"Arncliffe 2205 $1,850,000 Units $377,280"
/regions/bayside,,47,banksia-nsw-2216,"Banksia 2216 $1,730,000 Units $351,360"
/regions/bayside,,48,banksmeadow-nsw-2019,"Banksmeadow 2019 $429,000 Units $970,000"
/regions/bayside,,49,bardwell-park-nsw-2207,"Bardwell Park 2207 $1,975,000 Units $383,760"
/regions/bayside,,50,bardwell-valley-nsw-2207,"Bardwell Valley 2207 $1,905,000 Units $383,760"
/regions/bayside,,51,beaumaris-vic-3192,"Beaumaris 3192 $2,130,000 Units $1,097,500"
/regions/bayside,,52,beaumaris-vic-3193,"Beaumaris 3193 $2,130,000 Units $1,097,500"
/regions/bayside,,53,bexley-nsw-2207,"Bexley 2207 $1,787,000 Units $383,760"
/regions/bayside,,54,bexley-north-nsw-2207,"Bexley North 2207 $1,810,000 Units $383,760"
/regions/bayside,,55,black-rock-vic-3193,"Black Rock 3193 $2,280,000 Units $1,200,000"
/regions/bayside,,56,botany-nsw-2019,"Botany 2019 $2,130,000 Units $885,000"
/regions/bayside,,57,brighton-vic-3186,"Brighton 3186 $3,550,000 Units $1,125,000"
/regions/bayside,,58,carlton-nsw-2218,"Carlton 2218 $1,830,000 Units $343,440"
/regions/bayside,,59,cheltenham-vic-3192,"Cheltenham 3192 $1,302,500 Units $675,000"
/regions/bayside,,60,cheltenham-east-vic-3192,"Cheltenham East 3192 $1,130,000 Units $737,500"
/regions/bayside,,61,cheltenham-north-vic-3192,"Cheltenham North 3192 $1,042,500 Units $597,500"
/regions/bayside,,62,chifley-nsw-2036,"Chifley 2036 $2,700,000 Units $437,040"
/regions/bayside,,63,daceyville-nsw-2032,"Daceyville 2032 $2,040,000 Units $475,200"
/regions/bayside,,64,eastgardens-nsw-2036,"Eastgardens 2036 $3,200,000 Units $437,040"
/regions/bayside,,65,eastlakes-nsw-2018,"Eastlakes 2018 $2,177,500 Units $690,000"
/regions/bayside,,66,hampton-vic-3188,"Hampton 3188 $2,225,000 Units $950,000"
/regions/bayside,,67,hampton-east-vic-3188,"Hampton East 3188 $1,605,000 Units $1,050,000"
/regions/bayside,,68,hillsdale-nsw-2036,"Hillsdale 2036 $895,000 Units $437,040"
/regions/bayside,,69,kingsford-nsw-2032,"Kingsford 2032 $2,875,000 Units $907,500"
/regions/bayside,,70,kingsgrove-nsw-2208,"Kingsgrove 2208 $1,830,000 Units $411,840"
/regions/bayside,,71,kyeemagh-nsw-2216,"Kyeemagh 2216 $2,067,000 Units $351,360"
/regions/bayside,,72,little-bay-nsw-2036,"Little Bay 2036 $2,775,000 Units $437,040"
/regions/bayside,,73,malabar-nsw-2036,"Malabar 2036 $3,400,000 Units $437,040"
/regions/bayside,,74,maroubra-nsw-2035,"Maroubra 2035 $3,000,000 Units $475,200"
/regions/bayside,,75,matraville-nsw-2036,"Matraville 2036 $2,590,000 Units $437,040"
/regions/bayside,,76,pagewood-nsw-2035,"Pagewood 2035 $2,600,000 Units $475,200"
/regions/bayside,,77,phillip-bay-nsw-2036,"Phillip Bay 2036 $2,500,000 Units $437,040"
/regions/bayside,,78,rockdale-nsw-2216,"Rockdale 2216 $1,850,000 Units $351,360"
/regions/bayside,,79,rosebery-nsw-2018,"Rosebery 2018 $2,299,000 Units $396,000"
/regions/bayside,,80,sandringham-vic-3191,"Sandringham 3191 $2,107,500 Units $706,300"
/regions/bayside,,81,turrella-nsw-2205,"Turrella 2205 $1,802,800 Units $377,280"
/regions/bayside,,82,wolli-creek-nsw-2205,"Wolli Creek 2205 $2,379,261 Units $782,500"
/regions/bayside,,tiles,,"Median house price in Bayside. Median house $2.1M median of suburb medians Median unit $437K median of suburb medians Typical annual growth +3% house prices, last 12 months Median house rent $980/wk weekly, across tracked suburbs"
/regions/bayside,,description,,"Bayside house prices 2026: the median house price in Bayside is $2,087,250. Median house price by suburb for the busiest suburbs, twelve-month growth, the fastest-rising and most affordable suburbs in the Bayside region, NSW, from verified sales data."
/postcodes/2026,,7,bondi-beach-nsw-2026,"Bondi Beach NSW 2026 +1.4% Median house $4,390,000 Median unit $538,560 Schools 3"
/postcodes/2026,,8,bondi-nsw-2026,"Bondi NSW 2026 +13.9% Median house $4,300,000 Median unit $538,560 Schools 3"
/postcodes/2026,,9,north-bondi-nsw-2026,"North Bondi NSW 2026 -4.7% Median house $4,385,000 Median unit $538,560"
/postcodes/2026,,10,tamarama-nsw-2026,"Tamarama NSW 2026 -18.9% Median house $7,100,000 Median unit $538,560"
/postcodes/2026,,description,,"Postcode 2026 is Bondi Beach, Bondi, North Bondi and 2 more in NSW. Average median house price $5,043,750. Browse suburb profiles, schools and property data."
/postcodes/2850,,9,mudgee-nsw-2850,"Mudgee NSW 2850 +2.6% Median house $698,000 Median unit $510,000 Schools 4"
/postcodes/2850,,10,hargraves-nsw-2850,"Hargraves NSW 2850 Median house $310,000 Median unit $274,320 Schools 1"
/postcodes/2850,,11,cooks-gap-nsw-2850,"Cooks Gap NSW 2850 Median house $782,500 Median unit $274,320"
/postcodes/2850,,12,bombira-nsw-2850,"Bombira NSW 2850 -5.6% Median house $1,435,000 Median unit $274,320"
/postcodes/2850,,13,yarrawonga-nsw-2850,"Yarrawonga NSW 2850 Median house $675,000 Median unit $274,320"
/postcodes/2850,,14,spring-flat-nsw-2850,"Spring Flat NSW 2850 +16.0% Median house $1,392,500 Median unit $274,320"
/postcodes/2850,,15,putta-bucca-nsw-2850,"Putta Bucca NSW 2850 -6.7% Median house $1,400,000 Median unit $274,320"
/postcodes/2850,,16,windeyer-nsw-2850,"Windeyer NSW 2850 Median house $465,000 Median unit $274,320"
/postcodes/2850,,17,caerleon-nsw-2850,"Caerleon NSW 2850 +4.8% Median house $712,500 Median unit $274,320"
/postcodes/2850,,description,,"Postcode 2850 is Mudgee, Hargraves, Lue and 76 more in NSW. Average median house price $874,500. Browse suburb profiles, schools and property data."
/postcodes/3101,,12,kew-vic-3101,"Kew VIC 3101 Median house $2,810,500 Median unit $861,000 Schools 11"
/postcodes/3101,,description,,"Postcode 3101 is Kew, Cotham in VIC. Average median house price $2,810,500. Browse suburb profiles, schools and property data."
/postcodes/4211,,15,carrara-qld-4211,"Carrara QLD 4211 Median house $1,100,000 Median unit $742,000 Schools 2"
/postcodes/4211,,16,highland-park-qld-4211,"Highland Park QLD 4211 Median house $961,300 Median unit $595,000 Schools 1"
/postcodes/4211,,description,,"Postcode 4211 is Nerang, Pacific Pines, Carrara and 14 more in QLD. Average median house price $1,030,650. Browse suburb profiles, schools and property data."
/postcodes/4510,,24,upper-caboolture-qld-4510,"Upper Caboolture QLD 4510 Median house $1,063,750 Median unit $251,280"
/postcodes/4510,,description,,"Postcode 4510 is Caboolture, Caboolture South, Bellmere and 8 more in QLD. Average median house price $1,063,750. Browse suburb profiles, schools and property data."
/postcodes/5000,,12,adelaide-sa-5000,"Adelaide SA 5000 Median house $1,555,000 Median unit $274,320 Schools 11"
/postcodes/5000,,description,,"Postcode 5000 is Adelaide, Halifax Street, Hutt Street and 2 more in SA. Average median house price $1,555,000. Browse suburb profiles, schools and property data."
/postcodes/5162,,15,morphett-vale-sa-5162,"Morphett Vale SA 5162 +15.0% Median house $824,000 Median unit $205,920 Schools 12"
/postcodes/5162,,16,woodcroft-sa-5162,"Woodcroft SA 5162 +10.2% Median house $914,500 Median unit $205,920 Schools 2"
/postcodes/5162,,description,,"Postcode 5162 is Morphett Vale, Woodcroft in SA. Average median house price $869,250. Browse suburb profiles, schools and property data."
/postcodes/7000,,10,west-hobart-tas-7000,"West Hobart TAS 7000 Median house $910,500 Median unit $700,000 Schools 2"
/postcodes/7000,,description,,"Postcode 7000 is West Hobart, Hobart, North Hobart and 3 more in TAS. Average median house price $910,500. Browse suburb profiles, schools and property data."
/postcodes/0810,,17,nightcliff-nt-0810,"Nightcliff NT 0810 Median house $965,000 Median unit $351,000 Schools 2"
/postcodes/0810,,18,rapid-creek-nt-0810,"Rapid Creek NT 0810 Median house $800,000 Median unit $408,000 Schools 2"
/postcodes/0810,,19,millner-nt-0810,"Millner NT 0810 Median house $595,000 Median unit $272,500 Schools 1"
/postcodes/0810,,20,tiwi-nt-0810,"Tiwi NT 0810 Median house $500,000 Median unit $390,000 Schools 2"
/postcodes/0810,,21,alawa-nt-0810,"Alawa NT 0810 Median house $575,000 Median unit $240,000 Schools 2"
/postcodes/0810,,22,wagaman-nt-0810,"Wagaman NT 0810 Median house $470,000 Median unit $326,160 Schools 1"
/postcodes/0810,,23,moil-nt-0810,"Moil NT 0810 Median house $550,000 Median unit $326,160 Schools 2"
/postcodes/0810,,24,jingili-nt-0810,"Jingili NT 0810 Median house $649,000 Median unit $326,160 Schools 1"
/postcodes/0810,,25,wanguri-nt-0810,"Wanguri NT 0810 Median house $627,500 Median unit $326,160 Schools 2"
/postcodes/0810,,26,coconut-grove-nt-0810,"Coconut Grove NT 0810 Median house $645,000 Median unit $355,000"
/postcodes/0810,,description,,"Postcode 0810 is Nightcliff, Rapid Creek, Millner and 13 more in NT. Average median house price $637,650. Browse suburb profiles, schools and property data."
/postcodes/2602,,11,watson-act-2602,"Watson ACT 2602 Median house $1,105,000 Median unit $617,500 Schools 2"
/postcodes/2602,,12,lyneham-act-2602,"Lyneham ACT 2602 Median house $1,232,500 Median unit $545,000 Schools 3"
/postcodes/2602,,13,ainslie-act-2602,"Ainslie ACT 2602 Median house $1,500,000 Median unit $343,440 Schools 1"
/postcodes/2602,,14,dickson-act-2602,"Dickson ACT 2602 Median house $1,110,350 Median unit $625,000 Schools 3"
/postcodes/2602,,15,hackett-act-2602,"Hackett ACT 2602 Median house $1,200,000 Median unit $845,000 Schools 1"
/postcodes/2602,,16,downer-act-2602,"Downer ACT 2602 Median house $1,151,000 Median unit $709,500"
/postcodes/2602,,description,,"Postcode 2602 is Watson, Lyneham, Ainslie and 4 more in ACT. Average median house price $1,216,475. Browse suburb profiles, schools and property data."
/search?q=kew,"noindex, follow",1,bakewell-nt-0832,NT · 0832 Bakewell Median $485K See profile
/search?q=kew,"noindex, follow",2,kew-vic-3101,VIC · 3101 Kew Median $2.8M See profile
/search?q=kew,"noindex, follow",3,kew-nsw-2439,NSW · 2439 Kew Median $800K See profile
/search?q=kew,"noindex, follow",4,kewdale-wa-6105,WA · 6105 Kewdale Median $718K See profile
/search?q=kew,"noindex, follow",5,kew-east-vic-3102,VIC · 3102 Kew East Median $660K See profile
/search?q=kew,"noindex, follow",6,lakewood-nsw-2443,NSW · 2443 Lakewood Median $689K See profile
/search?q=spring,"noindex, follow",1,caroline-springs-vic-3023,VIC · 3023 Caroline Springs Median $750K See profile
/search?q=spring,"noindex, follow",2,clifton-springs-vic-3222,VIC · 3222 Clifton Springs Median $668K See profile
/search?q=4510,"noindex, follow",1,upper-caboolture-qld-4510,QLD · 4510 Upper Caboolture Median $1.1M See profile
/search?q=morayfield,"noindex, follow",1,morayfield-qld-4506,QLD · 4506 Morayfield Median $1.1M See profile
/search?q=bondi,"noindex, follow",1,bondi-nsw-2026,NSW · 2026 Bondi Median $4.3M See profile
/search?q=bondi,"noindex, follow",2,bondi-beach-nsw-2026,NSW · 2026 Bondi Beach Median $4.4M See profile
/search?q=bondi,"noindex, follow",3,bondi-junction-nsw-2022,NSW · 2022 Bondi Junction Median $2.6M See profile
/search?q=bondi,"noindex, follow",4,north-bondi-nsw-2026,NSW · 2026 North Bondi Median $4.4M See profile
/find-your-suburb?priority=growth&budget=800k-1.2m&stage=investor&state=VIC,,unmeasured,,Nothing to rank on capital growth yet. We hold no 12-month change for Victoria: the figures we publish there come without one. New South Wales and South Australia have one. Pick another priority and we will match on that.
/find-your-suburb?priority=growth&budget=800k-1.2m&stage=investor&state=NSW,,1,goonellabah-nsw-2480,Match #1 100 Goonellabah NSW 2480 Median up 15.6% over 12 months Median price fits your budget Median $750K 12-month change +15.6% Yield – See profile →
/find-your-suburb?priority=growth&budget=800k-1.2m&stage=investor&state=NSW,,2,mount-annan-nsw-2567,Match #2 100 Mount Annan NSW 2567 Median up 15.1% over 12 months Median price fits your budget Median $1.2M 12-month change +15.1% Yield – See profile →
/find-your-suburb?priority=growth&budget=800k-1.2m&stage=investor&state=NSW,,3,bonnyrigg-nsw-2177,Match #3 100 Bonnyrigg NSW 2177 Median up 20.4% over 12 months Median price fits your budget Median $1.1M 12-month change +20.4% Yield – See profile →
/find-your-suburb?priority=growth&budget=800k-1.2m&stage=investor&state=NSW,,4,warners-bay-nsw-2282,Match #4 100 Warners Bay NSW 2282 Median up 17.6% over 12 months Median price fits your budget Median $1.1M 12-month change +17.6% Yield – See profile →
/find-your-suburb?priority=growth&budget=800k-1.2m&stage=investor&state=NSW,,5,belmont-north-nsw-2280,Match #5 100 Belmont North NSW 2280 Median up 16.0% over 12 months Median price fits your budget Median $980K 12-month change +16.0% Yield – See profile →
/find-your-suburb?priority=growth&budget=800k-1.2m&stage=investor&state=NSW,,6,mittagong-nsw-2575,Match #6 100 Mittagong NSW 2575 Median up 16.8% over 12 months Median price fits your budget Median $1.1M 12-month change +16.8% Yield – See profile →
/find-your-suburb?priority=growth&budget=800k-1.2m&stage=investor&state=NSW,,notes,,"Only suburbs with a published median are matched. Prices are medians of house sales recorded by the NSW Valuer General. A suburb needs five recorded sales in the year before a median is published. Compare your top two Goonellabah vs Mount Annan See them side by side Take the full guide with you. The complete guide to buying property in Australia: what you can really spend, the 2026 schemes state b"
/find-your-suburb?priority=yield&budget=500k-800k&stage=investor&state=NSW,,unmeasured,,"Nothing to rank on rental yield yet. Rents in New South Wales are published by postcode, not by suburb, so there is no rent to set against a suburb's price. Victoria and Queensland have one. Pick another priority and we will match on that."
/find-your-suburb?priority=yield&budget=500k-800k&stage=investor&state=QLD,,1,gracemere-qld-4702,Match #1 100 Gracemere QLD 4702 Gross rental yield around 6.4% Median price fits your budget Area median $430K 12-month change – Yield 6.4% See profile →
/find-your-suburb?priority=yield&budget=500k-800k&stage=investor&state=QLD,,2,edmonton-qld-4869,Match #2 100 Edmonton QLD 4869 Gross rental yield around 6.3% Median price fits your budget Area median $510K 12-month change – Yield 6.3% See profile →
/find-your-suburb?priority=yield&budget=500k-800k&stage=investor&state=QLD,,3,bowen-qld-4805,Match #3 100 Bowen QLD 4805 Gross rental yield around 7.0% Median price fits your budget Area median $435K 12-month change – Yield 7.0% See profile →
/find-your-suburb?priority=yield&budget=500k-800k&stage=investor&state=QLD,,4,mount-louisa-qld-4814,Match #4 100 Mount Louisa QLD 4814 Gross rental yield around 6.4% Median price fits your budget Area median $465K 12-month change – Yield 6.4% See profile →
/find-your-suburb?priority=yield&budget=500k-800k&stage=investor&state=QLD,,5,gatton-qld-4343,Match #5 100 Gatton QLD 4343 Gross rental yield around 6.4% Median price fits your budget Area median $450K 12-month change – Yield 6.4% See profile →
/find-your-suburb?priority=yield&budget=500k-800k&stage=investor&state=QLD,,6,south-mackay-qld-4740,Match #6 100 South Mackay QLD 4740 Gross rental yield around 8.0% Median price fits your budget Area median $425K 12-month change – Yield 8.0% See profile →
/find-your-suburb?priority=yield&budget=500k-800k&stage=investor&state=QLD,,notes,,"Only suburbs with a published median are matched. Prices for Queensland are ABS statistical-area (SA2) medians. An SA2 takes in a suburb and its neighbours, so suburbs in the same area share a figure. Compare your top two Gracemere vs Edmonton See them side by side Take the full guide with you. The complete guide to buying property in Australia: what you can really spend, the 2026 schemes state by"
/find-your-suburb?priority=low-risk&budget=500k-800k&stage=downsizer&state=any,,unmeasured,,Nothing to rank on low natural-hazard risk yet. We hold no flood or bushfire record for these suburbs yet. Pick another priority and we will match on that.
/find-your-suburb?priority=affordability&budget=under-500k&stage=first-home&state=any,,1,glen-innes-nsw-2370,Match #1 100 Glen Innes NSW 2370 Median price fits your budget Median up 14.6% over 12 months Median $413K 12-month change +14.6% Yield – See profile →
/find-your-suburb?priority=affordability&budget=under-500k&stage=first-home&state=any,,2,ashmont-nsw-2650,Match #2 100 Ashmont NSW 2650 Median price fits your budget Median up 17.2% over 12 months Median $478K 12-month change +17.2% Yield – See profile →
/find-your-suburb?priority=affordability&budget=under-500k&stage=first-home&state=any,,3,cobar-nsw-2835,Match #3 100 Cobar NSW 2835 Median price fits your budget Median up 18.9% over 12 months Median $283K 12-month change +18.9% Yield – See profile →
/find-your-suburb?priority=affordability&budget=under-500k&stage=first-home&state=any,,4,gilgandra-nsw-2827,Match #4 100 Gilgandra NSW 2827 Median price fits your budget Median up 24.1% over 12 months Median $335K 12-month change +24.1% Yield – See profile →
/find-your-suburb?priority=affordability&budget=under-500k&stage=first-home&state=any,,5,south-kempsey-nsw-2440,Match #5 100 South Kempsey NSW 2440 Median price fits your budget Median up 18.9% over 12 months Median $440K 12-month change +18.9% Yield – See profile →
/find-your-suburb?priority=affordability&budget=under-500k&stage=first-home&state=any,,6,lightning-ridge-nsw-2834,Match #6 100 Lightning Ridge NSW 2834 Median price fits your budget Median up 23.8% over 12 months Median $195K 12-month change +23.8% Yield – See profile →
/find-your-suburb?priority=affordability&budget=under-500k&stage=first-home&state=any,,notes,,"Only suburbs with a published median are matched. Prices are the medians each suburb's own page publishes: NSW Valuer General sales, Land Victoria and SA Government quarterly medians, and ABS statistical-area (SA2) medians in the other states and territories. Compare your top two Glen Innes vs Ashmont See them side by side Take the full guide with you. The complete guide to buying property in Aust"
/find-your-suburb?priority=schools&budget=1.2m-2m&stage=young-family&state=WA,,1,duncraig-wa-6023,Match #1 100 Duncraig WA 6023 Strong school catchment (avg ICSEA 1110) Median price fits your budget Family-heavy demographic (82% family households) Area media
/find-your-suburb?priority=schools&budget=1.2m-2m&stage=young-family&state=WA,,2,floreat-wa-6014,Match #2 100 Floreat WA 6014 Strong school catchment (avg ICSEA 1171) Median price fits your budget Family-heavy demographic (84% family households) Area median
/find-your-suburb?priority=schools&budget=1.2m-2m&stage=young-family&state=WA,,3,winthrop-wa-6150,Match #3 100 Winthrop WA 6150 Strong school catchment (avg ICSEA 1143) Median price fits your budget Family-heavy demographic (89% family households) Area media
/find-your-suburb?priority=schools&budget=1.2m-2m&stage=young-family&state=WA,,4,bateman-wa-6150,Match #4 100 Bateman WA 6150 Strong school catchment (avg ICSEA 1121) Median price fits your budget Family-heavy demographic (81% family households) Area median
/find-your-suburb?priority=schools&budget=1.2m-2m&stage=young-family&state=WA,,5,willetton-wa-6155,Match #5 99 Willetton WA 6155 Strong school catchment (avg ICSEA 1096) Median price fits your budget Family-heavy demographic (84% family households) Area media
/find-your-suburb?priority=schools&budget=1.2m-2m&stage=young-family&state=WA,,6,bull-creek-wa-6149,Match #6 99 Bull Creek WA 6149 Strong school catchment (avg ICSEA 1158) Median price fits your budget Family-heavy demographic (76% family households) Area medi
/find-your-suburb?priority=schools&budget=1.2m-2m&stage=young-family&state=WA,,notes,,"Only suburbs with a published median are matched. Prices for Western Australia are ABS statistical-area (SA2) medians. An SA2 takes in a suburb and its neighbours, so suburbs in the same area share a figure. Compare your top two Duncraig vs Floreat See them side by side Take the full guide with you. The complete guide to buying property in Australia: what you can really spend, the 2026 schemes sta"
/find-your-suburb?priority=walkability&budget=over-2m&stage=established-family&state=any,,1,epping-nsw-2121,Match #1 100 Epping NSW 2121 Walk Score of 90 Median price fits your budget Strong school catchment (avg ICSEA 1127) Median $2.7M 12-month change +4.2% Yield – 
/find-your-suburb?priority=walkability&budget=over-2m&stage=established-family&state=any,,2,gordon-nsw-2072,Match #2 100 Gordon NSW 2072 Walk Score of 90 Median price fits your budget Strong school catchment (avg ICSEA 1174) Median $3.8M 12-month change – Yield – See 
/find-your-suburb?priority=walkability&budget=over-2m&stage=established-family&state=any,,3,ashburton-vic-3147,Match #3 100 Ashburton VIC 3147 Walk Score of 100 Median price fits your budget Strong school catchment (avg ICSEA 1152) Median $1.9M 12-month change – Yield 1.
/find-your-suburb?priority=walkability&budget=over-2m&stage=established-family&state=any,,4,haberfield-nsw-2045,Match #4 100 Haberfield NSW 2045 Walk Score of 100 Median price fits your budget Strong school catchment (avg ICSEA 1119) Median $3.0M 12-month change +6.9% Yie
/find-your-suburb?priority=walkability&budget=over-2m&stage=established-family&state=any,,5,glen-waverley-vic-3150,Match #5 99 Glen Waverley VIC 3150 Walk Score of 100 Median price fits your budget Strong school catchment (avg ICSEA 1118) Median $1.7M 12-month change – Yield
/find-your-suburb?priority=walkability&budget=over-2m&stage=established-family&state=any,,6,chatswood-nsw-2067,Match #6 99 Chatswood NSW 2067 Walk Score of 100 Median price fits your budget Strong school catchment (avg ICSEA 1140) Median $3.6M 12-month change +5.0% Yield
/find-your-suburb?priority=walkability&budget=over-2m&stage=established-family&state=any,,notes,,"Only suburbs with a published median are matched. Prices are the medians each suburb's own page publishes: NSW Valuer General sales, Land Victoria and SA Government quarterly medians, and ABS statistical-area (SA2) medians in the other states and territories. Compare your top two Epping vs Gordon See them side by side Take the full guide with you. The complete guide to buying property in Australia"
/buy/newport-qld-4020-21613358,,insights,,Insights for Newport $850 Median house rent/wk Walk score: 18 View suburb profile
/buy/dakabin-qld-4503-21611295,,insights,,"Insights for Dakabin $724,000 Area median house price $685 Median house rent/wk View suburb profile"
/buy/28-spearmint-street-griffin-qld-4503,,insights,,Insights for Griffin $600 Median house rent/wk Walk score: 0 View suburb profile
/buy/16-dent-crescent-burpengary-east-qld-4505,,insights,,Insights for Burpengary East $570 Median house rent/wk Walk score: 0 View suburb profile
/buy/4-18-20-wyllie-street-redcliffe-qld-4020,,insights,,"Insights for Redcliffe $785,000 Area median house price $650 Median house rent/wk Walk score: 92 View suburb profile"
/buy/12-lakeview-crescent-north-lakes-qld-4509,,1,north-lakes-qld-4509,"North Lakes || 12 Lakeview Crescent $849,000 <button title=""Save this property"" class=""p-2 rounded-lg border transition-colors disabl"
/buy/12-lakeview-crescent-north-lakes-qld-4509,,insights,,"Insights for North Lakes $820,000 Area median house price $650 Median house rent/wk Walk score: 26 View suburb profile"
/buy/12-lakeview-crescent-north-lakes-qld-4509,,description,,"House for sale at 12 Lakeview Crescent, North Lakes QLD 4509. 4 bedrooms, 2 bathrooms. $849,000. View details and enquire today."
/schools/balmain-public-school-41130/vs/mudgee-public-school-43013,,school_medians,,"Suburb Median House Price $2,920,000 $698,000 Properties near Balm"
/schools/kew-primary-school-44192/vs/morayfield-state-school-46492,,school_medians,,"Suburb Median House Price $2,810,500 $1,095,000 Properties near Ke"
/schools/richmond-primary-school-40137/vs/richmond-primary-school-45126,,school_medians,,"Suburb Median House Price – $1,435,000 Properties near Richmond Pr"
/schools/caboolture-state-school-46663/vs/richmond-primary-school-48493,,school_medians,,"Suburb Median House Price – $1,757,500 Properties near Caboolture "
/schools/richmond-primary-school-49294/vs/griffin-state-school-52245,,school_medians,,Suburb Median House Price – – Properties near Richmond Primary Sch
