page,position,suburb,printed,sales_source,recorded_sales,median_published_on_suburb_page
/best-suburbs/for-families,1,edgecliff-nsw-2027,"NSW | 1,217 | 51%",sales-nsw,8,yes
/best-suburbs/for-families,2,turramurra-nsw-2074,"NSW | 1,176 | 81%",sales-nsw,148,yes
/best-suburbs/for-families,3,mount-claremont-wa-6010,"WA | 1,163 | 74%",sales-wa,0,no
/best-suburbs/for-families,4,hughes-act-2605,"ACT | 1,157 | 72%",sales-abs,0,yes
/best-suburbs/for-families,5,indooroopilly-qld-4068,"QLD | 1,149 | 67%",sales-abs,0,yes
/best-suburbs/for-families,6,aranda-act-2614,"ACT | 1,138 | 79%",sales-abs,0,yes
/best-suburbs/for-families,7,stirling-sa-5152,"SA | 1,136 | 76%",sales-sa,16,yes
/best-suburbs/for-families,8,braddon-act-2612,"ACT | 1,134 | 41%",sales-abs,0,yes
/best-suburbs/for-families,9,randwick-nsw-2031,"NSW | 1,132 | 61%",sales-nsw,151,yes
/best-suburbs/for-families,10,watson-act-2602,"ACT | 1,128 | 66%",sales-abs,0,yes
/best-suburbs/for-families,11,hughesdale-vic-3166,"VIC | 1,123 | 69%",sales-vic,0,yes
/best-suburbs/for-families,12,south-perth-wa-6151,"WA | 1,122 | 58%",sales-wa,0,no
/best-suburbs/for-families,13,oakleigh-vic-3166,"VIC | 1,113 | 68%",sales-vic,0,yes
/best-suburbs/for-families,14,salter-point-wa-6152,"WA | 1,110 | 77%",sales-wa,0,no
/best-suburbs/for-families,15,riverton-wa-6148,"WA | 1,103 | 78%",sales-wa,0,no
/best-suburbs/for-families,16,rapid-creek-nt-0810,"NT | 1,103 | 61%",sales-abs,0,yes
/best-suburbs/for-families,17,bondi-beach-nsw-2026,"NSW | 1,102 | 50%",sales-nsw,41,yes
/best-suburbs/for-families,18,anglesea-vic-3230,"VIC | 1,099 | 69%",sales-vic,0,yes
/best-suburbs/for-families,19,tempe-nsw-2044,"NSW | 1,096 | 74%",sales-nsw,43,yes
/best-suburbs/for-families,20,aspendale-gardens-vic-3195,"VIC | 1,095 | 83%",sales-vic,0,yes
/best-suburbs/for-families,21,newport-nsw-2106,"NSW | 1,093 | 75%",sales-nsw,94,yes
/best-suburbs/for-families,22,chadstone-vic-3148,"VIC | 1,093 | 68%",sales-vic,0,yes
/best-suburbs/for-families,23,briar-hill-vic-3088,"VIC | 1,088 | 73%",sales-vic,0,yes
/best-suburbs/for-families,24,page-act-2614,"ACT | 1,085 | 58%",sales-abs,0,yes
/best-suburbs/for-families,25,rhyll-vic-3923,"VIC | 1,083 | 71%",sales-vic,0,yes
/best-suburbs/for-families,26,somerton-park-sa-5044,"SA | 1,083 | 63%",sales-sa,18,yes
/best-suburbs/for-families,27,mont-albert-north-vic-3129,"VIC | 1,082 | 76%",sales-vic,0,yes
/best-suburbs/for-families,28,kaleen-act-2617,"ACT | 1,081 | 76%",sales-abs,0,yes
/best-suburbs/for-families,29,charlemont-vic-3217,"VIC | 1,078 | 71%",sales-vic,0,yes
/best-suburbs/for-families,30,glenelg-east-sa-5045,"SA | 1,078 | 62%",sales-sa,8,yes
/best-suburbs/for-families,31,mount-nelson-tas-7007,"TAS | 1,078 | 69%",abs-census-2021,0,no
/best-suburbs/for-families,32,manifold-heights-vic-3218,"VIC | 1,075 | 66%",sales-vic,0,yes
/best-suburbs/for-families,33,lockleys-sa-5032,"SA | 1,072 | 69%",sales-sa,27,yes
/best-suburbs/for-families,34,gooseberry-hill-wa-6076,"WA | 1,072 | 81%",sales-wa,0,no
/best-suburbs/for-families,35,leederville-wa-6007,"WA | 1,071 | 56%",sales-wa,0,no
/best-suburbs/for-families,36,maroona-vic-3377,"VIC | 1,064 | 93%",rental-vic,0,no
/best-suburbs/for-families,37,monash-act-2904,"ACT | 1,063 | 72%",sales-abs,0,yes
/best-suburbs/for-families,38,aspley-qld-4034,"QLD | 1,059 | 68%",sales-abs,0,yes
/best-suburbs/for-families,39,osborne-park-wa-6017,"WA | 1,057 | 51%",sales-wa,0,no
/best-suburbs/for-families,40,cairns-north-qld-4870,"QLD | 1,055 | 45%",rental-qld,0,no
/best-suburbs/for-families,41,hurstbridge-vic-3099,"VIC | 1,055 | 82%",sales-vic,0,yes
/best-suburbs/for-families,42,east-victoria-park-wa-6101,"WA | 1,053 | 64%",sales-wa,0,no
/best-suburbs/for-families,43,mortdale-nsw-2223,"NSW | 1,052 | 70%",sales-nsw,91,yes
/best-suburbs/for-families,44,stafford-qld-4053,"QLD | 1,051 | 61%",sales-abs,0,yes
/best-suburbs/for-families,45,shell-cove-nsw-2529,"NSW | 1,049 | 87%",sales-nsw,131,yes
/best-suburbs/for-families,46,newton-sa-5074,"SA | 1,049 | 70%",sales-sa,10,yes
/best-suburbs/for-families,47,wamberal-nsw-2260,"NSW | 1,048 | 80%",sales-nsw,105,yes
/best-suburbs/for-families,48,dayton-wa-6055,"WA | 1,048 | 81%",sales-wa,0,no
/best-suburbs/for-families,49,wandi-wa-6167,"WA | 1,047 | 84%",sales-wa,0,no
/best-suburbs/for-families,50,lancefield-vic-3435,"VIC | 1,044 | 78%",sales-vic,0,yes
/best-suburbs/highest-growth,1,biddon-nsw-2827,NSW | +4612.1% | $2.8M,sales-nsw,1,no
/best-suburbs/highest-growth,2,turill-nsw-2850,NSW | +1220.0% | $825K,sales-nsw,1,no
/best-suburbs/highest-growth,3,dirty-creek-nsw-2456,NSW | +1019.2% | $728K,sales-nsw,2,no
/best-suburbs/highest-growth,4,chullora-nsw-2190,NSW | +1009.2% | $1.4M,sales-abs,5,yes
/best-suburbs/highest-growth,5,blighty-nsw-2713,NSW | +1007.7% | $3.6M,sales-nsw,2,no
/best-suburbs/highest-growth,6,bumbaldry-nsw-2794,NSW | +858.3% | $1.1M,rental-nsw,2,no
/best-suburbs/highest-growth,7,leadville-nsw-2844,NSW | +695.5% | $875K,sales-nsw,1,no
/best-suburbs/highest-growth,8,tullibigeal-nsw-2669,NSW | +675.9% | $1.1M,sales-nsw,2,no
/best-suburbs/highest-growth,9,foxground-nsw-2534,NSW | +597.0% | $2.3M,sales-nsw,1,no
/best-suburbs/highest-growth,10,appletree-flat-nsw-2330,NSW | +591.7% | $415K,sales-nsw,1,no
/best-suburbs/highest-growth,11,coolatai-nsw-2402,NSW | +591.4% | $1.9M,sales-nsw,2,no
/best-suburbs/highest-growth,12,breeza-nsw-2381,NSW | +525.0% | $375K,sales-nsw,2,no
/best-suburbs/highest-growth,13,llangothlin-nsw-2365,NSW | +477.2% | $3.2M,sales-nsw,1,no
/best-suburbs/highest-growth,14,trunkey-creek-nsw-2795,NSW | +452.6% | $525K,sales-nsw,2,no
/best-suburbs/highest-growth,15,bagnoo-nsw-2446,NSW | +405.3% | $955K,sales-nsw,1,no
/best-suburbs/highest-growth,16,martindale-nsw-2328,NSW | +379.4% | $1.6M,sales-nsw,7,yes
/best-suburbs/highest-growth,17,collie-nsw-2827,NSW | +354.5% | $375K,sales-nsw,2,no
/best-suburbs/highest-growth,18,bribbaree-nsw-2594,NSW | +341.7% | $265K,sales-nsw,6,yes
/best-suburbs/highest-growth,19,merrygoen-nsw-2831,NSW | +340.6% | $705K,sales-nsw,4,no
/best-suburbs/highest-growth,20,oakhampton-nsw-2320,NSW | +319.9% | $4.7M,sales-nsw,5,yes
/best-suburbs/highest-growth,21,brays-creek-nsw-2484,NSW | +303.8% | $1.6M,rental-nsw,1,no
/best-suburbs/highest-growth,22,marlow-nsw-2775,NSW | +287.1% | $720K,sales-nsw,2,no
/best-suburbs/highest-growth,23,liston-nsw-2372,NSW | +276.4% | $998K,sales-nsw,2,no
/best-suburbs/highest-growth,24,peats-ridge-nsw-2250,NSW | +262.9% | $8.0M,sales-nsw,1,no
/best-suburbs/highest-growth,25,pindimar-nsw-2324,NSW | +260.0% | $900K,sales-nsw,12,yes
/best-suburbs/highest-growth,26,boree-creek-nsw-2652,NSW | +256.3% | $375K,sales-nsw,1,no
/best-suburbs/highest-growth,27,myola-nsw-2540,NSW | +246.5% | $1.8M,sales-nsw,2,no
/best-suburbs/highest-growth,28,glen-davis-nsw-2846,NSW | +246.4% | $728K,sales-nsw,4,no
/best-suburbs/highest-growth,29,kiora-nsw-2537,NSW | +243.4% | $1.4M,sales-nsw,2,no
/best-suburbs/highest-growth,30,valery-nsw-2454,NSW | +240.2% | $3.3M,sales-nsw,1,no
/best-suburbs/highest-growth,31,bottle-creek-nsw-2469,NSW | +240.0% | $850K,sales-nsw,1,no
/best-suburbs/highest-growth,32,khancoban-nsw-2642,NSW | +237.9% | $319K,sales-nsw,7,yes
/best-suburbs/highest-growth,33,carrs-creek-nsw-2460,NSW | +235.2% | $1.5M,sales-nsw,2,no
/best-suburbs/highest-growth,34,bukkulla-nsw-2360,NSW | +233.3% | $1.1M,sales-nsw,2,no
/best-suburbs/highest-growth,35,bannaby-nsw-2580,NSW | +228.9% | $2M,sales-nsw,1,no
/best-suburbs/highest-growth,36,gumly-gumly-nsw-2652,NSW | +226.3% | $1.6M,sales-nsw,13,yes
/best-suburbs/highest-growth,37,bobin-nsw-2429,NSW | +220.9% | $800K,sales-nsw,1,no
/best-suburbs/highest-growth,38,yarrawa-nsw-2328,NSW | +220.0% | $1.6M,sales-nsw,1,no
/best-suburbs/highest-growth,39,blakebrook-nsw-2480,NSW | +219.5% | $1.1M,sales-nsw,2,no
/best-suburbs/highest-growth,40,mongarlowe-nsw-2622,NSW | +215.2% | $1.3M,sales-nsw,3,no
/best-suburbs/highest-growth,41,stannum-nsw-2371,NSW | +213.2% | $595K,sales-nsw,2,no
/best-suburbs/highest-growth,42,wattamondara-nsw-2794,NSW | +211.1% | $700K,sales-nsw,5,yes
/best-suburbs/highest-growth,43,lower-portland-nsw-2756,NSW | +210.0% | $1.6M,sales-nsw,8,yes
/best-suburbs/highest-growth,44,hampton-nsw-2790,NSW | +204.3% | $1.7M,sales-nsw,6,yes
/best-suburbs/highest-growth,45,premer-nsw-2381,NSW | +200.0% | $180K,sales-nsw,4,no
/best-suburbs/highest-growth,46,erina-heights-nsw-2260,NSW | +194.7% | $2.8M,rental-nsw,3,no
/best-suburbs/highest-growth,47,meryla-nsw-2577,NSW | +189.8% | $1.4M,sales-nsw,3,no
/best-suburbs/highest-growth,48,kingsvale-nsw-2587,NSW | +189.5% | $1.6M,sales-nsw,2,no
/best-suburbs/highest-growth,49,kunama-nsw-2730,NSW | +186.9% | $900K,sales-nsw,1,no
/best-suburbs/highest-growth,50,nullamanna-nsw-2360,NSW | +182.9% | $580K,sales-nsw,1,no
/best-suburbs/most-affordable,1,warrumbungle-nsw-2828,"NSW | $101,000 | –",rental-nsw,0,no
/best-suburbs/most-affordable,2,tonderburine-nsw-2828,"NSW | $101,000 | –",rental-nsw,0,no
/best-suburbs/most-affordable,3,bourbah-nsw-2828,"NSW | $101,000 | –",rental-nsw,0,no
/best-suburbs/most-affordable,4,quanda-nsw-2828,"NSW | $101,000 | –",rental-nsw,0,no
/best-suburbs/most-affordable,5,degarra-qld-4895,"QLD | $101,000 | –",sales-qld,0,no
/best-suburbs/most-affordable,6,mount-tenandra-nsw-2828,"NSW | $101,000 | –",rental-nsw,0,no
/best-suburbs/most-affordable,7,black-hollow-nsw-2828,"NSW | $101,000 | –",rental-nsw,0,no
/best-suburbs/most-affordable,8,bowgada-wa-6623,"WA | $102,000 | –",sales-wa,0,no
/best-suburbs/most-affordable,9,munglinup-wa-6450,"WA | $102,000 | –",sales-wa,0,no
/best-suburbs/most-affordable,10,newdegate-wa-6355,"WA | $103,000 | –",sales-wa,0,no
/best-suburbs/most-affordable,11,coonalpyn-sa-5265,"SA | $103,000 | –",rental-sa,0,no
/best-suburbs/most-affordable,12,field-sa-5265,"SA | $103,000 | –",rental-sa,0,no
/best-suburbs/most-affordable,13,chakola-nsw-2630,"NSW | $103,000 | -89.0%",sales-nsw,1,no
/best-suburbs/most-affordable,14,gairdner-wa-6337,"WA | $104,000 | –",sales-wa,0,no
/best-suburbs/most-affordable,15,hay-south-nsw-2711,"NSW | $105,000 | -17.3%",sales-nsw,7,yes
/best-suburbs/most-affordable,16,bolton-vic-3546,"VIC | $105,000 | –",rental-vic,0,no
/best-suburbs/most-affordable,17,cocamba-vic-3546,"VIC | $105,000 | –",rental-vic,0,no
/best-suburbs/most-affordable,18,kukerin-wa-6352,"WA | $105,000 | –",sales-wa,0,no
/best-suburbs/most-affordable,19,collarenebri-nsw-2833,"NSW | $105,000 | -16.0%",sales-nsw,6,yes
/best-suburbs/most-affordable,20,winnambool-vic-3546,"VIC | $105,000 | –",rental-vic,0,no
/best-suburbs/most-affordable,21,chinkapook-vic-3546,"VIC | $105,000 | –",rental-vic,0,no
/best-suburbs/most-affordable,22,borden-wa-6338,"WA | $105,000 | –",sales-wa,0,no
/best-suburbs/most-affordable,23,turoar-vic-3546,"VIC | $105,000 | –",rental-vic,0,no
/best-suburbs/most-affordable,24,gerahmin-vic-3546,"VIC | $105,000 | –",rental-vic,0,no
/best-suburbs/most-affordable,25,manangatang-vic-3546,"VIC | $105,000 | –",rental-vic,0,no
/best-suburbs/most-affordable,26,augathella-qld-4477,"QLD | $105,000 | –",sales-qld,0,no
/best-suburbs/most-affordable,27,canoona-qld-4702,"QLD | $107,000 | –",sales-qld,0,no
/best-suburbs/most-affordable,28,tammin-wa-6409,"WA | $107,000 | –",sales-wa,0,no
/best-suburbs/most-affordable,29,harrow-vic-3317,"VIC | $107,000 | –",rental-vic,0,no
/best-suburbs/most-affordable,30,wynarka-sa-5306,"SA | $107,000 | –",rental-sa,0,no
/best-suburbs/most-affordable,31,coonong-nsw-2645,"NSW | $108,000 | –",rental-nsw,0,no
/best-suburbs/most-affordable,32,nicholson-qld-4830,"QLD | $108,000 | –",abs-census-2021,0,no
/best-suburbs/most-affordable,33,yuluma-nsw-2645,"NSW | $108,000 | –",rental-nsw,0,no
/best-suburbs/most-affordable,34,gregory-downs-qld-4830,"QLD | $108,000 | –",abs-census-2021,0,no
/best-suburbs/most-affordable,35,gangalidda-qld-4830,"QLD | $108,000 | –",abs-census-2021,0,no
/best-suburbs/most-affordable,36,gregory-qld-4830,"QLD | $108,000 | –",abs-census-2021,0,no
/best-suburbs/most-affordable,37,augustus-downs-qld-4830,"QLD | $108,000 | –",abs-census-2021,0,no
/best-suburbs/most-affordable,38,banca-tas-7265,"TAS | $108,000 | –",abs-census-2021,0,no
/best-suburbs/most-affordable,39,cullivel-nsw-2645,"NSW | $108,000 | –",rental-nsw,0,no
/best-suburbs/most-affordable,40,winnaleah-tas-7265,"TAS | $108,000 | –",abs-census-2021,0,no
/best-suburbs/most-affordable,41,willowra-nt-0872,"NT | $110,000 | –",abs-census-2021,0,no
/best-suburbs/most-affordable,42,woleebee-qld-4419,"QLD | $110,000 | –",abs-census-2021,0,no
/best-suburbs/most-affordable,43,hart-nt-0872,"NT | $110,000 | –",abs-census-2021,0,no
/best-suburbs/most-affordable,44,indulkana-sa-0872,"SA | $110,000 | –",rental-sa,0,no
/best-suburbs/most-affordable,45,kunparrka-nt-0872,"NT | $110,000 | –",abs-census-2021,0,no
/best-suburbs/most-affordable,46,kiwirrkurra-wa-0872,"WA | $110,000 | –",abs-census-2021,0,no
/best-suburbs/most-affordable,47,anatye-nt-0872,"NT | $110,000 | –",abs-census-2021,0,no
/best-suburbs/most-affordable,48,old-plains-wa-6569,"WA | $110,000 | –",abs-census-2021,0,no
/best-suburbs/most-affordable,49,dardadine-wa-6392,"WA | $110,000 | –",sales-wa,0,no
/best-suburbs/most-affordable,50,anmatjere-nt-0872,"NT | $110,000 | –",abs-census-2021,0,no
/best-suburbs/most-walkable,1,dover-heights-nsw-2030,NSW | 100 /100 | $7.4M,sales-nsw,45,yes
/best-suburbs/most-walkable,2,double-bay-nsw-2028,NSW | 100 /100 | $7.3M,sales-nsw,20,yes
/best-suburbs/most-walkable,3,seddon-west-vic-3011,VIC | 100 /100 | $440K,rental-vic,0,no
/best-suburbs/most-walkable,4,north-wonthaggi-vic-3995,VIC | 100 /100 | $615K,sales-vic,0,yes
/best-suburbs/most-walkable,5,charing-cross-nsw-2024,NSW | 100 /100 | $858K,rental-nsw,0,no
/best-suburbs/most-walkable,6,rosebery-nsw-2018,NSW | 100 /100 | $2.3M,sales-nsw,69,yes
/best-suburbs/most-walkable,7,ballarat-west-vic-3350,VIC | 100 /100 | $334K,rental-vic,0,no
/best-suburbs/most-walkable,8,point-piper-nsw-2027,NSW | 100 /100 | $23.5M,sales-nsw,3,no
/best-suburbs/most-walkable,9,south-wharf-vic-3006,VIC | 100 /100 | $418K,rental-vic,0,no
/best-suburbs/most-walkable,10,wonthaggi-vic-3995,VIC | 100 /100 | $490K,sales-vic,0,yes
/best-suburbs/most-walkable,11,north-sydney-nsw-2055,NSW | 100 /100 | –,rental-nsw,0,no
/best-suburbs/most-walkable,12,bondi-junction-nsw-2022,NSW | 100 /100 | $2.6M,sales-nsw,67,yes
/best-suburbs/most-walkable,13,sydney-south-nsw-2000,NSW | 100 /100 | $616K,rental-nsw,0,no
/best-suburbs/most-walkable,14,fountain-gate-vic-3805,VIC | 100 /100 | $404K,rental-vic,0,no
/best-suburbs/most-walkable,15,princes-hill-vic-3054,VIC | 100 /100 | $1.8M,sales-vic,0,yes
/best-suburbs/most-walkable,16,haymarket-nsw-2000,NSW | 100 /100 | $8.4M,sales-nsw,2,no
/best-suburbs/most-walkable,17,woollahra-nsw-2025,NSW | 100 /100 | $5.3M,sales-nsw,85,yes
/best-suburbs/most-walkable,18,queens-park-nsw-2022,NSW | 100 /100 | $3.7M,sales-nsw,38,yes
/best-suburbs/most-walkable,19,bondi-nsw-2026,NSW | 100 /100 | $4.3M,sales-nsw,35,yes
/best-suburbs/most-walkable,20,ballarat-central-vic-3350,VIC | 100 /100 | $575K,sales-vic,0,yes
/best-suburbs/most-walkable,21,tamarama-nsw-2026,NSW | 100 /100 | $7.1M,sales-nsw,15,yes
/best-suburbs/most-walkable,22,melbourne-vic-3004,VIC | 100 /100 | $440K,sales-vic,0,yes
/best-suburbs/most-walkable,23,eveleigh-nsw-2015,NSW | 100 /100 | $1.1M,rental-nsw,9,no
/best-suburbs/most-walkable,24,cheltenham-east-vic-3192,VIC | 100 /100 | $1.1M,sales-vic,0,yes
/best-suburbs/most-walkable,25,rushcutters-bay-nsw-2011,NSW | 100 /100 | $1.2M,sales-nsw,3,no
/best-suburbs/most-walkable,26,bendigo-forward-vic-3551,VIC | 100 /100 | $358K,rental-vic,0,no
/best-suburbs/most-walkable,27,the-rocks-nsw-2000,NSW | 100 /100 | $2.3M,rental-nsw,39,no
/best-suburbs/most-walkable,28,dawes-point-nsw-2000,NSW | 100 /100 | $3.7M,sales-nsw,5,yes
/best-suburbs/most-walkable,29,healesville-post-shop-vic-3777,VIC | 100 /100 | $381K,rental-vic,0,no
/best-suburbs/most-walkable,30,doncaster-heights-vic-3109,VIC | 100 /100 | $528K,rental-vic,0,no
/best-suburbs/most-walkable,31,albany-wa-6330,WA | 100 /100 | $550K,sales-abs,0,yes
/best-suburbs/most-walkable,32,brighton-road-vic-3184,VIC | 100 /100 | $506K,rental-vic,0,no
/best-suburbs/most-walkable,33,ultimo-nsw-2007,NSW | 100 /100 | $1.6M,sales-nsw,22,yes
/best-suburbs/most-walkable,34,broadway-nsw-2007,NSW | 100 /100 | $550K,rental-nsw,0,no
/best-suburbs/most-walkable,35,darlington-nsw-2008,NSW | 100 /100 | $1.9M,sales-nsw,45,yes
/best-suburbs/most-walkable,36,golden-grove-nsw-2008,NSW | 100 /100 | $572K,rental-nsw,0,no
/best-suburbs/most-walkable,37,pyrmont-nsw-2009,NSW | 100 /100 | $2.5M,sales-nsw,15,yes
/best-suburbs/most-walkable,38,darling-island-nsw-2009,NSW | 100 /100 | $616K,rental-nsw,0,no
/best-suburbs/most-walkable,39,mascot-nsw-2020,NSW | 100 /100 | $1.9M,sales-nsw,87,yes
/best-suburbs/most-walkable,40,carlton-south-vic-3053,VIC | 100 /100 | $413K,rental-vic,0,no
/best-suburbs/most-walkable,41,richmond-east-vic-3121,VIC | 100 /100 | $506K,rental-vic,0,no
/best-suburbs/most-walkable,42,darlinghurst-nsw-2010,NSW | 100 /100 | $3.0M,sales-nsw,67,yes
/best-suburbs/most-walkable,43,st-kilda-road-central-vic-3004,VIC | 100 /100 | $440K,rental-vic,0,no
/best-suburbs/most-walkable,44,hawksburn-vic-3142,VIC | 100 /100 | $693K,rental-vic,0,no
/best-suburbs/most-walkable,45,camberwell-south-vic-3124,VIC | 100 /100 | $660K,rental-vic,0,no
/best-suburbs/most-walkable,46,zetland-nsw-2017,NSW | 100 /100 | $2.3M,sales-nsw,13,yes
/best-suburbs/most-walkable,47,noarlunga-centre-sa-5168,SA | 100 /100 | $762K,sales-sa,1,no
/best-suburbs/most-walkable,48,woolloomooloo-nsw-2011,NSW | 100 /100 | $1.9M,sales-nsw,11,yes
/best-suburbs/most-walkable,49,redfern-nsw-2016,NSW | 100 /100 | $2.0M,sales-nsw,104,yes
/best-suburbs/most-walkable,50,surrey-hills-south-vic-3125,VIC | 100 /100 | $550K,rental-vic,0,no
/best-suburbs/lowest-flood-risk,1,abercrombie-nsw-2795,NSW | No data | $833K,sales-nsw,20,yes
/best-suburbs/lowest-flood-risk,2,abercrombie-river-nsw-2795,NSW | No data | $381K,rental-nsw,0,no
/best-suburbs/lowest-flood-risk,3,abingdon-downs-qld-4871,QLD | No data | $286K,abs-census-2021,0,no
/best-suburbs/lowest-flood-risk,4,acton-act-2601,ACT | No data | $429K,abs-census-2021,0,no
/best-suburbs/lowest-flood-risk,5,abbotsford-vic-3067,VIC | No data | $1.3M,sales-vic,0,yes
/best-suburbs/lowest-flood-risk,6,adamstown-nsw-2289,NSW | No data | $1.1M,sales-nsw,93,yes
/best-suburbs/lowest-flood-risk,7,acton-tas-7320,TAS | No data | $240K,abs-census-2021,0,no
/best-suburbs/lowest-flood-risk,8,aberfeldie-vic-3040,VIC | No data | $1.9M,sales-vic,0,yes
/best-suburbs/lowest-flood-risk,9,adaminaby-nsw-2629,NSW | No data | $603K,sales-nsw,10,yes
/best-suburbs/lowest-flood-risk,10,abbey-wa-6280,WA | No data | $384K,sales-wa,0,no
/best-suburbs/lowest-flood-risk,11,abbotsford-nsw-2046,NSW | No data | $3.4M,sales-nsw,24,yes
/best-suburbs/lowest-flood-risk,12,adamstown-heights-nsw-2289,NSW | No data | $1.2M,sales-nsw,115,yes
/best-suburbs/lowest-flood-risk,13,acacia-ridge-qld-4110,QLD | No data | $334K,rental-qld,0,no
/best-suburbs/lowest-flood-risk,14,aberfoyle-park-sa-5159,SA | No data | $940K,sales-sa,32,yes
/best-suburbs/lowest-flood-risk,15,acacia-park-nsw-2350,NSW | No data | $330K,rental-nsw,0,no
/best-suburbs/lowest-flood-risk,16,abbotsbury-nsw-2176,NSW | No data | $1.8M,sales-nsw,43,yes
/best-suburbs/lowest-flood-risk,17,acacia-creek-nsw-2476,NSW | No data | $760K,sales-nsw,1,no
/best-suburbs/lowest-flood-risk,18,adamsvale-wa-6375,WA | No data | $635K,sales-wa,0,no
/best-suburbs/lowest-flood-risk,19,acacia-gardens-nsw-2763,NSW | No data | $1.3M,sales-nsw,61,yes
/best-suburbs/lowest-flood-risk,20,aarons-pass-nsw-2850,NSW | No data | $381K,rental-nsw,0,no
/best-suburbs/lowest-flood-risk,21,abbotsham-tas-7315,TAS | No data | $268K,abs-census-2021,0,no
/best-suburbs/lowest-flood-risk,22,aberdare-nsw-2325,NSW | No data | $673K,sales-nsw,60,yes
/best-suburbs/lowest-flood-risk,23,adams-estate-vic-3984,VIC | No data | $342K,rental-vic,0,no
/best-suburbs/lowest-flood-risk,24,abernethy-nsw-2325,NSW | No data | $698K,sales-nsw,4,no
/best-suburbs/lowest-flood-risk,25,acacia-hills-tas-7306,TAS | No data | $286K,abs-census-2021,0,no
/best-suburbs/lowest-flood-risk,26,acland-qld-4401,QLD | No data | $286K,abs-census-2021,0,no
/best-suburbs/lowest-flood-risk,27,abingdon-downs-qld-4892,QLD | No data | $132K,abs-census-2021,0,no
/best-suburbs/lowest-flood-risk,28,abminga-station-sa-5440,SA | No data | $17K,rental-sa,0,no
/best-suburbs/lowest-flood-risk,29,acacia-plateau-nsw-2476,NSW | No data | $238K,rental-nsw,0,no
/best-suburbs/lowest-flood-risk,30,abbotsford-qld-4670,QLD | No data | $286K,abs-census-2021,0,no
/best-suburbs/lowest-flood-risk,31,aberdeen-tas-7310,TAS | No data | $267K,abs-census-2021,0,no
/best-suburbs/lowest-flood-risk,32,abbeyard-vic-3737,VIC | No data | $308K,rental-vic,0,no
/best-suburbs/lowest-flood-risk,33,aberfeldy-vic-3825,VIC | No data | $238K,rental-vic,0,no
/best-suburbs/lowest-flood-risk,34,aberdeen-nsw-2336,NSW | No data | $600K,sales-nsw,41,yes
/best-suburbs/lowest-flood-risk,35,acheron-vic-3714,VIC | No data | $291K,rental-vic,0,no
/best-suburbs/lowest-flood-risk,36,abington-qld-4660,QLD | No data | $248K,abs-census-2021,0,no
/best-suburbs/lowest-flood-risk,37,abbeywood-qld-4613,QLD | No data | $172K,sales-qld,0,no
/best-suburbs/lowest-flood-risk,38,abergowrie-qld-4850,QLD | No data | $264K,sales-qld,0,no
/best-suburbs/lowest-flood-risk,39,acton-park-tas-7170,TAS | No data | $429K,abs-census-2021,0,no
/best-suburbs/lowest-flood-risk,40,acacia-hills-nt-0822,NT | No data | $440K,abs-census-2021,0,no
/best-suburbs/lowest-flood-risk,41,abercorn-qld-4627,QLD | No data | $77K,sales-qld,0,no
/best-suburbs/lowest-flood-risk,42,aberglasslyn-nsw-2320,NSW | No data | $807K,sales-nsw,139,yes
/best-suburbs/lowest-flood-risk,43,abermain-nsw-2326,NSW | No data | $673K,sales-nsw,62,yes
/best-suburbs/lowest-flood-risk,44,abington-nsw-2350,NSW | No data | $330K,rental-nsw,0,no
/best-suburbs/lowest-flood-risk,45,aberfoyle-nsw-2350,NSW | No data | $5.5M,sales-nsw,1,no
/best-suburbs/lowest-flood-risk,46,acton-park-wa-6280,WA | No data | $550K,sales-wa,0,no
/best-suburbs/lowest-flood-risk,47,abba-river-wa-6280,WA | No data | $489K,sales-wa,0,no
/best-suburbs/lowest-flood-risk,48,abels-bay-tas-7112,TAS | No data | $267K,abs-census-2021,0,no
/best-suburbs/best-rental-yield,1,wilga-west-wa-6243,WA | 94.55% | $200/wk,sales-wa,0,no
/best-suburbs/best-rental-yield,2,coomberdale-wa-6512,WA | 59.09% | $250/wk,sales-wa,0,no
/best-suburbs/best-rental-yield,3,collingullie-nsw-2650,NSW | 47.67% | $550/wk,sales-nsw,3,no
/best-suburbs/best-rental-yield,4,manton-nsw-2582,NSW | 47.15% | $680/wk,sales-nsw,1,no
/best-suburbs/best-rental-yield,5,lake-biddy-wa-6355,WA | 43.33% | $200/wk,sales-wa,0,no
/best-suburbs/best-rental-yield,6,bilgola-nsw-2107,NSW | 35.26% | $1458/wk,rental-nsw,1,no
/best-suburbs/best-rental-yield,7,illabo-nsw-2590,NSW | 30.38% | $520/wk,sales-nsw,1,no
/best-suburbs/best-rental-yield,8,mogumber-wa-6506,WA | 30.00% | $150/wk,sales-wa,0,no
/best-suburbs/best-rental-yield,9,mount-lindesay-wa-6333,WA | 28.36% | $300/wk,sales-wa,0,no
/best-suburbs/best-rental-yield,10,chakola-nsw-2630,NSW | 27.77% | $550/wk,sales-nsw,1,no
/best-suburbs/best-rental-yield,11,euchareena-nsw-2866,NSW | 25.46% | $475/wk,sales-nsw,3,no
/best-suburbs/best-rental-yield,12,toonumbar-nsw-2474,NSW | 24.58% | $520/wk,sales-nsw,1,no
/best-suburbs/best-rental-yield,13,moonan-flat-nsw-2337,NSW | 24.22% | $580/wk,sales-nsw,2,no
/best-suburbs/best-rental-yield,14,balldale-nsw-2646,NSW | 24.18% | $465/wk,sales-nsw,5,yes
/best-suburbs/best-rental-yield,15,elizabeth-bay-nsw-2011,NSW | 22.45% | $950/wk,sales-nsw,1,no
/best-suburbs/best-rental-yield,16,angus-nsw-2765,NSW | 22.10% | $850/wk,sales-nsw,7,yes
/best-suburbs/best-rental-yield,17,duncans-creek-nsw-2340,NSW | 22.05% | $530/wk,sales-nsw,1,no
/best-suburbs/best-rental-yield,18,sandon-nsw-2463,NSW | 21.49% | $620/wk,sales-nsw,1,no
/best-suburbs/best-rental-yield,19,lime-lake-wa-6315,WA | 21.27% | $180/wk,sales-wa,0,no
/best-suburbs/best-rental-yield,20,terry-hie-hie-nsw-2400,NSW | 20.80% | $440/wk,sales-nsw,2,no
/best-suburbs/best-rental-yield,21,dudinin-wa-6363,WA | 20.58% | $190/wk,sales-wa,0,no
/best-suburbs/best-rental-yield,22,narraloggan-wa-6302,WA | 20.48% | $260/wk,sales-wa,0,no
/best-suburbs/best-rental-yield,23,stuart-town-nsw-2820,NSW | 19.50% | $450/wk,sales-nsw,3,no
/best-suburbs/best-rental-yield,24,cookamidgera-nsw-2870,NSW | 19.50% | $450/wk,sales-nsw,4,no
/best-suburbs/best-rental-yield,25,woogenellup-wa-6324,WA | 19.39% | $220/wk,sales-wa,0,no
/best-suburbs/best-rental-yield,26,korbel-wa-6415,WA | 19.07% | $220/wk,sales-wa,0,no
/best-suburbs/best-rental-yield,27,lake-muir-wa-6258,WA | 18.52% | $235/wk,sales-wa,0,no
/best-suburbs/best-rental-yield,28,surfers-paradise-qld-4217,QLD | 18.36% | $1250/wk,rental-qld,0,no
/best-suburbs/best-rental-yield,29,orange-springs-wa-6503,WA | 18.10% | $268/wk,sales-wa,0,no
/best-suburbs/best-rental-yield,30,kalang-nsw-2454,NSW | 17.65% | $645/wk,sales-nsw,3,no
/best-suburbs/best-rental-yield,31,upper-fine-flower-nsw-2460,NSW | 17.45% | $520/wk,sales-nsw,1,no
/best-suburbs/best-rental-yield,32,varley-wa-6355,WA | 17.33% | $200/wk,sales-wa,0,no
/best-suburbs/best-rental-yield,33,isabella-nsw-2795,NSW | 17.23% | $580/wk,sales-nsw,1,no
/best-suburbs/best-rental-yield,34,pyramul-nsw-2850,NSW | 16.98% | $650/wk,sales-nsw,1,no
/best-suburbs/best-rental-yield,35,conargo-nsw-2710,NSW | 16.71% | $450/wk,sales-nsw,1,no
/best-suburbs/best-rental-yield,36,pericoe-nsw-2550,NSW | 16.11% | $550/wk,sales-nsw,2,no
/best-suburbs/best-rental-yield,37,cramphorne-wa-6420,WA | 15.92% | $150/wk,abs-census-2021,0,no
/best-suburbs/best-rental-yield,38,muntadgin-wa-6420,WA | 15.92% | $150/wk,sales-wa,0,no
/best-suburbs/best-rental-yield,39,reedy-creek-qld-4227,QLD | 15.76% | $1300/wk,rental-qld,0,no
/best-suburbs/best-rental-yield,40,tincurrin-wa-6361,WA | 15.76% | $100/wk,abs-census-2021,0,no
/best-suburbs/best-rental-yield,41,harrismith-wa-6361,WA | 15.76% | $100/wk,sales-wa,0,no
/best-suburbs/best-rental-yield,42,naval-base-wa-6165,WA | 15.60% | $330/wk,sales-wa,0,no
/best-suburbs/best-rental-yield,43,daysdale-nsw-2646,NSW | 15.60% | $465/wk,sales-nsw,1,no
/best-suburbs/best-rental-yield,44,tambaroora-nsw-2850,NSW | 15.36% | $650/wk,sales-nsw,3,no
/best-suburbs/best-rental-yield,45,warmun-wa-6743,WA | 15.35% | $242/wk,sales-wa,0,no
/best-suburbs/best-rental-yield,46,tibooburra-nsw-2880,NSW | 15.18% | $365/wk,sales-nsw,2,no
/best-suburbs/best-rental-yield,47,blue-knob-nsw-2480,NSW | 15.17% | $620/wk,rental-nsw,1,no
/best-suburbs/best-rental-yield,48,mount-russell-nsw-2360,NSW | 15.13% | $480/wk,sales-nsw,3,no
/best-suburbs/best-rental-yield,49,yellow-rock-ridge-nsw-2527,NSW | 14.99% | $800/wk,sales-nsw,3,no
/best-suburbs/best-rental-yield,50,kings-forest-nsw-2487,NSW | 14.81% | $1398/wk,rental-nsw,0,no
/best-suburbs/for-families/nsw,1,edgecliff-nsw-2027,"NSW | 1,217 | 51%",sales-nsw,8,yes
/best-suburbs/for-families/nsw,2,north-sydney-nsw-2060,"NSW | 1,183 | 52%",sales-nsw,29,yes
/best-suburbs/for-families/nsw,3,turramurra-nsw-2074,"NSW | 1,176 | 81%",sales-nsw,148,yes
/best-suburbs/for-families/nsw,4,neutral-bay-nsw-2089,"NSW | 1,169 | 54%",sales-nsw,44,yes
/best-suburbs/for-families/nsw,5,cherrybrook-nsw-2126,"NSW | 1,155 | 88%",sales-nsw,177,yes
/best-suburbs/for-families/nsw,6,hunters-hill-nsw-2110,"NSW | 1,139 | 76%",sales-nsw,103,yes
/best-suburbs/for-families/nsw,7,randwick-nsw-2031,"NSW | 1,132 | 61%",sales-nsw,151,yes
/best-suburbs/for-families/nsw,8,richmond-hill-nsw-2480,"NSW | 1,121 | 85%",sales-nsw,12,yes
/best-suburbs/for-families/nsw,9,bilgola-plateau-nsw-2107,"NSW | 1,121 | 86%",sales-nsw,48,yes
/best-suburbs/for-families/nsw,10,croydon-nsw-2132,"NSW | 1,113 | 73%",sales-nsw,106,yes
/best-suburbs/for-families/nsw,11,rouse-hill-nsw-2155,"NSW | 1,107 | 81%",sales-nsw,289,yes
/best-suburbs/for-families/nsw,12,beaumont-hills-nsw-2155,"NSW | 1,107 | 94%",sales-nsw,124,yes
/best-suburbs/for-families/nsw,13,burwood-nsw-2134,"NSW | 1,104 | 61%",sales-nsw,95,yes
/best-suburbs/for-families/nsw,14,bondi-beach-nsw-2026,"NSW | 1,102 | 50%",sales-nsw,41,yes
/best-suburbs/for-families/nsw,15,acacia-gardens-nsw-2763,"NSW | 1,101 | 89%",sales-nsw,61,yes
/best-suburbs/for-families/nsw,16,oyster-bay-nsw-2225,"NSW | 1,098 | 87%",sales-nsw,67,yes
/best-suburbs/for-families/nsw,17,tempe-nsw-2044,"NSW | 1,096 | 74%",sales-nsw,43,yes
/best-suburbs/for-families/nsw,18,newport-nsw-2106,"NSW | 1,093 | 75%",sales-nsw,94,yes
/best-suburbs/for-families/nsw,19,fountaindale-nsw-2258,"NSW | 1,092 | 90%",sales-nsw,6,yes
/best-suburbs/for-families/nsw,20,hurstville-nsw-2220,"NSW | 1,087 | 73%",sales-nsw,151,yes
/best-suburbs/for-families/nsw,21,sans-souci-nsw-2219,"NSW | 1,076 | 69%",sales-nsw,98,yes
/best-suburbs/for-families/nsw,22,sydney-nsw-2000,"NSW | 1,068 | 49%",sales-nsw,4,no
/best-suburbs/for-families/nsw,23,lambton-nsw-2299,"NSW | 1,068 | 66%",sales-nsw,66,yes
/best-suburbs/for-families/nsw,24,pottsville-nsw-2489,"NSW | 1,065 | 78%",sales-nsw,115,yes
/best-suburbs/for-families/nsw,25,terrigal-nsw-2260,"NSW | 1,064 | 75%",sales-nsw,205,yes
/best-suburbs/for-families/nsw,26,cowan-nsw-2081,"NSW | 1,063 | 84%",sales-nsw,3,no
/best-suburbs/for-families/nsw,27,harris-park-nsw-2150,"NSW | 1,062 | 62%",sales-nsw,18,yes
/best-suburbs/for-families/nsw,28,adjungbilly-nsw-2727,"NSW | 1,062 | 81%",rental-nsw,0,no
/best-suburbs/for-families/nsw,29,kareela-nsw-2232,"NSW | 1,060 | 87%",sales-nsw,47,yes
/best-suburbs/for-families/nsw,30,clunes-nsw-2480,"NSW | 1,056 | 77%",sales-nsw,24,yes
/best-suburbs/for-families/nsw,31,mortdale-nsw-2223,"NSW | 1,052 | 70%",sales-nsw,91,yes
/best-suburbs/for-families/nsw,32,heathcote-nsw-2233,"NSW | 1,052 | 78%",sales-nsw,51,yes
/best-suburbs/for-families/nsw,33,shell-cove-nsw-2529,"NSW | 1,049 | 87%",sales-nsw,131,yes
/best-suburbs/for-families/nsw,34,wamberal-nsw-2260,"NSW | 1,048 | 80%",sales-nsw,105,yes
/best-suburbs/for-families/nsw,35,goonengerry-nsw-2482,"NSW | 1,048 | 62%",sales-nsw,6,yes
/best-suburbs/for-families/nsw,36,oakville-nsw-2765,"NSW | 1,048 | 86%",sales-nsw,156,yes
/best-suburbs/for-families/nsw,37,chisholm-nsw-2322,"NSW | 1,047 | 92%",sales-nsw,202,yes
/best-suburbs/for-families/nsw,38,mayfield-east-nsw-2304,"NSW | 1,044 | 61%",sales-nsw,36,yes
/best-suburbs/for-families/nsw,39,peakhurst-nsw-2210,"NSW | 1,040 | 73%",sales-nsw,149,yes
/best-suburbs/for-families/nsw,40,cecil-park-nsw-2178,"NSW | 1,035 | 89%",sales-nsw,3,no
/best-suburbs/for-families/nsw,41,riverstone-nsw-2765,"NSW | 1,033 | 81%",sales-nsw,310,yes
/best-suburbs/for-families/nsw,42,douglas-park-nsw-2569,"NSW | 1,031 | 84%",sales-nsw,15,yes
/best-suburbs/for-families/nsw,43,campsie-nsw-2194,"NSW | 1,029 | 68%",sales-nsw,92,yes
/best-suburbs/for-families/nsw,44,narellan-vale-nsw-2567,"NSW | 1,029 | 84%",sales-nsw,106,yes
/best-suburbs/for-families/nsw,45,shellharbour-nsw-2529,"NSW | 1,025 | 73%",sales-nsw,41,yes
/best-suburbs/for-families/nsw,46,diamond-beach-nsw-2430,"NSW | 1,021 | 75%",sales-nsw,29,yes
/best-suburbs/for-families/nsw,47,the-channon-nsw-2480,"NSW | 1,019 | 73%",sales-nsw,9,yes
/best-suburbs/for-families/nsw,48,cardiff-nsw-2285,"NSW | 1,018 | 67%",sales-nsw,104,yes
/best-suburbs/for-families/nsw,49,maraylya-nsw-2765,"NSW | 1,018 | 85%",sales-nsw,17,yes
/best-suburbs/for-families/nsw,50,jordan-springs-nsw-2747,"NSW | 1,017 | 88%",sales-nsw,228,yes
/best-suburbs/for-families/vic,1,surrey-hills-vic-3127,"VIC | 1,159 | 74%",sales-vic,0,yes
/best-suburbs/for-families/vic,2,carnegie-vic-3163,"VIC | 1,146 | 59%",sales-vic,0,yes
/best-suburbs/for-families/vic,3,brunswick-west-vic-3055,"VIC | 1,146 | 52%",sales-vic,0,yes
/best-suburbs/for-families/vic,4,prahran-vic-3181,"VIC | 1,142 | 44%",sales-vic,0,yes
/best-suburbs/for-families/vic,5,doncaster-east-vic-3109,"VIC | 1,132 | 79%",sales-vic,0,yes
/best-suburbs/for-families/vic,6,bangholme-vic-3175,"VIC | 1,132 | 42%",rental-vic,0,no
/best-suburbs/for-families/vic,7,caulfield-south-vic-3162,"VIC | 1,131 | 73%",sales-vic,0,yes
/best-suburbs/for-families/vic,8,hughesdale-vic-3166,"VIC | 1,123 | 69%",sales-vic,0,yes
/best-suburbs/for-families/vic,9,box-hill-south-vic-3128,"VIC | 1,120 | 70%",sales-vic,0,yes
/best-suburbs/for-families/vic,10,point-lonsdale-vic-3225,"VIC | 1,115 | 68%",sales-vic,0,yes
/best-suburbs/for-families/vic,11,oakleigh-vic-3166,"VIC | 1,113 | 68%",sales-vic,0,yes
/best-suburbs/for-families/vic,12,wantirna-south-vic-3152,"VIC | 1,109 | 78%",sales-vic,0,yes
/best-suburbs/for-families/vic,13,kingsville-vic-3012,"VIC | 1,105 | 64%",sales-vic,0,yes
/best-suburbs/for-families/vic,14,highton-vic-3216,"VIC | 1,104 | 73%",sales-vic,0,yes
/best-suburbs/for-families/vic,15,wheelers-hill-vic-3150,"VIC | 1,103 | 79%",sales-vic,0,yes
/best-suburbs/for-families/vic,16,anglesea-vic-3230,"VIC | 1,099 | 69%",sales-vic,0,yes
/best-suburbs/for-families/vic,17,footscray-vic-3011,"VIC | 1,098 | 52%",sales-vic,0,yes
/best-suburbs/for-families/vic,18,donvale-vic-3111,"VIC | 1,098 | 79%",sales-vic,0,yes
/best-suburbs/for-families/vic,19,clarinda-vic-3169,"VIC | 1,097 | 76%",sales-vic,0,yes
/best-suburbs/for-families/vic,20,aberfeldie-vic-3040,"VIC | 1,097 | 78%",sales-vic,0,yes
/best-suburbs/for-families/vic,21,aspendale-gardens-vic-3195,"VIC | 1,095 | 83%",sales-vic,0,yes
/best-suburbs/for-families/vic,22,maribyrnong-vic-3032,"VIC | 1,095 | 65%",sales-vic,0,yes
/best-suburbs/for-families/vic,23,freshwater-creek-vic-3216,"VIC | 1,094 | 82%",rental-vic,0,no
/best-suburbs/for-families/vic,24,chadstone-vic-3148,"VIC | 1,093 | 68%",sales-vic,0,yes
/best-suburbs/for-families/vic,25,lower-plenty-vic-3093,"VIC | 1,093 | 72%",sales-vic,0,yes
/best-suburbs/for-families/vic,26,blackburn-south-vic-3130,"VIC | 1,092 | 71%",sales-vic,0,yes
/best-suburbs/for-families/vic,27,belgrave-vic-3160,"VIC | 1,091 | 79%",sales-vic,0,yes
/best-suburbs/for-families/vic,28,briar-hill-vic-3088,"VIC | 1,088 | 73%",sales-vic,0,yes
/best-suburbs/for-families/vic,29,warrandyte-vic-3113,"VIC | 1,086 | 85%",sales-vic,0,yes
/best-suburbs/for-families/vic,30,thornbury-vic-3071,"VIC | 1,084 | 59%",sales-vic,0,yes
/best-suburbs/for-families/vic,31,rhyll-vic-3923,"VIC | 1,083 | 71%",sales-vic,0,yes
/best-suburbs/for-families/vic,32,mont-albert-north-vic-3129,"VIC | 1,082 | 76%",sales-vic,0,yes
/best-suburbs/for-families/vic,33,chirnside-park-vic-3116,"VIC | 1,080 | 81%",sales-vic,0,yes
/best-suburbs/for-families/vic,34,geelong-vic-3220,"VIC | 1,080 | 53%",sales-vic,0,yes
/best-suburbs/for-families/vic,35,upwey-vic-3158,"VIC | 1,080 | 80%",sales-vic,0,yes
/best-suburbs/for-families/vic,36,nayook-vic-3832,"VIC | 1,079 | 59%",rental-vic,0,no
/best-suburbs/for-families/vic,37,charlemont-vic-3217,"VIC | 1,078 | 71%",sales-vic,0,yes
/best-suburbs/for-families/vic,38,mount-dandenong-vic-3767,"VIC | 1,078 | 77%",sales-vic,0,yes
/best-suburbs/for-families/vic,39,tylden-vic-3444,"VIC | 1,078 | 71%",rental-vic,0,no
/best-suburbs/for-families/vic,40,myrrhee-vic-3732,"VIC | 1,076 | 70%",rental-vic,0,no
/best-suburbs/for-families/vic,41,manifold-heights-vic-3218,"VIC | 1,075 | 66%",sales-vic,0,yes
/best-suburbs/for-families/vic,42,greensborough-vic-3088,"VIC | 1,074 | 77%",sales-vic,0,yes
/best-suburbs/for-families/vic,43,wantirna-vic-3152,"VIC | 1,073 | 81%",sales-vic,0,yes
/best-suburbs/for-families/vic,44,rowville-vic-3178,"VIC | 1,070 | 83%",sales-vic,0,yes
/best-suburbs/for-families/vic,45,maroona-vic-3377,"VIC | 1,064 | 93%",rental-vic,0,no
/best-suburbs/for-families/vic,46,lysterfield-vic-3156,"VIC | 1,064 | 89%",sales-vic,0,yes
/best-suburbs/for-families/vic,47,castlemaine-vic-3450,"VIC | 1,064 | 57%",sales-vic,0,yes
/best-suburbs/for-families/vic,48,heidelberg-west-vic-3081,"VIC | 1,056 | 57%",sales-vic,0,yes
/best-suburbs/for-families/vic,49,hurstbridge-vic-3099,"VIC | 1,055 | 82%",sales-vic,0,yes
/best-suburbs/for-families/vic,50,kyneton-vic-3444,"VIC | 1,052 | 70%",sales-vic,0,yes
/best-suburbs/for-families/qld,1,st-lucia-qld-4067,"QLD | 1,178 | 55%",sales-abs,0,yes
/best-suburbs/for-families/qld,2,indooroopilly-qld-4068,"QLD | 1,149 | 67%",sales-abs,0,yes
/best-suburbs/for-families/qld,3,graceville-qld-4075,"QLD | 1,142 | 80%",rental-qld,0,no
/best-suburbs/for-families/qld,4,pullenvale-qld-4069,"QLD | 1,132 | 92%",sales-qld,0,no
/best-suburbs/for-families/qld,5,wooloowin-qld-4030,"QLD | 1,129 | 58%",rental-qld,0,no
/best-suburbs/for-families/qld,6,buderim-qld-4556,"QLD | 1,124 | 73%",rental-qld,0,no
/best-suburbs/for-families/qld,7,burbank-qld-4156,"QLD | 1,118 | 88%",sales-qld,0,no
/best-suburbs/for-families/qld,8,carindale-qld-4152,"QLD | 1,110 | 80%",sales-abs,0,yes
/best-suburbs/for-families/qld,9,upper-brookfield-qld-4069,"QLD | 1,106 | 84%",sales-qld,0,no
/best-suburbs/for-families/qld,10,samford-village-qld-4520,"QLD | 1,100 | 77%",sales-qld,0,no
/best-suburbs/for-families/qld,11,rochedale-qld-4123,"QLD | 1,093 | 88%",rental-qld,0,no
/best-suburbs/for-families/qld,12,tallebudgera-qld-4228,"QLD | 1,089 | 87%",sales-qld,0,no
/best-suburbs/for-families/qld,13,doonan-qld-4562,"QLD | 1,089 | 85%",sales-qld,0,no
/best-suburbs/for-families/qld,14,nundah-qld-4012,"QLD | 1,087 | 51%",sales-abs,0,yes
/best-suburbs/for-families/qld,15,sunnybank-hills-qld-4109,"QLD | 1,087 | 78%",sales-abs,0,yes
/best-suburbs/for-families/qld,16,manly-west-qld-4179,"QLD | 1,074 | 77%",sales-abs,0,yes
/best-suburbs/for-families/qld,17,mount-samson-qld-4520,"QLD | 1,072 | 93%",sales-qld,0,no
/best-suburbs/for-families/qld,18,bells-creek-qld-4551,"QLD | 1,066 | 76%",sales-qld,0,no
/best-suburbs/for-families/qld,19,caloundra-west-qld-4551,"QLD | 1,065 | 74%",rental-qld,0,no
/best-suburbs/for-families/qld,20,lota-qld-4179,"QLD | 1,061 | 77%",sales-qld,0,no
/best-suburbs/for-families/qld,21,mudgeeraba-qld-4213,"QLD | 1,060 | 81%",rental-qld,0,no
/best-suburbs/for-families/qld,22,aspley-qld-4034,"QLD | 1,059 | 68%",sales-abs,0,yes
/best-suburbs/for-families/qld,23,cairns-north-qld-4870,"QLD | 1,055 | 45%",rental-qld,0,no
/best-suburbs/for-families/qld,24,eumundi-qld-4562,"QLD | 1,052 | 84%",sales-qld,0,no
/best-suburbs/for-families/qld,25,stafford-qld-4053,"QLD | 1,051 | 61%",sales-abs,0,yes
/best-suburbs/for-families/qld,26,yatala-qld-4207,"QLD | 1,046 | 90%",sales-qld,0,no
/best-suburbs/for-families/qld,27,bethania-qld-4205,"QLD | 1,043 | 62%",rental-qld,0,no
/best-suburbs/for-families/qld,28,gindie-qld-4702,"QLD | 1,039 | 81%",sales-qld,0,no
/best-suburbs/for-families/qld,29,comet-qld-4702,"QLD | 1,038 | 71%",sales-qld,0,no
/best-suburbs/for-families/qld,30,thorneside-qld-4158,"QLD | 1,037 | 67%",sales-abs,0,yes
/best-suburbs/for-families/qld,31,surfers-paradise-qld-4217,"QLD | 1,035 | 51%",rental-qld,0,no
/best-suburbs/for-families/qld,32,forest-lake-qld-4078,"QLD | 1,034 | 79%",rental-qld,0,no
/best-suburbs/for-families/qld,33,milman-qld-4702,"QLD | 1,031 | 93%",sales-qld,0,no
/best-suburbs/for-families/qld,34,kalkie-qld-4670,"QLD | 1,031 | 79%",rental-qld,0,no
/best-suburbs/for-families/qld,35,pacific-pines-qld-4211,"QLD | 1,029 | 87%",rental-qld,0,no
/best-suburbs/for-families/qld,36,bli-bli-qld-4560,"QLD | 1,028 | 78%",sales-abs,0,yes
/best-suburbs/for-families/qld,37,nelly-bay-qld-4819,"QLD | 1,027 | 62%",sales-qld,0,no
/best-suburbs/for-families/qld,38,bracken-ridge-qld-4017,"QLD | 1,020 | 81%",sales-abs,0,yes
/best-suburbs/for-families/qld,39,kuluin-qld-4558,"QLD | 1,018 | 77%",sales-qld,0,no
/best-suburbs/for-families/qld,40,griffin-qld-4503,"QLD | 1,015 | 81%",rental-qld,0,no
/best-suburbs/for-families/qld,41,canungra-qld-4275,"QLD | 1,012 | 80%",sales-qld,0,no
/best-suburbs/for-families/qld,42,tangorin-qld-4821,"QLD | 1,010 | 45%",abs-census-2021,0,no
/best-suburbs/for-families/qld,43,jimboomba-qld-4280,"QLD | 1,008 | 85%",rental-qld,0,no
/best-suburbs/for-families/qld,44,plainland-qld-4341,"QLD | 1,007 | 77%",rental-qld,0,no
/best-suburbs/for-families/qld,45,abercorn-qld-4627,"QLD | 1,005 | 88%",sales-qld,0,no
/best-suburbs/for-families/qld,46,glenvale-qld-4350,"QLD | 1,004 | 72%",rental-qld,0,no
/best-suburbs/for-families/qld,47,cannonvale-qld-4802,"QLD | 1,001 | 67%",rental-qld,0,no
/best-suburbs/for-families/qld,48,yorkeys-knob-qld-4878,QLD | 998 | 55%,rental-qld,0,no
/best-suburbs/for-families/qld,49,glass-house-mountains-qld-4518,QLD | 998 | 81%,sales-abs,0,yes
/best-suburbs/for-families/qld,50,banksia-beach-qld-4507,QLD | 996 | 80%,rental-qld,0,no
/best-suburbs/for-families/wa,1,claremont-wa-6010,"WA | 1,177 | 61%",sales-wa,0,no
/best-suburbs/for-families/wa,2,nedlands-wa-6009,"WA | 1,177 | 73%",sales-wa,0,no
/best-suburbs/for-families/wa,3,subiaco-wa-6008,"WA | 1,176 | 57%",sales-wa,0,no
/best-suburbs/for-families/wa,4,mount-claremont-wa-6010,"WA | 1,163 | 74%",sales-wa,0,no
/best-suburbs/for-families/wa,5,city-beach-wa-6015,"WA | 1,159 | 80%",sales-abs,0,yes
/best-suburbs/for-families/wa,6,wembley-downs-wa-6019,"WA | 1,148 | 78%",sales-wa,0,no
/best-suburbs/for-families/wa,7,mount-pleasant-wa-6153,"WA | 1,146 | 74%",sales-wa,0,no
/best-suburbs/for-families/wa,8,shelley-wa-6148,"WA | 1,136 | 79%",sales-wa,0,no
/best-suburbs/for-families/wa,9,ardross-wa-6153,"WA | 1,135 | 77%",sales-wa,0,no
/best-suburbs/for-families/wa,10,mount-lawley-wa-6050,"WA | 1,134 | 60%",sales-wa,0,no
/best-suburbs/for-families/wa,11,north-perth-wa-6006,"WA | 1,134 | 62%",sales-abs,0,yes
/best-suburbs/for-families/wa,12,gwelup-wa-6018,"WA | 1,126 | 79%",sales-wa,0,no
/best-suburbs/for-families/wa,13,joondanna-wa-6060,"WA | 1,123 | 56%",sales-wa,0,no
/best-suburbs/for-families/wa,14,south-perth-wa-6151,"WA | 1,122 | 58%",sales-wa,0,no
/best-suburbs/for-families/wa,15,woodlands-wa-6018,"WA | 1,122 | 71%",sales-wa,0,no
/best-suburbs/for-families/wa,16,brentwood-wa-6153,"WA | 1,116 | 65%",sales-wa,0,no
/best-suburbs/for-families/wa,17,burswood-wa-6100,"WA | 1,115 | 59%",sales-wa,0,no
/best-suburbs/for-families/wa,18,east-perth-wa-6004,"WA | 1,113 | 51%",sales-abs,0,yes
/best-suburbs/for-families/wa,19,karrinyup-wa-6018,"WA | 1,112 | 77%",sales-wa,0,no
/best-suburbs/for-families/wa,20,salter-point-wa-6152,"WA | 1,110 | 77%",sales-wa,0,no
/best-suburbs/for-families/wa,21,duncraig-wa-6023,"WA | 1,110 | 82%",sales-abs,0,yes
/best-suburbs/for-families/wa,22,riverton-wa-6148,"WA | 1,103 | 78%",sales-wa,0,no
/best-suburbs/for-families/wa,23,victoria-park-wa-6100,"WA | 1,103 | 55%",sales-wa,0,no
/best-suburbs/for-families/wa,24,scarborough-wa-6019,"WA | 1,102 | 58%",sales-abs,0,yes
/best-suburbs/for-families/wa,25,darlington-wa-6070,"WA | 1,100 | 82%",sales-wa,0,no
/best-suburbs/for-families/wa,26,melville-wa-6156,"WA | 1,095 | 73%",sales-abs,0,yes
/best-suburbs/for-families/wa,27,mount-hawthorn-wa-6016,"WA | 1,095 | 75%",sales-wa,0,no
/best-suburbs/for-families/wa,28,leeming-wa-6149,"WA | 1,091 | 84%",sales-abs,0,yes
/best-suburbs/for-families/wa,29,canning-vale-wa-6155,"WA | 1,081 | 86%",sales-wa,0,no
/best-suburbs/for-families/wa,30,mullaloo-wa-6027,"WA | 1,074 | 84%",sales-wa,0,no
/best-suburbs/for-families/wa,31,wattle-grove-wa-6107,"WA | 1,073 | 87%",sales-wa,0,no
/best-suburbs/for-families/wa,32,yokine-wa-6060,"WA | 1,073 | 60%",sales-wa,0,no
/best-suburbs/for-families/wa,33,gooseberry-hill-wa-6076,"WA | 1,072 | 81%",sales-wa,0,no
/best-suburbs/for-families/wa,34,bennett-springs-wa-6063,"WA | 1,072 | 85%",sales-wa,0,no
/best-suburbs/for-families/wa,35,leederville-wa-6007,"WA | 1,071 | 56%",sales-wa,0,no
/best-suburbs/for-families/wa,36,ocean-reef-wa-6027,"WA | 1,065 | 86%",sales-abs,0,yes
/best-suburbs/for-families/wa,37,edgewater-wa-6027,"WA | 1,060 | 77%",sales-wa,0,no
/best-suburbs/for-families/wa,38,hamersley-wa-6022,"WA | 1,059 | 77%",sales-wa,0,no
/best-suburbs/for-families/wa,39,southern-river-wa-6110,"WA | 1,059 | 87%",sales-wa,0,no
/best-suburbs/for-families/wa,40,osborne-park-wa-6017,"WA | 1,057 | 51%",sales-wa,0,no
/best-suburbs/for-families/wa,41,babakin-wa-6428,"WA | 1,054 | 69%",sales-wa,0,no
/best-suburbs/for-families/wa,42,east-victoria-park-wa-6101,"WA | 1,053 | 64%",sales-wa,0,no
/best-suburbs/for-families/wa,43,cowaramup-wa-6284,"WA | 1,053 | 81%",sales-wa,0,no
/best-suburbs/for-families/wa,44,yallingup-wa-6282,"WA | 1,052 | 79%",sales-wa,0,no
/best-suburbs/for-families/wa,45,dayton-wa-6055,"WA | 1,048 | 81%",sales-wa,0,no
/best-suburbs/for-families/wa,46,wandi-wa-6167,"WA | 1,047 | 84%",sales-wa,0,no
/best-suburbs/for-families/wa,47,denmark-wa-6333,"WA | 1,046 | 58%",sales-abs,0,yes
/best-suburbs/for-families/wa,48,bassendean-wa-6054,"WA | 1,043 | 65%",sales-wa,0,no
/best-suburbs/for-families/wa,49,padbury-wa-6025,"WA | 1,042 | 77%",sales-abs,0,yes
/best-suburbs/for-families/wa,50,hocking-wa-6065,"WA | 1,042 | 82%",sales-wa,0,no
/best-suburbs/for-families/sa,1,stonyfell-sa-5066,"SA | 1,180 | 85%",sales-sa,6,yes
/best-suburbs/for-families/sa,2,medindie-sa-5081,"SA | 1,176 | 80%",sales-sa,4,no
/best-suburbs/for-families/sa,3,rose-park-sa-5067,"SA | 1,162 | 71%",sales-sa,2,no
/best-suburbs/for-families/sa,4,hyde-park-sa-5061,"SA | 1,162 | 67%",sales-sa,5,yes
/best-suburbs/for-families/sa,5,stirling-sa-5152,"SA | 1,136 | 76%",sales-sa,16,yes
/best-suburbs/for-families/sa,6,springfield-sa-5062,"SA | 1,133 | 87%",sales-sa,2,no
/best-suburbs/for-families/sa,7,crafers-sa-5152,"SA | 1,109 | 83%",sales-sa,3,no
/best-suburbs/for-families/sa,8,hawthorndene-sa-5051,"SA | 1,108 | 81%",sales-sa,12,yes
/best-suburbs/for-families/sa,9,nailsworth-sa-5083,"SA | 1,106 | 70%",sales-sa,7,yes
/best-suburbs/for-families/sa,10,colonel-light-gardens-sa-5041,"SA | 1,103 | 82%",sales-sa,8,yes
/best-suburbs/for-families/sa,11,bedford-park-sa-5042,"SA | 1,101 | 56%",sales-sa,1,no
/best-suburbs/for-families/sa,12,hove-sa-5048,"SA | 1,099 | 61%",sales-sa,9,yes
/best-suburbs/for-families/sa,13,aldgate-sa-5154,"SA | 1,099 | 85%",sales-sa,9,yes
/best-suburbs/for-families/sa,14,norton-summit-sa-5136,"SA | 1,098 | 83%",rental-sa,1,no
/best-suburbs/for-families/sa,15,vale-park-sa-5081,"SA | 1,097 | 76%",sales-sa,11,yes
/best-suburbs/for-families/sa,16,hillcrest-sa-5086,"SA | 1,096 | 70%",sales-sa,11,yes
/best-suburbs/for-families/sa,17,payneham-south-sa-5070,"SA | 1,092 | 65%",sales-sa,3,no
/best-suburbs/for-families/sa,18,edwardstown-sa-5039,"SA | 1,090 | 56%",sales-sa,23,yes
/best-suburbs/for-families/sa,19,bellevue-heights-sa-5050,"SA | 1,090 | 74%",sales-sa,11,yes
/best-suburbs/for-families/sa,20,eden-hills-sa-5050,"SA | 1,090 | 77%",sales-sa,9,yes
/best-suburbs/for-families/sa,21,northgate-sa-5085,"SA | 1,090 | 84%",sales-sa,9,yes
/best-suburbs/for-families/sa,22,marion-sa-5043,"SA | 1,087 | 63%",sales-sa,11,yes
/best-suburbs/for-families/sa,23,somerton-park-sa-5044,"SA | 1,083 | 63%",sales-sa,18,yes
/best-suburbs/for-families/sa,24,heathfield-sa-5153,"SA | 1,079 | 79%",sales-sa,2,no
/best-suburbs/for-families/sa,25,glenelg-east-sa-5045,"SA | 1,078 | 62%",sales-sa,8,yes
/best-suburbs/for-families/sa,26,bridgewater-sa-5155,"SA | 1,076 | 74%",sales-sa,21,yes
/best-suburbs/for-families/sa,27,hahndorf-sa-5245,"SA | 1,075 | 74%",rental-sa,0,no
/best-suburbs/for-families/sa,28,grange-sa-5022,"SA | 1,075 | 69%",sales-sa,18,yes
/best-suburbs/for-families/sa,29,lockleys-sa-5032,"SA | 1,072 | 69%",sales-sa,27,yes
/best-suburbs/for-families/sa,30,tea-tree-gully-sa-5091,"SA | 1,068 | 75%",sales-sa,11,yes
/best-suburbs/for-families/sa,31,port-neill-sa-5604,"SA | 1,060 | 58%",rental-sa,0,no
/best-suburbs/for-families/sa,32,owen-sa-5460,"SA | 1,053 | 71%",rental-sa,0,no
/best-suburbs/for-families/sa,33,holden-hill-sa-5088,"SA | 1,051 | 66%",sales-sa,12,yes
/best-suburbs/for-families/sa,34,newton-sa-5074,"SA | 1,049 | 70%",sales-sa,10,yes
/best-suburbs/for-families/sa,35,aberfoyle-park-sa-5159,"SA | 1,048 | 78%",sales-sa,32,yes
/best-suburbs/for-families/sa,36,golden-grove-sa-5125,"SA | 1,045 | 74%",sales-sa,28,yes
/best-suburbs/for-families/sa,37,oakden-sa-5086,"SA | 1,040 | 67%",sales-sa,14,yes
/best-suburbs/for-families/sa,38,angaston-sa-5353,"SA | 1,038 | 69%",rental-sa,0,no
/best-suburbs/for-families/sa,39,evanston-south-sa-5116,"SA | 1,035 | 79%",sales-sa,4,no
/best-suburbs/for-families/sa,40,watervale-sa-5452,"SA | 1,033 | 81%",rental-sa,0,no
/best-suburbs/for-families/sa,41,greenwith-sa-5125,"SA | 1,032 | 78%",sales-sa,31,yes
/best-suburbs/for-families/sa,42,lenswood-sa-5240,"SA | 1,026 | 79%",sales-sa,1,no
/best-suburbs/for-families/sa,43,torrensville-sa-5031,"SA | 1,025 | 64%",sales-sa,13,yes
/best-suburbs/for-families/sa,44,seacombe-gardens-sa-5047,"SA | 1,025 | 63%",sales-sa,6,yes
/best-suburbs/for-families/sa,45,croydon-park-sa-5008,"SA | 1,024 | 67%",sales-sa,11,yes
/best-suburbs/for-families/sa,46,windsor-gardens-sa-5087,"SA | 1,019 | 67%",sales-sa,23,yes
/best-suburbs/for-families/sa,47,hallett-cove-sa-5158,"SA | 1,015 | 80%",sales-sa,40,yes
/best-suburbs/for-families/sa,48,melrose-sa-5483,"SA | 1,014 | 71%",rental-sa,0,no
/best-suburbs/for-families/sa,49,gawler-east-sa-5118,"SA | 1,013 | 74%",sales-sa,39,yes
/best-suburbs/for-families/sa,50,modbury-sa-5092,"SA | 1,013 | 63%",sales-sa,21,yes
/best-suburbs/for-families/tas,1,south-hobart-tas-7004,"TAS | 1,137 | 62%",abs-census-2021,0,no
/best-suburbs/for-families/tas,2,taroona-tas-7053,"TAS | 1,134 | 72%",abs-census-2021,0,no
/best-suburbs/for-families/tas,3,battery-point-tas-7004,"TAS | 1,133 | 50%",abs-census-2021,0,no
/best-suburbs/for-families/tas,4,sandy-bay-tas-7005,"TAS | 1,131 | 63%",sales-abs,0,yes
/best-suburbs/for-families/tas,5,west-hobart-tas-7000,"TAS | 1,121 | 62%",sales-abs,0,yes
/best-suburbs/for-families/tas,6,hobart-tas-7000,"TAS | 1,097 | 43%",abs-census-2021,0,no
/best-suburbs/for-families/tas,7,montagu-bay-tas-7018,"TAS | 1,081 | 61%",abs-census-2021,0,no
/best-suburbs/for-families/tas,8,mount-nelson-tas-7007,"TAS | 1,078 | 69%",abs-census-2021,0,no
/best-suburbs/for-families/tas,9,huntingfield-tas-7055,"TAS | 1,073 | 83%",abs-census-2021,0,no
/best-suburbs/for-families/tas,10,bellerive-tas-7018,"TAS | 1,064 | 62%",abs-census-2021,0,no
/best-suburbs/for-families/tas,11,blackmans-bay-tas-7052,"TAS | 1,059 | 75%",abs-census-2021,0,no
/best-suburbs/for-families/tas,12,north-hobart-tas-7000,"TAS | 1,057 | 53%",abs-census-2021,0,no
/best-suburbs/for-families/tas,13,launceston-tas-7250,"TAS | 1,054 | 51%",sales-abs,0,yes
/best-suburbs/for-families/tas,14,nicholls-rivulet-tas-7112,"TAS | 1,048 | 85%",abs-census-2021,0,no
/best-suburbs/for-families/tas,15,lindisfarne-tas-7015,"TAS | 1,048 | 66%",abs-census-2021,0,no
/best-suburbs/for-families/tas,16,east-launceston-tas-7250,"TAS | 1,046 | 66%",abs-census-2021,0,no
/best-suburbs/for-families/tas,17,trevallyn-tas-7250,"TAS | 1,045 | 69%",sales-abs,0,yes
/best-suburbs/for-families/tas,18,lauderdale-tas-7021,"TAS | 1,037 | 78%",abs-census-2021,0,no
/best-suburbs/for-families/tas,19,west-launceston-tas-7250,"TAS | 1,036 | 64%",sales-abs,0,yes
/best-suburbs/for-families/tas,20,bicheno-tas-7215,"TAS | 1,029 | 67%",abs-census-2021,0,no
/best-suburbs/for-families/tas,21,forth-tas-7310,"TAS | 1,025 | 73%",abs-census-2021,0,no
/best-suburbs/for-families/tas,22,austins-ferry-tas-7011,"TAS | 1,024 | 75%",abs-census-2021,0,no
/best-suburbs/for-families/tas,23,prospect-vale-tas-7250,"TAS | 1,020 | 65%",abs-census-2021,0,no
/best-suburbs/for-families/tas,24,burnie-tas-7320,"TAS | 1,015 | 46%",abs-census-2021,0,no
/best-suburbs/for-families/tas,25,newnham-tas-7248,"TAS | 1,011 | 67%",abs-census-2021,0,no
/best-suburbs/for-families/tas,26,don-tas-7310,"TAS | 1,009 | 80%",abs-census-2021,0,no
/best-suburbs/for-families/tas,27,south-launceston-tas-7249,"TAS | 1,007 | 57%",sales-abs,0,yes
/best-suburbs/for-families/tas,28,geilston-bay-tas-7015,"TAS | 1,005 | 69%",abs-census-2021,0,no
/best-suburbs/for-families/tas,29,snug-tas-7054,"TAS | 1,005 | 74%",abs-census-2021,0,no
/best-suburbs/for-families/tas,30,moonah-tas-7009,"TAS | 1,004 | 61%",sales-abs,0,yes
/best-suburbs/for-families/tas,31,howrah-tas-7018,"TAS | 1,003 | 72%",abs-census-2021,0,no
/best-suburbs/for-families/tas,32,legana-tas-7277,"TAS | 1,002 | 76%",sales-abs,0,yes
/best-suburbs/for-families/tas,33,glen-huon-tas-7109,"TAS | 1,000 | 77%",abs-census-2021,0,no
/best-suburbs/for-families/tas,34,hagley-tas-7292,TAS | 999 | 76%,abs-census-2021,0,no
/best-suburbs/for-families/tas,35,port-sorell-tas-7307,TAS | 994 | 73%,sales-abs,0,yes
/best-suburbs/for-families/tas,36,alonnah-tas-7150,TAS | 992 | 47%,abs-census-2021,0,no
/best-suburbs/for-families/tas,37,rosny-park-tas-7018,TAS | 987 | 100%,abs-census-2021,0,no
/best-suburbs/for-families/tas,38,redpa-tas-7330,TAS | 984 | 69%,abs-census-2021,0,no
/best-suburbs/for-families/tas,39,park-grove-tas-7320,TAS | 984 | 72%,abs-census-2021,0,no
/best-suburbs/for-families/tas,40,dodges-ferry-tas-7173,TAS | 981 | 71%,abs-census-2021,0,no
/best-suburbs/for-families/tas,41,penguin-tas-7316,TAS | 973 | 68%,abs-census-2021,0,no
/best-suburbs/for-families/tas,42,bridport-tas-7262,TAS | 973 | 63%,abs-census-2021,0,no
/best-suburbs/for-families/tas,43,wesley-vale-tas-7307,TAS | 972 | 70%,abs-census-2021,0,no
/best-suburbs/for-families/tas,44,dunalley-tas-7177,TAS | 970 | 65%,abs-census-2021,0,no
/best-suburbs/for-families/tas,45,summerhill-tas-7250,TAS | 969 | 69%,abs-census-2021,0,no
/best-suburbs/for-families/tas,46,cooee-tas-7320,TAS | 968 | 62%,abs-census-2021,0,no
/best-suburbs/for-families/tas,47,latrobe-tas-7307,TAS | 968 | 68%,sales-abs,0,yes
/best-suburbs/for-families/tas,48,west-moonah-tas-7009,TAS | 965 | 66%,sales-abs,0,yes
/best-suburbs/for-families/tas,49,kings-meadows-tas-7249,TAS | 963 | 65%,abs-census-2021,0,no
/best-suburbs/for-families/tas,50,ulverstone-tas-7315,TAS | 963 | 62%,sales-abs,0,yes
/best-suburbs/for-families/nt,1,rapid-creek-nt-0810,"NT | 1,103 | 61%",sales-abs,0,yes
/best-suburbs/for-families/nt,2,larrakeyah-nt-0820,"NT | 1,086 | 61%",sales-abs,0,yes
/best-suburbs/for-families/nt,3,ross-nt-0873,"NT | 1,085 | 63%",sales-abs,0,yes
/best-suburbs/for-families/nt,4,parap-nt-0820,"NT | 1,066 | 60%",sales-abs,0,yes
/best-suburbs/for-families/nt,5,stuart-park-nt-0820,"NT | 1,054 | 62%",sales-abs,0,yes
/best-suburbs/for-families/nt,6,nakara-nt-0810,"NT | 1,051 | 78%",abs-census-2021,0,no
/best-suburbs/for-families/nt,7,nightcliff-nt-0810,"NT | 1,025 | 61%",sales-abs,0,yes
/best-suburbs/for-families/nt,8,leanyer-nt-0812,"NT | 1,024 | 74%",sales-abs,0,yes
/best-suburbs/for-families/nt,9,douglas-daly-nt-0822,"NT | 1,022 | 51%",abs-census-2021,0,no
/best-suburbs/for-families/nt,10,durack-nt-0830,"NT | 1,017 | 81%",abs-census-2021,0,no
/best-suburbs/for-families/nt,11,wanguri-nt-0810,"NT | 1,011 | 78%",sales-abs,0,yes
/best-suburbs/for-families/nt,12,zuccoli-nt-0832,"NT | 1,008 | 82%",abs-census-2021,0,no
/best-suburbs/for-families/nt,13,marlow-lagoon-nt-0830,"NT | 1,008 | 86%",abs-census-2021,0,no
/best-suburbs/for-families/nt,14,anula-nt-0812,"NT | 1,006 | 80%",sales-abs,0,yes
/best-suburbs/for-families/nt,15,johnston-nt-0832,"NT | 1,001 | 78%",abs-census-2021,0,no
/best-suburbs/for-families/nt,16,jingili-nt-0810,NT | 997 | 78%,sales-abs,0,yes
/best-suburbs/for-families/nt,17,freds-pass-nt-0822,NT | 987 | 75%,abs-census-2021,0,no
/best-suburbs/for-families/nt,18,fannie-bay-nt-0820,NT | 980 | 63%,abs-census-2021,0,no
/best-suburbs/for-families/nt,19,bakewell-nt-0832,NT | 978 | 70%,sales-abs,0,yes
/best-suburbs/for-families/nt,20,girraween-nt-0836,NT | 978 | 85%,abs-census-2021,0,no
/best-suburbs/for-families/nt,21,the-gardens-nt-0820,NT | 977 | 55%,abs-census-2021,0,no
/best-suburbs/for-families/nt,22,marrara-nt-0812,NT | 975 | 65%,abs-census-2021,0,no
/best-suburbs/for-families/nt,23,alawa-nt-0810,NT | 970 | 76%,sales-abs,0,yes
/best-suburbs/for-families/nt,24,nhulunbuy-nt-0880,NT | 968 | 75%,abs-census-2021,0,no
/best-suburbs/for-families/nt,25,rosebery-nt-0832,NT | 964 | 78%,abs-census-2021,0,no
/best-suburbs/for-families/nt,26,moil-nt-0810,NT | 960 | 77%,sales-abs,0,yes
/best-suburbs/for-families/nt,27,humpty-doo-nt-0836,NT | 947 | 79%,sales-abs,0,yes
/best-suburbs/for-families/nt,28,wagaman-nt-0810,NT | 944 | 76%,sales-abs,0,yes
/best-suburbs/for-families/nt,29,tiwi-nt-0810,NT | 944 | 68%,sales-abs,0,yes
/best-suburbs/for-families/nt,30,bellamack-nt-0832,NT | 939 | 78%,abs-census-2021,0,no
/best-suburbs/for-families/nt,31,alice-springs-nt-0870,NT | 936 | 41%,abs-census-2021,0,no
/best-suburbs/for-families/nt,32,woodroffe-nt-0830,NT | 913 | 72%,sales-abs,0,yes
/best-suburbs/for-families/nt,33,millner-nt-0810,NT | 911 | 65%,sales-abs,0,yes
/best-suburbs/for-families/nt,34,tipperary-nt-0822,NT | 911 | 78%,abs-census-2021,0,no
/best-suburbs/for-families/nt,35,braitling-nt-0870,NT | 911 | 70%,abs-census-2021,0,no
/best-suburbs/for-families/nt,36,katherine-south-nt-0850,NT | 907 | 61%,abs-census-2021,0,no
/best-suburbs/for-families/nt,37,ludmilla-nt-0820,NT | 905 | 72%,abs-census-2021,0,no
/best-suburbs/for-families/nt,38,driver-nt-0830,NT | 899 | 74%,sales-abs,0,yes
/best-suburbs/for-families/nt,39,wulagi-nt-0812,NT | 890 | 82%,sales-abs,0,yes
/best-suburbs/for-families/nt,40,karama-nt-0812,NT | 889 | 74%,sales-abs,0,yes
/best-suburbs/for-families/nt,41,alyangula-nt-0885,NT | 888 | 75%,abs-census-2021,0,no
/best-suburbs/for-families/nt,42,gillen-nt-0870,NT | 863 | 70%,abs-census-2021,0,no
/best-suburbs/for-families/nt,43,mataranka-nt-0852,NT | 844 | 62%,abs-census-2021,0,no
/best-suburbs/for-families/nt,44,katherine-nt-0850,NT | 839 | 58%,abs-census-2021,0,no
/best-suburbs/for-families/nt,45,katherine-east-nt-0850,NT | 818 | 72%,abs-census-2021,0,no
/best-suburbs/for-families/nt,46,gray-nt-0830,NT | 808 | 64%,sales-abs,0,yes
/best-suburbs/for-families/nt,47,malak-nt-0812,NT | 807 | 71%,abs-census-2021,0,no
/best-suburbs/for-families/nt,48,sadadeen-nt-0870,NT | 789 | 65%,abs-census-2021,0,no
/best-suburbs/for-families/nt,49,moulden-nt-0830,NT | 753 | 69%,sales-abs,0,yes
/best-suburbs/for-families/nt,50,middle-point-nt-0822,NT | 753 | 79%,abs-census-2021,0,no
/best-suburbs/for-families/act,1,bruce-act-2617,"ACT | 1,203 | 59%",sales-abs,0,yes
/best-suburbs/for-families/act,2,hackett-act-2602,"ACT | 1,164 | 71%",sales-abs,0,yes
/best-suburbs/for-families/act,3,hughes-act-2605,"ACT | 1,157 | 72%",sales-abs,0,yes
/best-suburbs/for-families/act,4,barton-act-2600,"ACT | 1,153 | 48%",sales-abs,0,yes
/best-suburbs/for-families/act,5,curtin-act-2605,"ACT | 1,146 | 74%",sales-abs,0,yes
/best-suburbs/for-families/act,6,red-hill-act-2603,"ACT | 1,146 | 78%",abs-census-2021,0,no
/best-suburbs/for-families/act,7,ainslie-act-2602,"ACT | 1,145 | 63%",sales-abs,0,yes
/best-suburbs/for-families/act,8,forrest-act-2603,"ACT | 1,145 | 67%",sales-abs,0,yes
/best-suburbs/for-families/act,9,yarralumla-act-2600,"ACT | 1,142 | 71%",sales-abs,0,yes
/best-suburbs/for-families/act,10,turner-act-2612,"ACT | 1,141 | 47%",sales-abs,0,yes
/best-suburbs/for-families/act,11,lyneham-act-2602,"ACT | 1,140 | 53%",sales-abs,0,yes
/best-suburbs/for-families/act,12,aranda-act-2614,"ACT | 1,138 | 79%",sales-abs,0,yes
/best-suburbs/for-families/act,13,braddon-act-2612,"ACT | 1,134 | 41%",sales-abs,0,yes
/best-suburbs/for-families/act,14,campbell-act-2612,"ACT | 1,134 | 64%",sales-abs,0,yes
/best-suburbs/for-families/act,15,holder-act-2611,"ACT | 1,130 | 72%",sales-abs,0,yes
/best-suburbs/for-families/act,16,watson-act-2602,"ACT | 1,128 | 66%",sales-abs,0,yes
/best-suburbs/for-families/act,17,dickson-act-2602,"ACT | 1,122 | 53%",sales-abs,0,yes
/best-suburbs/for-families/act,18,deakin-act-2600,"ACT | 1,118 | 68%",sales-abs,0,yes
/best-suburbs/for-families/act,19,pearce-act-2607,"ACT | 1,117 | 68%",sales-abs,0,yes
/best-suburbs/for-families/act,20,weetangera-act-2614,"ACT | 1,117 | 81%",sales-abs,0,yes
/best-suburbs/for-families/act,21,lyons-act-2606,"ACT | 1,116 | 61%",abs-census-2021,0,no
/best-suburbs/for-families/act,22,gungahlin-act-2912,"ACT | 1,113 | 68%",sales-abs,0,yes
/best-suburbs/for-families/act,23,mawson-act-2607,"ACT | 1,113 | 67%",sales-abs,0,yes
/best-suburbs/for-families/act,24,denman-prospect-act-2611,"ACT | 1,107 | 78%",sales-abs,0,yes
/best-suburbs/for-families/act,25,chapman-act-2611,"ACT | 1,106 | 82%",sales-abs,0,yes
/best-suburbs/for-families/act,26,weston-act-2611,"ACT | 1,105 | 71%",sales-abs,0,yes
/best-suburbs/for-families/act,27,garran-act-2605,"ACT | 1,103 | 74%",sales-abs,0,yes
/best-suburbs/for-families/act,28,coombs-act-2611,"ACT | 1,099 | 74%",sales-abs,0,yes
/best-suburbs/for-families/act,29,moncrieff-act-2914,"ACT | 1,099 | 86%",sales-abs,0,yes
/best-suburbs/for-families/act,30,franklin-act-2913,"ACT | 1,098 | 72%",sales-abs,0,yes
/best-suburbs/for-families/act,31,farrer-act-2607,"ACT | 1,098 | 73%",sales-abs,0,yes
/best-suburbs/for-families/act,32,waramanga-act-2611,"ACT | 1,097 | 69%",sales-abs,0,yes
/best-suburbs/for-families/act,33,throsby-act-2914,"ACT | 1,096 | 89%",sales-abs,0,yes
/best-suburbs/for-families/act,34,hawker-act-2614,"ACT | 1,089 | 70%",sales-abs,0,yes
/best-suburbs/for-families/act,35,duffy-act-2611,"ACT | 1,088 | 77%",sales-abs,0,yes
/best-suburbs/for-families/act,36,scullin-act-2614,"ACT | 1,088 | 69%",sales-abs,0,yes
/best-suburbs/for-families/act,37,phillip-act-2606,"ACT | 1,087 | 50%",sales-abs,0,yes
/best-suburbs/for-families/act,38,page-act-2614,"ACT | 1,085 | 58%",sales-abs,0,yes
/best-suburbs/for-families/act,39,macquarie-act-2614,"ACT | 1,085 | 61%",sales-abs,0,yes
/best-suburbs/for-families/act,40,griffith-act-2603,"ACT | 1,084 | 59%",abs-census-2021,0,no
/best-suburbs/for-families/act,41,amaroo-act-2914,"ACT | 1,083 | 81%",sales-abs,0,yes
/best-suburbs/for-families/act,42,kaleen-act-2617,"ACT | 1,081 | 76%",sales-abs,0,yes
/best-suburbs/for-families/act,43,harrison-act-2914,"ACT | 1,080 | 75%",sales-abs,0,yes
/best-suburbs/for-families/act,44,torrens-act-2607,"ACT | 1,079 | 74%",sales-abs,0,yes
/best-suburbs/for-families/act,45,palmerston-act-2913,"ACT | 1,077 | 75%",sales-abs,0,yes
/best-suburbs/for-families/act,46,fadden-act-2904,"ACT | 1,076 | 86%",sales-abs,0,yes
/best-suburbs/for-families/act,47,nicholls-act-2913,"ACT | 1,075 | 84%",sales-abs,0,yes
/best-suburbs/for-families/act,48,giralang-act-2617,"ACT | 1,070 | 78%",sales-abs,0,yes
/best-suburbs/for-families/act,49,evatt-act-2617,"ACT | 1,068 | 79%",sales-abs,0,yes
/best-suburbs/for-families/act,50,belconnen-act-2617,"ACT | 1,066 | 51%",sales-abs,0,yes
/best-suburbs/highest-growth/nsw,1,biddon-nsw-2827,NSW | +4612.1% | $2.8M,sales-nsw,1,no
/best-suburbs/highest-growth/nsw,2,turill-nsw-2850,NSW | +1220.0% | $825K,sales-nsw,1,no
/best-suburbs/highest-growth/nsw,3,dirty-creek-nsw-2456,NSW | +1019.2% | $728K,sales-nsw,2,no
/best-suburbs/highest-growth/nsw,4,chullora-nsw-2190,NSW | +1009.2% | $1.4M,sales-abs,5,yes
/best-suburbs/highest-growth/nsw,5,blighty-nsw-2713,NSW | +1007.7% | $3.6M,sales-nsw,2,no
/best-suburbs/highest-growth/nsw,6,bumbaldry-nsw-2794,NSW | +858.3% | $1.1M,rental-nsw,2,no
/best-suburbs/highest-growth/nsw,7,leadville-nsw-2844,NSW | +695.5% | $875K,sales-nsw,1,no
/best-suburbs/highest-growth/nsw,8,tullibigeal-nsw-2669,NSW | +675.9% | $1.1M,sales-nsw,2,no
/best-suburbs/highest-growth/nsw,9,foxground-nsw-2534,NSW | +597.0% | $2.3M,sales-nsw,1,no
/best-suburbs/highest-growth/nsw,10,appletree-flat-nsw-2330,NSW | +591.7% | $415K,sales-nsw,1,no
/best-suburbs/highest-growth/nsw,11,coolatai-nsw-2402,NSW | +591.4% | $1.9M,sales-nsw,2,no
/best-suburbs/highest-growth/nsw,12,breeza-nsw-2381,NSW | +525.0% | $375K,sales-nsw,2,no
/best-suburbs/highest-growth/nsw,13,llangothlin-nsw-2365,NSW | +477.2% | $3.2M,sales-nsw,1,no
/best-suburbs/highest-growth/nsw,14,trunkey-creek-nsw-2795,NSW | +452.6% | $525K,sales-nsw,2,no
/best-suburbs/highest-growth/nsw,15,bagnoo-nsw-2446,NSW | +405.3% | $955K,sales-nsw,1,no
/best-suburbs/highest-growth/nsw,16,martindale-nsw-2328,NSW | +379.4% | $1.6M,sales-nsw,7,yes
/best-suburbs/highest-growth/nsw,17,collie-nsw-2827,NSW | +354.5% | $375K,sales-nsw,2,no
/best-suburbs/highest-growth/nsw,18,bribbaree-nsw-2594,NSW | +341.7% | $265K,sales-nsw,6,yes
/best-suburbs/highest-growth/nsw,19,merrygoen-nsw-2831,NSW | +340.6% | $705K,sales-nsw,4,no
/best-suburbs/highest-growth/nsw,20,oakhampton-nsw-2320,NSW | +319.9% | $4.7M,sales-nsw,5,yes
/best-suburbs/highest-growth/nsw,21,brays-creek-nsw-2484,NSW | +303.8% | $1.6M,rental-nsw,1,no
/best-suburbs/highest-growth/nsw,22,marlow-nsw-2775,NSW | +287.1% | $720K,sales-nsw,2,no
/best-suburbs/highest-growth/nsw,23,liston-nsw-2372,NSW | +276.4% | $998K,sales-nsw,2,no
/best-suburbs/highest-growth/nsw,24,peats-ridge-nsw-2250,NSW | +262.9% | $8.0M,sales-nsw,1,no
/best-suburbs/highest-growth/nsw,25,pindimar-nsw-2324,NSW | +260.0% | $900K,sales-nsw,12,yes
/best-suburbs/highest-growth/nsw,26,boree-creek-nsw-2652,NSW | +256.3% | $375K,sales-nsw,1,no
/best-suburbs/highest-growth/nsw,27,myola-nsw-2540,NSW | +246.5% | $1.8M,sales-nsw,2,no
/best-suburbs/highest-growth/nsw,28,glen-davis-nsw-2846,NSW | +246.4% | $728K,sales-nsw,4,no
/best-suburbs/highest-growth/nsw,29,kiora-nsw-2537,NSW | +243.4% | $1.4M,sales-nsw,2,no
/best-suburbs/highest-growth/nsw,30,valery-nsw-2454,NSW | +240.2% | $3.3M,sales-nsw,1,no
/best-suburbs/highest-growth/nsw,31,bottle-creek-nsw-2469,NSW | +240.0% | $850K,sales-nsw,1,no
/best-suburbs/highest-growth/nsw,32,khancoban-nsw-2642,NSW | +237.9% | $319K,sales-nsw,7,yes
/best-suburbs/highest-growth/nsw,33,carrs-creek-nsw-2460,NSW | +235.2% | $1.5M,sales-nsw,2,no
/best-suburbs/highest-growth/nsw,34,bukkulla-nsw-2360,NSW | +233.3% | $1.1M,sales-nsw,2,no
/best-suburbs/highest-growth/nsw,35,bannaby-nsw-2580,NSW | +228.9% | $2M,sales-nsw,1,no
/best-suburbs/highest-growth/nsw,36,gumly-gumly-nsw-2652,NSW | +226.3% | $1.6M,sales-nsw,13,yes
/best-suburbs/highest-growth/nsw,37,bobin-nsw-2429,NSW | +220.9% | $800K,sales-nsw,1,no
/best-suburbs/highest-growth/nsw,38,yarrawa-nsw-2328,NSW | +220.0% | $1.6M,sales-nsw,1,no
/best-suburbs/highest-growth/nsw,39,blakebrook-nsw-2480,NSW | +219.5% | $1.1M,sales-nsw,2,no
/best-suburbs/highest-growth/nsw,40,mongarlowe-nsw-2622,NSW | +215.2% | $1.3M,sales-nsw,3,no
/best-suburbs/highest-growth/nsw,41,stannum-nsw-2371,NSW | +213.2% | $595K,sales-nsw,2,no
/best-suburbs/highest-growth/nsw,42,wattamondara-nsw-2794,NSW | +211.1% | $700K,sales-nsw,5,yes
/best-suburbs/highest-growth/nsw,43,lower-portland-nsw-2756,NSW | +210.0% | $1.6M,sales-nsw,8,yes
/best-suburbs/highest-growth/nsw,44,hampton-nsw-2790,NSW | +204.3% | $1.7M,sales-nsw,6,yes
/best-suburbs/highest-growth/nsw,45,premer-nsw-2381,NSW | +200.0% | $180K,sales-nsw,4,no
/best-suburbs/highest-growth/nsw,46,erina-heights-nsw-2260,NSW | +194.7% | $2.8M,rental-nsw,3,no
/best-suburbs/highest-growth/nsw,47,meryla-nsw-2577,NSW | +189.8% | $1.4M,sales-nsw,3,no
/best-suburbs/highest-growth/nsw,48,kingsvale-nsw-2587,NSW | +189.5% | $1.6M,sales-nsw,2,no
/best-suburbs/highest-growth/nsw,49,kunama-nsw-2730,NSW | +186.9% | $900K,sales-nsw,1,no
/best-suburbs/highest-growth/nsw,50,nullamanna-nsw-2360,NSW | +182.9% | $580K,sales-nsw,1,no
/best-suburbs/highest-growth/qld,1,newport-qld-4020,QLD | +9.5% | $418K,rental-qld,0,no
/best-suburbs/highest-growth/qld,2,bridgeman-downs-qld-4035,QLD | +8.8% | $1.3M,sales-abs,0,yes
/best-suburbs/highest-growth/qld,3,redcliffe-qld-4020,QLD | +8.2% | $785K,sales-abs,0,yes
/best-suburbs/highest-growth/qld,4,griffin-qld-4503,QLD | +7.8% | $427K,rental-qld,0,no
/best-suburbs/highest-growth/qld,5,margate-qld-4019,QLD | +7.5% | $381K,rental-qld,0,no
/best-suburbs/highest-growth/qld,6,burpengary-east-qld-4505,QLD | +7.5% | $453K,rental-qld,0,no
/best-suburbs/highest-growth/qld,7,north-lakes-qld-4509,QLD | +7.2% | $820K,sales-abs,0,yes
/best-suburbs/highest-growth/qld,8,dakabin-qld-4503,QLD | +7.0% | $724K,sales-abs,0,yes
/best-suburbs/highest-growth/qld,9,palmview-qld-4553,QLD | +7.0% | $440K,rental-qld,0,no
/best-suburbs/highest-growth/qld,10,burpengary-qld-4505,QLD | +6.8% | $750K,sales-abs,0,yes
/best-suburbs/highest-growth/qld,11,banya-qld-4551,QLD | +6.2% | $429K,rental-qld,0,no
/best-suburbs/highest-growth/qld,12,narangba-qld-4504,QLD | +6.1% | $790K,sales-abs,0,yes
/best-suburbs/highest-growth/qld,13,morayfield-qld-4506,QLD | +6.0% | $1.1M,sales-abs,0,yes
/best-suburbs/highest-growth/qld,14,caboolture-qld-4510,QLD | +5.8% | $344K,rental-qld,0,no
/best-suburbs/highest-growth/qld,15,deception-bay-qld-4508,QLD | +5.5% | $663K,sales-abs,0,yes
/best-suburbs/highest-growth/sa,1,north-adelaide-sa-5006,SA | +169.4% | $4.3M,sales-sa,6,yes
/best-suburbs/highest-growth/sa,2,springfield-sa-5062,SA | +168.3% | $2.6M,sales-sa,2,no
/best-suburbs/highest-growth/sa,3,torrens-park-sa-5062,SA | +126.2% | $2.5M,sales-sa,4,no
/best-suburbs/highest-growth/sa,4,thebarton-sa-5031,SA | +114.8% | $1.9M,sales-sa,3,no
/best-suburbs/highest-growth/sa,5,waterfall-gully-sa-5066,SA | +110.5% | $2M,sales-sa,1,no
/best-suburbs/highest-growth/sa,6,glenelg-south-sa-5045,SA | +108.0% | $4.6M,sales-sa,2,no
/best-suburbs/highest-growth/sa,7,payneham-sa-5070,SA | +99.6% | $1.8M,sales-sa,5,yes
/best-suburbs/highest-growth/sa,8,everard-park-sa-5035,SA | +82.1% | $1.5M,sales-sa,3,no
/best-suburbs/highest-growth/sa,9,gillman-sa-5013,SA | +80.0% | $1.4M,sales-sa,1,no
/best-suburbs/highest-growth/sa,10,alberton-sa-5014,SA | +73.2% | $1.6M,sales-sa,1,no
/best-suburbs/highest-growth/sa,11,frewville-sa-5063,SA | +72.9% | $1.6M,sales-sa,3,no
/best-suburbs/highest-growth/sa,12,keswick-sa-5035,SA | +70.7% | $2.5M,sales-sa,2,no
/best-suburbs/highest-growth/sa,13,norwood-sa-5067,SA | +67.2% | $2.2M,sales-sa,14,yes
/best-suburbs/highest-growth/sa,14,woodville-gardens-sa-5012,SA | +66.7% | $920K,sales-sa,3,no
/best-suburbs/highest-growth/sa,15,lower-mitcham-sa-5062,SA | +66.7% | $2.0M,sales-sa,9,yes
/best-suburbs/highest-growth/sa,16,rose-park-sa-5067,SA | +66.3% | $2.9M,sales-sa,2,no
/best-suburbs/highest-growth/sa,17,devon-park-sa-5008,SA | +64.0% | $1.2M,sales-sa,7,yes
/best-suburbs/highest-growth/sa,18,woodville-park-sa-5011,SA | +56.2% | $1.6M,sales-sa,6,yes
/best-suburbs/highest-growth/sa,19,mylor-sa-5153,SA | +55.2% | $1.3M,sales-sa,1,no
/best-suburbs/highest-growth/sa,20,mount-osmond-sa-5064,SA | +54.8% | $1.4M,sales-sa,1,no
/best-suburbs/highest-growth/sa,21,unley-sa-5061,SA | +52.6% | $3.1M,sales-sa,5,yes
/best-suburbs/highest-growth/sa,22,kurralta-park-sa-5037,SA | +51.8% | $1.5M,sales-sa,5,yes
/best-suburbs/highest-growth/sa,23,west-hindmarsh-sa-5007,SA | +51.0% | $1.5M,sales-sa,2,no
/best-suburbs/highest-growth/sa,24,gilberton-sa-5081,SA | +50.5% | $2.3M,sales-sa,4,no
/best-suburbs/highest-growth/sa,25,port-adelaide-sa-5015,SA | +47.6% | $1M,sales-sa,21,yes
/best-suburbs/highest-growth/sa,26,mitcham-sa-5062,SA | +47.5% | $2.2M,sales-sa,2,no
/best-suburbs/highest-growth/sa,27,payneham-south-sa-5070,SA | +44.9% | $1.9M,sales-sa,3,no
/best-suburbs/highest-growth/sa,28,crafers-west-sa-5152,SA | +44.0% | $1.4M,sales-sa,3,no
/best-suburbs/highest-growth/sa,29,christies-beach-sa-5165,SA | +41.6% | $1.1M,sales-sa,28,yes
/best-suburbs/highest-growth/sa,30,ovingham-sa-5082,SA | +39.4% | $1.3M,sales-sa,3,no
/best-suburbs/highest-growth/sa,31,novar-gardens-sa-5040,SA | +38.8% | $1.5M,sales-sa,6,yes
/best-suburbs/highest-growth/sa,32,forestville-sa-5035,SA | +38.8% | $2.2M,sales-sa,2,no
/best-suburbs/highest-growth/sa,33,heathfield-sa-5153,SA | +38.2% | $1.3M,sales-sa,2,no
/best-suburbs/highest-growth/sa,34,seacliff-sa-5049,SA | +37.6% | $1.9M,sales-sa,5,yes
/best-suburbs/highest-growth/sa,35,royston-park-sa-5070,SA | +36.1% | $2.1M,sales-sa,1,no
/best-suburbs/highest-growth/sa,36,eastwood-sa-5063,SA | +36.1% | $1.6M,sales-sa,5,yes
/best-suburbs/highest-growth/sa,37,welland-sa-5007,SA | +35.9% | $1.4M,sales-sa,1,no
/best-suburbs/highest-growth/sa,38,eden-hills-sa-5050,SA | +35.8% | $1.3M,sales-sa,9,yes
/best-suburbs/highest-growth/sa,39,glen-osmond-sa-5064,SA | +35.5% | $2.2M,sales-sa,9,yes
/best-suburbs/highest-growth/sa,40,bowden-sa-5007,SA | +33.9% | $1.2M,sales-sa,5,yes
/best-suburbs/highest-growth/sa,41,richmond-sa-5033,SA | +33.7% | $1.3M,sales-sa,10,yes
/best-suburbs/highest-growth/sa,42,plympton-sa-5038,SA | +33.4% | $1.5M,sales-sa,13,yes
/best-suburbs/highest-growth/sa,43,hilton-sa-5033,SA | +33.3% | $1.3M,sales-sa,4,no
/best-suburbs/highest-growth/sa,44,kidman-park-sa-5025,SA | +33.2% | $1.3M,sales-sa,16,yes
/best-suburbs/highest-growth/sa,45,teringie-sa-5072,SA | +33.0% | $1.3M,sales-sa,1,no
/best-suburbs/highest-growth/sa,46,northgate-sa-5085,SA | +32.8% | $1.3M,sales-sa,9,yes
/best-suburbs/highest-growth/sa,47,semaphore-sa-5019,SA | +31.8% | $1.3M,sales-sa,11,yes
/best-suburbs/highest-growth/sa,48,kensington-gardens-sa-5068,SA | +31.7% | $2.3M,sales-sa,6,yes
/best-suburbs/highest-growth/sa,49,brooklyn-park-sa-5032,SA | +31.6% | $1.2M,sales-sa,5,yes
/best-suburbs/highest-growth/sa,50,adelaide-sa-5000,SA | +31.2% | $1.6M,sales-sa,6,yes
/best-suburbs/most-affordable/nsw,1,bourbah-nsw-2828,"NSW | $101,000 | –",rental-nsw,0,no
/best-suburbs/most-affordable/nsw,2,quanda-nsw-2828,"NSW | $101,000 | –",rental-nsw,0,no
/best-suburbs/most-affordable/nsw,3,warrumbungle-nsw-2828,"NSW | $101,000 | –",rental-nsw,0,no
/best-suburbs/most-affordable/nsw,4,mount-tenandra-nsw-2828,"NSW | $101,000 | –",rental-nsw,0,no
/best-suburbs/most-affordable/nsw,5,tonderburine-nsw-2828,"NSW | $101,000 | –",rental-nsw,0,no
/best-suburbs/most-affordable/nsw,6,black-hollow-nsw-2828,"NSW | $101,000 | –",rental-nsw,0,no
/best-suburbs/most-affordable/nsw,7,chakola-nsw-2630,"NSW | $103,000 | -89.0%",sales-nsw,1,no
/best-suburbs/most-affordable/nsw,8,hay-south-nsw-2711,"NSW | $105,000 | -17.3%",sales-nsw,7,yes
/best-suburbs/most-affordable/nsw,9,collarenebri-nsw-2833,"NSW | $105,000 | -16.0%",sales-nsw,6,yes
/best-suburbs/most-affordable/nsw,10,yuluma-nsw-2645,"NSW | $108,000 | –",rental-nsw,0,no
/best-suburbs/most-affordable/nsw,11,cullivel-nsw-2645,"NSW | $108,000 | –",rental-nsw,0,no
/best-suburbs/most-affordable/nsw,12,coonong-nsw-2645,"NSW | $108,000 | –",rental-nsw,0,no
/best-suburbs/most-affordable/nsw,13,toonumbar-nsw-2474,"NSW | $110,000 | –",sales-nsw,1,no
/best-suburbs/most-affordable/nsw,14,terry-hie-hie-nsw-2400,"NSW | $110,000 | -94.0%",sales-nsw,2,no
/best-suburbs/most-affordable/nsw,15,eumungerie-nsw-2831,"NSW | $112,500 | -86.6%",sales-nsw,2,no
/best-suburbs/most-affordable/nsw,16,weja-nsw-2669,"NSW | $114,000 | –",rental-nsw,0,no
/best-suburbs/most-affordable/nsw,17,gubbata-nsw-2669,"NSW | $114,000 | –",rental-nsw,0,no
/best-suburbs/most-affordable/nsw,18,north-yalgogrin-nsw-2669,"NSW | $114,000 | –",rental-nsw,0,no
/best-suburbs/most-affordable/nsw,19,tallimba-nsw-2669,"NSW | $114,000 | –",rental-nsw,0,no
/best-suburbs/most-affordable/nsw,20,kikoira-nsw-2669,"NSW | $114,000 | –",rental-nsw,0,no
/best-suburbs/most-affordable/nsw,21,bygalorie-nsw-2669,"NSW | $114,000 | –",rental-nsw,0,no
/best-suburbs/most-affordable/nsw,22,yaddra-nsw-2669,"NSW | $114,000 | –",rental-nsw,0,no
/best-suburbs/most-affordable/nsw,23,erigolia-nsw-2669,"NSW | $114,000 | –",rental-nsw,0,no
/best-suburbs/most-affordable/nsw,24,naradhan-nsw-2669,"NSW | $114,000 | –",rental-nsw,0,no
/best-suburbs/most-affordable/nsw,25,melbergen-nsw-2669,"NSW | $114,000 | –",rental-nsw,0,no
/best-suburbs/most-affordable/nsw,26,cookamidgera-nsw-2870,"NSW | $120,000 | -81.2%",sales-nsw,4,no
/best-suburbs/most-affordable/nsw,27,stuart-town-nsw-2820,"NSW | $120,000 | -62.1%",sales-nsw,3,no
/best-suburbs/most-affordable/nsw,28,tottenham-nsw-2873,"NSW | $120,000 | +20.0%",sales-nsw,10,yes
/best-suburbs/most-affordable/nsw,29,tyringham-nsw-2453,"NSW | $120,000 | -91.1%",sales-nsw,1,no
/best-suburbs/most-affordable/nsw,30,boggabilla-nsw-2409,"NSW | $120,000 | -17.2%",sales-nsw,3,no
/best-suburbs/most-affordable/nsw,31,moonan-flat-nsw-2337,"NSW | $124,500 | -69.6%",sales-nsw,2,no
/best-suburbs/most-affordable/nsw,32,blandford-nsw-2338,"NSW | $125,000 | -71.6%",sales-nsw,3,no
/best-suburbs/most-affordable/nsw,33,rankins-springs-nsw-2669,"NSW | $125,000 | -11.5%",sales-nsw,1,no
/best-suburbs/most-affordable/nsw,34,caragabal-nsw-2810,"NSW | $125,000 | -37.5%",sales-nsw,2,no
/best-suburbs/most-affordable/nsw,35,tibooburra-nsw-2880,"NSW | $125,000 | –",sales-nsw,2,no
/best-suburbs/most-affordable/nsw,36,duncans-creek-nsw-2340,"NSW | $125,000 | –",sales-nsw,1,no
/best-suburbs/most-affordable/nsw,37,napier-lane-nsw-2379,"NSW | $127,000 | –",rental-nsw,0,no
/best-suburbs/most-affordable/nsw,38,nombi-nsw-2379,"NSW | $127,000 | –",rental-nsw,0,no
/best-suburbs/most-affordable/nsw,39,lewinsbrook-nsw-2311,"NSW | $129,000 | –",sales-nsw,1,no
/best-suburbs/most-affordable/nsw,40,laurel-hill-nsw-2649,"NSW | $130,000 | –",sales-nsw,1,no
/best-suburbs/most-affordable/nsw,41,bimbi-nsw-2810,"NSW | $130,000 | –",sales-nsw,1,no
/best-suburbs/most-affordable/nsw,42,brewarrina-nsw-2839,"NSW | $130,000 | -25.7%",sales-nsw,7,yes
/best-suburbs/most-affordable/nsw,43,twin-rivers-nsw-2410,"NSW | $132,000 | –",rental-nsw,0,no
/best-suburbs/most-affordable/nsw,44,garah-nsw-2405,"NSW | $133,500 | -99.3%",sales-nsw,4,no
/best-suburbs/most-affordable/nsw,45,weetaliba-nsw-2395,"NSW | $135,000 | –",rental-nsw,0,no
/best-suburbs/most-affordable/nsw,46,ropers-road-nsw-2395,"NSW | $135,000 | –",rental-nsw,0,no
/best-suburbs/most-affordable/nsw,47,gurley-nsw-2398,"NSW | $136,000 | –",rental-nsw,0,no
/best-suburbs/most-affordable/nsw,48,conargo-nsw-2710,"NSW | $140,000 | –",sales-nsw,1,no
/best-suburbs/most-affordable/nsw,49,lower-acacia-creek-nsw-2476,"NSW | $140,000 | -64.6%",sales-nsw,1,no
/best-suburbs/most-affordable/nsw,50,copi-hollow-nsw-2879,"NSW | $143,000 | –",rental-nsw,0,no
/best-suburbs/most-affordable/vic,1,gerahmin-vic-3546,"VIC | $105,000 | –",rental-vic,0,no
/best-suburbs/most-affordable/vic,2,chinkapook-vic-3546,"VIC | $105,000 | –",rental-vic,0,no
/best-suburbs/most-affordable/vic,3,bolton-vic-3546,"VIC | $105,000 | –",rental-vic,0,no
/best-suburbs/most-affordable/vic,4,turoar-vic-3546,"VIC | $105,000 | –",rental-vic,0,no
/best-suburbs/most-affordable/vic,5,winnambool-vic-3546,"VIC | $105,000 | –",rental-vic,0,no
/best-suburbs/most-affordable/vic,6,manangatang-vic-3546,"VIC | $105,000 | –",rental-vic,0,no
/best-suburbs/most-affordable/vic,7,cocamba-vic-3546,"VIC | $105,000 | –",rental-vic,0,no
/best-suburbs/most-affordable/vic,8,harrow-vic-3317,"VIC | $107,000 | –",rental-vic,0,no
/best-suburbs/most-affordable/vic,9,yaapeet-vic-3424,"VIC | $110,000 | –",rental-vic,0,no
/best-suburbs/most-affordable/vic,10,nullawil-vic-3529,"VIC | $110,000 | –",rental-vic,0,no
/best-suburbs/most-affordable/vic,11,albacutya-vic-3424,"VIC | $110,000 | –",rental-vic,0,no
/best-suburbs/most-affordable/vic,12,kalpienung-vic-3529,"VIC | $110,000 | –",rental-vic,0,no
/best-suburbs/most-affordable/vic,13,benayeo-vic-3319,"VIC | $111,000 | –",rental-vic,0,no
/best-suburbs/most-affordable/vic,14,apsley-vic-3319,"VIC | $111,000 | –",rental-vic,0,no
/best-suburbs/most-affordable/vic,15,bringalbert-vic-3319,"VIC | $111,000 | –",rental-vic,0,no
/best-suburbs/most-affordable/vic,16,brim-vic-3391,"VIC | $112,000 | –",rental-vic,0,no
/best-suburbs/most-affordable/vic,17,watchupga-vic-3485,"VIC | $114,000 | –",rental-vic,0,no
/best-suburbs/most-affordable/vic,18,digby-vic-3309,"VIC | $114,000 | –",rental-vic,0,no
/best-suburbs/most-affordable/vic,19,willangie-vic-3485,"VIC | $114,000 | –",rental-vic,0,no
/best-suburbs/most-affordable/vic,20,woomelang-vic-3485,"VIC | $114,000 | –",rental-vic,0,no
/best-suburbs/most-affordable/vic,21,banyan-vic-3485,"VIC | $114,000 | –",rental-vic,0,no
/best-suburbs/most-affordable/vic,22,tintaldra-vic-3708,"VIC | $118,000 | –",rental-vic,0,no
/best-suburbs/most-affordable/vic,23,sheep-hills-vic-3392,"VIC | $119,000 | –",rental-vic,0,no
/best-suburbs/most-affordable/vic,24,culgoa-vic-3530,"VIC | $119,000 | –",rental-vic,0,no
/best-suburbs/most-affordable/vic,25,sutton-vic-3530,"VIC | $119,000 | –",rental-vic,0,no
/best-suburbs/most-affordable/vic,26,boolite-vic-3392,"VIC | $119,000 | –",rental-vic,0,no
/best-suburbs/most-affordable/vic,27,warne-vic-3530,"VIC | $119,000 | –",rental-vic,0,no
/best-suburbs/most-affordable/vic,28,walpeup-vic-3507,"VIC | $119,000 | –",rental-vic,0,no
/best-suburbs/most-affordable/vic,29,wangie-vic-3530,"VIC | $119,000 | –",rental-vic,0,no
/best-suburbs/most-affordable/vic,30,kenmare-vic-3395,"VIC | $125,000 | –",rental-vic,0,no
/best-suburbs/most-affordable/vic,31,rosebery-vic-3395,"VIC | $125,000 | –",rental-vic,0,no
/best-suburbs/most-affordable/vic,32,reedy-dam-vic-3395,"VIC | $125,000 | –",rental-vic,0,no
/best-suburbs/most-affordable/vic,33,goroke-vic-3412,"VIC | $125,000 | –",rental-vic,0,no
/best-suburbs/most-affordable/vic,34,beulah-vic-3395,"VIC | $125,000 | –",rental-vic,0,no
/best-suburbs/most-affordable/vic,35,chinangin-vic-3544,"VIC | $138,000 | –",rental-vic,0,no
/best-suburbs/most-affordable/vic,36,springfield-vic-3544,"VIC | $138,000 | –",rental-vic,0,no
/best-suburbs/most-affordable/vic,37,waitchie-vic-3544,"VIC | $138,000 | –",rental-vic,0,no
/best-suburbs/most-affordable/vic,38,murnungin-vic-3544,"VIC | $138,000 | –",rental-vic,0,no
/best-suburbs/most-affordable/vic,39,gowanford-vic-3544,"VIC | $138,000 | –",rental-vic,0,no
/best-suburbs/most-affordable/vic,40,ultima-vic-3544,"VIC | $138,000 | –",rental-vic,0,no
/best-suburbs/most-affordable/vic,41,ultima-east-vic-3544,"VIC | $138,000 | –",rental-vic,0,no
/best-suburbs/most-affordable/vic,42,yarrunga-vic-3415,"VIC | $139,000 | –",rental-vic,0,no
/best-suburbs/most-affordable/vic,43,miram-vic-3415,"VIC | $139,000 | –",rental-vic,0,no
/best-suburbs/most-affordable/vic,44,piangil-vic-3597,"VIC | $143,000 | –",rental-vic,0,no
/best-suburbs/most-affordable/vic,45,pier-milan-vic-3533,"VIC | $143,000 | –",rental-vic,0,no
/best-suburbs/most-affordable/vic,46,kenley-vic-3597,"VIC | $143,000 | –",rental-vic,0,no
/best-suburbs/most-affordable/vic,47,natya-vic-3597,"VIC | $143,000 | –",rental-vic,0,no
/best-suburbs/most-affordable/vic,48,nyarrin-vic-3533,"VIC | $143,000 | –",rental-vic,0,no
/best-suburbs/most-affordable/vic,49,nandaly-vic-3533,"VIC | $143,000 | –",rental-vic,0,no
/best-suburbs/most-affordable/vic,50,caramut-vic-3274,"VIC | $143,000 | –",rental-vic,0,no
/best-suburbs/most-affordable/qld,1,degarra-qld-4895,"QLD | $101,000 | –",sales-qld,0,no
/best-suburbs/most-affordable/qld,2,augathella-qld-4477,"QLD | $105,000 | –",sales-qld,0,no
/best-suburbs/most-affordable/qld,3,canoona-qld-4702,"QLD | $107,000 | –",sales-qld,0,no
/best-suburbs/most-affordable/qld,4,gregory-downs-qld-4830,"QLD | $108,000 | –",abs-census-2021,0,no
/best-suburbs/most-affordable/qld,5,gangalidda-qld-4830,"QLD | $108,000 | –",abs-census-2021,0,no
/best-suburbs/most-affordable/qld,6,augustus-downs-qld-4830,"QLD | $108,000 | –",abs-census-2021,0,no
/best-suburbs/most-affordable/qld,7,nicholson-qld-4830,"QLD | $108,000 | –",abs-census-2021,0,no
/best-suburbs/most-affordable/qld,8,gregory-qld-4830,"QLD | $108,000 | –",abs-census-2021,0,no
/best-suburbs/most-affordable/qld,9,winfield-qld-4670,"QLD | $110,000 | –",sales-qld,0,no
/best-suburbs/most-affordable/qld,10,roche-creek-qld-4419,"QLD | $110,000 | –",abs-census-2021,0,no
/best-suburbs/most-affordable/qld,11,weengallon-qld-4497,"QLD | $110,000 | –",sales-qld,0,no
/best-suburbs/most-affordable/qld,12,promisedland-qld-4660,"QLD | $110,000 | –",sales-qld,0,no
/best-suburbs/most-affordable/qld,13,woleebee-qld-4419,"QLD | $110,000 | –",abs-census-2021,0,no
/best-suburbs/most-affordable/qld,14,cockatoo-qld-4419,"QLD | $110,000 | –",abs-census-2021,0,no
/best-suburbs/most-affordable/qld,15,grosmont-qld-4419,"QLD | $110,000 | –",abs-census-2021,0,no
/best-suburbs/most-affordable/qld,16,bundi-qld-4419,"QLD | $110,000 | –",abs-census-2021,0,no
/best-suburbs/most-affordable/qld,17,st-ruth-qld-4405,"QLD | $112,000 | –",sales-qld,0,no
/best-suburbs/most-affordable/qld,18,drillham-south-qld-4424,"QLD | $114,000 | –",sales-qld,0,no
/best-suburbs/most-affordable/qld,19,eromanga-qld-4480,"QLD | $114,000 | –",sales-qld,0,no
/best-suburbs/most-affordable/qld,20,cypress-gardens-qld-4218,"QLD | $114,000 | –",sales-qld,0,no
/best-suburbs/most-affordable/qld,21,cypress-gardens-qld-4357,"QLD | $114,000 | –",sales-qld,0,no
/best-suburbs/most-affordable/qld,22,isisford-qld-4731,"QLD | $115,000 | –",sales-qld,0,no
/best-suburbs/most-affordable/qld,23,yaraka-qld-4731,"QLD | $115,000 | –",abs-census-2021,0,no
/best-suburbs/most-affordable/qld,24,cooyar-qld-4402,"QLD | $116,000 | –",sales-qld,0,no
/best-suburbs/most-affordable/qld,25,gunpowder-qld-4825,"QLD | $117,000 | –",sales-qld,0,no
/best-suburbs/most-affordable/qld,26,south-talwood-qld-4496,"QLD | $117,000 | –",abs-census-2021,0,no
/best-suburbs/most-affordable/qld,27,talwood-qld-4496,"QLD | $117,000 | –",abs-census-2021,0,no
/best-suburbs/most-affordable/qld,28,north-talwood-qld-4496,"QLD | $117,000 | –",sales-qld,0,no
/best-suburbs/most-affordable/qld,29,torrens-creek-qld-4816,"QLD | $119,000 | –",sales-qld,0,no
/best-suburbs/most-affordable/qld,30,upper-warrego-qld-4477,"QLD | $119,000 | –",sales-qld,0,no
/best-suburbs/most-affordable/qld,31,garfield-qld-4728,"QLD | $119,000 | –",abs-census-2021,0,no
/best-suburbs/most-affordable/qld,32,mount-macarthur-qld-4723,"QLD | $119,000 | –",sales-qld,0,no
/best-suburbs/most-affordable/qld,33,dunrobin-qld-4728,"QLD | $119,000 | –",abs-census-2021,0,no
/best-suburbs/most-affordable/qld,34,mexico-qld-4728,"QLD | $119,000 | –",abs-census-2021,0,no
/best-suburbs/most-affordable/qld,35,jericho-qld-4728,"QLD | $119,000 | –",abs-census-2021,0,no
/best-suburbs/most-affordable/qld,36,pinevale-qld-4754,"QLD | $121,000 | –",sales-qld,0,no
/best-suburbs/most-affordable/qld,37,kynuna-qld-4823,"QLD | $121,000 | –",abs-census-2021,0,no
/best-suburbs/most-affordable/qld,38,mckinlay-qld-4823,"QLD | $121,000 | –",abs-census-2021,0,no
/best-suburbs/most-affordable/qld,39,taldora-qld-4823,"QLD | $121,000 | –",abs-census-2021,0,no
/best-suburbs/most-affordable/qld,40,gunnewin-qld-4455,"QLD | $121,000 | –",sales-qld,0,no
/best-suburbs/most-affordable/qld,41,guluguba-qld-4418,"QLD | $121,000 | –",sales-qld,0,no
/best-suburbs/most-affordable/qld,42,stokes-qld-4823,"QLD | $121,000 | –",abs-census-2021,0,no
/best-suburbs/most-affordable/qld,43,nelia-qld-4823,"QLD | $121,000 | –",abs-census-2021,0,no
/best-suburbs/most-affordable/qld,44,warburton-qld-4823,"QLD | $121,000 | –",abs-census-2021,0,no
/best-suburbs/most-affordable/qld,45,cowley-beach-qld-4871,"QLD | $122,000 | –",sales-qld,0,no
/best-suburbs/most-affordable/qld,46,benarkin-qld-4306,"QLD | $122,000 | –",sales-qld,0,no
/best-suburbs/most-affordable/qld,47,benarkin-qld-4314,"QLD | $122,000 | –",sales-qld,0,no
/best-suburbs/most-affordable/qld,48,nangwee-qld-4407,"QLD | $124,000 | –",sales-qld,0,no
/best-suburbs/most-affordable/qld,49,irvinebank-qld-4887,"QLD | $126,000 | –",sales-qld,0,no
/best-suburbs/most-affordable/qld,50,condamine-farms-qld-4357,"QLD | $127,000 | –",sales-qld,0,no
/best-suburbs/most-affordable/wa,1,munglinup-wa-6450,"WA | $102,000 | –",sales-wa,0,no
/best-suburbs/most-affordable/wa,2,bowgada-wa-6623,"WA | $102,000 | –",sales-wa,0,no
/best-suburbs/most-affordable/wa,3,newdegate-wa-6355,"WA | $103,000 | –",sales-wa,0,no
/best-suburbs/most-affordable/wa,4,gairdner-wa-6337,"WA | $104,000 | –",sales-wa,0,no
/best-suburbs/most-affordable/wa,5,borden-wa-6338,"WA | $105,000 | –",sales-wa,0,no
/best-suburbs/most-affordable/wa,6,kukerin-wa-6352,"WA | $105,000 | –",sales-wa,0,no
/best-suburbs/most-affordable/wa,7,tammin-wa-6409,"WA | $107,000 | –",sales-wa,0,no
/best-suburbs/most-affordable/wa,8,warakurna-wa-0872,"WA | $110,000 | –",abs-census-2021,0,no
/best-suburbs/most-affordable/wa,9,kiwirrkurra-wa-0872,"WA | $110,000 | –",abs-census-2021,0,no
/best-suburbs/most-affordable/wa,10,koolanooka-wa-6623,"WA | $110,000 | –",abs-census-2021,0,no
/best-suburbs/most-affordable/wa,11,patjarr-wa-0872,"WA | $110,000 | –",abs-census-2021,0,no
/best-suburbs/most-affordable/wa,12,wingellina-wa-0872,"WA | $110,000 | –",abs-census-2021,0,no
/best-suburbs/most-affordable/wa,13,pintharuka-wa-6623,"WA | $110,000 | –",abs-census-2021,0,no
/best-suburbs/most-affordable/wa,14,tjukurla-wa-0872,"WA | $110,000 | –",abs-census-2021,0,no
/best-suburbs/most-affordable/wa,15,naval-base-wa-6165,"WA | $110,000 | –",sales-wa,0,no
/best-suburbs/most-affordable/wa,16,gibson-desert-south-wa-0872,"WA | $110,000 | –",abs-census-2021,0,no
/best-suburbs/most-affordable/wa,17,gibson-desert-north-wa-0872,"WA | $110,000 | –",abs-census-2021,0,no
/best-suburbs/most-affordable/wa,18,dardadine-wa-6392,"WA | $110,000 | –",sales-wa,0,no
/best-suburbs/most-affordable/wa,19,babbage-island-wa-6701,"WA | $110,000 | –",sales-wa,0,no
/best-suburbs/most-affordable/wa,20,papulankutja-wa-0872,"WA | $110,000 | –",abs-census-2021,0,no
/best-suburbs/most-affordable/wa,21,irrunytju-wa-0872,"WA | $110,000 | –",abs-census-2021,0,no
/best-suburbs/most-affordable/wa,22,dumbleyung-wa-6350,"WA | $110,000 | –",sales-wa,0,no
/best-suburbs/most-affordable/wa,23,ngaanyatjarra-giles-wa-0872,"WA | $110,000 | –",abs-census-2021,0,no
/best-suburbs/most-affordable/wa,24,piesseville-wa-6315,"WA | $110,000 | –",sales-wa,0,no
/best-suburbs/most-affordable/wa,25,old-plains-wa-6569,"WA | $110,000 | –",abs-census-2021,0,no
/best-suburbs/most-affordable/wa,26,carani-wa-6569,"WA | $110,000 | –",abs-census-2021,0,no
/best-suburbs/most-affordable/wa,27,mantamaru-wa-0872,"WA | $110,000 | –",abs-census-2021,0,no
/best-suburbs/most-affordable/wa,28,tjirrkarli-wa-0872,"WA | $110,000 | –",abs-census-2021,0,no
/best-suburbs/most-affordable/wa,29,kanpa-wa-0872,"WA | $110,000 | –",abs-census-2021,0,no
/best-suburbs/most-affordable/wa,30,nairibin-wa-6350,"WA | $113,000 | –",abs-census-2021,0,no
/best-suburbs/most-affordable/wa,31,bullock-hills-wa-6350,"WA | $113,000 | –",abs-census-2021,0,no
/best-suburbs/most-affordable/wa,32,sir-samuel-wa-6437,"WA | $114,000 | –",abs-census-2021,0,no
/best-suburbs/most-affordable/wa,33,trayning-wa-6488,"WA | $114,000 | –",sales-wa,0,no
/best-suburbs/most-affordable/wa,34,leinster-wa-6437,"WA | $114,000 | –",sales-wa,0,no
/best-suburbs/most-affordable/wa,35,north-trayning-wa-6488,"WA | $114,000 | –",abs-census-2021,0,no
/best-suburbs/most-affordable/wa,36,calingiri-wa-6569,"WA | $115,000 | –",sales-wa,0,no
/best-suburbs/most-affordable/wa,37,arthur-river-wa-6315,"WA | $117,000 | –",sales-wa,0,no
/best-suburbs/most-affordable/wa,38,mount-magnet-wa-6638,"WA | $118,000 | –",sales-wa,0,no
/best-suburbs/most-affordable/wa,39,bolgart-wa-6568,"WA | $119,000 | –",sales-wa,0,no
/best-suburbs/most-affordable/wa,40,norpa-wa-6415,"WA | $119,000 | –",sales-wa,0,no
/best-suburbs/most-affordable/wa,41,daggar-hills-wa-6638,"WA | $119,000 | –",abs-census-2021,0,no
/best-suburbs/most-affordable/wa,42,piawaning-wa-6572,"WA | $119,000 | –",sales-wa,0,no
/best-suburbs/most-affordable/wa,43,rocky-gully-wa-6397,"WA | $119,000 | –",sales-wa,0,no
/best-suburbs/most-affordable/wa,44,wyalkatchem-wa-6485,"WA | $119,000 | –",sales-wa,0,no
/best-suburbs/most-affordable/wa,45,watheroo-wa-6513,"WA | $119,000 | –",sales-wa,0,no
/best-suburbs/most-affordable/wa,46,paynesville-wa-6638,"WA | $119,000 | –",abs-census-2021,0,no
/best-suburbs/most-affordable/wa,47,bulyee-wa-6306,"WA | $119,000 | –",sales-wa,0,no
/best-suburbs/most-affordable/wa,48,babakin-wa-6428,"WA | $119,000 | –",sales-wa,0,no
/best-suburbs/most-affordable/wa,49,jitarning-wa-6365,"WA | $119,000 | –",sales-wa,0,no
/best-suburbs/most-affordable/wa,50,koorda-wa-6475,"WA | $119,000 | –",sales-wa,0,no
/best-suburbs/most-affordable/sa,1,coonalpyn-sa-5265,"SA | $103,000 | –",rental-sa,0,no
/best-suburbs/most-affordable/sa,2,field-sa-5265,"SA | $103,000 | –",rental-sa,0,no
/best-suburbs/most-affordable/sa,3,wynarka-sa-5306,"SA | $107,000 | –",rental-sa,0,no
/best-suburbs/most-affordable/sa,4,umuwa-sa-0872,"SA | $110,000 | –",rental-sa,0,no
/best-suburbs/most-affordable/sa,5,nyapari-sa-0872,"SA | $110,000 | –",rental-sa,0,no
/best-suburbs/most-affordable/sa,6,watarru-sa-0872,"SA | $110,000 | –",rental-sa,0,no
/best-suburbs/most-affordable/sa,7,mimili-sa-0872,"SA | $110,000 | –",rental-sa,0,no
/best-suburbs/most-affordable/sa,8,amata-sa-0872,"SA | $110,000 | –",rental-sa,0,no
/best-suburbs/most-affordable/sa,9,indulkana-sa-0872,"SA | $110,000 | –",rental-sa,0,no
/best-suburbs/most-affordable/sa,10,pukatja-sa-0872,"SA | $110,000 | –",rental-sa,0,no
/best-suburbs/most-affordable/sa,11,iwantja-sa-0872,"SA | $110,000 | –",rental-sa,0,no
/best-suburbs/most-affordable/sa,12,kaltjiti-sa-0872,"SA | $110,000 | –",rental-sa,0,no
/best-suburbs/most-affordable/sa,13,watinuma-sa-0872,"SA | $110,000 | –",rental-sa,0,no
/best-suburbs/most-affordable/sa,14,murputja-sa-0872,"SA | $110,000 | –",rental-sa,0,no
/best-suburbs/most-affordable/sa,15,kanpi-sa-0872,"SA | $110,000 | –",rental-sa,0,no
/best-suburbs/most-affordable/sa,16,yunyarinyi-sa-0872,"SA | $110,000 | –",rental-sa,0,no
/best-suburbs/most-affordable/sa,17,tieyon-sa-0872,"SA | $110,000 | –",rental-sa,0,no
/best-suburbs/most-affordable/sa,18,kalka-sa-0872,"SA | $110,000 | –",rental-sa,0,no
/best-suburbs/most-affordable/sa,19,pipalyatjara-sa-0872,"SA | $110,000 | –",rental-sa,0,no
/best-suburbs/most-affordable/sa,20,indulkana-iwantja-sa-0872,"SA | $110,000 | –",rental-sa,0,no
/best-suburbs/most-affordable/sa,21,lambina-sa-0872,"SA | $110,000 | –",rental-sa,0,no
/best-suburbs/most-affordable/sa,22,karcultaby-sa-5654,"SA | $112,000 | –",rental-sa,0,no
/best-suburbs/most-affordable/sa,23,mount-damper-sa-5654,"SA | $112,000 | –",rental-sa,0,no
/best-suburbs/most-affordable/sa,24,minnipa-sa-5654,"SA | $112,000 | –",rental-sa,0,no
/best-suburbs/most-affordable/sa,25,cocata-sa-5654,"SA | $112,000 | –",rental-sa,0,no
/best-suburbs/most-affordable/sa,26,caltowie-north-sa-5490,"SA | $114,000 | –",rental-sa,0,no
/best-suburbs/most-affordable/sa,27,caltowie-west-sa-5490,"SA | $114,000 | –",rental-sa,0,no
/best-suburbs/most-affordable/sa,28,caltowie-sa-5490,"SA | $114,000 | –",rental-sa,0,no
/best-suburbs/most-affordable/sa,29,geranium-plains-sa-5381,"SA | $119,000 | –",rental-sa,0,no
/best-suburbs/most-affordable/sa,30,emu-downs-sa-5381,"SA | $119,000 | –",rental-sa,0,no
/best-suburbs/most-affordable/sa,31,brady-creek-sa-5381,"SA | $119,000 | –",rental-sa,0,no
/best-suburbs/most-affordable/sa,32,robertstown-sa-5381,"SA | $119,000 | –",rental-sa,0,no
/best-suburbs/most-affordable/sa,33,worlds-end-sa-5381,"SA | $119,000 | –",rental-sa,0,no
/best-suburbs/most-affordable/sa,34,bright-sa-5381,"SA | $119,000 | –",rental-sa,0,no
/best-suburbs/most-affordable/sa,35,worlds-end-creek-sa-5381,"SA | $119,000 | –",rental-sa,0,no
/best-suburbs/most-affordable/sa,36,halleluja-hills-sa-5381,"SA | $119,000 | –",rental-sa,0,no
/best-suburbs/most-affordable/sa,37,rocky-plain-sa-5381,"SA | $119,000 | –",rental-sa,0,no
/best-suburbs/most-affordable/sa,38,hallelujah-hills-sa-5381,"SA | $119,000 | –",rental-sa,0,no
/best-suburbs/most-affordable/sa,39,wilkawatt-sa-5301,"SA | $121,000 | –",rental-sa,0,no
/best-suburbs/most-affordable/sa,40,parrakie-sa-5301,"SA | $121,000 | –",rental-sa,0,no
/best-suburbs/most-affordable/sa,41,moorlands-sa-5301,"SA | $121,000 | –",rental-sa,0,no
/best-suburbs/most-affordable/sa,42,carcuma-sa-5301,"SA | $121,000 | –",rental-sa,0,no
/best-suburbs/most-affordable/sa,43,netherton-sa-5301,"SA | $121,000 | –",rental-sa,0,no
/best-suburbs/most-affordable/sa,44,jabuk-sa-5301,"SA | $121,000 | –",rental-sa,0,no
/best-suburbs/most-affordable/sa,45,geranium-sa-5301,"SA | $121,000 | –",rental-sa,0,no
/best-suburbs/most-affordable/sa,46,peake-sa-5301,"SA | $121,000 | –",rental-sa,0,no
/best-suburbs/most-affordable/sa,47,sherlock-sa-5301,"SA | $121,000 | –",rental-sa,0,no
/best-suburbs/most-affordable/sa,48,canowie-belt-sa-5420,"SA | $122,000 | –",rental-sa,0,no
/best-suburbs/most-affordable/sa,49,whyte-yarcowie-sa-5420,"SA | $122,000 | –",rental-sa,0,no
/best-suburbs/most-affordable/sa,50,kulkami-sa-5307,"SA | $123,000 | –",rental-sa,0,no
/best-suburbs/most-affordable/tas,1,winnaleah-tas-7265,"TAS | $108,000 | –",abs-census-2021,0,no
/best-suburbs/most-affordable/tas,2,banca-tas-7265,"TAS | $108,000 | –",abs-census-2021,0,no
/best-suburbs/most-affordable/tas,3,queenstown-tas-7467,"TAS | $126,000 | –",abs-census-2021,0,no
/best-suburbs/most-affordable/tas,4,lake-margaret-tas-7467,"TAS | $126,000 | –",abs-census-2021,0,no
/best-suburbs/most-affordable/tas,5,rosebery-tas-7470,"TAS | $132,000 | –",abs-census-2021,0,no
/best-suburbs/most-affordable/tas,6,renison-bell-tas-7469,"TAS | $133,000 | –",abs-census-2021,0,no
/best-suburbs/most-affordable/tas,7,zeehan-tas-7469,"TAS | $133,000 | –",abs-census-2021,0,no
/best-suburbs/most-affordable/tas,8,trial-harbour-tas-7469,"TAS | $133,000 | –",abs-census-2021,0,no
/best-suburbs/most-affordable/tas,9,granville-harbour-tas-7469,"TAS | $133,000 | –",abs-census-2021,0,no
/best-suburbs/most-affordable/tas,10,avoca-tas-7213,"TAS | $143,000 | –",abs-census-2021,0,no
/best-suburbs/most-affordable/tas,11,royal-george-tas-7213,"TAS | $143,000 | –",abs-census-2021,0,no
/best-suburbs/most-affordable/tas,12,rossarden-tas-7213,"TAS | $143,000 | –",abs-census-2021,0,no
/best-suburbs/most-affordable/tas,13,stonor-tas-7119,"TAS | $143,000 | –",abs-census-2021,0,no
/best-suburbs/most-affordable/tas,14,storys-creek-tas-7213,"TAS | $143,000 | –",abs-census-2021,0,no
/best-suburbs/most-affordable/tas,15,branxholm-tas-7261,"TAS | $143,000 | –",abs-census-2021,0,no
/best-suburbs/most-affordable/tas,16,warrentinna-tas-7261,"TAS | $143,000 | –",abs-census-2021,0,no
/best-suburbs/most-affordable/tas,17,mangana-tas-7214,"TAS | $152,000 | –",abs-census-2021,0,no
/best-suburbs/most-affordable/tas,18,upper-esk-tas-7214,"TAS | $152,000 | –",abs-census-2021,0,no
/best-suburbs/most-affordable/tas,19,mathinna-tas-7214,"TAS | $152,000 | –",abs-census-2021,0,no
/best-suburbs/most-affordable/tas,20,fingal-tas-7214,"TAS | $152,000 | –",abs-census-2021,0,no
/best-suburbs/most-affordable/tas,21,mount-william-tas-7264,"TAS | $155,000 | –",abs-census-2021,0,no
/best-suburbs/most-affordable/tas,22,derby-tas-7264,"TAS | $155,000 | –",abs-census-2021,0,no
/best-suburbs/most-affordable/tas,23,musselroe-bay-tas-7264,"TAS | $155,000 | –",abs-census-2021,0,no
/best-suburbs/most-affordable/tas,24,eddystone-tas-7264,"TAS | $155,000 | –",abs-census-2021,0,no
/best-suburbs/most-affordable/tas,25,moorina-tas-7264,"TAS | $155,000 | –",abs-census-2021,0,no
/best-suburbs/most-affordable/tas,26,herrick-tas-7264,"TAS | $155,000 | –",abs-census-2021,0,no
/best-suburbs/most-affordable/tas,27,ansons-bay-tas-7264,"TAS | $155,000 | –",abs-census-2021,0,no
/best-suburbs/most-affordable/tas,28,gladstone-tas-7264,"TAS | $155,000 | –",abs-census-2021,0,no
/best-suburbs/most-affordable/tas,29,pioneer-tas-7264,"TAS | $155,000 | –",abs-census-2021,0,no
/best-suburbs/most-affordable/tas,30,cape-portland-tas-7264,"TAS | $155,000 | –",abs-census-2021,0,no
/best-suburbs/most-affordable/tas,31,boobyalla-tas-7264,"TAS | $155,000 | –",abs-census-2021,0,no
/best-suburbs/most-affordable/tas,32,weldborough-tas-7264,"TAS | $155,000 | –",abs-census-2021,0,no
/best-suburbs/most-affordable/tas,33,telita-tas-7264,"TAS | $155,000 | –",abs-census-2021,0,no
/best-suburbs/most-affordable/tas,34,rushy-lagoon-tas-7264,"TAS | $155,000 | –",abs-census-2021,0,no
/best-suburbs/most-affordable/tas,35,eddystone-point-tas-7264,"TAS | $155,000 | –",abs-census-2021,0,no
/best-suburbs/most-affordable/tas,36,south-mount-cameron-tas-7264,"TAS | $155,000 | –",abs-census-2021,0,no
/best-suburbs/most-affordable/tas,37,conara-tas-7211,"TAS | $179,000 | –",abs-census-2021,0,no
/best-suburbs/most-affordable/tas,38,epping-forest-tas-7211,"TAS | $179,000 | –",abs-census-2021,0,no
/best-suburbs/most-affordable/tas,39,cleveland-tas-7211,"TAS | $179,000 | –",abs-census-2021,0,no
/best-suburbs/most-affordable/tas,40,trenah-tas-7263,"TAS | $191,000 | –",abs-census-2021,0,no
/best-suburbs/most-affordable/tas,41,blue-rocks-tas-7255,"TAS | $191,000 | –",abs-census-2021,0,no
/best-suburbs/most-affordable/tas,42,emita-tas-7255,"TAS | $191,000 | –",abs-census-2021,0,no
/best-suburbs/most-affordable/tas,43,lake-leake-tas-7210,"TAS | $191,000 | –",abs-census-2021,0,no
/best-suburbs/most-affordable/tas,44,palana-tas-7255,"TAS | $191,000 | –",abs-census-2021,0,no
/best-suburbs/most-affordable/tas,45,ranga-tas-7255,"TAS | $191,000 | –",abs-census-2021,0,no
/best-suburbs/most-affordable/tas,46,killiecrankie-tas-7255,"TAS | $191,000 | –",abs-census-2021,0,no
/best-suburbs/most-affordable/tas,47,campbell-town-tas-7210,"TAS | $191,000 | –",abs-census-2021,0,no
/best-suburbs/most-affordable/tas,48,whitemark-tas-7255,"TAS | $191,000 | –",abs-census-2021,0,no
/best-suburbs/most-affordable/tas,49,lackrana-tas-7255,"TAS | $191,000 | –",abs-census-2021,0,no
/best-suburbs/most-affordable/tas,50,legerwood-tas-7263,"TAS | $191,000 | –",abs-census-2021,0,no
/best-suburbs/most-affordable/nt,1,costello-nt-0872,"NT | $110,000 | –",abs-census-2021,0,no
/best-suburbs/most-affordable/nt,2,canteen-creek-nt-0872,"NT | $110,000 | –",abs-census-2021,0,no
/best-suburbs/most-affordable/nt,3,kings-creek-station-nt-0872,"NT | $110,000 | –",abs-census-2021,0,no
/best-suburbs/most-affordable/nt,4,barrow-creek-nt-0872,"NT | $110,000 | –",abs-census-2021,0,no
/best-suburbs/most-affordable/nt,5,ti-tree-nt-0872,"NT | $110,000 | –",abs-census-2021,0,no
/best-suburbs/most-affordable/nt,6,burt-plain-nt-0872,"NT | $110,000 | –",abs-census-2021,0,no
/best-suburbs/most-affordable/nt,7,namatjira-nt-0872,"NT | $110,000 | –",abs-census-2021,0,no
/best-suburbs/most-affordable/nt,8,fregon-nt-0872,"NT | $110,000 | –",abs-census-2021,0,no
/best-suburbs/most-affordable/nt,9,tanami-nt-0872,"NT | $110,000 | –",abs-census-2021,0,no
/best-suburbs/most-affordable/nt,10,haasts-bluff-nt-0872,"NT | $110,000 | –",abs-census-2021,0,no
/best-suburbs/most-affordable/nt,11,imanpa-nt-0872,"NT | $110,000 | –",abs-census-2021,0,no
/best-suburbs/most-affordable/nt,12,mount-zeil-nt-0872,"NT | $110,000 | –",abs-census-2021,0,no
/best-suburbs/most-affordable/nt,13,anangu-pitjantjatjara-yankunytjatjara-nt-0872,"NT | $110,000 | –",abs-census-2021,0,no
/best-suburbs/most-affordable/nt,14,ernabella-pukatja-nt-0872,"NT | $110,000 | –",abs-census-2021,0,no
/best-suburbs/most-affordable/nt,15,pitjantjatjara-homelands-nt-0872,"NT | $110,000 | –",abs-census-2021,0,no
/best-suburbs/most-affordable/nt,16,ayers-rock-nt-0872,"NT | $110,000 | –",abs-census-2021,0,no
/best-suburbs/most-affordable/nt,17,titjikala-nt-0872,"NT | $110,000 | –",abs-census-2021,0,no
/best-suburbs/most-affordable/nt,18,papunya-nt-0872,"NT | $110,000 | –",abs-census-2021,0,no
/best-suburbs/most-affordable/nt,19,wutunugurra-nt-0872,"NT | $110,000 | –",abs-census-2021,0,no
/best-suburbs/most-affordable/nt,20,hart-nt-0872,"NT | $110,000 | –",abs-census-2021,0,no
/best-suburbs/most-affordable/nt,21,ayers-range-south-nt-0872,"NT | $110,000 | –",abs-census-2021,0,no
/best-suburbs/most-affordable/nt,22,ali-curung-nt-0872,"NT | $110,000 | –",abs-census-2021,0,no
/best-suburbs/most-affordable/nt,23,antewenegerrde-nt-0872,"NT | $110,000 | –",abs-census-2021,0,no
/best-suburbs/most-affordable/nt,24,docker-river-nt-0872,"NT | $110,000 | –",abs-census-2021,0,no
/best-suburbs/most-affordable/nt,25,mount-liebig-nt-0872,"NT | $110,000 | –",abs-census-2021,0,no
/best-suburbs/most-affordable/nt,26,laramba-nt-0872,"NT | $110,000 | –",abs-census-2021,0,no
/best-suburbs/most-affordable/nt,27,kintore-nt-0872,"NT | $110,000 | –",abs-census-2021,0,no
/best-suburbs/most-affordable/nt,28,de-rose-hill-nt-0872,"NT | $110,000 | –",abs-census-2021,0,no
/best-suburbs/most-affordable/nt,29,wilora-nt-0872,"NT | $110,000 | –",abs-census-2021,0,no
/best-suburbs/most-affordable/nt,30,ernabella-nt-0872,"NT | $110,000 | –",abs-census-2021,0,no
/best-suburbs/most-affordable/nt,31,willowra-nt-0872,"NT | $110,000 | –",abs-census-2021,0,no
/best-suburbs/most-affordable/nt,32,anatye-nt-0872,"NT | $110,000 | –",abs-census-2021,0,no
/best-suburbs/most-affordable/nt,33,uluru-nt-0872,"NT | $110,000 | –",abs-census-2021,0,no
/best-suburbs/most-affordable/nt,34,urapuntja-nt-0872,"NT | $110,000 | –",abs-census-2021,0,no
/best-suburbs/most-affordable/nt,35,petermann-nt-0872,"NT | $110,000 | –",abs-census-2021,0,no
/best-suburbs/most-affordable/nt,36,aherrenge-nt-0872,"NT | $110,000 | –",abs-census-2021,0,no
/best-suburbs/most-affordable/nt,37,lake-mackay-nt-0872,"NT | $110,000 | –",abs-census-2021,0,no
/best-suburbs/most-affordable/nt,38,nyirripi-nt-0872,"NT | $110,000 | –",abs-census-2021,0,no
/best-suburbs/most-affordable/nt,39,kunparrka-nt-0872,"NT | $110,000 | –",abs-census-2021,0,no
/best-suburbs/most-affordable/nt,40,telegraph-station-nt-0872,"NT | $110,000 | –",abs-census-2021,0,no
/best-suburbs/most-affordable/nt,41,anmatjere-nt-0872,"NT | $110,000 | –",abs-census-2021,0,no
/best-suburbs/most-affordable/nt,42,amoonguna-nt-0872,"NT | $110,000 | –",abs-census-2021,0,no
/best-suburbs/most-affordable/nt,43,areyonga-nt-0872,"NT | $110,000 | –",abs-census-2021,0,no
/best-suburbs/most-affordable/nt,44,santa-teresa-nt-0872,"NT | $110,000 | –",abs-census-2021,0,no
/best-suburbs/most-affordable/nt,45,simpson-nt-0872,"NT | $110,000 | –",abs-census-2021,0,no
/best-suburbs/most-affordable/nt,46,amata-nt-0872,"NT | $110,000 | –",abs-census-2021,0,no
/best-suburbs/most-affordable/nt,47,kulgera-nt-0872,"NT | $110,000 | –",abs-census-2021,0,no
/best-suburbs/most-affordable/nt,48,atitjere-nt-0872,"NT | $110,000 | –",abs-census-2021,0,no
/best-suburbs/most-affordable/nt,49,tara-nt-0872,"NT | $110,000 | –",abs-census-2021,0,no
/best-suburbs/most-affordable/nt,50,chilla-well-nt-0872,"NT | $110,000 | –",abs-census-2021,0,no
/best-suburbs/most-affordable/act,1,tuggeranong-act-2900,"ACT | $358,000 | –",abs-census-2021,0,no
/best-suburbs/most-affordable/act,2,greenway-act-2900,"ACT | $358,000 | –",sales-abs,0,yes
/best-suburbs/most-affordable/act,3,jervis-bay-act-2540,"ACT | $381,000 | –",abs-census-2021,0,no
/best-suburbs/most-affordable/act,4,wreck-bay-act-2540,"ACT | $381,000 | –",abs-census-2021,0,no
/best-suburbs/most-affordable/act,5,woden-act-2606,"ACT | $396,000 | –",abs-census-2021,0,no
/best-suburbs/most-affordable/act,6,o-malley-act-2606,"ACT | $396,000 | –",abs-census-2021,0,no
/best-suburbs/most-affordable/act,7,phillip-act-2606,"ACT | $396,000 | –",sales-abs,0,yes
/best-suburbs/most-affordable/act,8,lyons-act-2606,"ACT | $396,000 | –",abs-census-2021,0,no
/best-suburbs/most-affordable/act,9,swinger-hill-act-2606,"ACT | $396,000 | –",abs-census-2021,0,no
/best-suburbs/most-affordable/act,10,acton-act-2601,"ACT | $429,000 | –",abs-census-2021,0,no
/best-suburbs/most-affordable/act,11,canberra-act-2601,"ACT | $429,000 | –",abs-census-2021,0,no
/best-suburbs/most-affordable/act,12,lawson-act-2617,"ACT | $429,000 | –",sales-abs,0,yes
/best-suburbs/most-affordable/act,13,black-mountain-act-2601,"ACT | $429,000 | –",abs-census-2021,0,no
/best-suburbs/most-affordable/act,14,city-act-2601,"ACT | $429,000 | –",abs-census-2021,0,no
/best-suburbs/most-affordable/act,15,belconnen-act-2617,"ACT | $429,000 | –",sales-abs,0,yes
/best-suburbs/most-affordable/act,16,flynn-act-2615,"ACT | $440,000 | –",abs-census-2021,0,no
/best-suburbs/most-affordable/act,17,macnamara-act-2615,"ACT | $440,000 | –",abs-census-2021,0,no
/best-suburbs/most-affordable/act,18,kippax-act-2615,"ACT | $440,000 | –",abs-census-2021,0,no
/best-suburbs/most-affordable/act,19,ginninderra-village-act-2913,"ACT | $440,000 | –",abs-census-2021,0,no
/best-suburbs/most-affordable/act,20,kambah-village-act-2902,"ACT | $440,000 | –",abs-census-2021,0,no
/best-suburbs/most-affordable/act,21,macgregor-act-2615,"ACT | $440,000 | –",abs-census-2021,0,no
/best-suburbs/most-affordable/act,22,gordon-act-2906,"ACT | $440,000 | –",abs-census-2021,0,no
/best-suburbs/most-affordable/act,23,oxley-act-2903,"ACT | $462,000 | –",abs-census-2021,0,no
/best-suburbs/most-affordable/act,24,kingston-act-2604,"ACT | $473,000 | –",abs-census-2021,0,no
/best-suburbs/most-affordable/act,25,causeway-act-2604,"ACT | $473,000 | –",abs-census-2021,0,no
/best-suburbs/most-affordable/act,26,gowrie-act-2904,"ACT | $477,000 | –",abs-census-2021,0,no
/best-suburbs/most-affordable/act,27,jacka-act-2914,"ACT | $477,000 | –",sales-abs,0,yes
/best-suburbs/most-affordable/act,28,o-connor-act-2602,"ACT | $477,000 | –",abs-census-2021,0,no
/best-suburbs/most-affordable/act,29,kenny-act-2911,"ACT | $528,000 | –",abs-census-2021,0,no
/best-suburbs/most-affordable/act,30,mitchell-act-2911,"ACT | $528,000 | –",abs-census-2021,0,no
/best-suburbs/most-affordable/act,31,red-hill-act-2603,"ACT | $550,000 | –",abs-census-2021,0,no
/best-suburbs/most-affordable/act,32,manuka-act-2603,"ACT | $550,000 | –",abs-census-2021,0,no
/best-suburbs/most-affordable/act,33,griffith-act-2603,"ACT | $550,000 | –",abs-census-2021,0,no
/best-suburbs/most-affordable/act,34,majura-act-2609,"ACT | $616,000 | –",abs-census-2021,0,no
/best-suburbs/most-affordable/act,35,symonston-act-2609,"ACT | $616,000 | –",abs-census-2021,0,no
/best-suburbs/most-affordable/act,36,fyshwick-act-2609,"ACT | $616,000 | –",abs-census-2021,0,no
/best-suburbs/most-affordable/act,37,canberra-airport-act-2609,"ACT | $616,000 | –",abs-census-2021,0,no
/best-suburbs/most-affordable/act,38,pialligo-act-2609,"ACT | $616,000 | –",abs-census-2021,0,no
/best-suburbs/most-affordable/act,39,harman-act-2600,"ACT | $620,000 | –",abs-census-2021,0,no
/best-suburbs/most-affordable/act,40,canberra-act-2600,"ACT | $620,000 | –",abs-census-2021,0,no
/best-suburbs/most-affordable/act,41,russell-act-2600,"ACT | $620,000 | –",abs-census-2021,0,no
/best-suburbs/most-affordable/act,42,deakin-west-act-2600,"ACT | $620,000 | –",abs-census-2021,0,no
/best-suburbs/most-affordable/act,43,duntroon-act-2600,"ACT | $620,000 | –",abs-census-2021,0,no
/best-suburbs/most-affordable/act,44,parkes-act-2600,"ACT | $620,000 | –",abs-census-2021,0,no
/best-suburbs/most-affordable/act,45,capital-hill-act-2600,"ACT | $620,000 | –",abs-census-2021,0,no
/best-suburbs/most-affordable/act,46,barton-act-2600,"ACT | $620,000 | –",sales-abs,0,yes
/best-suburbs/most-affordable/act,47,russell-hill-act-2600,"ACT | $620,000 | –",abs-census-2021,0,no
/best-suburbs/most-affordable/act,48,hall-act-2618,"ACT | $638,000 | –",abs-census-2021,0,no
/best-suburbs/most-affordable/act,49,charnwood-act-2615,"ACT | $715,000 | –",sales-abs,0,yes
/best-suburbs/most-affordable/act,50,scullin-act-2614,"ACT | $787,000 | –",sales-abs,0,yes
/best-suburbs/most-walkable/nsw,1,hornsby-nsw-2077,NSW | 100 /100 | $1.9M,sales-nsw,110,yes
/best-suburbs/most-walkable/nsw,2,gore-hill-nsw-2065,NSW | 100 /100 | $660K,rental-nsw,0,no
/best-suburbs/most-walkable/nsw,3,chatswood-nsw-2067,NSW | 100 /100 | $3.6M,sales-nsw,133,yes
/best-suburbs/most-walkable/nsw,4,osborne-park-nsw-2066,NSW | 100 /100 | $660K,rental-nsw,0,no
/best-suburbs/most-walkable/nsw,5,leichhardt-nsw-2040,NSW | 100 /100 | $2.2M,sales-nsw,259,yes
/best-suburbs/most-walkable/nsw,6,north-sydney-nsw-2060,NSW | 100 /100 | $3.1M,sales-nsw,29,yes
/best-suburbs/most-walkable/nsw,7,birchgrove-nsw-2041,NSW | 100 /100 | $3.0M,sales-nsw,59,yes
/best-suburbs/most-walkable/nsw,8,lewisham-nsw-2049,NSW | 100 /100 | $2.1M,sales-nsw,39,yes
/best-suburbs/most-walkable/nsw,9,waverton-nsw-2060,NSW | 100 /100 | $6.2M,sales-nsw,17,yes
/best-suburbs/most-walkable/nsw,10,stanmore-nsw-2048,NSW | 100 /100 | $2.4M,sales-nsw,96,yes
/best-suburbs/most-walkable/nsw,11,forest-lodge-nsw-2037,NSW | 100 /100 | $2.6M,sales-nsw,35,yes
/best-suburbs/most-walkable/nsw,12,darlinghurst-nsw-2010,NSW | 100 /100 | $3.0M,sales-nsw,67,yes
/best-suburbs/most-walkable/nsw,13,petersham-nsw-2049,NSW | 100 /100 | $2.1M,sales-nsw,75,yes
/best-suburbs/most-walkable/nsw,14,rushcutters-bay-nsw-2011,NSW | 100 /100 | $1.2M,sales-nsw,3,no
/best-suburbs/most-walkable/nsw,15,bondi-nsw-2026,NSW | 100 /100 | $4.3M,sales-nsw,35,yes
/best-suburbs/most-walkable/nsw,16,dover-heights-nsw-2030,NSW | 100 /100 | $7.4M,sales-nsw,45,yes
/best-suburbs/most-walkable/nsw,17,haberfield-nsw-2045,NSW | 100 /100 | $3.0M,sales-nsw,68,yes
/best-suburbs/most-walkable/nsw,18,kingsford-nsw-2032,NSW | 100 /100 | $2.9M,sales-nsw,91,yes
/best-suburbs/most-walkable/nsw,19,erskineville-nsw-2043,NSW | 100 /100 | $1.9M,sales-nsw,86,yes
/best-suburbs/most-walkable/nsw,20,randwick-nsw-2031,NSW | 100 /100 | $3.5M,sales-nsw,151,yes
/best-suburbs/most-walkable/nsw,21,coogee-nsw-2034,NSW | 100 /100 | $4.9M,sales-nsw,59,yes
/best-suburbs/most-walkable/nsw,22,drummoyne-nsw-2047,NSW | 100 /100 | $3.1M,sales-nsw,62,yes
/best-suburbs/most-walkable/nsw,23,dawes-point-nsw-2000,NSW | 100 /100 | $3.7M,sales-nsw,5,yes
/best-suburbs/most-walkable/nsw,24,the-rocks-nsw-2000,NSW | 100 /100 | $2.3M,rental-nsw,39,no
/best-suburbs/most-walkable/nsw,25,rosebery-nsw-2018,NSW | 100 /100 | $2.3M,sales-nsw,69,yes
/best-suburbs/most-walkable/nsw,26,mascot-nsw-2020,NSW | 100 /100 | $1.9M,sales-nsw,87,yes
/best-suburbs/most-walkable/nsw,27,woolloomooloo-nsw-2011,NSW | 100 /100 | $1.9M,sales-nsw,11,yes
/best-suburbs/most-walkable/nsw,28,ultimo-nsw-2007,NSW | 100 /100 | $1.6M,sales-nsw,22,yes
/best-suburbs/most-walkable/nsw,29,bondi-junction-nsw-2022,NSW | 100 /100 | $2.6M,sales-nsw,67,yes
/best-suburbs/most-walkable/nsw,30,queens-park-nsw-2022,NSW | 100 /100 | $3.7M,sales-nsw,38,yes
/best-suburbs/most-walkable/nsw,31,eveleigh-nsw-2015,NSW | 100 /100 | $1.1M,rental-nsw,9,no
/best-suburbs/most-walkable/nsw,32,haymarket-nsw-2000,NSW | 100 /100 | $8.4M,sales-nsw,2,no
/best-suburbs/most-walkable/nsw,33,broadway-nsw-2007,NSW | 100 /100 | $550K,rental-nsw,0,no
/best-suburbs/most-walkable/nsw,34,north-sydney-nsw-2055,NSW | 100 /100 | –,rental-nsw,0,no
/best-suburbs/most-walkable/nsw,35,redfern-nsw-2016,NSW | 100 /100 | $2.0M,sales-nsw,104,yes
/best-suburbs/most-walkable/nsw,36,annandale-nsw-2038,NSW | 100 /100 | $2.3M,sales-nsw,140,yes
/best-suburbs/most-walkable/nsw,37,darlington-nsw-2008,NSW | 100 /100 | $1.9M,sales-nsw,45,yes
/best-suburbs/most-walkable/nsw,38,point-piper-nsw-2027,NSW | 100 /100 | $23.5M,sales-nsw,3,no
/best-suburbs/most-walkable/nsw,39,zetland-nsw-2017,NSW | 100 /100 | $2.3M,sales-nsw,13,yes
/best-suburbs/most-walkable/nsw,40,sydney-south-nsw-2000,NSW | 100 /100 | $616K,rental-nsw,0,no
/best-suburbs/most-walkable/nsw,41,charing-cross-nsw-2024,NSW | 100 /100 | $858K,rental-nsw,0,no
/best-suburbs/most-walkable/nsw,42,golden-grove-nsw-2008,NSW | 100 /100 | $572K,rental-nsw,0,no
/best-suburbs/most-walkable/nsw,43,pyrmont-nsw-2009,NSW | 100 /100 | $2.5M,sales-nsw,15,yes
/best-suburbs/most-walkable/nsw,44,double-bay-nsw-2028,NSW | 100 /100 | $7.3M,sales-nsw,20,yes
/best-suburbs/most-walkable/nsw,45,kensington-nsw-2033,NSW | 100 /100 | $3.4M,sales-nsw,44,yes
/best-suburbs/most-walkable/nsw,46,st-peters-nsw-2044,NSW | 100 /100 | $1.7M,sales-nsw,44,yes
/best-suburbs/most-walkable/nsw,47,woollahra-nsw-2025,NSW | 100 /100 | $5.3M,sales-nsw,85,yes
/best-suburbs/most-walkable/nsw,48,darling-island-nsw-2009,NSW | 100 /100 | $616K,rental-nsw,0,no
/best-suburbs/most-walkable/nsw,49,tamarama-nsw-2026,NSW | 100 /100 | $7.1M,sales-nsw,15,yes
/best-suburbs/most-walkable/nsw,50,spit-junction-nsw-2088,NSW | 100 /100 | $851K,rental-nsw,0,no
/best-suburbs/most-walkable/vic,1,eltham-vic-3095,VIC | 100 /100 | $1.3M,sales-vic,0,yes
/best-suburbs/most-walkable/vic,2,northcote-south-vic-3070,VIC | 100 /100 | $528K,rental-vic,0,no
/best-suburbs/most-walkable/vic,3,bendigo-vic-3550,VIC | 100 /100 | $640K,sales-vic,0,yes
/best-suburbs/most-walkable/vic,4,dandenong-east-vic-3175,VIC | 100 /100 | $369K,rental-vic,0,no
/best-suburbs/most-walkable/vic,5,sumner-vic-3057,VIC | 100 /100 | $440K,rental-vic,0,no
/best-suburbs/most-walkable/vic,6,brighton-vic-3186,VIC | 100 /100 | $3.5M,sales-vic,0,yes
/best-suburbs/most-walkable/vic,7,rowville-vic-3178,VIC | 100 /100 | $1.1M,sales-vic,0,yes
/best-suburbs/most-walkable/vic,8,cheltenham-vic-3192,VIC | 100 /100 | $1.3M,sales-vic,0,yes
/best-suburbs/most-walkable/vic,9,flemington-vic-3031,VIC | 100 /100 | $1.2M,sales-vic,0,yes
/best-suburbs/most-walkable/vic,10,armadale-north-vic-3143,VIC | 100 /100 | $541K,rental-vic,0,no
/best-suburbs/most-walkable/vic,11,reservoir-vic-3073,VIC | 100 /100 | $920K,sales-vic,0,yes
/best-suburbs/most-walkable/vic,12,preston-vic-3072,VIC | 100 /100 | $1.2M,sales-vic,0,yes
/best-suburbs/most-walkable/vic,13,hawthorn-vic-3122,VIC | 100 /100 | $2.7M,sales-vic,0,yes
/best-suburbs/most-walkable/vic,14,st-albans-vic-3021,VIC | 100 /100 | $680K,sales-vic,0,yes
/best-suburbs/most-walkable/vic,15,seddon-west-vic-3011,VIC | 100 /100 | $440K,rental-vic,0,no
/best-suburbs/most-walkable/vic,16,hamilton-vic-3300,VIC | 100 /100 | $389K,sales-vic,0,yes
/best-suburbs/most-walkable/vic,17,kensington-vic-3031,VIC | 100 /100 | $1.1M,sales-vic,0,yes
/best-suburbs/most-walkable/vic,18,north-wonthaggi-vic-3995,VIC | 100 /100 | $615K,sales-vic,0,yes
/best-suburbs/most-walkable/vic,19,richmond-vic-3121,VIC | 100 /100 | $1.4M,sales-vic,0,yes
/best-suburbs/most-walkable/vic,20,fitzroy-vic-3065,VIC | 100 /100 | $1.8M,sales-vic,0,yes
/best-suburbs/most-walkable/vic,21,ivanhoe-vic-3079,VIC | 100 /100 | $2.0M,sales-vic,0,yes
/best-suburbs/most-walkable/vic,22,surrey-hills-south-vic-3125,VIC | 100 /100 | $550K,rental-vic,0,no
/best-suburbs/most-walkable/vic,23,carlton-vic-3053,VIC | 100 /100 | $1.8M,sales-vic,0,yes
/best-suburbs/most-walkable/vic,24,batman-vic-3058,VIC | 100 /100 | $477K,rental-vic,0,no
/best-suburbs/most-walkable/vic,25,richmond-north-vic-3121,VIC | 100 /100 | $506K,rental-vic,0,no
/best-suburbs/most-walkable/vic,26,caulfield-vic-3162,VIC | 100 /100 | $2.7M,sales-vic,0,yes
/best-suburbs/most-walkable/vic,27,st-kilda-road-central-vic-3004,VIC | 100 /100 | $440K,rental-vic,0,no
/best-suburbs/most-walkable/vic,28,brighton-road-vic-3184,VIC | 100 /100 | $506K,rental-vic,0,no
/best-suburbs/most-walkable/vic,29,abbotsford-vic-3067,VIC | 100 /100 | $1.3M,sales-vic,0,yes
/best-suburbs/most-walkable/vic,30,lilydale-vic-3140,VIC | 100 /100 | $958K,sales-vic,0,yes
/best-suburbs/most-walkable/vic,31,cheltenham-east-vic-3192,VIC | 100 /100 | $1.1M,sales-vic,0,yes
/best-suburbs/most-walkable/vic,32,camberwell-south-vic-3124,VIC | 100 /100 | $660K,rental-vic,0,no
/best-suburbs/most-walkable/vic,33,doncaster-heights-vic-3109,VIC | 100 /100 | $528K,rental-vic,0,no
/best-suburbs/most-walkable/vic,34,ballarat-west-vic-3350,VIC | 100 /100 | $334K,rental-vic,0,no
/best-suburbs/most-walkable/vic,35,hawksburn-vic-3142,VIC | 100 /100 | $693K,rental-vic,0,no
/best-suburbs/most-walkable/vic,36,melbourne-vic-3004,VIC | 100 /100 | $440K,sales-vic,0,yes
/best-suburbs/most-walkable/vic,37,fountain-gate-vic-3805,VIC | 100 /100 | $404K,rental-vic,0,no
/best-suburbs/most-walkable/vic,38,wonthaggi-vic-3995,VIC | 100 /100 | $490K,sales-vic,0,yes
/best-suburbs/most-walkable/vic,39,richmond-east-vic-3121,VIC | 100 /100 | $506K,rental-vic,0,no
/best-suburbs/most-walkable/vic,40,princes-hill-vic-3054,VIC | 100 /100 | $1.8M,sales-vic,0,yes
/best-suburbs/most-walkable/vic,41,sydenham-vic-3037,VIC | 100 /100 | $751K,sales-vic,0,yes
/best-suburbs/most-walkable/vic,42,malvern-vic-3144,VIC | 100 /100 | $2.5M,sales-vic,0,yes
/best-suburbs/most-walkable/vic,43,watergardens-vic-3038,VIC | 100 /100 | $396K,rental-vic,0,no
/best-suburbs/most-walkable/vic,44,windsor-vic-3181,VIC | 100 /100 | $1.4M,sales-vic,0,yes
/best-suburbs/most-walkable/vic,45,bendigo-forward-vic-3551,VIC | 100 /100 | $358K,rental-vic,0,no
/best-suburbs/most-walkable/vic,46,south-wharf-vic-3006,VIC | 100 /100 | $418K,rental-vic,0,no
/best-suburbs/most-walkable/vic,47,healesville-post-shop-vic-3777,VIC | 100 /100 | $381K,rental-vic,0,no
/best-suburbs/most-walkable/vic,48,ballarat-central-vic-3350,VIC | 100 /100 | $575K,sales-vic,0,yes
/best-suburbs/most-walkable/vic,49,carlton-south-vic-3053,VIC | 100 /100 | $413K,rental-vic,0,no
/best-suburbs/most-walkable/vic,50,northcote-vic-3070,VIC | 100 /100 | $1.7M,sales-vic,0,yes
/best-suburbs/most-walkable/qld,1,jubilee-qld-4065,QLD | 100 /100 | $620K,abs-census-2021,0,no
/best-suburbs/most-walkable/qld,2,tally-valley-qld-4220,QLD | 100 /100 | $446K,abs-census-2021,0,no
/best-suburbs/most-walkable/qld,3,north-ward-qld-4810,QLD | 100 /100 | $384K,rental-qld,0,no
/best-suburbs/most-walkable/qld,4,chermside-qld-4032,QLD | 100 /100 | $975K,sales-abs,0,yes
/best-suburbs/most-walkable/qld,5,newstead-qld-4006,QLD | 100 /100 | $396K,rental-qld,0,no
/best-suburbs/most-walkable/qld,6,red-hill-qld-4059,QLD | 100 /100 | $524K,abs-census-2021,0,no
/best-suburbs/most-walkable/qld,7,normanby-qld-4059,QLD | 100 /100 | $524K,abs-census-2021,0,no
/best-suburbs/most-walkable/qld,8,miami-keys-qld-4218,QLD | 100 /100 | $453K,abs-census-2021,0,no
/best-suburbs/most-walkable/qld,9,palm-beach-qld-4221,QLD | 100 /100 | $1.7M,sales-abs,0,yes
/best-suburbs/most-walkable/qld,10,woolloongabba-qld-4102,QLD | 100 /100 | $1.5M,sales-abs,0,yes
/best-suburbs/most-walkable/qld,11,morayfield-qld-4506,QLD | 100 /100 | $1.1M,sales-abs,0,yes
/best-suburbs/most-walkable/qld,12,glendorf-qld-4650,QLD | 100 /100 | $253K,abs-census-2021,0,no
/best-suburbs/most-walkable/qld,13,macgregor-qld-4109,QLD | 100 /100 | $420K,rental-qld,0,no
/best-suburbs/most-walkable/qld,14,bundaberg-south-qld-4670,QLD | 100 /100 | $238K,rental-qld,0,no
/best-suburbs/most-walkable/qld,15,breakfast-creek-qld-4010,QLD | 100 /100 | $429K,abs-census-2021,0,no
/best-suburbs/most-walkable/qld,16,strathpine-qld-4500,QLD | 100 /100 | $353K,rental-qld,0,no
/best-suburbs/most-walkable/qld,17,st-george-qld-4487,QLD | 100 /100 | $271K,abs-census-2021,0,no
/best-suburbs/most-walkable/qld,18,fortitude-valley-qld-4006,QLD | 100 /100 | $378K,sales-abs,0,yes
/best-suburbs/most-walkable/qld,19,emerald-qld-4720,QLD | 100 /100 | $375K,sales-abs,0,yes
/best-suburbs/most-walkable/qld,20,ithaca-qld-4059,QLD | 100 /100 | $524K,abs-census-2021,0,no
/best-suburbs/most-walkable/qld,21,indooroopilly-qld-4068,QLD | 100 /100 | $1.6M,sales-abs,0,yes
/best-suburbs/most-walkable/qld,22,townsville-qld-4810,QLD | 100 /100 | $352K,rental-qld,0,no
/best-suburbs/most-walkable/qld,23,brisbane-qld-4000,QLD | 100 /100 | $411K,rental-qld,0,no
/best-suburbs/most-walkable/qld,24,capalaba-west-qld-4157,QLD | 100 /100 | $400K,abs-census-2021,0,no
/best-suburbs/most-walkable/qld,25,bundaberg-qld-4670,QLD | 100 /100 | $428K,sales-abs,0,yes
/best-suburbs/most-walkable/qld,26,fairfield-gardens-qld-4103,QLD | 100 /100 | $440K,abs-census-2021,0,no
/best-suburbs/most-walkable/qld,27,nobby-beach-qld-4218,QLD | 100 /100 | $453K,abs-census-2021,0,no
/best-suburbs/most-walkable/qld,28,gowrie-qld-4350,QLD | 100 /100 | $330K,abs-census-2021,0,no
/best-suburbs/most-walkable/qld,29,coorparoo-qld-4151,QLD | 100 /100 | $1.7M,sales-abs,0,yes
/best-suburbs/most-walkable/qld,30,upper-mount-gravatt-qld-4122,QLD | 100 /100 | $998K,sales-abs,0,yes
/best-suburbs/most-walkable/qld,31,cairns-city-qld-4870,QLD | 100 /100 | $660K,sales-abs,0,yes
/best-suburbs/most-walkable/qld,32,ekibin-qld-4121,QLD | 100 /100 | $517K,abs-census-2021,0,no
/best-suburbs/most-walkable/qld,33,brisbane-exhibition-qld-4006,QLD | 100 /100 | $396K,abs-census-2021,0,no
/best-suburbs/most-walkable/qld,34,fairfield-qld-4103,QLD | 100 /100 | $440K,rental-qld,0,no
/best-suburbs/most-walkable/qld,35,st-lucia-south-qld-4067,QLD | 100 /100 | $440K,abs-census-2021,0,no
/best-suburbs/most-walkable/qld,36,cairns-central-qld-4870,QLD | 100 /100 | $352K,abs-census-2021,0,no
/best-suburbs/most-walkable/qld,37,monto-qld-4630,QLD | 100 /100 | $176K,sales-qld,0,no
/best-suburbs/most-walkable/qld,38,spring-hill-qld-4000,QLD | 100 /100 | $1.6M,sales-abs,0,yes
/best-suburbs/most-walkable/qld,39,buranda-qld-4102,QLD | 100 /100 | $440K,abs-census-2021,0,no
/best-suburbs/most-walkable/qld,40,kangaroo-point-qld-4169,QLD | 100 /100 | $1.6M,sales-abs,0,yes
/best-suburbs/most-walkable/qld,41,bundaberg-central-qld-4670,QLD | 100 /100 | $286K,sales-qld,0,no
/best-suburbs/most-walkable/qld,42,petrie-terrace-qld-4000,QLD | 100 /100 | $587K,sales-qld,0,no
/best-suburbs/most-walkable/qld,43,paddington-qld-4064,QLD | 100 /100 | $556K,rental-qld,0,no
/best-suburbs/most-walkable/qld,44,bowen-bridge-qld-4006,QLD | 100 /100 | $396K,abs-census-2021,0,no
/best-suburbs/most-walkable/qld,45,victoria-point-west-qld-4165,QLD | 100 /100 | $441K,abs-census-2021,0,no
/best-suburbs/most-walkable/qld,46,caloundra-qld-4551,QLD | 100 /100 | $352K,rental-qld,0,no
/best-suburbs/most-walkable/qld,47,brisbane-city-qld-4000,QLD | 100 /100 | $1.3M,sales-abs,0,yes
/best-suburbs/most-walkable/qld,48,thompson-estate-qld-4103,QLD | 100 /100 | $440K,abs-census-2021,0,no
/best-suburbs/most-walkable/qld,49,annerley-qld-4103,QLD | 100 /100 | $1.2M,sales-abs,0,yes
/best-suburbs/most-walkable/qld,50,highgate-hill-qld-4101,QLD | 100 /100 | $1.8M,sales-abs,0,yes
/best-suburbs/most-walkable/wa,1,victoria-park-wa-6100,WA | 100 /100 | $428K,sales-wa,0,no
/best-suburbs/most-walkable/wa,2,perth-east-st-georges-tce-wa-6832,WA | 100 /100 | –,import-suburbs-all,0,no
/best-suburbs/most-walkable/wa,3,subiaco-wa-6008,WA | 100 /100 | $550K,sales-wa,0,no
/best-suburbs/most-walkable/wa,4,bunbury-wa-6230,WA | 100 /100 | $382K,sales-wa,0,no
/best-suburbs/most-walkable/wa,5,cannington-wa-6107,WA | 100 /100 | $333K,sales-wa,0,no
/best-suburbs/most-walkable/wa,6,karrinyup-wa-6018,WA | 100 /100 | $570K,sales-wa,0,no
/best-suburbs/most-walkable/wa,7,mount-hawthorn-wa-6016,WA | 100 /100 | $554K,sales-wa,0,no
/best-suburbs/most-walkable/wa,8,east-perth-wa-6004,WA | 100 /100 | $1.4M,sales-abs,0,yes
/best-suburbs/most-walkable/wa,9,hamersley-wa-6022,WA | 100 /100 | $440K,sales-wa,0,no
/best-suburbs/most-walkable/wa,10,subiaco-east-wa-6008,WA | 100 /100 | $572K,abs-census-2021,0,no
/best-suburbs/most-walkable/wa,11,booragoon-wa-6954,WA | 100 /100 | $550K,sales-wa,0,no
/best-suburbs/most-walkable/wa,12,jolimont-wa-6014,WA | 100 /100 | $479K,sales-wa,0,no
/best-suburbs/most-walkable/wa,13,north-perth-wa-6006,WA | 100 /100 | $1.3M,sales-abs,0,yes
/best-suburbs/most-walkable/wa,14,osborne-park-wa-6017,WA | 100 /100 | $340K,sales-wa,0,no
/best-suburbs/most-walkable/wa,15,leederville-wa-6902,WA | 100 /100 | $440K,sales-wa,0,no
/best-suburbs/most-walkable/wa,16,east-victoria-park-wa-6101,WA | 100 /100 | $456K,sales-wa,0,no
/best-suburbs/most-walkable/wa,17,highgate-wa-6003,WA | 100 /100 | $386K,sales-wa,0,no
/best-suburbs/most-walkable/wa,18,booragoon-wa-6154,WA | 100 /100 | $550K,sales-wa,0,no
/best-suburbs/most-walkable/wa,19,leederville-wa-6007,WA | 100 /100 | $440K,sales-wa,0,no
/best-suburbs/most-walkable/wa,20,cannington-wa-6987,WA | 100 /100 | $333K,sales-wa,0,no
/best-suburbs/most-walkable/wa,21,mount-lawley-wa-6050,WA | 100 /100 | $484K,sales-wa,0,no
/best-suburbs/most-walkable/wa,22,perth-wa-6000,WA | 100 /100 | $429K,sales-wa,0,no
/best-suburbs/most-walkable/wa,23,south-fremantle-wa-6162,WA | 100 /100 | $495K,sales-wa,0,no
/best-suburbs/most-walkable/wa,24,west-leederville-wa-6007,WA | 100 /100 | $501K,sales-wa,0,no
/best-suburbs/most-walkable/wa,25,centennial-park-wa-6330,WA | 100 /100 | $285K,sales-wa,0,no
/best-suburbs/most-walkable/wa,26,joondalup-wa-6027,WA | 100 /100 | $382K,sales-wa,0,no
/best-suburbs/most-walkable/wa,27,warwick-wa-6024,WA | 100 /100 | $429K,sales-wa,0,no
/best-suburbs/most-walkable/wa,28,northbridge-wa-6865,WA | 100 /100 | $372K,sales-wa,0,no
/best-suburbs/most-walkable/wa,29,northbridge-wa-6803,WA | 100 /100 | $372K,sales-wa,0,no
/best-suburbs/most-walkable/wa,30,east-bunbury-wa-6230,WA | 100 /100 | $324K,sales-wa,0,no
/best-suburbs/most-walkable/wa,31,albany-wa-6330,WA | 100 /100 | $550K,sales-abs,0,yes
/best-suburbs/most-walkable/wa,32,claremont-wa-6010,WA | 100 /100 | $616K,sales-wa,0,no
/best-suburbs/most-walkable/wa,33,maddington-wa-6109,WA | 100 /100 | $332K,sales-wa,0,no
/best-suburbs/most-walkable/wa,34,cannington-wa-6980,WA | 100 /100 | $333K,sales-wa,0,no
/best-suburbs/most-walkable/wa,35,west-perth-wa-6005,WA | 100 /100 | $390K,sales-wa,0,no
/best-suburbs/most-walkable/wa,36,leederville-wa-6903,WA | 100 /100 | $440K,sales-wa,0,no
/best-suburbs/most-walkable/wa,37,leederville-wa-6900,WA | 100 /100 | $440K,sales-wa,0,no
/best-suburbs/most-walkable/wa,38,claremont-north-wa-6010,WA | 100 /100 | $660K,abs-census-2021,0,no
/best-suburbs/most-walkable/wa,39,northbridge-wa-6003,WA | 100 /100 | $372K,sales-wa,0,no
/best-suburbs/most-walkable/wa,40,myaree-wa-6154,WA | 100 /100 | $477K,sales-wa,0,no
/best-suburbs/most-walkable/wa,41,east-fremantle-wa-6158,WA | 98 /100 | $1.8M,sales-abs,0,yes
/best-suburbs/most-walkable/wa,42,hilton-wa-6163,WA | 98 /100 | $429K,sales-wa,0,no
/best-suburbs/most-walkable/wa,43,ardross-wa-6153,WA | 96 /100 | $572K,sales-wa,0,no
/best-suburbs/most-walkable/wa,44,manjimup-wa-6258,WA | 94 /100 | $340K,sales-abs,0,yes
/best-suburbs/most-walkable/wa,45,menora-wa-6050,WA | 92 /100 | $594K,sales-wa,0,no
/best-suburbs/most-walkable/wa,46,busselton-wa-6280,WA | 88 /100 | $360K,sales-wa,0,no
/best-suburbs/most-walkable/wa,47,applecross-wa-6153,WA | 86 /100 | $616K,sales-wa,0,no
/best-suburbs/most-walkable/wa,48,applecross-north-wa-6153,WA | 84 /100 | $594K,abs-census-2021,0,no
/best-suburbs/most-walkable/wa,49,maylands-wa-6931,WA | 82 /100 | $382K,sales-wa,0,no
/best-suburbs/most-walkable/wa,50,inglewood-wa-6052,WA | 80 /100 | $484K,sales-wa,0,no
/best-suburbs/most-walkable/sa,1,mount-gambier-west-sa-5291,SA | 100 /100 | $321K,rental-sa,0,no
/best-suburbs/most-walkable/sa,2,frewville-sa-5063,SA | 100 /100 | $1.6M,sales-sa,3,no
/best-suburbs/most-walkable/sa,3,mount-gambier-east-sa-5291,SA | 100 /100 | $321K,rental-sa,0,no
/best-suburbs/most-walkable/sa,4,kensington-sa-5068,SA | 100 /100 | $1.3M,sales-sa,4,no
/best-suburbs/most-walkable/sa,5,glanville-sa-5015,SA | 100 /100 | $817K,sales-sa,2,no
/best-suburbs/most-walkable/sa,6,mount-gambier-sa-5291,SA | 100 /100 | $321K,rental-sa,0,no
/best-suburbs/most-walkable/sa,7,north-adelaide-melbourne-st-sa-5006,SA | 100 /100 | $421K,rental-sa,0,no
/best-suburbs/most-walkable/sa,8,north-adelaide-sa-5006,SA | 100 /100 | $4.3M,sales-sa,6,yes
/best-suburbs/most-walkable/sa,9,port-adelaide-sa-5015,SA | 100 /100 | $1M,sales-sa,21,yes
/best-suburbs/most-walkable/sa,10,parkside-sa-5063,SA | 100 /100 | $1.8M,sales-sa,12,yes
/best-suburbs/most-walkable/sa,11,kent-town-sa-5067,SA | 100 /100 | $1.9M,sales-sa,1,no
/best-suburbs/most-walkable/sa,12,wayville-sa-5034,SA | 100 /100 | $2.5M,sales-sa,3,no
/best-suburbs/most-walkable/sa,13,stirling-sa-5152,SA | 100 /100 | $1.6M,sales-sa,16,yes
/best-suburbs/most-walkable/sa,14,millswood-sa-5034,SA | 100 /100 | $1.8M,sales-sa,2,no
/best-suburbs/most-walkable/sa,15,hahndorf-sa-5245,SA | 100 /100 | $435K,rental-sa,0,no
/best-suburbs/most-walkable/sa,16,stepney-sa-5069,SA | 100 /100 | $1.4M,sales-sa,5,yes
/best-suburbs/most-walkable/sa,17,goodwood-sa-5034,SA | 100 /100 | $1.4M,sales-sa,9,yes
/best-suburbs/most-walkable/sa,18,sturt-street-sa-5000,SA | 100 /100 | $381K,rental-sa,0,no
/best-suburbs/most-walkable/sa,19,college-park-sa-5069,SA | 100 /100 | $2M,sales-sa,1,no
/best-suburbs/most-walkable/sa,20,glenelg-jetty-road-sa-5045,SA | 100 /100 | $429K,rental-sa,0,no
/best-suburbs/most-walkable/sa,21,glenelg-south-sa-5045,SA | 100 /100 | $4.6M,sales-sa,2,no
/best-suburbs/most-walkable/sa,22,hyde-park-sa-5061,SA | 100 /100 | $1.7M,sales-sa,5,yes
/best-suburbs/most-walkable/sa,23,norwood-sa-5067,SA | 100 /100 | $2.2M,sales-sa,14,yes
/best-suburbs/most-walkable/sa,24,hutt-street-sa-5000,SA | 100 /100 | $381K,rental-sa,0,no
/best-suburbs/most-walkable/sa,25,unley-sa-5061,SA | 100 /100 | $3.1M,sales-sa,5,yes
/best-suburbs/most-walkable/sa,26,forestville-sa-5035,SA | 100 /100 | $2.2M,sales-sa,2,no
/best-suburbs/most-walkable/sa,27,adelaide-sa-5000,SA | 100 /100 | $1.6M,sales-sa,6,yes
/best-suburbs/most-walkable/sa,28,halifax-street-sa-5000,SA | 100 /100 | $381K,rental-sa,0,no
/best-suburbs/most-walkable/sa,29,glenelg-sa-5045,SA | 100 /100 | $2.8M,sales-sa,3,no
/best-suburbs/most-walkable/sa,30,gawler-sa-5118,SA | 100 /100 | $744K,sales-sa,4,no
/best-suburbs/most-walkable/sa,31,st-morris-sa-5068,SA | 100 /100 | $1.3M,sales-sa,4,no
/best-suburbs/most-walkable/sa,32,new-port-sa-5015,SA | 100 /100 | $913K,sales-sa,2,no
/best-suburbs/most-walkable/sa,33,hackney-sa-5069,SA | 100 /100 | $1.2M,sales-sa,1,no
/best-suburbs/most-walkable/sa,34,nailsworth-sa-5083,SA | 100 /100 | $1.4M,sales-sa,7,yes
/best-suburbs/most-walkable/sa,35,semaphore-sa-5019,SA | 100 /100 | $1.3M,sales-sa,11,yes
/best-suburbs/most-walkable/sa,36,norwood-south-sa-5067,SA | 100 /100 | $473K,rental-sa,0,no
/best-suburbs/most-walkable/sa,37,exeter-sa-5019,SA | 100 /100 | $988K,sales-sa,9,yes
/best-suburbs/most-walkable/sa,38,beulah-park-sa-5067,SA | 100 /100 | $1.6M,sales-sa,5,yes
/best-suburbs/most-walkable/sa,39,glenelg-east-sa-5045,SA | 100 /100 | $1.9M,sales-sa,8,yes
/best-suburbs/most-walkable/sa,40,brighton-sa-5048,SA | 100 /100 | $1.5M,sales-sa,10,yes
/best-suburbs/most-walkable/sa,41,glenside-sa-5065,SA | 100 /100 | $2.8M,sales-sa,2,no
/best-suburbs/most-walkable/sa,42,mitchell-park-sa-5043,SA | 100 /100 | $970K,sales-sa,8,yes
/best-suburbs/most-walkable/sa,43,willaston-sa-5118,SA | 100 /100 | $715K,sales-sa,18,yes
/best-suburbs/most-walkable/sa,44,mount-gambier-sa-5290,SA | 100 /100 | $238K,rental-sa,0,no
/best-suburbs/most-walkable/sa,45,toorak-gardens-sa-5065,SA | 100 /100 | $3.5M,sales-sa,3,no
/best-suburbs/most-walkable/sa,46,kensington-park-sa-5068,SA | 100 /100 | $1.9M,sales-sa,9,yes
/best-suburbs/most-walkable/sa,47,noarlunga-centre-sa-5168,SA | 100 /100 | $762K,sales-sa,1,no
/best-suburbs/most-walkable/sa,48,hindmarsh-sa-5007,SA | 90 /100 | $376K,rental-sa,0,no
/best-suburbs/most-walkable/sa,49,firle-sa-5070,SA | 90 /100 | $1.7M,sales-sa,2,no
/best-suburbs/most-walkable/sa,50,tusmore-sa-5065,SA | 90 /100 | $2.9M,sales-sa,2,no
/best-suburbs/most-walkable/tas,1,burnie-tas-7320,TAS | 100 /100 | $240K,abs-census-2021,0,no
/best-suburbs/most-walkable/tas,2,hobart-tas-7001,TAS | 100 /100 | –,import-suburbs-all,0,no
/best-suburbs/most-walkable/tas,3,montello-tas-7320,TAS | 100 /100 | $240K,abs-census-2021,0,no
/best-suburbs/most-walkable/tas,4,inveresk-tas-7248,TAS | 100 /100 | $242K,abs-census-2021,0,no
/best-suburbs/most-walkable/tas,5,launceston-tas-7250,TAS | 100 /100 | $775K,sales-abs,0,yes
/best-suburbs/most-walkable/tas,6,glebe-tas-7000,TAS | 100 /100 | $407K,abs-census-2021,0,no
/best-suburbs/most-walkable/tas,7,west-hobart-tas-7000,TAS | 100 /100 | $911K,sales-abs,0,yes
/best-suburbs/most-walkable/tas,8,hobart-tas-7000,TAS | 100 /100 | $407K,abs-census-2021,0,no
/best-suburbs/most-walkable/tas,9,south-hobart-tas-7004,TAS | 100 /100 | $372K,abs-census-2021,0,no
/best-suburbs/most-walkable/tas,10,battery-point-tas-7004,TAS | 100 /100 | $372K,abs-census-2021,0,no
/best-suburbs/most-walkable/tas,11,east-launceston-tas-7250,TAS | 96 /100 | $286K,abs-census-2021,0,no
/best-suburbs/most-walkable/tas,12,kingston-tas-7050,TAS | 94 /100 | $358K,abs-census-2021,0,no
/best-suburbs/most-walkable/tas,13,devonport-tas-7310,TAS | 90 /100 | $463K,sales-abs,0,yes
/best-suburbs/most-walkable/tas,14,west-devonport-tas-7310,TAS | 90 /100 | $267K,abs-census-2021,0,no
/best-suburbs/most-walkable/tas,15,north-hobart-tas-7000,TAS | 80 /100 | $407K,abs-census-2021,0,no
/best-suburbs/most-walkable/tas,16,new-norfolk-tas-7140,TAS | 78 /100 | $480K,sales-abs,0,yes
/best-suburbs/most-walkable/tas,17,st-helens-tas-7216,TAS | 64 /100 | $238K,abs-census-2021,0,no
/best-suburbs/most-walkable/tas,18,rosny-park-tas-7018,TAS | 60 /100 | $352K,abs-census-2021,0,no
/best-suburbs/most-walkable/tas,19,moonah-tas-7009,TAS | 52 /100 | $615K,sales-abs,0,yes
/best-suburbs/most-walkable/tas,20,bellerive-tas-7018,TAS | 52 /100 | $352K,abs-census-2021,0,no
/best-suburbs/most-walkable/tas,21,elwick-tas-7010,TAS | 50 /100 | $286K,abs-census-2021,0,no
/best-suburbs/most-walkable/tas,22,glenorchy-tas-7010,TAS | 48 /100 | $560K,sales-abs,0,yes
/best-suburbs/most-walkable/tas,23,acton-tas-7320,TAS | 46 /100 | $240K,abs-census-2021,0,no
/best-suburbs/most-walkable/tas,24,dynnyrne-tas-7005,TAS | 44 /100 | $477K,abs-census-2021,0,no
/best-suburbs/most-walkable/tas,25,hillcrest-tas-7320,TAS | 40 /100 | $240K,abs-census-2021,0,no
/best-suburbs/most-walkable/tas,26,longford-tas-7301,TAS | 40 /100 | $553K,sales-abs,0,yes
/best-suburbs/most-walkable/tas,27,kings-meadows-tas-7249,TAS | 36 /100 | $286K,abs-census-2021,0,no
/best-suburbs/most-walkable/tas,28,scottsdale-tas-7260,TAS | 34 /100 | $238K,abs-census-2021,0,no
/best-suburbs/most-walkable/tas,29,currie-tas-7256,TAS | 32 /100 | $238K,abs-census-2021,0,no
/best-suburbs/most-walkable/tas,30,cooee-tas-7320,TAS | 30 /100 | $240K,abs-census-2021,0,no
/best-suburbs/most-walkable/tas,31,mowbray-heights-tas-7248,TAS | 30 /100 | $242K,abs-census-2021,0,no
/best-suburbs/most-walkable/tas,32,upper-burnie-tas-7320,TAS | 30 /100 | $240K,abs-census-2021,0,no
/best-suburbs/most-walkable/tas,33,elphin-tas-7250,TAS | 30 /100 | $286K,abs-census-2021,0,no
/best-suburbs/most-walkable/tas,34,warrane-tas-7018,TAS | 28 /100 | $352K,abs-census-2021,0,no
/best-suburbs/most-walkable/tas,35,rokeby-tas-7019,TAS | 28 /100 | $590K,sales-abs,0,yes
/best-suburbs/most-walkable/tas,36,brooklyn-tas-7320,TAS | 28 /100 | $240K,abs-census-2021,0,no
/best-suburbs/most-walkable/tas,37,howrah-tas-7018,TAS | 26 /100 | $352K,abs-census-2021,0,no
/best-suburbs/most-walkable/tas,38,legana-tas-7277,TAS | 26 /100 | $740K,sales-abs,0,yes
/best-suburbs/most-walkable/tas,39,richmond-tas-7025,TAS | 26 /100 | $360K,abs-census-2021,0,no
/best-suburbs/most-walkable/tas,40,geeveston-tas-7116,TAS | 24 /100 | $251K,abs-census-2021,0,no
/best-suburbs/most-walkable/tas,41,claremont-tas-7011,TAS | 24 /100 | $286K,abs-census-2021,0,no
/best-suburbs/most-walkable/tas,42,penguin-tas-7316,TAS | 22 /100 | $286K,abs-census-2021,0,no
/best-suburbs/most-walkable/tas,43,triabunna-tas-7190,TAS | 22 /100 | $238K,abs-census-2021,0,no
/best-suburbs/most-walkable/tas,44,glen-dhu-tas-7249,TAS | 20 /100 | $286K,abs-census-2021,0,no
/best-suburbs/most-walkable/tas,45,shearwater-tas-7307,TAS | 20 /100 | $290K,abs-census-2021,0,no
/best-suburbs/most-walkable/tas,46,newstead-tas-7250,TAS | 20 /100 | $665K,sales-abs,0,yes
/best-suburbs/most-walkable/tas,47,riverside-tas-7250,TAS | 18 /100 | $635K,sales-abs,0,yes
/best-suburbs/most-walkable/tas,48,george-town-tas-7253,TAS | 18 /100 | $430K,sales-abs,0,yes
/best-suburbs/most-walkable/tas,49,parklands-tas-7320,TAS | 18 /100 | $240K,abs-census-2021,0,no
/best-suburbs/most-walkable/tas,50,invermay-tas-7248,TAS | 18 /100 | $480K,sales-abs,0,yes
/best-suburbs/most-walkable/nt,1,yarrawonga-nt-0830,NT | 100 /100 | $429K,abs-census-2021,0,no
/best-suburbs/most-walkable/nt,2,palmerston-nt-0830,NT | 100 /100 | $429K,abs-census-2021,0,no
/best-suburbs/most-walkable/nt,3,katherine-south-nt-0850,NT | 86 /100 | $358K,abs-census-2021,0,no
/best-suburbs/most-walkable/nt,4,alice-springs-nt-0872,NT | 70 /100 | $110K,abs-census-2021,0,no
/best-suburbs/most-walkable/nt,5,alice-springs-nt-0870,NT | 70 /100 | $383K,abs-census-2021,0,no
/best-suburbs/most-walkable/nt,6,coolalinga-nt-0839,NT | 62 /100 | $390K,abs-census-2021,0,no
/best-suburbs/most-walkable/nt,7,tennant-creek-nt-0862,NT | 50 /100 | $275K,sales-abs,0,yes
/best-suburbs/most-walkable/nt,8,woolner-nt-0820,NT | 50 /100 | $448K,abs-census-2021,0,no
/best-suburbs/most-walkable/nt,9,three-ways-nt-0862,NT | 50 /100 | –,abs-census-2021,0,no
/best-suburbs/most-walkable/nt,10,farrar-nt-0830,NT | 50 /100 | $429K,abs-census-2021,0,no
/best-suburbs/most-walkable/nt,11,millner-nt-0810,NT | 48 /100 | $595K,sales-abs,0,yes
/best-suburbs/most-walkable/nt,12,the-gardens-nt-0820,NT | 44 /100 | $448K,abs-census-2021,0,no
/best-suburbs/most-walkable/nt,13,stuart-park-nt-0820,NT | 34 /100 | $820K,sales-abs,0,yes
/best-suburbs/most-walkable/nt,14,winnellie-nt-0820,NT | 32 /100 | $448K,abs-census-2021,0,no
/best-suburbs/most-walkable/nt,15,parap-nt-0820,NT | 32 /100 | $945K,sales-abs,0,yes
/best-suburbs/most-walkable/nt,16,winnellie-nt-0822,NT | 32 /100 | $440K,abs-census-2021,0,no
/best-suburbs/most-walkable/nt,17,eaton-nt-0820,NT | 30 /100 | $448K,abs-census-2021,0,no
/best-suburbs/most-walkable/nt,18,casuarina-nt-0810,NT | 30 /100 | $453K,abs-census-2021,0,no
/best-suburbs/most-walkable/nt,19,ciccone-nt-0870,NT | 30 /100 | $383K,abs-census-2021,0,no
/best-suburbs/most-walkable/nt,20,coconut-grove-nt-0810,NT | 28 /100 | $645K,sales-abs,0,yes
/best-suburbs/most-walkable/nt,21,the-narrows-nt-0820,NT | 28 /100 | $448K,abs-census-2021,0,no
/best-suburbs/most-walkable/nt,22,yulara-nt-0872,NT | 24 /100 | $110K,abs-census-2021,0,no
/best-suburbs/most-walkable/nt,23,nightcliff-nt-0810,NT | 24 /100 | $965K,sales-abs,0,yes
/best-suburbs/most-walkable/nt,24,nakara-nt-0810,NT | 20 /100 | $453K,abs-census-2021,0,no
/best-suburbs/most-walkable/nt,25,anula-nt-0812,NT | 20 /100 | $530K,sales-abs,0,yes
/best-suburbs/most-walkable/nt,26,woodroffe-nt-0830,NT | 18 /100 | $427K,sales-abs,0,yes
/best-suburbs/most-walkable/nt,27,wagaman-nt-0810,NT | 18 /100 | $470K,sales-abs,0,yes
/best-suburbs/most-walkable/nt,28,wulagi-nt-0812,NT | 18 /100 | $533K,sales-abs,0,yes
/best-suburbs/most-walkable/nt,29,sanderson-nt-0812,NT | 18 /100 | $440K,abs-census-2021,0,no
/best-suburbs/most-walkable/nt,30,northlakes-nt-0812,NT | 16 /100 | $440K,abs-census-2021,0,no
/best-suburbs/most-walkable/nt,31,rosebery-heights-nt-0832,NT | 16 /100 | $477K,abs-census-2021,0,no
/best-suburbs/most-walkable/nt,32,bakewell-nt-0832,NT | 16 /100 | $485K,sales-abs,0,yes
/best-suburbs/most-walkable/nt,33,rosebery-nt-0832,NT | 16 /100 | $477K,abs-census-2021,0,no
/best-suburbs/most-walkable/nt,34,larrakeyah-nt-0820,NT | 14 /100 | $1.8M,sales-abs,0,yes
/best-suburbs/most-walkable/nt,35,fannie-bay-nt-0820,NT | 14 /100 | $448K,abs-census-2021,0,no
/best-suburbs/most-walkable/nt,36,holmes-nt-0812,NT | 14 /100 | $440K,abs-census-2021,0,no
/best-suburbs/most-walkable/nt,37,karama-nt-0812,NT | 14 /100 | $435K,sales-abs,0,yes
/best-suburbs/most-walkable/nt,38,bellamack-nt-0832,NT | 12 /100 | $477K,abs-census-2021,0,no
/best-suburbs/most-walkable/nt,39,moulden-nt-0830,NT | 12 /100 | $380K,sales-abs,0,yes
/best-suburbs/most-walkable/nt,40,coonawarra-nt-0820,NT | 10 /100 | $448K,abs-census-2021,0,no
/best-suburbs/most-walkable/nt,41,alawa-nt-0810,NT | 10 /100 | $575K,sales-abs,0,yes
/best-suburbs/most-walkable/nt,42,zuccoli-nt-0832,NT | 10 /100 | $477K,abs-census-2021,0,no
/best-suburbs/most-walkable/nt,43,nhulunbuy-nt-0880,NT | 10 /100 | $381K,abs-census-2021,0,no
/best-suburbs/most-walkable/nt,44,jingili-nt-0810,NT | 10 /100 | $649K,sales-abs,0,yes
/best-suburbs/most-walkable/nt,45,malak-nt-0812,NT | 10 /100 | $440K,abs-census-2021,0,no
/best-suburbs/most-walkable/nt,46,gove-nt-0880,NT | 10 /100 | $381K,abs-census-2021,0,no
/best-suburbs/most-walkable/nt,47,archer-nt-0830,NT | 8 /100 | $429K,abs-census-2021,0,no
/best-suburbs/most-walkable/nt,48,leanyer-nt-0812,NT | 8 /100 | $598K,sales-abs,0,yes
/best-suburbs/most-walkable/nt,49,woodleigh-gardens-nt-0812,NT | 8 /100 | $440K,abs-census-2021,0,no
/best-suburbs/most-walkable/nt,50,driver-nt-0830,NT | 8 /100 | $458K,sales-abs,0,yes
/best-suburbs/most-walkable/act,1,phillip-act-2606,ACT | 100 /100 | $396K,sales-abs,0,yes
/best-suburbs/most-walkable/act,2,tuggeranong-act-2900,ACT | 100 /100 | $358K,abs-census-2021,0,no
/best-suburbs/most-walkable/act,3,pearce-act-2607,ACT | 100 /100 | $1.3M,sales-abs,0,yes
/best-suburbs/most-walkable/act,4,lyneham-act-2602,ACT | 100 /100 | $1.2M,sales-abs,0,yes
/best-suburbs/most-walkable/act,5,campbell-act-2612,ACT | 100 /100 | $1.7M,sales-abs,0,yes
/best-suburbs/most-walkable/act,6,chifley-act-2606,ACT | 100 /100 | $1.0M,sales-abs,0,yes
/best-suburbs/most-walkable/act,7,fyshwick-act-2609,ACT | 100 /100 | $616K,abs-census-2021,0,no
/best-suburbs/most-walkable/act,8,mitchell-act-2911,ACT | 100 /100 | $528K,abs-census-2021,0,no
/best-suburbs/most-walkable/act,9,mawson-act-2607,ACT | 100 /100 | $1.1M,sales-abs,0,yes
/best-suburbs/most-walkable/act,10,reid-act-2612,ACT | 100 /100 | $2.4M,sales-abs,0,yes
/best-suburbs/most-walkable/act,11,dickson-act-2602,ACT | 100 /100 | $1.1M,sales-abs,0,yes
/best-suburbs/most-walkable/act,12,city-act-2601,ACT | 100 /100 | $429K,abs-census-2021,0,no
/best-suburbs/most-walkable/act,13,macquarie-act-2614,ACT | 100 /100 | $950K,sales-abs,0,yes
/best-suburbs/most-walkable/act,14,acton-act-2601,ACT | 100 /100 | $429K,abs-census-2021,0,no
/best-suburbs/most-walkable/act,15,greenway-act-2900,ACT | 100 /100 | $358K,sales-abs,0,yes
/best-suburbs/most-walkable/act,16,manuka-act-2603,ACT | 100 /100 | $550K,abs-census-2021,0,no
/best-suburbs/most-walkable/act,17,turner-act-2612,ACT | 100 /100 | $2.2M,sales-abs,0,yes
/best-suburbs/most-walkable/act,18,braddon-act-2612,ACT | 100 /100 | $1.7M,sales-abs,0,yes
/best-suburbs/most-walkable/act,19,o-malley-act-2606,ACT | 100 /100 | $396K,abs-census-2021,0,no
/best-suburbs/most-walkable/act,20,swinger-hill-act-2606,ACT | 100 /100 | $396K,abs-census-2021,0,no
/best-suburbs/most-walkable/act,21,woden-act-2606,ACT | 100 /100 | $396K,abs-census-2021,0,no
/best-suburbs/most-walkable/act,22,canberra-act-2601,ACT | 100 /100 | $429K,abs-census-2021,0,no
/best-suburbs/most-walkable/act,23,kingston-act-2604,ACT | 100 /100 | $473K,abs-census-2021,0,no
/best-suburbs/most-walkable/act,24,causeway-act-2604,ACT | 100 /100 | $473K,abs-census-2021,0,no
/best-suburbs/most-walkable/act,25,griffith-act-2603,ACT | 100 /100 | $550K,abs-census-2021,0,no
/best-suburbs/most-walkable/act,26,gungahlin-act-2912,ACT | 98 /100 | $996K,sales-abs,0,yes
/best-suburbs/most-walkable/act,27,kenny-act-2911,ACT | 98 /100 | $528K,abs-census-2021,0,no
/best-suburbs/most-walkable/act,28,downer-act-2602,ACT | 94 /100 | $1.2M,sales-abs,0,yes
/best-suburbs/most-walkable/act,29,stirling-act-2611,ACT | 92 /100 | $1.1M,sales-abs,0,yes
/best-suburbs/most-walkable/act,30,weston-creek-act-2611,ACT | 88 /100 | –,import-suburbs-all,0,no
/best-suburbs/most-walkable/act,31,holder-act-2611,ACT | 88 /100 | $975K,sales-abs,0,yes
/best-suburbs/most-walkable/act,32,page-act-2614,ACT | 88 /100 | $857K,sales-abs,0,yes
/best-suburbs/most-walkable/act,33,bruce-act-2617,ACT | 86 /100 | $1.3M,sales-abs,0,yes
/best-suburbs/most-walkable/act,34,weston-act-2611,ACT | 82 /100 | $966K,sales-abs,0,yes
/best-suburbs/most-walkable/act,35,lyons-act-2606,ACT | 80 /100 | $396K,abs-census-2021,0,no
/best-suburbs/most-walkable/act,36,symonston-act-2609,ACT | 70 /100 | $616K,abs-census-2021,0,no
/best-suburbs/most-walkable/act,37,kippax-act-2615,ACT | 64 /100 | $440K,abs-census-2021,0,no
/best-suburbs/most-walkable/act,38,holt-act-2615,ACT | 64 /100 | $790K,sales-abs,0,yes
/best-suburbs/most-walkable/act,39,black-mountain-act-2601,ACT | 62 /100 | $429K,abs-census-2021,0,no
/best-suburbs/most-walkable/act,40,forrest-act-2603,ACT | 60 /100 | $5M,sales-abs,0,yes
/best-suburbs/most-walkable/act,41,narrabundah-act-2604,ACT | 54 /100 | $1.4M,sales-abs,0,yes
/best-suburbs/most-walkable/act,42,barton-act-2600,ACT | 48 /100 | $620K,sales-abs,0,yes
/best-suburbs/most-walkable/act,43,amaroo-act-2914,ACT | 46 /100 | $1.0M,sales-abs,0,yes
/best-suburbs/most-walkable/act,44,charnwood-act-2615,ACT | 44 /100 | $715K,sales-abs,0,yes
/best-suburbs/most-walkable/act,45,parkes-act-2600,ACT | 44 /100 | $620K,abs-census-2021,0,no
/best-suburbs/most-walkable/act,46,aranda-act-2614,ACT | 42 /100 | $1.4M,sales-abs,0,yes
/best-suburbs/most-walkable/act,47,russell-hill-act-2600,ACT | 42 /100 | $620K,abs-census-2021,0,no
/best-suburbs/most-walkable/act,48,fisher-act-2611,ACT | 38 /100 | $925K,sales-abs,0,yes
/best-suburbs/most-walkable/act,49,canberra-airport-act-2609,ACT | 38 /100 | $616K,abs-census-2021,0,no
/best-suburbs/most-walkable/act,50,cook-act-2614,ACT | 38 /100 | $1.3M,sales-abs,0,yes
/best-suburbs/lowest-flood-risk/nsw,1,pleasant-hills-nsw-2658,NSW | No data | $219K,rental-nsw,0,no
/best-suburbs/lowest-flood-risk/nsw,2,linden-nsw-2778,NSW | No data | $1.1M,sales-nsw,9,yes
/best-suburbs/lowest-flood-risk/nsw,3,bellata-nsw-2397,NSW | No data | $350K,sales-nsw,5,yes
/best-suburbs/lowest-flood-risk/nsw,4,westella-nsw-2831,NSW | No data | $286K,rental-nsw,0,no
/best-suburbs/lowest-flood-risk/nsw,5,carwell-nsw-2849,NSW | No data | $307K,rental-nsw,0,no
/best-suburbs/lowest-flood-risk/nsw,6,golden-grove-nsw-2008,NSW | No data | $572K,rental-nsw,0,no
/best-suburbs/lowest-flood-risk/nsw,7,pyrmont-nsw-2009,NSW | No data | $2.5M,sales-nsw,15,yes
/best-suburbs/lowest-flood-risk/nsw,8,darling-island-nsw-2009,NSW | No data | $616K,rental-nsw,0,no
/best-suburbs/lowest-flood-risk/nsw,9,sydney-south-nsw-2000,NSW | No data | $616K,rental-nsw,0,no
/best-suburbs/lowest-flood-risk/nsw,10,darlinghurst-nsw-2010,NSW | No data | $3.0M,sales-nsw,67,yes
/best-suburbs/lowest-flood-risk/nsw,11,dawes-point-nsw-2000,NSW | No data | $3.7M,sales-nsw,5,yes
/best-suburbs/lowest-flood-risk/nsw,12,the-rocks-nsw-2000,NSW | No data | $2.3M,rental-nsw,39,no
/best-suburbs/lowest-flood-risk/nsw,13,ultimo-nsw-2007,NSW | No data | $1.6M,sales-nsw,22,yes
/best-suburbs/lowest-flood-risk/nsw,14,broadway-nsw-2007,NSW | No data | $550K,rental-nsw,0,no
/best-suburbs/lowest-flood-risk/nsw,15,zetland-nsw-2017,NSW | No data | $2.3M,sales-nsw,13,yes
/best-suburbs/lowest-flood-risk/nsw,16,darlington-nsw-2008,NSW | No data | $1.9M,sales-nsw,45,yes
/best-suburbs/lowest-flood-risk/nsw,17,haymarket-nsw-2000,NSW | No data | $8.4M,sales-nsw,2,no
/best-suburbs/lowest-flood-risk/nsw,18,woolloomooloo-nsw-2011,NSW | No data | $1.9M,sales-nsw,11,yes
/best-suburbs/lowest-flood-risk/nsw,19,rushcutters-bay-nsw-2011,NSW | No data | $1.2M,sales-nsw,3,no
/best-suburbs/lowest-flood-risk/nsw,20,eveleigh-nsw-2015,NSW | No data | $1.1M,rental-nsw,9,no
/best-suburbs/lowest-flood-risk/nsw,21,redfern-nsw-2016,NSW | No data | $2.0M,sales-nsw,104,yes
/best-suburbs/lowest-flood-risk/nsw,22,walcha-nsw-2354,NSW | No data | $379K,sales-nsw,34,yes
/best-suburbs/lowest-flood-risk/nsw,23,north-woodburn-nsw-2471,NSW | No data | $390K,sales-nsw,5,yes
/best-suburbs/lowest-flood-risk/nsw,24,gundagai-nsw-2722,NSW | No data | $540K,sales-nsw,32,yes
/best-suburbs/lowest-flood-risk/nsw,25,lockhart-nsw-2656,NSW | No data | $398K,sales-nsw,18,yes
/best-suburbs/lowest-flood-risk/nsw,26,scotland-island-nsw-2105,NSW | No data | $1.5M,sales-nsw,14,yes
/best-suburbs/lowest-flood-risk/nsw,27,the-rock-nsw-2655,NSW | No data | $420K,sales-nsw,21,yes
/best-suburbs/lowest-flood-risk/nsw,28,sandy-point-nsw-2172,NSW | No data | $2.0M,sales-nsw,7,yes
/best-suburbs/lowest-flood-risk/nsw,29,gumbalie-nsw-2840,NSW | No data | $207K,rental-nsw,0,no
/best-suburbs/lowest-flood-risk/nsw,30,cooneys-creek-nsw-2726,NSW | No data | $212K,rental-nsw,0,no
/best-suburbs/lowest-flood-risk/nsw,31,curban-nsw-2827,NSW | No data | $238K,rental-nsw,0,no
/best-suburbs/lowest-flood-risk/nsw,32,eurimbula-nsw-2867,NSW | No data | $207K,rental-nsw,0,no
/best-suburbs/lowest-flood-risk/nsw,33,tooraweenah-nsw-2831,NSW | No data | $286K,rental-nsw,0,no
/best-suburbs/lowest-flood-risk/nsw,34,elong-elong-nsw-2831,NSW | No data | $465K,sales-nsw,5,yes
/best-suburbs/lowest-flood-risk/nsw,35,portland-nsw-2847,NSW | No data | $540K,sales-nsw,65,yes
/best-suburbs/lowest-flood-risk/nsw,36,gilgandra-nsw-2827,NSW | No data | $335K,sales-nsw,56,yes
/best-suburbs/lowest-flood-risk/nsw,37,barmedman-nsw-2668,NSW | No data | $215K,sales-nsw,9,yes
/best-suburbs/lowest-flood-risk/nsw,38,trida-nsw-2878,NSW | No data | $22K,rental-nsw,0,no
/best-suburbs/lowest-flood-risk/nsw,39,neilrex-nsw-2831,NSW | No data | $286K,rental-nsw,0,no
/best-suburbs/lowest-flood-risk/nsw,40,mourquong-nsw-2739,NSW | No data | $286K,rental-nsw,0,no
/best-suburbs/lowest-flood-risk/nsw,41,wetuppa-nsw-2734,NSW | No data | $358K,rental-nsw,0,no
/best-suburbs/lowest-flood-risk/nsw,42,bectric-nsw-2665,NSW | No data | $154K,rental-nsw,0,no
/best-suburbs/lowest-flood-risk/nsw,43,yaven-creek-nsw-2729,NSW | No data | $273K,rental-nsw,0,no
/best-suburbs/lowest-flood-risk/nsw,44,mallanganee-nsw-2469,NSW | No data | $380K,sales-nsw,3,no
/best-suburbs/lowest-flood-risk/nsw,45,lavadia-nsw-2462,NSW | No data | $264K,rental-nsw,0,no
/best-suburbs/lowest-flood-risk/nsw,46,nombi-nsw-2379,NSW | No data | $127K,rental-nsw,0,no
/best-suburbs/lowest-flood-risk/nsw,47,gunderbooka-nsw-2840,NSW | No data | $207K,rental-nsw,0,no
/best-suburbs/lowest-flood-risk/nsw,48,gearys-flat-nsw-2441,NSW | No data | $330K,rental-nsw,0,no
/best-suburbs/lowest-flood-risk/vic,1,prairie-vic-3572,VIC | No data | $332K,rental-vic,0,no
/best-suburbs/lowest-flood-risk/vic,2,branditt-vic-3631,VIC | No data | $353K,rental-vic,0,no
/best-suburbs/lowest-flood-risk/vic,3,bylands-vic-3762,VIC | No data | $396K,rental-vic,0,no
/best-suburbs/lowest-flood-risk/vic,4,tooan-vic-3401,VIC | No data | $305K,rental-vic,0,no
/best-suburbs/lowest-flood-risk/vic,5,watgania-vic-3379,VIC | No data | $149K,rental-vic,0,no
/best-suburbs/lowest-flood-risk/vic,6,hawksburn-vic-3142,VIC | No data | $693K,rental-vic,0,no
/best-suburbs/lowest-flood-risk/vic,7,doncaster-heights-vic-3109,VIC | No data | $528K,rental-vic,0,no
/best-suburbs/lowest-flood-risk/vic,8,healesville-post-shop-vic-3777,VIC | No data | $381K,rental-vic,0,no
/best-suburbs/lowest-flood-risk/vic,9,moorabbin-east-vic-3189,VIC | No data | $506K,rental-vic,0,no
/best-suburbs/lowest-flood-risk/vic,10,newington-vic-3350,VIC | No data | $640K,sales-vic,0,yes
/best-suburbs/lowest-flood-risk/vic,11,rochester-west-vic-3561,VIC | No data | $253K,rental-vic,0,no
/best-suburbs/lowest-flood-risk/vic,12,laverton-vic-3028,VIC | No data | $605K,sales-vic,0,yes
/best-suburbs/lowest-flood-risk/vic,13,kerrimuir-vic-3129,VIC | No data | $548K,rental-vic,0,no
/best-suburbs/lowest-flood-risk/vic,14,waverley-gardens-vic-3170,VIC | No data | $477K,rental-vic,0,no
/best-suburbs/lowest-flood-risk/vic,15,benalla-west-vic-3672,VIC | No data | $276K,rental-vic,0,no
/best-suburbs/lowest-flood-risk/vic,16,berrimal-west-vic-3478,VIC | No data | $191K,rental-vic,0,no
/best-suburbs/lowest-flood-risk/vic,17,golden-point-vic-3451,VIC | No data | $334K,rental-vic,0,no
/best-suburbs/lowest-flood-risk/vic,18,plumpton-vic-3335,VIC | No data | $418K,rental-vic,0,no
/best-suburbs/lowest-flood-risk/vic,19,wulgulmerang-west-vic-3885,VIC | No data | $286K,rental-vic,0,no
/best-suburbs/lowest-flood-risk/vic,20,koorool-vic-3860,VIC | No data | $286K,rental-vic,0,no
/best-suburbs/lowest-flood-risk/vic,21,toolome-vic-3860,VIC | No data | $286K,rental-vic,0,no
/best-suburbs/lowest-flood-risk/vic,22,robinvale-irrigation-district-section-d-vic-3549,VIC | No data | $231K,rental-vic,0,no
/best-suburbs/lowest-flood-risk/vic,23,carina-vic-3512,VIC | No data | $152K,rental-vic,0,no
/best-suburbs/lowest-flood-risk/vic,24,indigo-upper-vic-3688,VIC | No data | $334K,rental-vic,0,no
/best-suburbs/lowest-flood-risk/vic,25,paradise-vic-3477,VIC | No data | $191K,rental-vic,0,no
/best-suburbs/lowest-flood-risk/vic,26,woolshed-vic-3747,VIC | No data | $343K,rental-vic,0,no
/best-suburbs/lowest-flood-risk/vic,27,hurdle-flat-vic-3747,VIC | No data | $343K,rental-vic,0,no
/best-suburbs/lowest-flood-risk/vic,28,tantaraboo-vic-3764,VIC | No data | $372K,rental-vic,0,no
/best-suburbs/lowest-flood-risk/vic,29,forbes-vic-3764,VIC | No data | $372K,rental-vic,0,no
/best-suburbs/lowest-flood-risk/vic,30,walhalla-east-vic-3825,VIC | No data | $238K,rental-vic,0,no
/best-suburbs/lowest-flood-risk/vic,31,comet-hill-vic-3556,VIC | No data | $286K,rental-vic,0,no
/best-suburbs/lowest-flood-risk/vic,32,big-hill-vic-3555,VIC | No data | $286K,rental-vic,0,no
/best-suburbs/lowest-flood-risk/vic,33,queenscliff-vic-3225,VIC | No data | $1.4M,sales-vic,0,yes
/best-suburbs/lowest-flood-risk/vic,34,enfield-vic-3352,VIC | No data | $352K,rental-vic,0,no
/best-suburbs/lowest-flood-risk/vic,35,bright-vic-3741,VIC | No data | $1.1M,sales-vic,0,yes
/best-suburbs/lowest-flood-risk/vic,36,havillah-vic-3737,VIC | No data | $308K,rental-vic,0,no
/best-suburbs/lowest-flood-risk/vic,37,havilah-vic-3737,VIC | No data | $308K,rental-vic,0,no
/best-suburbs/lowest-flood-risk/vic,38,spring-hill-vic-3444,VIC | No data | $393K,rental-vic,0,no
/best-suburbs/lowest-flood-risk/vic,39,mortchup-vic-3351,VIC | No data | $330K,rental-vic,0,no
/best-suburbs/lowest-flood-risk/vic,40,pine-lodge-vic-3631,VIC | No data | $353K,rental-vic,0,no
/best-suburbs/lowest-flood-risk/vic,41,hume-weir-vic-3691,VIC | No data | $377K,rental-vic,0,no
/best-suburbs/lowest-flood-risk/vic,42,wongungarra-vic-3862,VIC | No data | $286K,rental-vic,0,no
/best-suburbs/lowest-flood-risk/vic,43,shannonvale-vic-3898,VIC | No data | $263K,rental-vic,0,no
/best-suburbs/lowest-flood-risk/vic,44,kulwin-vic-3490,VIC | No data | $157K,rental-vic,0,no
/best-suburbs/lowest-flood-risk/vic,45,baw-baw-vic-3833,VIC | No data | $238K,rental-vic,0,no
/best-suburbs/lowest-flood-risk/vic,46,loch-valley-vic-3833,VIC | No data | $238K,rental-vic,0,no
/best-suburbs/lowest-flood-risk/vic,47,wombat-creek-vic-3888,VIC | No data | $220K,rental-vic,0,no
/best-suburbs/lowest-flood-risk/vic,48,wattle-flat-vic-3352,VIC | No data | $352K,rental-vic,0,no
/best-suburbs/lowest-flood-risk/qld,1,winton-qld-4735,QLD | No data | $191K,abs-census-2021,0,no
/best-suburbs/lowest-flood-risk/qld,2,beebo-qld-4385,QLD | No data | $95K,sales-qld,0,no
/best-suburbs/lowest-flood-risk/qld,3,buckingham-qld-4825,QLD | No data | $338K,abs-census-2021,0,no
/best-suburbs/lowest-flood-risk/qld,4,scrub-creek-qld-4313,QLD | No data | $343K,sales-qld,0,no
/best-suburbs/lowest-flood-risk/qld,5,west-burleigh-qld-4219,QLD | No data | –,import-suburbs-all,0,no
/best-suburbs/lowest-flood-risk/qld,6,carbrook-qld-4130,QLD | No data | $572K,sales-qld,0,no
/best-suburbs/lowest-flood-risk/qld,7,jarra-creek-qld-4854,QLD | No data | $353K,sales-qld,0,no
/best-suburbs/lowest-flood-risk/qld,8,toowoomba-west-qld-4350,QLD | No data | $330K,abs-census-2021,0,no
/best-suburbs/lowest-flood-risk/qld,9,port-wine-qld-4724,QLD | No data | $143K,abs-census-2021,0,no
/best-suburbs/lowest-flood-risk/qld,10,stockyard-qld-4344,QLD | No data | $334K,abs-census-2021,0,no
/best-suburbs/lowest-flood-risk/qld,11,oxley-qld-4075,QLD | No data | $477K,rental-qld,0,no
/best-suburbs/lowest-flood-risk/qld,12,seventeen-mile-qld-4344,QLD | No data | $239K,sales-qld,0,no
/best-suburbs/lowest-flood-risk/qld,13,dakabin-qld-4503,QLD | No data | $724K,sales-abs,0,yes
/best-suburbs/lowest-flood-risk/qld,14,maroon-dam-qld-4310,QLD | No data | $326K,abs-census-2021,0,no
/best-suburbs/lowest-flood-risk/qld,15,bunjurgen-qld-4310,QLD | No data | $382K,sales-qld,0,no
/best-suburbs/lowest-flood-risk/qld,16,brisbane-airport-qld-4007,QLD | No data | $491K,abs-census-2021,0,no
/best-suburbs/lowest-flood-risk/qld,17,the-monument-qld-4825,QLD | No data | $338K,abs-census-2021,0,no
/best-suburbs/lowest-flood-risk/qld,18,durham-qld-4492,QLD | No data | $153K,abs-census-2021,0,no
/best-suburbs/lowest-flood-risk/qld,19,loreto-hill-qld-4120,QLD | No data | $418K,abs-census-2021,0,no
/best-suburbs/lowest-flood-risk/qld,20,stonehenge-qld-4730,QLD | No data | $261K,abs-census-2021,0,no
/best-suburbs/lowest-flood-risk/qld,21,nicholson-qld-4830,QLD | No data | $108K,abs-census-2021,0,no
/best-suburbs/lowest-flood-risk/qld,22,fisher-qld-4825,QLD | No data | $338K,abs-census-2021,0,no
/best-suburbs/lowest-flood-risk/qld,23,albion-qld-4822,QLD | No data | $176K,abs-census-2021,0,no
/best-suburbs/lowest-flood-risk/qld,24,dundas-qld-4306,QLD | No data | $397K,abs-census-2021,0,no
/best-suburbs/lowest-flood-risk/qld,25,nagoorin-qld-4680,QLD | No data | $360K,abs-census-2021,0,no
/best-suburbs/lowest-flood-risk/qld,26,vergemont-qld-4730,QLD | No data | $261K,abs-census-2021,0,no
/best-suburbs/lowest-flood-risk/qld,27,nambour-west-qld-4560,QLD | No data | $381K,abs-census-2021,0,no
/best-suburbs/lowest-flood-risk/qld,28,kalamia-qld-4807,QLD | No data | $286K,abs-census-2021,0,no
/best-suburbs/lowest-flood-risk/qld,29,auchenflower-qld-4066,QLD | No data | $1.5M,sales-abs,0,yes
/best-suburbs/lowest-flood-risk/qld,30,morningside-qld-4170,QLD | No data | $469K,rental-qld,0,no
/best-suburbs/lowest-flood-risk/qld,31,norman-park-qld-4170,QLD | No data | $1.5M,sales-abs,0,yes
/best-suburbs/lowest-flood-risk/qld,32,stuartholme-qld-4066,QLD | No data | $469K,abs-census-2021,0,no
/best-suburbs/lowest-flood-risk/qld,33,parkside-qld-4807,QLD | No data | $286K,abs-census-2021,0,no
/best-suburbs/lowest-flood-risk/qld,34,airville-qld-4807,QLD | No data | $366K,sales-qld,0,no
/best-suburbs/lowest-flood-risk/qld,35,peregian-springs-qld-4573,QLD | No data | $1.3M,sales-abs,0,yes
/best-suburbs/lowest-flood-risk/qld,36,nonda-qld-4822,QLD | No data | $176K,abs-census-2021,0,no
/best-suburbs/lowest-flood-risk/qld,37,boortkoi-qld-4415,QLD | No data | $238K,abs-census-2021,0,no
/best-suburbs/lowest-flood-risk/qld,38,rasmussen-qld-4815,QLD | No data | $296K,rental-qld,0,no
/best-suburbs/lowest-flood-risk/qld,39,ridgewood-qld-4563,QLD | No data | $381K,abs-census-2021,0,no
/best-suburbs/lowest-flood-risk/qld,40,sandy-ridges-qld-4615,QLD | No data | $303K,sales-qld,0,no
/best-suburbs/lowest-flood-risk/qld,41,claredale-qld-4807,QLD | No data | $286K,abs-census-2021,0,no
/best-suburbs/lowest-flood-risk/qld,42,clare-qld-4807,QLD | No data | $286K,abs-census-2021,0,no
/best-suburbs/lowest-flood-risk/qld,43,mulgrave-qld-4807,QLD | No data | $286K,abs-census-2021,0,no
/best-suburbs/lowest-flood-risk/qld,44,the-percy-group-qld-4707,QLD | No data | $174K,abs-census-2021,0,no
/best-suburbs/lowest-flood-risk/qld,45,beeron-qld-4626,QLD | No data | $143K,sales-qld,0,no
/best-suburbs/lowest-flood-risk/qld,46,caldervale-qld-4478,QLD | No data | $170K,abs-census-2021,0,no
/best-suburbs/lowest-flood-risk/qld,47,karalee-qld-4306,QLD | No data | $470K,rental-qld,0,no
/best-suburbs/lowest-flood-risk/wa,1,frankland-river-wa-6396,WA | No data | $283K,sales-wa,0,no
/best-suburbs/lowest-flood-risk/wa,2,piccadilly-wa-6430,WA | No data | $334K,sales-wa,0,no
/best-suburbs/lowest-flood-risk/wa,3,tarwonga-wa-6391,WA | No data | $286K,abs-census-2021,0,no
/best-suburbs/lowest-flood-risk/wa,4,ascot-wa-6104,WA | No data | $477K,sales-wa,0,no
/best-suburbs/lowest-flood-risk/wa,5,hastings-wa-6308,WA | No data | $238K,abs-census-2021,0,no
/best-suburbs/lowest-flood-risk/wa,6,bullock-hills-wa-6350,WA | No data | $113K,abs-census-2021,0,no
/best-suburbs/lowest-flood-risk/wa,7,ferguson-wa-6236,WA | No data | $429K,sales-wa,0,no
/best-suburbs/lowest-flood-risk/wa,8,williams-wa-6391,WA | No data | $286K,sales-wa,0,no
/best-suburbs/lowest-flood-risk/wa,9,wongoondy-wa-6630,WA | No data | $143K,abs-census-2021,0,no
/best-suburbs/lowest-flood-risk/wa,10,shay-gap-wa-6761,WA | No data | –,import-suburbs-all,0,no
/best-suburbs/lowest-flood-risk/wa,11,waterbank-wa-6725,WA | No data | $703K,sales-wa,0,no
/best-suburbs/lowest-flood-risk/wa,12,sherlock-wa-6714,WA | No data | $434K,abs-census-2021,0,no
/best-suburbs/lowest-flood-risk/wa,13,barrow-island-wa-6712,WA | No data | –,abs-census-2021,0,no
/best-suburbs/lowest-flood-risk/wa,14,exmouth-gulf-wa-6707,WA | No data | $793K,sales-wa,0,no
/best-suburbs/lowest-flood-risk/wa,15,metricup-wa-6280,WA | No data | $550K,sales-wa,0,no
/best-suburbs/lowest-flood-risk/wa,16,burma-road-wa-6532,WA | No data | $396K,abs-census-2021,0,no
/best-suburbs/lowest-flood-risk/wa,17,northern-gully-wa-6532,WA | No data | $191K,sales-wa,0,no
/best-suburbs/lowest-flood-risk/wa,18,lort-river-wa-6447,WA | No data | $239K,sales-wa,0,no
/best-suburbs/lowest-flood-risk/wa,19,yoting-wa-6383,WA | No data | $171K,abs-census-2021,0,no
/best-suburbs/lowest-flood-risk/wa,20,north-burngup-wa-6353,WA | No data | $238K,abs-census-2021,0,no
/best-suburbs/lowest-flood-risk/wa,21,hyden-wa-6359,WA | No data | $228K,sales-wa,0,no
/best-suburbs/lowest-flood-risk/wa,22,yoganup-wa-6275,WA | No data | $96K,sales-wa,0,no
/best-suburbs/lowest-flood-risk/wa,23,mount-sheridan-wa-6355,WA | No data | $83K,abs-census-2021,0,no
/best-suburbs/lowest-flood-risk/wa,24,piesseville-wa-6315,WA | No data | $110K,sales-wa,0,no
/best-suburbs/lowest-flood-risk/wa,25,the-lakes-wa-6556,WA | No data | $308K,sales-wa,0,no
/best-suburbs/lowest-flood-risk/wa,26,mullingar-wa-6430,WA | No data | $378K,sales-wa,0,no
/best-suburbs/lowest-flood-risk/wa,27,fitzroy-crossing-wa-6765,WA | No data | $358K,sales-wa,0,no
/best-suburbs/lowest-flood-risk/wa,28,mount-ney-wa-6447,WA | No data | $477K,abs-census-2021,0,no
/best-suburbs/lowest-flood-risk/wa,29,stratherne-wa-6309,WA | No data | $177K,abs-census-2021,0,no
/best-suburbs/lowest-flood-risk/wa,30,yandanooka-wa-6522,WA | No data | $120K,sales-wa,0,no
/best-suburbs/lowest-flood-risk/wa,31,kirk-rock-wa-6370,WA | No data | $220K,abs-census-2021,0,no
/best-suburbs/lowest-flood-risk/wa,32,mokup-wa-6394,WA | No data | $238K,abs-census-2021,0,no
/best-suburbs/lowest-flood-risk/wa,33,woolocutty-wa-6369,WA | No data | $174K,abs-census-2021,0,no
/best-suburbs/lowest-flood-risk/wa,34,neendaling-wa-6353,WA | No data | $220K,sales-wa,0,no
/best-suburbs/lowest-flood-risk/wa,35,albany-wa-6330,WA | No data | $550K,sales-abs,0,yes
/best-suburbs/lowest-flood-risk/wa,36,narrogin-wa-6312,WA | No data | $250K,sales-abs,0,yes
/best-suburbs/lowest-flood-risk/wa,37,melville-wa-6156,WA | No data | $1.3M,sales-abs,0,yes
/best-suburbs/lowest-flood-risk/wa,38,byford-wa-6122,WA | No data | $630K,sales-abs,0,yes
/best-suburbs/lowest-flood-risk/wa,39,woodvale-wa-6026,WA | No data | $883K,sales-abs,0,yes
/best-suburbs/lowest-flood-risk/wa,40,eucla-wa-6443,WA | No data | $132K,abs-census-2021,0,no
/best-suburbs/lowest-flood-risk/wa,41,tarin-rock-wa-6353,WA | No data | $881K,sales-wa,0,no
/best-suburbs/lowest-flood-risk/wa,42,mumberkine-wa-6401,WA | No data | $418K,sales-wa,0,no
/best-suburbs/lowest-flood-risk/wa,43,burtville-wa-6440,WA | No data | $91K,abs-census-2021,0,no
/best-suburbs/lowest-flood-risk/wa,44,waterloo-wa-6228,WA | No data | $334K,sales-wa,0,no
/best-suburbs/lowest-flood-risk/wa,45,holyoake-wa-6213,WA | No data | $477K,sales-wa,0,no
/best-suburbs/lowest-flood-risk/wa,46,preston-beach-wa-6215,WA | No data | $251K,sales-wa,0,no
/best-suburbs/lowest-flood-risk/wa,47,nambeelup-wa-6207,WA | No data | $481K,sales-wa,0,no
/best-suburbs/lowest-flood-risk/wa,48,fraser-range-wa-6443,WA | No data | $132K,abs-census-2021,0,no
/best-suburbs/lowest-flood-risk/wa,49,inglehope-wa-6213,WA | No data | $286K,sales-wa,0,no
/best-suburbs/lowest-flood-risk/wa,50,kumarina-wa-6642,WA | No data | $143K,abs-census-2021,0,no
/best-suburbs/lowest-flood-risk/sa,1,pandie-pandie-sa-5733,SA | No data | $858K,rental-sa,0,no
/best-suburbs/lowest-flood-risk/sa,2,west-beach-sa-5024,SA | No data | $1.8M,sales-sa,24,yes
/best-suburbs/lowest-flood-risk/sa,3,southwark-sa-5031,SA | No data | –,stub,0,no
/best-suburbs/lowest-flood-risk/sa,4,ernabella-sa-5724,SA | No data | –,stub,0,no
/best-suburbs/lowest-flood-risk/sa,5,kielpa-sa-5642,SA | No data | $50K,rental-sa,0,no
/best-suburbs/lowest-flood-risk/sa,6,witera-sa-5671,SA | No data | $181K,rental-sa,0,no
/best-suburbs/lowest-flood-risk/sa,7,kangaroo-head-sa-5222,SA | No data | $232K,rental-sa,0,no
/best-suburbs/lowest-flood-risk/sa,8,cavenagh-sa-5422,SA | No data | $129K,rental-sa,0,no
/best-suburbs/lowest-flood-risk/sa,9,tikalina-sa-5440,SA | No data | $17K,rental-sa,0,no
/best-suburbs/lowest-flood-risk/sa,10,anangu-pitjantjatjara-yankunytjatjara-sa-5724,SA | No data | $339K,rental-sa,0,no
/best-suburbs/lowest-flood-risk/sa,11,noarlunga-centre-sa-5168,SA | No data | $762K,sales-sa,1,no
/best-suburbs/lowest-flood-risk/sa,12,rosewater-sa-5013,SA | No data | $965K,sales-sa,14,yes
/best-suburbs/lowest-flood-risk/sa,13,bedford-park-sa-5042,SA | No data | $900K,sales-sa,1,no
/best-suburbs/lowest-flood-risk/sa,14,athol-park-sa-5012,SA | No data | $880K,sales-sa,6,yes
/best-suburbs/lowest-flood-risk/sa,15,yankalilla-sa-5203,SA | No data | $286K,rental-sa,0,no
/best-suburbs/lowest-flood-risk/sa,16,marden-sa-5070,SA | No data | $1.4M,sales-sa,4,no
/best-suburbs/lowest-flood-risk/sa,17,salisbury-east-sa-5109,SA | No data | $820K,sales-sa,34,yes
/best-suburbs/lowest-flood-risk/sa,18,lower-mitcham-sa-5062,SA | No data | $2.0M,sales-sa,9,yes
/best-suburbs/lowest-flood-risk/sa,19,hackham-west-sa-5163,SA | No data | $785K,sales-sa,16,yes
/best-suburbs/lowest-flood-risk/sa,20,lightsview-sa-5085,SA | No data | $850K,sales-sa,32,yes
/best-suburbs/lowest-flood-risk/sa,21,moana-sa-5169,SA | No data | $1.1M,sales-sa,23,yes
/best-suburbs/lowest-flood-risk/sa,22,strathalbyn-sa-5255,SA | No data | $334K,rental-sa,0,no
/best-suburbs/lowest-flood-risk/sa,23,indulkana-sa-0872,SA | No data | $110K,rental-sa,0,no
/best-suburbs/lowest-flood-risk/sa,24,tailem-bend-sa-5259,SA | No data | $248K,rental-sa,0,no
/best-suburbs/lowest-flood-risk/sa,25,mitcham-sa-5062,SA | No data | $2.2M,sales-sa,2,no
/best-suburbs/lowest-flood-risk/sa,26,baudin-beach-sa-5222,SA | No data | $232K,rental-sa,0,no
/best-suburbs/lowest-flood-risk/sa,27,riverglen-sa-5253,SA | No data | $246K,rental-sa,0,no
/best-suburbs/lowest-flood-risk/sa,28,billiatt-sa-5311,SA | No data | $143K,rental-sa,0,no
/best-suburbs/lowest-flood-risk/sa,29,witchitie-sa-5432,SA | No data | $172K,rental-sa,0,no
/best-suburbs/lowest-flood-risk/sa,30,cocata-sa-5654,SA | No data | $112K,rental-sa,0,no
/best-suburbs/lowest-flood-risk/sa,31,kolendo-sa-5717,SA | No data | –,rental-sa,0,no
/best-suburbs/lowest-flood-risk/sa,32,corunna-station-sa-5611,SA | No data | $91K,rental-sa,0,no
/best-suburbs/lowest-flood-risk/sa,33,durham-downs-sa-5731,SA | No data | $352K,rental-sa,0,no
/best-suburbs/lowest-flood-risk/sa,34,bramfield-sa-5670,SA | No data | $238K,rental-sa,0,no
/best-suburbs/lowest-flood-risk/sa,35,yundi-sa-5172,SA | No data | $381K,rental-sa,0,no
/best-suburbs/lowest-flood-risk/tas,1,sheffield-tas-7306,TAS | No data | $286K,abs-census-2021,0,no
/best-suburbs/lowest-flood-risk/tas,2,margate-tas-7054,TAS | No data | $372K,abs-census-2021,0,no
/best-suburbs/lowest-flood-risk/tas,3,sandy-bay-tas-7005,TAS | No data | $1.3M,sales-abs,0,yes
/best-suburbs/lowest-flood-risk/tas,4,taroona-tas-7053,TAS | No data | $393K,abs-census-2021,0,no
/best-suburbs/lowest-flood-risk/tas,5,sandford-tas-7020,TAS | No data | $380K,abs-census-2021,0,no
/best-suburbs/lowest-flood-risk/tas,6,roches-beach-tas-7170,TAS | No data | $429K,abs-census-2021,0,no
/best-suburbs/lowest-flood-risk/tas,7,ross-tas-7209,TAS | No data | $191K,abs-census-2021,0,no
/best-suburbs/lowest-flood-risk/tas,8,mount-lloyd-tas-7140,TAS | No data | $262K,abs-census-2021,0,no
/best-suburbs/lowest-flood-risk/tas,9,collinsvale-tas-7012,TAS | No data | $292K,abs-census-2021,0,no
/best-suburbs/lowest-flood-risk/tas,10,ranga-tas-7255,TAS | No data | $191K,abs-census-2021,0,no
/best-suburbs/lowest-flood-risk/tas,11,preservation-bay-tas-7316,TAS | No data | $286K,abs-census-2021,0,no
/best-suburbs/lowest-flood-risk/tas,12,bonnet-hill-tas-7053,TAS | No data | $393K,abs-census-2021,0,no
/best-suburbs/lowest-flood-risk/tas,13,fingal-tas-7214,TAS | No data | $152K,abs-census-2021,0,no
/best-suburbs/lowest-flood-risk/tas,14,kings-meadows-tas-7249,TAS | No data | $286K,abs-census-2021,0,no
/best-suburbs/lowest-flood-risk/tas,15,howrah-tas-7018,TAS | No data | $352K,abs-census-2021,0,no
/best-suburbs/lowest-flood-risk/tas,16,glen-dhu-tas-7249,TAS | No data | $286K,abs-census-2021,0,no
/best-suburbs/lowest-flood-risk/tas,17,exeter-tas-7275,TAS | No data | $286K,abs-census-2021,0,no
/best-suburbs/lowest-flood-risk/tas,18,sandhill-tas-7249,TAS | No data | $286K,abs-census-2021,0,no
/best-suburbs/lowest-flood-risk/tas,19,punchbowl-tas-7249,TAS | No data | $286K,abs-census-2021,0,no
/best-suburbs/lowest-flood-risk/tas,20,adventure-bay-tas-7150,TAS | No data | $314K,abs-census-2021,0,no
/best-suburbs/lowest-flood-risk/tas,21,campbell-town-tas-7210,TAS | No data | $191K,abs-census-2021,0,no
/best-suburbs/lowest-flood-risk/tas,22,south-arm-tas-7022,TAS | No data | $910K,sales-abs,0,yes
/best-suburbs/lowest-flood-risk/tas,23,pyengana-tas-7216,TAS | No data | $238K,abs-census-2021,0,no
/best-suburbs/lowest-flood-risk/tas,24,avoca-tas-7213,TAS | No data | $143K,abs-census-2021,0,no
/best-suburbs/lowest-flood-risk/tas,25,opossum-bay-tas-7023,TAS | No data | $317K,abs-census-2021,0,no
/best-suburbs/lowest-flood-risk/tas,26,storys-creek-tas-7213,TAS | No data | $143K,abs-census-2021,0,no
/best-suburbs/lowest-flood-risk/tas,27,douglas-apsley-tas-7215,TAS | No data | $238K,abs-census-2021,0,no
/best-suburbs/lowest-flood-risk/tas,28,hayes-tas-7140,TAS | No data | $262K,abs-census-2021,0,no
/best-suburbs/lowest-flood-risk/tas,29,colebrook-tas-7027,TAS | No data | $238K,abs-census-2021,0,no
/best-suburbs/lowest-flood-risk/tas,30,palana-tas-7255,TAS | No data | $191K,abs-census-2021,0,no
/best-suburbs/lowest-flood-risk/tas,31,barnes-bay-tas-7150,TAS | No data | $314K,abs-census-2021,0,no
/best-suburbs/lowest-flood-risk/tas,32,allens-rivulet-tas-7150,TAS | No data | $314K,abs-census-2021,0,no
/best-suburbs/lowest-flood-risk/tas,33,saltwater-river-tas-7186,TAS | No data | $286K,abs-census-2021,0,no
/best-suburbs/lowest-flood-risk/tas,34,leslie-vale-tas-7054,TAS | No data | $372K,abs-census-2021,0,no
/best-suburbs/lowest-flood-risk/tas,35,gagebrook-tas-7030,TAS | No data | $286K,abs-census-2021,0,no
/best-suburbs/lowest-flood-risk/tas,36,sorell-tas-7172,TAS | No data | $334K,abs-census-2021,0,no
/best-suburbs/lowest-flood-risk/tas,37,stonor-tas-7119,TAS | No data | $143K,abs-census-2021,0,no
/best-suburbs/lowest-flood-risk/tas,38,lake-leake-tas-7210,TAS | No data | $191K,abs-census-2021,0,no
/best-suburbs/lowest-flood-risk/tas,39,acton-park-tas-7170,TAS | No data | $429K,abs-census-2021,0,no
/best-suburbs/lowest-flood-risk/tas,40,levendale-tas-7120,TAS | No data | $197K,abs-census-2021,0,no
/best-suburbs/lowest-flood-risk/tas,41,alberton-tas-7263,TAS | No data | $191K,abs-census-2021,0,no
/best-suburbs/lowest-flood-risk/tas,42,killora-tas-7150,TAS | No data | $314K,abs-census-2021,0,no
/best-suburbs/lowest-flood-risk/tas,43,clifton-beach-tas-7020,TAS | No data | $380K,abs-census-2021,0,no
/best-suburbs/lowest-flood-risk/tas,44,apollo-bay-tas-7150,TAS | No data | $314K,abs-census-2021,0,no
/best-suburbs/lowest-flood-risk/tas,45,lake-sorell-tas-7030,TAS | No data | $286K,abs-census-2021,0,no
/best-suburbs/lowest-flood-risk/tas,46,florentine-tas-7140,TAS | No data | $262K,abs-census-2021,0,no
/best-suburbs/lowest-flood-risk/tas,47,eddystone-tas-7264,TAS | No data | $155K,abs-census-2021,0,no
/best-suburbs/lowest-flood-risk/tas,48,wickham-tas-7256,TAS | No data | $238K,abs-census-2021,0,no
/best-suburbs/lowest-flood-risk/tas,49,paradise-tas-7306,TAS | No data | $286K,abs-census-2021,0,no
/best-suburbs/lowest-flood-risk/tas,50,hastings-tas-7109,TAS | No data | $315K,abs-census-2021,0,no
/best-suburbs/lowest-flood-risk/nt,1,anindilyakwa-nt-0822,NT | No data | $440K,abs-census-2021,0,no
/best-suburbs/lowest-flood-risk/nt,2,cullen-bay-nt-0820,NT | No data | $448K,abs-census-2021,0,no
/best-suburbs/lowest-flood-risk/nt,3,moil-nt-0810,NT | No data | $550K,sales-abs,0,yes
/best-suburbs/lowest-flood-risk/nt,4,willowra-nt-0872,NT | No data | $110K,abs-census-2021,0,no
/best-suburbs/lowest-flood-risk/nt,5,wave-hill-nt-0852,NT | No data | $334K,abs-census-2021,0,no
/best-suburbs/lowest-flood-risk/nt,6,gray-nt-0830,NT | No data | $390K,sales-abs,0,yes
/best-suburbs/lowest-flood-risk/nt,7,araluen-nt-0870,NT | No data | $383K,abs-census-2021,0,no
/best-suburbs/lowest-flood-risk/nt,8,coolalinga-nt-0839,NT | No data | $390K,abs-census-2021,0,no
/best-suburbs/lowest-flood-risk/nt,9,woolner-nt-0820,NT | No data | $448K,abs-census-2021,0,no
/best-suburbs/lowest-flood-risk/nt,10,parap-nt-0820,NT | No data | $945K,sales-abs,0,yes
/best-suburbs/lowest-flood-risk/nt,11,sanderson-nt-0812,NT | No data | $440K,abs-census-2021,0,no
/best-suburbs/lowest-flood-risk/nt,12,woodroffe-nt-0830,NT | No data | $427K,sales-abs,0,yes
/best-suburbs/lowest-flood-risk/nt,13,jingili-nt-0810,NT | No data | $649K,sales-abs,0,yes
/best-suburbs/lowest-flood-risk/nt,14,johnston-nt-0832,NT | No data | $477K,abs-census-2021,0,no
/best-suburbs/lowest-flood-risk/nt,15,charles-darwin-nt-0820,NT | No data | $448K,abs-census-2021,0,no
/best-suburbs/lowest-flood-risk/nt,16,connellan-nt-0873,NT | No data | $507K,abs-census-2021,0,no
/best-suburbs/lowest-flood-risk/nt,17,alyangula-nt-0885,NT | No data | $238K,abs-census-2021,0,no
/best-suburbs/lowest-flood-risk/nt,18,sadadeen-nt-0870,NT | No data | $383K,abs-census-2021,0,no
/best-suburbs/lowest-flood-risk/nt,19,emungalan-nt-0850,NT | No data | $358K,abs-census-2021,0,no
/best-suburbs/lowest-flood-risk/nt,20,virginia-nt-0834,NT | No data | $550K,abs-census-2021,0,no
/best-suburbs/lowest-flood-risk/nt,21,lambells-lagoon-nt-0822,NT | No data | $440K,abs-census-2021,0,no
/best-suburbs/lowest-flood-risk/nt,22,buchanan-nt-0852,NT | No data | $334K,abs-census-2021,0,no
/best-suburbs/lowest-flood-risk/nt,23,limmen-nt-0852,NT | No data | $334K,abs-census-2021,0,no
/best-suburbs/lowest-flood-risk/nt,24,atitjere-nt-0872,NT | No data | $110K,abs-census-2021,0,no
/best-suburbs/lowest-flood-risk/nt,25,hughes-nt-0822,NT | No data | $440K,abs-census-2021,0,no
/best-suburbs/lowest-flood-risk/nt,26,freds-pass-nt-0822,NT | No data | $440K,abs-census-2021,0,no
/best-suburbs/lowest-flood-risk/nt,27,simpson-nt-0872,NT | No data | $110K,abs-census-2021,0,no
/best-suburbs/lowest-flood-risk/nt,28,amata-nt-0872,NT | No data | $110K,abs-census-2021,0,no
/best-suburbs/lowest-flood-risk/nt,29,kulgera-nt-0872,NT | No data | $110K,abs-census-2021,0,no
/best-suburbs/lowest-flood-risk/nt,30,lake-bennett-nt-0822,NT | No data | $440K,abs-census-2021,0,no
/best-suburbs/lowest-flood-risk/nt,31,cox-peninsula-nt-0822,NT | No data | $440K,abs-census-2021,0,no
/best-suburbs/lowest-flood-risk/nt,32,millwood-nt-0822,NT | No data | $440K,abs-census-2021,0,no
/best-suburbs/lowest-flood-risk/nt,33,thamarrurr-nt-0822,NT | No data | $440K,abs-census-2021,0,no
/best-suburbs/lowest-flood-risk/nt,34,livingstone-nt-0822,NT | No data | $440K,abs-census-2021,0,no
/best-suburbs/lowest-flood-risk/nt,35,weddell-nt-0822,NT | No data | $670K,sales-abs,0,yes
/best-suburbs/lowest-flood-risk/nt,36,nitjpurru-nt-0852,NT | No data | $334K,abs-census-2021,0,no
/best-suburbs/lowest-flood-risk/nt,37,robinson-river-nt-0852,NT | No data | $334K,abs-census-2021,0,no
/best-suburbs/lowest-flood-risk/nt,38,acacia-hills-nt-0822,NT | No data | $440K,abs-census-2021,0,no
/best-suburbs/lowest-flood-risk/nt,39,margaret-river-nt-0822,NT | No data | $440K,abs-census-2021,0,no
/best-suburbs/lowest-flood-risk/nt,40,tara-nt-0872,NT | No data | $110K,abs-census-2021,0,no
/best-suburbs/lowest-flood-risk/nt,41,numburindi-nt-0822,NT | No data | $440K,abs-census-2021,0,no
/best-suburbs/lowest-flood-risk/nt,42,point-stuart-nt-0822,NT | No data | $440K,abs-census-2021,0,no
/best-suburbs/lowest-flood-risk/nt,43,manton-nt-0837,NT | No data | $490K,abs-census-2021,0,no
/best-suburbs/lowest-flood-risk/nt,44,miniyeri-nt-0852,NT | No data | $334K,abs-census-2021,0,no
/best-suburbs/lowest-flood-risk/nt,45,santa-teresa-nt-0872,NT | No data | $110K,abs-census-2021,0,no
/best-suburbs/lowest-flood-risk/nt,46,ramingining-nt-0822,NT | No data | $440K,abs-census-2021,0,no
/best-suburbs/lowest-flood-risk/nt,47,robin-falls-nt-0822,NT | No data | $440K,abs-census-2021,0,no
/best-suburbs/lowest-flood-risk/nt,48,tipperary-nt-0822,NT | No data | $440K,abs-census-2021,0,no
/best-suburbs/lowest-flood-risk/nt,49,nemarluk-nt-0822,NT | No data | $440K,abs-census-2021,0,no
/best-suburbs/lowest-flood-risk/act,1,tuggeranong-act-2900,ACT | No data | $358K,abs-census-2021,0,no
/best-suburbs/lowest-flood-risk/act,2,lyneham-act-2602,ACT | No data | $1.2M,sales-abs,0,yes
/best-suburbs/lowest-flood-risk/act,3,swinger-hill-act-2606,ACT | No data | $396K,abs-census-2021,0,no
/best-suburbs/lowest-flood-risk/act,4,chifley-act-2606,ACT | No data | $1.0M,sales-abs,0,yes
/best-suburbs/lowest-flood-risk/act,5,mitchell-act-2911,ACT | No data | $528K,abs-census-2021,0,no
/best-suburbs/lowest-flood-risk/act,6,woden-act-2606,ACT | No data | $396K,abs-census-2021,0,no
/best-suburbs/lowest-flood-risk/act,7,braddon-act-2612,ACT | No data | $1.7M,sales-abs,0,yes
/best-suburbs/lowest-flood-risk/act,8,pearce-act-2607,ACT | No data | $1.3M,sales-abs,0,yes
/best-suburbs/lowest-flood-risk/act,9,downer-act-2602,ACT | No data | $1.2M,sales-abs,0,yes
/best-suburbs/lowest-flood-risk/act,10,stirling-act-2611,ACT | No data | $1.1M,sales-abs,0,yes
/best-suburbs/lowest-flood-risk/act,11,kippax-act-2615,ACT | No data | $440K,abs-census-2021,0,no
/best-suburbs/lowest-flood-risk/act,12,charnwood-act-2615,ACT | No data | $715K,sales-abs,0,yes
/best-suburbs/lowest-flood-risk/act,13,aranda-act-2614,ACT | No data | $1.4M,sales-abs,0,yes
/best-suburbs/lowest-flood-risk/act,14,weetangera-act-2614,ACT | No data | $1.3M,sales-abs,0,yes
/best-suburbs/lowest-flood-risk/act,15,cook-act-2614,ACT | No data | $1.3M,sales-abs,0,yes
/best-suburbs/lowest-flood-risk/act,16,kambah-village-act-2902,ACT | No data | $440K,abs-census-2021,0,no
/best-suburbs/lowest-flood-risk/act,17,wright-act-2611,ACT | No data | $1.4M,sales-abs,0,yes
/best-suburbs/lowest-flood-risk/act,18,capital-hill-act-2600,ACT | No data | $620K,abs-census-2021,0,no
/best-suburbs/lowest-flood-risk/act,19,coombs-act-2611,ACT | No data | $990K,sales-abs,0,yes
/best-suburbs/lowest-flood-risk/act,20,rivett-act-2611,ACT | No data | $910K,sales-abs,0,yes
/best-suburbs/lowest-flood-risk/act,21,macarthur-act-2904,ACT | No data | $940K,sales-abs,0,yes
/best-suburbs/lowest-flood-risk/act,22,mckellar-act-2617,ACT | No data | $1.1M,sales-abs,0,yes
/best-suburbs/lowest-flood-risk/act,23,torrens-act-2607,ACT | No data | $1.1M,sales-abs,0,yes
/best-suburbs/lowest-flood-risk/act,24,calwell-act-2905,ACT | No data | $845K,sales-abs,0,yes
/best-suburbs/lowest-flood-risk/act,25,nicholls-act-2913,ACT | No data | $1.3M,sales-abs,0,yes
/best-suburbs/lowest-flood-risk/act,26,chapman-act-2611,ACT | No data | $1.3M,sales-abs,0,yes
/best-suburbs/lowest-flood-risk/act,27,hackett-act-2602,ACT | No data | $1.2M,sales-abs,0,yes
/best-suburbs/lowest-flood-risk/act,28,hughes-act-2605,ACT | No data | $1.4M,sales-abs,0,yes
/best-suburbs/lowest-flood-risk/act,29,duffy-act-2611,ACT | No data | $968K,sales-abs,0,yes
/best-suburbs/lowest-flood-risk/act,30,bonython-act-2905,ACT | No data | $922K,sales-abs,0,yes
/best-suburbs/lowest-flood-risk/act,31,melba-act-2615,ACT | No data | $928K,sales-abs,0,yes
/best-suburbs/lowest-flood-risk/act,32,denman-prospect-act-2611,ACT | No data | $1.4M,sales-abs,0,yes
/best-suburbs/lowest-flood-risk/act,33,fraser-act-2615,ACT | No data | $960K,sales-abs,0,yes
/best-suburbs/lowest-flood-risk/act,34,flynn-act-2615,ACT | No data | $440K,abs-census-2021,0,no
/best-suburbs/lowest-flood-risk/act,35,paddys-river-act-2620,ACT | No data | –,import-suburbs-all,0,no
/best-suburbs/lowest-flood-risk/act,36,beard-act-2620,ACT | No data | –,import-suburbs-all,0,no
/best-suburbs/lowest-flood-risk/act,37,booth-act-2620,ACT | No data | –,import-suburbs-all,0,no
/best-suburbs/lowest-flood-risk/act,38,belconnen-act-2617,ACT | No data | $429K,sales-abs,0,yes
/best-suburbs/lowest-flood-risk/act,39,strathnairn-act-2615,ACT | No data | $905K,sales-abs,0,yes
/best-suburbs/lowest-flood-risk/act,40,tharwa-act-2620,ACT | No data | –,import-suburbs-all,0,no
/best-suburbs/lowest-flood-risk/act,41,stromlo-act-2611,ACT | No data | –,import-suburbs-all,0,no
/best-suburbs/lowest-flood-risk/act,42,chisholm-act-2905,ACT | No data | $830K,sales-abs,0,yes
/best-suburbs/lowest-flood-risk/act,43,majura-act-2609,ACT | No data | $616K,abs-census-2021,0,no
/best-suburbs/lowest-flood-risk/act,44,molonglo-act-2611,ACT | No data | –,import-suburbs-all,0,no
/best-suburbs/lowest-flood-risk/act,45,top-naas-act-2620,ACT | No data | –,import-suburbs-all,0,no
/best-suburbs/lowest-flood-risk/act,46,kowen-forest-act-2620,ACT | No data | –,import-suburbs-all,0,no
/best-suburbs/lowest-flood-risk/act,47,whitlam-act-2611,ACT | No data | $1.3M,sales-abs,0,yes
/best-suburbs/best-rental-yield/nsw,1,collingullie-nsw-2650,NSW | 47.67% | $550/wk,sales-nsw,3,no
/best-suburbs/best-rental-yield/nsw,2,manton-nsw-2582,NSW | 47.15% | $680/wk,sales-nsw,1,no
/best-suburbs/best-rental-yield/nsw,3,bilgola-nsw-2107,NSW | 35.26% | $1458/wk,rental-nsw,1,no
/best-suburbs/best-rental-yield/nsw,4,illabo-nsw-2590,NSW | 30.38% | $520/wk,sales-nsw,1,no
/best-suburbs/best-rental-yield/nsw,5,chakola-nsw-2630,NSW | 27.77% | $550/wk,sales-nsw,1,no
/best-suburbs/best-rental-yield/nsw,6,euchareena-nsw-2866,NSW | 25.46% | $475/wk,sales-nsw,3,no
/best-suburbs/best-rental-yield/nsw,7,toonumbar-nsw-2474,NSW | 24.58% | $520/wk,sales-nsw,1,no
/best-suburbs/best-rental-yield/nsw,8,moonan-flat-nsw-2337,NSW | 24.22% | $580/wk,sales-nsw,2,no
/best-suburbs/best-rental-yield/nsw,9,balldale-nsw-2646,NSW | 24.18% | $465/wk,sales-nsw,5,yes
/best-suburbs/best-rental-yield/nsw,10,elizabeth-bay-nsw-2011,NSW | 22.45% | $950/wk,sales-nsw,1,no
/best-suburbs/best-rental-yield/nsw,11,angus-nsw-2765,NSW | 22.10% | $850/wk,sales-nsw,7,yes
/best-suburbs/best-rental-yield/nsw,12,duncans-creek-nsw-2340,NSW | 22.05% | $530/wk,sales-nsw,1,no
/best-suburbs/best-rental-yield/nsw,13,sandon-nsw-2463,NSW | 21.49% | $620/wk,sales-nsw,1,no
/best-suburbs/best-rental-yield/nsw,14,terry-hie-hie-nsw-2400,NSW | 20.80% | $440/wk,sales-nsw,2,no
/best-suburbs/best-rental-yield/nsw,15,cookamidgera-nsw-2870,NSW | 19.50% | $450/wk,sales-nsw,4,no
/best-suburbs/best-rental-yield/nsw,16,stuart-town-nsw-2820,NSW | 19.50% | $450/wk,sales-nsw,3,no
/best-suburbs/best-rental-yield/nsw,17,kalang-nsw-2454,NSW | 17.65% | $645/wk,sales-nsw,3,no
/best-suburbs/best-rental-yield/nsw,18,upper-fine-flower-nsw-2460,NSW | 17.45% | $520/wk,sales-nsw,1,no
/best-suburbs/best-rental-yield/nsw,19,isabella-nsw-2795,NSW | 17.23% | $580/wk,sales-nsw,1,no
/best-suburbs/best-rental-yield/nsw,20,pyramul-nsw-2850,NSW | 16.98% | $650/wk,sales-nsw,1,no
/best-suburbs/best-rental-yield/nsw,21,conargo-nsw-2710,NSW | 16.71% | $450/wk,sales-nsw,1,no
/best-suburbs/best-rental-yield/nsw,22,pericoe-nsw-2550,NSW | 16.11% | $550/wk,sales-nsw,2,no
/best-suburbs/best-rental-yield/nsw,23,daysdale-nsw-2646,NSW | 15.60% | $465/wk,sales-nsw,1,no
/best-suburbs/best-rental-yield/nsw,24,tambaroora-nsw-2850,NSW | 15.36% | $650/wk,sales-nsw,3,no
/best-suburbs/best-rental-yield/nsw,25,tibooburra-nsw-2880,NSW | 15.18% | $365/wk,sales-nsw,2,no
/best-suburbs/best-rental-yield/nsw,26,blue-knob-nsw-2480,NSW | 15.17% | $620/wk,rental-nsw,1,no
/best-suburbs/best-rental-yield/nsw,27,mount-russell-nsw-2360,NSW | 15.13% | $480/wk,sales-nsw,3,no
/best-suburbs/best-rental-yield/nsw,28,yellow-rock-ridge-nsw-2527,NSW | 14.99% | $800/wk,sales-nsw,3,no
/best-suburbs/best-rental-yield/nsw,29,stotts-creek-nsw-2487,NSW | 14.81% | $1398/wk,rental-nsw,0,no
/best-suburbs/best-rental-yield/nsw,30,kings-forest-nsw-2487,NSW | 14.81% | $1398/wk,rental-nsw,0,no
/best-suburbs/best-rental-yield/nsw,31,whitton-nsw-2705,NSW | 14.63% | $470/wk,sales-nsw,2,no
/best-suburbs/best-rental-yield/nsw,32,bunnaloo-nsw-2731,NSW | 14.54% | $615/wk,sales-nsw,1,no
/best-suburbs/best-rental-yield/nsw,33,diamond-bay-nsw-2030,NSW | 14.47% | $2650/wk,rental-nsw,0,no
/best-suburbs/best-rental-yield/nsw,34,rose-bay-north-nsw-2030,NSW | 14.47% | $2650/wk,rental-nsw,0,no
/best-suburbs/best-rental-yield/nsw,35,pilliga-nsw-2388,NSW | 14.32% | $435/wk,sales-nsw,1,no
/best-suburbs/best-rental-yield/nsw,36,chambigne-nsw-2460,NSW | 14.31% | $520/wk,sales-nsw,1,no
/best-suburbs/best-rental-yield/nsw,37,banksmeadow-nsw-2019,NSW | 13.94% | $1150/wk,sales-abs,5,yes
/best-suburbs/best-rental-yield/nsw,38,rawsonville-nsw-2830,NSW | 13.57% | $600/wk,sales-nsw,2,no
/best-suburbs/best-rental-yield/nsw,39,jingellic-nsw-2642,NSW | 13.49% | $480/wk,sales-nsw,3,no
/best-suburbs/best-rental-yield/nsw,40,porters-retreat-nsw-2787,NSW | 13.15% | $450/wk,sales-nsw,2,no
/best-suburbs/best-rental-yield/nsw,41,talofa-nsw-2481,NSW | 12.90% | $1300/wk,rental-nsw,0,no
/best-suburbs/best-rental-yield/nsw,42,hayters-hill-nsw-2481,NSW | 12.90% | $1300/wk,rental-nsw,0,no
/best-suburbs/best-rental-yield/nsw,43,port-botany-nsw-2036,NSW | 12.83% | $1498/wk,rental-nsw,0,no
/best-suburbs/best-rental-yield/nsw,44,spit-junction-nsw-2088,NSW | 12.83% | $2100/wk,rental-nsw,0,no
/best-suburbs/best-rental-yield/nsw,45,ben-buckler-nsw-2026,NSW | 12.51% | $1800/wk,rental-nsw,0,no
/best-suburbs/best-rental-yield/nsw,46,graman-nsw-2360,NSW | 12.45% | $480/wk,sales-nsw,1,no
/best-suburbs/best-rental-yield/nsw,47,cassilis-nsw-2329,NSW | 12.17% | $440/wk,sales-nsw,5,yes
/best-suburbs/best-rental-yield/nsw,48,burcher-nsw-2671,NSW | 11.89% | $480/wk,sales-nsw,1,no
/best-suburbs/best-rental-yield/nsw,49,cobaki-lakes-nsw-2486,NSW | 11.88% | $950/wk,rental-nsw,0,no
/best-suburbs/best-rental-yield/nsw,50,bungalora-nsw-2486,NSW | 11.88% | $950/wk,rental-nsw,0,no
/best-suburbs/best-rental-yield/vic,1,burnley-vic-3121,VIC | 10.17% | $990/wk,rental-vic,0,no
/best-suburbs/best-rental-yield/vic,2,newtown-vic-3220,VIC | 6.42% | $570/wk,rental-vic,0,no
/best-suburbs/best-rental-yield/vic,3,ballarat-vic-3350,VIC | 6.38% | $410/wk,rental-vic,0,no
/best-suburbs/best-rental-yield/vic,4,horsham-vic-3401,VIC | 5.89% | $430/wk,sales-vic,0,yes
/best-suburbs/best-rental-yield/vic,5,horsham-vic-3400,VIC | 5.89% | $430/wk,sales-vic,0,yes
/best-suburbs/best-rental-yield/vic,6,morwell-vic-3840,VIC | 5.86% | $400/wk,sales-vic,0,yes
/best-suburbs/best-rental-yield/vic,7,maffra-vic-3860,VIC | 5.67% | $450/wk,sales-vic,0,yes
/best-suburbs/best-rental-yield/vic,8,portland-vic-3305,VIC | 5.63% | $430/wk,sales-vic,0,yes
/best-suburbs/best-rental-yield/vic,9,bairnsdale-vic-3875,VIC | 5.56% | $460/wk,sales-vic,0,yes
/best-suburbs/best-rental-yield/vic,10,hamilton-vic-3300,VIC | 5.21% | $390/wk,sales-vic,0,yes
/best-suburbs/best-rental-yield/vic,11,shepparton-vic-3630,VIC | 5.19% | $475/wk,sales-vic,0,yes
/best-suburbs/best-rental-yield/vic,12,swan-hill-vic-3585,VIC | 5.14% | $475/wk,sales-vic,0,yes
/best-suburbs/best-rental-yield/vic,13,benalla-vic-3672,VIC | 5.11% | $450/wk,sales-vic,0,yes
/best-suburbs/best-rental-yield/vic,14,moe-vic-3825,VIC | 5.04% | $420/wk,sales-vic,0,yes
/best-suburbs/best-rental-yield/vic,15,mildura-vic-3500,VIC | 4.81% | $480/wk,sales-vic,0,yes
/best-suburbs/best-rental-yield/vic,16,sale-vic-3850,VIC | 4.80% | $450/wk,sales-vic,0,yes
/best-suburbs/best-rental-yield/vic,17,warrnambool-vic-3280,VIC | 4.70% | $550/wk,sales-vic,0,yes
/best-suburbs/best-rental-yield/vic,18,seymour-vic-3660,VIC | 4.67% | $420/wk,sales-vic,0,yes
/best-suburbs/best-rental-yield/vic,19,newborough-vic-3825,VIC | 4.60% | $420/wk,sales-vic,0,yes
/best-suburbs/best-rental-yield/vic,20,traralgon-vic-3844,VIC | 4.58% | $460/wk,sales-vic,0,yes
/best-suburbs/best-rental-yield/vic,21,golden-square-vic-3555,VIC | 4.54% | $480/wk,sales-vic,0,yes
/best-suburbs/best-rental-yield/vic,22,kangaroo-flat-vic-3555,VIC | 4.50% | $480/wk,sales-vic,0,yes
/best-suburbs/best-rental-yield/vic,23,sebastopol-vic-3356,VIC | 4.47% | $400/wk,sales-vic,0,yes
/best-suburbs/best-rental-yield/vic,24,north-bendigo-vic-3550,VIC | 4.46% | $480/wk,sales-vic,0,yes
/best-suburbs/best-rental-yield/vic,25,wodonga-vic-3690,VIC | 4.33% | $500/wk,sales-vic,0,yes
/best-suburbs/best-rental-yield/vic,26,echuca-vic-3564,VIC | 4.28% | $520/wk,sales-vic,0,yes
/best-suburbs/best-rental-yield/vic,27,melton-vic-3337,VIC | 4.28% | $420/wk,sales-vic,0,yes
/best-suburbs/best-rental-yield/vic,28,hastings-vic-3915,VIC | 4.27% | $595/wk,sales-vic,0,yes
/best-suburbs/best-rental-yield/vic,29,corio-vic-3214,VIC | 4.25% | $420/wk,sales-vic,0,yes
/best-suburbs/best-rental-yield/vic,30,wendouree-vic-3355,VIC | 4.25% | $410/wk,sales-vic,0,yes
/best-suburbs/best-rental-yield/vic,31,broadmeadows-vic-3047,VIC | 4.24% | $506/wk,sales-vic,0,yes
/best-suburbs/best-rental-yield/vic,32,hampton-park-vic-3976,VIC | 4.24% | $550/wk,sales-vic,0,yes
/best-suburbs/best-rental-yield/vic,33,mount-clear-vic-3350,VIC | 4.17% | $430/wk,sales-vic,0,yes
/best-suburbs/best-rental-yield/vic,34,heidelberg-west-vic-3081,VIC | 4.16% | $600/wk,sales-vic,0,yes
/best-suburbs/best-rental-yield/vic,35,north-geelong-vic-3215,VIC | 4.02% | $495/wk,sales-vic,0,yes
/best-suburbs/best-rental-yield/vic,36,cranbourne-vic-3977,VIC | 4.01% | $550/wk,sales-vic,0,yes
/best-suburbs/best-rental-yield/vic,37,pakenham-vic-3810,VIC | 3.99% | $530/wk,sales-vic,0,yes
/best-suburbs/best-rental-yield/vic,38,bendigo-vic-3550,VIC | 3.90% | $480/wk,sales-vic,0,yes
/best-suburbs/best-rental-yield/vic,39,flora-hill-vic-3550,VIC | 3.90% | $475/wk,sales-vic,0,yes
/best-suburbs/best-rental-yield/vic,40,warragul-vic-3820,VIC | 3.86% | $483/wk,sales-vic,0,yes
/best-suburbs/best-rental-yield/vic,41,dandenong-vic-3175,VIC | 3.86% | $560/wk,sales-vic,0,yes
/best-suburbs/best-rental-yield/vic,42,roxburgh-park-vic-3064,VIC | 3.85% | $506/wk,sales-vic,0,yes
/best-suburbs/best-rental-yield/vic,43,grovedale-vic-3216,VIC | 3.85% | $500/wk,sales-vic,0,yes
/best-suburbs/best-rental-yield/vic,44,herne-hill-vic-3218,VIC | 3.84% | $520/wk,sales-vic,0,yes
/best-suburbs/best-rental-yield/vic,45,delacombe-vic-3356,VIC | 3.82% | $400/wk,sales-vic,0,yes
/best-suburbs/best-rental-yield/vic,46,abbotsford-vic-3067,VIC | 3.81% | $950/wk,sales-vic,0,yes
/best-suburbs/best-rental-yield/vic,47,epping-vic-3076,VIC | 3.81% | $530/wk,sales-vic,0,yes
/best-suburbs/best-rental-yield/vic,48,mornington-vic-3931,VIC | 3.79% | $675/wk,sales-vic,0,yes
/best-suburbs/best-rental-yield/vic,49,belmont-vic-3216,VIC | 3.79% | $500/wk,sales-vic,0,yes
/best-suburbs/best-rental-yield/vic,50,lara-vic-3212,VIC | 3.78% | $500/wk,sales-vic,0,yes
/best-suburbs/best-rental-yield/qld,1,surfers-paradise-qld-4217,QLD | 18.36% | $1250/wk,rental-qld,0,no
/best-suburbs/best-rental-yield/qld,2,reedy-creek-qld-4227,QLD | 15.76% | $1300/wk,rental-qld,0,no
/best-suburbs/best-rental-yield/qld,3,dysart-qld-4745,QLD | 14.05% | $400/wk,rental-qld,0,no
/best-suburbs/best-rental-yield/qld,4,russell-island-qld-4184,QLD | 12.93% | $475/wk,rental-qld,0,no
/best-suburbs/best-rental-yield/qld,5,macleay-island-qld-4184,QLD | 12.87% | $490/wk,rental-qld,0,no
/best-suburbs/best-rental-yield/qld,6,buddina-qld-4575,QLD | 12.54% | $1150/wk,rental-qld,0,no
/best-suburbs/best-rental-yield/qld,7,laidley-north-qld-4341,QLD | 12.43% | $600/wk,rental-qld,0,no
/best-suburbs/best-rental-yield/qld,8,pialba-qld-4655,QLD | 12.36% | $680/wk,rental-qld,0,no
/best-suburbs/best-rental-yield/qld,9,norville-qld-4670,QLD | 12.11% | $580/wk,rental-qld,0,no
/best-suburbs/best-rental-yield/qld,10,walkervale-qld-4670,QLD | 12.02% | $550/wk,rental-qld,0,no
/best-suburbs/best-rental-yield/qld,11,bundaberg-north-qld-4670,QLD | 12.02% | $550/wk,rental-qld,0,no
/best-suburbs/best-rental-yield/qld,12,southport-qld-4215,QLD | 11.90% | $785/wk,rental-qld,0,no
/best-suburbs/best-rental-yield/qld,13,woombye-qld-4559,QLD | 11.87% | $920/wk,rental-qld,0,no
/best-suburbs/best-rental-yield/qld,14,agnes-water-qld-4677,QLD | 11.82% | $750/wk,rental-qld,0,no
/best-suburbs/best-rental-yield/qld,15,eli-waters-qld-4655,QLD | 11.82% | $650/wk,rental-qld,0,no
/best-suburbs/best-rental-yield/qld,16,kawungan-qld-4655,QLD | 11.74% | $700/wk,rental-qld,0,no
/best-suburbs/best-rental-yield/qld,17,taigum-qld-4018,QLD | 11.66% | $830/wk,rental-qld,0,no
/best-suburbs/best-rental-yield/qld,18,clifton-beach-qld-4879,QLD | 11.60% | $850/wk,rental-qld,0,no
/best-suburbs/best-rental-yield/qld,19,maroochydore-qld-4558,QLD | 11.57% | $850/wk,rental-qld,0,no
/best-suburbs/best-rental-yield/qld,20,miles-qld-4415,QLD | 11.56% | $500/wk,rental-qld,0,no
/best-suburbs/best-rental-yield/qld,21,pelican-waters-qld-4551,QLD | 11.55% | $1075/wk,rental-qld,0,no
/best-suburbs/best-rental-yield/qld,22,kepnock-qld-4670,QLD | 11.42% | $580/wk,rental-qld,0,no
/best-suburbs/best-rental-yield/qld,23,maryborough-qld-4650,QLD | 11.30% | $550/wk,rental-qld,0,no
/best-suburbs/best-rental-yield/qld,24,avoca-qld-4670,QLD | 11.27% | $620/wk,rental-qld,0,no
/best-suburbs/best-rental-yield/qld,25,robina-qld-4226,QLD | 11.23% | $950/wk,rental-qld,0,no
/best-suburbs/best-rental-yield/qld,26,richlands-qld-4077,QLD | 11.21% | $720/wk,rental-qld,0,no
/best-suburbs/best-rental-yield/qld,27,svensson-heights-qld-4670,QLD | 11.10% | $570/wk,rental-qld,0,no
/best-suburbs/best-rental-yield/qld,28,brendale-qld-4500,QLD | 10.91% | $600/wk,rental-qld,0,no
/best-suburbs/best-rental-yield/qld,29,gordonvale-qld-4865,QLD | 10.90% | $700/wk,rental-qld,0,no
/best-suburbs/best-rental-yield/qld,30,murgon-qld-4605,QLD | 10.89% | $400/wk,rental-qld,0,no
/best-suburbs/best-rental-yield/qld,31,nerang-qld-4211,QLD | 10.89% | $800/wk,rental-qld,0,no
/best-suburbs/best-rental-yield/qld,32,gympie-qld-4570,QLD | 10.83% | $550/wk,rental-qld,0,no
/best-suburbs/best-rental-yield/qld,33,harlaxton-qld-4350,QLD | 10.79% | $550/wk,rental-qld,0,no
/best-suburbs/best-rental-yield/qld,34,mount-coolum-qld-4573,QLD | 10.78% | $850/wk,rental-qld,0,no
/best-suburbs/best-rental-yield/qld,35,the-range-qld-4700,QLD | 10.73% | $590/wk,rental-qld,0,no
/best-suburbs/best-rental-yield/qld,36,kingston-qld-4114,QLD | 10.73% | $590/wk,rental-qld,0,no
/best-suburbs/best-rental-yield/qld,37,westbrook-qld-4350,QLD | 10.72% | $680/wk,rental-qld,0,no
/best-suburbs/best-rental-yield/qld,38,plainland-qld-4341,QLD | 10.72% | $680/wk,rental-qld,0,no
/best-suburbs/best-rental-yield/qld,39,calamvale-qld-4116,QLD | 10.69% | $785/wk,rental-qld,0,no
/best-suburbs/best-rental-yield/qld,40,middlemount-qld-4746,QLD | 10.61% | $510/wk,rental-qld,0,no
/best-suburbs/best-rental-yield/qld,41,newport-qld-4020,QLD | 10.57% | $850/wk,rental-qld,0,no
/best-suburbs/best-rental-yield/qld,42,booval-qld-4304,QLD | 10.55% | $580/wk,rental-qld,0,no
/best-suburbs/best-rental-yield/qld,43,millbank-qld-4670,QLD | 10.55% | $580/wk,rental-qld,0,no
/best-suburbs/best-rental-yield/qld,44,kawana-qld-4701,QLD | 10.55% | $580/wk,rental-qld,0,no
/best-suburbs/best-rental-yield/qld,45,edge-hill-qld-4870,QLD | 10.52% | $720/wk,rental-qld,0,no
/best-suburbs/best-rental-yield/qld,46,tamborine-mountain-qld-4272,QLD | 10.51% | $800/wk,rental-qld,0,no
/best-suburbs/best-rental-yield/qld,47,peregian-beach-qld-4573,QLD | 10.36% | $950/wk,rental-qld,0,no
/best-suburbs/best-rental-yield/qld,48,cannonvale-qld-4802,QLD | 10.34% | $750/wk,rental-qld,0,no
/best-suburbs/best-rental-yield/qld,49,whitfield-qld-4870,QLD | 10.34% | $700/wk,rental-qld,0,no
/best-suburbs/best-rental-yield/qld,50,birtinya-qld-4575,QLD | 10.33% | $900/wk,rental-qld,0,no
/best-suburbs/best-rental-yield/wa,1,wilga-west-wa-6243,WA | 94.55% | $200/wk,sales-wa,0,no
/best-suburbs/best-rental-yield/wa,2,coomberdale-wa-6512,WA | 59.09% | $250/wk,sales-wa,0,no
/best-suburbs/best-rental-yield/wa,3,lake-biddy-wa-6355,WA | 43.33% | $200/wk,sales-wa,0,no
/best-suburbs/best-rental-yield/wa,4,mogumber-wa-6506,WA | 30.00% | $150/wk,sales-wa,0,no
/best-suburbs/best-rental-yield/wa,5,mount-lindesay-wa-6333,WA | 28.36% | $300/wk,sales-wa,0,no
/best-suburbs/best-rental-yield/wa,6,lime-lake-wa-6315,WA | 21.27% | $180/wk,sales-wa,0,no
/best-suburbs/best-rental-yield/wa,7,dudinin-wa-6363,WA | 20.58% | $190/wk,sales-wa,0,no
/best-suburbs/best-rental-yield/wa,8,narraloggan-wa-6302,WA | 20.48% | $260/wk,sales-wa,0,no
/best-suburbs/best-rental-yield/wa,9,woogenellup-wa-6324,WA | 19.39% | $220/wk,sales-wa,0,no
/best-suburbs/best-rental-yield/wa,10,korbel-wa-6415,WA | 19.07% | $220/wk,sales-wa,0,no
/best-suburbs/best-rental-yield/wa,11,lake-muir-wa-6258,WA | 18.52% | $235/wk,sales-wa,0,no
/best-suburbs/best-rental-yield/wa,12,orange-springs-wa-6503,WA | 18.10% | $268/wk,sales-wa,0,no
/best-suburbs/best-rental-yield/wa,13,varley-wa-6355,WA | 17.33% | $200/wk,sales-wa,0,no
/best-suburbs/best-rental-yield/wa,14,muntadgin-wa-6420,WA | 15.92% | $150/wk,sales-wa,0,no
/best-suburbs/best-rental-yield/wa,15,cramphorne-wa-6420,WA | 15.92% | $150/wk,abs-census-2021,0,no
/best-suburbs/best-rental-yield/wa,16,harrismith-wa-6361,WA | 15.76% | $100/wk,sales-wa,0,no
/best-suburbs/best-rental-yield/wa,17,tincurrin-wa-6361,WA | 15.76% | $100/wk,abs-census-2021,0,no
/best-suburbs/best-rental-yield/wa,18,naval-base-wa-6165,WA | 15.60% | $330/wk,sales-wa,0,no
/best-suburbs/best-rental-yield/wa,19,warmun-wa-6743,WA | 15.35% | $242/wk,sales-wa,0,no
/best-suburbs/best-rental-yield/wa,20,yalgoo-wa-6635,WA | 14.75% | $139/wk,sales-wa,0,no
/best-suburbs/best-rental-yield/wa,21,south-murchison-wa-6635,WA | 14.75% | $139/wk,abs-census-2021,0,no
/best-suburbs/best-rental-yield/wa,22,ginginup-wa-6503,WA | 14.52% | $268/wk,sales-wa,0,no
/best-suburbs/best-rental-yield/wa,23,bokal-wa-6392,WA | 14.18% | $150/wk,sales-wa,0,no
/best-suburbs/best-rental-yield/wa,24,yoganup-wa-6275,WA | 13.92% | $257/wk,sales-wa,0,no
/best-suburbs/best-rental-yield/wa,25,allanooka-wa-6525,WA | 13.54% | $250/wk,sales-wa,0,no
/best-suburbs/best-rental-yield/wa,26,munglinup-wa-6450,WA | 13.51% | $265/wk,sales-wa,0,no
/best-suburbs/best-rental-yield/wa,27,gabbin-wa-6476,WA | 12.61% | $400/wk,sales-wa,0,no
/best-suburbs/best-rental-yield/wa,28,magenta-wa-6355,WA | 12.53% | $200/wk,abs-census-2021,0,no
/best-suburbs/best-rental-yield/wa,29,dunn-rock-wa-6355,WA | 12.53% | $200/wk,abs-census-2021,0,no
/best-suburbs/best-rental-yield/wa,30,holt-rock-wa-6355,WA | 12.53% | $200/wk,abs-census-2021,0,no
/best-suburbs/best-rental-yield/wa,31,little-italy-wa-6355,WA | 12.53% | $200/wk,abs-census-2021,0,no
/best-suburbs/best-rental-yield/wa,32,south-newdegate-wa-6355,WA | 12.53% | $200/wk,abs-census-2021,0,no
/best-suburbs/best-rental-yield/wa,33,east-newdegate-wa-6355,WA | 12.53% | $200/wk,abs-census-2021,0,no
/best-suburbs/best-rental-yield/wa,34,mount-sheridan-wa-6355,WA | 12.53% | $200/wk,abs-census-2021,0,no
/best-suburbs/best-rental-yield/wa,35,lumeah-wa-6395,WA | 11.82% | $200/wk,sales-wa,0,no
/best-suburbs/best-rental-yield/wa,36,williamstown-wa-6430,WA | 11.27% | $310/wk,sales-wa,0,no
/best-suburbs/best-rental-yield/wa,37,marracoonda-wa-6317,WA | 10.95% | $200/wk,sales-wa,0,no
/best-suburbs/best-rental-yield/wa,38,gregory-wa-6535,WA | 10.95% | $200/wk,sales-wa,0,no
/best-suburbs/best-rental-yield/wa,39,borden-wa-6338,WA | 10.40% | $210/wk,sales-wa,0,no
/best-suburbs/best-rental-yield/wa,40,newdegate-wa-6355,WA | 10.10% | $200/wk,sales-wa,0,no
/best-suburbs/best-rental-yield/wa,41,blythewood-wa-6208,WA | 10.07% | $310/wk,sales-wa,0,no
/best-suburbs/best-rental-yield/wa,42,meekatharra-wa-6642,WA | 9.88% | $115/wk,sales-abs,0,yes
/best-suburbs/best-rental-yield/wa,43,babbage-island-wa-6701,WA | 9.88% | $209/wk,sales-wa,0,no
/best-suburbs/best-rental-yield/wa,44,jennapullin-wa-6401,WA | 9.85% | $250/wk,sales-wa,0,no
/best-suburbs/best-rental-yield/wa,45,bowgada-wa-6623,WA | 9.69% | $190/wk,sales-wa,0,no
/best-suburbs/best-rental-yield/wa,46,norpa-wa-6415,WA | 9.61% | $220/wk,sales-wa,0,no
/best-suburbs/best-rental-yield/wa,47,walsall-wa-6280,WA | 9.53% | $350/wk,sales-wa,0,no
/best-suburbs/best-rental-yield/wa,48,pippingarra-wa-6722,WA | 9.45% | $240/wk,sales-wa,0,no
/best-suburbs/best-rental-yield/wa,49,lexia-wa-6065,WA | 9.45% | $400/wk,sales-wa,0,no
/best-suburbs/best-rental-yield/wa,50,east-rockingham-wa-6168,WA | 9.40% | $300/wk,sales-wa,0,no
/best-suburbs/best-rental-yield/sa,1,mount-bryan-sa-5418,SA | 10.34% | $175/wk,rental-sa,0,no
/best-suburbs/best-rental-yield/sa,2,robertstown-sa-5381,SA | 8.74% | $200/wk,rental-sa,0,no
/best-suburbs/best-rental-yield/sa,3,brady-creek-sa-5381,SA | 8.74% | $200/wk,rental-sa,0,no
/best-suburbs/best-rental-yield/sa,4,coonalpyn-sa-5265,SA | 7.57% | $150/wk,rental-sa,0,no
/best-suburbs/best-rental-yield/sa,5,swan-reach-sa-5354,SA | 7.27% | $200/wk,rental-sa,0,no
/best-suburbs/best-rental-yield/sa,6,karoonda-sa-5307,SA | 7.19% | $170/wk,rental-sa,0,no
/best-suburbs/best-rental-yield/sa,7,redhill-sa-5521,SA | 6.89% | $175/wk,rental-sa,0,no
/best-suburbs/best-rental-yield/sa,8,lock-sa-5633,SA | 6.73% | $123/wk,rental-sa,0,no
/best-suburbs/best-rental-yield/sa,9,ballast-head-sa-5221,SA | 6.67% | $200/wk,rental-sa,0,no
/best-suburbs/best-rental-yield/sa,10,american-river-sa-5221,SA | 6.67% | $200/wk,rental-sa,0,no
/best-suburbs/best-rental-yield/sa,11,pinnaroo-sa-5304,SA | 6.50% | $155/wk,rental-sa,0,no
/best-suburbs/best-rental-yield/sa,12,peterborough-sa-5422,SA | 6.25% | $155/wk,rental-sa,0,no
/best-suburbs/best-rental-yield/sa,13,port-wakefield-sa-5550,SA | 6.07% | $223/wk,rental-sa,0,no
/best-suburbs/best-rental-yield/sa,14,marrabel-sa-5413,SA | 6.05% | $200/wk,rental-sa,0,no
/best-suburbs/best-rental-yield/sa,15,saddleworth-sa-5413,SA | 6.05% | $200/wk,rental-sa,0,no
/best-suburbs/best-rental-yield/sa,16,coober-pedy-sa-5723,SA | 6.03% | $160/wk,rental-sa,0,no
/best-suburbs/best-rental-yield/sa,17,price-sa-5570,SA | 5.94% | $200/wk,rental-sa,0,no
/best-suburbs/best-rental-yield/sa,18,anama-sa-5464,SA | 5.87% | $183/wk,rental-sa,0,no
/best-suburbs/best-rental-yield/sa,19,koolunga-sa-5464,SA | 5.87% | $183/wk,rental-sa,0,no
/best-suburbs/best-rental-yield/sa,20,bordertown-sa-5268,SA | 5.87% | $220/wk,rental-sa,0,no
/best-suburbs/best-rental-yield/sa,21,gladstone-sa-5473,SA | 5.82% | $160/wk,rental-sa,0,no
/best-suburbs/best-rental-yield/sa,22,reeves-plains-sa-5502,SA | 5.75% | $295/wk,rental-sa,0,no
/best-suburbs/best-rental-yield/sa,23,korunye-sa-5502,SA | 5.75% | $295/wk,rental-sa,0,no
/best-suburbs/best-rental-yield/sa,24,mallala-sa-5502,SA | 5.75% | $295/wk,rental-sa,0,no
/best-suburbs/best-rental-yield/sa,25,mount-burr-sa-5279,SA | 5.74% | $150/wk,rental-sa,0,no
/best-suburbs/best-rental-yield/sa,26,koorine-sa-5279,SA | 5.74% | $150/wk,rental-sa,0,no
/best-suburbs/best-rental-yield/sa,27,farrell-flat-sa-5416,SA | 5.65% | $200/wk,rental-sa,0,no
/best-suburbs/best-rental-yield/sa,28,bugle-hut-sa-5311,SA | 5.64% | $155/wk,rental-sa,0,no
/best-suburbs/best-rental-yield/sa,29,snowtown-sa-5520,SA | 5.61% | $150/wk,rental-sa,0,no
/best-suburbs/best-rental-yield/sa,30,freeling-sa-5372,SA | 5.57% | $330/wk,rental-sa,0,no
/best-suburbs/best-rental-yield/sa,31,pekina-sa-5431,SA | 5.53% | $150/wk,rental-sa,0,no
/best-suburbs/best-rental-yield/sa,32,port-elliot-sa-5212,SA | 5.47% | $280/wk,rental-sa,0,no
/best-suburbs/best-rental-yield/sa,33,clayton-bay-sa-5256,SA | 5.46% | $250/wk,rental-sa,0,no
/best-suburbs/best-rental-yield/sa,34,milang-sa-5256,SA | 5.46% | $250/wk,rental-sa,0,no
/best-suburbs/best-rental-yield/sa,35,blyth-sa-5462,SA | 5.46% | $230/wk,rental-sa,0,no
/best-suburbs/best-rental-yield/sa,36,goolwa-sa-5214,SA | 5.46% | $277/wk,rental-sa,0,no
/best-suburbs/best-rental-yield/sa,37,goolwa-north-sa-5214,SA | 5.46% | $277/wk,rental-sa,0,no
/best-suburbs/best-rental-yield/sa,38,goolwa-south-sa-5214,SA | 5.46% | $277/wk,rental-sa,0,no
/best-suburbs/best-rental-yield/sa,39,goolwa-beach-sa-5214,SA | 5.46% | $277/wk,rental-sa,0,no
/best-suburbs/best-rental-yield/sa,40,hindmarsh-island-sa-5214,SA | 5.46% | $277/wk,rental-sa,0,no
/best-suburbs/best-rental-yield/sa,41,yattalunga-sa-5114,SA | 5.45% | $300/wk,rental-sa,0,no
/best-suburbs/best-rental-yield/sa,42,kudla-sa-5115,SA | 5.45% | $300/wk,rental-sa,0,no
/best-suburbs/best-rental-yield/sa,43,rhynie-sa-5412,SA | 5.44% | $225/wk,rental-sa,0,no
/best-suburbs/best-rental-yield/sa,44,riverton-sa-5412,SA | 5.44% | $225/wk,rental-sa,0,no
/best-suburbs/best-rental-yield/sa,45,penfield-gardens-sa-5121,SA | 5.41% | $333/wk,rental-sa,0,no
/best-suburbs/best-rental-yield/sa,46,penfield-sa-5121,SA | 5.41% | $333/wk,rental-sa,0,no
/best-suburbs/best-rental-yield/sa,47,macdonald-park-sa-5121,SA | 5.41% | $333/wk,rental-sa,0,no
/best-suburbs/best-rental-yield/sa,48,alford-sa-5555,SA | 5.37% | $190/wk,rental-sa,0,no
/best-suburbs/best-rental-yield/sa,49,hay-valley-sa-5252,SA | 5.36% | $340/wk,rental-sa,0,no
/best-suburbs/best-rental-yield/sa,50,kanmantoo-sa-5252,SA | 5.36% | $340/wk,rental-sa,0,no
/best-suburbs/best-rental-yield/tas,1,banca-tas-7265,TAS | 10.88% | $226/wk,abs-census-2021,0,no
/best-suburbs/best-rental-yield/tas,2,winnaleah-tas-7265,TAS | 10.88% | $226/wk,abs-census-2021,0,no
/best-suburbs/best-rental-yield/tas,3,warrentinna-tas-7261,TAS | 8.73% | $240/wk,abs-census-2021,0,no
/best-suburbs/best-rental-yield/tas,4,branxholm-tas-7261,TAS | 8.73% | $240/wk,abs-census-2021,0,no
/best-suburbs/best-rental-yield/tas,5,storys-creek-tas-7213,TAS | 6.91% | $190/wk,abs-census-2021,0,no
/best-suburbs/best-rental-yield/tas,6,rossarden-tas-7213,TAS | 6.91% | $190/wk,abs-census-2021,0,no
/best-suburbs/best-rental-yield/tas,7,royal-george-tas-7213,TAS | 6.91% | $190/wk,abs-census-2021,0,no
/best-suburbs/best-rental-yield/tas,8,avoca-tas-7213,TAS | 6.91% | $190/wk,abs-census-2021,0,no
/best-suburbs/best-rental-yield/tas,9,opossum-bay-tas-7023,TAS | 6.86% | $418/wk,abs-census-2021,0,no
/best-suburbs/best-rental-yield/tas,10,boomer-bay-tas-7177,TAS | 6.77% | $310/wk,abs-census-2021,0,no
/best-suburbs/best-rental-yield/tas,11,dunalley-tas-7177,TAS | 6.77% | $310/wk,abs-census-2021,0,no
/best-suburbs/best-rental-yield/tas,12,murdunna-tas-7178,TAS | 6.45% | $295/wk,abs-census-2021,0,no
/best-suburbs/best-rental-yield/tas,13,zeehan-tas-7469,TAS | 6.26% | $160/wk,abs-census-2021,0,no
/best-suburbs/best-rental-yield/tas,14,renison-bell-tas-7469,TAS | 6.26% | $160/wk,abs-census-2021,0,no
/best-suburbs/best-rental-yield/tas,15,granville-harbour-tas-7469,TAS | 6.26% | $160/wk,abs-census-2021,0,no
/best-suburbs/best-rental-yield/tas,16,trial-harbour-tas-7469,TAS | 6.26% | $160/wk,abs-census-2021,0,no
/best-suburbs/best-rental-yield/tas,17,lake-margaret-tas-7467,TAS | 6.19% | $150/wk,abs-census-2021,0,no
/best-suburbs/best-rental-yield/tas,18,queenstown-tas-7467,TAS | 6.19% | $150/wk,abs-census-2021,0,no
/best-suburbs/best-rental-yield/tas,19,old-beach-tas-7017,TAS | 6.17% | $400/wk,abs-census-2021,0,no
/best-suburbs/best-rental-yield/tas,20,otago-tas-7017,TAS | 6.17% | $400/wk,abs-census-2021,0,no
/best-suburbs/best-rental-yield/tas,21,honeywood-tas-7017,TAS | 6.17% | $400/wk,abs-census-2021,0,no
/best-suburbs/best-rental-yield/tas,22,grasstree-hill-tas-7017,TAS | 6.17% | $400/wk,abs-census-2021,0,no
/best-suburbs/best-rental-yield/tas,23,risdon-tas-7017,TAS | 6.17% | $400/wk,abs-census-2021,0,no
/best-suburbs/best-rental-yield/tas,24,tea-tree-tas-7017,TAS | 6.17% | $400/wk,abs-census-2021,0,no
/best-suburbs/best-rental-yield/tas,25,penna-tas-7171,TAS | 6.13% | $370/wk,abs-census-2021,0,no
/best-suburbs/best-rental-yield/tas,26,midway-point-tas-7171,TAS | 6.13% | $370/wk,abs-census-2021,0,no
/best-suburbs/best-rental-yield/tas,27,derby-tas-7264,TAS | 6.04% | $180/wk,abs-census-2021,0,no
/best-suburbs/best-rental-yield/tas,28,mount-william-tas-7264,TAS | 6.04% | $180/wk,abs-census-2021,0,no
/best-suburbs/best-rental-yield/tas,29,eddystone-tas-7264,TAS | 6.04% | $180/wk,abs-census-2021,0,no
/best-suburbs/best-rental-yield/tas,30,rushy-lagoon-tas-7264,TAS | 6.04% | $180/wk,abs-census-2021,0,no
/best-suburbs/best-rental-yield/tas,31,cape-portland-tas-7264,TAS | 6.04% | $180/wk,abs-census-2021,0,no
/best-suburbs/best-rental-yield/tas,32,boobyalla-tas-7264,TAS | 6.04% | $180/wk,abs-census-2021,0,no
/best-suburbs/best-rental-yield/tas,33,eddystone-point-tas-7264,TAS | 6.04% | $180/wk,abs-census-2021,0,no
/best-suburbs/best-rental-yield/tas,34,south-mount-cameron-tas-7264,TAS | 6.04% | $180/wk,abs-census-2021,0,no
/best-suburbs/best-rental-yield/tas,35,musselroe-bay-tas-7264,TAS | 6.04% | $180/wk,abs-census-2021,0,no
/best-suburbs/best-rental-yield/tas,36,moorina-tas-7264,TAS | 6.04% | $180/wk,abs-census-2021,0,no
/best-suburbs/best-rental-yield/tas,37,pioneer-tas-7264,TAS | 6.04% | $180/wk,abs-census-2021,0,no
/best-suburbs/best-rental-yield/tas,38,gladstone-tas-7264,TAS | 6.04% | $180/wk,abs-census-2021,0,no
/best-suburbs/best-rental-yield/tas,39,ansons-bay-tas-7264,TAS | 6.04% | $180/wk,abs-census-2021,0,no
/best-suburbs/best-rental-yield/tas,40,telita-tas-7264,TAS | 6.04% | $180/wk,abs-census-2021,0,no
/best-suburbs/best-rental-yield/tas,41,herrick-tas-7264,TAS | 6.04% | $180/wk,abs-census-2021,0,no
/best-suburbs/best-rental-yield/tas,42,weldborough-tas-7264,TAS | 6.04% | $180/wk,abs-census-2021,0,no
/best-suburbs/best-rental-yield/tas,43,dodges-ferry-tas-7173,TAS | 6.00% | $330/wk,abs-census-2021,0,no
/best-suburbs/best-rental-yield/tas,44,forcett-tas-7173,TAS | 6.00% | $330/wk,abs-census-2021,0,no
/best-suburbs/best-rental-yield/tas,45,saltwater-river-tas-7186,TAS | 6.00% | $330/wk,abs-census-2021,0,no
/best-suburbs/best-rental-yield/tas,46,sloping-main-tas-7186,TAS | 6.00% | $330/wk,abs-census-2021,0,no
/best-suburbs/best-rental-yield/tas,47,primrose-sands-tas-7173,TAS | 6.00% | $330/wk,abs-census-2021,0,no
/best-suburbs/best-rental-yield/tas,48,carlton-river-tas-7173,TAS | 6.00% | $330/wk,abs-census-2021,0,no
/best-suburbs/best-rental-yield/tas,49,connellys-marsh-tas-7173,TAS | 6.00% | $330/wk,abs-census-2021,0,no
/best-suburbs/best-rental-yield/tas,50,lewisham-tas-7173,TAS | 6.00% | $330/wk,abs-census-2021,0,no
/best-suburbs/best-rental-yield/nt,1,stuart-nt-0870,NT | 5.30% | $390/wk,abs-census-2021,0,no
/best-suburbs/best-rental-yield/nt,2,white-gums-nt-0870,NT | 5.30% | $390/wk,abs-census-2021,0,no
/best-suburbs/best-rental-yield/nt,3,gillen-nt-0870,NT | 5.30% | $390/wk,abs-census-2021,0,no
/best-suburbs/best-rental-yield/nt,4,the-gap-nt-0870,NT | 5.30% | $390/wk,abs-census-2021,0,no
/best-suburbs/best-rental-yield/nt,5,alice-springs-nt-0870,NT | 5.30% | $390/wk,abs-census-2021,0,no
/best-suburbs/best-rental-yield/nt,6,sadadeen-nt-0870,NT | 5.30% | $390/wk,abs-census-2021,0,no
/best-suburbs/best-rental-yield/nt,7,araluen-nt-0870,NT | 5.30% | $390/wk,abs-census-2021,0,no
/best-suburbs/best-rental-yield/nt,8,braitling-nt-0870,NT | 5.30% | $390/wk,abs-census-2021,0,no
/best-suburbs/best-rental-yield/nt,9,ciccone-nt-0870,NT | 5.30% | $390/wk,abs-census-2021,0,no
/best-suburbs/best-rental-yield/nt,10,desert-springs-nt-0870,NT | 5.30% | $390/wk,abs-census-2021,0,no
/best-suburbs/best-rental-yield/nt,11,moulden-nt-0830,NT | 5.06% | $370/wk,sales-abs,0,yes
/best-suburbs/best-rental-yield/nt,12,gray-nt-0830,NT | 4.93% | $370/wk,sales-abs,0,yes
/best-suburbs/best-rental-yield/nt,13,emungalan-nt-0850,NT | 4.79% | $330/wk,abs-census-2021,0,no
/best-suburbs/best-rental-yield/nt,14,katherine-nt-0850,NT | 4.79% | $330/wk,abs-census-2021,0,no
/best-suburbs/best-rental-yield/nt,15,lansdowne-nt-0850,NT | 4.79% | $330/wk,abs-census-2021,0,no
/best-suburbs/best-rental-yield/nt,16,cossack-nt-0850,NT | 4.79% | $330/wk,abs-census-2021,0,no
/best-suburbs/best-rental-yield/nt,17,katherine-south-nt-0850,NT | 4.79% | $330/wk,abs-census-2021,0,no
/best-suburbs/best-rental-yield/nt,18,katherine-east-nt-0850,NT | 4.79% | $330/wk,abs-census-2021,0,no
/best-suburbs/best-rental-yield/nt,19,ludmilla-nt-0820,NT | 4.64% | $400/wk,abs-census-2021,0,no
/best-suburbs/best-rental-yield/nt,20,woolner-nt-0820,NT | 4.64% | $400/wk,abs-census-2021,0,no
/best-suburbs/best-rental-yield/nt,21,bayview-nt-0820,NT | 4.64% | $400/wk,abs-census-2021,0,no
/best-suburbs/best-rental-yield/nt,22,winnellie-nt-0820,NT | 4.64% | $400/wk,abs-census-2021,0,no
/best-suburbs/best-rental-yield/nt,23,coonawarra-nt-0820,NT | 4.64% | $400/wk,abs-census-2021,0,no
/best-suburbs/best-rental-yield/nt,24,bagot-nt-0820,NT | 4.64% | $400/wk,abs-census-2021,0,no
/best-suburbs/best-rental-yield/nt,25,the-narrows-nt-0820,NT | 4.64% | $400/wk,abs-census-2021,0,no
/best-suburbs/best-rental-yield/nt,26,charles-darwin-nt-0820,NT | 4.64% | $400/wk,abs-census-2021,0,no
/best-suburbs/best-rental-yield/nt,27,cullen-bay-nt-0820,NT | 4.64% | $400/wk,abs-census-2021,0,no
/best-suburbs/best-rental-yield/nt,28,eaton-nt-0820,NT | 4.64% | $400/wk,abs-census-2021,0,no
/best-suburbs/best-rental-yield/nt,29,the-gardens-nt-0820,NT | 4.64% | $400/wk,abs-census-2021,0,no
/best-suburbs/best-rental-yield/nt,30,east-point-nt-0820,NT | 4.64% | $400/wk,abs-census-2021,0,no
/best-suburbs/best-rental-yield/nt,31,fannie-bay-nt-0820,NT | 4.64% | $400/wk,abs-census-2021,0,no
/best-suburbs/best-rental-yield/nt,32,bellamack-nt-0832,NT | 4.58% | $420/wk,abs-census-2021,0,no
/best-suburbs/best-rental-yield/nt,33,mitchell-nt-0832,NT | 4.58% | $420/wk,abs-census-2021,0,no
/best-suburbs/best-rental-yield/nt,34,rosebery-heights-nt-0832,NT | 4.58% | $420/wk,abs-census-2021,0,no
/best-suburbs/best-rental-yield/nt,35,johnston-nt-0832,NT | 4.58% | $420/wk,abs-census-2021,0,no
/best-suburbs/best-rental-yield/nt,36,rosebery-nt-0832,NT | 4.58% | $420/wk,abs-census-2021,0,no
/best-suburbs/best-rental-yield/nt,37,gunn-nt-0832,NT | 4.58% | $420/wk,abs-census-2021,0,no
/best-suburbs/best-rental-yield/nt,38,zuccoli-nt-0832,NT | 4.58% | $420/wk,abs-census-2021,0,no
/best-suburbs/best-rental-yield/nt,39,coolalinga-nt-0839,NT | 4.53% | $340/wk,abs-census-2021,0,no
/best-suburbs/best-rental-yield/nt,40,bakewell-nt-0832,NT | 4.51% | $420/wk,sales-abs,0,yes
/best-suburbs/best-rental-yield/nt,41,woodroffe-nt-0830,NT | 4.51% | $370/wk,sales-abs,0,yes
/best-suburbs/best-rental-yield/nt,42,farrar-nt-0830,NT | 4.48% | $370/wk,abs-census-2021,0,no
/best-suburbs/best-rental-yield/nt,43,shoal-bay-nt-0830,NT | 4.48% | $370/wk,abs-census-2021,0,no
/best-suburbs/best-rental-yield/nt,44,yarrawonga-nt-0830,NT | 4.48% | $370/wk,abs-census-2021,0,no
/best-suburbs/best-rental-yield/nt,45,archer-nt-0830,NT | 4.48% | $370/wk,abs-census-2021,0,no
/best-suburbs/best-rental-yield/nt,46,durack-nt-0830,NT | 4.48% | $370/wk,abs-census-2021,0,no
/best-suburbs/best-rental-yield/nt,47,palmerston-nt-0830,NT | 4.48% | $370/wk,abs-census-2021,0,no
/best-suburbs/best-rental-yield/nt,48,marlow-lagoon-nt-0830,NT | 4.48% | $370/wk,abs-census-2021,0,no
/best-suburbs/best-rental-yield/nt,49,holtze-nt-0829,NT | 4.48% | $230/wk,abs-census-2021,0,no
/best-suburbs/best-rental-yield/nt,50,pinelands-nt-0829,NT | 4.48% | $230/wk,abs-census-2021,0,no
/best-suburbs/best-rental-yield/act,1,city-act-2601,ACT | 6.67% | $550/wk,abs-census-2021,0,no
/best-suburbs/best-rental-yield/act,2,acton-act-2601,ACT | 6.67% | $550/wk,abs-census-2021,0,no
/best-suburbs/best-rental-yield/act,3,black-mountain-act-2601,ACT | 6.67% | $550/wk,abs-census-2021,0,no
/best-suburbs/best-rental-yield/act,4,canberra-act-2601,ACT | 6.67% | $550/wk,abs-census-2021,0,no
/best-suburbs/best-rental-yield/act,5,greenway-act-2900,ACT | 6.54% | $450/wk,sales-abs,0,yes
/best-suburbs/best-rental-yield/act,6,tuggeranong-act-2900,ACT | 6.54% | $450/wk,abs-census-2021,0,no
/best-suburbs/best-rental-yield/act,7,lyons-act-2606,ACT | 5.65% | $430/wk,abs-census-2021,0,no
/best-suburbs/best-rental-yield/act,8,phillip-act-2606,ACT | 5.65% | $430/wk,sales-abs,0,yes
/best-suburbs/best-rental-yield/act,9,swinger-hill-act-2606,ACT | 5.65% | $430/wk,abs-census-2021,0,no
/best-suburbs/best-rental-yield/act,10,o-malley-act-2606,ACT | 5.65% | $430/wk,abs-census-2021,0,no
/best-suburbs/best-rental-yield/act,11,woden-act-2606,ACT | 5.65% | $430/wk,abs-census-2021,0,no
/best-suburbs/best-rental-yield/act,12,kingston-act-2604,ACT | 5.50% | $500/wk,abs-census-2021,0,no
/best-suburbs/best-rental-yield/act,13,causeway-act-2604,ACT | 5.50% | $500/wk,abs-census-2021,0,no
/best-suburbs/best-rental-yield/act,14,ginninderra-village-act-2913,ACT | 5.44% | $460/wk,abs-census-2021,0,no
/best-suburbs/best-rental-yield/act,15,lawson-act-2617,ACT | 5.33% | $440/wk,sales-abs,0,yes
/best-suburbs/best-rental-yield/act,16,belconnen-act-2617,ACT | 5.33% | $440/wk,sales-abs,0,yes
/best-suburbs/best-rental-yield/act,17,jacka-act-2914,ACT | 5.23% | $480/wk,sales-abs,0,yes
/best-suburbs/best-rental-yield/act,18,gowrie-act-2904,ACT | 5.04% | $462/wk,abs-census-2021,0,no
/best-suburbs/best-rental-yield/act,19,flynn-act-2615,ACT | 4.96% | $420/wk,abs-census-2021,0,no
/best-suburbs/best-rental-yield/act,20,kippax-act-2615,ACT | 4.96% | $420/wk,abs-census-2021,0,no
/best-suburbs/best-rental-yield/act,21,macgregor-act-2615,ACT | 4.96% | $420/wk,abs-census-2021,0,no
/best-suburbs/best-rental-yield/act,22,macnamara-act-2615,ACT | 4.96% | $420/wk,abs-census-2021,0,no
/best-suburbs/best-rental-yield/act,23,wreck-bay-act-2540,ACT | 4.91% | $360/wk,abs-census-2021,0,no
/best-suburbs/best-rental-yield/act,24,jervis-bay-act-2540,ACT | 4.91% | $360/wk,abs-census-2021,0,no
/best-suburbs/best-rental-yield/act,25,gordon-act-2906,ACT | 4.85% | $410/wk,abs-census-2021,0,no
/best-suburbs/best-rental-yield/act,26,o-connor-act-2602,ACT | 4.75% | $436/wk,abs-census-2021,0,no
/best-suburbs/best-rental-yield/act,27,kambah-village-act-2902,ACT | 4.73% | $400/wk,abs-census-2021,0,no
/best-suburbs/best-rental-yield/act,28,red-hill-act-2603,ACT | 4.55% | $481/wk,abs-census-2021,0,no
/best-suburbs/best-rental-yield/act,29,griffith-act-2603,ACT | 4.55% | $481/wk,abs-census-2021,0,no
/best-suburbs/best-rental-yield/act,30,manuka-act-2603,ACT | 4.55% | $481/wk,abs-census-2021,0,no
/best-suburbs/best-rental-yield/act,31,mitchell-act-2911,ACT | 4.53% | $460/wk,abs-census-2021,0,no
/best-suburbs/best-rental-yield/act,32,kenny-act-2911,ACT | 4.53% | $460/wk,abs-census-2021,0,no
/best-suburbs/best-rental-yield/act,33,duntroon-act-2600,ACT | 4.53% | $540/wk,abs-census-2021,0,no
/best-suburbs/best-rental-yield/act,34,deakin-west-act-2600,ACT | 4.53% | $540/wk,abs-census-2021,0,no
/best-suburbs/best-rental-yield/act,35,canberra-act-2600,ACT | 4.53% | $540/wk,abs-census-2021,0,no
/best-suburbs/best-rental-yield/act,36,harman-act-2600,ACT | 4.53% | $540/wk,abs-census-2021,0,no
/best-suburbs/best-rental-yield/act,37,parkes-act-2600,ACT | 4.53% | $540/wk,abs-census-2021,0,no
/best-suburbs/best-rental-yield/act,38,capital-hill-act-2600,ACT | 4.53% | $540/wk,abs-census-2021,0,no
/best-suburbs/best-rental-yield/act,39,barton-act-2600,ACT | 4.53% | $540/wk,sales-abs,0,yes
/best-suburbs/best-rental-yield/act,40,russell-act-2600,ACT | 4.53% | $540/wk,abs-census-2021,0,no
/best-suburbs/best-rental-yield/act,41,russell-hill-act-2600,ACT | 4.53% | $540/wk,abs-census-2021,0,no
/best-suburbs/best-rental-yield/act,42,oxley-act-2903,ACT | 4.50% | $400/wk,abs-census-2021,0,no
/best-suburbs/best-rental-yield/act,43,hall-act-2618,ACT | 3.66% | $449/wk,abs-census-2021,0,no
/best-suburbs/best-rental-yield/act,44,charnwood-act-2615,ACT | 3.05% | $420/wk,sales-abs,0,yes
/best-suburbs/best-rental-yield/act,45,ngunnawal-act-2913,ACT | 2.95% | $460/wk,sales-abs,0,yes
/best-suburbs/best-rental-yield/act,46,bonner-act-2914,ACT | 2.80% | $480/wk,sales-abs,0,yes
/best-suburbs/best-rental-yield/act,47,richardson-act-2905,ACT | 2.78% | $430/wk,sales-abs,0,yes
/best-suburbs/best-rental-yield/act,48,holt-act-2615,ACT | 2.76% | $420/wk,sales-abs,0,yes
/best-suburbs/best-rental-yield/act,49,scullin-act-2614,ACT | 2.76% | $418/wk,sales-abs,0,yes
/best-suburbs/best-rental-yield/act,50,latham-act-2615,ACT | 2.76% | $420/wk,sales-abs,0,yes
/price-guide,1,broken-head-nsw-2481,2481 | $36M | $377K | -,sales-nsw,1,no
/price-guide,2,point-piper-nsw-2027,2027 | $23.5M | $554K | +2.2%,sales-nsw,3,no
/price-guide,3,pindaroi-nsw-2361,2361 | $14.8M | $104K | -,sales-nsw,1,no
/price-guide,4,bradfield-nsw-2556,2556 | $12M | $343K | +25.0%,sales-nsw,9,yes
/price-guide,5,berrigal-nsw-2390,2390 | $11.0M | $230K | -,sales-nsw,1,no
/price-guide,6,bellevue-hill-nsw-2023,2023 | $11M | $1.6M | +8.7%,sales-nsw,61,yes
/price-guide,7,barangaroo-nsw-2000,2000 | $10.8M | $444K | +2.4%,sales-nsw,1,no
/price-guide,8,watsons-bay-nsw-2030,2030 | $9.6M | $685K | +70.5%,sales-nsw,7,yes
/price-guide,9,centennial-park-nsw-2021,2021 | $9.5M | $610K | +111.1%,sales-nsw,6,yes
/price-guide,10,arndell-park-nsw-2148,2148 | $9.5M | $339K | +113.9%,sales-nsw,3,no
/price-guide,11,vaucluse-nsw-2030,2030 | $8.9M | $685K | +9.5%,sales-nsw,110,yes
/price-guide,12,haymarket-nsw-2000,2000 | $8.4M | $444K | +128.3%,sales-nsw,2,no
/price-guide,13,newrybar-nsw-2479,2479 | $8.2M | $366K | +101.2%,sales-nsw,4,no
/price-guide,14,fordwich-nsw-2330,2330 | $8.1M | $288K | +146.6%,sales-nsw,2,no
/price-guide,15,darling-point-nsw-2027,2027 | $8.1M | $554K | -59.5%,sales-nsw,11,yes
/price-guide,16,bilgola-beach-nsw-2107,2107 | $8M | $522K | +18.5%,sales-nsw,1,no
/price-guide,17,peats-ridge-nsw-2250,2250 | $8.0M | $317K | +262.9%,sales-nsw,1,no
/price-guide,18,duffys-forest-nsw-2084,2084 | $7.5M | $507K | +21.4%,sales-nsw,2,no
/price-guide,19,sydney-nsw-2000,2000 | $7.4M | $444K | -6.4%,sales-nsw,4,no
/price-guide,20,dover-heights-nsw-2030,2030 | $7.4M | $1.5M | +6.7%,sales-nsw,45,yes
/price-guide,21,double-bay-nsw-2028,2028 | $7.3M | $475K | +10.0%,sales-nsw,20,yes
/price-guide,22,tamarama-nsw-2026,2026 | $7.1M | $539K | -18.9%,sales-nsw,15,yes
/price-guide,23,skinners-shoot-nsw-2481,2481 | $6.8M | $377K | -,sales-nsw,2,no
/price-guide,24,crawney-nsw-2338,2338 | $6.7M | $174K | -,sales-nsw,1,no
/price-guide,25,queenscliff-nsw-2096,2096 | $6.7M | $508K | +48.9%,sales-nsw,13,yes
/price-guide,26,woolwich-nsw-2110,2110 | $6.3M | $686K | -3.2%,sales-nsw,4,no
/price-guide,27,tilba-tilba-nsw-2546,2546 | $6.3M | $233K | +140.4%,sales-nsw,2,no
/price-guide,28,waverton-nsw-2060,2060 | $6.2M | $475K | +49.7%,sales-nsw,17,yes
/price-guide,29,clontarf-nsw-2093,2093 | $6.2M | $549K | +31.4%,sales-nsw,19,yes
/price-guide,30,longueville-nsw-2066,2066 | $6.1M | $475K | +19.4%,sales-nsw,24,yes
/price-guide?sort=price-asc,1,kagaru-qld-4285,4285 | $2K | $276K | -,sales-qld,0,no
/price-guide?sort=price-asc,2,punchs-creek-qld-4357,4357 | $3K | $171K | -,sales-qld,0,no
/price-guide?sort=price-asc,3,tieri-qld-4709,4709 | $7K | $5K | -,sales-qld,0,no
/price-guide?sort=price-asc,4,wilga-west-wa-6243,6243 | $11K | $155K | -,sales-wa,0,no
/price-guide?sort=price-asc,5,koonamore-sa-5440,5440 | $17K | $12K | -,rental-sa,0,no
/price-guide?sort=price-asc,6,billeroo-west-sa-5440,5440 | $17K | $12K | -,rental-sa,0,no
/price-guide?sort=price-asc,7,bulloo-creek-sa-5440,5440 | $17K | $12K | -,rental-sa,0,no
/price-guide?sort=price-asc,8,wiawera-sa-5440,5440 | $17K | $12K | -,rental-sa,0,no
/price-guide?sort=price-asc,9,oulnina-park-sa-5440,5440 | $17K | $12K | -,rental-sa,0,no
/price-guide?sort=price-asc,10,weekeroo-sa-5440,5440 | $17K | $12K | -,rental-sa,0,no
/price-guide?sort=price-asc,11,quinyambie-sa-5440,5440 | $17K | $12K | -,rental-sa,0,no
/price-guide?sort=price-asc,12,mutooroo-sa-5440,5440 | $17K | $12K | -,rental-sa,0,no
/price-guide?sort=price-asc,13,pine-creek-station-sa-5440,5440 | $17K | $12K | -,rental-sa,0,no
/price-guide?sort=price-asc,14,manunda-station-sa-5440,5440 | $17K | $12K | -,rental-sa,0,no
/price-guide?sort=price-asc,15,yunta-sa-5440,5440 | $17K | $12K | -,rental-sa,0,no
/price-guide?sort=price-asc,16,florina-station-sa-5440,5440 | $17K | $12K | -,rental-sa,0,no
/price-guide?sort=price-asc,17,bimbowrie-sa-5440,5440 | $17K | $12K | -,rental-sa,0,no
/price-guide?sort=price-asc,18,tikalina-sa-5440,5440 | $17K | $12K | -,rental-sa,0,no
/price-guide?sort=price-asc,19,boolcoomatta-sa-5440,5440 | $17K | $12K | -,rental-sa,0,no
/price-guide?sort=price-asc,20,mount-victor-station-sa-5440,5440 | $17K | $12K | -,rental-sa,0,no
/price-guide?sort=price-asc,21,manna-hill-sa-5440,5440 | $17K | $12K | -,rental-sa,0,no
/price-guide?sort=price-asc,22,mulyungarie-sa-5440,5440 | $17K | $12K | -,rental-sa,0,no
/price-guide?sort=price-asc,23,outalpa-sa-5440,5440 | $17K | $12K | -,rental-sa,0,no
/price-guide?sort=price-asc,24,tepco-station-sa-5440,5440 | $17K | $12K | -,rental-sa,0,no
/price-guide?sort=price-asc,25,cockburn-sa-5440,5440 | $17K | $12K | -,rental-sa,0,no
/price-guide?sort=price-asc,26,waukaringa-sa-5440,5440 | $17K | $12K | -,rental-sa,0,no
/price-guide?sort=price-asc,27,curnamona-sa-5440,5440 | $17K | $12K | -,rental-sa,0,no
/price-guide?sort=price-asc,28,oulnina-sa-5440,5440 | $17K | $12K | -,rental-sa,0,no
/price-guide?sort=price-asc,29,kalkaroo-sa-5440,5440 | $17K | $12K | -,rental-sa,0,no
/price-guide?sort=price-asc,30,devonborough-downs-sa-5440,5440 | $17K | $12K | -,rental-sa,0,no
/price-guide?sort=growth-desc,1,biddon-nsw-2827,2827 | $2.8M | $171K | +4612.1%,sales-nsw,1,no
/price-guide?sort=growth-desc,2,turill-nsw-2850,2850 | $825K | $274K | +1220.0%,sales-nsw,1,no
/price-guide?sort=growth-desc,3,dirty-creek-nsw-2456,2456 | $728K | $285K | +1019.2%,sales-nsw,2,no
/price-guide?sort=growth-desc,4,chullora-nsw-2190,2190 | $1.4M | $630K | +1009.2%,sales-abs,5,yes
/price-guide?sort=growth-desc,5,blighty-nsw-2713,2713 | $3.6M | $151K | +1007.7%,sales-nsw,2,no
/price-guide?sort=growth-desc,6,bumbaldry-nsw-2794,2794 | $1.1M | $195K | +858.3%,rental-nsw,2,no
/price-guide?sort=growth-desc,7,leadville-nsw-2844,2844 | $875K | $171K | +695.5%,sales-nsw,1,no
/price-guide?sort=growth-desc,8,tullibigeal-nsw-2669,2669 | $1.1M | $82K | +675.9%,sales-nsw,2,no
/price-guide?sort=growth-desc,9,foxground-nsw-2534,2534 | $2.3M | $343K | +597.0%,sales-nsw,1,no
/price-guide?sort=growth-desc,10,appletree-flat-nsw-2330,2330 | $415K | $288K | +591.7%,sales-nsw,1,no
/price-guide?sort=growth-desc,11,coolatai-nsw-2402,2402 | $1.9M | $158K | +591.4%,sales-nsw,2,no
/price-guide?sort=growth-desc,12,breeza-nsw-2381,2381 | $375K | $153K | +525.0%,sales-nsw,2,no
/price-guide?sort=growth-desc,13,llangothlin-nsw-2365,2365 | $3.2M | $189K | +477.2%,sales-nsw,1,no
/price-guide?sort=growth-desc,14,trunkey-creek-nsw-2795,2795 | $525K | $274K | +452.6%,sales-nsw,2,no
/price-guide?sort=growth-desc,15,bagnoo-nsw-2446,2446 | $955K | $274K | +405.3%,sales-nsw,1,no
/price-guide?sort=growth-desc,16,martindale-nsw-2328,2328 | $1.6M | $274K | +379.4%,sales-nsw,7,yes
/price-guide?sort=growth-desc,17,collie-nsw-2827,2827 | $375K | $171K | +354.5%,sales-nsw,2,no
/price-guide?sort=growth-desc,18,bribbaree-nsw-2594,2594 | $265K | $206K | +341.7%,sales-nsw,6,yes
/price-guide?sort=growth-desc,19,merrygoen-nsw-2831,2831 | $705K | $206K | +340.6%,sales-nsw,4,no
/price-guide?sort=growth-desc,20,oakhampton-nsw-2320,2320 | $4.7M | $293K | +319.9%,sales-nsw,5,yes
/price-guide?sort=growth-desc,21,brays-creek-nsw-2484,2484 | $1.6M | $274K | +303.8%,rental-nsw,1,no
/price-guide?sort=growth-desc,22,marlow-nsw-2775,2775 | $720K | $266K | +287.1%,sales-nsw,2,no
/price-guide?sort=growth-desc,23,liston-nsw-2372,2372 | $998K | $184K | +276.4%,sales-nsw,2,no
/price-guide?sort=growth-desc,24,peats-ridge-nsw-2250,2250 | $8.0M | $317K | +262.9%,sales-nsw,1,no
/price-guide?sort=growth-desc,25,pindimar-nsw-2324,2324 | $900K | $247K | +260.0%,sales-nsw,12,yes
/price-guide?sort=growth-desc,26,boree-creek-nsw-2652,2652 | $375K | $199K | +256.3%,sales-nsw,1,no
/price-guide?sort=growth-desc,27,myola-nsw-2540,2540 | $1.8M | $274K | +246.5%,sales-nsw,2,no
/price-guide?sort=growth-desc,28,glen-davis-nsw-2846,2846 | $728K | $168K | +246.4%,sales-nsw,4,no
/price-guide?sort=growth-desc,29,kiora-nsw-2537,2537 | $1.4M | $240K | +243.4%,sales-nsw,2,no
/price-guide?sort=growth-desc,30,valery-nsw-2454,2454 | $3.3M | $240K | +240.2%,sales-nsw,1,no
/price-guide?state=NSW,1,broken-head-nsw-2481,2481 | $36M | $377K | -,sales-nsw,1,no
/price-guide?state=NSW,2,point-piper-nsw-2027,2027 | $23.5M | $554K | +2.2%,sales-nsw,3,no
/price-guide?state=NSW,3,pindaroi-nsw-2361,2361 | $14.8M | $104K | -,sales-nsw,1,no
/price-guide?state=NSW,4,bradfield-nsw-2556,2556 | $12M | $343K | +25.0%,sales-nsw,9,yes
/price-guide?state=NSW,5,berrigal-nsw-2390,2390 | $11.0M | $230K | -,sales-nsw,1,no
/price-guide?state=NSW,6,bellevue-hill-nsw-2023,2023 | $11M | $1.6M | +8.7%,sales-nsw,61,yes
/price-guide?state=NSW,7,barangaroo-nsw-2000,2000 | $10.8M | $444K | +2.4%,sales-nsw,1,no
/price-guide?state=NSW,8,watsons-bay-nsw-2030,2030 | $9.6M | $685K | +70.5%,sales-nsw,7,yes
/price-guide?state=NSW,9,centennial-park-nsw-2021,2021 | $9.5M | $610K | +111.1%,sales-nsw,6,yes
/price-guide?state=NSW,10,arndell-park-nsw-2148,2148 | $9.5M | $339K | +113.9%,sales-nsw,3,no
/price-guide?state=NSW,11,vaucluse-nsw-2030,2030 | $8.9M | $685K | +9.5%,sales-nsw,110,yes
/price-guide?state=NSW,12,haymarket-nsw-2000,2000 | $8.4M | $444K | +128.3%,sales-nsw,2,no
/price-guide?state=NSW,13,newrybar-nsw-2479,2479 | $8.2M | $366K | +101.2%,sales-nsw,4,no
/price-guide?state=NSW,14,fordwich-nsw-2330,2330 | $8.1M | $288K | +146.6%,sales-nsw,2,no
/price-guide?state=NSW,15,darling-point-nsw-2027,2027 | $8.1M | $554K | -59.5%,sales-nsw,11,yes
/price-guide?state=NSW,16,bilgola-beach-nsw-2107,2107 | $8M | $522K | +18.5%,sales-nsw,1,no
/price-guide?state=NSW,17,peats-ridge-nsw-2250,2250 | $8.0M | $317K | +262.9%,sales-nsw,1,no
/price-guide?state=NSW,18,duffys-forest-nsw-2084,2084 | $7.5M | $507K | +21.4%,sales-nsw,2,no
/price-guide?state=NSW,19,sydney-nsw-2000,2000 | $7.4M | $444K | -6.4%,sales-nsw,4,no
/price-guide?state=NSW,20,dover-heights-nsw-2030,2030 | $7.4M | $1.5M | +6.7%,sales-nsw,45,yes
/price-guide?state=NSW,21,double-bay-nsw-2028,2028 | $7.3M | $475K | +10.0%,sales-nsw,20,yes
/price-guide?state=NSW,22,tamarama-nsw-2026,2026 | $7.1M | $539K | -18.9%,sales-nsw,15,yes
/price-guide?state=NSW,23,skinners-shoot-nsw-2481,2481 | $6.8M | $377K | -,sales-nsw,2,no
/price-guide?state=NSW,24,crawney-nsw-2338,2338 | $6.7M | $174K | -,sales-nsw,1,no
/price-guide?state=NSW,25,queenscliff-nsw-2096,2096 | $6.7M | $508K | +48.9%,sales-nsw,13,yes
/price-guide?state=NSW,26,woolwich-nsw-2110,2110 | $6.3M | $686K | -3.2%,sales-nsw,4,no
/price-guide?state=NSW,27,tilba-tilba-nsw-2546,2546 | $6.3M | $233K | +140.4%,sales-nsw,2,no
/price-guide?state=NSW,28,waverton-nsw-2060,2060 | $6.2M | $475K | +49.7%,sales-nsw,17,yes
/price-guide?state=NSW,29,clontarf-nsw-2093,2093 | $6.2M | $549K | +31.4%,sales-nsw,19,yes
/price-guide?state=NSW,30,longueville-nsw-2066,2066 | $6.1M | $475K | +19.4%,sales-nsw,24,yes
/price-guide?state=VIC,1,toorak-vic-3142,3142 | $5M | $950K | -,sales-vic,0,yes
/price-guide?state=VIC,2,brighton-vic-3186,3186 | $3.5M | $1.1M | -,sales-vic,0,yes
/price-guide?state=VIC,3,canterbury-vic-3126,3126 | $3.5M | $1.3M | -,sales-vic,0,yes
/price-guide?state=VIC,4,deepdene-vic-3103,3103 | $3.5M | $475K | -,sales-vic,0,yes
/price-guide?state=VIC,5,mont-albert-vic-3127,3127 | $3.2M | $731K | -,sales-vic,0,yes
/price-guide?state=VIC,6,balwyn-vic-3103,3103 | $3.1M | $790K | -,sales-vic,0,yes
/price-guide?state=VIC,7,portsea-vic-3944,3944 | $2.8M | $444K | -,sales-vic,0,yes
/price-guide?state=VIC,8,kew-vic-3101,3101 | $2.8M | $861K | -,sales-vic,0,yes
/price-guide?state=VIC,9,ivanhoe-east-vic-3079,3079 | $2.7M | $874K | -,sales-vic,0,yes
/price-guide?state=VIC,10,glen-iris-vic-3146,3146 | $2.7M | $648K | -,sales-vic,0,yes
/price-guide?state=VIC,11,hawthorn-vic-3122,3122 | $2.7M | $536K | -,sales-vic,0,yes
/price-guide?state=VIC,12,caulfield-vic-3162,3162 | $2.7M | $752K | -,sales-vic,0,yes
/price-guide?state=VIC,13,hawthorn-east-vic-3123,3123 | $2.5M | $590K | -,sales-vic,0,yes
/price-guide?state=VIC,14,malvern-vic-3143,3143 | $2.5M | $625K | -,sales-vic,0,yes
/price-guide?state=VIC,15,malvern-vic-3144,3144 | $2.5M | $625K | -,sales-vic,0,yes
/price-guide?state=VIC,16,camberwell-vic-3124,3124 | $2.5M | $900K | -,sales-vic,0,yes
/price-guide?state=VIC,17,malvern-east-vic-3145,3145 | $2.4M | $541K | -,sales-vic,0,yes
/price-guide?state=VIC,18,east-melbourne-vic-3002,3002 | $2.4M | $610K | -,sales-vic,0,yes
/price-guide?state=VIC,19,middle-park-vic-3206,3206 | $2.4M | $954K | -,sales-vic,0,yes
/price-guide?state=VIC,20,elwood-vic-3184,3184 | $2.3M | $620K | -,sales-vic,0,yes
/price-guide?state=VIC,21,st-kilda-west-vic-3182,3182 | $2.3M | $573K | -,sales-vic,0,yes
/price-guide?state=VIC,22,caulfield-north-vic-3161,3161 | $2.3M | $608K | -,sales-vic,0,yes
/price-guide?state=VIC,23,black-rock-vic-3193,3193 | $2.3M | $1.2M | -,sales-vic,0,yes
/price-guide?state=VIC,24,surrey-hills-vic-3127,3127 | $2.3M | $1.1M | -,sales-vic,0,yes
/price-guide?state=VIC,25,hampton-vic-3188,3188 | $2.2M | $950K | -,sales-vic,0,yes
/price-guide?state=VIC,26,connewarre-vic-3227,3227 | $2.2M | $356K | -,sales-vic,0,yes
/price-guide?state=VIC,27,beaumaris-vic-3193,3193 | $2.1M | $1.1M | -,sales-vic,0,yes
/price-guide?state=VIC,28,beaumaris-vic-3192,3192 | $2.1M | $1.1M | -,sales-vic,0,yes
/price-guide?state=VIC,29,eaglemont-vic-3084,3084 | $2.1M | $608K | -,sales-vic,0,yes
/price-guide?state=VIC,30,sandringham-vic-3191,3191 | $2.1M | $706K | -,sales-vic,0,yes
/price-guide?state=QLD,1,new-farm-qld-4005,4005 | $2.9M | $820K | -,sales-abs,0,yes
/price-guide?state=QLD,2,redford-qld-4467,4467 | $2.2M | - | -,sales-qld,0,no
/price-guide?state=QLD,3,broken-river-qld-4757,4757 | $2.2M | $206K | -,sales-qld,0,no
/price-guide?state=QLD,4,stewart-creek-valley-qld-4873,4873 | $2.2M | $227K | -,sales-qld,0,no
/price-guide?state=QLD,5,mount-enniskillen-qld-4472,4472 | $2.2M | $138K | -,sales-qld,0,no
/price-guide?state=QLD,6,minnie-downs-qld-4478,4478 | $2.2M | $122K | -,sales-qld,0,no
/price-guide?state=QLD,7,valkyrie-qld-4742,4742 | $2.2M | $206K | -,sales-qld,0,no
/price-guide?state=QLD,8,maramie-qld-4892,4892 | $2.2M | $95K | -,sales-qld,0,no
/price-guide?state=QLD,9,coorada-qld-4420,4420 | $2.2M | $138K | -,sales-qld,0,no
/price-guide?state=QLD,10,malu-qld-4403,4403 | $2.2M | $171K | -,sales-qld,0,no
/price-guide?state=QLD,11,clayfield-qld-4011,4011 | $2.2M | $570K | -,sales-abs,0,yes
/price-guide?state=QLD,12,carbine-creek-qld-4723,4723 | $2.1M | $240K | -,sales-qld,0,no
/price-guide?state=QLD,13,broadbeach-waters-qld-4218,4218 | $2.1M | $842K | -,sales-abs,0,yes
/price-guide?state=QLD,14,hawthorne-qld-4171,4171 | $2.1M | $757K | -,sales-abs,0,yes
/price-guide?state=QLD,15,clemant-qld-4816,4816 | $2.1M | $247K | -,sales-qld,0,no
/price-guide?state=QLD,16,bundall-qld-4217,4217 | $2.1M | $587K | -,sales-abs,0,yes
/price-guide?state=QLD,17,robertson-qld-4109,4109 | $2.0M | $606K | -,sales-abs,0,yes
/price-guide?state=QLD,18,mount-alma-qld-4680,4680 | $2.0M | $259K | -,sales-qld,0,no
/price-guide?state=QLD,19,st-lucia-qld-4067,4067 | $2.0M | $625K | -,sales-abs,0,yes
/price-guide?state=QLD,20,noosa-heads-qld-4567,4567 | $2.0M | $1.9M | -,sales-abs,0,yes
/price-guide?state=QLD,21,burleigh-heads-qld-4220,4220 | $2.0M | $996K | -,sales-abs,0,yes
/price-guide?state=QLD,22,bulimba-qld-4171,4171 | $1.9M | $818K | -,sales-abs,0,yes
/price-guide?state=QLD,23,sunshine-beach-qld-4567,4567 | $1.9M | $1.1M | -,sales-abs,0,yes
/price-guide?state=QLD,24,south-brisbane-qld-4101,4101 | $1.9M | $590K | -,sales-abs,0,yes
/price-guide?state=QLD,25,wuruma-dam-qld-4627,4627 | $1.9M | $132K | -,sales-qld,0,no
/price-guide?state=QLD,26,evans-landing-qld-4874,4874 | $1.9M | $326K | -,sales-qld,0,no
/price-guide?state=QLD,27,caboonbah-qld-4312,4312 | $1.9M | $206K | -,sales-qld,0,no
/price-guide?state=QLD,28,coominglah-qld-4630,4630 | $1.9M | $138K | -,sales-qld,0,no
/price-guide?state=QLD,29,clear-island-waters-qld-4226,4226 | $1.9M | $813K | -,sales-abs,0,yes
/price-guide?state=QLD,30,balmoral-qld-4171,4171 | $1.9M | $710K | -,sales-abs,0,yes
/price-guide?state=WA,1,cottesloe-wa-6011,6011 | $3.4M | $1.2M | -,sales-abs,0,yes
/price-guide?state=WA,2,city-beach-wa-6015,6015 | $2.8M | $1.3M | -,sales-abs,0,yes
/price-guide?state=WA,3,pantapin-wa-6384,6384 | $2.2M | $1.6M | -,sales-wa,0,no
/price-guide?state=WA,4,berkshire-valley-wa-6510,6510 | $2.2M | $163K | -,sales-wa,0,no
/price-guide?state=WA,5,kings-park-wa-6005,6005 | $2.2M | $281K | -,sales-wa,0,no
/price-guide?state=WA,6,yuna-wa-6532,6532 | $2.2M | $285K | -,sales-wa,0,no
/price-guide?state=WA,7,lyndon-wa-6701,6701 | $2.0M | $206K | -,sales-wa,0,no
/price-guide?state=WA,8,wandana-wa-6532,6532 | $2.0M | $285K | -,sales-wa,0,no
/price-guide?state=WA,9,floreat-wa-6014,6014 | $1.9M | $785K | -,sales-abs,0,yes
/price-guide?state=WA,10,mills-lake-wa-6336,6336 | $1.9M | $63K | -,sales-wa,0,no
/price-guide?state=WA,11,toompup-wa-6336,6336 | $1.8M | $63K | -,sales-wa,0,no
/price-guide?state=WA,12,east-fremantle-wa-6158,6158 | $1.8M | $578K | -,sales-abs,0,yes
/price-guide?state=WA,13,badgin-wa-6302,6302 | $1.7M | $222K | -,sales-wa,0,no
/price-guide?state=WA,14,north-coogee-wa-6163,6163 | $1.6M | $575K | -,sales-abs,0,yes
/price-guide?state=WA,15,wedgefield-wa-6721,6721 | $1.5M | $287K | -,sales-wa,0,no
/price-guide?state=WA,16,winthrop-wa-6150,6150 | $1.4M | $343K | -,sales-abs,0,yes
/price-guide?state=WA,17,east-perth-wa-6004,6004 | $1.4M | $470K | -,sales-abs,0,yes
/price-guide?state=WA,18,fremantle-wa-6160,6160 | $1.3M | $650K | -,sales-abs,0,yes
/price-guide?state=WA,19,como-wa-6152,6152 | $1.3M | $613K | -,sales-abs,0,yes
/price-guide?state=WA,20,naturaliste-wa-6281,6281 | $1.3M | $309K | -,sales-wa,0,no
/price-guide?state=WA,21,newcarlbeon-wa-6475,6475 | $1.3M | $119K | -,sales-wa,0,no
/price-guide?state=WA,22,melville-wa-6156,6156 | $1.3M | $610K | -,sales-abs,0,yes
/price-guide?state=WA,23,north-perth-wa-6006,6006 | $1.3M | $525K | -,sales-abs,0,yes
/price-guide?state=WA,24,coblinine-wa-6317,6317 | $1.3M | $165K | -,sales-wa,0,no
/price-guide?state=WA,25,lagrange-wa-6725,6725 | $1.2M | $343K | -,sales-wa,0,no
/price-guide?state=WA,26,gidgegannup-wa-6083,6083 | $1.2M | $343K | -,sales-abs,0,yes
/price-guide?state=WA,27,mount-sheila-wa-6751,6751 | $1.2M | $217K | -,sales-wa,0,no
/price-guide?state=WA,28,karnup-wa-6176,6176 | $1.1M | $294K | -,sales-abs,0,yes
/price-guide?state=WA,29,scarborough-wa-6019,6019 | $1.1M | $627K | -,sales-abs,0,yes
/price-guide?state=WA,30,dalkeith-wa-6009,6009 | $1.1M | $558K | -,sales-wa,0,no
/price-guide?state=SA,1,glenelg-south-sa-5045,5045 | $4.6M | $309K | +108.0%,sales-sa,2,no
/price-guide?state=SA,2,north-adelaide-sa-5006,5006 | $4.3M | $303K | +169.4%,sales-sa,6,yes
/price-guide?state=SA,3,toorak-gardens-sa-5065,5065 | $3.5M | $343K | +19.7%,sales-sa,3,no
/price-guide?state=SA,4,unley-sa-5061,5061 | $3.1M | $377K | +52.6%,sales-sa,5,yes
/price-guide?state=SA,5,tusmore-sa-5065,5065 | $2.9M | $343K | +23.5%,sales-sa,2,no
/price-guide?state=SA,6,rose-park-sa-5067,5067 | $2.9M | $341K | +66.3%,sales-sa,2,no
/price-guide?state=SA,7,fitzroy-sa-5082,5082 | $2.9M | $309K | -44.7%,sales-sa,1,no
/price-guide?state=SA,8,st-peters-sa-5069,5069 | $2.9M | $345K | +28.5%,sales-sa,9,yes
/price-guide?state=SA,9,glenside-sa-5065,5065 | $2.8M | $343K | +23.4%,sales-sa,2,no
/price-guide?state=SA,10,glenelg-sa-5045,5045 | $2.8M | $309K | +12.6%,sales-sa,3,no
/price-guide?state=SA,11,springfield-sa-5062,5062 | $2.6M | $343K | +168.3%,sales-sa,2,no
/price-guide?state=SA,12,medindie-sa-5081,5081 | $2.5M | $343K | -19.0%,sales-sa,4,no
/price-guide?state=SA,13,wayville-sa-5034,5034 | $2.5M | $333K | +21.9%,sales-sa,3,no
/price-guide?state=SA,14,keswick-sa-5035,5035 | $2.5M | $274K | +70.7%,sales-sa,2,no
/price-guide?state=SA,15,torrens-park-sa-5062,5062 | $2.5M | $343K | +126.2%,sales-sa,4,no
/price-guide?state=SA,16,somerton-park-sa-5044,5044 | $2.4M | $317K | +5.2%,sales-sa,18,yes
/price-guide?state=SA,17,malvern-sa-5061,5061 | $2.4M | $377K | +0.4%,sales-sa,3,no
/price-guide?state=SA,18,bradbury-sa-5153,5153 | $2.4M | $274K | -,sales-sa,1,no
/price-guide?state=SA,19,erindale-sa-5066,5066 | $2.4M | $389K | +4.1%,sales-sa,3,no
/price-guide?state=SA,20,heathpool-sa-5068,5068 | $2.4M | $317K | +26.0%,sales-sa,4,no
/price-guide?state=SA,21,walkerville-sa-5081,5081 | $2.3M | $343K | -8.2%,sales-sa,8,yes
/price-guide?state=SA,22,glenunga-sa-5064,5064 | $2.3M | $405K | +16.5%,sales-sa,12,yes
/price-guide?state=SA,23,kensington-gardens-sa-5068,5068 | $2.3M | $317K | +31.7%,sales-sa,6,yes
/price-guide?state=SA,24,gilberton-sa-5081,5081 | $2.3M | $343K | +50.5%,sales-sa,4,no
/price-guide?state=SA,25,forestville-sa-5035,5035 | $2.2M | $274K | +38.8%,sales-sa,2,no
/price-guide?state=SA,26,mitcham-sa-5062,5062 | $2.2M | $343K | +47.5%,sales-sa,2,no
/price-guide?state=SA,27,glen-osmond-sa-5064,5064 | $2.2M | $405K | +35.5%,sales-sa,9,yes
/price-guide?state=SA,28,auldana-sa-5072,5072 | $2.2M | $317K | -3.5%,sales-sa,1,no
/price-guide?state=SA,29,joslin-sa-5070,5070 | $2.2M | $289K | +0.6%,sales-sa,3,no
/price-guide?state=SA,30,kingswood-sa-5062,5062 | $2.2M | $343K | +19.1%,sales-sa,1,no
/price-guide?state=TAS,1,sandy-bay-tas-7005,7005 | $1.3M | $720K | -,sales-abs,0,yes
/price-guide?state=TAS,2,cambridge-tas-7170,7170 | $1.0M | $765K | -,sales-abs,0,yes
/price-guide?state=TAS,3,west-hobart-tas-7000,7000 | $911K | $700K | -,sales-abs,0,yes
/price-guide?state=TAS,4,south-arm-tas-7022,7022 | $910K | $240K | -,sales-abs,0,yes
/price-guide?state=TAS,5,new-town-tas-7008,7008 | $883K | $458K | -,sales-abs,0,yes
/price-guide?state=TAS,6,launceston-tas-7250,7250 | $775K | $503K | -,sales-abs,0,yes
/price-guide?state=TAS,7,legana-tas-7277,7277 | $740K | $503K | -,sales-abs,0,yes
/price-guide?state=TAS,8,port-sorell-tas-7307,7307 | $719K | $465K | -,sales-abs,0,yes
/price-guide?state=TAS,9,newstead-tas-7250,7250 | $665K | $420K | -,sales-abs,0,yes
/price-guide?state=TAS,10,trevallyn-tas-7250,7250 | $650K | $635K | -,sales-abs,0,yes
/price-guide?state=TAS,11,cygnet-tas-7112,7112 | $650K | $600K | -,sales-abs,0,yes
/price-guide?state=TAS,12,riverside-tas-7250,7250 | $635K | $440K | -,sales-abs,0,yes
/price-guide?state=TAS,13,west-moonah-tas-7009,7009 | $627K | $490K | -,sales-abs,0,yes
/price-guide?state=TAS,14,moonah-tas-7009,7009 | $615K | $436K | -,sales-abs,0,yes
/price-guide?state=TAS,15,west-launceston-tas-7250,7250 | $605K | $440K | -,sales-abs,0,yes
/price-guide?state=TAS,16,latrobe-tas-7307,7307 | $591K | $429K | -,sales-abs,0,yes
/price-guide?state=TAS,17,rokeby-tas-7019,7019 | $590K | $603K | -,sales-abs,0,yes
/price-guide?state=TAS,18,westbury-tas-7303,7303 | $563K | $478K | -,sales-abs,0,yes
/price-guide?state=TAS,19,glenorchy-tas-7010,7010 | $560K | $448K | -,sales-abs,0,yes
/price-guide?state=TAS,20,longford-tas-7301,7301 | $553K | $483K | -,sales-abs,0,yes
/price-guide?state=TAS,21,waratah-tas-7321,7321 | $550K | $192K | -,sales-abs,0,yes
/price-guide?state=TAS,22,south-launceston-tas-7249,7249 | $538K | $501K | -,sales-abs,0,yes
/price-guide?state=TAS,23,deloraine-tas-7304,7304 | $533K | $375K | -,sales-abs,0,yes
/price-guide?state=TAS,24,wynyard-tas-7325,7325 | $506K | $405K | -,sales-abs,0,yes
/price-guide?state=TAS,25,ulverstone-tas-7315,7315 | $500K | $420K | -,sales-abs,0,yes
/price-guide?state=TAS,26,west-ulverstone-tas-7315,7315 | $490K | $385K | -,sales-abs,0,yes
/price-guide?state=TAS,27,new-norfolk-tas-7140,7140 | $480K | $448K | -,sales-abs,0,yes
/price-guide?state=TAS,28,invermay-tas-7248,7248 | $480K | $450K | -,sales-abs,0,yes
/price-guide?state=TAS,29,lower-sandy-bay-tas-7005,7005 | $477K | $343K | -,abs-census-2021,0,no
/price-guide?state=TAS,30,dynnyrne-tas-7005,7005 | $477K | $343K | -,abs-census-2021,0,no
/price-guide?state=NT,1,larrakeyah-nt-0820,0820 | $1.8M | $423K | -,sales-abs,0,yes
/price-guide?state=NT,2,nightcliff-nt-0810,0810 | $965K | $351K | -,sales-abs,0,yes
/price-guide?state=NT,3,parap-nt-0820,0820 | $945K | $365K | -,sales-abs,0,yes
/price-guide?state=NT,4,stuart-park-nt-0820,0820 | $820K | $382K | -,sales-abs,0,yes
/price-guide?state=NT,5,rapid-creek-nt-0810,0810 | $800K | $408K | -,sales-abs,0,yes
/price-guide?state=NT,6,ross-nt-0873,0873 | $768K | $365K | -,sales-abs,0,yes
/price-guide?state=NT,7,humpty-doo-nt-0836,0836 | $690K | $364K | -,sales-abs,0,yes
/price-guide?state=NT,8,mount-johns-nt-0874,0874 | $685K | $337K | -,sales-abs,0,yes
/price-guide?state=NT,9,weddell-nt-0822,0822 | $670K | $317K | -,sales-abs,0,yes
/price-guide?state=NT,10,jingili-nt-0810,0810 | $649K | $326K | -,sales-abs,0,yes
/price-guide?state=NT,11,coconut-grove-nt-0810,0810 | $645K | $355K | -,sales-abs,0,yes
/price-guide?state=NT,12,wanguri-nt-0810,0810 | $628K | $326K | -,sales-abs,0,yes
/price-guide?state=NT,13,leanyer-nt-0812,0812 | $598K | $330K | -,sales-abs,0,yes
/price-guide?state=NT,14,millner-nt-0810,0810 | $595K | $273K | -,sales-abs,0,yes
/price-guide?state=NT,15,alawa-nt-0810,0810 | $575K | $240K | -,sales-abs,0,yes
/price-guide?state=NT,16,virginia-nt-0834,0834 | $550K | $396K | -,abs-census-2021,0,no
/price-guide?state=NT,17,moil-nt-0810,0810 | $550K | $326K | -,sales-abs,0,yes
/price-guide?state=NT,18,wulagi-nt-0812,0812 | $533K | $317K | -,sales-abs,0,yes
/price-guide?state=NT,19,anula-nt-0812,0812 | $530K | $317K | -,sales-abs,0,yes
/price-guide?state=NT,20,heavitree-gap-cpa-nt-0873,0873 | $507K | $365K | -,abs-census-2021,0,no
/price-guide?state=NT,21,arumbera-nt-0873,0873 | $507K | $365K | -,abs-census-2021,0,no
/price-guide?state=NT,22,ilparpa-nt-0873,0873 | $507K | $365K | -,abs-census-2021,0,no
/price-guide?state=NT,23,connellan-nt-0873,0873 | $507K | $365K | -,abs-census-2021,0,no
/price-guide?state=NT,24,kilgariff-nt-0873,0873 | $507K | $365K | -,abs-census-2021,0,no
/price-guide?state=NT,25,amoonguna-nt-0873,0873 | $507K | $365K | -,abs-census-2021,0,no
/price-guide?state=NT,26,girraween-nt-0836,0836 | $506K | $364K | -,abs-census-2021,0,no
/price-guide?state=NT,27,herbert-nt-0836,0836 | $506K | $364K | -,abs-census-2021,0,no
/price-guide?state=NT,28,east-side-nt-0870,0870 | $500K | $282K | -,sales-abs,0,yes
/price-guide?state=NT,29,tiwi-nt-0810,0810 | $500K | $390K | -,sales-abs,0,yes
/price-guide?state=NT,30,noonamah-nt-0837,0837 | $490K | $353K | -,abs-census-2021,0,no
/price-guide?state=ACT,1,forrest-act-2603,2603 | $5M | $849K | -,sales-abs,0,yes
/price-guide?state=ACT,2,reid-act-2612,2612 | $2.4M | $580K | -,sales-abs,0,yes
/price-guide?state=ACT,3,yarralumla-act-2600,2600 | $2.2M | $1.1M | -,sales-abs,0,yes
/price-guide?state=ACT,4,turner-act-2612,2612 | $2.2M | $640K | -,sales-abs,0,yes
/price-guide?state=ACT,5,deakin-act-2600,2600 | $1.8M | $1.1M | -,sales-abs,0,yes
/price-guide?state=ACT,6,braddon-act-2612,2612 | $1.7M | $570K | -,sales-abs,0,yes
/price-guide?state=ACT,7,campbell-act-2612,2612 | $1.7M | $650K | -,sales-abs,0,yes
/price-guide?state=ACT,8,garran-act-2605,2605 | $1.6M | $780K | -,sales-abs,0,yes
/price-guide?state=ACT,9,isaacs-act-2607,2607 | $1.5M | $820K | -,sales-abs,0,yes
/price-guide?state=ACT,10,ainslie-act-2602,2602 | $1.5M | $343K | -,sales-abs,0,yes
/price-guide?state=ACT,11,curtin-act-2605,2605 | $1.4M | $388K | -,sales-abs,0,yes
/price-guide?state=ACT,12,aranda-act-2614,2614 | $1.4M | $775K | -,sales-abs,0,yes
/price-guide?state=ACT,13,hughes-act-2605,2605 | $1.4M | $331K | -,sales-abs,0,yes
/price-guide?state=ACT,14,denman-prospect-act-2611,2611 | $1.4M | $622K | -,sales-abs,0,yes
/price-guide?state=ACT,15,narrabundah-act-2604,2604 | $1.4M | $655K | -,sales-abs,0,yes
/price-guide?state=ACT,16,wright-act-2611,2611 | $1.4M | $499K | -,sales-abs,0,yes
/price-guide?state=ACT,17,whitlam-act-2611,2611 | $1.3M | - | -,sales-abs,0,yes
/price-guide?state=ACT,18,chapman-act-2611,2611 | $1.3M | - | -,sales-abs,0,yes
/price-guide?state=ACT,19,bruce-act-2617,2617 | $1.3M | $560K | -,sales-abs,0,yes
/price-guide?state=ACT,20,pearce-act-2607,2607 | $1.3M | $720K | -,sales-abs,0,yes
/price-guide?state=ACT,21,cook-act-2614,2614 | $1.3M | $870K | -,sales-abs,0,yes
/price-guide?state=ACT,22,weetangera-act-2614,2614 | $1.3M | $786K | -,sales-abs,0,yes
/price-guide?state=ACT,23,nicholls-act-2913,2913 | $1.3M | $778K | -,sales-abs,0,yes
/price-guide?state=ACT,24,hawker-act-2614,2614 | $1.2M | $387K | -,sales-abs,0,yes
/price-guide?state=ACT,25,lyneham-act-2602,2602 | $1.2M | $545K | -,sales-abs,0,yes
/price-guide?state=ACT,26,hackett-act-2602,2602 | $1.2M | $845K | -,sales-abs,0,yes
/price-guide?state=ACT,27,farrer-act-2607,2607 | $1.2M | $600K | -,sales-abs,0,yes
/price-guide?state=ACT,28,throsby-act-2914,2914 | $1.2M | $745K | -,sales-abs,0,yes
/price-guide?state=ACT,29,downer-act-2602,2602 | $1.2M | $710K | -,sales-abs,0,yes
/price-guide?state=ACT,30,forde-act-2914,2914 | $1.1M | $843K | -,sales-abs,0,yes
/market-reports/nsw,1,biddon-nsw-2827,"$2,827,240 | +4612.1%",sales-nsw,1,no
/market-reports/nsw,2,turill-nsw-2850,"$825,000 | +1220.0%",sales-nsw,1,no
/market-reports/nsw,3,dirty-creek-nsw-2456,"$727,500 | +1019.2%",sales-nsw,2,no
/market-reports/nsw,4,chullora-nsw-2190,"$1,350,000 | +1009.2%",sales-abs,5,yes
/market-reports/nsw,5,blighty-nsw-2713,"$3,600,000 | +1007.7%",sales-nsw,2,no
/market-reports/nsw,6,bumbaldry-nsw-2794,"$1,150,000 | +858.3%",rental-nsw,2,no
/market-reports/nsw,7,leadville-nsw-2844,"$875,000 | +695.5%",sales-nsw,1,no
/market-reports/nsw,8,tullibigeal-nsw-2669,"$1,125,000 | +675.9%",sales-nsw,2,no
/market-reports/nsw,9,foxground-nsw-2534,"$2,300,000 | +597.0%",sales-nsw,1,no
/market-reports/nsw,10,appletree-flat-nsw-2330,"$415,000 | +591.7%",sales-nsw,1,no
/market-reports/nsw,11,quanda-nsw-2828,"$101,000 | -",rental-nsw,0,no
/market-reports/nsw,12,black-hollow-nsw-2828,"$101,000 | -",rental-nsw,0,no
/market-reports/nsw,13,bourbah-nsw-2828,"$101,000 | -",rental-nsw,0,no
/market-reports/nsw,14,tonderburine-nsw-2828,"$101,000 | -",rental-nsw,0,no
/market-reports/nsw,15,mount-tenandra-nsw-2828,"$101,000 | -",rental-nsw,0,no
/market-reports/nsw,16,warrumbungle-nsw-2828,"$101,000 | -",rental-nsw,0,no
/market-reports/nsw,17,chakola-nsw-2630,"$103,000 | -89.0%",sales-nsw,1,no
/market-reports/nsw,18,collarenebri-nsw-2833,"$105,000 | -16.0%",sales-nsw,6,yes
/market-reports/nsw,19,hay-south-nsw-2711,"$105,000 | -17.3%",sales-nsw,7,yes
/market-reports/nsw,20,cullivel-nsw-2645,"$108,000 | -",rental-nsw,0,no
/market-reports/nsw,21,broken-head-nsw-2481,"$36,000,000",sales-nsw,1,no
/market-reports/nsw,22,point-piper-nsw-2027,"$23,500,000",sales-nsw,3,no
/market-reports/nsw,23,pindaroi-nsw-2361,"$14,800,000",sales-nsw,1,no
/market-reports/nsw,24,bradfield-nsw-2556,"$12,000,000",sales-nsw,9,yes
/market-reports/nsw,25,berrigal-nsw-2390,"$11,016,284",sales-nsw,1,no
/market-reports/nsw,26,bellevue-hill-nsw-2023,"$11,000,000",sales-nsw,61,yes
/market-reports/nsw,27,barangaroo-nsw-2000,"$10,750,000",sales-nsw,1,no
/market-reports/nsw,28,watsons-bay-nsw-2030,"$9,550,000",sales-nsw,7,yes
/market-reports/nsw,29,centennial-park-nsw-2021,"$9,500,000",sales-nsw,6,yes
/market-reports/nsw,30,arndell-park-nsw-2148,"$9,460,000",sales-nsw,3,no
/market-reports/vic,1,winnambool-vic-3546,"$105,000 | -",rental-vic,0,no
/market-reports/vic,2,chinkapook-vic-3546,"$105,000 | -",rental-vic,0,no
/market-reports/vic,3,gerahmin-vic-3546,"$105,000 | -",rental-vic,0,no
/market-reports/vic,4,cocamba-vic-3546,"$105,000 | -",rental-vic,0,no
/market-reports/vic,5,bolton-vic-3546,"$105,000 | -",rental-vic,0,no
/market-reports/vic,6,manangatang-vic-3546,"$105,000 | -",rental-vic,0,no
/market-reports/vic,7,turoar-vic-3546,"$105,000 | -",rental-vic,0,no
/market-reports/vic,8,harrow-vic-3317,"$107,000 | -",rental-vic,0,no
/market-reports/vic,9,nullawil-vic-3529,"$110,000 | -",rental-vic,0,no
/market-reports/vic,10,kalpienung-vic-3529,"$110,000 | -",rental-vic,0,no
/market-reports/vic,11,toorak-vic-3142,"$5,000,000",sales-vic,0,yes
/market-reports/vic,12,brighton-vic-3186,"$3,550,000",sales-vic,0,yes
/market-reports/vic,13,canterbury-vic-3126,"$3,544,000",sales-vic,0,yes
/market-reports/vic,14,deepdene-vic-3103,"$3,450,000",sales-vic,0,yes
/market-reports/vic,15,mont-albert-vic-3127,"$3,210,000",sales-vic,0,yes
/market-reports/vic,16,balwyn-vic-3103,"$3,128,000",sales-vic,0,yes
/market-reports/vic,17,portsea-vic-3944,"$2,825,000",sales-vic,0,yes
/market-reports/vic,18,kew-vic-3101,"$2,810,500",sales-vic,0,yes
/market-reports/vic,19,ivanhoe-east-vic-3079,"$2,732,500",sales-vic,0,yes
/market-reports/vic,20,glen-iris-vic-3146,"$2,715,000",sales-vic,0,yes
/market-reports/qld,1,newport-qld-4020,"$418,000 | +9.5%",rental-qld,0,no
/market-reports/qld,2,bridgeman-downs-qld-4035,"$1,300,000 | +8.8%",sales-abs,0,yes
/market-reports/qld,3,redcliffe-qld-4020,"$785,000 | +8.2%",sales-abs,0,yes
/market-reports/qld,4,griffin-qld-4503,"$427,000 | +7.8%",rental-qld,0,no
/market-reports/qld,5,margate-qld-4019,"$381,000 | +7.5%",rental-qld,0,no
/market-reports/qld,6,burpengary-east-qld-4505,"$453,000 | +7.5%",rental-qld,0,no
/market-reports/qld,7,north-lakes-qld-4509,"$820,000 | +7.2%",sales-abs,0,yes
/market-reports/qld,8,dakabin-qld-4503,"$724,000 | +7.0%",sales-abs,0,yes
/market-reports/qld,9,palmview-qld-4553,"$440,000 | +7.0%",rental-qld,0,no
/market-reports/qld,10,burpengary-qld-4505,"$750,000 | +6.8%",sales-abs,0,yes
/market-reports/qld,11,degarra-qld-4895,"$101,000 | -",sales-qld,0,no
/market-reports/qld,12,augathella-qld-4477,"$105,000 | -",sales-qld,0,no
/market-reports/qld,13,canoona-qld-4702,"$107,000 | -",sales-qld,0,no
/market-reports/qld,14,nicholson-qld-4830,"$108,000 | -",abs-census-2021,0,no
/market-reports/qld,15,gangalidda-qld-4830,"$108,000 | -",abs-census-2021,0,no
/market-reports/qld,16,gregory-qld-4830,"$108,000 | -",abs-census-2021,0,no
/market-reports/qld,17,gregory-downs-qld-4830,"$108,000 | -",abs-census-2021,0,no
/market-reports/qld,18,augustus-downs-qld-4830,"$108,000 | -",abs-census-2021,0,no
/market-reports/qld,19,winfield-qld-4670,"$110,000 | -",sales-qld,0,no
/market-reports/qld,20,woleebee-qld-4419,"$110,000 | -",abs-census-2021,0,no
/market-reports/qld,21,new-farm-qld-4005,"$2,908,400",sales-abs,0,yes
/market-reports/qld,22,mount-enniskillen-qld-4472,"$2,201,000",sales-qld,0,no
/market-reports/qld,23,malu-qld-4403,"$2,201,000",sales-qld,0,no
/market-reports/qld,24,minnie-downs-qld-4478,"$2,201,000",sales-qld,0,no
/market-reports/qld,25,valkyrie-qld-4742,"$2,201,000",sales-qld,0,no
/market-reports/qld,26,maramie-qld-4892,"$2,201,000",sales-qld,0,no
/market-reports/qld,27,redford-qld-4467,"$2,201,000",sales-qld,0,no
/market-reports/qld,28,coorada-qld-4420,"$2,201,000",sales-qld,0,no
/market-reports/qld,29,broken-river-qld-4757,"$2,201,000",sales-qld,0,no
/market-reports/qld,30,stewart-creek-valley-qld-4873,"$2,201,000",sales-qld,0,no
/market-reports/wa,1,bowgada-wa-6623,"$102,000 | -",sales-wa,0,no
/market-reports/wa,2,munglinup-wa-6450,"$102,000 | -",sales-wa,0,no
/market-reports/wa,3,newdegate-wa-6355,"$103,000 | -",sales-wa,0,no
/market-reports/wa,4,gairdner-wa-6337,"$104,000 | -",sales-wa,0,no
/market-reports/wa,5,borden-wa-6338,"$105,000 | -",sales-wa,0,no
/market-reports/wa,6,kukerin-wa-6352,"$105,000 | -",sales-wa,0,no
/market-reports/wa,7,tammin-wa-6409,"$107,000 | -",sales-wa,0,no
/market-reports/wa,8,koolanooka-wa-6623,"$110,000 | -",abs-census-2021,0,no
/market-reports/wa,9,old-plains-wa-6569,"$110,000 | -",abs-census-2021,0,no
/market-reports/wa,10,warakurna-wa-0872,"$110,000 | -",abs-census-2021,0,no
/market-reports/wa,11,cottesloe-wa-6011,"$3,422,500",sales-abs,0,yes
/market-reports/wa,12,city-beach-wa-6015,"$2,762,500",sales-abs,0,yes
/market-reports/wa,13,pantapin-wa-6384,"$2,201,000",sales-wa,0,no
/market-reports/wa,14,berkshire-valley-wa-6510,"$2,201,000",sales-wa,0,no
/market-reports/wa,15,kings-park-wa-6005,"$2,201,000",sales-wa,0,no
/market-reports/wa,16,yuna-wa-6532,"$2,151,000",sales-wa,0,no
/market-reports/wa,17,lyndon-wa-6701,"$1,981,000",sales-wa,0,no
/market-reports/wa,18,wandana-wa-6532,"$1,981,000",sales-wa,0,no
/market-reports/wa,19,floreat-wa-6014,"$1,945,750",sales-abs,0,yes
/market-reports/wa,20,mills-lake-wa-6336,"$1,871,000",sales-wa,0,no
/market-reports/sa,1,north-adelaide-sa-5006,"$4,270,000 | +169.4%",sales-sa,6,yes
/market-reports/sa,2,springfield-sa-5062,"$2,640,000 | +168.3%",sales-sa,2,no
/market-reports/sa,3,torrens-park-sa-5062,"$2,460,000 | +126.2%",sales-sa,4,no
/market-reports/sa,4,thebarton-sa-5031,"$1,925,000 | +114.8%",sales-sa,3,no
/market-reports/sa,5,waterfall-gully-sa-5066,"$2,000,000 | +110.5%",sales-sa,1,no
/market-reports/sa,6,glenelg-south-sa-5045,"$4,575,000 | +108.0%",sales-sa,2,no
/market-reports/sa,7,payneham-sa-5070,"$1,800,000 | +99.6%",sales-sa,5,yes
/market-reports/sa,8,everard-park-sa-5035,"$1,540,000 | +82.1%",sales-sa,3,no
/market-reports/sa,9,gillman-sa-5013,"$1,350,000 | +80.0%",sales-sa,1,no
/market-reports/sa,10,alberton-sa-5014,"$1,550,000 | +73.2%",sales-sa,1,no
/market-reports/sa,11,field-sa-5265,"$103,000 | -",rental-sa,0,no
/market-reports/sa,12,coonalpyn-sa-5265,"$103,000 | -",rental-sa,0,no
/market-reports/sa,13,wynarka-sa-5306,"$107,000 | -",rental-sa,0,no
/market-reports/sa,14,iwantja-sa-0872,"$110,000 | -",rental-sa,0,no
/market-reports/sa,15,mimili-sa-0872,"$110,000 | -",rental-sa,0,no
/market-reports/sa,16,kalka-sa-0872,"$110,000 | -",rental-sa,0,no
/market-reports/sa,17,lambina-sa-0872,"$110,000 | -",rental-sa,0,no
/market-reports/sa,18,kaltjiti-sa-0872,"$110,000 | -",rental-sa,0,no
/market-reports/sa,19,indulkana-sa-0872,"$110,000 | -",rental-sa,0,no
/market-reports/sa,20,amata-sa-0872,"$110,000 | -",rental-sa,0,no
/market-reports/sa,21,glenelg-south-sa-5045,"$4,575,000",sales-sa,2,no
/market-reports/sa,22,north-adelaide-sa-5006,"$4,270,000",sales-sa,6,yes
/market-reports/sa,23,toorak-gardens-sa-5065,"$3,470,000",sales-sa,3,no
/market-reports/sa,24,unley-sa-5061,"$3,051,000",sales-sa,5,yes
/market-reports/sa,25,tusmore-sa-5065,"$2,925,000",sales-sa,2,no
/market-reports/sa,26,rose-park-sa-5067,"$2,890,000",sales-sa,2,no
/market-reports/sa,27,fitzroy-sa-5082,"$2,875,000",sales-sa,1,no
/market-reports/sa,28,st-peters-sa-5069,"$2,853,000",sales-sa,9,yes
/market-reports/sa,29,glenside-sa-5065,"$2,807,500",sales-sa,2,no
/market-reports/sa,30,glenelg-sa-5045,"$2,775,000",sales-sa,3,no
/market-reports/tas,1,winnaleah-tas-7265,"$108,000 | -",abs-census-2021,0,no
/market-reports/tas,2,banca-tas-7265,"$108,000 | -",abs-census-2021,0,no
/market-reports/tas,3,queenstown-tas-7467,"$126,000 | -",abs-census-2021,0,no
/market-reports/tas,4,lake-margaret-tas-7467,"$126,000 | -",abs-census-2021,0,no
/market-reports/tas,5,rosebery-tas-7470,"$132,000 | -",abs-census-2021,0,no
/market-reports/tas,6,trial-harbour-tas-7469,"$133,000 | -",abs-census-2021,0,no
/market-reports/tas,7,zeehan-tas-7469,"$133,000 | -",abs-census-2021,0,no
/market-reports/tas,8,granville-harbour-tas-7469,"$133,000 | -",abs-census-2021,0,no
/market-reports/tas,9,renison-bell-tas-7469,"$133,000 | -",abs-census-2021,0,no
/market-reports/tas,10,avoca-tas-7213,"$143,000 | -",abs-census-2021,0,no
/market-reports/tas,11,sandy-bay-tas-7005,"$1,267,500",sales-abs,0,yes
/market-reports/tas,12,cambridge-tas-7170,"$1,010,000",sales-abs,0,yes
/market-reports/tas,13,west-hobart-tas-7000,"$910,500",sales-abs,0,yes
/market-reports/tas,14,south-arm-tas-7022,"$910,000",sales-abs,0,yes
/market-reports/tas,15,new-town-tas-7008,"$882,500",sales-abs,0,yes
/market-reports/tas,16,launceston-tas-7250,"$775,000",sales-abs,0,yes
/market-reports/tas,17,legana-tas-7277,"$740,000",sales-abs,0,yes
/market-reports/tas,18,port-sorell-tas-7307,"$718,500",sales-abs,0,yes
/market-reports/tas,19,newstead-tas-7250,"$665,000",sales-abs,0,yes
/market-reports/tas,20,trevallyn-tas-7250,"$650,000",sales-abs,0,yes
/market-reports/nt,1,anatye-nt-0872,"$110,000 | -",abs-census-2021,0,no
/market-reports/nt,2,amoonguna-nt-0872,"$110,000 | -",abs-census-2021,0,no
/market-reports/nt,3,amata-nt-0872,"$110,000 | -",abs-census-2021,0,no
/market-reports/nt,4,simpson-nt-0872,"$110,000 | -",abs-census-2021,0,no
/market-reports/nt,5,tara-nt-0872,"$110,000 | -",abs-census-2021,0,no
/market-reports/nt,6,kulgera-nt-0872,"$110,000 | -",abs-census-2021,0,no
/market-reports/nt,7,willowra-nt-0872,"$110,000 | -",abs-census-2021,0,no
/market-reports/nt,8,atitjere-nt-0872,"$110,000 | -",abs-census-2021,0,no
/market-reports/nt,9,santa-teresa-nt-0872,"$110,000 | -",abs-census-2021,0,no
/market-reports/nt,10,anmatjere-nt-0872,"$110,000 | -",abs-census-2021,0,no
/market-reports/nt,11,larrakeyah-nt-0820,"$1,775,000",sales-abs,0,yes
/market-reports/nt,12,nightcliff-nt-0810,"$965,000",sales-abs,0,yes
/market-reports/nt,13,parap-nt-0820,"$945,000",sales-abs,0,yes
/market-reports/nt,14,stuart-park-nt-0820,"$820,000",sales-abs,0,yes
/market-reports/nt,15,rapid-creek-nt-0810,"$800,000",sales-abs,0,yes
/market-reports/nt,16,ross-nt-0873,"$767,500",sales-abs,0,yes
/market-reports/nt,17,humpty-doo-nt-0836,"$690,000",sales-abs,0,yes
/market-reports/nt,18,mount-johns-nt-0874,"$685,000",sales-abs,0,yes
/market-reports/nt,19,weddell-nt-0822,"$670,000",sales-abs,0,yes
/market-reports/nt,20,jingili-nt-0810,"$649,000",sales-abs,0,yes
/market-reports/act,1,tuggeranong-act-2900,"$358,000 | -",abs-census-2021,0,no
/market-reports/act,2,greenway-act-2900,"$358,000 | -",sales-abs,0,yes
/market-reports/act,3,jervis-bay-act-2540,"$381,000 | -",abs-census-2021,0,no
/market-reports/act,4,wreck-bay-act-2540,"$381,000 | -",abs-census-2021,0,no
/market-reports/act,5,woden-act-2606,"$396,000 | -",abs-census-2021,0,no
/market-reports/act,6,lyons-act-2606,"$396,000 | -",abs-census-2021,0,no
/market-reports/act,7,phillip-act-2606,"$396,000 | -",sales-abs,0,yes
/market-reports/act,8,swinger-hill-act-2606,"$396,000 | -",abs-census-2021,0,no
/market-reports/act,9,o-malley-act-2606,"$396,000 | -",abs-census-2021,0,no
/market-reports/act,10,belconnen-act-2617,"$429,000 | -",sales-abs,0,yes
/market-reports/act,11,forrest-act-2603,"$5,000,000",sales-abs,0,yes
/market-reports/act,12,reid-act-2612,"$2,350,000",sales-abs,0,yes
/market-reports/act,13,yarralumla-act-2600,"$2,228,000",sales-abs,0,yes
/market-reports/act,14,turner-act-2612,"$2,195,000",sales-abs,0,yes
/market-reports/act,15,deakin-act-2600,"$1,800,000",sales-abs,0,yes
/market-reports/act,16,braddon-act-2612,"$1,720,000",sales-abs,0,yes
/market-reports/act,17,campbell-act-2612,"$1,715,000",sales-abs,0,yes
/market-reports/act,18,garran-act-2605,"$1,605,000",sales-abs,0,yes
/market-reports/act,19,isaacs-act-2607,"$1,505,000",sales-abs,0,yes
/market-reports/act,20,ainslie-act-2602,"$1,500,000",sales-abs,0,yes
/states/nsw,1,blacktown-nsw-2148,"Blacktown NSW 2148 + 8.2 % Median house $1.1M Population 50,961",sales-nsw,522,yes
/states/nsw,2,port-macquarie-nsw-2444,"Port Macquarie NSW 2444 + 4.7 % Median house $890K Population 47,693",sales-nsw,721,yes
/states/nsw,3,dubbo-nsw-2830,"Dubbo NSW 2830 + 8.7 % Median house $625K Population 43,516",sales-nsw,1028,yes
/states/nsw,4,orange-nsw-2800,"Orange NSW 2800 + 2.2 % Median house $700K Population 41,232",sales-nsw,887,yes
/states/nsw,5,castle-hill-nsw-2154,"Castle Hill NSW 2154 + 4.0 % Median house $2.5M Population 40,874",sales-nsw,455,yes
/states/nsw,6,auburn-nsw-2144,"Auburn NSW 2144 + 12.9 % Median house $1.5M Population 39,333",sales-nsw,202,yes
/states/nsw,7,baulkham-hills-nsw-2153,"Baulkham Hills NSW 2153 + 1.7 % Median house $1.9M Population 37,415",sales-nsw,445,yes
/states/nsw,8,bankstown-nsw-2200,"Bankstown NSW 2200 + 14.4 % Median house $1.5M Population 34,933",sales-nsw,120,yes
/states/nsw,9,bennetts-green-nsw-2290,"Bennetts Green NSW 2290 + 12.7 % Median house $595K Population 34,912",rental-nsw,10,no
/states/nsw,10,merrylands-nsw-2160,"Merrylands NSW 2160 + 7.7 % Median house $1.4M Population 32,472",sales-nsw,272,yes
/states/nsw,11,ryde-nsw-2112,"Ryde NSW 2112 + 3.3 % Median house $2.5M Population 31,907",sales-nsw,279,yes
/states/nsw,12,hurstville-nsw-2220,"Hurstville NSW 2220 + 12.0 % Median house $2.2M Population 31,162",sales-nsw,151,yes
/states/vic,1,point-cook-vic-3030,"Point Cook VIC 3030 Median house $800K Population 66,781",sales-vic,0,yes
/states/vic,2,craigieburn-vic-3064,"Craigieburn VIC 3064 Median house $700K Population 65,178",sales-vic,0,yes
/states/vic,3,tarneit-vic-3029,"Tarneit VIC 3029 Median house $665K Population 56,370",sales-vic,0,yes
/states/vic,4,melbourne-vic-3000,"Melbourne VIC 3000 Median house $381K Population 54,941",sales-vic,0,yes
/states/vic,5,melbourne-vic-3004,"Melbourne VIC 3004 Median house $440K Population 54,941",sales-vic,0,yes
/states/vic,6,pakenham-vic-3810,"Pakenham VIC 3810 Median house $690K Population 54,118",sales-vic,0,yes
/states/vic,7,berwick-vic-3806,"Berwick VIC 3806 Median house $870K Population 50,298",sales-vic,0,yes
/states/vic,8,werribee-vic-3030,"Werribee VIC 3030 Median house $641K Population 50,027",sales-vic,0,yes
/states/vic,9,glen-waverley-vic-3150,"Glen Waverley VIC 3150 Median house $1.7M Population 42,642",sales-vic,0,yes
/states/vic,10,sunbury-vic-3429,"Sunbury VIC 3429 Median house $675K Population 38,851",sales-vic,0,yes
/states/vic,11,frankston-vic-3199,"Frankston VIC 3199 Median house $810K Population 37,331",sales-vic,0,yes
/states/vic,12,hoppers-crossing-vic-3029,"Hoppers Crossing VIC 3029 Median house $660K Population 37,216",sales-vic,0,yes
/states/qld,1,buderim-qld-4556,"Buderim QLD 4556 Median house $440K Population 31,430",rental-qld,0,no
/states/qld,2,caboolture-qld-4510,"Caboolture QLD 4510 + 5.8 % Median house $344K Population 29,534",rental-qld,0,no
/states/qld,3,upper-coomera-qld-4209,"Upper Coomera QLD 4209 Median house $427K Population 27,180",rental-qld,0,no
/states/qld,4,surfers-paradise-qld-4217,"Surfers Paradise QLD 4217 Median house $354K Population 26,412",rental-qld,0,no
/states/qld,5,robina-qld-4226,"Robina QLD 4226 Median house $440K Population 25,659",rental-qld,0,no
/states/qld,6,morayfield-qld-4506,"Morayfield QLD 4506 + 6.0 % Median house $1.1M Population 24,898",sales-abs,0,yes
/states/qld,7,pimpama-qld-4209,"Pimpama QLD 4209 Median house $435K Population 24,601",rental-qld,0,no
/states/qld,8,redbank-plains-qld-4301,"Redbank Plains QLD 4301 Median house $605K Population 24,349",sales-abs,0,yes
/states/qld,9,north-lakes-qld-4509,"North Lakes QLD 4509 + 7.2 % Median house $820K Population 23,030",sales-abs,0,yes
/states/qld,10,forest-lake-qld-4078,"Forest Lake QLD 4078 Median house $372K Population 22,676",rental-qld,0,no
/states/qld,11,kallangur-qld-4503,"Kallangur QLD 4503 Median house $685K Population 21,761",sales-abs,0,yes
/states/qld,12,narangba-qld-4504,"Narangba QLD 4504 + 6.1 % Median house $790K Population 20,910",sales-abs,0,yes
/states/wa,1,baldivis-wa-6171,"Baldivis WA 6171 Median house $418K Population 37,697",sales-wa,0,no
/states/wa,2,canning-vale-wa-6155,"Canning Vale WA 6155 Median house $440K Population 34,504",sales-wa,0,no
/states/wa,3,ellenbrook-wa-6069,"Ellenbrook WA 6069 Median house $590K Population 24,668",sales-abs,0,yes
/states/wa,4,dianella-wa-6059,"Dianella WA 6059 Median house $440K Population 24,169",sales-wa,0,no
/states/wa,5,thornlie-wa-6108,"Thornlie WA 6108 Median house $605K Population 23,665",sales-abs,0,yes
/states/wa,6,morley-wa-6062,"Morley WA 6062 Median house $690K Population 22,539",sales-abs,0,yes
/states/wa,7,gosnells-wa-6110,"Gosnells WA 6110 Median house $530K Population 21,149",sales-abs,0,yes
/states/wa,8,willetton-wa-6155,"Willetton WA 6155 Median house $1.1M Population 19,262",sales-abs,0,yes
/states/wa,9,byford-wa-6122,"Byford WA 6122 Median house $630K Population 18,878",sales-abs,0,yes
/states/wa,10,ballajura-wa-6066,"Ballajura WA 6066 Median house $630K Population 18,459",sales-abs,0,yes
/states/wa,11,scarborough-wa-6019,"Scarborough WA 6019 Median house $1.1M Population 17,605",sales-abs,0,yes
/states/wa,12,australind-wa-6233,"Australind WA 6233 Median house $377K Population 15,988",sales-wa,0,no
/states/sa,1,mount-gambier-sa-5290,"Mount Gambier SA 5290 Median house $238K Population 25,591",rental-sa,0,no
/states/sa,2,mount-gambier-sa-5291,"Mount Gambier SA 5291 Median house $321K Population 25,591",rental-sa,0,no
/states/sa,3,morphett-vale-sa-5162,"Morphett Vale SA 5162 + 15.0 % Median house $824K Population 24,002",sales-sa,123,yes
/states/sa,4,parafield-gardens-sa-5107,"Parafield Gardens SA 5107 + 18.9 % Median house $880K Population 18,467",sales-sa,65,yes
/states/sa,5,mount-barker-sa-5251,"Mount Barker SA 5251 Median house $358K Population 18,330",rental-sa,0,no
/states/sa,6,adelaide-sa-5000,"Adelaide SA 5000 + 31.2 % Median house $1.6M Population 18,202",sales-sa,6,yes
/states/sa,7,paralowie-sa-5108,"Paralowie SA 5108 + 22.3 % Median house $820K Population 17,504",sales-sa,74,yes
/states/sa,8,murray-bridge-sa-5254,"Murray Bridge SA 5254 Median house $286K Population 15,043",rental-sa,0,no
/states/sa,9,murray-bridge-sa-5253,"Murray Bridge SA 5253 Median house $246K Population 15,043",rental-sa,0,no
/states/sa,10,prospect-sa-5082,"Prospect SA 5082 + 28.2 % Median house $1.7M Population 14,584",sales-sa,31,yes
/states/sa,11,port-lincoln-sa-5607,"Port Lincoln SA 5607 Median house $305K Population 14,458",rental-sa,0,no
/states/sa,12,port-lincoln-sa-5606,"Port Lincoln SA 5606 Median house $286K Population 14,458",rental-sa,0,no
/states/tas,1,devonport-tas-7310,"Devonport TAS 7310 Median house $463K Population 14,481",sales-abs,0,yes
/states/tas,2,sandy-bay-tas-7005,"Sandy Bay TAS 7005 Median house $1.3M Population 12,315",sales-abs,0,yes
/states/tas,3,howrah-tas-7018,"Howrah TAS 7018 Median house $352K Population 9,545",abs-census-2021,0,no
/states/tas,4,blackmans-bay-tas-7052,"Blackmans Bay TAS 7052 Median house $364K Population 7,688",abs-census-2021,0,no
/states/tas,5,newnham-tas-7248,"Newnham TAS 7248 Median house $242K Population 7,073",abs-census-2021,0,no
/states/tas,6,ulverstone-tas-7315,"Ulverstone TAS 7315 Median house $500K Population 6,653",sales-abs,0,yes
/states/tas,7,lindisfarne-tas-7015,"Lindisfarne TAS 7015 Median house $358K Population 6,639",abs-census-2021,0,no
/states/tas,8,west-hobart-tas-7000,"West Hobart TAS 7000 Median house $911K Population 6,525",sales-abs,0,yes
/states/tas,9,lenah-valley-tas-7008,"Lenah Valley TAS 7008 Median house $376K Population 6,522",abs-census-2021,0,no
/states/tas,10,wynyard-tas-7325,"Wynyard TAS 7325 Median house $506K Population 6,296",sales-abs,0,yes
/states/tas,11,new-norfolk-tas-7140,"New Norfolk TAS 7140 Median house $480K Population 6,037",sales-abs,0,yes
/states/tas,12,south-hobart-tas-7004,"South Hobart TAS 7004 Median house $372K Population 5,886",abs-census-2021,0,no
/states/nt,1,murrumujuk-nt-0822,"Murrumujuk NT 0822 Median house $440K Population 25,304",abs-census-2021,0,no
/states/nt,2,karama-nt-0812,"Karama NT 0812 Median house $435K Population 4,803",sales-abs,0,yes
/states/nt,3,leanyer-nt-0812,"Leanyer NT 0812 Median house $598K Population 4,597",sales-abs,0,yes
/states/nt,4,gillen-nt-0870,"Gillen NT 0870 Median house $383K Population 4,466",abs-census-2021,0,no
/states/nt,5,humpty-doo-nt-0836,"Humpty Doo NT 0836 Median house $690K Population 4,313",sales-abs,0,yes
/states/nt,6,zuccoli-nt-0832,"Zuccoli NT 0832 Median house $477K Population 4,131",abs-census-2021,0,no
/states/nt,7,rosebery-nt-0832,"Rosebery NT 0832 Median house $477K Population 4,127",abs-census-2021,0,no
/states/nt,8,stuart-park-nt-0820,"Stuart Park NT 0820 Median house $820K Population 4,101",sales-abs,0,yes
/states/nt,9,larrakeyah-nt-0820,"Larrakeyah NT 0820 Median house $1.8M Population 3,943",sales-abs,0,yes
/states/nt,10,nightcliff-nt-0810,"Nightcliff NT 0810 Median house $965K Population 3,884",sales-abs,0,yes
/states/nt,11,durack-nt-0830,"Durack NT 0830 Median house $429K Population 3,730",abs-census-2021,0,no
/states/nt,12,muirhead-nt-0810,"Muirhead NT 0810 Median house $453K Population 3,689",abs-census-2021,0,no
/states/act,1,kambah-act-2902,"Kambah ACT 2902 Median house $860K Population 15,670",sales-abs,0,yes
/states/act,2,ngunnawal-act-2913,"Ngunnawal ACT 2913 Median house $811K Population 10,957",sales-abs,0,yes
/states/act,3,gungahlin-act-2912,"Gungahlin ACT 2912 Median house $996K Population 8,586",sales-abs,0,yes
/states/act,4,belconnen-act-2617,"Belconnen ACT 2617 Median house $429K Population 8,502",sales-abs,0,yes
/states/act,5,harrison-act-2914,"Harrison ACT 2914 Median house $1.0M Population 8,244",sales-abs,0,yes
/states/act,6,gordon-act-2906,"Gordon ACT 2906 Median house $440K Population 7,892",abs-census-2021,0,no
/states/act,7,wanniassa-act-2903,"Wanniassa ACT 2903 Median house $880K Population 7,885",sales-abs,0,yes
/states/act,8,kaleen-act-2617,"Kaleen ACT 2617 Median house $1.0M Population 7,672",sales-abs,0,yes
/states/act,9,bruce-act-2617,"Bruce ACT 2617 Median house $1.3M Population 7,520",sales-abs,0,yes
/states/act,10,franklin-act-2913,"Franklin ACT 2913 Median house $985K Population 7,484",sales-abs,0,yes
/states/act,11,bonner-act-2914,"Bonner ACT 2914 Median house $890K Population 7,339",sales-abs,0,yes
/states/act,12,dunlop-act-2615,"Dunlop ACT 2615 Median house $838K Population 7,265",sales-abs,0,yes
/regions/blacktown,1,acacia-gardens-nsw-2763,"Acacia Gardens 2763 $1,340,000 Units $985,000",sales-nsw,61,yes
/regions/blacktown,2,beaumont-hills-nsw-2155,"Beaumont Hills 2155 $1,855,500 Units $475,200",sales-nsw,124,yes
/regions/blacktown,3,bidwill-nsw-2770,"Bidwill 2770 $818,500 Units $285,120",sales-nsw,26,yes
/regions/blacktown,4,blackett-nsw-2770,"Blackett 2770 $846,000 Units $285,120",sales-nsw,37,yes
/regions/blacktown,5,bungarribee-nsw-2767,"Bungarribee 2767 $1,320,000 Units $348,480",sales-nsw,25,yes
/regions/blacktown,6,caddens-nsw-2747,"Caddens 2747 $1,110,500 Units $348,480",sales-nsw,66,yes
/regions/blacktown,7,cambridge-gardens-nsw-2747,"Cambridge Gardens 2747 $960,000 Units $348,480",sales-nsw,29,yes
/regions/blacktown,8,cambridge-park-nsw-2747,"Cambridge Park 2747 $1,000,000 Units $667,500",sales-nsw,113,yes
/regions/blacktown,9,claremont-meadows-nsw-2747,"Claremont Meadows 2747 $1,322,000 Units $348,480",sales-nsw,80,yes
/regions/blacktown,10,colebee-nsw-2761,"Colebee 2761 $1,324,000 Units $343,440",sales-nsw,140,yes
/regions/blacktown,11,colyton-nsw-2760,"Colyton 2760 $987,500 Units $316,800",sales-nsw,122,yes
/regions/blacktown,12,dean-park-nsw-2761,"Dean Park 2761 $1,050,000 Units $343,440",sales-nsw,42,yes
/regions/blacktown,13,dharruk-nsw-2770,"Dharruk 2770 $900,000 Units $285,120",sales-nsw,17,yes
/regions/blacktown,14,doonside-nsw-2767,"Doonside 2767 $1,050,000 Units $348,480",sales-nsw,117,yes
/regions/blacktown,15,eastern-creek-nsw-2766,"Eastern Creek 2766 $1,355,000 Units $343,440",sales-nsw,8,yes
/regions/blacktown,16,emerton-nsw-2770,"Emerton 2770 $900,000 Units $285,120",sales-nsw,17,yes
/regions/blacktown,17,glendenning-nsw-2761,"Glendenning 2761 $1,013,000 Units $343,440",sales-nsw,73,yes
/regions/blacktown,18,glenwood-nsw-2768,"Glenwood 2768 $1,690,000 Units $1,131,500",sales-nsw,167,yes
/regions/blacktown,19,hassall-grove-nsw-2761,"Hassall Grove 2761 $1,000,000 Units $343,440",sales-nsw,55,yes
/regions/blacktown,20,hebersham-nsw-2770,"Hebersham 2770 $900,000 Units $285,120",sales-nsw,71,yes
/regions/blacktown,21,jordan-springs-nsw-2747,"Jordan Springs 2747 $1,043,600 Units $348,480",sales-nsw,228,yes
/regions/blacktown,22,kellyville-nsw-2155,"Kellyville 2155 $1,875,000 Units $475,200",sales-nsw,356,yes
/regions/blacktown,23,kellyville-ridge-nsw-2155,"Kellyville Ridge 2155 $1,600,000 Units $475,200",sales-nsw,145,yes
/regions/blacktown,24,kingswood-nsw-2747,"Kingswood 2747 $1,015,000 Units $348,480",sales-nsw,116,yes
/regions/blacktown,25,lethbridge-park-nsw-2770,"Lethbridge Park 2770 $830,000 Units $285,120",sales-nsw,57,yes
/regions/blacktown,26,llandilo-nsw-2747,"Llandilo 2747 $2,503,000 Units $348,480",sales-nsw,13,yes
/regions/blacktown,27,minchinbury-nsw-2770,"Minchinbury 2770 $1,166,000 Units $285,120",sales-nsw,43,yes
/regions/blacktown,28,mount-druitt-nsw-2770,"Mount Druitt 2770 $1,019,000 Units $285,120",sales-nsw,134,yes
/regions/blacktown,29,nirimba-fields-nsw-2763,"Nirimba Fields 2763 $1,236,000 Units $377,280",sales-nsw,41,yes
/regions/blacktown,30,north-kellyville-nsw-2155,"North Kellyville 2155 $1,790,046 Units $660,000",sales-nsw,318,yes
/regions/blacktown,31,north-st-marys-nsw-2760,"North St Marys 2760 $990,000 Units $316,800",sales-nsw,51,yes
/regions/blacktown,32,oakhurst-nsw-2761,"Oakhurst 2761 $990,000 Units $343,440",sales-nsw,70,yes
/regions/blacktown,33,oxley-park-nsw-2760,"Oxley Park 2760 $955,000 Units $316,800",sales-nsw,26,yes
/regions/blacktown,34,parklea-nsw-2768,"Parklea 2768 $1,432,500 Units $411,840",sales-nsw,29,yes
/regions/blacktown,35,plumpton-nsw-2761,"Plumpton 2761 $995,750 Units $343,440",sales-nsw,88,yes
/regions/blacktown,36,quakers-hill-nsw-2763,"Quakers Hill 2763 $1,300,000 Units $833,250",sales-nsw,325,yes
/regions/blacktown,37,rooty-hill-nsw-2766,"Rooty Hill 2766 $1,022,500 Units $343,440",sales-nsw,124,yes
/regions/blacktown,38,ropes-crossing-nsw-2760,"Ropes Crossing 2760 $1,000,000 Units $316,800",sales-nsw,97,yes
/regions/blacktown,39,rouse-hill-nsw-2155,"Rouse Hill 2155 $1,358,888 Units $475,200",sales-nsw,289,yes
/regions/blacktown,40,schofields-nsw-2762,"Schofields 2762 $1,250,000 Units $437,040",sales-nsw,301,yes
/regions/blacktown,41,shalvey-nsw-2770,"Shalvey 2770 $870,000 Units $285,120",sales-nsw,39,yes
/regions/blacktown,42,shanes-park-nsw-2747,"Shanes Park 2747 $2,850,000 Units $348,480",sales-nsw,3,no
/regions/blacktown,43,stanhope-gardens-nsw-2768,"Stanhope Gardens 2768 $1,525,000 Units $411,840",sales-nsw,100,yes
/regions/blacktown,44,st-marys-nsw-2760,"St Marys 2760 $1,054,000 Units $316,800",sales-nsw,142,yes
/regions/blacktown,45,tallawong-nsw-2762,"Tallawong 2762 $1,354,000 Units $437,040",sales-nsw,217,yes
/regions/blacktown,46,the-ponds-nsw-2769,"The Ponds 2769 $1,611,000 Units $475,200",sales-nsw,222,yes
/regions/blacktown,47,tregear-nsw-2770,"Tregear 2770 $837,500 Units $285,120",sales-nsw,50,yes
/regions/blacktown,48,werrington-nsw-2747,"Werrington 2747 $1,049,980 Units $348,480",sales-nsw,69,yes
/regions/blacktown,49,werrington-county-nsw-2747,"Werrington County 2747 $1,012,000 Units $348,480",sales-nsw,47,yes
/regions/blacktown,50,werrington-downs-nsw-2747,"Werrington Downs 2747 $1,060,000 Units $348,480",sales-nsw,43,yes
/regions/blacktown,51,whalan-nsw-2770,"Whalan 2770 $875,000 Units $285,120",sales-nsw,55,yes
/regions/blacktown,52,willmot-nsw-2770,"Willmot 2770 $800,000 Units $285,120",sales-nsw,19,yes
/regions/blacktown,53,woodcroft-nsw-2767,"Woodcroft 2767 $995,000 Units $348,480",sales-nsw,64,yes
/regions/brisbane,1,albany-creek-qld-4035,"Albany Creek 4035 $973,000 Units $651,000",sales-abs,0,yes
/regions/brisbane,2,alderley-qld-4051,"Alderley 4051 $1,330,000 Units $593,000",sales-abs,0,yes
/regions/brisbane,3,algester-qld-4115,"Algester 4115 $900,000 Units $621,000",sales-abs,0,yes
/regions/brisbane,4,annerley-qld-4103,"Annerley 4103 $1,210,000 Units $616,500",sales-abs,0,yes
/regions/brisbane,5,ashgrove-qld-4060,"Ashgrove 4060 $1,685,000 Units $690,000",sales-abs,0,yes
/regions/brisbane,6,aspley-qld-4034,"Aspley 4034 $1,012,500 Units $640,000",sales-abs,0,yes
/regions/brisbane,7,auchenflower-qld-4066,"Auchenflower 4066 $1,530,000 Units $626,200",sales-abs,0,yes
/regions/brisbane,8,bald-hills-qld-4036,"Bald Hills 4036 $795,000 Units $500,000",sales-abs,0,yes
/regions/brisbane,9,balmoral-qld-4171,"Balmoral 4171 $1,880,000 Units $710,000",sales-abs,0,yes
/regions/brisbane,10,bardon-qld-4065,"Bardon 4065 $1,732,500 Units $940,500",sales-abs,0,yes
/regions/brisbane,11,boondall-qld-4034,"Boondall 4034 $845,000 Units $580,000",sales-abs,0,yes
/regions/brisbane,12,bracken-ridge-qld-4017,"Bracken Ridge 4017 $840,000 Units $545,000",sales-abs,0,yes
/regions/brisbane,13,bridgeman-downs-qld-4035,"Bridgeman Downs 4035 $1,300,000 Units $622,500",sales-abs,0,yes
/regions/brisbane,14,brisbane-city-qld-4000,"Brisbane City 4000 $1,340,000 Units $578,750",sales-abs,0,yes
/regions/brisbane,15,bulimba-qld-4171,"Bulimba 4171 $1,937,500 Units $817,500",sales-abs,0,yes
/regions/brisbane,16,camp-hill-qld-4152,"Camp Hill 4152 $1,642,500 Units $880,000",sales-abs,0,yes
/regions/brisbane,17,cannon-hill-qld-4170,"Cannon Hill 4170 $1,410,500 Units $620,000",sales-abs,0,yes
/regions/brisbane,18,carina-qld-4152,"Carina 4152 $1,115,000 Units $762,000",sales-abs,0,yes
/regions/brisbane,19,carina-heights-qld-4152,"Carina Heights 4152 $1,200,000 Units $705,000",sales-abs,0,yes
/regions/brisbane,20,carindale-qld-4152,"Carindale 4152 $1,546,000 Units $852,500",sales-abs,0,yes
/regions/brisbane,21,carseldine-qld-4034,"Carseldine 4034 $1,010,250 Units $595,000",sales-abs,0,yes
/regions/brisbane,22,chapel-hill-qld-4069,"Chapel Hill 4069 $1,425,000 Units $1,600,000",sales-abs,0,yes
/regions/brisbane,23,chermside-qld-4032,"Chermside 4032 $975,000 Units $538,750",sales-abs,0,yes
/regions/brisbane,24,chermside-west-qld-4032,"Chermside West 4032 $970,000 Units $705,000",sales-abs,0,yes
/regions/brisbane,25,clayfield-qld-4011,"Clayfield 4011 $2,200,000 Units $570,000",sales-abs,0,yes
/regions/brisbane,26,coopers-plains-qld-4108,"Coopers Plains 4108 $965,000 Units $600,000",sales-abs,0,yes
/regions/brisbane,27,coorparoo-qld-4151,"Coorparoo 4151 $1,675,000 Units $615,000",sales-abs,0,yes
/regions/brisbane,28,corinda-qld-4075,"Corinda 4075 $1,200,044 Units $535,000",sales-abs,0,yes
/regions/brisbane,29,daisy-hill-qld-4127,"Daisy Hill 4127 $908,393 Units $490,000",sales-abs,0,yes
/regions/brisbane,30,deagon-qld-4017,"Deagon 4017 $800,000 Units $220,000",sales-abs,0,yes
/regions/brisbane,31,doolandella-qld-4077,"Doolandella 4077 $783,888 Units $497,000",sales-abs,0,yes
/regions/brisbane,32,durack-qld-4077,"Durack 4077 $742,500 Units $495,000",sales-abs,0,yes
/regions/brisbane,33,east-brisbane-qld-4169,"East Brisbane 4169 $1,490,000 Units $602,500",sales-abs,0,yes
/regions/brisbane,34,eight-mile-plains-qld-4113,"Eight Mile Plains 4113 $1,410,000 Units $607,000",sales-abs,0,yes
/regions/brisbane,35,enoggera-qld-4051,"Enoggera 4051 $1,207,500 Units $581,000",sales-abs,0,yes
/regions/brisbane,36,fig-tree-pocket-qld-4069,"Fig Tree Pocket 4069 $1,825,000 Units $396,000",sales-abs,0,yes
/regions/brisbane,37,fortitude-valley-qld-4006,"Fortitude Valley 4006 $378,000 Units $500,000",sales-abs,0,yes
/regions/brisbane,38,geebung-qld-4034,"Geebung 4034 $983,500 Units $300,960",sales-abs,0,yes
/regions/brisbane,39,grange-qld-4051,"Grange 4051 $1,747,500 Units $830,000",sales-abs,0,yes
/regions/brisbane,40,greenslopes-qld-4120,"Greenslopes 4120 $1,320,000 Units $607,000",sales-abs,0,yes
/regions/brisbane,41,hawthorne-qld-4171,"Hawthorne 4171 $2,100,000 Units $757,000",sales-abs,0,yes
/regions/brisbane,42,hendra-qld-4011,"Hendra 4011 $1,710,000 Units $837,500",sales-abs,0,yes
/regions/brisbane,43,highgate-hill-qld-4101,"Highgate Hill 4101 $1,815,000 Units $702,000",sales-abs,0,yes
/regions/brisbane,44,holland-park-qld-4121,"Holland Park 4121 $1,350,000 Units $625,000",sales-abs,0,yes
/regions/brisbane,45,holland-park-west-qld-4121,"Holland Park West 4121 $1,179,500 Units $621,750",sales-abs,0,yes
/regions/brisbane,46,indooroopilly-qld-4068,"Indooroopilly 4068 $1,593,500 Units $646,500",sales-abs,0,yes
/regions/brisbane,47,kangaroo-point-qld-4169,"Kangaroo Point 4169 $1,650,000 Units $680,000",sales-abs,0,yes
/regions/brisbane,48,kenmore-qld-4069,"Kenmore 4069 $1,175,000 Units $945,000",sales-abs,0,yes
/regions/brisbane,49,keperra-qld-4054,"Keperra 4054 $900,000 Units $700,500",sales-abs,0,yes
/regions/brisbane,50,kuraby-qld-4112,"Kuraby 4112 $1,200,000 Units $505,000",sales-abs,0,yes
/regions/brisbane,51,manly-west-qld-4179,"Manly West 4179 $1,050,000 Units $710,000",sales-abs,0,yes
/regions/brisbane,52,moorooka-qld-4105,"Moorooka 4105 $1,050,000 Units $548,000",sales-abs,0,yes
/regions/brisbane,53,moreton-island-qld-4025,"Moreton Island 4025 $1,625,000 Units $240,480",sales-abs,0,yes
/regions/brisbane,54,mount-gravatt-qld-4122,"Mount Gravatt 4122 $1,100,000 Units $631,000",sales-abs,0,yes
/regions/brisbane,55,murarrie-qld-4172,"Murarrie 4172 $1,075,000 Units $795,000",sales-abs,0,yes
/regions/brisbane,56,new-farm-qld-4005,"New Farm 4005 $2,908,400 Units $820,000",sales-abs,0,yes
/regions/brisbane,57,newmarket-qld-4051,"Newmarket 4051 $1,490,000 Units $560,000",sales-abs,0,yes
/regions/brisbane,58,norman-park-qld-4170,"Norman Park 4170 $1,500,000 Units $762,500",sales-abs,0,yes
/regions/brisbane,59,nundah-qld-4012,"Nundah 4012 $1,165,000 Units $542,000",sales-abs,0,yes
/regions/brisbane,60,riverhills-qld-4074,"Riverhills 4074 $835,000 Units $570,000",sales-abs,0,yes
/regions/brisbane,61,robertson-qld-4109,"Robertson 4109 $2,011,944 Units $605,500",sales-abs,0,yes
/regions/brisbane,62,runcorn-qld-4113,"Runcorn 4113 $935,000 Units $580,000",sales-abs,0,yes
/regions/brisbane,63,samford-valley-qld-4520,"Samford Valley 4520 $1,600,000 Units $389,520",sales-abs,0,yes
/regions/brisbane,64,sherwood-qld-4075,"Sherwood 4075 $1,456,000 Units $605,000",sales-abs,0,yes
/regions/brisbane,65,slacks-creek-qld-4127,"Slacks Creek 4127 $660,000 Units $375,000",sales-abs,0,yes
/regions/brisbane,66,south-brisbane-qld-4101,"South Brisbane 4101 $1,910,000 Units $590,000",sales-abs,0,yes
/regions/brisbane,67,spring-hill-qld-4000,"Spring Hill 4000 $1,600,000 Units $476,000",sales-abs,0,yes
/regions/brisbane,68,springwood-qld-4127,"Springwood 4127 $895,000 Units $451,000",sales-abs,0,yes
/regions/brisbane,69,st-lucia-qld-4067,"St Lucia 4067 $1,970,000 Units $625,000",sales-abs,0,yes
/regions/brisbane,70,sunnybank-qld-4109,"Sunnybank 4109 $1,250,000 Units $622,500",sales-abs,0,yes
/regions/brisbane,71,sunnybank-hills-qld-4109,"Sunnybank Hills 4109 $1,099,500 Units $695,000",sales-abs,0,yes
/regions/brisbane,72,taringa-qld-4068,"Taringa 4068 $1,646,000 Units $628,500",sales-abs,0,yes
/regions/brisbane,73,tarragindi-qld-4121,"Tarragindi 4121 $1,315,060 Units $372,240",sales-abs,0,yes
/regions/brisbane,74,tingalpa-qld-4173,"Tingalpa 4173 $960,000 Units $620,000",sales-abs,0,yes
/regions/brisbane,75,toowong-qld-4066,"Toowong 4066 $1,587,500 Units $620,000",sales-abs,0,yes
/regions/brisbane,76,upper-mount-gravatt-qld-4122,"Upper Mount Gravatt 4122 $997,500 Units $555,000",sales-abs,0,yes
/regions/brisbane,77,wacol-qld-4076,"Wacol 4076 $600,000 Units $422,500",sales-abs,0,yes
/regions/brisbane,78,wakerley-qld-4154,"Wakerley 4154 $1,277,500 Units $650,000",sales-abs,0,yes
/regions/brisbane,79,wavell-heights-qld-4012,"Wavell Heights 4012 $1,250,000 Units $615,000",sales-abs,0,yes
/regions/brisbane,80,westlake-qld-4074,"Westlake 4074 $1,245,000 Units $316,800",sales-abs,0,yes
/regions/brisbane,81,wilston-qld-4051,"Wilston 4051 $1,875,000 Units $530,000",sales-abs,0,yes
/regions/brisbane,82,windsor-qld-4030,"Windsor 4030 $1,227,500 Units $555,000",sales-abs,0,yes
/regions/brisbane,83,wishart-qld-4122,"Wishart 4122 $1,300,000 Units $686,500",sales-abs,0,yes
/regions/brisbane,84,woolloongabba-qld-4102,"Woolloongabba 4102 $1,500,000 Units $606,000",sales-abs,0,yes
/regions/brisbane,85,yeronga-qld-4104,"Yeronga 4104 $1,275,000 Units $658,250",sales-abs,0,yes
/regions/brisbane,86,zillmere-qld-4034,"Zillmere 4034 $811,250 Units $515,000",sales-abs,0,yes
/regions/moreton-bay,1,bray-park-qld-4500,"Bray Park 4500 $723,500 Units $282,240",sales-abs,0,yes
/regions/moreton-bay,2,burpengary-qld-4505,"Burpengary 4505 $750,000 Units $445,000",sales-abs,0,yes
/regions/moreton-bay,3,cashmere-qld-4500,"Cashmere 4500 $897,000 Units $497,499",sales-abs,0,yes
/regions/moreton-bay,4,dakabin-qld-4503,"Dakabin 4503 $724,000 Units $505,000",sales-abs,0,yes
/regions/moreton-bay,5,dayboro-qld-4521,"Dayboro 4521 $1,150,000 Units $343,440",sales-abs,0,yes
/regions/moreton-bay,6,deception-bay-qld-4508,"Deception Bay 4508 $663,000 Units $445,000",sales-abs,0,yes
/regions/moreton-bay,7,eatons-hill-qld-4037,"Eatons Hill 4037 $990,000 Units $340,560",sales-abs,0,yes
/regions/moreton-bay,8,elimbah-qld-4516,"Elimbah 4516 $1,085,000 Units $316,800",sales-abs,0,yes
/regions/moreton-bay,9,everton-park-qld-4053,"Everton Park 4053 $999,150 Units $625,000",sales-abs,0,yes
/regions/moreton-bay,10,kallangur-qld-4503,"Kallangur 4503 $685,000 Units $470,000",sales-abs,0,yes
/regions/moreton-bay,11,lawnton-qld-4501,"Lawnton 4501 $756,500 Units $470,000",sales-abs,0,yes
/regions/moreton-bay,12,mango-hill-qld-4509,"Mango Hill 4509 $830,000 Units $515,000",sales-abs,0,yes
/regions/moreton-bay,13,mcdowall-qld-4053,"Mcdowall 4053 $1,100,000 Units $645,000",sales-abs,0,yes
/regions/moreton-bay,14,mitchelton-qld-4053,"Mitchelton 4053 $1,100,000 Units $552,000",sales-abs,0,yes
/regions/moreton-bay,15,morayfield-qld-4506,"Morayfield 4506 $1,095,000 Units $520,000",sales-abs,0,yes
/regions/moreton-bay,16,narangba-qld-4504,"Narangba 4504 $789,500 Units $479,250",sales-abs,0,yes
/regions/moreton-bay,17,north-lakes-qld-4509,"North Lakes 4509 $820,000 Units $530,000",sales-abs,0,yes
/regions/moreton-bay,18,petrie-qld-4502,"Petrie 4502 $769,250 Units $450,000",sales-abs,0,yes
/regions/moreton-bay,19,redcliffe-qld-4020,"Redcliffe 4020 $785,000 Units $569,000",sales-abs,0,yes
/regions/moreton-bay,20,stafford-qld-4053,"Stafford 4053 $1,025,000 Units $525,000",sales-abs,0,yes
/regions/moreton-bay,21,stafford-heights-qld-4053,"Stafford Heights 4053 $1,045,000 Units $326,880",sales-abs,0,yes
/regions/moreton-bay,22,upper-caboolture-qld-4510,"Upper Caboolture 4510 $1,063,750 Units $251,280",sales-abs,0,yes
/regions/moreton-bay,23,wamuran-qld-4512,"Wamuran 4512 $1,117,500 Units $316,800",sales-abs,0,yes
/regions/yarra,1,abbotsford-vic-3067,"Abbotsford 3067 $1,295,000 Units $343,440",sales-vic,0,yes
/regions/yarra,2,alphington-vic-3078,"Alphington 3078 $2,025,000 Units $921,300",sales-vic,0,yes
/regions/yarra,3,clifton-hill-vic-3066,"Clifton Hill 3066 $1,735,000 Units $719,500",sales-vic,0,yes
/regions/yarra,4,collingwood-vic-3066,"Collingwood 3066 $1,403,500 Units $660,000",sales-vic,0,yes
/regions/yarra,5,cremorne-vic-3121,"Cremorne 3121 $1,187,500 Units $670,000",sales-vic,0,yes
/regions/yarra,6,fairfield-vic-3078,"Fairfield 3078 $2,050,000 Units $594,000",sales-vic,0,yes
/regions/yarra,7,fitzroy-vic-3065,"Fitzroy 3065 $1,815,000 Units $824,000",sales-vic,0,yes
/regions/yarra,8,richmond-vic-3121,"Richmond 3121 $1,435,000 Units $566,300",sales-vic,0,yes
/regions/port-adelaide-enfield,1,alberton-sa-5014,"Alberton 5014 $1,550,000 Units $250,560",sales-sa,1,no
/regions/port-adelaide-enfield,2,albert-park-sa-5014,"Albert Park 5014 $1,060,000 Units $250,560",sales-sa,7,yes
/regions/port-adelaide-enfield,3,angle-park-sa-5010,"Angle Park 5010 $852,500 Units $237,600",sales-sa,6,yes
/regions/port-adelaide-enfield,4,blair-athol-sa-5084,"Blair Athol 5084 $1,033,750 Units $240,480",sales-sa,21,yes
/regions/port-adelaide-enfield,5,broadview-sa-5083,"Broadview 5083 $1,150,000 Units $284,400",sales-sa,13,yes
/regions/port-adelaide-enfield,6,cheltenham-sa-5014,"Cheltenham 5014 $991,500 Units $250,560",sales-sa,7,yes
/regions/port-adelaide-enfield,7,clearview-sa-5085,"Clearview 5085 $1,002,000 Units $259,920",sales-sa,17,yes
/regions/port-adelaide-enfield,8,croydon-sa-5008,"Croydon 5008 $1,512,810 Units $271,440",sales-sa,6,yes
/regions/port-adelaide-enfield,9,croydon-park-sa-5008,"Croydon Park 5008 $1,125,000 Units $271,440",sales-sa,11,yes
/regions/port-adelaide-enfield,10,dernancourt-sa-5075,"Dernancourt 5075 $1,182,500 Units $261,360",sales-sa,13,yes
/regions/port-adelaide-enfield,11,devon-park-sa-5008,"Devon Park 5008 $1,230,000 Units $271,440",sales-sa,7,yes
/regions/port-adelaide-enfield,12,enfield-sa-5085,"Enfield 5085 $915,000 Units $259,920",sales-sa,23,yes
/regions/port-adelaide-enfield,13,ferryden-park-sa-5010,"Ferryden Park 5010 $900,000 Units $237,600",sales-sa,10,yes
/regions/port-adelaide-enfield,14,fitzroy-sa-5082,"Fitzroy 5082 $2,875,000 Units $308,880",sales-sa,1,no
/regions/port-adelaide-enfield,15,hendon-sa-5014,"Hendon 5014 $960,000 Units $250,560",sales-sa,9,yes
/regions/port-adelaide-enfield,16,holden-hill-sa-5088,"Holden Hill 5088 $870,500 Units $237,600",sales-sa,12,yes
/regions/port-adelaide-enfield,17,ingle-farm-sa-5098,"Ingle Farm 5098 $895,000 Units $229,680",sales-sa,49,yes
/regions/port-adelaide-enfield,18,kilburn-sa-5084,"Kilburn 5084 $1,085,000 Units $240,480",sales-sa,6,yes
/regions/port-adelaide-enfield,19,klemzig-sa-5087,"Klemzig 5087 $1,131,000 Units $257,760",sales-sa,27,yes
/regions/port-adelaide-enfield,20,largs-bay-sa-5016,"Largs Bay 5016 $1,025,000 Units $270,720",sales-sa,14,yes
/regions/port-adelaide-enfield,21,largs-north-sa-5016,"Largs North 5016 $956,250 Units $270,720",sales-sa,4,no
/regions/port-adelaide-enfield,22,lightsview-sa-5085,"Lightsview 5085 $850,000 Units $259,920",sales-sa,32,yes
/regions/port-adelaide-enfield,23,nailsworth-sa-5083,"Nailsworth 5083 $1,400,000 Units $284,400",sales-sa,7,yes
/regions/port-adelaide-enfield,24,northfield-sa-5085,"Northfield 5085 $945,000 Units $259,920",sales-sa,17,yes
/regions/port-adelaide-enfield,25,northgate-sa-5085,"Northgate 5085 $1,250,000 Units $259,920",sales-sa,9,yes
/regions/port-adelaide-enfield,26,north-haven-sa-5018,"North Haven 5018 $1,081,000 Units $259,200",sales-sa,23,yes
/regions/port-adelaide-enfield,27,osborne-sa-5017,"Osborne 5017 $895,000 Units $221,760",sales-sa,9,yes
/regions/port-adelaide-enfield,28,ovingham-sa-5082,"Ovingham 5082 $1,255,000 Units $308,880",sales-sa,3,no
/regions/port-adelaide-enfield,29,paradise-sa-5075,"Paradise 5075 $1,183,500 Units $261,360",sales-sa,13,yes
/regions/port-adelaide-enfield,30,peterhead-sa-5016,"Peterhead 5016 $1,008,750 Units $270,720",sales-sa,3,no
/regions/port-adelaide-enfield,31,prospect-sa-5082,"Prospect 5082 $1,705,000 Units $308,880",sales-sa,31,yes
/regions/port-adelaide-enfield,32,queenstown-sa-5014,"Queenstown 5014 $1,059,000 Units $250,560",sales-sa,2,no
/regions/port-adelaide-enfield,33,regency-park-sa-5010,"Regency Park 5010 $795,000 Units $237,600",sales-sa,1,no
/regions/port-adelaide-enfield,34,renown-park-sa-5008,"Renown Park 5008 $970,000 Units $271,440",sales-sa,3,no
/regions/port-adelaide-enfield,35,ridleyton-sa-5008,"Ridleyton 5008 $1,060,000 Units $271,440",sales-sa,3,no
/regions/port-adelaide-enfield,36,royal-park-sa-5014,"Royal Park 5014 $937,500 Units $250,560",sales-sa,10,yes
/regions/port-adelaide-enfield,37,sefton-park-sa-5083,"Sefton Park 5083 $1,151,900 Units $284,400",sales-sa,4,no
/regions/port-adelaide-enfield,38,taperoo-sa-5017,"Taperoo 5017 $850,000 Units $221,760",sales-sa,11,yes
/regions/port-adelaide-enfield,39,walkley-heights-sa-5098,"Walkley Heights 5098 $1,100,000 Units $229,680",sales-sa,6,yes
/regions/port-adelaide-enfield,40,west-croydon-sa-5008,"West Croydon 5008 $1,225,000 Units $271,440",sales-sa,15,yes
/regions/port-adelaide-enfield,41,windsor-gardens-sa-5087,"Windsor Gardens 5087 $985,000 Units $257,760",sales-sa,23,yes
/postcodes/2026,1,bondi-beach-nsw-2026,government | 1120,sales-nsw,41,yes
/postcodes/2026,2,bondi-beach-nsw-2026,government | 1025,sales-nsw,41,yes
/postcodes/2026,3,bondi-beach-nsw-2026,catholic | 1160,sales-nsw,41,yes
/postcodes/2026,4,bondi-nsw-2026,government | 1139,sales-nsw,35,yes
/postcodes/2026,5,bondi-nsw-2026,independent | 987,sales-nsw,35,yes
/postcodes/2026,6,bondi-nsw-2026,independent | 1188,sales-nsw,35,yes
/postcodes/2850,1,mudgee-nsw-2850,government | 925,sales-nsw,300,yes
/postcodes/2850,2,mudgee-nsw-2850,government | 951,sales-nsw,300,yes
/postcodes/2850,3,mudgee-nsw-2850,government | 928,sales-nsw,300,yes
/postcodes/2850,4,mudgee-nsw-2850,catholic | 1022,sales-nsw,300,yes
/postcodes/2850,5,hargraves-nsw-2850,government | 840,sales-nsw,11,yes
/postcodes/2850,6,lue-nsw-2850,government | 886,sales-nsw,1,no
/postcodes/2850,7,ilford-nsw-2850,government | 964,sales-nsw,3,no
/postcodes/2850,8,hill-end-nsw-2850,government | 972,sales-nsw,2,no
/postcodes/3101,1,kew-vic-3101,independent | 1132,sales-vic,0,yes
/postcodes/3101,2,kew-vic-3101,government | 1151,sales-vic,0,yes
/postcodes/3101,3,kew-vic-3101,catholic | 1154,sales-vic,0,yes
/postcodes/3101,4,kew-vic-3101,catholic | 1169,sales-vic,0,yes
/postcodes/3101,5,kew-vic-3101,catholic | 1127,sales-vic,0,yes
/postcodes/3101,6,kew-vic-3101,independent | 1198,sales-vic,0,yes
/postcodes/3101,7,kew-vic-3101,independent | 1190,sales-vic,0,yes
/postcodes/3101,8,kew-vic-3101,independent | 1180,sales-vic,0,yes
/postcodes/3101,9,kew-vic-3101,independent | 1177,sales-vic,0,yes
/postcodes/3101,10,kew-vic-3101,independent | 1154,sales-vic,0,yes
/postcodes/3101,11,kew-vic-3101,independent | 1125,sales-vic,0,yes
/postcodes/4211,1,nerang-qld-4211,government | 979,rental-qld,0,no
/postcodes/4211,2,nerang-qld-4211,government | 970,rental-qld,0,no
/postcodes/4211,3,nerang-qld-4211,catholic | 1036,rental-qld,0,no
/postcodes/4211,4,pacific-pines-qld-4211,government | 1016,rental-qld,0,no
/postcodes/4211,5,pacific-pines-qld-4211,government | 1009,rental-qld,0,no
/postcodes/4211,6,pacific-pines-qld-4211,government | 1032,rental-qld,0,no
/postcodes/4211,7,pacific-pines-qld-4211,catholic | 1058,rental-qld,0,no
/postcodes/4211,8,carrara-qld-4211,independent | 1139,sales-abs,0,yes
/postcodes/4211,9,carrara-qld-4211,independent | 1084,sales-abs,0,yes
/postcodes/4211,10,highland-park-qld-4211,government | 975,sales-abs,0,yes
/postcodes/4211,11,gilston-qld-4211,government | 1026,sales-qld,0,no
/postcodes/4211,12,mount-nathan-qld-4211,independent | 1073,sales-qld,0,no
/postcodes/4211,13,beechmont-qld-4211,government | 1042,sales-qld,0,no
/postcodes/4211,14,numinbah-valley-qld-4211,government | 972,sales-qld,0,no
/postcodes/5000,1,adelaide-sa-5000,independent | 1170,sales-sa,6,yes
/postcodes/5000,2,adelaide-sa-5000,independent | 1079,sales-sa,6,yes
/postcodes/5000,3,adelaide-sa-5000,government | 1107,sales-sa,6,yes
/postcodes/5000,4,adelaide-sa-5000,government | 1094,sales-sa,6,yes
/postcodes/5000,5,adelaide-sa-5000,government | 1114,sales-sa,6,yes
/postcodes/5000,6,adelaide-sa-5000,catholic | 1074,sales-sa,6,yes
/postcodes/5000,7,adelaide-sa-5000,catholic | 1081,sales-sa,6,yes
/postcodes/5000,8,adelaide-sa-5000,catholic | 1073,sales-sa,6,yes
/postcodes/5000,9,adelaide-sa-5000,independent | 1026,sales-sa,6,yes
/postcodes/5000,10,adelaide-sa-5000,government | 1103,sales-sa,6,yes
/postcodes/5000,11,adelaide-sa-5000,independent | 1029,sales-sa,6,yes
/postcodes/6000,1,perth-wa-6000,independent | 1122,sales-wa,0,no
/postcodes/6000,2,perth-wa-6000,independent | 1139,sales-wa,0,no
