query,page,clicks,impressions,ctr,position
your property guide,https://www.yourpropertyguide.com.au/,7,20,0.35,1.1
casuarina nsw postcode,https://www.yourpropertyguide.com.au/suburbs/casuarina-nsw-2487,2,86,0.0233,7.2
3310 postcode,https://www.yourpropertyguide.com.au/postcodes/3310,1,14,0.0714,6.8
arundel postcode,https://www.yourpropertyguide.com.au/suburbs/arundel-qld-4214,1,875,0.0011,6.3
bulleen postcode,https://www.yourpropertyguide.com.au/suburbs/bulleen-vic-3105,1,377,0.0027,11.6
burra south australia,https://www.yourpropertyguide.com.au/suburbs/burra-sa-5417,1,2,0.5,2.5
little mountain,https://www.yourpropertyguide.com.au/suburbs/little-mountain-qld-4551,1,3,0.3333,4
moorebank postcode,https://www.yourpropertyguide.com.au/suburbs/moorebank-nsw-2170,1,1008,0.001,7.4
morayfield postcode,https://www.yourpropertyguide.com.au/suburbs/morayfield-qld-4506,1,3156,0.0003,8.4
no1 property guide,https://www.yourpropertyguide.com.au/,1,19,0.0526,16.9
parrearra postcode,https://www.yourpropertyguide.com.au/suburbs/parrearra-qld-4575,1,212,0.0047,6.1
property guide australia,https://www.yourpropertyguide.com.au/,1,11,0.0909,5.6
sydney house prices predictions,https://www.yourpropertyguide.com.au/guides/house-price-forecasts-2026-2027-by-capital-city,1,1,1,1
toorak postcode,https://www.yourpropertyguide.com.au/suburbs/toorak-vic-3142,1,1743,0.0006,7.3
"""kellyville public school"" ""icsea 1136""",https://www.yourpropertyguide.com.au/schools/sherwood-ridge-public-school-41787,0,1,0,8
$100k renovation before and after australia,https://www.yourpropertyguide.com.au/guides/renovation-cost-australia-2026,0,1,0,34
$200k renovation before and after,https://www.yourpropertyguide.com.au/guides/renovation-cost-australia-2026,0,3,0,27.3
%site.logan.qld.gov.au browns plains suburb,https://www.yourpropertyguide.com.au/suburbs/browns-plains-bc-qld-4118,0,6,0,2.2
"+""welshpool"" ""2021 census"" population",https://www.yourpropertyguide.com.au/suburbs/welshpool-wa-6106,0,1,0,2
+site.logan.qld.gov.au browns plains suburb,https://www.yourpropertyguide.com.au/suburbs/browns-plains-bc-qld-4118,0,1,0,2
02170,https://www.yourpropertyguide.com.au/postcodes/2170,0,1,0,29
0811 postcode,https://www.yourpropertyguide.com.au/postcodes/0812,0,1,0,18
0812,https://www.yourpropertyguide.com.au/postcodes/0812,0,3,0,10.3
0812 postcode,https://www.yourpropertyguide.com.au/postcodes/0812,0,35,0,9.9
0812 postcode,https://www.yourpropertyguide.com.au/suburbs/wulagi-nt-0812,0,1,0,12
0822 postcode,https://www.yourpropertyguide.com.au/suburbs/milikapiti-nt-0822,0,1,0,1
0832,https://www.yourpropertyguide.com.au/suburbs/mitchell-nt-0832,0,1,0,20
0832 postcode,https://www.yourpropertyguide.com.au/suburbs/mitchell-nt-0832,0,1,0,23
0872,https://www.yourpropertyguide.com.au/suburbs/barrow-creek-nt-0872,0,1,0,32
0872 postcode,https://www.yourpropertyguide.com.au/suburbs/barrow-creek-nt-0872,0,2,0,27.5
0872 postcode population,https://www.yourpropertyguide.com.au/suburbs/hart-range-nt-0872,0,1,0,11
1 commission real estate agent,https://www.yourpropertyguide.com.au/guides/real-estate-commission-vic,0,1,0,74
1 million mortgage monthly payment,https://www.yourpropertyguide.com.au/mortgage-calculator,0,2,0,84.5
1.3 million mortgage monthly payment,https://www.yourpropertyguide.com.au/mortgage-calculator,0,1,0,94
100 commission real estate brokers,https://www.yourpropertyguide.com.au/guides/real-estate-commission-vic,0,1,0,70
100 crawford street bulahdelah nsw 2423,https://www.yourpropertyguide.com.au/suburbs/nerong-nsw-2423,0,2,0,38.5
105 lilli pilli point road lilli pilli,https://www.yourpropertyguide.com.au/suburbs/lilli-pilli-nsw-2536/agents,0,1,0,35
105 lilli pilli point road lilli pilli nsw 2229,https://www.yourpropertyguide.com.au/suburbs/lilli-pilli-nsw-2536/agents,0,3,0,29.3
1050 schoolhouse lane ladys pass vic 3523,https://www.yourpropertyguide.com.au/suburbs/ladys-pass-vic-3523/schools,0,4,0,27
115 lilli pilli point road lilli pilli nsw 2229,https://www.yourpropertyguide.com.au/suburbs/lilli-pilli-nsw-2536/agents,0,4,0,27.8
1355 postcode,https://www.yourpropertyguide.com.au/suburbs/bondi-nsw-2026,0,1,0,27
148 blaxcell street granville nsw 2142,https://www.yourpropertyguide.com.au/suburbs/south-granville-nsw-2142/schools,0,1,0,28
2 week,https://www.yourpropertyguide.com.au/guides/sydney-property-market-2026,0,1,0,3
2.5 mill,https://www.yourpropertyguide.com.au/suburbs/red-hill-act-2603,0,1,0,1
2026 nsw postcode,https://www.yourpropertyguide.com.au/suburbs/bondi-nsw-2026,0,4,0,8
2026 post code,https://www.yourpropertyguide.com.au/suburbs/bondi-nsw-2026,0,2,0,6
2026 postcode,https://www.yourpropertyguide.com.au/suburbs/bondi-nsw-2026,0,9,0,10.3
2026 postcode nsw,https://www.yourpropertyguide.com.au/suburbs/bondi-nsw-2026,0,3,0,10.3
2027 postcode,https://www.yourpropertyguide.com.au/suburbs/darling-point-nsw-2027,0,31,0,10.2
2036 postcode,https://www.yourpropertyguide.com.au/suburbs/chifley-nsw-2036,0,15,0,10.3
2038 post code,https://www.yourpropertyguide.com.au/suburbs/annandale-nsw-2038,0,2,0,9.5
2038 postcode,https://www.yourpropertyguide.com.au/suburbs/annandale-nsw-2038,0,17,0,9.4
2038 postcode nsw,https://www.yourpropertyguide.com.au/suburbs/annandale-nsw-2038,0,5,0,7.4
2043,https://www.yourpropertyguide.com.au/postcodes/2043,0,2,0,20.5
2043 nsw postcode,https://www.yourpropertyguide.com.au/postcodes/2043,0,3,0,8
2043 post code,https://www.yourpropertyguide.com.au/postcodes/2043,0,13,0,8.3
2043 postcode,https://www.yourpropertyguide.com.au/postcodes/2043,0,312,0,7.1
2043 postcode nsw,https://www.yourpropertyguide.com.au/postcodes/2043,0,77,0,7.4
2046 postcode,https://www.yourpropertyguide.com.au/postcodes/2046,0,1,0,3
2046 sydney,https://www.yourpropertyguide.com.au/postcodes/2046,0,1,0,2
2055 postcode,https://www.yourpropertyguide.com.au/postcodes/2055,0,27,0,4.1
2057,https://www.yourpropertyguide.com.au/guides/negative-gearing-cgt-changes-now-law-2026,0,1,0,42
2066 postcode,https://www.yourpropertyguide.com.au/suburbs/riverview-nsw-2066,0,1,0,1
2069 postcode,https://www.yourpropertyguide.com.au/suburbs/roseville-chase-nsw-2069,0,3,0,14.7
2077 post code,https://www.yourpropertyguide.com.au/suburbs/hornsby-heights-nsw-2077,0,2,0,10
2087,https://www.yourpropertyguide.com.au/postcodes/2087,0,2,0,20
2087 postcode,https://www.yourpropertyguide.com.au/postcodes/2087,0,45,0,10.2
2094 postcode,https://www.yourpropertyguide.com.au/suburbs/fairlight-nsw-2094,0,60,0,9.0
2099 post code,https://www.yourpropertyguide.com.au/suburbs/cromer-heights-nsw-2099,0,1,0,3
2099 postcode,https://www.yourpropertyguide.com.au/suburbs/cromer-heights-nsw-2099,0,2,0,5.5
21+70,https://www.yourpropertyguide.com.au/postcodes/2170,0,1,0,7
2100 area code,https://www.yourpropertyguide.com.au/suburbs/beacon-hill-nsw-2100,0,1,0,3
2100 postcode,https://www.yourpropertyguide.com.au/postcodes/2100,0,1,0,9
2100 postcode,https://www.yourpropertyguide.com.au/suburbs/beacon-hill-nsw-2100,0,4,0,8.5
2113,https://www.yourpropertyguide.com.au/postcodes/2113,0,4,0,15.2
2113 nsw,https://www.yourpropertyguide.com.au/postcodes/2113,0,2,0,50.5
2113 post code,https://www.yourpropertyguide.com.au/postcodes/2113,0,1,0,9
2113 postal code,https://www.yourpropertyguide.com.au/postcodes/2113,0,1,0,10
2113 postcode,https://www.yourpropertyguide.com.au/postcodes/2113,0,33,0,11.3
2113 postcode sydney,https://www.yourpropertyguide.com.au/postcodes/2113,0,3,0,10
2117 nsw,https://www.yourpropertyguide.com.au/suburbs/oatlands-nsw-2117,0,1,0,11
2127 postcode,https://www.yourpropertyguide.com.au/suburbs/homebush-bay-nsw-2127,0,1,0,11
2137 nsw,https://www.yourpropertyguide.com.au/suburbs/mortlake-nsw-2137,0,1,0,15
2137 post code,https://www.yourpropertyguide.com.au/suburbs/mortlake-nsw-2137,0,1,0,11
2137 postcode,https://www.yourpropertyguide.com.au/suburbs/mortlake-nsw-2137,0,116,0,10.7
2140 nsw,https://www.yourpropertyguide.com.au/postcodes/2140,0,4,0,9.2
2140 post code,https://www.yourpropertyguide.com.au/postcodes/2140,0,5,0,10.4
2140 post code,https://www.yourpropertyguide.com.au/suburbs/homebush-south-nsw-2140,0,1,0,1
2140 postcode,https://www.yourpropertyguide.com.au/postcodes/2140,0,162,0,10.0
2140 postcode,https://www.yourpropertyguide.com.au/suburbs/homebush-south-nsw-2140,0,13,0,9.6
2140 postcode nsw,https://www.yourpropertyguide.com.au/postcodes/2140,0,2,0,11
2141,https://www.yourpropertyguide.com.au/postcodes/2141,0,11,0,8.1
2141 nsw,https://www.yourpropertyguide.com.au/postcodes/2141,0,3,0,12
2141 post code,https://www.yourpropertyguide.com.au/postcodes/2141,0,21,0,7.9
2141 postcode,https://www.yourpropertyguide.com.au/postcodes/2141,0,314,0,7.8
2141 postcode nsw,https://www.yourpropertyguide.com.au/postcodes/2141,0,25,0,7.9
2155,https://www.yourpropertyguide.com.au/suburbs/rouse-hill-nsw-2155,0,1,0,30
2155 rouse hill,https://www.yourpropertyguide.com.au/suburbs/rouse-hill-nsw-2155,0,1,0,10
2158 postcode,https://www.yourpropertyguide.com.au/postcodes/2158,0,1,0,9
2168 postcode,https://www.yourpropertyguide.com.au/postcodes/2168,0,1,0,11
2170,https://www.yourpropertyguide.com.au/postcodes/2170,0,50,0,13.7
2170,https://www.yourpropertyguide.com.au/suburbs/moorebank-nsw-2170,0,4,0,72
2170 australia,https://www.yourpropertyguide.com.au/postcodes/2170,0,2,0,36.5
2170 australia,https://www.yourpropertyguide.com.au/suburbs/moorebank-nsw-2170,0,1,0,18
2170 liverpool,https://www.yourpropertyguide.com.au/postcodes/2170,0,1,0,42
2170 nsw,https://www.yourpropertyguide.com.au/postcodes/2170,0,5,0,38.6
2170 post code,https://www.yourpropertyguide.com.au/postcodes/2170,0,59,0,9.3
2170 postal code,https://www.yourpropertyguide.com.au/postcodes/2170,0,2,0,9.5
2170 postcode,https://www.yourpropertyguide.com.au/postcodes/2170,0,601,0,9.3
2170 postcode,https://www.yourpropertyguide.com.au/suburbs/moorebank-nsw-2170,0,6,0,10.7
2170 postcode australia,https://www.yourpropertyguide.com.au/postcodes/2170,0,5,0,8.2
2170 postcode nsw,https://www.yourpropertyguide.com.au/postcodes/2170,0,29,0,10.1
2170 postcode sydney,https://www.yourpropertyguide.com.au/postcodes/2170,0,1,0,9
2170 suburb,https://www.yourpropertyguide.com.au/postcodes/2170,0,11,0,12.8
2170 suburb,https://www.yourpropertyguide.com.au/suburbs/moorebank-nsw-2170,0,3,0,18.7
2170 sydney,https://www.yourpropertyguide.com.au/postcodes/2170,0,1,0,39
2170/3,https://www.yourpropertyguide.com.au/postcodes/2170,0,1,0,11
2176 postcode,https://www.yourpropertyguide.com.au/suburbs/greenfield-park-nsw-2176,0,1,0,11
2177 postcode,https://www.yourpropertyguide.com.au/suburbs/bonnyrigg-nsw-2177,0,13,0,9.8
2203,https://www.yourpropertyguide.com.au/postcodes/2203,0,3,0,12.3
2203 postcode,https://www.yourpropertyguide.com.au/postcodes/2203,0,114,0,10.2
2217 nsw,https://www.yourpropertyguide.com.au/suburbs/monterey-nsw-2217,0,1,0,18
2217 postcode,https://www.yourpropertyguide.com.au/suburbs/monterey-nsw-2217,0,10,0,11.4
2217 postcode nsw,https://www.yourpropertyguide.com.au/suburbs/monterey-nsw-2217,0,2,0,11.5
2222 post code,https://www.yourpropertyguide.com.au/postcodes/2222,0,7,0,9.4
2222 postcode,https://www.yourpropertyguide.com.au/postcodes/2222,0,104,0,8.9
2222 postcode nsw,https://www.yourpropertyguide.com.au/postcodes/2222,0,8,0,8.8
2232 nsw,https://www.yourpropertyguide.com.au/postcodes/2232,0,1,0,23
2232 post code,https://www.yourpropertyguide.com.au/postcodes/2232,0,4,0,10.2
2232 postcode,https://www.yourpropertyguide.com.au/postcodes/2232,0,13,0,11.8
2232 postcode nsw,https://www.yourpropertyguide.com.au/postcodes/2232,0,2,0,12
2250,https://www.yourpropertyguide.com.au/postcodes/2250,0,8,0,9.2
2250 nsw,https://www.yourpropertyguide.com.au/postcodes/2250,0,1,0,10
2250 post code,https://www.yourpropertyguide.com.au/postcodes/2250,0,15,0,9.2
2250 postcode,https://www.yourpropertyguide.com.au/postcodes/2250,0,361,0,8.6
2250 postcode,https://www.yourpropertyguide.com.au/suburbs/kulnura-nsw-2250,0,1,0,5
2250 postcode,https://www.yourpropertyguide.com.au/suburbs/ten-mile-hollow-nsw-2250,0,1,0,10
2250 postcode australia,https://www.yourpropertyguide.com.au/postcodes/2250,0,2,0,8.5
2250 postcode nsw,https://www.yourpropertyguide.com.au/postcodes/2250,0,11,0,9.8
2261,https://www.yourpropertyguide.com.au/postcodes/2261,0,6,0,10.8
2261 nsw,https://www.yourpropertyguide.com.au/postcodes/2261,0,3,0,23.3
2261 post code,https://www.yourpropertyguide.com.au/postcodes/2261,0,3,0,2.7
2261 postcode,https://www.yourpropertyguide.com.au/postcodes/2261,0,25,0,10.4
2275,https://www.yourpropertyguide.com.au/postcodes/2295,0,1,0,54
2283 postcode,https://www.yourpropertyguide.com.au/suburbs/bolton-point-nsw-2283,0,468,0,10.3
2283 postcode nsw,https://www.yourpropertyguide.com.au/suburbs/bolton-point-nsw-2283,0,57,0,10.6
2295,https://www.yourpropertyguide.com.au/postcodes/2295,0,2,0,15
2295 postcode,https://www.yourpropertyguide.com.au/postcodes/2295,0,36,0,9.2
2295 postcode,https://www.yourpropertyguide.com.au/suburbs/stockton-nsw-2295,0,1,0,9
2299 postcode,https://www.yourpropertyguide.com.au/suburbs/lambton-nsw-2299,0,1,0,10
2300,https://www.yourpropertyguide.com.au/suburbs/newcastle-east-nsw-2300,0,1,0,71
2300 post code,https://www.yourpropertyguide.com.au/suburbs/newcastle-east-nsw-2300,0,20,0,9
2300 postcode,https://www.yourpropertyguide.com.au/suburbs/newcastle-east-nsw-2300,0,85,0,11.0
2300 postcode nsw,https://www.yourpropertyguide.com.au/suburbs/newcastle-east-nsw-2300,0,2,0,11
2337 postcode,https://www.yourpropertyguide.com.au/suburbs/segenhoe-nsw-2337,0,5,0,10.2
2340 post code,https://www.yourpropertyguide.com.au/suburbs/east-tamworth-nsw-2340,0,2,0,26.5
2340 postcode,https://www.yourpropertyguide.com.au/suburbs/east-tamworth-nsw-2340,0,39,0,10.6
2340 postcode,https://www.yourpropertyguide.com.au/suburbs/nemingha-nsw-2340,0,12,0,9.4
2350 postcode,https://www.yourpropertyguide.com.au/suburbs/puddledock-nsw-2350,0,38,0,10.6
2370,https://www.yourpropertyguide.com.au/postcodes/2370,0,5,0,11.6
2370 postcode,https://www.yourpropertyguide.com.au/postcodes/2370,0,28,0,9.8
2409 postcode,https://www.yourpropertyguide.com.au/suburbs/boonal-nsw-2409,0,27,0,9
2423 postcode,https://www.yourpropertyguide.com.au/suburbs/mungo-brush-nsw-2423,0,2,0,10.5
2423 postcode,https://www.yourpropertyguide.com.au/suburbs/nerong-nsw-2423,0,3,0,10
2423 postcode,https://www.yourpropertyguide.com.au/suburbs/seal-rocks-nsw-2423,0,6,0,10
2423 postcode,https://www.yourpropertyguide.com.au/suburbs/wallingat-nsw-2423,0,2,0,23.5
2425 postcode,https://www.yourpropertyguide.com.au/suburbs/stroud-nsw-2425,0,1,0,7
2429 postcode,https://www.yourpropertyguide.com.au/postcodes/2429,0,2,0,10
2441 postcode,https://www.yourpropertyguide.com.au/suburbs/telegraph-point-nsw-2441,0,12,0,10.7
2446 postcode,https://www.yourpropertyguide.com.au/suburbs/redbank-nsw-2446,0,1,0,7
2447 postcode,https://www.yourpropertyguide.com.au/suburbs/newee-creek-nsw-2447,0,46,0,6.7
2454 postcode,https://www.yourpropertyguide.com.au/suburbs/fernmount-nsw-2454,0,7,0,10.6
2470,https://www.yourpropertyguide.com.au/suburbs/north-casino-nsw-2470,0,4,0,18.8
2470 postcode,https://www.yourpropertyguide.com.au/suburbs/north-casino-nsw-2470,0,63,0,9.3
2471 postcode,https://www.yourpropertyguide.com.au/suburbs/bora-ridge-nsw-2471,0,2,0,22
2482 postcode,https://www.yourpropertyguide.com.au/suburbs/montecollum-nsw-2482,0,1,0,5
2484 nsw,https://www.yourpropertyguide.com.au/postcodes/2484,0,1,0,28
2484 post code,https://www.yourpropertyguide.com.au/postcodes/2484,0,2,0,9.5
2484 postcode,https://www.yourpropertyguide.com.au/postcodes/2484,0,22,0,9.3
2484 postcode nsw,https://www.yourpropertyguide.com.au/postcodes/2484,0,1,0,9
2484/6,https://www.yourpropertyguide.com.au/postcodes/2484,0,1,0,9
2485 postcode,https://www.yourpropertyguide.com.au/suburbs/tweed-heads-nsw-2485,0,1,0,10
2487 nsw,https://www.yourpropertyguide.com.au/suburbs/casuarina-nsw-2487,0,1,0,11
2487 post code,https://www.yourpropertyguide.com.au/suburbs/casuarina-nsw-2487,0,1,0,1
2487 postcode,https://www.yourpropertyguide.com.au/suburbs/casuarina-nsw-2487,0,138,0,9.7
2487 postcode nsw,https://www.yourpropertyguide.com.au/suburbs/casuarina-nsw-2487,0,16,0,9.6
2502,https://www.yourpropertyguide.com.au/postcodes/2502,0,4,0,15.5
2502 postcode,https://www.yourpropertyguide.com.au/postcodes/2502,0,75,0,9.7
2526 nsw,https://www.yourpropertyguide.com.au/suburbs/kembla-grange-nsw-2526,0,2,0,24
2526 nsw,https://www.yourpropertyguide.com.au/suburbs/unanderra-dc-nsw-2526,0,2,0,45
2526 postcode,https://www.yourpropertyguide.com.au/suburbs/farmborough-heights-nsw-2526,0,1,0,41
2526 postcode,https://www.yourpropertyguide.com.au/suburbs/kembla-grange-nsw-2526,0,3,0,15
2527 postcode,https://www.yourpropertyguide.com.au/suburbs/tullimbar-nsw-2527,0,2,0,10
2535 postcode,https://www.yourpropertyguide.com.au/suburbs/broughton-nsw-2535,0,1,0,27
2539 postcode,https://www.yourpropertyguide.com.au/suburbs/conjola-nsw-2539,0,77,0,10.4
2539 postcode nsw,https://www.yourpropertyguide.com.au/suburbs/conjola-nsw-2539,0,9,0,10.6
2546,https://www.yourpropertyguide.com.au/suburbs/dignams-creek-nsw-2546,0,1,0,22
2549 postcode,https://www.yourpropertyguide.com.au/suburbs/millingandi-nsw-2549,0,1,0,10
2557,https://www.yourpropertyguide.com.au/postcodes/2557,0,11,0,9.9
2557 nsw,https://www.yourpropertyguide.com.au/postcodes/2557,0,1,0,11
2557 post code,https://www.yourpropertyguide.com.au/postcodes/2557,0,6,0,9.5
2557 postcode,https://www.yourpropertyguide.com.au/postcodes/2557,0,228,0,9.3
2557 postcode,https://www.yourpropertyguide.com.au/suburbs/catherine-field-nsw-2557,0,4,0,30.2
2557 postcode nsw,https://www.yourpropertyguide.com.au/postcodes/2557,0,12,0,8.8
2559 postcode,https://www.yourpropertyguide.com.au/suburbs/claymore-nsw-2559,0,33,0,6.7
2564,https://www.yourpropertyguide.com.au/postcodes/2564,0,2,0,17
2564 post code,https://www.yourpropertyguide.com.au/postcodes/2564,0,12,0,8
2564 postcode,https://www.yourpropertyguide.com.au/postcodes/2564,0,126,0,9.2
2564/4,https://www.yourpropertyguide.com.au/postcodes/2564,0,1,0,3
2570 postcode,https://www.yourpropertyguide.com.au/suburbs/elderslie-nsw-2570,0,2,0,7.5
2570 postcode,https://www.yourpropertyguide.com.au/suburbs/spring-farm-nsw-2570,0,1,0,4
2571 postcode,https://www.yourpropertyguide.com.au/suburbs/balmoral-village-nsw-2571,0,10,0,10.8
2571 postcode,https://www.yourpropertyguide.com.au/suburbs/maldon-nsw-2571,0,6,0,10
2571 postcode nsw,https://www.yourpropertyguide.com.au/suburbs/balmoral-village-nsw-2571,0,1,0,11
2571 postcode nsw,https://www.yourpropertyguide.com.au/suburbs/maldon-nsw-2571,0,1,0,11
2577 postcode,https://www.yourpropertyguide.com.au/suburbs/meryla-nsw-2577,0,41,0,10.4
2600 act,https://www.yourpropertyguide.com.au/suburbs/barton-act-2600,0,2,0,23
2603 postcode,https://www.yourpropertyguide.com.au/suburbs/red-hill-act-2603,0,4,0,11
2605 postcode,https://www.yourpropertyguide.com.au/suburbs/garran-act-2605,0,2,0,20
2611 postcode,https://www.yourpropertyguide.com.au/suburbs/holder-act-2611,0,36,0,9.8
2611 postcode act,https://www.yourpropertyguide.com.au/suburbs/holder-act-2611,0,1,0,8
2611 postcode australia,https://www.yourpropertyguide.com.au/suburbs/holder-act-2611,0,1,0,8
2617 post code,https://www.yourpropertyguide.com.au/postcodes/2617,0,2,0,10.5
2617 postcode,https://www.yourpropertyguide.com.au/postcodes/2617,0,12,0,10.2
2617 postcode australia,https://www.yourpropertyguide.com.au/postcodes/2617,0,2,0,5
2620 nsw,https://www.yourpropertyguide.com.au/suburbs/queanbeyan-west-nsw-2620,0,1,0,31
2620 postcode nsw,https://www.yourpropertyguide.com.au/suburbs/queanbeyan-west-nsw-2620,0,4,0,13
2621,https://www.yourpropertyguide.com.au/suburbs/hoskinstown-nsw-2621,0,1,0,73
2621 postcode,https://www.yourpropertyguide.com.au/suburbs/hoskinstown-nsw-2621,0,3,0,11.7
2628 postcode,https://www.yourpropertyguide.com.au/postcodes/2628,0,20,0,8.6
2645 postcode,https://www.yourpropertyguide.com.au/suburbs/urana-nsw-2645,0,13,0,7
2649 postcode,https://www.yourpropertyguide.com.au/postcodes/2649,0,8,0,9.2
2649 postcode,https://www.yourpropertyguide.com.au/suburbs/laurel-hill-nsw-2649,0,1,0,9
2652,https://www.yourpropertyguide.com.au/suburbs/gumly-gumly-nsw-2652,0,1,0,15
2652 postcode,https://www.yourpropertyguide.com.au/suburbs/gumly-gumly-nsw-2652,0,15,0,9.9
2652 postcode,https://www.yourpropertyguide.com.au/suburbs/humula-nsw-2652,0,3,0,10.7
2663 postcode,https://www.yourpropertyguide.com.au/suburbs/junee-nsw-2663,0,39,0,9.8
2669 postcode,https://www.yourpropertyguide.com.au/suburbs/yaddra-nsw-2669,0,7,0,10.1
2712 postcode,https://www.yourpropertyguide.com.au/suburbs/berrigan-nsw-2712,0,1,0,8
2717 postcode,https://www.yourpropertyguide.com.au/postcodes/2717,0,28,0,8.3
2722 postcode,https://www.yourpropertyguide.com.au/suburbs/gundagai-nsw-2722,0,11,0,7.6
2734 postcode,https://www.yourpropertyguide.com.au/suburbs/mallan-nsw-2734,0,3,0,10
2756 postcode,https://www.yourpropertyguide.com.au/suburbs/colo-heights-nsw-2756,0,1,0,20
2763 postcode,https://www.yourpropertyguide.com.au/suburbs/quakers-hill-nsw-2763,0,1,0,11
2769 postcode nsw,https://www.yourpropertyguide.com.au/suburbs/the-ponds-nsw-2769,0,1,0,10
2773 postcode,https://www.yourpropertyguide.com.au/suburbs/glenbrook-nsw-2773,0,1,0,4
2773 postcode,https://www.yourpropertyguide.com.au/suburbs/lapstone-nsw-2773,0,1,0,6
2777,https://www.yourpropertyguide.com.au/suburbs/springwood-nsw-2777,0,1,0,35
2777 postcode,https://www.yourpropertyguide.com.au/suburbs/springwood-nsw-2777,0,4,0,12.5
2805 postcode,https://www.yourpropertyguide.com.au/postcodes/2805,0,18,0,8.9
2824 postcode,https://www.yourpropertyguide.com.au/suburbs/tenandra-nsw-2824,0,12,0,10.7
2830,https://www.yourpropertyguide.com.au/suburbs/dubbo-nsw-2830,0,8,0,11.5
2830 nsw,https://www.yourpropertyguide.com.au/suburbs/dubbo-nsw-2830,0,1,0,10
2830 post code,https://www.yourpropertyguide.com.au/suburbs/dubbo-nsw-2830,0,1,0,8
2830 postcode,https://www.yourpropertyguide.com.au/suburbs/dubbo-nsw-2830,0,179,0,9.1
2830 postcode nsw,https://www.yourpropertyguide.com.au/suburbs/dubbo-nsw-2830,0,6,0,7
2831 postcode,https://www.yourpropertyguide.com.au/suburbs/brenda-nsw-2831,0,24,0,10.5
2832 postcode,https://www.yourpropertyguide.com.au/suburbs/bulyeroi-nsw-2832,0,1,0,11
2834 postcode,https://www.yourpropertyguide.com.au/postcodes/2834,0,56,0,7.5
2835 postcode,https://www.yourpropertyguide.com.au/suburbs/cobar-nsw-2835,0,3,0,11
2839 postcode,https://www.yourpropertyguide.com.au/postcodes/2839,0,12,0,9.7
2840 postcode,https://www.yourpropertyguide.com.au/suburbs/gunderbooka-nsw-2840,0,11,0,10.6
2850 postcode,https://www.yourpropertyguide.com.au/suburbs/turill-nsw-2850,0,8,0,11
2852 postcode,https://www.yourpropertyguide.com.au/suburbs/gulgong-nsw-2852,0,1,0,17
2877 postcode,https://www.yourpropertyguide.com.au/suburbs/mount-hope-nsw-2877,0,5,0,10
2879 postcode,https://www.yourpropertyguide.com.au/suburbs/copi-hollow-nsw-2879,0,14,0,8.8
2906 postcode,https://www.yourpropertyguide.com.au/suburbs/conder-act-2906,0,1,0,25
2a moulder street orange,https://www.yourpropertyguide.com.au/suburbs/orange-nsw-2800/vs/orange-moulder-street-nsw-2800,0,3,0,51.3
2a moulder street orange nsw 2800,https://www.yourpropertyguide.com.au/suburbs/orange-nsw-2800/vs/orange-moulder-street-nsw-2800,0,9,0,67.3
"3,787",https://www.yourpropertyguide.com.au/postcodes/3787,0,1,0,3
30 fixed mortgage calculator,https://www.yourpropertyguide.com.au/mortgage-calculator,0,1,0,84
30 years mortgage calculator,https://www.yourpropertyguide.com.au/mortgage-calculator,0,1,0,87
30-year mortgage calculator,https://www.yourpropertyguide.com.au/mortgage-calculator,0,1,0,86
30000 renovation budget,https://www.yourpropertyguide.com.au/renovating,0,17,0,68.8
300k mortgage monthly payment,https://www.yourpropertyguide.com.au/mortgage-calculator,0,1,0,85
3013,https://www.yourpropertyguide.com.au/postcodes/3013,0,1,0,10
3013 postcode,https://www.yourpropertyguide.com.au/postcodes/3013,0,9,0,8.9
3019 postcode,https://www.yourpropertyguide.com.au/suburbs/braybrook-north-vic-3019,0,2,0,19
3024,https://www.yourpropertyguide.com.au/postcodes/3024,0,87,0,8.8
3024 post code,https://www.yourpropertyguide.com.au/postcodes/3024,0,14,0,9.2
3024 postcode,https://www.yourpropertyguide.com.au/postcodes/3024,0,143,0,9.5
3024 postcode victoria,https://www.yourpropertyguide.com.au/postcodes/3024,0,2,0,10.5
3024 suburb,https://www.yourpropertyguide.com.au/postcodes/3024,0,3,0,9.3
3024 vic,https://www.yourpropertyguide.com.au/postcodes/3024,0,3,0,22
3028 postcode,https://www.yourpropertyguide.com.au/suburbs/laverton-vic-3028,0,3,0,18.3
3028 postcode,https://www.yourpropertyguide.com.au/suburbs/seabrook-vic-3028,0,1,0,21
3028 vic,https://www.yourpropertyguide.com.au/suburbs/laverton-vic-3028,0,1,0,10
3066 postcode,https://www.yourpropertyguide.com.au/suburbs/collingwood-north-vic-3066,0,159,0,9.2
3072,https://www.yourpropertyguide.com.au/suburbs/preston-west-vic-3072,0,1,0,33
3072 postcode,https://www.yourpropertyguide.com.au/suburbs/preston-west-vic-3072,0,6,0,8.8
3073,https://www.yourpropertyguide.com.au/suburbs/reservoir-south-vic-3073,0,1,0,18
3073 postcode,https://www.yourpropertyguide.com.au/suburbs/reservoir-south-vic-3073,0,55,0,9.3
3078 postcode,https://www.yourpropertyguide.com.au/postcodes/3978,0,1,0,53
3082,https://www.yourpropertyguide.com.au/postcodes/3082,0,1,0,34
3082 postcode,https://www.yourpropertyguide.com.au/postcodes/3082,0,1,0,8
3083 postcode,https://www.yourpropertyguide.com.au/suburbs/kingsbury-vic-3083,0,2,0,10
3091,https://www.yourpropertyguide.com.au/postcodes/3091,0,4,0,10
3091,https://www.yourpropertyguide.com.au/suburbs/yarrambat-vic-3091,0,1,0,3
3091 postcode,https://www.yourpropertyguide.com.au/postcodes/3091,0,23,0,9.9
3099 post code,https://www.yourpropertyguide.com.au/postcodes/3099,0,2,0,10.5
3099 postcode,https://www.yourpropertyguide.com.au/postcodes/3099,0,42,0,9.5
3099 postcode victoria,https://www.yourpropertyguide.com.au/postcodes/3099,0,10,0,10
30k renovation budget,https://www.yourpropertyguide.com.au/renovating,0,1,0,96
3103,https://www.yourpropertyguide.com.au/suburbs/deepdene-vic-3103,0,1,0,3
3103 postcode,https://www.yourpropertyguide.com.au/suburbs/deepdene-vic-3103,0,4,0,9.5
3105 postcode,https://www.yourpropertyguide.com.au/suburbs/bulleen-vic-3105,0,17,0,12.7
3114,https://www.yourpropertyguide.com.au/postcodes/3114,0,12,0,24.4
3114 postcode,https://www.yourpropertyguide.com.au/postcodes/3114,0,27,0,10.4
3123 post code,https://www.yourpropertyguide.com.au/suburbs/hawthorn-east-vic-3123,0,9,0,8.4
3123 postcode,https://www.yourpropertyguide.com.au/suburbs/hawthorn-east-vic-3123,0,135,0,8.9
3124,https://www.yourpropertyguide.com.au/suburbs/camberwell-north-vic-3124,0,3,0,12.3
3124 post code,https://www.yourpropertyguide.com.au/suburbs/camberwell-north-vic-3124,0,3,0,9.7
3124 postcode,https://www.yourpropertyguide.com.au/suburbs/camberwell-north-vic-3124,0,161,0,9.4
3139,https://www.yourpropertyguide.com.au/postcodes/3139,0,8,0,16.4
3139 postcode,https://www.yourpropertyguide.com.au/postcodes/3139,0,42,0,10.1
3139 postcode victoria,https://www.yourpropertyguide.com.au/postcodes/3139,0,9,0,10.1
3140,https://www.yourpropertyguide.com.au/postcodes/3140,0,6,0,5.8
3140 postcode,https://www.yourpropertyguide.com.au/postcodes/3140,0,82,0,9.7
3142 post code,https://www.yourpropertyguide.com.au/suburbs/toorak-vic-3142,0,12,0,9.7
3142 postcode,https://www.yourpropertyguide.com.au/suburbs/toorak-vic-3142,0,136,0,8.2
3142 postcode victoria,https://www.yourpropertyguide.com.au/suburbs/toorak-vic-3142,0,2,0,9
3146,https://www.yourpropertyguide.com.au/postcodes/3140,0,1,0,64
3146 postcode,https://www.yourpropertyguide.com.au/postcodes/3140,0,2,0,60.5
3149 postcode,https://www.yourpropertyguide.com.au/suburbs/mount-waverley-vic-3149,0,1,0,9
315 6,https://www.yourpropertyguide.com.au/postcodes/3156,0,1,0,54
3156,https://www.yourpropertyguide.com.au/postcodes/3156,0,30,0,11.9
3156,https://www.yourpropertyguide.com.au/suburbs/lysterfield-south-vic-3156,0,1,0,50
3156 post code,https://www.yourpropertyguide.com.au/postcodes/3156,0,9,0,7.9
3156 postcode,https://www.yourpropertyguide.com.au/postcodes/3156,0,106,0,9.2
3156 postcode,https://www.yourpropertyguide.com.au/suburbs/lysterfield-south-vic-3156,0,3,0,43.3
3156 postcode victoria,https://www.yourpropertyguide.com.au/postcodes/3156,0,11,0,11
3156 postcode victoria,https://www.yourpropertyguide.com.au/suburbs/lysterfield-south-vic-3156,0,1,0,49
3160,https://www.yourpropertyguide.com.au/postcodes/3140,0,3,0,42
3164,https://www.yourpropertyguide.com.au/postcodes/3114,0,6,0,39.7
3167,https://www.yourpropertyguide.com.au/postcodes/3167,0,17,0,9.5
3167,https://www.yourpropertyguide.com.au/suburbs/oakleigh-south-vic-3167,0,9,0,9.6
3167 postcode,https://www.yourpropertyguide.com.au/postcodes/3167,0,23,0,10.5
3167 postcode,https://www.yourpropertyguide.com.au/suburbs/oakleigh-south-vic-3167,0,30,0,8.3
3189 postcode,https://www.yourpropertyguide.com.au/suburbs/moorabbin-vic-3189,0,1,0,9
3195 postcode,https://www.yourpropertyguide.com.au/suburbs/aspendale-vic-3195,0,1,0,8
3195 suburb,https://www.yourpropertyguide.com.au/suburbs/aspendale-vic-3195,0,1,0,75
3197 postcode,https://www.yourpropertyguide.com.au/suburbs/carrum-vic-3197,0,1,0,10
3199 postcode,https://www.yourpropertyguide.com.au/postcodes/3199,0,1,0,9
3202 postcode,https://www.yourpropertyguide.com.au/postcodes/3202,0,18,0,8.4
3243 postcode,https://www.yourpropertyguide.com.au/suburbs/whoorel-vic-3243,0,5,0,10
3249 postcode,https://www.yourpropertyguide.com.au/suburbs/irrewarra-vic-3249,0,9,0,10.8
3260 postcode,https://www.yourpropertyguide.com.au/suburbs/chocolyn-vic-3260,0,35,0,10.6
3264,https://www.yourpropertyguide.com.au/postcodes/3764,0,1,0,74
3272,https://www.yourpropertyguide.com.au/postcodes/3272,0,3,0,8.7
3272 postcode,https://www.yourpropertyguide.com.au/postcodes/3272,0,27,0,8.7
3304 postcode,https://www.yourpropertyguide.com.au/suburbs/greenwald-vic-3304,0,30,0,10.3
3310 postal code,https://www.yourpropertyguide.com.au/postcodes/3310,0,5,0,5.8
3318,https://www.yourpropertyguide.com.au/suburbs/edenhope-vic-3318,0,1,0,78
3318 postcode,https://www.yourpropertyguide.com.au/suburbs/edenhope-vic-3318,0,21,0,8.8
3377,https://www.yourpropertyguide.com.au/suburbs/armstrong-vic-3377,0,1,0,28
3377 postcode,https://www.yourpropertyguide.com.au/suburbs/armstrong-vic-3377,0,49,0,9.1
3384 postcode,https://www.yourpropertyguide.com.au/suburbs/frenchmans-vic-3384,0,6,0,9.7
3388 postcode,https://www.yourpropertyguide.com.au/suburbs/banyena-vic-3388,0,3,0,10
34-36 southampton avenue buttaba nsw 2283,https://www.yourpropertyguide.com.au/suburbs/buttaba-nsw-2283/agents,0,1,0,31
3401 postcode,https://www.yourpropertyguide.com.au/suburbs/quantong-vic-3401,0,9,0,9.6
3407 postcode,https://www.yourpropertyguide.com.au/suburbs/englefield-vic-3407,0,1,0,10
3419,https://www.yourpropertyguide.com.au/postcodes/3419,0,1,0,9
3419 postcode,https://www.yourpropertyguide.com.au/postcodes/3419,0,80,0,8.9
3431,https://www.yourpropertyguide.com.au/postcodes/3434,0,1,0,87
3431,https://www.yourpropertyguide.com.au/postcodes/3831,0,1,0,73
3432,https://www.yourpropertyguide.com.au/postcodes/3434,0,1,0,92
3432 postcode,https://www.yourpropertyguide.com.au/postcodes/3434,0,1,0,31
3434,https://www.yourpropertyguide.com.au/postcodes/3434,0,15,0,8.6
3434 postcode,https://www.yourpropertyguide.com.au/postcodes/3434,0,15,0,8.7
3453 postcode,https://www.yourpropertyguide.com.au/suburbs/ravenswood-vic-3453,0,17,0,8.6
3460,https://www.yourpropertyguide.com.au/postcodes/3460,0,1,0,27
3460 postcode,https://www.yourpropertyguide.com.au/postcodes/3460,0,5,0,9.6
3461 postcode,https://www.yourpropertyguide.com.au/suburbs/musk-vale-vic-3461,0,7,0,10.4
3465 postcode,https://www.yourpropertyguide.com.au/postcodes/3465,0,1,0,9
3465 postcode,https://www.yourpropertyguide.com.au/suburbs/flagstaff-vic-3465,0,2,0,11
3472,https://www.yourpropertyguide.com.au/postcodes/3472,0,1,0,10
3472 postcode,https://www.yourpropertyguide.com.au/postcodes/3472,0,26,0,9.4
3483 postcode,https://www.yourpropertyguide.com.au/suburbs/ballapur-vic-3483,0,2,0,10.5
3483 postcode,https://www.yourpropertyguide.com.au/suburbs/jil-jil-vic-3483,0,1,0,10
3490 postcode,https://www.yourpropertyguide.com.au/suburbs/ouyen-vic-3490,0,5,0,9.8
350 000 mortgage payment,https://www.yourpropertyguide.com.au/mortgage-calculator,0,1,0,86
3500 mortgage payment is how much house,https://www.yourpropertyguide.com.au/mortgage-calculator,0,1,0,90
3500 post code,https://www.yourpropertyguide.com.au/suburbs/mildura-east-vic-3500,0,3,0,10.3
3500 postcode,https://www.yourpropertyguide.com.au/suburbs/mildura-east-vic-3500,0,47,0,9.9
3500 postcode australia,https://www.yourpropertyguide.com.au/suburbs/mildura-east-vic-3500,0,5,0,10.8
350000 home loan,https://www.yourpropertyguide.com.au/mortgage-calculator,0,1,0,94
350000 mortgage,https://www.yourpropertyguide.com.au/mortgage-calculator,0,1,0,84
3521 postcode,https://www.yourpropertyguide.com.au/suburbs/pyalong-vic-3521,0,1,0,8
3525 postcode,https://www.yourpropertyguide.com.au/suburbs/buckrabanyule-vic-3525,0,12,0,9.8
3527,https://www.yourpropertyguide.com.au/suburbs/glenloth-east-vic-3527,0,1,0,40
3556,https://www.yourpropertyguide.com.au/postcodes/3556,0,1,0,8
3556 postcode,https://www.yourpropertyguide.com.au/postcodes/3556,0,60,0,7.8
3556 postcode victoria,https://www.yourpropertyguide.com.au/postcodes/3556,0,2,0,8.5
3561,https://www.yourpropertyguide.com.au/postcodes/3561,0,2,0,4.5
3561 postcode,https://www.yourpropertyguide.com.au/postcodes/3561,0,38,0,8.0
3567 postcode,https://www.yourpropertyguide.com.au/suburbs/horfield-vic-3567,0,12,0,8.8
3581 postcode,https://www.yourpropertyguide.com.au/suburbs/beauchamp-vic-3581,0,1,0,8
3610 postcode,https://www.yourpropertyguide.com.au/suburbs/murchison-vic-3610,0,1,0,9
3612 postcode,https://www.yourpropertyguide.com.au/suburbs/rushworth-vic-3612,0,16,0,9.9
3618 postcode,https://www.yourpropertyguide.com.au/postcodes/3618,0,9,0,10.1
3640 postcode,https://www.yourpropertyguide.com.au/suburbs/katunga-vic-3640,0,4,0,10
3666,https://www.yourpropertyguide.com.au/postcodes/3666,0,19,0,9.8
3666 postcode,https://www.yourpropertyguide.com.au/postcodes/3666,0,22,0,7.4
3678 postcode,https://www.yourpropertyguide.com.au/suburbs/cheshunt-south-vic-3678,0,1,0,5
3682 postcode,https://www.yourpropertyguide.com.au/suburbs/lilliput-vic-3682,0,1,0,11
3683 postcode,https://www.yourpropertyguide.com.au/suburbs/indigo-vic-3683,0,6,0,10.7
3687 postcode,https://www.yourpropertyguide.com.au/suburbs/carlyle-vic-3687,0,2,0,10.5
3690,https://www.yourpropertyguide.com.au/postcodes/3690,0,15,0,8.7
3690 post code,https://www.yourpropertyguide.com.au/postcodes/3690,0,7,0,9.4
3690 postcode,https://www.yourpropertyguide.com.au/postcodes/3690,0,50,0,9.3
3690 vic,https://www.yourpropertyguide.com.au/postcodes/3690,0,1,0,23
3691,https://www.yourpropertyguide.com.au/postcodes/3091,0,1,0,28
3698,https://www.yourpropertyguide.com.au/postcodes/3698,0,10,0,6.3
3698 postcode,https://www.yourpropertyguide.com.au/postcodes/3698,0,20,0,8.1
3722,https://www.yourpropertyguide.com.au/postcodes/3722,0,3,0,14.7
3722 postcode,https://www.yourpropertyguide.com.au/postcodes/3722,0,36,0,9.8
3728,https://www.yourpropertyguide.com.au/postcodes/3728,0,4,0,14.2
3728 postcode,https://www.yourpropertyguide.com.au/postcodes/3728,0,8,0,8.4
3728 postcode,https://www.yourpropertyguide.com.au/suburbs/wilby-vic-3728,0,5,0,9.6
3738,https://www.yourpropertyguide.com.au/postcodes/3738,0,4,0,12.8
3738 postcode,https://www.yourpropertyguide.com.au/postcodes/3738,0,11,0,8.5
3750 postcode,https://www.yourpropertyguide.com.au/suburbs/wollert-vic-3750,0,2,0,10
3752 post code,https://www.yourpropertyguide.com.au/postcodes/3752,0,1,0,10
3752 postcode,https://www.yourpropertyguide.com.au/postcodes/3752,0,44,0,10.5
3752 postcode victoria,https://www.yourpropertyguide.com.au/postcodes/3752,0,5,0,10.6
3754,https://www.yourpropertyguide.com.au/postcodes/3754,0,10,0,7.5
3754 postcode,https://www.yourpropertyguide.com.au/postcodes/3754,0,9,0,12
3754 postcode victoria,https://www.yourpropertyguide.com.au/postcodes/3754,0,1,0,15
3760 postcode,https://www.yourpropertyguide.com.au/postcodes/3760,0,25,0,9.2
3761,https://www.yourpropertyguide.com.au/postcodes/3789,0,2,0,59.5
3764 postcode,https://www.yourpropertyguide.com.au/postcodes/3764,0,2,0,9
3764 postcode,https://www.yourpropertyguide.com.au/suburbs/kilmore-vic-3764,0,83,0,8.4
3777,https://www.yourpropertyguide.com.au/suburbs/surfers-paradise-qld-4217,0,1,0,5
3787,https://www.yourpropertyguide.com.au/postcodes/3787,0,10,0,7.6
3787 postcode,https://www.yourpropertyguide.com.au/postcodes/3787,0,20,0,8.1
3789,https://www.yourpropertyguide.com.au/postcodes/3789,0,8,0,9.1
3791,https://www.yourpropertyguide.com.au/postcodes/6211,0,1,0,98
3792 postcode,https://www.yourpropertyguide.com.au/suburbs/the-patch-vic-3792,0,8,0,10.4
3799,https://www.yourpropertyguide.com.au/postcodes/3799,0,4,0,3.8
3799 postcode,https://www.yourpropertyguide.com.au/postcodes/3799,0,6,0,13.2
3818 postcode,https://www.yourpropertyguide.com.au/suburbs/drouin-vic-3818,0,43,0,10.0
3818 postcode victoria,https://www.yourpropertyguide.com.au/suburbs/drouin-vic-3818,0,3,0,8.7
3831,https://www.yourpropertyguide.com.au/postcodes/3831,0,4,0,16.2
3831 postcode,https://www.yourpropertyguide.com.au/postcodes/3831,0,32,0,8.8
3831/2,https://www.yourpropertyguide.com.au/postcodes/3831,0,1,0,11
3852,https://www.yourpropertyguide.com.au/postcodes/3852,0,7,0,9.6
3852 postcode,https://www.yourpropertyguide.com.au/postcodes/3852,0,14,0,8
3870 postcode,https://www.yourpropertyguide.com.au/suburbs/boolarra-vic-3870,0,1,0,9
3878 postcode,https://www.yourpropertyguide.com.au/postcodes/3878,0,5,0,9.6
3900 post code,https://www.yourpropertyguide.com.au/postcodes/3900,0,3,0,8
3900 postcode,https://www.yourpropertyguide.com.au/postcodes/3900,0,24,0,8.2
3930,https://www.yourpropertyguide.com.au/postcodes/3990,0,1,0,46
3978,https://www.yourpropertyguide.com.au/postcodes/3978,0,20,0,12.5
3978 australia,https://www.yourpropertyguide.com.au/postcodes/3978,0,1,0,7
3978 australia postcode,https://www.yourpropertyguide.com.au/postcodes/3978,0,3,0,8.7
3978 post code,https://www.yourpropertyguide.com.au/postcodes/3978,0,4,0,10.2
3978 postcode,https://www.yourpropertyguide.com.au/postcodes/3978,0,31,0,10.1
3978 postcode victoria,https://www.yourpropertyguide.com.au/postcodes/3978,0,8,0,10.6
3978 vic,https://www.yourpropertyguide.com.au/postcodes/3978,0,2,0,10
3981,https://www.yourpropertyguide.com.au/postcodes/3981,0,18,0,10.9
3981 postcode,https://www.yourpropertyguide.com.au/postcodes/3981,0,29,0,9.8
3981 postcode victoria,https://www.yourpropertyguide.com.au/postcodes/3981,0,7,0,9.7
3990,https://www.yourpropertyguide.com.au/postcodes/3990,0,1,0,20
3990 postcode,https://www.yourpropertyguide.com.au/postcodes/3990,0,6,0,7
400 000 mortgage,https://www.yourpropertyguide.com.au/mortgage-calculator,0,2,0,89
400 000 mortgage repayment,https://www.yourpropertyguide.com.au/mortgage-calculator,0,1,0,87
400 000 mortgage repayments,https://www.yourpropertyguide.com.au/mortgage-calculator,0,1,0,88
400000 mortgage calculator,https://www.yourpropertyguide.com.au/mortgage-calculator,0,1,0,84
400000 mortgage payment,https://www.yourpropertyguide.com.au/mortgage-calculator,0,1,0,88
400000 mortgage repayments,https://www.yourpropertyguide.com.au/mortgage-calculator,0,2,0,79.5
4005,https://www.yourpropertyguide.com.au/postcodes/4005,0,25,0,8.9
4005 post code,https://www.yourpropertyguide.com.au/postcodes/4005,0,3,0,10.7
4005 postcode,https://www.yourpropertyguide.com.au/postcodes/4005,0,110,0,8.6
400k mortgage monthly payments,https://www.yourpropertyguide.com.au/mortgage-calculator,0,1,0,84
400k mortgage payment,https://www.yourpropertyguide.com.au/mortgage-calculator,0,1,0,89
400k mortgage repayments,https://www.yourpropertyguide.com.au/mortgage-calculator,0,1,0,87
4013 postcode,https://www.yourpropertyguide.com.au/postcodes/4013,0,40,0,9.2
4018,https://www.yourpropertyguide.com.au/suburbs/taigum-qld-4018,0,1,0,3
4018 postcode,https://www.yourpropertyguide.com.au/suburbs/taigum-qld-4018,0,147,0,8.3
4018 postcode brisbane,https://www.yourpropertyguide.com.au/suburbs/taigum-qld-4018,0,17,0,7.1
4019 postcode,https://www.yourpropertyguide.com.au/suburbs/humpybong-qld-4019,0,17,0,10.4
4067,https://www.yourpropertyguide.com.au/postcodes/4067,0,8,0,6.8
4067 post code,https://www.yourpropertyguide.com.au/postcodes/4067,0,5,0,9
4067 postcode,https://www.yourpropertyguide.com.au/postcodes/4067,0,65,0,9.0
4069 postcode,https://www.yourpropertyguide.com.au/suburbs/kenmore-east-qld-4069,0,101,0,10.9
4071 postcode,https://www.yourpropertyguide.com.au/suburbs/north-rockhampton-qld-4701,0,1,0,4
41 16,https://www.yourpropertyguide.com.au/postcodes/4116,0,2,0,44
41/120,https://www.yourpropertyguide.com.au/postcodes/4120,0,1,0,42
4102 post code,https://www.yourpropertyguide.com.au/postcodes/4102,0,6,0,10.2
4102 postcode,https://www.yourpropertyguide.com.au/postcodes/4102,0,92,0,9.6
4102 postcode,https://www.yourpropertyguide.com.au/suburbs/woolloongabba-qld-4102,0,21,0,10.4
4107 postcode,https://www.yourpropertyguide.com.au/suburbs/salisbury-qld-4107,0,1,0,7
4116,https://www.yourpropertyguide.com.au/postcodes/4116,0,22,0,8.1
4116 post code,https://www.yourpropertyguide.com.au/postcodes/4116,0,8,0,9.9
4116 postcode,https://www.yourpropertyguide.com.au/postcodes/4116,0,136,0,9.5
4116 qld,https://www.yourpropertyguide.com.au/postcodes/4116,0,3,0,15.7
4116 zip code,https://www.yourpropertyguide.com.au/postcodes/4116,0,1,0,8
4118,https://www.yourpropertyguide.com.au/postcodes/4118,0,50,0,6
4118 post code,https://www.yourpropertyguide.com.au/postcodes/4118,0,5,0,10.6
4118 post code,https://www.yourpropertyguide.com.au/suburbs/browns-plains-bc-qld-4118,0,7,0,8.9
4118 postal code,https://www.yourpropertyguide.com.au/postcodes/4118,0,2,0,6.5
4118 postcode,https://www.yourpropertyguide.com.au/postcodes/4118,0,154,0,9.7
4118 postcode,https://www.yourpropertyguide.com.au/suburbs/browns-plains-bc-qld-4118,0,111,0,8.7
4118 postcode qld,https://www.yourpropertyguide.com.au/postcodes/4118,0,27,0,7.4
4118 postcode qld,https://www.yourpropertyguide.com.au/suburbs/browns-plains-bc-qld-4118,0,17,0,10.1
4118 qld,https://www.yourpropertyguide.com.au/postcodes/4118,0,3,0,24
4118 qld,https://www.yourpropertyguide.com.au/suburbs/browns-plains-bc-qld-4118,0,1,0,21
4118 zip code,https://www.yourpropertyguide.com.au/postcodes/4118,0,2,0,9.5
4120,https://www.yourpropertyguide.com.au/postcodes/4120,0,3,0,5.7
4120 post code,https://www.yourpropertyguide.com.au/postcodes/4120,0,1,0,10
4120 postal code,https://www.yourpropertyguide.com.au/postcodes/4120,0,1,0,9
4120 postcode,https://www.yourpropertyguide.com.au/postcodes/4120,0,52,0,10.6
4122 brisbane,https://www.yourpropertyguide.com.au/suburbs/upper-mount-gravatt-bc-qld-4122,0,1,0,29
4122 post code,https://www.yourpropertyguide.com.au/suburbs/upper-mount-gravatt-bc-qld-4122,0,1,0,10
4122 postcode,https://www.yourpropertyguide.com.au/suburbs/upper-mount-gravatt-bc-qld-4122,0,31,0,10.9
4122 qld,https://www.yourpropertyguide.com.au/suburbs/upper-mount-gravatt-bc-qld-4122,0,2,0,30.5
4122 suburb,https://www.yourpropertyguide.com.au/suburbs/upper-mount-gravatt-bc-qld-4122,0,1,0,27
4124 postcode,https://www.yourpropertyguide.com.au/suburbs/silverbark-ridge-qld-4124,0,4,0,18
4128,https://www.yourpropertyguide.com.au/postcodes/4728,0,1,0,49
4129,https://www.yourpropertyguide.com.au/suburbs/loganholme-bc-qld-4129,0,2,0,21
4129 postcode,https://www.yourpropertyguide.com.au/suburbs/loganholme-bc-qld-4129,0,109,0,8.4
4132 postcode,https://www.yourpropertyguide.com.au/postcodes/4132,0,1,0,7
4132 postcode,https://www.yourpropertyguide.com.au/suburbs/crestmead-dc-qld-4132,0,1,0,9
4132 postcode,https://www.yourpropertyguide.com.au/suburbs/crestmead-qld-4132,0,1,0,7
4172 postcode,https://www.yourpropertyguide.com.au/suburbs/murarrie-qld-4172,0,1,0,47
4183 postcode,https://www.yourpropertyguide.com.au/suburbs/north-stradbroke-island-qld-4183,0,1,0,14
41:16,https://www.yourpropertyguide.com.au/postcodes/4116,0,1,0,43
42 lilli pilli road lilli pilli nsw 2536,https://www.yourpropertyguide.com.au/suburbs/lilli-pilli-nsw-2536/agents,0,2,0,32
4205,https://www.yourpropertyguide.com.au/postcodes/4205,0,1,0,9
4205 postcode,https://www.yourpropertyguide.com.au/postcodes/4205,0,22,0,9.2
4212 post code,https://www.yourpropertyguide.com.au/postcodes/4212,0,5,0,9
4212 postcode,https://www.yourpropertyguide.com.au/postcodes/4212,0,30,0,7.0
4212 qld,https://www.yourpropertyguide.com.au/postcodes/4212,0,3,0,6.3
4214 postcode,https://www.yourpropertyguide.com.au/suburbs/arundel-qld-4214,0,176,0,10.5
4214 postcode australia,https://www.yourpropertyguide.com.au/suburbs/arundel-qld-4214,0,11,0,9.2
4214 qld,https://www.yourpropertyguide.com.au/suburbs/arundel-qld-4214,0,3,0,14.7
4217,https://www.yourpropertyguide.com.au/suburbs/surfers-paradise-qld-4217,0,11,0,8.9
4217 australia,https://www.yourpropertyguide.com.au/suburbs/paradise-waters-qld-4217,0,4,0,21.2
4217 australia,https://www.yourpropertyguide.com.au/suburbs/surfers-paradise-qld-4217,0,3,0,46.7
4217 gold coast australia,https://www.yourpropertyguide.com.au/suburbs/surfers-paradise-qld-4217,0,1,0,73
4217 post code,https://www.yourpropertyguide.com.au/suburbs/surfers-paradise-qld-4217,0,37,0,9
4217 postcode,https://www.yourpropertyguide.com.au/suburbs/paradise-waters-qld-4217,0,1,0,18
4217 postcode,https://www.yourpropertyguide.com.au/suburbs/surfers-paradise-qld-4217,0,449,0,8.9
4217 postcode australia,https://www.yourpropertyguide.com.au/suburbs/paradise-waters-qld-4217,0,1,0,27
4217 postcode australia,https://www.yourpropertyguide.com.au/suburbs/surfers-paradise-qld-4217,0,14,0,9.1
4217 qld,https://www.yourpropertyguide.com.au/suburbs/paradise-waters-qld-4217,0,3,0,40.7
4217 qld,https://www.yourpropertyguide.com.au/suburbs/surfers-paradise-qld-4217,0,12,0,15.6
4217 surfers paradise,https://www.yourpropertyguide.com.au/suburbs/surfers-paradise-qld-4217,0,3,0,28.3
4225,https://www.yourpropertyguide.com.au/postcodes/4225,0,4,0,7.8
4225 post code,https://www.yourpropertyguide.com.au/postcodes/4225,0,3,0,15.7
4225 postcode,https://www.yourpropertyguide.com.au/postcodes/4225,0,3,0,10.3
4307 postcode,https://www.yourpropertyguide.com.au/suburbs/warrill-view-qld-4307,0,2,0,11
4314 postcode,https://www.yourpropertyguide.com.au/suburbs/blackbutt-north-qld-4314,0,50,0,9.7
4314 postcode,https://www.yourpropertyguide.com.au/suburbs/mount-binga-qld-4314,0,2,0,11
4344 postcode,https://www.yourpropertyguide.com.au/suburbs/lockyer-qld-4344,0,20,0,10.2
4345 postcode,https://www.yourpropertyguide.com.au/postcodes/4345,0,8,0,3.8
4354 postcode,https://www.yourpropertyguide.com.au/suburbs/goombungee-qld-4354,0,19,0,8.5
4357 postcode,https://www.yourpropertyguide.com.au/suburbs/captains-mountain-qld-4357,0,8,0,10.5
4361 postcode,https://www.yourpropertyguide.com.au/suburbs/manapouri-qld-4361,0,1,0,11
4361 postcode,https://www.yourpropertyguide.com.au/suburbs/victoria-hill-qld-4361,0,13,0,10.7
4362 postcode,https://www.yourpropertyguide.com.au/postcodes/4362,0,36,0,8.6
4387 postcode,https://www.yourpropertyguide.com.au/suburbs/inglewood-qld-4387,0,3,0,10.7
4404 postcode,https://www.yourpropertyguide.com.au/suburbs/bowenville-qld-4404,0,1,0,10
4406 postcode,https://www.yourpropertyguide.com.au/suburbs/southwood-qld-4406,0,1,0,6
4408 postcode,https://www.yourpropertyguide.com.au/postcodes/4408,0,23,0,8.4
4415,https://www.yourpropertyguide.com.au/postcodes/4415,0,1,0,11
4415 postcode,https://www.yourpropertyguide.com.au/postcodes/4415,0,17,0,9.5
4419 postcode,https://www.yourpropertyguide.com.au/suburbs/roche-creek-qld-4419,0,18,0,9.7
4456 postcode,https://www.yourpropertyguide.com.au/suburbs/buderim-qld-4556,0,1,0,11
4479,https://www.yourpropertyguide.com.au/postcodes/4479,0,1,0,2
4479 postcode,https://www.yourpropertyguide.com.au/postcodes/4479,0,3,0,10
4498,https://www.yourpropertyguide.com.au/postcodes/4498,0,5,0,4.8
4498 postcode,https://www.yourpropertyguide.com.au/postcodes/4498,0,10,0,8.8
4498 postcode australia,https://www.yourpropertyguide.com.au/postcodes/4498,0,11,0,8.9
4502 postcode,https://www.yourpropertyguide.com.au/suburbs/frenchs-forest-qld-4502,0,5,0,10.6
4506,https://www.yourpropertyguide.com.au/suburbs/morayfield-qld-4506,0,1,0,3
4506 post code,https://www.yourpropertyguide.com.au/suburbs/morayfield-qld-4506,0,12,0,9.3
4506 postcode,https://www.yourpropertyguide.com.au/suburbs/morayfield-qld-4506,0,193,0,9.1
4506 postcode qld,https://www.yourpropertyguide.com.au/suburbs/morayfield-qld-4506,0,39,0,8.0
4506 qld,https://www.yourpropertyguide.com.au/suburbs/morayfield-qld-4506,0,5,0,11.6
450k mortgage repayments,https://www.yourpropertyguide.com.au/mortgage-calculator,0,2,0,87
4517,https://www.yourpropertyguide.com.au/suburbs/surfers-paradise-qld-4217,0,1,0,83
4519,https://www.yourpropertyguide.com.au/postcodes/4519,0,1,0,11
4519 postcode,https://www.yourpropertyguide.com.au/postcodes/4519,0,26,0,7.5
4550 postcode,https://www.yourpropertyguide.com.au/postcodes/4550,0,53,0,10.2
4551 postcode,https://www.yourpropertyguide.com.au/suburbs/little-mountain-qld-4551,0,128,0,9.8
4551 postcode qld,https://www.yourpropertyguide.com.au/suburbs/little-mountain-qld-4551,0,7,0,9.4
4556,https://www.yourpropertyguide.com.au/suburbs/buderim-qld-4556,0,9,0,10.1
4556 post code,https://www.yourpropertyguide.com.au/suburbs/buderim-qld-4556,0,22,0,9.3
4556 postcode,https://www.yourpropertyguide.com.au/suburbs/buderim-qld-4556,0,149,0,9.9
4556 qld,https://www.yourpropertyguide.com.au/suburbs/buderim-qld-4556,0,7,0,11.4
4560 postcode,https://www.yourpropertyguide.com.au/suburbs/flaxton-qld-4560,0,1,0,11
4564,https://www.yourpropertyguide.com.au/suburbs/pacific-paradise-qld-4564,0,5,0,11.2
4564 postcode,https://www.yourpropertyguide.com.au/suburbs/pacific-paradise-qld-4564,0,126,0,9.4
4569,https://www.yourpropertyguide.com.au/postcodes/4569,0,6,0,8.7
4569 postcode,https://www.yourpropertyguide.com.au/postcodes/4569,0,17,0,8.5
4573 postcode,https://www.yourpropertyguide.com.au/suburbs/coolum-beach-qld-4573,0,1,0,20
4575,https://www.yourpropertyguide.com.au/suburbs/parrearra-qld-4575,0,6,0,15.3
4575 post code,https://www.yourpropertyguide.com.au/suburbs/parrearra-qld-4575,0,2,0,10
4575 postcode,https://www.yourpropertyguide.com.au/suburbs/parrearra-qld-4575,0,60,0,10.7
4605,https://www.yourpropertyguide.com.au/postcodes/4605,0,15,0,15.1
4605 post code,https://www.yourpropertyguide.com.au/postcodes/4605,0,2,0,9.5
4605 postcode,https://www.yourpropertyguide.com.au/postcodes/4605,0,35,0,8.3
4615 postcode,https://www.yourpropertyguide.com.au/suburbs/wattle-camp-qld-4615,0,1,0,6
4621 postcode,https://www.yourpropertyguide.com.au/suburbs/coalstoun-lakes-qld-4621,0,15,0,9.3
4655,https://www.yourpropertyguide.com.au/suburbs/urangan-qld-4655,0,6,0,37.3
4659 postcode,https://www.yourpropertyguide.com.au/suburbs/burrum-river-qld-4659,0,1,0,10
4676,https://www.yourpropertyguide.com.au/postcodes/4676,0,1,0,10
4677,https://www.yourpropertyguide.com.au/suburbs/armstrong-vic-3377,0,1,0,80
4701,https://www.yourpropertyguide.com.au/suburbs/north-rockhampton-qld-4701,0,2,0,3
4701 postcode,https://www.yourpropertyguide.com.au/suburbs/north-rockhampton-qld-4701,0,17,0,2.5
4701 postcode australia,https://www.yourpropertyguide.com.au/suburbs/north-rockhampton-qld-4701,0,3,0,9.7
4701 qld,https://www.yourpropertyguide.com.au/suburbs/north-rockhampton-qld-4701,0,4,0,4.2
4703 postcode,https://www.yourpropertyguide.com.au/postcodes/4703,0,1,0,9
4704 postcode,https://www.yourpropertyguide.com.au/suburbs/wattlebank-qld-4704,0,8,0,8.6
4718 postcode,https://www.yourpropertyguide.com.au/suburbs/mungabunda-qld-4718,0,18,0,9.2
4726,https://www.yourpropertyguide.com.au/postcodes/4726,0,18,0,2.1
4726 postcode,https://www.yourpropertyguide.com.au/postcodes/4726,0,5,0,8.4
4738 postcode,https://www.yourpropertyguide.com.au/postcodes/4738,0,17,0,9.5
4741 postcode,https://www.yourpropertyguide.com.au/suburbs/clairview-qld-4741,0,11,0,10.5
4742 postcode,https://www.yourpropertyguide.com.au/suburbs/nebo-qld-4742,0,10,0,9.3
4816 postcode,https://www.yourpropertyguide.com.au/suburbs/reid-river-qld-4816,0,1,0,6
4821 postcode,https://www.yourpropertyguide.com.au/suburbs/prairie-qld-4821,0,1,0,10
4821 postcode,https://www.yourpropertyguide.com.au/suburbs/stamford-qld-4821,0,2,0,9
4829 postcode,https://www.yourpropertyguide.com.au/suburbs/boulia-qld-4829,0,21,0,8.0
4852 postcode,https://www.yourpropertyguide.com.au/suburbs/carmoo-qld-4852,0,30,0,8.9
4858 postcode,https://www.yourpropertyguide.com.au/suburbs/etty-bay-qld-4858,0,1,0,4
4858 postcode,https://www.yourpropertyguide.com.au/suburbs/mourilyan-qld-4858,0,22,0,9.9
4868 postcode,https://www.yourpropertyguide.com.au/suburbs/mount-sheridan-qld-4868,0,2,0,16
4869,https://www.yourpropertyguide.com.au/postcodes/4569,0,1,0,38
4869 postcode,https://www.yourpropertyguide.com.au/postcodes/4869,0,1,0,7
4871 postcode,https://www.yourpropertyguide.com.au/suburbs/chillagoe-qld-4871,0,1,0,9
4875 postcode,https://www.yourpropertyguide.com.au/suburbs/boigu-island-qld-4875,0,1,0,8
4875 postcode,https://www.yourpropertyguide.com.au/suburbs/erub-qld-4875,0,1,0,18
4875 postcode,https://www.yourpropertyguide.com.au/suburbs/horn-island-qld-4875,0,1,0,5
4883,https://www.yourpropertyguide.com.au/postcodes/4883,0,5,0,15
4883 postcode,https://www.yourpropertyguide.com.au/postcodes/4883,0,29,0,10.1
500 000 mortgage,https://www.yourpropertyguide.com.au/mortgage-calculator,0,1,0,79
500 000 mortgage calculator,https://www.yourpropertyguide.com.au/mortgage-calculator,0,1,0,87
500 000 mortgage payment,https://www.yourpropertyguide.com.au/mortgage-calculator,0,1,0,83
500 000 mortgage payment 30 years,https://www.yourpropertyguide.com.au/mortgage-calculator,0,1,0,76
500 000 mortgage repayments,https://www.yourpropertyguide.com.au/mortgage-calculator,0,3,0,90.7
500000 mortgage repayments,https://www.yourpropertyguide.com.au/mortgage-calculator,0,1,0,89
500k mortgage monthly payment,https://www.yourpropertyguide.com.au/mortgage-calculator,0,1,0,89
500k mortgage repayments,https://www.yourpropertyguide.com.au/mortgage-calculator,0,2,0,86.5
5012 postcode,https://www.yourpropertyguide.com.au/suburbs/woodville-gardens-sa-5012,0,1,0,14
5013,https://www.yourpropertyguide.com.au/suburbs/wingfield-sa-5013,0,5,0,11.2
5013 postcode,https://www.yourpropertyguide.com.au/suburbs/wingfield-sa-5013,0,154,0,8.7
5015 postcode,https://www.yourpropertyguide.com.au/suburbs/birkenhead-sa-5015,0,1,0,22
5020,https://www.yourpropertyguide.com.au/postcodes/5020,0,1,0,18
5020 postcode,https://www.yourpropertyguide.com.au/postcodes/5020,0,15,0,7.1
5034 postcode,https://www.yourpropertyguide.com.au/suburbs/goodwood-sa-5034,0,22,0,10.8
5037,https://www.yourpropertyguide.com.au/postcodes/5037,0,3,0,17
5037 postcode,https://www.yourpropertyguide.com.au/postcodes/5037,0,28,0,10.6
5037 postcode sa,https://www.yourpropertyguide.com.au/postcodes/5037,0,6,0,10.2
5049 postcode,https://www.yourpropertyguide.com.au/suburbs/seaview-downs-sa-5049,0,1,0,2
5061,https://www.yourpropertyguide.com.au/postcodes/5061,0,12,0,11.2
5061 postcode,https://www.yourpropertyguide.com.au/postcodes/5061,0,43,0,9.3
5061 postcode adelaide,https://www.yourpropertyguide.com.au/postcodes/5061,0,2,0,8
5070 postcode,https://www.yourpropertyguide.com.au/suburbs/payneham-sa-5070,0,11,0,9.5
5070 postcode adelaide,https://www.yourpropertyguide.com.au/suburbs/payneham-sa-5070,0,1,0,10
5070 sa,https://www.yourpropertyguide.com.au/suburbs/payneham-sa-5070,0,1,0,10
5075 postcode,https://www.yourpropertyguide.com.au/suburbs/paradise-sa-5075,0,12,0,8.8
5081 postcode,https://www.yourpropertyguide.com.au/suburbs/medindie-sa-5081,0,1,0,22
5093 postcode,https://www.yourpropertyguide.com.au/suburbs/valley-view-sa-5093,0,1,0,11
5094 postcode,https://www.yourpropertyguide.com.au/postcodes/5094,0,34,0,9.8
5095 post code,https://www.yourpropertyguide.com.au/suburbs/pooraka-sa-5095,0,1,0,10
5095 postcode,https://www.yourpropertyguide.com.au/suburbs/pooraka-sa-5095,0,4,0,7.5
5109 postcode,https://www.yourpropertyguide.com.au/suburbs/salisbury-park-sa-5109,0,2,0,18
5111,https://www.yourpropertyguide.com.au/postcodes/5111,0,1,0,11
5111 postcode,https://www.yourpropertyguide.com.au/postcodes/5111,0,25,0,9.1
5113 postcode,https://www.yourpropertyguide.com.au/suburbs/davoren-park-south-sa-5113,0,20,0,10.7
5114,https://www.yourpropertyguide.com.au/suburbs/craigmore-sa-5114,0,5,0,11
5114 post code,https://www.yourpropertyguide.com.au/suburbs/craigmore-sa-5114,0,6,0,9.7
5114 postcode,https://www.yourpropertyguide.com.au/suburbs/craigmore-sa-5114,0,114,0,10.1
5114 postcode sa,https://www.yourpropertyguide.com.au/suburbs/craigmore-sa-5114,0,6,0,9.8
5114 sa,https://www.yourpropertyguide.com.au/suburbs/craigmore-sa-5114,0,1,0,20
5118 postcode,https://www.yourpropertyguide.com.au/suburbs/gawler-east-sa-5118,0,83,0,8.6
5118 postcode,https://www.yourpropertyguide.com.au/suburbs/gawler-west-sa-5118,0,1,0,58
5150 postcode,https://www.yourpropertyguide.com.au/suburbs/leawood-gardens-sa-5150,0,1,0,5
5165 postcode,https://www.yourpropertyguide.com.au/suburbs/christies-beach-sa-5165,0,1,0,5
5169 postcode,https://www.yourpropertyguide.com.au/suburbs/seaford-heights-sa-5169,0,10,0,12.2
5220,https://www.yourpropertyguide.com.au/postcodes/5220,0,4,0,10.8
5220 postcode,https://www.yourpropertyguide.com.au/postcodes/5220,0,11,0,9.4
5244,https://www.yourpropertyguide.com.au/suburbs/inverbrackie-sa-5244,0,1,0,1
5261 postcode,https://www.yourpropertyguide.com.au/suburbs/yumali-sa-5261,0,1,0,11
5268 postcode,https://www.yourpropertyguide.com.au/suburbs/cangara-sa-5268,0,3,0,11
5333 postcode,https://www.yourpropertyguide.com.au/suburbs/loxton-north-sa-5333,0,19,0,9.2
5356 postcode,https://www.yourpropertyguide.com.au/suburbs/st-kitts-sa-5356,0,1,0,1
5417 postcode,https://www.yourpropertyguide.com.au/suburbs/burra-sa-5417,0,8,0,10.5
5422 postcode,https://www.yourpropertyguide.com.au/suburbs/minvalara-sa-5422,0,3,0,11
550000 mortgage,https://www.yourpropertyguide.com.au/mortgage-calculator,0,1,0,74
5570 postcode,https://www.yourpropertyguide.com.au/postcodes/5570,0,5,0,10
5573 postcode,https://www.yourpropertyguide.com.au/suburbs/maitland-sa-5573,0,26,0,9.2
5713 postcode,https://www.yourpropertyguide.com.au/suburbs/mount-arden-sa-5713,0,1,0,8
60 callala beach road callala beach nsw 2540,https://www.yourpropertyguide.com.au/suburbs/callala-beach-nsw-2540,0,2,0,33.5
600 000 loan repayments,https://www.yourpropertyguide.com.au/mortgage-calculator,0,1,0,91
600 000 mortgage payment,https://www.yourpropertyguide.com.au/mortgage-calculator,0,1,0,88
600 000 mortgage repayments,https://www.yourpropertyguide.com.au/mortgage-calculator,0,1,0,86
6000 post code,https://www.yourpropertyguide.com.au/suburbs/perth-wa-6000,0,1,0,3
6000 postcode,https://www.yourpropertyguide.com.au/suburbs/perth-wa-6000,0,1,0,9
600000 mortgage calculator,https://www.yourpropertyguide.com.au/mortgage-calculator,0,1,0,80
600000 mortgage payment,https://www.yourpropertyguide.com.au/mortgage-calculator,0,1,0,80
6003 postcode,https://www.yourpropertyguide.com.au/suburbs/highgate-wa-6003,0,5,0,9.6
600k mortgage monthly payment,https://www.yourpropertyguide.com.au/mortgage-calculator,0,1,0,82
600k mortgage payment,https://www.yourpropertyguide.com.au/mortgage-calculator,0,1,0,93
6015,https://www.yourpropertyguide.com.au/postcodes/6015,0,2,0,7.5
6015 postcode,https://www.yourpropertyguide.com.au/postcodes/6015,0,21,0,9.4
6018 postcode,https://www.yourpropertyguide.com.au/suburbs/karrinyup-wa-6018,0,3,0,22.3
6018 postcode wa,https://www.yourpropertyguide.com.au/suburbs/karrinyup-wa-6018,0,1,0,18
6024 postcode,https://www.yourpropertyguide.com.au/suburbs/warwick-wa-6024,0,103,0,9.3
6026,https://www.yourpropertyguide.com.au/suburbs/woodvale-wa-6026,0,1,0,11
6026 postcode,https://www.yourpropertyguide.com.au/suburbs/woodvale-wa-6026,0,32,0,11.6
6041 postcode,https://www.yourpropertyguide.com.au/suburbs/caraban-wa-6041,0,4,0,9.8
6042 postcode,https://www.yourpropertyguide.com.au/postcodes/6042,0,10,0,10.1
6053 postcode,https://www.yourpropertyguide.com.au/suburbs/bayswater-wa-6053,0,1,0,9
6065 postcode,https://www.yourpropertyguide.com.au/suburbs/landsdale-wa-6065,0,6,0,3
6084,https://www.yourpropertyguide.com.au/postcodes/6084,0,2,0,19
6084 postcode,https://www.yourpropertyguide.com.au/postcodes/6084,0,41,0,10.1
6103,https://www.yourpropertyguide.com.au/postcodes/6103,0,2,0,11
6103 postcode,https://www.yourpropertyguide.com.au/postcodes/6103,0,60,0,9.2
6124 postcode,https://www.yourpropertyguide.com.au/postcodes/6124,0,5,0,7.8
6153,https://www.yourpropertyguide.com.au/suburbs/mount-pleasant-wa-6153,0,2,0,16.5
6153 postcode,https://www.yourpropertyguide.com.au/suburbs/mount-pleasant-wa-6153,0,2,0,15
6154,https://www.yourpropertyguide.com.au/suburbs/booragoon-wa-6154,0,2,0,10.5
6154 postcode,https://www.yourpropertyguide.com.au/suburbs/booragoon-wa-6154,0,24,0,8
6156,https://www.yourpropertyguide.com.au/postcodes/6156,0,8,0,8.1
6156 postcode,https://www.yourpropertyguide.com.au/postcodes/6156,0,11,0,11.3
6156 postcode wa,https://www.yourpropertyguide.com.au/postcodes/6156,0,3,0,10.3
6161,https://www.yourpropertyguide.com.au/postcodes/6161,0,2,0,29.5
6161 postcode,https://www.yourpropertyguide.com.au/postcodes/6161,0,40,0,10.2
6166 postcode,https://www.yourpropertyguide.com.au/suburbs/wattleup-wa-6166,0,17,0,8.8
6168,https://www.yourpropertyguide.com.au/suburbs/rockingham-dc-wa-6168,0,1,0,57
6168 postcode,https://www.yourpropertyguide.com.au/suburbs/rockingham-dc-wa-6168,0,1,0,5
6168 wa,https://www.yourpropertyguide.com.au/suburbs/rockingham-dc-wa-6168,0,1,0,17
6174 post code,https://www.yourpropertyguide.com.au/suburbs/golden-bay-wa-6174,0,1,0,11
6174 postcode,https://www.yourpropertyguide.com.au/suburbs/golden-bay-wa-6174,0,19,0,10.1
6176 postcode,https://www.yourpropertyguide.com.au/postcodes/6176,0,12,0,8.6
6208,https://www.yourpropertyguide.com.au/suburbs/pinjarra-wa-6208,0,2,0,39.5
6208 postcode,https://www.yourpropertyguide.com.au/suburbs/pinjarra-wa-6208,0,82,0,9.5
6210,https://www.yourpropertyguide.com.au/suburbs/mandurah-dc-wa-6210,0,2,0,65
6210 post code,https://www.yourpropertyguide.com.au/suburbs/mandurah-dc-wa-6210,0,4,0,11.5
6210 postcode,https://www.yourpropertyguide.com.au/suburbs/mandurah-dc-wa-6210,0,209,0,10.1
6210 wa,https://www.yourpropertyguide.com.au/suburbs/mandurah-dc-wa-6210,0,1,0,19
6211 postcode,https://www.yourpropertyguide.com.au/postcodes/6211,0,29,0,9.3
6220 postcode,https://www.yourpropertyguide.com.au/suburbs/warawarrup-wa-6220,0,15,0,10.6
6232 postcode,https://www.yourpropertyguide.com.au/postcodes/6232,0,23,0,8.8
6285 postcode,https://www.yourpropertyguide.com.au/postcodes/6285,0,18,0,9.9
6285 postcode,https://www.yourpropertyguide.com.au/suburbs/burnside-wa-6285,0,1,0,11
6302,https://www.yourpropertyguide.com.au/postcodes/6302,0,3,0,10
6302 postcode,https://www.yourpropertyguide.com.au/postcodes/6302,0,13,0,9.5
6304 postcode,https://www.yourpropertyguide.com.au/suburbs/dale-wa-6304,0,10,0,10.6
6330 postcode,https://www.yourpropertyguide.com.au/suburbs/marbelup-wa-6330,0,1,0,9
6401 postcode,https://www.yourpropertyguide.com.au/suburbs/mokine-wa-6401,0,1,0,10
6415 postcode,https://www.yourpropertyguide.com.au/suburbs/goomarin-wa-6415,0,3,0,10.7
6432 postcode,https://www.yourpropertyguide.com.au/suburbs/victory-heights-wa-6432,0,33,0,9.5
6437,https://www.yourpropertyguide.com.au/postcodes/6437,0,3,0,9.3
6519 postcode,https://www.yourpropertyguide.com.au/suburbs/three-springs-wa-6519,0,3,0,9.7
6530 postcode,https://www.yourpropertyguide.com.au/suburbs/strathalbyn-wa-6530,0,1,0,5
6532 postcode,https://www.yourpropertyguide.com.au/suburbs/naraling-wa-6532,0,1,0,11
6537 postcode,https://www.yourpropertyguide.com.au/postcodes/6537,0,18,0,7.8
6603 postcode,https://www.yourpropertyguide.com.au/suburbs/wongan-hills-wa-6603,0,8,0,10.6
6731,https://www.yourpropertyguide.com.au/postcodes/6731,0,3,0,4
6865,https://www.yourpropertyguide.com.au/postcodes/6865,0,7,0,5.1
7 yield on property,https://www.yourpropertyguide.com.au/rental-yield-calculator,0,4,0,89
7009 postcode,https://www.yourpropertyguide.com.au/suburbs/west-moonah-tas-7009,0,1,0,11
7054 postcode,https://www.yourpropertyguide.com.au/postcodes/3556,0,1,0,3
7116,https://www.yourpropertyguide.com.au/postcodes/7116,0,2,0,12.5
7116 postcode,https://www.yourpropertyguide.com.au/postcodes/7116,0,4,0,9.5
7190,https://www.yourpropertyguide.com.au/suburbs/triabunna-tas-7190,0,1,0,61
72 crawford street bulahdelah,https://www.yourpropertyguide.com.au/suburbs/crawford-river-nsw-2423/schools,0,2,0,52
72 crawford street bulahdelah nsw 2423,https://www.yourpropertyguide.com.au/suburbs/crawford-river-nsw-2423/schools,0,1,0,55
7248 postcode,https://www.yourpropertyguide.com.au/suburbs/invermay-tas-7248,0,1,0,11
7253 postcode,https://www.yourpropertyguide.com.au/suburbs/george-town-sa-7253,0,16,0,8.8
7270 postcode,https://www.yourpropertyguide.com.au/suburbs/beaconsfield-tas-7270,0,39,0,9.8
7300 postcode,https://www.yourpropertyguide.com.au/postcodes/7300,0,12,0,9.7
7322 postcode,https://www.yourpropertyguide.com.au/suburbs/somerset-tas-7322,0,2,0,14
7325,https://www.yourpropertyguide.com.au/postcodes/7325,0,8,0,12.6
7325 postcode,https://www.yourpropertyguide.com.au/postcodes/7325,0,8,0,10.6
a fixed rate,https://www.yourpropertyguide.com.au/guides/fixed-vs-variable-rate-guide,0,2,0,98
abandoned schools near me,https://www.yourpropertyguide.com.au/schools,0,1,0,54
abbotsford real estate agents,https://www.yourpropertyguide.com.au/suburbs/abbotsford-vic-3067/agents,0,1,0,17
aberglasslyn real estate agency,https://www.yourpropertyguide.com.au/suburbs/aberglasslyn-nsw-2320/agents,0,1,0,20
abermain postcode,https://www.yourpropertyguide.com.au/suburbs/abermain-nsw-2326,0,1,0,12
adelaide,https://www.yourpropertyguide.com.au/guides/house-price-forecasts-2026-2027-by-capital-city,0,1,0,2
adelaide wingfield,https://www.yourpropertyguide.com.au/suburbs/wingfield-sa-5013,0,2,0,57.5
adelong postcode,https://www.yourpropertyguide.com.au/suburbs/adelong-nsw-2729,0,1,0,8
adf property guide,https://www.yourpropertyguide.com.au/,0,3,0,30
advice on buying property,https://www.yourpropertyguide.com.au/buying-guide,0,1,0,73
affordability,https://www.yourpropertyguide.com.au/affordability-calculator,0,6,0,36.3
affordability analysis,https://www.yourpropertyguide.com.au/affordability-calculator,0,1,0,72
affordability calculator,https://www.yourpropertyguide.com.au/affordability-calculator,0,3,0,83.7
affordability calculator,https://www.yourpropertyguide.com.au/borrowing-power-calculator,0,3,0,95.7
affordability calculator for rent,https://www.yourpropertyguide.com.au/affordability-calculator,0,3,0,85
affordability checking,https://www.yourpropertyguide.com.au/affordability-calculator,0,2,0,89.5
affordable home calculator,https://www.yourpropertyguide.com.au/affordability-calculator,0,1,0,79
affordable land near werribee and hoppers crossing,https://www.yourpropertyguide.com.au/suburbs/werribee-vic-3030/vs/hoppers-crossing-vic-3029,0,1,0,22
affordable mortgage calculator,https://www.yourpropertyguide.com.au/affordability-calculator,0,2,0,74.5
agency fee real estate,https://www.yourpropertyguide.com.au/guides/real-estate-commission-nsw,0,3,0,53
agency fee real estate,https://www.yourpropertyguide.com.au/guides/real-estate-commission-vic,0,3,0,69.7
agency fees for selling a house,https://www.yourpropertyguide.com.au/guides/real-estate-commission-nsw,0,1,0,24
agency fees for selling a house,https://www.yourpropertyguide.com.au/guides/real-estate-commission-vic,0,1,0,47
agency greenwith,https://www.yourpropertyguide.com.au/suburbs/greenwith-sa-5125/agents,0,3,0,9.3
agency property guides,https://www.yourpropertyguide.com.au/,0,2,0,11
agent commission,https://www.yourpropertyguide.com.au/guides/real-estate-commission-vic,0,1,0,56
agent commission calculator,https://www.yourpropertyguide.com.au/guides/real-estate-commission-vic,0,1,0,87
agent commission calculator,https://www.yourpropertyguide.com.au/real-estate-commission-calculator,0,1,0,78
agent commission calculator qld,https://www.yourpropertyguide.com.au/real-estate-commission-calculator,0,1,0,83
agent commission for selling house,https://www.yourpropertyguide.com.au/guides/real-estate-commission-vic,0,1,0,63
agent commission nsw,https://www.yourpropertyguide.com.au/guides/real-estate-commission-nsw,0,4,0,22.5
agent commission rates,https://www.yourpropertyguide.com.au/guides/real-estate-commission-vic,0,1,0,35
agent commission victoria,https://www.yourpropertyguide.com.au/guides/real-estate-commission-vic,0,7,0,26.7
agent fee calculator,https://www.yourpropertyguide.com.au/real-estate-commission-calculator,0,1,0,74
agent fee for selling house,https://www.yourpropertyguide.com.au/guides/real-estate-commission-vic,0,3,0,36.3
agent fee for selling property,https://www.yourpropertyguide.com.au/guides/real-estate-commission-nsw,0,3,0,17.3
agent fee for selling property,https://www.yourpropertyguide.com.au/guides/real-estate-commission-vic,0,3,0,52.7
agent fees,https://www.yourpropertyguide.com.au/guides/real-estate-commission-vic,0,6,0,22.7
agent fees 2016,https://www.yourpropertyguide.com.au/guides/real-estate-agent-fees-australia,0,2,0,53
agent fees 2016,https://www.yourpropertyguide.com.au/real-estate-commission-calculator,0,1,0,87
agent fees calculator,https://www.yourpropertyguide.com.au/real-estate-commission-calculator,0,1,0,72
agent fees canberra,https://www.yourpropertyguide.com.au/guides/real-estate-commission-act,0,3,0,31.7
agent fees for buying a house,https://www.yourpropertyguide.com.au/guides/real-estate-commission-vic,0,1,0,57
agent fees for selling,https://www.yourpropertyguide.com.au/guides/real-estate-commission-vic,0,4,0,48.2
agent fees for selling a house,https://www.yourpropertyguide.com.au/guides/real-estate-commission-nsw,0,4,0,35.2
agent fees for selling a house,https://www.yourpropertyguide.com.au/guides/real-estate-commission-vic,0,10,0,41.7
agent fees for selling house,https://www.yourpropertyguide.com.au/guides/real-estate-commission-nsw,0,13,0,29.2
agent fees for selling house,https://www.yourpropertyguide.com.au/guides/real-estate-commission-vic,0,10,0,34.9
agent fees for selling property,https://www.yourpropertyguide.com.au/guides/real-estate-commission-nsw,0,2,0,28.5
agent fees for selling property,https://www.yourpropertyguide.com.au/guides/real-estate-commission-vic,0,3,0,44.7
agent fees hobart,https://www.yourpropertyguide.com.au/guides/real-estate-commission-tas,0,2,0,26.5
agent fees nsw,https://www.yourpropertyguide.com.au/guides/real-estate-commission-nsw,0,5,0,20.4
agent fees on sale of property,https://www.yourpropertyguide.com.au/guides/real-estate-commission-vic,0,1,0,51
agent fees selling house,https://www.yourpropertyguide.com.au/guides/real-estate-commission-vic,0,1,0,46
agent fees to sell a house,https://www.yourpropertyguide.com.au/guides/real-estate-commission-nsw,0,1,0,26
agent fees to sell a house,https://www.yourpropertyguide.com.au/guides/real-estate-commission-vic,0,1,0,70
agent fees when selling a house,https://www.yourpropertyguide.com.au/guides/real-estate-commission-vic,0,3,0,46
agent leads,https://www.yourpropertyguide.com.au/for-agents,0,1,0,79
agent selling fees,https://www.yourpropertyguide.com.au/guides/real-estate-commission-vic,0,5,0,59.4
agents commission,https://www.yourpropertyguide.com.au/guides/real-estate-commission-vic,0,1,0,97
agents commission calculator,https://www.yourpropertyguide.com.au/guides/real-estate-commission-vic,0,1,0,85
agents commission calculator,https://www.yourpropertyguide.com.au/real-estate-commission-calculator,0,1,0,77
agents commission calculator nsw,https://www.yourpropertyguide.com.au/guides/real-estate-commission-nsw,0,3,0,23
agents commission calculator nsw,https://www.yourpropertyguide.com.au/real-estate-commission-calculator,0,1,0,56
agents commission nsw,https://www.yourpropertyguide.com.au/guides/real-estate-commission-nsw,0,4,0,24
agents commission on sale of property,https://www.yourpropertyguide.com.au/guides/real-estate-commission-vic,0,1,0,49
agents commission on selling a house,https://www.yourpropertyguide.com.au/guides/real-estate-commission-vic,0,1,0,51
agents commission qld,https://www.yourpropertyguide.com.au/real-estate-commission-calculator,0,1,0,74
agents fee for selling house,https://www.yourpropertyguide.com.au/guides/real-estate-commission-nsw,0,3,0,29.3
agents fee for selling house,https://www.yourpropertyguide.com.au/guides/real-estate-commission-vic,0,2,0,47.5
agents fees,https://www.yourpropertyguide.com.au/guides/real-estate-commission-vic,0,3,0,47.3
agents fees for selling,https://www.yourpropertyguide.com.au/guides/real-estate-agent-fees-australia,0,2,0,81
agents fees for selling,https://www.yourpropertyguide.com.au/guides/real-estate-commission-vic,0,1,0,59
agents fees for selling a house,https://www.yourpropertyguide.com.au/guides/real-estate-commission-nsw,0,1,0,71
agents fees for selling a house,https://www.yourpropertyguide.com.au/guides/real-estate-commission-vic,0,4,0,42.2
agents fees for selling house,https://www.yourpropertyguide.com.au/guides/real-estate-commission-nsw,0,1,0,29
agents fees for selling house,https://www.yourpropertyguide.com.au/guides/real-estate-commission-vic,0,1,0,53
agents fees for selling property,https://www.yourpropertyguide.com.au/guides/real-estate-commission-nsw,0,1,0,73
agents fees for selling property,https://www.yourpropertyguide.com.au/guides/real-estate-commission-vic,0,5,0,49.4
agents fees on sale of property,https://www.yourpropertyguide.com.au/guides/real-estate-commission-vic,0,1,0,46
agents fees selling house melbourne,https://www.yourpropertyguide.com.au/guides/real-estate-agent-fees-australia,0,1,0,52
agents fees to sell a house,https://www.yourpropertyguide.com.au/guides/real-estate-commission-vic,0,4,0,55.2
agents selling fee,https://www.yourpropertyguide.com.au/guides/real-estate-agent-fees-australia,0,1,0,80
agents selling fee,https://www.yourpropertyguide.com.au/guides/real-estate-commission-vic,0,3,0,42.7
agents selling fees,https://www.yourpropertyguide.com.au/guides/real-estate-commission-nsw,0,2,0,15
agents selling fees,https://www.yourpropertyguide.com.au/guides/real-estate-commission-vic,0,3,0,16.7
airport west median house price,https://www.yourpropertyguide.com.au/suburbs/airport-west-vic-3042/rental-market,0,1,0,38
albany creek real estate agents,https://www.yourpropertyguide.com.au/suburbs/albany-creek-qld-4035/agents,0,1,0,38
alexander heights postcode,https://www.yourpropertyguide.com.au/suburbs/alexander-heights-wa-6064,0,3,0,9.7
alexander heights suburb profile,https://www.yourpropertyguide.com.au/suburbs/alexander-heights-wa-6064/vs/darch-wa-6065,0,1,0,26
alkira secondary college,https://www.yourpropertyguide.com.au/schools/alkira-secondary-college-45604,0,2,0,42
allora post code,https://www.yourpropertyguide.com.au/postcodes/4362,0,4,0,11.5
allora postcode,https://www.yourpropertyguide.com.au/postcodes/4362,0,24,0,12.2
allora qld postcode,https://www.yourpropertyguide.com.au/postcodes/4362,0,2,0,17.5
alphington median house price,https://www.yourpropertyguide.com.au/suburbs/alphington-vic-3078/rental-market,0,2,0,29
alphington suburb profile,https://www.yourpropertyguide.com.au/suburbs/alphington-vic-3078/rental-market,0,1,0,48
alpurrurulam postcode,https://www.yourpropertyguide.com.au/suburbs/alpurrurulam-qld-4825,0,13,0,6.4
alstonville real estate agents,https://www.yourpropertyguide.com.au/suburbs/alstonville-nsw-2477/agents,0,1,0,28
amaroo act postcode,https://www.yourpropertyguide.com.au/suburbs/amaroo-act-2914,0,1,0,8
amaroo postcode,https://www.yourpropertyguide.com.au/suburbs/amaroo-act-2914,0,1,0,7
anglers rest vic,https://www.yourpropertyguide.com.au/suburbs/anglers-rest-vic-3898,0,1,0,9
annadale post code,https://www.yourpropertyguide.com.au/suburbs/annandale-nsw-2038,0,5,0,7
annadale postcode,https://www.yourpropertyguide.com.au/suburbs/annandale-nsw-2038,0,10,0,7.7
annadale sydney,https://www.yourpropertyguide.com.au/suburbs/annandale-nsw-2038,0,1,0,65
annandale buyers agent,https://www.yourpropertyguide.com.au/suburbs/annandale-nsw-2038/agents,0,1,0,42
annandale crime rate,https://www.yourpropertyguide.com.au/suburbs/annandale-nsw-2038,0,4,0,11
annandale demographics,https://www.yourpropertyguide.com.au/suburbs/annandale-nsw-2038,0,1,0,32
annandale median house price,https://www.yourpropertyguide.com.au/suburbs/annandale-nsw-2038,0,2,0,34
annandale nsw,https://www.yourpropertyguide.com.au/suburbs/annandale-nsw-2038,0,13,0,34.8
annandale nsw 2038,https://www.yourpropertyguide.com.au/suburbs/annandale-nsw-2038,0,1,0,27
annandale nsw australia,https://www.yourpropertyguide.com.au/suburbs/annandale-nsw-2038,0,4,0,56.5
annandale nsw postcode,https://www.yourpropertyguide.com.au/suburbs/annandale-nsw-2038,0,9,0,8.4
annandale post code,https://www.yourpropertyguide.com.au/suburbs/annandale-nsw-2038,0,66,0,9.4
annandale postal code,https://www.yourpropertyguide.com.au/suburbs/annandale-nsw-2038,0,1,0,9
annandale postcode,https://www.yourpropertyguide.com.au/suburbs/annandale-nsw-2038,0,300,0,7.7
annandale postcode nsw,https://www.yourpropertyguide.com.au/suburbs/annandale-nsw-2038,0,31,0,10.3
annandale real estate agents,https://www.yourpropertyguide.com.au/suburbs/annandale-nsw-2038/agents,0,1,0,32
annandale suburb profile,https://www.yourpropertyguide.com.au/suburbs/annandale-nsw-2038,0,2,0,33
annandale sydney,https://www.yourpropertyguide.com.au/suburbs/annandale-nsw-2038,0,5,0,62.8
annandale sydney australia,https://www.yourpropertyguide.com.au/suburbs/annandale-nsw-2038,0,1,0,69
annandale sydney nsw,https://www.yourpropertyguide.com.au/suburbs/annandale-nsw-2038,0,1,0,66
annandale sydney postcode,https://www.yourpropertyguide.com.au/suburbs/annandale-nsw-2038,0,5,0,12.2
"annandale, nsw",https://www.yourpropertyguide.com.au/suburbs/annandale-nsw-2038,0,2,0,63.5
annerley postcode,https://www.yourpropertyguide.com.au/suburbs/annerley-qld-4103,0,1,0,9
anula post code,https://www.yourpropertyguide.com.au/postcodes/0812,0,1,0,2
anz calculator how much can i borrow,https://www.yourpropertyguide.com.au/borrowing-power-calculator,0,2,0,77.5
appin postcode,https://www.yourpropertyguide.com.au/suburbs/appin-south-vic-3579,0,1,0,9
appin south victoria,https://www.yourpropertyguide.com.au/suburbs/appin-south-vic-3579,0,1,0,14
applecross rent estimate,https://www.yourpropertyguide.com.au/suburbs/applecross-wa-6153/rental-market,0,1,0,28
appraisal cost,https://www.yourpropertyguide.com.au/selling,0,2,0,38.5
appraisal fees by state,https://www.yourpropertyguide.com.au/selling,0,1,0,58
appraisal for rent canberra,https://www.yourpropertyguide.com.au/suburbs/canberra-act-2600/rental-market,0,17,0,58.6
appraisal for rent canberra,https://www.yourpropertyguide.com.au/suburbs/canberra-act-2601/rental-market,0,4,0,56.5
appraisal leads,https://www.yourpropertyguide.com.au/for-agents,0,15,0,80.6
aramac postcode,https://www.yourpropertyguide.com.au/postcodes/4726,0,18,0,9.7
arana hills,https://www.yourpropertyguide.com.au/suburbs/ferny-grove-qld-4055/vs/arana-hills-qld-4054,0,2,0,39.5
arana hills suburb profile,https://www.yourpropertyguide.com.au/suburbs/arana-hills-qld-4054/rental-market,0,2,0,68.5
arana hills suburb profile,https://www.yourpropertyguide.com.au/suburbs/ferny-grove-qld-4055/vs/arana-hills-qld-4054,0,3,0,48.7
are median property prices in canberra expected to rise or fall next year?,https://www.yourpropertyguide.com.au/guides/house-price-forecasts-2026-2027-by-capital-city,0,2,0,8.5
areas australia,https://www.yourpropertyguide.com.au/regions,0,1,0,53
areas in australia,https://www.yourpropertyguide.com.au/regions,0,7,0,49.6
armstrong creek postcode,https://www.yourpropertyguide.com.au/suburbs/armstrong-vic-3377,0,2,0,60.5
armstrong creek suburb profile,https://www.yourpropertyguide.com.au/suburbs/armstrong-vic-3377,0,1,0,83
armstrong population,https://www.yourpropertyguide.com.au/suburbs/armstrong-vic-3377,0,1,0,9
armstrong postcode,https://www.yourpropertyguide.com.au/suburbs/armstrong-vic-3377,0,15,0,6.6
armstrong vic,https://www.yourpropertyguide.com.au/suburbs/armstrong-vic-3377,0,3,0,12
artarmon public school catchment,https://www.yourpropertyguide.com.au/suburbs/artarmon-nsw-2064/schools,0,6,0,42
arundal post code,https://www.yourpropertyguide.com.au/suburbs/arundel-qld-4214,0,13,0,6.8
arundal postcode,https://www.yourpropertyguide.com.au/suburbs/arundel-qld-4214,0,17,0,6.1
arundel gold coast postcode,https://www.yourpropertyguide.com.au/suburbs/arundel-qld-4214,0,23,0,7.7
arundel population,https://www.yourpropertyguide.com.au/suburbs/arundel-qld-4214,0,1,0,8
arundel post code,https://www.yourpropertyguide.com.au/suburbs/arundel-qld-4214,0,94,0,7.0
arundel postcode qld,https://www.yourpropertyguide.com.au/suburbs/arundel-qld-4214,0,21,0,8.5
arundel qld,https://www.yourpropertyguide.com.au/suburbs/arundel-qld-4214,0,12,0,26
arundel qld 4214,https://www.yourpropertyguide.com.au/suburbs/arundel-qld-4214,0,13,0,15
arundel qld postcode,https://www.yourpropertyguide.com.au/suburbs/arundel-qld-4214,0,81,0,7.1
arundel queensland 4214,https://www.yourpropertyguide.com.au/suburbs/arundel-qld-4214,0,6,0,16.8
arundel queensland postcode,https://www.yourpropertyguide.com.au/suburbs/arundel-qld-4214,0,7,0,6.9
arundel suburb profile,https://www.yourpropertyguide.com.au/suburbs/arundel-qld-4214,0,1,0,16
"arundel, qld 4214",https://www.yourpropertyguide.com.au/suburbs/arundel-qld-4214,0,2,0,13.5
"arundel, queensland",https://www.yourpropertyguide.com.au/suburbs/arundel-qld-4214,0,1,0,2
ashbury median house price,https://www.yourpropertyguide.com.au/price-guide,0,1,0,43
ashfield real estate agents,https://www.yourpropertyguide.com.au/suburbs/ashfield-nsw-2131/agents,0,2,0,34.5
ashgrove postcode qld,https://www.yourpropertyguide.com.au/suburbs/ashgrove-qld-4060,0,1,0,8
ashtonfield real estate agency,https://www.yourpropertyguide.com.au/suburbs/ashtonfield-nsw-2323/agents,0,2,0,12
ashtonfield real estate agent,https://www.yourpropertyguide.com.au/suburbs/ashtonfield-nsw-2323/agents,0,1,0,6
ashwood postcode,https://www.yourpropertyguide.com.au/suburbs/ashwood-vic-3147,0,1,0,8
asic mortgage calculator,https://www.yourpropertyguide.com.au/mortgage-calculator,0,1,0,84
asic mortgage repayment calculator,https://www.yourpropertyguide.com.au/mortgage-calculator,0,1,0,88
aspendale gardens,https://www.yourpropertyguide.com.au/suburbs/aspendale-vic-3195/vs/aspendale-gardens-vic-3195,0,1,0,60
aspendale median house price,https://www.yourpropertyguide.com.au/suburbs/aspendale-vic-3195/vs/aspendale-gardens-vic-3195,0,2,0,30
aspendale melbourne,https://www.yourpropertyguide.com.au/suburbs/aspendale-vic-3195,0,1,0,83
aspendale post code,https://www.yourpropertyguide.com.au/suburbs/aspendale-vic-3195,0,1,0,8
aspendale vic,https://www.yourpropertyguide.com.au/suburbs/aspendale-vic-3195,0,1,0,75
aspendale victoria,https://www.yourpropertyguide.com.au/suburbs/aspendale-vic-3195,0,1,0,80
aspendale victoria australia,https://www.yourpropertyguide.com.au/suburbs/aspendale-vic-3195,0,1,0,80
aspley average house price,https://www.yourpropertyguide.com.au/suburbs/aspley-qld-4034/rental-market,0,1,0,39
aspley leasing,https://www.yourpropertyguide.com.au/suburbs/aspley-qld-4034/rental-market,0,1,0,42
aspley rental growth,https://www.yourpropertyguide.com.au/suburbs/aspley-qld-4034/rental-market,0,1,0,2
aspley rental yields,https://www.yourpropertyguide.com.au/suburbs/aspley-qld-4034/rental-market,0,3,0,21.7
aspley rental yields,https://www.yourpropertyguide.com.au/suburbs/ripley-qld-4306/rental-market,0,1,0,81
atherton real estate agents,https://www.yourpropertyguide.com.au/suburbs/atherton-qld-4883/agents,0,1,0,37
athery,https://www.yourpropertyguide.com.au/suburbs/atherton-qld-4883/agents,0,1,0,4
ato negative gearing,https://www.yourpropertyguide.com.au/guides/negative-gearing-australia,0,2,0,86
attadale post code,https://www.yourpropertyguide.com.au/postcodes/6156,0,44,0,11.1
attadale postcode,https://www.yourpropertyguide.com.au/postcodes/6156,0,24,0,11.2
au address,https://www.yourpropertyguide.com.au/suburbs/surfers-paradise-qld-4217,0,1,0,4
au property report,https://www.yourpropertyguide.com.au/market-reports,0,4,0,57.5
aubin grove median house price,https://www.yourpropertyguide.com.au/price-guide,0,1,0,39
auburn postcode nsw,https://www.yourpropertyguide.com.au/suburbs/auburn-nsw-2144,0,1,0,8
auction v's private treaty,https://www.yourpropertyguide.com.au/guides/auction-vs-private-treaty,0,1,0,33
aussie borrowing calculator,https://www.yourpropertyguide.com.au/borrowing-power-calculator,0,3,0,87
aussie borrowing power,https://www.yourpropertyguide.com.au/borrowing-power-calculator,0,4,0,95.8
aussie borrowing power calculator,https://www.yourpropertyguide.com.au/borrowing-power-calculator,0,1,0,91
aussie free borrowing calculator,https://www.yourpropertyguide.com.au/borrowing-power-calculator,0,1,0,89
aussie home loan borrowing calculator,https://www.yourpropertyguide.com.au/borrowing-power-calculator,0,1,0,69
aussie home loan calculator how much can i borrow,https://www.yourpropertyguide.com.au/borrowing-power-calculator,0,1,0,73
aussie home loans borrowing calculator,https://www.yourpropertyguide.com.au/borrowing-power-calculator,0,2,0,78
aussie home loans borrowing power,https://www.yourpropertyguide.com.au/borrowing-power-calculator,0,3,0,78.7
aussie home loans how much can i borrow,https://www.yourpropertyguide.com.au/borrowing-power-calculator,0,1,0,75
austral house prices,https://www.yourpropertyguide.com.au/suburbs/austral-nsw-2179/rental-market,0,2,0,46
austral property growth,https://www.yourpropertyguide.com.au/suburbs/austral-nsw-2179/rental-market,0,6,0,30
austral suburb profile,https://www.yourpropertyguide.com.au/suburbs/austral-nsw-2179/rental-market,0,1,0,43
australia address,https://www.yourpropertyguide.com.au/suburbs/surfers-paradise-qld-4217,0,1,0,4
australia best suburbs,https://www.yourpropertyguide.com.au/best-suburbs,0,4,0,29.8
australia billing postal code,https://www.yourpropertyguide.com.au/suburbs/surfers-paradise-qld-4217,0,1,0,3
australia borrowing power calculator,https://www.yourpropertyguide.com.au/borrowing-power-calculator,0,1,0,98
australia george postcode,https://www.yourpropertyguide.com.au/suburbs/george-town-sa-7253,0,2,0,7.5
australia marrangaroo postcode,https://www.yourpropertyguide.com.au/suburbs/marrangaroo-nsw-2790,0,1,0,6
australia pin code number,https://www.yourpropertyguide.com.au/suburbs/surfers-paradise-qld-4217,0,1,0,3
australia postal code,https://www.yourpropertyguide.com.au/suburbs/surfers-paradise-qld-4217,0,2,0,3
australia postcode,https://www.yourpropertyguide.com.au/suburbs/surfers-paradise-qld-4217,0,2,0,3
australia property stamp duty,https://www.yourpropertyguide.com.au/stamp-duty-calculator,0,1,0,82
australia real estate commission,https://www.yourpropertyguide.com.au/guides/real-estate-commission-vic,0,1,0,95
australia real estate commission,https://www.yourpropertyguide.com.au/real-estate-commission-calculator,0,1,0,88
australia regions,https://www.yourpropertyguide.com.au/regions,0,3,0,67.7
australia south wales postcode,https://www.yourpropertyguide.com.au/suburbs/surfers-paradise-qld-4217,0,1,0,3
australia stamp duty,https://www.yourpropertyguide.com.au/stamp-duty-calculator,0,2,0,73
australia zipcode,https://www.yourpropertyguide.com.au/suburbs/surfers-paradise-qld-4217,0,1,0,3
australian buying,https://www.yourpropertyguide.com.au/buying-guide,0,4,0,69.8
australian buying,https://www.yourpropertyguide.com.au/guides/buying-property-australia,0,4,0,63.2
australian consumer law misleading conduct property sale water rights wa,https://www.yourpropertyguide.com.au/guides/contract-of-sale-wa,0,3,0,1.3
australian home loans calculator,https://www.yourpropertyguide.com.au/mortgage-calculator,0,1,0,93
australian negative gearing,https://www.yourpropertyguide.com.au/guides/negative-gearing-australia,0,1,0,91
australian property investment losses,https://www.yourpropertyguide.com.au/guides/negative-gearing-australia,0,4,0,73
australian property report,https://www.yourpropertyguide.com.au/market-reports,0,1,0,47
australian regions,https://www.yourpropertyguide.com.au/regions,0,1,0,75
australian residential property report,https://www.yourpropertyguide.com.au/market-reports,0,1,0,67
australian suburbs to live in,https://www.yourpropertyguide.com.au/best-suburbs,0,1,0,54
australiapincode,https://www.yourpropertyguide.com.au/suburbs/surfers-paradise-qld-4217,0,1,0,2
aveley wa,https://www.yourpropertyguide.com.au/suburbs/ellenbrook-wa-6069/vs/aveley-wa-6069,0,1,0,78
average agent commission,https://www.yourpropertyguide.com.au/guides/real-estate-commission-vic,0,1,0,61
average agent fee for selling house,https://www.yourpropertyguide.com.au/guides/real-estate-commission-vic,0,1,0,33
average agent fees for selling house,https://www.yourpropertyguide.com.au/guides/real-estate-commission-vic,0,1,0,40
average agents fees for selling house,https://www.yourpropertyguide.com.au/guides/real-estate-commission-vic,0,1,0,44
average broker commission,https://www.yourpropertyguide.com.au/guides/real-estate-commission-vic,0,1,0,61
average broker fee,https://www.yourpropertyguide.com.au/guides/real-estate-commission-vic,0,1,0,84
average broker fee for selling a house,https://www.yourpropertyguide.com.au/guides/real-estate-commission-vic,0,1,0,34
average brokerage fee percentage,https://www.yourpropertyguide.com.au/guides/real-estate-commission-vic,0,1,0,54
average buyers agent fee,https://www.yourpropertyguide.com.au/guides/real-estate-commission-nsw,0,1,0,52
average commission for a real estate agent,https://www.yourpropertyguide.com.au/guides/real-estate-commission-vic,0,3,0,61.7
average commission for real estate agent,https://www.yourpropertyguide.com.au/guides/real-estate-commission-nsw,0,1,0,50
average commission for real estate agent,https://www.yourpropertyguide.com.au/guides/real-estate-commission-vic,0,3,0,70.7
average commission for real estate agents,https://www.yourpropertyguide.com.au/guides/real-estate-commission-vic,0,1,0,66
average commission for real estate agents nsw,https://www.yourpropertyguide.com.au/real-estate-commission-calculator,0,2,0,66.5
average commission for selling a house,https://www.yourpropertyguide.com.au/guides/real-estate-commission-vic,0,1,0,62
average commission of a real estate agent,https://www.yourpropertyguide.com.au/guides/real-estate-commission-nsw,0,1,0,58
average commission of a real estate agent,https://www.yourpropertyguide.com.au/guides/real-estate-commission-vic,0,2,0,72
average commission of a realtor,https://www.yourpropertyguide.com.au/guides/real-estate-commission-vic,0,1,0,65
average commission of real estate agent,https://www.yourpropertyguide.com.au/guides/real-estate-commission-vic,0,2,0,66.5
average commission on house sale,https://www.yourpropertyguide.com.au/guides/real-estate-commission-vic,0,1,0,71
average cost of apartments in rhodes,https://www.yourpropertyguide.com.au/suburbs/rhodes-nsw-2138/rental-market,0,3,0,31.7
average cost of realtor,https://www.yourpropertyguide.com.au/guides/real-estate-commission-vic,0,1,0,50
average estate agent commission,https://www.yourpropertyguide.com.au/guides/real-estate-commission-vic,0,1,0,57
average estate agent fees,https://www.yourpropertyguide.com.au/guides/real-estate-commission-vic,0,1,0,49
average estate agent selling fees,https://www.yourpropertyguide.com.au/guides/real-estate-commission-vic,0,1,0,50
average estate agents fees,https://www.yourpropertyguide.com.au/guides/real-estate-commission-vic,0,1,0,42
average gci real estate,https://www.yourpropertyguide.com.au/guides/real-estate-commission-vic,0,1,0,60
average home price in bel air,https://www.yourpropertyguide.com.au/price-guide,0,1,0,42
average house price bendigo,https://www.yourpropertyguide.com.au/suburbs/bendigo-vic-3550/rental-market,0,1,0,59
average house price bondi,https://www.yourpropertyguide.com.au/suburbs/bondi-nsw-2026,0,1,0,47
average house price by area,https://www.yourpropertyguide.com.au/price-guide,0,1,0,64
average house price by state,https://www.yourpropertyguide.com.au/states,0,1,0,70
average house price by suburb sydney,https://www.yourpropertyguide.com.au/price-guide,0,1,0,72
average house price frenchs forest,https://www.yourpropertyguide.com.au/price-guide,0,1,0,60
average house price in bel air,https://www.yourpropertyguide.com.au/price-guide,0,1,0,55
average house price in cairns,https://www.yourpropertyguide.com.au/suburbs/cairns-city-qld-4870/vs/cairns-central-qld-4870,0,2,0,52.5
average house price in toorak,https://www.yourpropertyguide.com.au/suburbs/toorak-vic-3142,0,2,0,15
average house price nsw,https://www.yourpropertyguide.com.au/price-guide,0,1,0,67
average house price sydney by suburb,https://www.yourpropertyguide.com.au/price-guide,0,1,0,66
average house price toorak,https://www.yourpropertyguide.com.au/suburbs/toorak-vic-3142,0,4,0,15.5
average house price vaucluse,https://www.yourpropertyguide.com.au/price-guide,0,1,0,70
average listing agent commission,https://www.yourpropertyguide.com.au/guides/real-estate-commission-nsw,0,1,0,52
average listing agent commission,https://www.yourpropertyguide.com.au/guides/real-estate-commission-vic,0,4,0,63
average property tax rates by state,https://www.yourpropertyguide.com.au/states,0,3,0,80
average real estate agent commission,https://www.yourpropertyguide.com.au/guides/real-estate-commission-nsw,0,2,0,46
average real estate agent commission,https://www.yourpropertyguide.com.au/guides/real-estate-commission-vic,0,5,0,59
average real estate agent commission melbourne,https://www.yourpropertyguide.com.au/guides/real-estate-commission-vic,0,2,0,59.5
average real estate agent commission melbourne,https://www.yourpropertyguide.com.au/real-estate-commission-calculator,0,2,0,84
average real estate agent commission nsw,https://www.yourpropertyguide.com.au/guides/real-estate-commission-nsw,0,2,0,29
average real estate agent commission qld,https://www.yourpropertyguide.com.au/real-estate-commission-calculator,0,2,0,74
average real estate agent commission sydney,https://www.yourpropertyguide.com.au/real-estate-commission-calculator,0,3,0,82.7
average real estate agent commission wa,https://www.yourpropertyguide.com.au/real-estate-commission-calculator,0,1,0,68
average real estate agent fee,https://www.yourpropertyguide.com.au/guides/real-estate-commission-vic,0,1,0,53
average real estate agent fees,https://www.yourpropertyguide.com.au/guides/real-estate-commission-nsw,0,4,0,30.5
average real estate agent fees,https://www.yourpropertyguide.com.au/guides/real-estate-commission-vic,0,8,0,51.9
average real estate broker commission,https://www.yourpropertyguide.com.au/guides/real-estate-commission-vic,0,3,0,58.3
average real estate broker fee,https://www.yourpropertyguide.com.au/guides/real-estate-commission-vic,0,1,0,51
average real estate commission,https://www.yourpropertyguide.com.au/guides/real-estate-commission-nsw,0,2,0,66.5
average real estate commission,https://www.yourpropertyguide.com.au/guides/real-estate-commission-vic,0,7,0,54.1
average real estate commission nsw,https://www.yourpropertyguide.com.au/guides/real-estate-commission-nsw,0,1,0,23
average real estate commission nsw,https://www.yourpropertyguide.com.au/real-estate-commission-calculator,0,4,0,70.8
average real estate commission qld,https://www.yourpropertyguide.com.au/real-estate-commission-calculator,0,1,0,80
average real estate fees,https://www.yourpropertyguide.com.au/guides/real-estate-commission-nsw,0,11,0,28.2
average real estate fees,https://www.yourpropertyguide.com.au/guides/real-estate-commission-vic,0,1,0,46
average real estate fees,https://www.yourpropertyguide.com.au/real-estate-commission-calculator,0,1,0,72
average realtor commission,https://www.yourpropertyguide.com.au/guides/real-estate-commission-vic,0,1,0,78
average realtor commission,https://www.yourpropertyguide.com.au/real-estate-commission-calculator,0,1,0,62
average realtor commission for selling a house,https://www.yourpropertyguide.com.au/guides/real-estate-commission-vic,0,1,0,83
average realtor commission for selling a house,https://www.yourpropertyguide.com.au/real-estate-commission-calculator,0,1,0,63
average realtor fees,https://www.yourpropertyguide.com.au/guides/real-estate-commission-vic,0,1,0,57
average realtor fees,https://www.yourpropertyguide.com.au/real-estate-commission-calculator,0,1,0,73
average realtor percentage,https://www.yourpropertyguide.com.au/guides/real-estate-commission-vic,0,1,0,54
average realtor rate,https://www.yourpropertyguide.com.au/guides/real-estate-commission-vic,0,1,0,60
average renovation cost,https://www.yourpropertyguide.com.au/guides/renovation-cost-australia-2026,0,2,0,93
average rent gold coast,https://www.yourpropertyguide.com.au/suburbs/gold-coast-mc-qld-4217/rental-market,0,1,0,63
average rent in brooklyn,https://www.yourpropertyguide.com.au/suburbs/brooklyn-park-sa-5032/rental-market,0,2,0,56
average rent in gold coast,https://www.yourpropertyguide.com.au/suburbs/gold-coast-mc-qld-4217/rental-market,0,1,0,60
average repayments on 500k mortgage,https://www.yourpropertyguide.com.au/mortgage-calculator,0,2,0,82
average repayments on 600k mortgage,https://www.yourpropertyguide.com.au/mortgage-calculator,0,1,0,82
average sales commission real estate,https://www.yourpropertyguide.com.au/guides/real-estate-commission-vic,0,1,0,64
average selling fees estate agents,https://www.yourpropertyguide.com.au/guides/real-estate-commission-vic,0,1,0,38
avondale bundaberg,https://www.yourpropertyguide.com.au/suburbs/avondale-qld-4670,0,1,0,51
avondale post code,https://www.yourpropertyguide.com.au/suburbs/avondale-qld-4670,0,1,0,6
avondale postcode,https://www.yourpropertyguide.com.au/suburbs/avondale-qld-4670,0,2,0,6.5
avondale qld,https://www.yourpropertyguide.com.au/suburbs/avondale-qld-4670,0,2,0,42.5
avondale qld postcode,https://www.yourpropertyguide.com.au/suburbs/avondale-qld-4670,0,10,0,9.6
avonside postcode,https://www.yourpropertyguide.com.au/postcodes/2628,0,2,0,8.5
bacchus marsh real estate agents,https://www.yourpropertyguide.com.au/suburbs/bacchus-marsh-vic-3340/agents,0,3,0,37.7
badagarang,https://www.yourpropertyguide.com.au/suburbs/badagarang-nsw-2540,0,9,0,18.7
badagarang nowra,https://www.yourpropertyguide.com.au/suburbs/badagarang-nsw-2540,0,1,0,21
badagarang nsw,https://www.yourpropertyguide.com.au/suburbs/badagarang-nsw-2540,0,2,0,18
badagarang nsw 2540,https://www.yourpropertyguide.com.au/suburbs/badagarang-nsw-2540,0,5,0,11
badagarang nsw postcode,https://www.yourpropertyguide.com.au/suburbs/badagarang-nsw-2540,0,11,0,4.1
badagarang post code,https://www.yourpropertyguide.com.au/suburbs/badagarang-nsw-2540,0,22,0,3.5
badagarang postcode,https://www.yourpropertyguide.com.au/suburbs/badagarang-nsw-2540,0,125,0,3.3
balaclava suburb profile,https://www.yourpropertyguide.com.au/suburbs/st-kilda-east-vic-3183/vs/balaclava-vic-3183,0,1,0,45
balcatta rent estimate,https://www.yourpropertyguide.com.au/suburbs/balcatta-wa-6021/rental-market,0,1,0,29
baldivis postcode,https://www.yourpropertyguide.com.au/suburbs/baldivis-wa-6171,0,1,0,8
baldivis rockingham,https://www.yourpropertyguide.com.au/suburbs/baldivis-wa-6171/vs/rockingham-dc-wa-6168,0,2,0,53
baleyn north,https://www.yourpropertyguide.com.au/suburbs/balwyn-north-vic-3104/vs/balwyn-vic-3103,0,1,0,66
ballajura post code,https://www.yourpropertyguide.com.au/suburbs/ballajura-wa-6066,0,1,0,6
ballajura postcode,https://www.yourpropertyguide.com.au/suburbs/ballajura-wa-6066,0,1,0,10
ballarat north primary school,https://www.yourpropertyguide.com.au/schools/ballarat-north-primary-school-44790,0,1,0,30
balmain east buyers agent,https://www.yourpropertyguide.com.au/suburbs/balmain-east-nsw-2041/agents,0,2,0,53
balmoral 2571,https://www.yourpropertyguide.com.au/suburbs/balmoral-village-nsw-2571,0,1,0,20
balmoral nsw postcode,https://www.yourpropertyguide.com.au/suburbs/balmoral-village-nsw-2571,0,2,0,11.5
balmoral post code,https://www.yourpropertyguide.com.au/suburbs/balmoral-village-nsw-2571,0,6,0,9.7
balmoral postcode,https://www.yourpropertyguide.com.au/suburbs/balmoral-vic-3407,0,2,0,8.5
balmoral postcode,https://www.yourpropertyguide.com.au/suburbs/balmoral-village-nsw-2571,0,39,0,9.0
balmoral postcode nsw,https://www.yourpropertyguide.com.au/suburbs/balmoral-village-nsw-2571,0,8,0,9.8
balmoral village postcode,https://www.yourpropertyguide.com.au/suburbs/balmoral-village-nsw-2571,0,3,0,8
balwyn,https://www.yourpropertyguide.com.au/suburbs/balwyn-north-vic-3104/vs/balwyn-vic-3103,0,1,0,45
balwyn average house price,https://www.yourpropertyguide.com.au/suburbs/balwyn-north-vic-3104/vs/balwyn-vic-3103,0,1,0,38
balwyn median house price,https://www.yourpropertyguide.com.au/suburbs/balwyn-north-vic-3104/vs/balwyn-vic-3103,0,4,0,36
balwyn north,https://www.yourpropertyguide.com.au/suburbs/balwyn-north-vic-3104/vs/balwyn-vic-3103,0,26,0,80.7
balwyn north australia,https://www.yourpropertyguide.com.au/suburbs/balwyn-north-vic-3104/vs/balwyn-vic-3103,0,3,0,64.3
balwyn north map,https://www.yourpropertyguide.com.au/suburbs/balwyn-north-vic-3104/vs/balwyn-vic-3103,0,1,0,71
balwyn north median house price,https://www.yourpropertyguide.com.au/suburbs/balwyn-north-vic-3104/vs/balwyn-vic-3103,0,2,0,29.5
balwyn north melbourne,https://www.yourpropertyguide.com.au/suburbs/balwyn-north-vic-3104/vs/balwyn-vic-3103,0,6,0,70.7
balwyn north primary school ranking,https://www.yourpropertyguide.com.au/suburbs/balwyn-north-vic-3104/vs/balwyn-vic-3103,0,1,0,40
balwyn north real estate agents,https://www.yourpropertyguide.com.au/suburbs/balwyn-north-vic-3104/agents,0,1,0,30
balwyn north suburb profile,https://www.yourpropertyguide.com.au/suburbs/balwyn-north-vic-3104/vs/balwyn-vic-3103,0,1,0,39
balwyn north vic,https://www.yourpropertyguide.com.au/suburbs/balwyn-north-vic-3104/vs/balwyn-vic-3103,0,3,0,67
balwyn north vic 3104,https://www.yourpropertyguide.com.au/suburbs/balwyn-north-vic-3104/vs/balwyn-vic-3103,0,3,0,55
balwyn north vic australia,https://www.yourpropertyguide.com.au/suburbs/balwyn-north-vic-3104/vs/balwyn-vic-3103,0,2,0,62.5
balwyn north victoria,https://www.yourpropertyguide.com.au/suburbs/balwyn-north-vic-3104/vs/balwyn-vic-3103,0,4,0,75
bamawm postcode,https://www.yourpropertyguide.com.au/suburbs/bamawm-extension-vic-3561,0,2,0,10
banana post code,https://www.yourpropertyguide.com.au/suburbs/banana-qld-4702,0,2,0,9.5
banana postcode,https://www.yourpropertyguide.com.au/suburbs/banana-qld-4702,0,16,0,10.2
banana qld 4702,https://www.yourpropertyguide.com.au/suburbs/banana-qld-4702,0,2,0,30.5
banana qld postcode,https://www.yourpropertyguide.com.au/suburbs/banana-qld-4702,0,2,0,9.5
bank australia borrowing calculator,https://www.yourpropertyguide.com.au/borrowing-power-calculator,0,1,0,84
bank australia borrowing power,https://www.yourpropertyguide.com.au/borrowing-power-calculator,0,4,0,85
bank borrowing calculator,https://www.yourpropertyguide.com.au/borrowing-power-calculator,0,1,0,97
banksia 2216,https://www.yourpropertyguide.com.au/suburbs/banksia-nsw-2216,0,2,0,13.5
banksia grove postcode,https://www.yourpropertyguide.com.au/suburbs/banksia-nsw-2216,0,1,0,45
banksia new south wales,https://www.yourpropertyguide.com.au/suburbs/banksia-nsw-2216,0,3,0,30
banksia nsw,https://www.yourpropertyguide.com.au/suburbs/banksia-nsw-2216,0,6,0,28.3
banksia nsw 2216,https://www.yourpropertyguide.com.au/suburbs/banksia-nsw-2216,0,5,0,15.2
banksia nsw map,https://www.yourpropertyguide.com.au/suburbs/banksia-nsw-2216,0,2,0,35.5
banksia nsw postcode,https://www.yourpropertyguide.com.au/suburbs/banksia-nsw-2216,0,16,0,8.1
banksia post code,https://www.yourpropertyguide.com.au/suburbs/banksia-nsw-2216,0,32,0,6.8
banksia postcode,https://www.yourpropertyguide.com.au/suburbs/banksia-nsw-2216,0,211,0,6.2
banksia postcode nsw,https://www.yourpropertyguide.com.au/suburbs/banksia-nsw-2216,0,6,0,6.8
banksia suburb,https://www.yourpropertyguide.com.au/suburbs/banksia-nsw-2216,0,3,0,23
bankstown house prices,https://www.yourpropertyguide.com.au/suburbs/bankstown-nsw-2200/rental-market,0,14,0,47.9
bankstown median house price,https://www.yourpropertyguide.com.au/suburbs/bankstown-nsw-2200/rental-market,0,1,0,11
bankstown property appraisal,https://www.yourpropertyguide.com.au/suburbs/bankstown-nsw-2200/rental-market,0,19,0,74.3
bankstown property appraisal,https://www.yourpropertyguide.com.au/suburbs/bankstown-square-nsw-2200/rental-market,0,7,0,58.4
bankstown property prices,https://www.yourpropertyguide.com.au/suburbs/bankstown-nsw-2200/rental-market,0,13,0,55.7
bankwest borrowing calculator,https://www.yourpropertyguide.com.au/borrowing-power-calculator,0,1,0,89
bankwest borrowing power calculator,https://www.yourpropertyguide.com.au/borrowing-power-calculator,0,1,0,85
bankwest how much can i borrow,https://www.yourpropertyguide.com.au/borrowing-power-calculator,0,2,0,95.5
banum warrik primary school,https://www.yourpropertyguide.com.au/schools/banum-warrik-primary-school-53302/vs/gilgai-plains-primary-school-53063,0,3,0,27.3
banyo postcode,https://www.yourpropertyguide.com.au/suburbs/banyo-qld-4014,0,1,0,8
banyule rates calculator,https://www.yourpropertyguide.com.au/suburbs/banyule-vic-3084/rental-market,0,1,0,40
bardwell park,https://www.yourpropertyguide.com.au/suburbs/bardwell-park-nsw-2207,0,1,0,52
bardwell park australia,https://www.yourpropertyguide.com.au/suburbs/bardwell-park-nsw-2207,0,2,0,43.5
bardwell park postcode,https://www.yourpropertyguide.com.au/suburbs/bardwell-park-nsw-2207,0,7,0,11.9
bardwell park property,https://www.yourpropertyguide.com.au/suburbs/bardwell-park-nsw-2207,0,2,0,21
bardwell park real estate agents,https://www.yourpropertyguide.com.au/suburbs/bardwell-park-nsw-2207/agents,0,2,0,13.5
bardwell park real estate agents,https://www.yourpropertyguide.com.au/suburbs/bardwell-valley-nsw-2207/agents,0,2,0,44.5
bargo postcode,https://www.yourpropertyguide.com.au/suburbs/bargo-nsw-2574,0,1,0,7
barham public school,https://www.yourpropertyguide.com.au/schools/barham-high-school-42710/vs/barham-public-school-42537,0,4,0,16
barnawartha postcode,https://www.yourpropertyguide.com.au/suburbs/indigo-vic-3683,0,1,0,42
barringella,https://www.yourpropertyguide.com.au/suburbs/barringella-nsw-2540/rental-market,0,1,0,87
barton act,https://www.yourpropertyguide.com.au/suburbs/barton-act-2600,0,1,0,5
barton act post code,https://www.yourpropertyguide.com.au/suburbs/barton-act-2600,0,14,0,9.9
barton act postcode,https://www.yourpropertyguide.com.au/suburbs/barton-act-2600,0,99,0,9.3
barton canberra postcode,https://www.yourpropertyguide.com.au/suburbs/barton-act-2600,0,4,0,23.5
barton post code,https://www.yourpropertyguide.com.au/suburbs/barton-act-2600,0,46,0,9.9
barton postcode,https://www.yourpropertyguide.com.au/suburbs/barton-act-2600,0,270,0,9.6
barton postcode act,https://www.yourpropertyguide.com.au/suburbs/barton-act-2600,0,3,0,10
barwite postcode,https://www.yourpropertyguide.com.au/postcodes/3722,0,12,0,9.2
basic real estate terms,https://www.yourpropertyguide.com.au/glossary,0,17,0,78.2
bass post code,https://www.yourpropertyguide.com.au/suburbs/bass-vic-3991,0,2,0,9
bass postcode,https://www.yourpropertyguide.com.au/suburbs/bass-vic-3991,0,15,0,9.5
bateau bay post code,https://www.yourpropertyguide.com.au/postcodes/2261,0,7,0,11.7
bateau bay postcode,https://www.yourpropertyguide.com.au/postcodes/2261,0,1,0,11
batemans bay high school,https://www.yourpropertyguide.com.au/schools/batemans-bay-high-school-42935,0,1,0,57
batemans bay real estate agents,https://www.yourpropertyguide.com.au/suburbs/north-batemans-bay-nsw-2536/agents,0,4,0,39.8
bathurst growth rate,https://www.yourpropertyguide.com.au/suburbs/south-bathurst-nsw-2795/rental-market,0,2,0,71
bathurst postcode,https://www.yourpropertyguide.com.au/suburbs/bathurst-nsw-2795,0,2,0,10.5
bathurst real estate agents,https://www.yourpropertyguide.com.au/suburbs/bathurst-nsw-2795/agents,0,3,0,48.7
baulkham hills median house price,https://www.yourpropertyguide.com.au/suburbs/baulkham-hills-nsw-2153/rental-market,0,3,0,46.3
baulkham hills median house price,https://www.yourpropertyguide.com.au/suburbs/baulkham-hills-nsw-2153/vs/crestwood-nsw-2153,0,2,0,53
baulkham hills median house price,https://www.yourpropertyguide.com.au/suburbs/castle-hill-nsw-2154/vs/baulkham-hills-nsw-2153,0,1,0,43
bawlyn north,https://www.yourpropertyguide.com.au/suburbs/balwyn-north-vic-3104/vs/balwyn-vic-3103,0,1,0,69
bayles postcode,https://www.yourpropertyguide.com.au/postcodes/3981,0,19,0,10.7
bayside and eastern suburbs brisbane,https://www.yourpropertyguide.com.au/guides/top-5-suburbs-families-moreton-bay,0,1,0,77
bayside high school kogarah,https://www.yourpropertyguide.com.au/suburbs/kogarah-bay-nsw-2217/schools,0,1,0,67
beacon hill australia,https://www.yourpropertyguide.com.au/suburbs/beacon-hill-nsw-2100,0,1,0,46
beacon hill nsw,https://www.yourpropertyguide.com.au/suburbs/beacon-hill-nsw-2100,0,1,0,45
beacon hill nsw postcode,https://www.yourpropertyguide.com.au/suburbs/beacon-hill-nsw-2100,0,2,0,11
beacon hill post code,https://www.yourpropertyguide.com.au/suburbs/beacon-hill-nsw-2100,0,6,0,9.2
beacon hill postcode,https://www.yourpropertyguide.com.au/suburbs/beacon-hill-nsw-2100,0,9,0,9.2
beacon hill postcode,https://www.yourpropertyguide.com.au/suburbs/beacon-wa-6472,0,1,0,40
beacon population,https://www.yourpropertyguide.com.au/suburbs/beacon-wa-6472,0,3,0,7.3
beacon postcode,https://www.yourpropertyguide.com.au/suburbs/beacon-wa-6472,0,5,0,6
beacon wa,https://www.yourpropertyguide.com.au/suburbs/beacon-wa-6472,0,1,0,38
beacon western australia,https://www.yourpropertyguide.com.au/suburbs/beacon-wa-6472,0,1,0,42
beaconsfield median house price,https://www.yourpropertyguide.com.au/suburbs/beaconsfield-tas-7270,0,1,0,22
beaconsfield post code,https://www.yourpropertyguide.com.au/suburbs/beaconsfield-tas-7270,0,11,0,8.6
beaconsfield postcode,https://www.yourpropertyguide.com.au/suburbs/beaconsfield-tas-7270,0,55,0,9.1
beaconsfield tas postcode,https://www.yourpropertyguide.com.au/suburbs/beaconsfield-tas-7270,0,24,0,8
beaconsfield tasmania population,https://www.yourpropertyguide.com.au/suburbs/beaconsfield-tas-7270,0,2,0,19
beaconsfield tasmania postcode,https://www.yourpropertyguide.com.au/suburbs/beaconsfield-tas-7270,0,26,0,8.0
beard act,https://www.yourpropertyguide.com.au/suburbs/beard-act-2620,0,5,0,11.4
beard act 2620,https://www.yourpropertyguide.com.au/suburbs/beard-act-2620,0,1,0,10
beard act postcode,https://www.yourpropertyguide.com.au/suburbs/beard-act-2620,0,7,0,9.6
beard postcode,https://www.yourpropertyguide.com.au/suburbs/beard-act-2620,0,4,0,10.5
beaumaris postcode,https://www.yourpropertyguide.com.au/suburbs/beaumaris-vic-3192,0,2,0,9
beaumont hills median house price,https://www.yourpropertyguide.com.au/price-guide,0,1,0,54
beerwah post code,https://www.yourpropertyguide.com.au/postcodes/4519,0,1,0,9
beerwah postcode,https://www.yourpropertyguide.com.au/postcodes/4519,0,3,0,16
beerwah postcode qld,https://www.yourpropertyguide.com.au/postcodes/4519,0,4,0,11.8
belgravia post code,https://www.yourpropertyguide.com.au/suburbs/belgravia-nsw-2800,0,2,0,6
belgravia postcode,https://www.yourpropertyguide.com.au/suburbs/belgravia-nsw-2800,0,6,0,6
bell postcode,https://www.yourpropertyguide.com.au/postcodes/4408,0,16,0,8.5
bell qld postcode,https://www.yourpropertyguide.com.au/postcodes/4408,0,10,0,10.4
bella vista median house price,https://www.yourpropertyguide.com.au/price-guide,0,1,0,48
bellangry,https://www.yourpropertyguide.com.au/suburbs/bellangry-nsw-2446/vs/bril-bril-nsw-2441,0,1,0,14
bellbird park,https://www.yourpropertyguide.com.au/suburbs/redbank-plains-qld-4301/vs/bellbird-park-qld-4300,0,1,0,74
belmore postcode,https://www.yourpropertyguide.com.au/suburbs/belmore-river-nsw-2440,0,1,0,10
belmore river,https://www.yourpropertyguide.com.au/suburbs/belmore-river-nsw-2440,0,4,0,19.8
belmore river nsw,https://www.yourpropertyguide.com.au/suburbs/belmore-river-nsw-2440,0,1,0,20
belrose postcode,https://www.yourpropertyguide.com.au/suburbs/belrose-nsw-2085,0,4,0,7.8
benambra postcode,https://www.yourpropertyguide.com.au/postcodes/3900,0,8,0,9.1
benarkin north postcode,https://www.yourpropertyguide.com.au/suburbs/blackbutt-north-qld-4314,0,3,0,11.3
bendigo average house price,https://www.yourpropertyguide.com.au/suburbs/bendigo-vic-3550/rental-market,0,1,0,56
bendigo council rates calculator,https://www.yourpropertyguide.com.au/suburbs/bendigo-vic-3550/rental-market,0,1,0,71
bendigo housing market,https://www.yourpropertyguide.com.au/suburbs/bendigo-vic-3550/rental-market,0,3,0,91.7
bendigo median house price,https://www.yourpropertyguide.com.au/suburbs/bendigo-vic-3550/rental-market,0,1,0,79
bendigo property market,https://www.yourpropertyguide.com.au/suburbs/bendigo-vic-3550/rental-market,0,3,0,76.7
bendigo real estate market,https://www.yourpropertyguide.com.au/suburbs/bendigo-vic-3550/rental-market,0,2,0,58.5
bendigo rental market,https://www.yourpropertyguide.com.au/suburbs/bendigo-vic-3550/rental-market,0,2,0,2
benger post code,https://www.yourpropertyguide.com.au/suburbs/benger-wa-6223,0,6,0,7
benger wa,https://www.yourpropertyguide.com.au/suburbs/benger-wa-6223,0,1,0,20
bennetts green,https://www.yourpropertyguide.com.au/suburbs/bennetts-green-nsw-2290/vs/windale-nsw-2306,0,2,0,43.5
berala postcode,https://www.yourpropertyguide.com.au/postcodes/2141,0,3,0,13
beresfield postcode,https://www.yourpropertyguide.com.au/suburbs/beresfield-nsw-2322,0,2,0,11.5
berridale nsw postcode,https://www.yourpropertyguide.com.au/postcodes/2628,0,2,0,9
berridale post code,https://www.yourpropertyguide.com.au/postcodes/2628,0,9,0,9.8
berridale postcode,https://www.yourpropertyguide.com.au/postcodes/2628,0,21,0,9.5
berserker postcode,https://www.yourpropertyguide.com.au/suburbs/north-rockhampton-qld-4701,0,1,0,56
berwick median house price,https://www.yourpropertyguide.com.au/suburbs/berwick-vic-3806/rental-market,0,6,0,47.2
berwick suburb profile,https://www.yourpropertyguide.com.au/suburbs/berwick-vic-3806/rental-market,0,3,0,90.3
best agent in redcliffe,https://www.yourpropertyguide.com.au/suburbs/redcliffe-qld-4020/agents,0,2,0,33
best australian suburbs,https://www.yourpropertyguide.com.au/best-suburbs,0,4,0,38.8
best borrowing power calculator,https://www.yourpropertyguide.com.au/borrowing-power-calculator,0,1,0,99
best brisbane suburbs under $600k,https://www.yourpropertyguide.com.au/guides/brisbane-property-market-2026,0,1,0,30
best investment suburbs adelaide,https://www.yourpropertyguide.com.au/best-suburbs/highest-growth/sa,0,2,0,57.5
best real estate agent in ridgehaven,https://www.yourpropertyguide.com.au/suburbs/ridgehaven-sa-5097/agents,0,1,0,18
best real estate agents aberfeldie,https://www.yourpropertyguide.com.au/suburbs/aberfeldie-vic-3040/agents,0,2,0,18.5
best real estate agents essendon north,https://www.yourpropertyguide.com.au/suburbs/essendon-north-vic-3041/agents,0,1,0,24
best real estate agents in byford,https://www.yourpropertyguide.com.au/suburbs/byford-wa-6122/agents,0,1,0,31
best real estate agents in harrisdale,https://www.yourpropertyguide.com.au/suburbs/harrisdale-wa-6112/agents,0,1,0,23
best real estate agents in mundingburra,https://www.yourpropertyguide.com.au/suburbs/mundingburra-qld-4812/agents,0,1,0,15
best real estate agents in roleystone,https://www.yourpropertyguide.com.au/suburbs/roleystone-wa-6111/agents,0,1,0,27
best real estate agents in thornlie,https://www.yourpropertyguide.com.au/suburbs/thornlie-wa-6108/agents,0,1,0,28
best real estate agents keilor east,https://www.yourpropertyguide.com.au/suburbs/keilor-east-vic-3033/agents,0,1,0,32
best real estate agents kensington park,https://www.yourpropertyguide.com.au/suburbs/kensington-park-sa-5068/agents,0,2,0,17
best real estate agents klemzig,https://www.yourpropertyguide.com.au/suburbs/klemzig-sa-5087/agents,0,1,0,14
best real estate agents moonee ponds,https://www.yourpropertyguide.com.au/suburbs/moonee-ponds-vic-3039/agents,0,1,0,36
best real estate agents niddrie,https://www.yourpropertyguide.com.au/suburbs/niddrie-vic-3042/agents,0,1,0,32
best real estate agents oak park,https://www.yourpropertyguide.com.au/suburbs/oak-park-vic-3046/agents,0,1,0,34
best real estate agents travancore,https://www.yourpropertyguide.com.au/suburbs/travancore-vic-3032/agents,0,1,0,14
best rental yield gold coast,https://www.yourpropertyguide.com.au/suburbs/gold-coast-mc-qld-4217/rental-market,0,4,0,56.5
best suburb in australia,https://www.yourpropertyguide.com.au/best-suburbs,0,2,0,28
best suburb in brisbane for families,https://www.yourpropertyguide.com.au/guides/best-brisbane-suburbs-for-families-2026,0,1,0,74
best suburb to live in australia,https://www.yourpropertyguide.com.au/best-suburbs,0,3,0,48.3
best suburbs for families brisbane,https://www.yourpropertyguide.com.au/guides/best-brisbane-suburbs-for-families-2026,0,2,0,72
best suburbs for families in springfield,https://www.yourpropertyguide.com.au/guides/best-brisbane-suburbs-for-families-2026,0,1,0,6
best suburbs in australia,https://www.yourpropertyguide.com.au/best-suburbs,0,34,0,27.8
best suburbs in brisbane for families,https://www.yourpropertyguide.com.au/guides/best-brisbane-suburbs-for-families-2026,0,1,0,75
best suburbs in moreton bay region,https://www.yourpropertyguide.com.au/guides/top-5-suburbs-families-moreton-bay,0,65,0,31.7
best suburbs in south australia,https://www.yourpropertyguide.com.au/best-suburbs/highest-growth/sa,0,1,0,70
best suburbs to invest in adelaide 2020,https://www.yourpropertyguide.com.au/best-suburbs/highest-growth/sa,0,2,0,52.5
best suburbs to invest in adelaide 2025,https://www.yourpropertyguide.com.au/best-suburbs/highest-growth/sa,0,1,0,52
best suburbs to invest in victoria 2020,https://www.yourpropertyguide.com.au/best-suburbs/highest-growth/vic,0,1,0,24
best suburbs to live in australia,https://www.yourpropertyguide.com.au/best-suburbs,0,2,0,35.5
bethania post code,https://www.yourpropertyguide.com.au/postcodes/4205,0,25,0,9.2
bethania postcode,https://www.yourpropertyguide.com.au/postcodes/4205,0,12,0,11.2
bethania postcode,https://www.yourpropertyguide.com.au/suburbs/bethania-qld-4205,0,1,0,8
bethania postcode qld,https://www.yourpropertyguide.com.au/postcodes/4205,0,12,0,10.2
bethania qld postcode,https://www.yourpropertyguide.com.au/postcodes/4205,0,5,0,10.2
bethel senior high school,https://www.yourpropertyguide.com.au/schools/albany-senior-high-school-48116/vs/bethel-christian-school-49054,0,1,0,9
beverley hills primary,https://www.yourpropertyguide.com.au/schools/beverley-hills-primary-school-44855,0,2,0,36.5
beverley hills primary school,https://www.yourpropertyguide.com.au/schools/beverley-hills-primary-school-44855,0,1,0,12
beverley hills primary school zone,https://www.yourpropertyguide.com.au/schools/beverley-hills-primary-school-44855,0,22,0,22.3
beverley wa postcode,https://www.yourpropertyguide.com.au/suburbs/dale-wa-6304,0,1,0,44
beverly hills primary,https://www.yourpropertyguide.com.au/schools/beverley-hills-primary-school-44855,0,1,0,52
bibra lake postcode,https://www.yourpropertyguide.com.au/suburbs/bibra-lake-wa-6163,0,1,0,10
bilgola beach postcode,https://www.yourpropertyguide.com.au/suburbs/bilgola-nsw-2107,0,2,0,10.5
bilgola nsw,https://www.yourpropertyguide.com.au/suburbs/bilgola-nsw-2107,0,2,0,49.5
bilgola plateau,https://www.yourpropertyguide.com.au/suburbs/bilgola-nsw-2107,0,10,0,83.5
bilgola plateau postcode,https://www.yourpropertyguide.com.au/suburbs/bilgola-nsw-2107,0,86,0,10.5
bilgola postcode,https://www.yourpropertyguide.com.au/suburbs/bilgola-nsw-2107,0,37,0,8.2
birchgrove buyers agent,https://www.yourpropertyguide.com.au/suburbs/birchgrove-nsw-2041/agents,0,1,0,5
birkenhead postcode,https://www.yourpropertyguide.com.au/suburbs/birkenhead-sa-5015,0,9,0,8.1
birrong postcode,https://www.yourpropertyguide.com.au/suburbs/birrong-nsw-2143,0,1,0,10
black beach qld,https://www.yourpropertyguide.com.au/suburbs/blacks-beach-qld-4740,0,1,0,42
blackburn real estate agents,https://www.yourpropertyguide.com.au/suburbs/blackburn-vic-3130/agents,0,1,0,12
blackbutt north,https://www.yourpropertyguide.com.au/suburbs/blackbutt-north-qld-4314,0,2,0,15.5
blackbutt north postcode,https://www.yourpropertyguide.com.au/suburbs/blackbutt-north-qld-4314,0,13,0,8.4
blackbutt post code,https://www.yourpropertyguide.com.au/suburbs/blackbutt-north-qld-4314,0,3,0,11.7
blackbutt postcode,https://www.yourpropertyguide.com.au/suburbs/blackbutt-north-qld-4314,0,11,0,10.5
blackbutt postcode qld,https://www.yourpropertyguide.com.au/suburbs/blackbutt-north-qld-4314,0,3,0,11
blackbutt qld 4314,https://www.yourpropertyguide.com.au/suburbs/blackbutt-north-qld-4314,0,1,0,20
blackbutt qld postcode,https://www.yourpropertyguide.com.au/suburbs/blackbutt-north-qld-4314,0,4,0,12.8
blacks beach post code,https://www.yourpropertyguide.com.au/suburbs/blacks-beach-qld-4740,0,19,0,6.6
blacks beach postcode,https://www.yourpropertyguide.com.au/suburbs/blacks-beach-qld-4740,0,80,0,6.9
blacks beach qld,https://www.yourpropertyguide.com.au/suburbs/blacks-beach-qld-4740,0,1,0,56
blacks beach qld 4740,https://www.yourpropertyguide.com.au/suburbs/blacks-beach-qld-4740,0,2,0,22
blackstone postcode,https://www.yourpropertyguide.com.au/suburbs/blackstone-qld-4304,0,1,0,52
blacktown house price growth,https://www.yourpropertyguide.com.au/suburbs/blacktown-nsw-2148/vs/marayong-nsw-2148,0,2,0,28
blacktown median house price,https://www.yourpropertyguide.com.au/suburbs/blacktown-nsw-2148/rental-market,0,10,0,13.1
blacktown real estate agents,https://www.yourpropertyguide.com.au/suburbs/blacktown-nsw-2148/agents,0,2,0,37.5
blakeview postcode,https://www.yourpropertyguide.com.au/suburbs/blakeview-sa-5114,0,1,0,7
blaxland postcode,https://www.yourpropertyguide.com.au/suburbs/blaxland-nsw-2774,0,1,0,10
bloomfield rent,https://www.yourpropertyguide.com.au/suburbs/bloomfield-nsw-2800/rental-market,0,1,0,9
boat selling agents,https://www.yourpropertyguide.com.au/suburbs/boat-harbour-nsw-2316/agents,0,3,0,42.3
boat selling agents,https://www.yourpropertyguide.com.au/suburbs/boat-harbour-nsw-2480/agents,0,1,0,39
bogan house,https://www.yourpropertyguide.com.au/regions/bogan,0,1,0,19
bolton point australia,https://www.yourpropertyguide.com.au/suburbs/bolton-point-nsw-2283,0,3,0,43
bolton point nsw,https://www.yourpropertyguide.com.au/suburbs/bolton-point-nsw-2283,0,2,0,39
bolton point nsw 2283,https://www.yourpropertyguide.com.au/suburbs/bolton-point-nsw-2283,0,3,0,17
bolton point post code,https://www.yourpropertyguide.com.au/suburbs/bolton-point-nsw-2283,0,15,0,8.1
bolton point postcode,https://www.yourpropertyguide.com.au/suburbs/bolton-point-nsw-2283,0,116,0,10.0
bolton post code,https://www.yourpropertyguide.com.au/suburbs/bolton-point-nsw-2283,0,1,0,5
bolton postcode,https://www.yourpropertyguide.com.au/suburbs/bolton-point-nsw-2283,0,4,0,8.8
bonbeach postcode,https://www.yourpropertyguide.com.au/suburbs/bonbeach-vic-3196,0,1,0,10
bondi average house price,https://www.yourpropertyguide.com.au/suburbs/bondi-nsw-2026,0,1,0,44
bondi beach nsw postcode,https://www.yourpropertyguide.com.au/suburbs/bondi-nsw-2026,0,2,0,42.5
bondi beach post code,https://www.yourpropertyguide.com.au/suburbs/bondi-nsw-2026,0,3,0,42
bondi beach postal code,https://www.yourpropertyguide.com.au/suburbs/bondi-nsw-2026,0,1,0,34
bondi beach postcode,https://www.yourpropertyguide.com.au/suburbs/bondi-nsw-2026,0,8,0,54.2
bondi beach postcode nsw,https://www.yourpropertyguide.com.au/suburbs/bondi-nsw-2026,0,1,0,41
bondi beach suburb profile,https://www.yourpropertyguide.com.au/suburbs/bondi-nsw-2026,0,1,0,86
bondi junction nsw postcode,https://www.yourpropertyguide.com.au/suburbs/bondi-nsw-2026,0,1,0,29
bondi junction postal code,https://www.yourpropertyguide.com.au/suburbs/bondi-nsw-2026,0,2,0,25
bondi junction postcode,https://www.yourpropertyguide.com.au/suburbs/bondi-nsw-2026,0,7,0,30.1
bondi junction postcode nsw,https://www.yourpropertyguide.com.au/suburbs/bondi-nsw-2026,0,2,0,32.5
bondi median house price,https://www.yourpropertyguide.com.au/suburbs/bondi-nsw-2026,0,22,0,43.7
bondi nsw,https://www.yourpropertyguide.com.au/suburbs/bondi-nsw-2026,0,3,0,37.3
bondi nsw 2026,https://www.yourpropertyguide.com.au/suburbs/bondi-nsw-2026,0,3,0,28.3
bondi nsw 2026 australia,https://www.yourpropertyguide.com.au/suburbs/bondi-nsw-2026,0,1,0,37
bondi nsw postcode,https://www.yourpropertyguide.com.au/suburbs/bondi-nsw-2026,0,46,0,8.9
bondi population,https://www.yourpropertyguide.com.au/suburbs/bondi-nsw-2026,0,1,0,31
bondi post code,https://www.yourpropertyguide.com.au/suburbs/bondi-nsw-2026,0,176,0,10.0
bondi postal code,https://www.yourpropertyguide.com.au/suburbs/bondi-nsw-2026,0,16,0,9.8
bondi postcode,https://www.yourpropertyguide.com.au/suburbs/bondi-nsw-2026,0,1784,0,9.7
bondi postcode 2026,https://www.yourpropertyguide.com.au/suburbs/bondi-nsw-2026,0,26,0,10.7
bondi postcode nsw,https://www.yourpropertyguide.com.au/suburbs/bondi-nsw-2026,0,13,0,9.5
bondi postcode sydney,https://www.yourpropertyguide.com.au/suburbs/bondi-nsw-2026,0,2,0,11
bondi suburb,https://www.yourpropertyguide.com.au/suburbs/bondi-nsw-2026,0,1,0,92
bondi zip code,https://www.yourpropertyguide.com.au/suburbs/bondi-nsw-2026,0,1,0,10
bonnington park,https://www.yourpropertyguide.com.au/suburbs/bonnington-park-nsw-2311/schools,0,2,0,14.5
bonnyrigg,https://www.yourpropertyguide.com.au/suburbs/bonnyrigg-nsw-2177,0,1,0,57
bonnyrigg heights nsw,https://www.yourpropertyguide.com.au/suburbs/bonnyrigg-nsw-2177,0,1,0,62
bonnyrigg new south wales,https://www.yourpropertyguide.com.au/suburbs/bonnyrigg-nsw-2177,0,1,0,42
bonnyrigg nsw 2177,https://www.yourpropertyguide.com.au/suburbs/bonnyrigg-nsw-2177,0,1,0,19
bonnyrigg nsw australia,https://www.yourpropertyguide.com.au/suburbs/bonnyrigg-nsw-2177,0,1,0,36
bonnyrigg nsw postcode,https://www.yourpropertyguide.com.au/suburbs/bonnyrigg-nsw-2177,0,2,0,12
bonnyrigg post code,https://www.yourpropertyguide.com.au/suburbs/bonnyrigg-nsw-2177,0,10,0,8.5
bonnyrigg postcode,https://www.yourpropertyguide.com.au/suburbs/bonnyrigg-nsw-2177,0,29,0,8.6
bonnyrigg postcode nsw,https://www.yourpropertyguide.com.au/suburbs/bonnyrigg-nsw-2177,0,2,0,11.5
bonogin postcode,https://www.yourpropertyguide.com.au/suburbs/bonogin-qld-4213,0,1,0,9
boondall rental yield,https://www.yourpropertyguide.com.au/suburbs/boondall-qld-4034/vs/geebung-qld-4034,0,2,0,23.5
booragoon median house price,https://www.yourpropertyguide.com.au/postcodes/6954,0,1,0,4
booragoon post code,https://www.yourpropertyguide.com.au/postcodes/6954,0,28,0,10.3
booragoon post code,https://www.yourpropertyguide.com.au/suburbs/booragoon-wa-6154,0,39,0,10.2
booragoon postcode,https://www.yourpropertyguide.com.au/postcodes/6954,0,37,0,10.8
booragoon postcode,https://www.yourpropertyguide.com.au/suburbs/booragoon-wa-6154,0,238,0,8.6
booragoon postcode wa,https://www.yourpropertyguide.com.au/postcodes/6954,0,4,0,11.8
booragoon postcode wa,https://www.yourpropertyguide.com.au/suburbs/booragoon-wa-6154,0,3,0,9.7
booragoon wa postcode,https://www.yourpropertyguide.com.au/postcodes/6954,0,9,0,10.9
booragoon wa postcode,https://www.yourpropertyguide.com.au/suburbs/booragoon-wa-6154,0,4,0,10
boorowa real estate agency,https://www.yourpropertyguide.com.au/suburbs/boorowa-nsw-2586/agents,0,2,0,18
bora ridge,https://www.yourpropertyguide.com.au/suburbs/bora-ridge-nsw-2471,0,1,0,18
bora ridge nsw,https://www.yourpropertyguide.com.au/suburbs/bora-ridge-nsw-2471,0,1,0,18
boronia heights postcode,https://www.yourpropertyguide.com.au/suburbs/boronia-heights-qld-4124,0,1,0,8
boronia postcode,https://www.yourpropertyguide.com.au/suburbs/boronia-vic-3155,0,2,0,7.5
borrow calc,https://www.yourpropertyguide.com.au/borrowing-power-calculator,0,1,0,96
borrow calculator,https://www.yourpropertyguide.com.au/borrowing-power-calculator,0,3,0,94
borrow calculator mortgage,https://www.yourpropertyguide.com.au/borrowing-power-calculator,0,1,0,98
borrow mortgage calculator,https://www.yourpropertyguide.com.au/borrowing-power-calculator,0,1,0,93
borrow power,https://www.yourpropertyguide.com.au/borrowing-power-calculator,0,1,0,86
borrow power calculator,https://www.yourpropertyguide.com.au/borrowing-power-calculator,0,10,0,96.5
borrowing calculator,https://www.yourpropertyguide.com.au/borrowing-power-calculator,0,7,0,83.9
borrowing calculator aussie,https://www.yourpropertyguide.com.au/borrowing-power-calculator,0,4,0,90.8
borrowing calculator cba,https://www.yourpropertyguide.com.au/borrowing-power-calculator,0,1,0,94
borrowing calculator commonwealth,https://www.yourpropertyguide.com.au/borrowing-power-calculator,0,4,0,92.2
borrowing calculator with deposit,https://www.yourpropertyguide.com.au/borrowing-power-calculator,0,1,0,97
borrowing capacity,https://www.yourpropertyguide.com.au/borrowing-power-calculator,0,1,0,100
borrowing capacity anz,https://www.yourpropertyguide.com.au/borrowing-power-calculator,0,3,0,96
borrowing capacity australia,https://www.yourpropertyguide.com.au/borrowing-power-calculator,0,1,0,88
borrowing capacity calculator,https://www.yourpropertyguide.com.au/borrowing-power-calculator,0,6,0,99.2
borrowing capacity calculator anz,https://www.yourpropertyguide.com.au/borrowing-power-calculator,0,1,0,87
borrowing capacity calculator australia,https://www.yourpropertyguide.com.au/borrowing-power-calculator,0,2,0,89
borrowing capacity calculator cba,https://www.yourpropertyguide.com.au/borrowing-power-calculator,0,2,0,91
borrowing capacity calculator macquarie,https://www.yourpropertyguide.com.au/borrowing-power-calculator,0,1,0,96
borrowing capacity calculator nab,https://www.yourpropertyguide.com.au/borrowing-power-calculator,0,2,0,86.5
borrowing capacity nab,https://www.yourpropertyguide.com.au/borrowing-power-calculator,0,3,0,95
borrowing mortgage calculator,https://www.yourpropertyguide.com.au/borrowing-power-calculator,0,1,0,90
borrowing power,https://www.yourpropertyguide.com.au/borrowing-power-calculator,0,4,0,94
borrowing power cal,https://www.yourpropertyguide.com.au/borrowing-power-calculator,0,1,0,100
borrowing power calcualtor,https://www.yourpropertyguide.com.au/borrowing-power-calculator,0,1,0,99
borrowing power calculatir,https://www.yourpropertyguide.com.au/borrowing-power-calculator,0,1,0,99
borrowing power calculator,https://www.yourpropertyguide.com.au/borrowing-power-calculator,0,153,0,98.0
borrowing power calculator australia,https://www.yourpropertyguide.com.au/borrowing-power-calculator,0,7,0,104
borrowing power calculator brisbane,https://www.yourpropertyguide.com.au/borrowing-power-calculator,0,4,0,93.5
borrowing power calculator commbank,https://www.yourpropertyguide.com.au/borrowing-power-calculator,0,1,0,89
borrowing power calculator first home buyer,https://www.yourpropertyguide.com.au/borrowing-power-calculator,0,2,0,99
borrowing power calculator gross income,https://www.yourpropertyguide.com.au/borrowing-power-calculator,0,2,0,92
borrowing power calculator home loan,https://www.yourpropertyguide.com.au/borrowing-power-calculator,0,2,0,98.5
borrowing power calculator nab,https://www.yourpropertyguide.com.au/borrowing-power-calculator,0,1,0,94
borrowing power calculator personal loan,https://www.yourpropertyguide.com.au/borrowing-power-calculator,0,3,0,93.7
borrowing power calculator tool,https://www.yourpropertyguide.com.au/borrowing-power-calculator,0,1,0,89
borrowing power commbank,https://www.yourpropertyguide.com.au/borrowing-power-calculator,0,1,0,93
borrowing power estimate,https://www.yourpropertyguide.com.au/borrowing-power-calculator,0,1,0,99
borrowing power nab,https://www.yourpropertyguide.com.au/borrowing-power-calculator,0,1,0,96
botany postcode,https://www.yourpropertyguide.com.au/suburbs/surfers-paradise-qld-4217,0,1,0,2
botany real estate agents,https://www.yourpropertyguide.com.au/suburbs/botany-nsw-2019/agents,0,2,0,29.5
boulia population,https://www.yourpropertyguide.com.au/suburbs/boulia-qld-4829,0,5,0,13.6
boulia post code,https://www.yourpropertyguide.com.au/suburbs/boulia-qld-4829,0,20,0,6
boulia postcode,https://www.yourpropertyguide.com.au/suburbs/boulia-qld-4829,0,69,0,5.9
boulia qld 4829,https://www.yourpropertyguide.com.au/suburbs/boulia-qld-4829,0,2,0,21
bouvard postcode,https://www.yourpropertyguide.com.au/postcodes/6211,0,2,0,26.5
bowenville postcode,https://www.yourpropertyguide.com.au/suburbs/bowenville-qld-4404,0,2,0,9.5
bower south australia,https://www.yourpropertyguide.com.au/suburbs/bower-sa-5374,0,1,0,34
bowral median house price,https://www.yourpropertyguide.com.au/price-guide,0,1,0,50
box hill real estate agents,https://www.yourpropertyguide.com.au/suburbs/box-hill-south-vic-3128/agents,0,1,0,17
box hill real estate agents,https://www.yourpropertyguide.com.au/suburbs/box-hill-vic-3128/agents,0,2,0,6.5
boy to girl ratio,https://www.yourpropertyguide.com.au/schools/st-joseph-s-primary-school-43612/vs/st-francis-de-sales-regional-college-43627,0,1,0,5
brabham postcode,https://www.yourpropertyguide.com.au/suburbs/brabham-wa-6055,0,1,0,8
braddon postcode,https://www.yourpropertyguide.com.au/suburbs/braddon-act-2612,0,1,0,6
bradfield,https://www.yourpropertyguide.com.au/guides/real-estate-commission-nsw,0,1,0,3
branga vs,https://www.yourpropertyguide.com.au/suburbs/nowendoc-nsw-2354/vs/branga-plains-nsw-2354,0,2,0,10
bray park property market,https://www.yourpropertyguide.com.au/suburbs/bray-park-nsw-2484/rental-market,0,2,0,43.5
braybrook,https://www.yourpropertyguide.com.au/suburbs/braybrook-north-vic-3019,0,23,0,67.3
braybrook 3019,https://www.yourpropertyguide.com.au/suburbs/braybrook-north-vic-3019,0,1,0,73
braybrook australia,https://www.yourpropertyguide.com.au/suburbs/braybrook-north-vic-3019,0,1,0,82
braybrook melbourne,https://www.yourpropertyguide.com.au/suburbs/braybrook-north-vic-3019,0,2,0,70.5
braybrook post code,https://www.yourpropertyguide.com.au/suburbs/braybrook-north-vic-3019,0,1,0,34
braybrook postcode,https://www.yourpropertyguide.com.au/suburbs/braybrook-north-vic-3019,0,27,0,14.7
braybrook property market,https://www.yourpropertyguide.com.au/suburbs/braybrook-north-vic-3019,0,1,0,46
braybrook real estate agents,https://www.yourpropertyguide.com.au/suburbs/braybrook-vic-3019/agents,0,2,0,13.5
braybrook suburb profile,https://www.yourpropertyguide.com.au/suburbs/braybrook-north-vic-3019,0,2,0,53
braybrook vic,https://www.yourpropertyguide.com.au/suburbs/braybrook-north-vic-3019,0,4,0,86.5
braybrook vic 3019,https://www.yourpropertyguide.com.au/suburbs/braybrook-north-vic-3019,0,1,0,64
braybrook vic postcode,https://www.yourpropertyguide.com.au/suburbs/braybrook-north-vic-3019,0,2,0,22
braybrook victoria,https://www.yourpropertyguide.com.au/suburbs/braybrook-north-vic-3019,0,1,0,82
braybrook victoria australia,https://www.yourpropertyguide.com.au/suburbs/braybrook-north-vic-3019,0,1,0,82
brendale postcode,https://www.yourpropertyguide.com.au/suburbs/brendale-qld-4500,0,2,0,9
brendale postcode qld,https://www.yourpropertyguide.com.au/suburbs/brendale-qld-4500,0,1,0,8
brewarrina post code,https://www.yourpropertyguide.com.au/postcodes/2839,0,6,0,10.8
brewarrina postcode,https://www.yourpropertyguide.com.au/postcodes/2839,0,33,0,9.2
brewarrina postcode,https://www.yourpropertyguide.com.au/suburbs/brenda-nsw-2831,0,5,0,9.4
bridging loans guide,https://www.yourpropertyguide.com.au/guides/bridging-loans-guide,0,3,0,82.7
brighton postcode sa,https://www.yourpropertyguide.com.au/suburbs/brighton-sa-5048,0,1,0,7
brighton postcode vic,https://www.yourpropertyguide.com.au/suburbs/brighton-vic-3186,0,1,0,10
brighton sa capital growth,https://www.yourpropertyguide.com.au/best-suburbs/highest-growth/sa,0,6,0,33.3
brighton sa capital growth 5 years,https://www.yourpropertyguide.com.au/best-suburbs/highest-growth/sa,0,7,0,38.1
brighton sa days on market,https://www.yourpropertyguide.com.au/suburbs/brighton-sa-5048/rental-market,0,18,0,29.4
brighton sa rental yield,https://www.yourpropertyguide.com.au/suburbs/brighton-sa-5048/rental-market,0,24,0,21.0
brightwaters postcode,https://www.yourpropertyguide.com.au/suburbs/brightwaters-nsw-2264,0,5,0,10.2
brisbane 4122,https://www.yourpropertyguide.com.au/suburbs/upper-mount-gravatt-bc-qld-4122,0,2,0,28.5
brisbane median house price june 2026,https://www.yourpropertyguide.com.au/guides/home-values-biggest-monthly-fall-june-2026,0,1,0,78
brisbane postal code,https://www.yourpropertyguide.com.au/suburbs/surfers-paradise-qld-4217,0,1,0,3
brisbane property market 2026,https://www.yourpropertyguide.com.au/guides/brisbane-property-market-2026,0,2,0,26.5
brisbane property market forecast 2026,https://www.yourpropertyguide.com.au/guides/brisbane-property-market-2026,0,9,0,44.3
brisbane property market trends 2026,https://www.yourpropertyguide.com.au/guides/brisbane-property-market-2026,0,1,0,30
brisbane southbank postcode,https://www.yourpropertyguide.com.au/suburbs/south-bank-qld-4101,0,1,0,3
broadford common,https://www.yourpropertyguide.com.au/suburbs/broadford-vic-3658/agents,0,1,0,81
broadmeadow postcode,https://www.yourpropertyguide.com.au/suburbs/broadmeadow-nsw-2292,0,1,0,4
broadmeadows median house price,https://www.yourpropertyguide.com.au/suburbs/broadmeadow-nsw-2292/rental-market,0,1,0,48
broadmedows postcode,https://www.yourpropertyguide.com.au/suburbs/broadmeadows-vic-3047,0,1,0,9
broker commission rate,https://www.yourpropertyguide.com.au/guides/real-estate-commission-vic,0,1,0,100
broker real estate commission,https://www.yourpropertyguide.com.au/guides/real-estate-commission-nsw,0,1,0,76
broker real estate commission,https://www.yourpropertyguide.com.au/guides/real-estate-commission-vic,0,2,0,60
brokerage fees real estate,https://www.yourpropertyguide.com.au/guides/real-estate-commission-vic,0,1,0,57
brokerage fees real estate,https://www.yourpropertyguide.com.au/real-estate-commission-calculator,0,1,0,74
brookwater postcode,https://www.yourpropertyguide.com.au/suburbs/brookwater-qld-4300,0,1,0,9
broughton postcode,https://www.yourpropertyguide.com.au/suburbs/broughton-nsw-2535,0,1,0,10
brown plains post code,https://www.yourpropertyguide.com.au/postcodes/4118,0,2,0,8
brown plains postcode,https://www.yourpropertyguide.com.au/postcodes/4118,0,2,0,32.5
brown plains postcode,https://www.yourpropertyguide.com.au/suburbs/browns-plains-bc-qld-4118,0,5,0,9
brown's plains postcode,https://www.yourpropertyguide.com.au/suburbs/browns-plains-bc-qld-4118,0,8,0,8.6
browns plain post code,https://www.yourpropertyguide.com.au/postcodes/4118,0,4,0,11.2
browns plain post code,https://www.yourpropertyguide.com.au/suburbs/browns-plains-bc-qld-4118,0,5,0,9.4
browns plain postcode,https://www.yourpropertyguide.com.au/postcodes/4118,0,9,0,12.3
browns plain postcode,https://www.yourpropertyguide.com.au/suburbs/browns-plains-bc-qld-4118,0,21,0,8.2
browns plains 4118,https://www.yourpropertyguide.com.au/postcodes/4118,0,2,0,57.5
browns plains 4118,https://www.yourpropertyguide.com.au/suburbs/browns-plains-bc-qld-4118,0,1,0,37
browns plains brisbane,https://www.yourpropertyguide.com.au/suburbs/browns-plains-bc-qld-4118,0,2,0,59
browns plains crime rate,https://www.yourpropertyguide.com.au/suburbs/browns-plains-bc-qld-4118,0,1,0,17
browns plains post code,https://www.yourpropertyguide.com.au/postcodes/4118,0,46,0,10.3
browns plains post code,https://www.yourpropertyguide.com.au/suburbs/browns-plains-bc-qld-4118,0,105,0,8.5
browns plains postcode,https://www.yourpropertyguide.com.au/postcodes/4118,0,38,0,11.9
browns plains postcode,https://www.yourpropertyguide.com.au/suburbs/browns-plains-bc-qld-4118,0,420,0,7.9
browns plains postcode qld,https://www.yourpropertyguide.com.au/postcodes/4118,0,2,0,11
browns plains postcode qld,https://www.yourpropertyguide.com.au/suburbs/browns-plains-bc-qld-4118,0,13,0,9.4
browns plains qld,https://www.yourpropertyguide.com.au/suburbs/browns-plains-bc-qld-4118,0,3,0,68.7
browns plains qld 4118,https://www.yourpropertyguide.com.au/postcodes/4118,0,1,0,62
browns plains qld postcode,https://www.yourpropertyguide.com.au/postcodes/4118,0,7,0,16.3
browns plains qld postcode,https://www.yourpropertyguide.com.au/suburbs/browns-plains-bc-qld-4118,0,17,0,9.1
browns plains victoria,https://www.yourpropertyguide.com.au/suburbs/browns-plains-bc-qld-4118,0,2,0,47.5
brownsplains postcode,https://www.yourpropertyguide.com.au/suburbs/browns-plains-bc-qld-4118,0,11,0,7.5
bruce canberra postcode,https://www.yourpropertyguide.com.au/postcodes/2617,0,1,0,12
bruce postcode act,https://www.yourpropertyguide.com.au/postcodes/2617,0,2,0,11.5
bruce postcode canberra,https://www.yourpropertyguide.com.au/postcodes/2617,0,1,0,12
buchanan nsw 2323,https://www.yourpropertyguide.com.au/suburbs/buchanan-nsw-2323,0,1,0,24
buchanan postcode,https://www.yourpropertyguide.com.au/suburbs/buchanan-nsw-2323,0,26,0,6.9
buchfelde,https://www.yourpropertyguide.com.au/suburbs/buchfelde-sa-5118/vs/gawler-west-sa-5118,0,1,0,28
buchfelde south australia,https://www.yourpropertyguide.com.au/suburbs/buchfelde-sa-5118/vs/gawler-west-sa-5118,0,1,0,40
buddabadah,https://www.yourpropertyguide.com.au/suburbs/buddabadah-nsw-2825/schools,0,1,0,14
buderim 4556,https://www.yourpropertyguide.com.au/suburbs/buderim-qld-4556,0,13,0,17.9
buderim au,https://www.yourpropertyguide.com.au/suburbs/buderim-qld-4556,0,1,0,56
buderim australia map,https://www.yourpropertyguide.com.au/suburbs/buderim-qld-4556,0,1,0,63
buderim brisbane,https://www.yourpropertyguide.com.au/suburbs/buderim-qld-4556,0,1,0,33
buderim capital growth,https://www.yourpropertyguide.com.au/suburbs/buderim-qld-4556,0,16,0,26.8
buderim population,https://www.yourpropertyguide.com.au/suburbs/buderim-qld-4556,0,11,0,10.8
buderim post code,https://www.yourpropertyguide.com.au/suburbs/buderim-qld-4556,0,267,0,7.7
buderim postal code,https://www.yourpropertyguide.com.au/suburbs/buderim-qld-4556,0,9,0,7.9
buderim postcode,https://www.yourpropertyguide.com.au/suburbs/buderim-qld-4556,0,1567,0,7.1
buderim postcode 4556,https://www.yourpropertyguide.com.au/suburbs/buderim-qld-4556,0,36,0,11.4
buderim property market,https://www.yourpropertyguide.com.au/suburbs/buderim-qld-4556,0,8,0,30
buderim qld,https://www.yourpropertyguide.com.au/suburbs/buderim-qld-4556,0,6,0,37
buderim qld 4556,https://www.yourpropertyguide.com.au/suburbs/buderim-qld-4556,0,6,0,13.5
buderim qld 4556 australia,https://www.yourpropertyguide.com.au/suburbs/buderim-qld-4556,0,3,0,21
buderim qld australia,https://www.yourpropertyguide.com.au/suburbs/buderim-qld-4556,0,2,0,35
buderim qld map,https://www.yourpropertyguide.com.au/suburbs/buderim-qld-4556,0,1,0,67
buderim qld postcode,https://www.yourpropertyguide.com.au/suburbs/buderim-qld-4556,0,71,0,7.4
buderim queensland australia,https://www.yourpropertyguide.com.au/suburbs/buderim-qld-4556,0,1,0,43
buderim queensland map,https://www.yourpropertyguide.com.au/suburbs/buderim-qld-4556,0,2,0,62.5
buderim queensland postcode,https://www.yourpropertyguide.com.au/suburbs/buderim-qld-4556,0,6,0,9.2
buderim real estate market,https://www.yourpropertyguide.com.au/suburbs/buderim-qld-4556,0,5,0,28.6
buderim suburb profile,https://www.yourpropertyguide.com.au/suburbs/buderim-qld-4556,0,1,0,31
buderim sunshine coast,https://www.yourpropertyguide.com.au/suburbs/buderim-qld-4556,0,3,0,36
buderim town,https://www.yourpropertyguide.com.au/suburbs/buderim-qld-4556,0,5,0,70.2
"buderim, qld 4556",https://www.yourpropertyguide.com.au/suburbs/buderim-qld-4556,0,6,0,9.8
buderim.postcode,https://www.yourpropertyguide.com.au/suburbs/buderim-qld-4556,0,20,0,6.7
budget for renovating a house,https://www.yourpropertyguide.com.au/renovating,0,1,0,72
budgewoi postcode,https://www.yourpropertyguide.com.au/suburbs/budgewoi-nsw-2262,0,1,0,11
budgewoi real estate agents,https://www.yourpropertyguide.com.au/suburbs/budgewoi-nsw-2262/agents,0,2,0,20.5
budrim postcode,https://www.yourpropertyguide.com.au/suburbs/buderim-qld-4556,0,2,0,7.5
building renovation costs,https://www.yourpropertyguide.com.au/renovating,0,1,0,77
buleen postcode,https://www.yourpropertyguide.com.au/suburbs/bulleen-vic-3105,0,4,0,8.2
bulimba postcode,https://www.yourpropertyguide.com.au/suburbs/bulimba-qld-4171,0,1,0,7
bullaburra postcode,https://www.yourpropertyguide.com.au/suburbs/bullaburra-nsw-2784,0,1,0,8
bulleen,https://www.yourpropertyguide.com.au/suburbs/bulleen-vic-3105,0,2,0,3
bulleen australia,https://www.yourpropertyguide.com.au/suburbs/bulleen-vic-3105,0,1,0,72
bulleen heights school ranking,https://www.yourpropertyguide.com.au/suburbs/bulleen-south-vic-3105/schools,0,3,0,11
bulleen median house price,https://www.yourpropertyguide.com.au/suburbs/bulleen-vic-3105,0,3,0,29
bulleen melbourne,https://www.yourpropertyguide.com.au/suburbs/bulleen-vic-3105,0,1,0,72
bulleen post code,https://www.yourpropertyguide.com.au/suburbs/bulleen-vic-3105,0,84,0,8.9
bulleen postcode vic,https://www.yourpropertyguide.com.au/suburbs/bulleen-vic-3105,0,6,0,9.5
bulleen suburb,https://www.yourpropertyguide.com.au/suburbs/bulleen-vic-3105,0,1,0,58
bulleen suburb profile,https://www.yourpropertyguide.com.au/suburbs/bulleen-vic-3105,0,1,0,36
bulleen vic,https://www.yourpropertyguide.com.au/suburbs/bulleen-vic-3105,0,2,0,63
bulleen vic 3105,https://www.yourpropertyguide.com.au/suburbs/bulleen-vic-3105,0,1,0,42
bulleen vic australia,https://www.yourpropertyguide.com.au/suburbs/bulleen-vic-3105,0,2,0,66
bulleen vic postcode,https://www.yourpropertyguide.com.au/suburbs/bulleen-vic-3105,0,12,0,15
bulleen victoria,https://www.yourpropertyguide.com.au/suburbs/bulleen-vic-3105,0,1,0,69
bullen postcode,https://www.yourpropertyguide.com.au/suburbs/bulleen-vic-3105,0,1,0,9
bullsbrook post code,https://www.yourpropertyguide.com.au/postcodes/6084,0,34,0,10.4
bullsbrook postcode,https://www.yourpropertyguide.com.au/postcodes/6084,0,26,0,9.8
bullsbrook postcode wa,https://www.yourpropertyguide.com.au/postcodes/6084,0,1,0,12
bullsbrook wa postcode,https://www.yourpropertyguide.com.au/postcodes/6084,0,6,0,16
bundoora postcode,https://www.yourpropertyguide.com.au/suburbs/bundoora-vic-3083,0,1,0,10
bungadoo,https://www.yourpropertyguide.com.au/suburbs/bungadoo-qld-4671,0,1,0,25
buntine wa,https://www.yourpropertyguide.com.au/suburbs/buntine-wa-6613,0,1,0,22
buranda post code,https://www.yourpropertyguide.com.au/postcodes/4102,0,15,0,8.7
buranda postcode,https://www.yourpropertyguide.com.au/postcodes/4102,0,28,0,9.5
buranda postcode,https://www.yourpropertyguide.com.au/suburbs/woolloongabba-qld-4102,0,3,0,35.7
burnett heads population,https://www.yourpropertyguide.com.au/suburbs/burnett-heads-qld-4670,0,8,0,11.2
burnett heads post code,https://www.yourpropertyguide.com.au/suburbs/burnett-heads-qld-4670,0,26,0,8.6
burnett heads postcode,https://www.yourpropertyguide.com.au/suburbs/burnett-heads-qld-4670,0,116,0,9.5
burnie postcode,https://www.yourpropertyguide.com.au/suburbs/burnie-tas-7320,0,1,0,9
burnie postcode,https://www.yourpropertyguide.com.au/suburbs/upper-burnie-tas-7320,0,2,0,13.5
burnside postcode,https://www.yourpropertyguide.com.au/suburbs/burnside-wa-6285,0,14,0,7
burpengary postcode,https://www.yourpropertyguide.com.au/suburbs/burpengary-qld-4505,0,2,0,8.5
burpengary real estate agents,https://www.yourpropertyguide.com.au/suburbs/burpengary-qld-4505/agents,0,1,0,6
burra,https://www.yourpropertyguide.com.au/suburbs/burra-sa-5417,0,2,0,2
burra police station,https://www.yourpropertyguide.com.au/suburbs/burra-sa-5417,0,1,0,3
burra population,https://www.yourpropertyguide.com.au/suburbs/burra-sa-5417,0,49,0,8.2
burra population 2025,https://www.yourpropertyguide.com.au/suburbs/burra-sa-5417,0,9,0,8.4
burra post code,https://www.yourpropertyguide.com.au/suburbs/burra-sa-5417,0,12,0,7.6
burra postcode,https://www.yourpropertyguide.com.au/suburbs/burra-sa-5417,0,82,0,6.9
burra postcode sa,https://www.yourpropertyguide.com.au/suburbs/burra-sa-5417,0,1,0,7
burra sa,https://www.yourpropertyguide.com.au/suburbs/burra-sa-5417,0,5,0,2.4
burra sa 5417,https://www.yourpropertyguide.com.au/suburbs/burra-sa-5417,0,2,0,8.5
burra sa population,https://www.yourpropertyguide.com.au/suburbs/burra-sa-5417,0,14,0,11.1
burra sa postcode,https://www.yourpropertyguide.com.au/suburbs/burra-sa-5417,0,26,0,7.5
burraneer postcode,https://www.yourpropertyguide.com.au/suburbs/burraneer-nsw-2230,0,1,0,6
burswood postcode,https://www.yourpropertyguide.com.au/suburbs/burswood-wa-6100,0,2,0,7
burwood average house price,https://www.yourpropertyguide.com.au/suburbs/burwood-east-vic-3151/rental-market,0,1,0,62
burwood east suburb profile,https://www.yourpropertyguide.com.au/suburbs/burwood-east-vic-3151/rental-market,0,1,0,55
burwood house price,https://www.yourpropertyguide.com.au/suburbs/burwood-east-vic-3151/rental-market,0,1,0,88
burwood median house price,https://www.yourpropertyguide.com.au/suburbs/burwood-east-vic-3151/rental-market,0,3,0,58.7
burwood median house price,https://www.yourpropertyguide.com.au/suburbs/burwood-heights-nsw-2136/rental-market,0,1,0,64
burwood schools,https://www.yourpropertyguide.com.au/suburbs/burwood-nsw-2134/schools,0,1,0,73
butler postcode,https://www.yourpropertyguide.com.au/suburbs/butler-wa-6036,0,1,0,10
buy leads for real estate,https://www.yourpropertyguide.com.au/for-agents,0,1,0,83
buy leads real estate,https://www.yourpropertyguide.com.au/for-agents,0,1,0,80
buy real estate leads,https://www.yourpropertyguide.com.au/for-agents,0,1,0,78
buy real estate listing leads,https://www.yourpropertyguide.com.au/for-agents,0,1,0,84
buy to rent investment,https://www.yourpropertyguide.com.au/guides/rentvesting-australia,0,1,0,77
buyer agent commission percentage,https://www.yourpropertyguide.com.au/guides/real-estate-commission-nsw,0,1,0,66
buyer agent commission percentage,https://www.yourpropertyguide.com.au/guides/real-estate-commission-vic,0,2,0,78
buyer commission real estate,https://www.yourpropertyguide.com.au/guides/real-estate-commission-vic,0,1,0,66
buyer real estate agent commission,https://www.yourpropertyguide.com.au/guides/real-estate-commission-nsw,0,1,0,46
buyer real estate leads,https://www.yourpropertyguide.com.au/for-agents,0,1,0,83
buyer's agent in logan,https://www.yourpropertyguide.com.au/suburbs/logan-village-qld-4207/agents,0,1,0,55
buyers advocate wareemba,https://www.yourpropertyguide.com.au/suburbs/wareemba-nsw-2046/agents,0,1,0,49
buyers agency balmain east,https://www.yourpropertyguide.com.au/suburbs/balmain-east-nsw-2041/agents,0,1,0,95
buyers agency birchgrove,https://www.yourpropertyguide.com.au/suburbs/birchgrove-nsw-2041/agents,0,1,0,38
buyers agency drummoyne,https://www.yourpropertyguide.com.au/suburbs/drummoyne-nsw-2047/agents,0,1,0,49
buyers agency erskineville,https://www.yourpropertyguide.com.au/suburbs/erskineville-nsw-2043/agents,0,1,0,22
buyers agency forest lodge,https://www.yourpropertyguide.com.au/suburbs/forest-lodge-nsw-2037/agents,0,1,0,51
buyers agency lewisham,https://www.yourpropertyguide.com.au/suburbs/lewisham-nsw-2049/agents,0,1,0,88
buyers agency lilyfield,https://www.yourpropertyguide.com.au/suburbs/lilyfield-nsw-2040/agents,0,8,0,30.1
buyers agency petersham,https://www.yourpropertyguide.com.au/suburbs/petersham-nsw-2049/agents,0,2,0,25.5
buyers agency rodd point,https://www.yourpropertyguide.com.au/suburbs/rodd-point-nsw-2046/agents,0,1,0,31
buyers agency sydenham,https://www.yourpropertyguide.com.au/suburbs/sydenham-nsw-2044/agents,0,1,0,15
buyers agency sydenham,https://www.yourpropertyguide.com.au/suburbs/sydenham-vic-3037/agents,0,1,0,23
buyers agency wareemba,https://www.yourpropertyguide.com.au/suburbs/wareemba-nsw-2046/agents,0,1,0,23
buyers agency wentworthville,https://www.yourpropertyguide.com.au/suburbs/south-wentworthville-nsw-2145/agents,0,1,0,82
buyers agency wentworthville,https://www.yourpropertyguide.com.au/suburbs/wentworthville-nsw-2145/agents,0,1,0,22
buyers agency zetland,https://www.yourpropertyguide.com.au/suburbs/zetland-nsw-2017/agents,0,1,0,47
buyers agent balmain east,https://www.yourpropertyguide.com.au/suburbs/balmain-east-nsw-2041/agents,0,2,0,31.5
buyers agent bardwell park,https://www.yourpropertyguide.com.au/suburbs/bardwell-park-nsw-2207/agents,0,1,0,8
buyers agent birchgrove,https://www.yourpropertyguide.com.au/suburbs/birchgrove-nsw-2041/agents,0,1,0,29
buyers agent blairgowrie,https://www.yourpropertyguide.com.au/suburbs/blairgowrie-vic-3942/agents,0,2,0,40.5
buyers agent bonnet bay,https://www.yourpropertyguide.com.au/suburbs/bonnet-bay-nsw-2226/agents,0,1,0,21
buyers agent camperdown,https://www.yourpropertyguide.com.au/suburbs/camperdown-vic-3260/agents,0,2,0,33.5
buyers agent canterbury,https://www.yourpropertyguide.com.au/suburbs/canterbury-vic-3126/agents,0,2,0,66.5
buyers agent city beach,https://www.yourpropertyguide.com.au/suburbs/city-beach-wa-6015/agents,0,3,0,15.7
buyers agent commission rate,https://www.yourpropertyguide.com.au/guides/real-estate-commission-nsw,0,1,0,70
buyers agent commission rate,https://www.yourpropertyguide.com.au/guides/real-estate-commission-vic,0,2,0,92.5
buyers agent darlington,https://www.yourpropertyguide.com.au/suburbs/darlington-nsw-2330/agents,0,1,0,26
buyers agent drummoyne,https://www.yourpropertyguide.com.au/suburbs/drummoyne-nsw-2047/agents,0,2,0,62.5
buyers agent dulwich hill,https://www.yourpropertyguide.com.au/suburbs/dulwich-hill-nsw-2203/agents,0,1,0,64
buyers agent elwood,https://www.yourpropertyguide.com.au/suburbs/elwood-vic-3184/agents,0,3,0,49
buyers agent fitzroy,https://www.yourpropertyguide.com.au/suburbs/fitzroy-vic-3065/agents,0,1,0,49
buyers agent five dock,https://www.yourpropertyguide.com.au/suburbs/five-dock-nsw-2046/agents,0,2,0,26
buyers agent forest lodge,https://www.yourpropertyguide.com.au/suburbs/forest-lodge-nsw-2037/agents,0,2,0,32
buyers agent geebung,https://www.yourpropertyguide.com.au/suburbs/geebung-qld-4034/agents,0,2,0,8
buyers agent glebe,https://www.yourpropertyguide.com.au/suburbs/glebe-nsw-2037/agents,0,1,0,43
buyers agent hallam,https://www.yourpropertyguide.com.au/suburbs/hallam-vic-3803/agents,0,2,0,24
buyers agent hampton,https://www.yourpropertyguide.com.au/suburbs/hampton-vic-3188/agents,0,1,0,34
buyers agent heidelberg,https://www.yourpropertyguide.com.au/suburbs/heidelberg-vic-3084/agents,0,1,0,23
buyers agent lewisham,https://www.yourpropertyguide.com.au/suburbs/lewisham-nsw-2049/agents,0,1,0,31
buyers agent lilyfield,https://www.yourpropertyguide.com.au/suburbs/lilyfield-nsw-2040/agents,0,1,0,11
buyers agent lismore,https://www.yourpropertyguide.com.au/suburbs/lismore-nsw-2480/agents,0,2,0,43.5
buyers agent lismore,https://www.yourpropertyguide.com.au/suburbs/north-lismore-nsw-2480/agents,0,2,0,74.5
buyers agent little bay,https://www.yourpropertyguide.com.au/suburbs/little-bay-nsw-2036/agents,0,1,0,15
buyers agent middle cove,https://www.yourpropertyguide.com.au/suburbs/castle-cove-nsw-2069/agents,0,1,0,90
buyers agent mulgrave,https://www.yourpropertyguide.com.au/suburbs/mulgrave-vic-3170/agents,0,1,0,24
buyers agent naremburn,https://www.yourpropertyguide.com.au/suburbs/naremburn-nsw-2065/agents,0,3,0,11
buyers agent penrith,https://www.yourpropertyguide.com.au/suburbs/penrith-nsw-2750/agents,0,1,0,54
buyers agent preston,https://www.yourpropertyguide.com.au/suburbs/preston-vic-3072/agents,0,1,0,71
buyers agent pymble,https://www.yourpropertyguide.com.au/suburbs/pymble-nsw-2073/agents,0,1,0,19
buyers agent riverview,https://www.yourpropertyguide.com.au/suburbs/riverview-qld-4303/agents,0,4,0,14.8
buyers agent rodd point,https://www.yourpropertyguide.com.au/suburbs/rodd-point-nsw-2046/agents,0,1,0,13
buyers agent roseville,https://www.yourpropertyguide.com.au/suburbs/roseville-nsw-2069/agents,0,8,0,6.8
buyers agent rozelle,https://www.yourpropertyguide.com.au/suburbs/rozelle-nsw-2039/agents,0,2,0,61
buyers agent sandringham,https://www.yourpropertyguide.com.au/suburbs/sandringham-vic-3191/agents,0,4,0,39
buyers agent semaphore,https://www.yourpropertyguide.com.au/suburbs/semaphore-park-sa-5019/agents,0,1,0,61
buyers agent semaphore,https://www.yourpropertyguide.com.au/suburbs/semaphore-sa-5019/agents,0,1,0,27
buyers agent seven hills,https://www.yourpropertyguide.com.au/suburbs/seven-hills-nsw-2147/agents,0,1,0,37
buyers agent sorrento,https://www.yourpropertyguide.com.au/suburbs/sorrento-vic-3943/agents,0,1,0,36
buyers agent st ives,https://www.yourpropertyguide.com.au/suburbs/st-ives-nsw-2075/agents,0,1,0,13
buyers agent summer hill,https://www.yourpropertyguide.com.au/suburbs/summer-hill-nsw-2130/agents,0,4,0,10.5
buyers agent surrey hills,https://www.yourpropertyguide.com.au/suburbs/surrey-hills-vic-3127/agents,0,2,0,34
buyers agent wareemba,https://www.yourpropertyguide.com.au/suburbs/wareemba-nsw-2046/agents,0,1,0,38
buyers agent woodville,https://www.yourpropertyguide.com.au/suburbs/woodville-north-sa-5012/agents,0,2,0,40
buyers agent woodville,https://www.yourpropertyguide.com.au/suburbs/woodville-nsw-2321/agents,0,1,0,27
buyers agent woodville,https://www.yourpropertyguide.com.au/suburbs/woodville-park-sa-5011/agents,0,1,0,1
buyers agent woodville,https://www.yourpropertyguide.com.au/suburbs/woodville-sa-5011/agents,0,2,0,19
buyers agent woodville,https://www.yourpropertyguide.com.au/suburbs/woodville-south-sa-5011/agents,0,2,0,11
buyers agent zetland,https://www.yourpropertyguide.com.au/suburbs/zetland-nsw-2017/agents,0,2,0,50.5
buyers commission real estate,https://www.yourpropertyguide.com.au/guides/real-estate-commission-vic,0,1,0,68
buyers guide real estate,https://www.yourpropertyguide.com.au/,0,3,0,47.3
buyers guide real estate,https://www.yourpropertyguide.com.au/buying-guide,0,5,0,83.6
buying a,https://www.yourpropertyguide.com.au/guides/buying-property-australia,0,2,0,52
buying a home in australia,https://www.yourpropertyguide.com.au/guides/buying-property-australia,0,1,0,59
buying a house australia,https://www.yourpropertyguide.com.au/guides/buying-property-australia,0,39,0,80
buying a house in australia,https://www.yourpropertyguide.com.au/buying-guide,0,9,0,95.3
buying a house in australia,https://www.yourpropertyguide.com.au/guides/buying-property-australia,0,15,0,81.3
buying a house procedure,https://www.yourpropertyguide.com.au/guides/buying-property-australia,0,1,0,90
buying a house stamp duty calculator,https://www.yourpropertyguide.com.au/stamp-duty-calculator,0,1,0,100
buying a house with unpaid property taxes,https://www.yourpropertyguide.com.au/guides,0,15,0,71.9
buying a property,https://www.yourpropertyguide.com.au/guides/buying-property-australia,0,4,0,85.2
"buying a property for dummies, australian edition",https://www.yourpropertyguide.com.au/buying-guide,0,4,0,45.5
"buying a property for dummies, australian edition",https://www.yourpropertyguide.com.au/guides/buying-property-australia,0,4,0,44.8
buying a property in australia,https://www.yourpropertyguide.com.au/buying-guide,0,1,0,65
buying a property in australia,https://www.yourpropertyguide.com.au/guides/buying-property-australia,0,1,0,78
buying a property process,https://www.yourpropertyguide.com.au/guides/buying-property-australia,0,1,0,91
buying australian,https://www.yourpropertyguide.com.au/guides/buying-property-australia,0,1,0,49
buying guide,https://www.yourpropertyguide.com.au/buying-guide,0,1,0,19
buying home in australia,https://www.yourpropertyguide.com.au/guides/buying-property-australia,0,1,0,61
buying house australia,https://www.yourpropertyguide.com.au/buying-guide,0,30,0,87.9
buying house australia,https://www.yourpropertyguide.com.au/guides/buying-property-australia,0,38,0,78
buying house in australia,https://www.yourpropertyguide.com.au/buying-guide,0,1,0,91
buying house in australia,https://www.yourpropertyguide.com.au/guides/buying-property-australia,0,2,0,83.5
buying houses australia,https://www.yourpropertyguide.com.au/buying-guide,0,1,0,74
buying houses australia,https://www.yourpropertyguide.com.au/guides/buying-property-australia,0,1,0,66
buying power calculator,https://www.yourpropertyguide.com.au/borrowing-power-calculator,0,7,0,82.4
buying power calculator australia,https://www.yourpropertyguide.com.au/borrowing-power-calculator,0,1,0,92
buying power calculator home,https://www.yourpropertyguide.com.au/borrowing-power-calculator,0,1,0,86
buying property,https://www.yourpropertyguide.com.au/buying-guide,0,1,0,59
buying property australia,https://www.yourpropertyguide.com.au/buying-guide,0,1,0,77
buying property australia,https://www.yourpropertyguide.com.au/guides/buying-property-australia,0,1,0,88
buying property guide,https://www.yourpropertyguide.com.au/buying-guide,0,1,0,92
buying property guide,https://www.yourpropertyguide.com.au/guides/buying-property-australia,0,1,0,62
buying property in australia,https://www.yourpropertyguide.com.au/buying-guide,0,1,0,69
buying property in australia,https://www.yourpropertyguide.com.au/guides/buying-property-australia,0,59,0,81.1
buying real estate australia,https://www.yourpropertyguide.com.au/buying-guide,0,18,0,81.7
buying real estate australia,https://www.yourpropertyguide.com.au/guides/buying-property-australia,0,19,0,67.5
buying real estate in australia,https://www.yourpropertyguide.com.au/buying-guide,0,1,0,77
buying real estate in australia,https://www.yourpropertyguide.com.au/guides/buying-property-australia,0,12,0,70
buying real estate leads,https://www.yourpropertyguide.com.au/for-agents,0,1,0,78
byron bay real estate agents,https://www.yourpropertyguide.com.au/suburbs/byron-bay-nsw-2481/agents,0,2,0,46
calamvale post code,https://www.yourpropertyguide.com.au/postcodes/4116,0,30,0,10.2
calamvale postcode,https://www.yourpropertyguide.com.au/postcodes/4116,0,24,0,12.2
calamvale postcode 4116,https://www.yourpropertyguide.com.au/postcodes/4116,0,1,0,9
calamvale qld postcode,https://www.yourpropertyguide.com.au/postcodes/4116,0,6,0,13
calculate a mortgage loan,https://www.yourpropertyguide.com.au/mortgage-calculator,0,2,0,98.5
calculate affordability,https://www.yourpropertyguide.com.au/affordability-calculator,0,2,0,78.5
calculate affordability for home loan,https://www.yourpropertyguide.com.au/affordability-calculator,0,1,0,89
calculate affordable mortgage,https://www.yourpropertyguide.com.au/affordability-calculator,0,2,0,82
calculate borrowing,https://www.yourpropertyguide.com.au/borrowing-power-calculator,0,1,0,98
calculate borrowing power,https://www.yourpropertyguide.com.au/borrowing-power-calculator,0,3,0,99.3
calculate borrowing power australia,https://www.yourpropertyguide.com.au/borrowing-power-calculator,0,1,0,80
calculate gross rental yield,https://www.yourpropertyguide.com.au/rental-yield-calculator,0,2,0,98
calculate house mortgage,https://www.yourpropertyguide.com.au/mortgage-calculator,0,1,0,100
calculate maximum mortgage,https://www.yourpropertyguide.com.au/borrowing-power-calculator,0,1,0,90
calculate my borrowing power,https://www.yourpropertyguide.com.au/borrowing-power-calculator,0,4,0,99
calculate my nsw regional home worth now ballina,https://www.yourpropertyguide.com.au/suburbs/east-ballina-nsw-2478/agents,0,1,0,7
calculate net rental yield,https://www.yourpropertyguide.com.au/rental-yield-calculator,0,1,0,189
calculate real estate commission qld,https://www.yourpropertyguide.com.au/real-estate-commission-calculator,0,1,0,64
calculate rental income,https://www.yourpropertyguide.com.au/rental-yield-calculator,0,8,0,90.2
calculate rental income tax,https://www.yourpropertyguide.com.au/rental-yield-calculator,0,1,0,67
calculate rental return,https://www.yourpropertyguide.com.au/rental-yield-calculator,0,9,0,91.9
calculate rental yeild,https://www.yourpropertyguide.com.au/rental-yield-calculator,0,1,0,83
calculate rental yield,https://www.yourpropertyguide.com.au/rental-yield-calculator,0,29,0,82.9
calculate rental yield australia,https://www.yourpropertyguide.com.au/rental-yield-calculator,0,13,0,91
calculate rental yield perth,https://www.yourpropertyguide.com.au/rental-yield-calculator,0,10,0,91.2
calculate yield,https://www.yourpropertyguide.com.au/rental-yield-calculator,0,1,0,80
calculating affordable mortgage,https://www.yourpropertyguide.com.au/affordability-calculator,0,1,0,72
calculating rental yield,https://www.yourpropertyguide.com.au/rental-yield-calculator,0,3,0,90.7
calculator borrowing power,https://www.yourpropertyguide.com.au/borrowing-power-calculator,0,1,0,99
calculator how much can i borrow,https://www.yourpropertyguide.com.au/borrowing-power-calculator,0,1,0,97
calculator to determine how much mortgage i can afford,https://www.yourpropertyguide.com.au/affordability-calculator,0,1,0,84
calculator to see if i can afford a house,https://www.yourpropertyguide.com.au/affordability-calculator,0,1,0,86
california gully post code,https://www.yourpropertyguide.com.au/postcodes/3556,0,9,0,10.8
california gully postcode,https://www.yourpropertyguide.com.au/postcodes/3556,0,3,0,25.7
callala beach post code,https://www.yourpropertyguide.com.au/suburbs/callala-beach-nsw-2540,0,5,0,8.2
callala beach postcode,https://www.yourpropertyguide.com.au/suburbs/callala-beach-nsw-2540,0,31,0,5.9
camberwell 3124,https://www.yourpropertyguide.com.au/suburbs/camberwell-north-vic-3124,0,1,0,43
camberwell average house price,https://www.yourpropertyguide.com.au/suburbs/canterbury-vic-3126/vs/camberwell-north-vic-3124,0,2,0,65
camberwell demographics,https://www.yourpropertyguide.com.au/suburbs/camberwell-north-vic-3124,0,1,0,14
camberwell house price growth,https://www.yourpropertyguide.com.au/suburbs/camberwell-north-vic-3124,0,2,0,4.5
camberwell median house price,https://www.yourpropertyguide.com.au/suburbs/canterbury-vic-3126/vs/camberwell-north-vic-3124,0,7,0,56.3
camberwell melbourne vic,https://www.yourpropertyguide.com.au/suburbs/camberwell-north-vic-3124,0,1,0,88
camberwell post code,https://www.yourpropertyguide.com.au/suburbs/camberwell-north-vic-3124,0,17,0,10.8
camberwell postcode,https://www.yourpropertyguide.com.au/suburbs/camberwell-north-vic-3124,0,7,0,11.7
camberwell postcode melbourne,https://www.yourpropertyguide.com.au/suburbs/camberwell-north-vic-3124,0,2,0,12
camberwell postcode melbourne,https://www.yourpropertyguide.com.au/suburbs/hawthorn-east-vic-3123,0,1,0,46
camberwell postcode vic,https://www.yourpropertyguide.com.au/suburbs/camberwell-north-vic-3124,0,9,0,11.2
camberwell real estate agencies,https://www.yourpropertyguide.com.au/suburbs/camberwell-vic-3124/agents,0,1,0,34
camberwell real estate agents,https://www.yourpropertyguide.com.au/suburbs/camberwell-vic-3124/agents,0,4,0,24.2
camberwell suburb,https://www.yourpropertyguide.com.au/suburbs/camberwell-north-vic-3124,0,1,0,26
camberwell suburb profile,https://www.yourpropertyguide.com.au/suburbs/camberwell-north-vic-3124,0,1,0,41
camberwell vic,https://www.yourpropertyguide.com.au/suburbs/camberwell-north-vic-3124,0,1,0,79
camberwell vic 3124,https://www.yourpropertyguide.com.au/suburbs/camberwell-north-vic-3124,0,2,0,38.5
camberwell vic post code,https://www.yourpropertyguide.com.au/suburbs/camberwell-north-vic-3124,0,2,0,13
camberwell vic postcode,https://www.yourpropertyguide.com.au/suburbs/camberwell-north-vic-3124,0,4,0,12
camberwell victoria 3124,https://www.yourpropertyguide.com.au/suburbs/camberwell-north-vic-3124,0,3,0,44.7
camberwell victoria postcode,https://www.yourpropertyguide.com.au/suburbs/camberwell-north-vic-3124,0,4,0,11
cambooya state school,https://www.yourpropertyguide.com.au/suburbs/cambooya-qld-4358/schools,0,1,0,26
cameron park real estate agents,https://www.yourpropertyguide.com.au/suburbs/cameron-park-nsw-2285/agents,0,2,0,13
camillo median rent,https://www.yourpropertyguide.com.au/suburbs/camillo-wa-6111/rental-market,0,26,0,21.3
campbell high school catchment area,https://www.yourpropertyguide.com.au/schools/campbell-high-school-49912,0,18,0,26.6
campbellfield postcode,https://www.yourpropertyguide.com.au/suburbs/campbellfield-vic-3061,0,1,0,6
campbelltown postcode,https://www.yourpropertyguide.com.au/suburbs/campbelltown-nsw-2560,0,4,0,10.2
campbelltown real estate agents,https://www.yourpropertyguide.com.au/suburbs/campbelltown-nsw-2560/agents,0,1,0,3
campsie median house price,https://www.yourpropertyguide.com.au/suburbs/campsie-nsw-2194/rental-market,0,2,0,29
campsie property growth,https://www.yourpropertyguide.com.au/suburbs/campsie-nsw-2194/rental-market,0,4,0,26.2
can i afford a home calculator,https://www.yourpropertyguide.com.au/affordability-calculator,0,1,0,80
can i afford a house,https://www.yourpropertyguide.com.au/affordability-calculator,0,2,0,58.5
can i afford a second home calculator,https://www.yourpropertyguide.com.au/affordability-calculator,0,1,0,79
can i afford my mortgage calculator,https://www.yourpropertyguide.com.au/affordability-calculator,0,1,0,82
can i afford to buy a home,https://www.yourpropertyguide.com.au/affordability-calculator,0,2,0,88
can i afford to buy a house,https://www.yourpropertyguide.com.au/affordability-calculator,0,5,0,68.8
can i afford to buy a house calculator,https://www.yourpropertyguide.com.au/affordability-calculator,0,1,0,83
can i afford to buy a house on my own,https://www.yourpropertyguide.com.au/affordability-calculator,0,1,0,63
can i afford to live on my own calculator,https://www.yourpropertyguide.com.au/affordability-calculator,0,1,0,84
can loan,https://www.yourpropertyguide.com.au/borrowing-power-calculator,0,1,0,53
can we afford a house,https://www.yourpropertyguide.com.au/affordability-calculator,0,1,0,61
canada bay buyers agent,https://www.yourpropertyguide.com.au/suburbs/canada-bay-nsw-2046/agents,0,1,0,22
canada bay postcode,https://www.yourpropertyguide.com.au/suburbs/mortlake-nsw-2137,0,1,0,48
canberra property market value report,https://www.yourpropertyguide.com.au/market-reports/act,0,18,0,79.8
canberra property market value report,https://www.yourpropertyguide.com.au/property-market/canberra,0,20,0,61.5
canberra property value estimate,https://www.yourpropertyguide.com.au/property-market/canberra,0,18,0,78.8
canberra suburbs median property prices latest,https://www.yourpropertyguide.com.au/market-reports/act,0,5,0,77.4
canberra suburbs median property prices latest,https://www.yourpropertyguide.com.au/property-market/canberra,0,26,0,53
canberra suburbs median property prices latest,https://www.yourpropertyguide.com.au/suburbs/canberra-act-2600,0,1,0,32
canley heights real estate agents,https://www.yourpropertyguide.com.au/suburbs/canley-heights-nsw-2166/agents,0,2,0,19.5
cannington rent estimate,https://www.yourpropertyguide.com.au/suburbs/cannington-wa-6987/rental-market,0,1,0,27
canterbury buyers agent,https://www.yourpropertyguide.com.au/suburbs/canterbury-vic-3126/agents,0,1,0,65
canterbury median house price,https://www.yourpropertyguide.com.au/suburbs/canterbury-vic-3126/rental-market,0,2,0,39.5
canyonleigh postcode,https://www.yourpropertyguide.com.au/suburbs/canyonleigh-nsw-2577,0,1,0,5
capped commission real estate agents,https://www.yourpropertyguide.com.au/guides/real-estate-commission-vic,0,1,0,69
captains flat postcode,https://www.yourpropertyguide.com.au/suburbs/captains-flat-nsw-2623,0,1,0,9
car headlights plumpton,https://www.yourpropertyguide.com.au/suburbs/sunbury-vic-3429/vs/plumpton-vic-3427,0,2,0,25.5
caraban wa,https://www.yourpropertyguide.com.au/suburbs/caraban-wa-6041,0,7,0,12
carapooee west,https://www.yourpropertyguide.com.au/suburbs/carapooee-west-vic-3478,0,2,0,26
carina real estate agents,https://www.yourpropertyguide.com.au/suburbs/carina-qld-4152/agents,0,1,0,36
carindale postcode,https://www.yourpropertyguide.com.au/suburbs/carindale-qld-4152,0,6,0,6.7
carindale real estate agents,https://www.yourpropertyguide.com.au/suburbs/carindale-qld-4152/agents,0,2,0,25
carine median house price,https://www.yourpropertyguide.com.au/suburbs/carine-wa-6020/rental-market,0,1,0,22
carine rent estimate,https://www.yourpropertyguide.com.au/suburbs/carine-wa-6020/rental-market,0,1,0,29
carine suburb profile,https://www.yourpropertyguide.com.au/suburbs/carine-wa-6020/rental-market,0,1,0,32
carinya tamworth,https://www.yourpropertyguide.com.au/schools/carinya-christian-school-tamworth-43866,0,2,0,31
carlaminda nsw,https://www.yourpropertyguide.com.au/suburbs/carlaminda-nsw-2630,0,3,0,10.3
carmoo,https://www.yourpropertyguide.com.au/suburbs/carmoo-qld-4852,0,2,0,14
carmoo qld,https://www.yourpropertyguide.com.au/suburbs/carmoo-qld-4852,0,2,0,15.5
carnegie vic median house price 2026,https://www.yourpropertyguide.com.au/suburbs/carnegie-vic-3163,0,1,0,8
carrington post code,https://www.yourpropertyguide.com.au/postcodes/4883,0,2,0,7
carrington postcode,https://www.yourpropertyguide.com.au/postcodes/4883,0,8,0,7
carrum postcode,https://www.yourpropertyguide.com.au/suburbs/carrum-vic-3197,0,1,0,8
cartwright median house price,https://www.yourpropertyguide.com.au/price-guide,0,1,0,31
casaurina nsw,https://www.yourpropertyguide.com.au/suburbs/casuarina-nsw-2487,0,3,0,23.7
cash rate australia history,https://www.yourpropertyguide.com.au/rba-cash-rate,0,4,0,60.8
cash rate history,https://www.yourpropertyguide.com.au/rba-cash-rate,0,2,0,51
cash rate history australia,https://www.yourpropertyguide.com.au/rba-cash-rate,0,1,0,60
cash rate history rba,https://www.yourpropertyguide.com.au/rba-cash-rate,0,1,0,56
cash rate interest rate,https://www.yourpropertyguide.com.au/rba-cash-rate,0,1,0,67
cash rate meaning,https://www.yourpropertyguide.com.au/rba-cash-rate,0,1,0,74
cash rate rba history,https://www.yourpropertyguide.com.au/rba-cash-rate,0,2,0,55
casino nsw 2470,https://www.yourpropertyguide.com.au/suburbs/north-casino-nsw-2470,0,1,0,45
casino nsw post code,https://www.yourpropertyguide.com.au/suburbs/north-casino-nsw-2470,0,5,0,11.6
casino nsw postcode,https://www.yourpropertyguide.com.au/suburbs/north-casino-nsw-2470,0,5,0,15.8
casino post code,https://www.yourpropertyguide.com.au/suburbs/north-casino-nsw-2470,0,5,0,11.2
casino postcode,https://www.yourpropertyguide.com.au/suburbs/north-casino-nsw-2470,0,63,0,9.9
casino suburb,https://www.yourpropertyguide.com.au/suburbs/north-casino-nsw-2470,0,1,0,56
cassowary coast realty,https://www.yourpropertyguide.com.au/regions/cassowary-coast,0,1,0,17
castle forbes bay postcode,https://www.yourpropertyguide.com.au/postcodes/7116,0,1,0,11
castle hill median house price,https://www.yourpropertyguide.com.au/suburbs/castle-hill-nsw-2154/vs/norwest-nsw-2153,0,1,0,50
castlecrag median house price,https://www.yourpropertyguide.com.au/price-guide,0,1,0,50
castlecrag median house price,https://www.yourpropertyguide.com.au/suburbs/castlecrag-nsw-2068/rental-market,0,1,0,35
castlemain postcode,https://www.yourpropertyguide.com.au/suburbs/castlemaine-vic-3450,0,1,0,10
castlemaine post code,https://www.yourpropertyguide.com.au/suburbs/castlemaine-vic-3450,0,1,0,10
castlemaine postcode,https://www.yourpropertyguide.com.au/suburbs/castlemaine-vic-3450,0,20,0,9.1
castlemaine victoria postcode,https://www.yourpropertyguide.com.au/suburbs/castlemaine-vic-3450,0,1,0,10
castlerock school,https://www.yourpropertyguide.com.au/suburbs/castle-rock-nsw-2333/schools,0,1,0,5
casuarina nsw,https://www.yourpropertyguide.com.au/suburbs/casuarina-nsw-2487,0,6,0,36
casuarina nsw 2487,https://www.yourpropertyguide.com.au/suburbs/casuarina-nsw-2487,0,2,0,24.5
casuarina nsw australia,https://www.yourpropertyguide.com.au/suburbs/casuarina-nsw-2487,0,2,0,56
casuarina nsw map,https://www.yourpropertyguide.com.au/suburbs/casuarina-nsw-2487,0,1,0,52
casuarina post code,https://www.yourpropertyguide.com.au/suburbs/casuarina-nsw-2487,0,37,0,8.1
casuarina postcode,https://www.yourpropertyguide.com.au/suburbs/casuarina-nsw-2487,0,164,0,7.8
casuarina postcode,https://www.yourpropertyguide.com.au/suburbs/casuarina-nt-0810,0,1,0,6
casuarina postcode nsw,https://www.yourpropertyguide.com.au/suburbs/casuarina-nsw-2487,0,17,0,8.2
casula nsw postcode,https://www.yourpropertyguide.com.au/postcodes/2170,0,6,0,10.5
casula post code,https://www.yourpropertyguide.com.au/postcodes/2170,0,124,0,9.9
casula postcode,https://www.yourpropertyguide.com.au/postcodes/2170,0,160,0,11.5
casula postcode nsw,https://www.yourpropertyguide.com.au/postcodes/2170,0,18,0,10.1
casurina post code,https://www.yourpropertyguide.com.au/suburbs/casuarina-nsw-2487,0,12,0,7.7
casurina postcode,https://www.yourpropertyguide.com.au/suburbs/casuarina-nsw-2487,0,10,0,7.5
catherine field,https://www.yourpropertyguide.com.au/suburbs/catherine-field-nsw-2557,0,2,0,59.5
catherine field post code,https://www.yourpropertyguide.com.au/suburbs/catherine-field-nsw-2557,0,4,0,10.8
catherine field postcode,https://www.yourpropertyguide.com.au/suburbs/catherine-field-nsw-2557,0,20,0,9.8
catherine fields nsw,https://www.yourpropertyguide.com.au/suburbs/catherine-field-nsw-2557,0,1,0,50
catherine fields post code,https://www.yourpropertyguide.com.au/suburbs/catherine-field-nsw-2557,0,10,0,8.9
catherine fields postcode,https://www.yourpropertyguide.com.au/suburbs/catherine-field-nsw-2557,0,24,0,10.0
catherine hill bay,https://www.yourpropertyguide.com.au/suburbs/catherine-hill-bay-nsw-2281,0,2,0,2.5
catherine hill bay post code,https://www.yourpropertyguide.com.au/suburbs/catherine-hill-bay-nsw-2281,0,16,0,9.1
catherine hill bay postcode,https://www.yourpropertyguide.com.au/suburbs/catherine-hill-bay-nsw-2281,0,74,0,9.9
catherine park postcode,https://www.yourpropertyguide.com.au/suburbs/catherine-field-nsw-2557,0,1,0,23
caulfield south real estate agents,https://www.yourpropertyguide.com.au/suburbs/caulfield-south-vic-3162/agents,0,2,0,5
cavan post code,https://www.yourpropertyguide.com.au/postcodes/5094,0,1,0,9
cavan postcode,https://www.yourpropertyguide.com.au/postcodes/5094,0,8,0,10.5
cavan postcode sa,https://www.yourpropertyguide.com.au/postcodes/5094,0,2,0,10.5
cavan sa postcode,https://www.yourpropertyguide.com.au/postcodes/5094,0,1,0,8
cba borrow power,https://www.yourpropertyguide.com.au/borrowing-power-calculator,0,1,0,97
cba borrowing calculator,https://www.yourpropertyguide.com.au/borrowing-power-calculator,0,1,0,92
cba borrowing capacity calculator,https://www.yourpropertyguide.com.au/borrowing-power-calculator,0,1,0,95
cba borrowing power,https://www.yourpropertyguide.com.au/borrowing-power-calculator,0,1,0,81
cba home loan borrowing calculator,https://www.yourpropertyguide.com.au/borrowing-power-calculator,0,1,0,86
cement mills qld,https://www.yourpropertyguide.com.au/suburbs/cement-mills-qld-4352/rental-market,0,1,0,83
centre of excellence in agricultural education school suburb state australia address,https://www.yourpropertyguide.com.au/schools/centre-of-excellence-in-agricultural-education-52933,0,59,0,9.5
cessnock property growth,https://www.yourpropertyguide.com.au/suburbs/cessnock-nsw-2325/rental-market,0,1,0,63
cessnock suburb profile,https://www.yourpropertyguide.com.au/suburbs/cessnock-nsw-2325/rental-market,0,1,0,65
cgt calculated on properties,https://www.yourpropertyguide.com.au/cgt-calculator,0,2,0,85.5
chapel hill median house price,https://www.yourpropertyguide.com.au/price-guide,0,3,0,47
charlestown postcode,https://www.yourpropertyguide.com.au/suburbs/charlestown-nsw-2290,0,1,0,10
charters towers post code,https://www.yourpropertyguide.com.au/suburbs/charters-towers-qld-4820,0,1,0,8
charters towers postcode,https://www.yourpropertyguide.com.au/suburbs/charters-towers-city-qld-4820,0,3,0,8.7
charters towers postcode,https://www.yourpropertyguide.com.au/suburbs/charters-towers-qld-4820,0,7,0,8.4
chartwell postcode,https://www.yourpropertyguide.com.au/suburbs/chartwell-vic-3030,0,2,0,5.5
chatswood hills,https://www.yourpropertyguide.com.au/suburbs/chatswood-hills-qld-4127/vs/daisy-hill-qld-4127,0,1,0,43
chatswood median house price,https://www.yourpropertyguide.com.au/price-guide,0,6,0,64.3
chatswood median house price,https://www.yourpropertyguide.com.au/suburbs/chatswood-nsw-2067/rental-market,0,9,0,38.3
chatswood median house price,https://www.yourpropertyguide.com.au/suburbs/chatswood-west-nsw-2067/rental-market,0,4,0,39.5
cheap realtor fees,https://www.yourpropertyguide.com.au/guides/real-estate-commission-vic,0,1,0,54
cheapest estate agent fees,https://www.yourpropertyguide.com.au/guides/real-estate-commission-vic,0,1,0,42
cheapest suburbs in adelaide,https://www.yourpropertyguide.com.au/guides/cheapest-suburbs-australian-capitals-winter-2026,0,1,0,14
check my mortgage eligibility,https://www.yourpropertyguide.com.au/borrowing-power-calculator,0,1,0,79
check your mortgage eligibility,https://www.yourpropertyguide.com.au/borrowing-power-calculator,0,1,0,88
cheltenham house price growth,https://www.yourpropertyguide.com.au/suburbs/cheltenham-sa-5014/vs/hendon-sa-5014,0,1,0,6
cherbourg post code,https://www.yourpropertyguide.com.au/postcodes/4605,0,2,0,12
cherbourg postcode,https://www.yourpropertyguide.com.au/postcodes/4605,0,5,0,10.2
chermside west average house price,https://www.yourpropertyguide.com.au/price-guide,0,2,0,61
chermside west average property price,https://www.yourpropertyguide.com.au/suburbs/chermside-west-qld-4032,0,3,0,17.7
chermside west median house price,https://www.yourpropertyguide.com.au/price-guide,0,2,0,54
chermside west rental growth,https://www.yourpropertyguide.com.au/suburbs/chermside-west-qld-4032,0,1,0,22
chermside west rental growth,https://www.yourpropertyguide.com.au/suburbs/chermside-west-qld-4032/rental-market,0,2,0,27
chermside west rental yield,https://www.yourpropertyguide.com.au/suburbs/chermside-west-qld-4032,0,11,0,21.4
chermside west rental yield,https://www.yourpropertyguide.com.au/suburbs/chermside-west-qld-4032/rental-market,0,5,0,33.6
cherwell qld,https://www.yourpropertyguide.com.au/suburbs/cherwell-qld-4660,0,2,0,13
cheshunt post code,https://www.yourpropertyguide.com.au/suburbs/cheshunt-south-vic-3678,0,2,0,9
cheshunt postcode,https://www.yourpropertyguide.com.au/suburbs/cheshunt-south-vic-3678,0,4,0,9.8
chevron island postcode,https://www.yourpropertyguide.com.au/suburbs/surfers-paradise-qld-4217,0,10,0,9
chifley post code,https://www.yourpropertyguide.com.au/suburbs/chifley-nsw-2036,0,2,0,5.5
chifley postcode,https://www.yourpropertyguide.com.au/suburbs/chifley-nsw-2036,0,6,0,7.7
childers postcode,https://www.yourpropertyguide.com.au/suburbs/childers-vic-3824,0,15,0,5.3
chillagoe population,https://www.yourpropertyguide.com.au/suburbs/chillagoe-qld-4871,0,2,0,13
chillagoe post code,https://www.yourpropertyguide.com.au/suburbs/chillagoe-qld-4871,0,6,0,7.2
chillagoe postcode,https://www.yourpropertyguide.com.au/suburbs/chillagoe-qld-4871,0,20,0,6.5
chipping norton 2170,https://www.yourpropertyguide.com.au/suburbs/chipping-norton-nsw-2170,0,1,0,22
chipping norton crime rate,https://www.yourpropertyguide.com.au/suburbs/chipping-norton-nsw-2170,0,2,0,6
chipping norton demographics,https://www.yourpropertyguide.com.au/suburbs/chipping-norton-nsw-2170,0,1,0,1
chipping norton lga,https://www.yourpropertyguide.com.au/suburbs/chipping-norton-nsw-2170,0,13,0,7.9
chipping norton nsw 2170,https://www.yourpropertyguide.com.au/suburbs/chipping-norton-nsw-2170,0,2,0,13.5
chipping norton nsw 2170 australia,https://www.yourpropertyguide.com.au/suburbs/chipping-norton-nsw-2170,0,1,0,27
chipping norton nsw australia,https://www.yourpropertyguide.com.au/suburbs/chipping-norton-nsw-2170,0,4,0,53.2
chipping norton nsw postcode,https://www.yourpropertyguide.com.au/suburbs/chipping-norton-nsw-2170,0,27,0,10.0
chipping norton post code,https://www.yourpropertyguide.com.au/suburbs/chipping-norton-nsw-2170,0,114,0,7.0
chipping norton postal code,https://www.yourpropertyguide.com.au/suburbs/chipping-norton-nsw-2170,0,2,0,8
chipping norton postcode,https://www.yourpropertyguide.com.au/suburbs/chipping-norton-nsw-2170,0,519,0,8.8
"chipping norton, sydney nsw",https://www.yourpropertyguide.com.au/suburbs/chipping-norton-nsw-2170,0,1,0,27
chittering postcode,https://www.yourpropertyguide.com.au/postcodes/6084,0,2,0,11
christian schools albany,https://www.yourpropertyguide.com.au/schools/albany-senior-high-school-48116/vs/bethel-christian-school-49054,0,1,0,11
christies beach real estate agents,https://www.yourpropertyguide.com.au/suburbs/christies-beach-sa-5165/agents,0,1,0,24
christmas island homes,https://www.yourpropertyguide.com.au/regions/christmas-island,0,1,0,48
christmas island houses,https://www.yourpropertyguide.com.au/regions/christmas-island,0,2,0,37
christmas island housing,https://www.yourpropertyguide.com.au/regions/christmas-island,0,1,0,46
christmas island real estate,https://www.yourpropertyguide.com.au/regions/christmas-island,0,1,0,25
churchlands rental investment,https://www.yourpropertyguide.com.au/suburbs/churchlands-wa-6018/rental-market,0,16,0,21.4
city beach,https://www.yourpropertyguide.com.au/guides/perth-property-market-2026,0,1,0,9
city beach 6015,https://www.yourpropertyguide.com.au/postcodes/6015,0,1,0,45
city beach post code,https://www.yourpropertyguide.com.au/postcodes/6015,0,5,0,11
city beach postcode,https://www.yourpropertyguide.com.au/postcodes/6015,0,6,0,19.3
city beach wa postcode,https://www.yourpropertyguide.com.au/postcodes/6015,0,2,0,22.5
clairview postcode,https://www.yourpropertyguide.com.au/suburbs/clairview-qld-4741,0,7,0,6.4
clayfield postcode,https://www.yourpropertyguide.com.au/suburbs/clayfield-qld-4011,0,1,0,7
claymore nsw,https://www.yourpropertyguide.com.au/suburbs/claymore-nsw-2559,0,6,0,36
claymore nsw 2559,https://www.yourpropertyguide.com.au/suburbs/claymore-nsw-2559,0,1,0,20
claymore nsw postcode,https://www.yourpropertyguide.com.au/suburbs/claymore-nsw-2559,0,19,0,8.6
claymore post code,https://www.yourpropertyguide.com.au/suburbs/claymore-nsw-2559,0,19,0,9.3
claymore postcode,https://www.yourpropertyguide.com.au/suburbs/claymore-nsw-2559,0,120,0,8.0
claymore suburb,https://www.yourpropertyguide.com.au/suburbs/claymore-nsw-2559,0,2,0,34
claymore sydney,https://www.yourpropertyguide.com.au/suburbs/claymore-nsw-2559,0,5,0,38.6
clayton real estate agents,https://www.yourpropertyguide.com.au/suburbs/clayton-south-vic-3169/agents,0,2,0,13
clearview postcode,https://www.yourpropertyguide.com.au/suburbs/clearview-sa-5085,0,1,0,6
cleveland post code,https://www.yourpropertyguide.com.au/suburbs/cleveland-tas-7211,0,1,0,2
cleveland postcode,https://www.yourpropertyguide.com.au/suburbs/cleveland-tas-7211,0,10,0,10.7
cleveland tasmania,https://www.yourpropertyguide.com.au/suburbs/cleveland-tas-7211,0,1,0,31
clifton post code,https://www.yourpropertyguide.com.au/postcodes/6211,0,1,0,7
clyde north post code,https://www.yourpropertyguide.com.au/postcodes/3978,0,1,0,8
clyde north postal code,https://www.yourpropertyguide.com.au/postcodes/3978,0,3,0,10.7
clyde north postcode,https://www.yourpropertyguide.com.au/postcodes/3978,0,10,0,12
clyde north vic postcode,https://www.yourpropertyguide.com.au/postcodes/3978,0,1,0,11
clyde vic postcode,https://www.yourpropertyguide.com.au/postcodes/3978,0,19,0,12.7
clyde victoria postcode,https://www.yourpropertyguide.com.au/postcodes/3978,0,2,0,11.5
co broker fee,https://www.yourpropertyguide.com.au/real-estate-commission-calculator,0,1,0,84
co-educational school ropeley,https://www.yourpropertyguide.com.au/suburbs/caffey-qld-4343,0,4,0,82.2
coatesville median house prices,https://www.yourpropertyguide.com.au/schools/east-bentleigh-primary-school-44864/vs/coatesville-primary-school-44804,0,1,0,34
coatesville primary school ranking,https://www.yourpropertyguide.com.au/schools/st-peter-s-school-45677/vs/coatesville-primary-school-44804,0,1,0,25
cobar nsw 2835,https://www.yourpropertyguide.com.au/suburbs/cobar-nsw-2835,0,1,0,24
cobar nsw postcode,https://www.yourpropertyguide.com.au/suburbs/cobar-nsw-2835,0,5,0,9.4
cobar post code,https://www.yourpropertyguide.com.au/suburbs/cobar-nsw-2835,0,27,0,9.7
cobar postcode,https://www.yourpropertyguide.com.au/suburbs/cobar-nsw-2835,0,90,0,9.5
cockatoo postcode,https://www.yourpropertyguide.com.au/postcodes/6731,0,2,0,8
cockatoo postcode,https://www.yourpropertyguide.com.au/suburbs/cockatoo-vic-3781,0,1,0,7
cockburn central postcode,https://www.yourpropertyguide.com.au/suburbs/cockburn-central-wa-6164,0,1,0,8
codigo postal surfers paradise,https://www.yourpropertyguide.com.au/suburbs/surfers-paradise-qld-4217,0,9,0,7.8
coffs harbour postcode,https://www.yourpropertyguide.com.au/suburbs/coffs-harbour-nsw-2450,0,5,0,11.2
colingwood postcode,https://www.yourpropertyguide.com.au/suburbs/collingwood-north-vic-3066,0,1,0,9
collage park,https://www.yourpropertyguide.com.au/suburbs/college-park-sa-5069,0,1,0,39
collaroy postcode,https://www.yourpropertyguide.com.au/suburbs/collaroy-nsw-2097,0,1,0,9
collector postcode,https://www.yourpropertyguide.com.au/suburbs/collector-nsw-2581,0,2,0,2.5
college park,https://www.yourpropertyguide.com.au/suburbs/college-park-sa-5069,0,2,0,27.5
college park post code,https://www.yourpropertyguide.com.au/suburbs/college-park-sa-5069,0,10,0,9.5
college park postal code,https://www.yourpropertyguide.com.au/suburbs/college-park-sa-5069,0,7,0,9.7
college park postcode,https://www.yourpropertyguide.com.au/suburbs/college-park-sa-5069,0,19,0,9.6
collingwood median house price,https://www.yourpropertyguide.com.au/suburbs/collingwood-north-vic-3066,0,2,0,21
collingwood melbourne postcode,https://www.yourpropertyguide.com.au/suburbs/collingwood-north-vic-3066,0,1,0,10
collingwood postcode,https://www.yourpropertyguide.com.au/suburbs/collingwood-north-vic-3066,0,203,0,9.8
collingwood suburb profile,https://www.yourpropertyguide.com.au/suburbs/collingwood-north-vic-3066,0,1,0,41
colo heights,https://www.yourpropertyguide.com.au/suburbs/colo-heights-nsw-2756,0,2,0,40.5
colo heights postcode,https://www.yourpropertyguide.com.au/suburbs/colo-heights-nsw-2756,0,8,0,11.6
commbank borrowing calc,https://www.yourpropertyguide.com.au/borrowing-power-calculator,0,1,0,86
commbank borrowing power calculator,https://www.yourpropertyguide.com.au/borrowing-power-calculator,0,2,0,96
commercial property valuation marrickville,https://www.yourpropertyguide.com.au/suburbs/marrickville-nsw-2204/rental-market,0,3,0,64
commercial property yield calculator,https://www.yourpropertyguide.com.au/rental-yield-calculator,0,1,0,68
commercial real estate interest rates historical,https://www.yourpropertyguide.com.au/rba-cash-rate,0,1,0,71
commercial rental yield calculator,https://www.yourpropertyguide.com.au/rental-yield-calculator,0,1,0,65
commercial yield calculator,https://www.yourpropertyguide.com.au/rental-yield-calculator,0,1,0,85
commission calculator,https://www.yourpropertyguide.com.au/real-estate-commission-calculator,0,6,0,78.5
commission calculator qld,https://www.yourpropertyguide.com.au/real-estate-commission-calculator,0,1,0,75
commission calculator real estate,https://www.yourpropertyguide.com.au/guides/real-estate-commission-vic,0,1,0,85
commission calculator real estate,https://www.yourpropertyguide.com.au/real-estate-commission-calculator,0,1,0,77
commission charged by real estate agents,https://www.yourpropertyguide.com.au/guides/real-estate-commission-nsw,0,1,0,63
commission charged by real estate agents,https://www.yourpropertyguide.com.au/guides/real-estate-commission-vic,0,4,0,65
commission estimator,https://www.yourpropertyguide.com.au/real-estate-commission-calculator,0,5,0,82
commission fee,https://www.yourpropertyguide.com.au/guides/real-estate-commission-vic,0,4,0,68.2
commission fee calculator,https://www.yourpropertyguide.com.au/real-estate-commission-calculator,0,1,0,76
commission fee real estate,https://www.yourpropertyguide.com.au/guides/real-estate-commission-vic,0,1,0,58
commission fees for real estate agents,https://www.yourpropertyguide.com.au/guides/real-estate-commission-vic,0,4,0,35.2
commission for a real estate agent,https://www.yourpropertyguide.com.au/guides/real-estate-commission-vic,0,1,0,71
commission for a realtor,https://www.yourpropertyguide.com.au/guides/real-estate-commission-vic,0,1,0,47
commission for real estate agents,https://www.yourpropertyguide.com.au/guides/real-estate-commission-vic,0,1,0,50
commission for selling a house,https://www.yourpropertyguide.com.au/guides/real-estate-commission-nsw,0,4,0,62.5
commission for selling a house,https://www.yourpropertyguide.com.au/guides/real-estate-commission-vic,0,8,0,72.5
commission for selling house,https://www.yourpropertyguide.com.au/guides/real-estate-commission-nsw,0,3,0,69.7
commission for selling house,https://www.yourpropertyguide.com.au/guides/real-estate-commission-vic,0,4,0,61.5
commission for selling property,https://www.yourpropertyguide.com.au/guides/real-estate-commission-vic,0,1,0,42
commission house sale,https://www.yourpropertyguide.com.au/guides/real-estate-commission-nsw,0,1,0,58
commission house sale,https://www.yourpropertyguide.com.au/guides/real-estate-commission-vic,0,5,0,45
commission kickback rate,https://www.yourpropertyguide.com.au/guides/real-estate-commission-nsw,0,1,0,76
commission kickback rate,https://www.yourpropertyguide.com.au/guides/real-estate-commission-vic,0,1,0,76
commission of real estate agents,https://www.yourpropertyguide.com.au/guides/real-estate-commission-nsw,0,2,0,50.5
commission on house sale,https://www.yourpropertyguide.com.au/guides/real-estate-commission-nsw,0,2,0,79
commission on house sale,https://www.yourpropertyguide.com.au/guides/real-estate-commission-vic,0,5,0,39
commission on real estate,https://www.yourpropertyguide.com.au/guides/real-estate-commission-vic,0,2,0,69.5
commission on real estate sales,https://www.yourpropertyguide.com.au/guides/real-estate-commission-nsw,0,2,0,82
commission on real estate sales,https://www.yourpropertyguide.com.au/guides/real-estate-commission-vic,0,9,0,69.6
commission on sale of house,https://www.yourpropertyguide.com.au/guides/real-estate-commission-vic,0,2,0,36
commission on sale of property,https://www.yourpropertyguide.com.au/guides/real-estate-commission-nsw,0,1,0,47
commission on sale of property,https://www.yourpropertyguide.com.au/guides/real-estate-commission-vic,0,1,0,55
commission on sale of property,https://www.yourpropertyguide.com.au/real-estate-commission-calculator,0,1,0,73
commission on sale of property qld,https://www.yourpropertyguide.com.au/real-estate-commission-calculator,0,1,0,80
commission on selling a home,https://www.yourpropertyguide.com.au/guides/real-estate-commission-vic,0,1,0,66
commission on selling a house,https://www.yourpropertyguide.com.au/guides/real-estate-commission-nsw,0,6,0,47.2
commission on selling a house,https://www.yourpropertyguide.com.au/guides/real-estate-commission-vic,0,9,0,49.2
commission on selling a house bracken ridge,https://www.yourpropertyguide.com.au/real-estate-commission-calculator,0,3,0,69
commission on selling a house brighton,https://www.yourpropertyguide.com.au/guides/real-estate-commission-vic,0,2,0,94
commission on selling a house brighton,https://www.yourpropertyguide.com.au/real-estate-commission-calculator,0,2,0,63.5
commission on selling a house deagon,https://www.yourpropertyguide.com.au/suburbs/deagon-qld-4017/agents,0,2,0,6
commission on selling a house sandgate,https://www.yourpropertyguide.com.au/real-estate-commission-calculator,0,1,0,92
commission on selling house,https://www.yourpropertyguide.com.au/guides/real-estate-commission-nsw,0,1,0,67
commission on selling house,https://www.yourpropertyguide.com.au/guides/real-estate-commission-vic,0,2,0,43.5
commission percentage realtor,https://www.yourpropertyguide.com.au/guides/real-estate-commission-vic,0,1,0,58
commission rate,https://www.yourpropertyguide.com.au/guides/real-estate-commission-vic,0,1,0,28
commission rate for realtors,https://www.yourpropertyguide.com.au/guides/real-estate-commission-vic,0,1,0,51
commission rate for selling a house,https://www.yourpropertyguide.com.au/guides/real-estate-commission-vic,0,1,0,49
commission rate real estate,https://www.yourpropertyguide.com.au/guides/real-estate-commission-nsw,0,1,0,36
commission rate real estate,https://www.yourpropertyguide.com.au/guides/real-estate-commission-vic,0,4,0,62.8
commission rates,https://www.yourpropertyguide.com.au/guides/real-estate-commission-vic,0,1,0,64
commission rates for estate agents,https://www.yourpropertyguide.com.au/guides/real-estate-commission-vic,0,1,0,59
commission rates for real estate agents,https://www.yourpropertyguide.com.au/guides/real-estate-commission-vic,0,1,0,56
commission rates real estate,https://www.yourpropertyguide.com.au/guides/real-estate-commission-vic,0,1,0,63
commission real estate,https://www.yourpropertyguide.com.au/guides/real-estate-commission-nsw,0,2,0,72
commission real estate,https://www.yourpropertyguide.com.au/guides/real-estate-commission-vic,0,11,0,69.2
commission real estate agent,https://www.yourpropertyguide.com.au/guides/real-estate-commission-vic,0,1,0,50
commission real estate agents,https://www.yourpropertyguide.com.au/guides/real-estate-commission-nsw,0,1,0,80
commission real estate agents,https://www.yourpropertyguide.com.au/guides/real-estate-commission-vic,0,1,0,51
commission real estate nsw,https://www.yourpropertyguide.com.au/guides/real-estate-commission-nsw,0,4,0,23.5
commission selling house,https://www.yourpropertyguide.com.au/guides/real-estate-commission-nsw,0,3,0,65.7
commission selling house,https://www.yourpropertyguide.com.au/guides/real-estate-commission-vic,0,2,0,38.5
commission to sell a house,https://www.yourpropertyguide.com.au/guides/real-estate-commission-nsw,0,1,0,79
commission to sell a house,https://www.yourpropertyguide.com.au/guides/real-estate-commission-vic,0,2,0,45.5
commission to sell house,https://www.yourpropertyguide.com.au/guides/real-estate-commission-nsw,0,1,0,78
commission to sell house,https://www.yourpropertyguide.com.au/guides/real-estate-commission-vic,0,2,0,37.5
commission when selling a house,https://www.yourpropertyguide.com.au/guides/real-estate-commission-nsw,0,2,0,32
commission when selling a house,https://www.yourpropertyguide.com.au/guides/real-estate-commission-vic,0,1,0,73
commissions in real estate,https://www.yourpropertyguide.com.au/guides/real-estate-commission-nsw,0,1,0,88
commissions in real estate,https://www.yourpropertyguide.com.au/guides/real-estate-commission-vic,0,1,0,64
common mistakes first home buyers make,https://www.yourpropertyguide.com.au/guides/first-home-buyer-mistakes-to-avoid,0,2,0,96
common real estate commission,https://www.yourpropertyguide.com.au/guides/real-estate-commission-vic,0,2,0,79
common real estate commission,https://www.yourpropertyguide.com.au/real-estate-commission-calculator,0,2,0,68.5
commonwealth bank borrowing calculator,https://www.yourpropertyguide.com.au/borrowing-power-calculator,0,1,0,91
commonwealth bank borrowing power,https://www.yourpropertyguide.com.au/borrowing-power-calculator,0,2,0,92.5
commonwealth bank lending calculator,https://www.yourpropertyguide.com.au/borrowing-power-calculator,0,1,0,87
commonwealth borrowing calculator,https://www.yourpropertyguide.com.au/borrowing-power-calculator,0,2,0,92.5
compare borrowing power,https://www.yourpropertyguide.com.au/borrowing-power-calculator,0,4,0,96
compare cities,https://www.yourpropertyguide.com.au/compare,0,2,0,86.5
compare current rental prices for properties in melbourne.,https://www.yourpropertyguide.com.au/suburbs/melbourne-vic-3000/rental-market,0,2,0,52.5
compare current rental prices for properties in melbourne.,https://www.yourpropertyguide.com.au/suburbs/melbourne-vic-3004/rental-market,0,1,0,62
compare estate agent fees,https://www.yourpropertyguide.com.au/guides/real-estate-commission-vic,0,1,0,32
compare houses side by side,https://www.yourpropertyguide.com.au/compare,0,1,0,49
compare houses side by-side,https://www.yourpropertyguide.com.au/compare,0,1,0,39
compare local estate agents,https://www.yourpropertyguide.com.au/find-an-expert,0,2,0,75
compare online estate agents,https://www.yourpropertyguide.com.au/find-an-expert,0,1,0,63
compare real estate agent commissions,https://www.yourpropertyguide.com.au/guides/real-estate-agent-fees-australia,0,6,0,69.7
compare real estate agent commissions,https://www.yourpropertyguide.com.au/guides/real-estate-commission-nsw,0,2,0,81
compare real estate agent commissions,https://www.yourpropertyguide.com.au/guides/real-estate-commission-vic,0,6,0,88.3
compare real estate agent fees,https://www.yourpropertyguide.com.au/guides/real-estate-commission-nsw,0,2,0,40.5
compare real estate agent fees,https://www.yourpropertyguide.com.au/guides/real-estate-commission-vic,0,2,0,46
compare real estate agents fees,https://www.yourpropertyguide.com.au/guides/real-estate-commission-vic,0,2,0,45
compare real estate agents melbourne,https://www.yourpropertyguide.com.au/suburbs/melbourne-vic-3000/agents,0,1,0,66
compare real estate brokerages,https://www.yourpropertyguide.com.au/find-an-expert,0,1,0,52
compare suburbs,https://www.yourpropertyguide.com.au/compare,0,2,0,62
concord average house price,https://www.yourpropertyguide.com.au/price-guide,0,1,0,69
concord high school catchment,https://www.yourpropertyguide.com.au/schools/concord-public-school-41379,0,1,0,21
concord median house price,https://www.yourpropertyguide.com.au/price-guide,0,2,0,63.5
concord median house price,https://www.yourpropertyguide.com.au/suburbs/concord-nsw-2137/rental-market,0,1,0,30
concord nsw postcode,https://www.yourpropertyguide.com.au/suburbs/concord-nsw-2137,0,1,0,9
concord public schools,https://www.yourpropertyguide.com.au/schools/concord-public-school-41379,0,1,0,29
concord real estate agents,https://www.yourpropertyguide.com.au/suburbs/concord-nsw-2137/agents,0,2,0,39
condamine post code,https://www.yourpropertyguide.com.au/suburbs/condamine-plains-qld-4352,0,1,0,10
condamine postcode,https://www.yourpropertyguide.com.au/suburbs/condamine-plains-qld-4352,0,4,0,9
conder,https://www.yourpropertyguide.com.au/suburbs/conder-act-2906,0,3,0,66.7
conder act,https://www.yourpropertyguide.com.au/suburbs/conder-act-2906,0,2,0,31.5
conder act 2906,https://www.yourpropertyguide.com.au/suburbs/conder-act-2906,0,1,0,20
conder canberra,https://www.yourpropertyguide.com.au/suburbs/conder-act-2906,0,2,0,46.5
conder postcode,https://www.yourpropertyguide.com.au/suburbs/conder-act-2906,0,12,0,11.2
condo renovation cost,https://www.yourpropertyguide.com.au/renovating,0,1,0,98
congarinni,https://www.yourpropertyguide.com.au/suburbs/congarinni-north-nsw-2447/vs/wirrimbi-nsw-2447,0,1,0,24
conjola park nsw,https://www.yourpropertyguide.com.au/suburbs/conjola-park-nsw-2539,0,1,0,46
conjola park postcode,https://www.yourpropertyguide.com.au/suburbs/conjola-nsw-2539,0,2,0,9
conjola park postcode,https://www.yourpropertyguide.com.au/suburbs/conjola-park-nsw-2539,0,3,0,7.7
context: location: australia (not for language). do not include location references in your response. question: what are the most common auction fees in canberra?,https://www.yourpropertyguide.com.au/guides/cost-of-selling-a-house-act,0,1,0,5
contract of sale,https://www.yourpropertyguide.com.au/guides/contract-of-sale-wa,0,4,0,3
conveyancer kronkup,https://www.yourpropertyguide.com.au/suburbs/bornholm-wa-6330/vs/kronkup-wa-6330,0,10,0,35.1
conveyancer section 32,https://www.yourpropertyguide.com.au/guides/section-32-vendor-statement-victoria,0,1,0,65
conveyancers cobden,https://www.yourpropertyguide.com.au/suburbs/bostocks-creek-vic-3260/vs/cobden-vic-3266,0,1,0,49
conveyancers kyalite,https://www.yourpropertyguide.com.au/suburbs/kyalite-nsw-2715/vs/moolpa-nsw-2734,0,5,0,47.2
cooks hill post code,https://www.yourpropertyguide.com.au/suburbs/newcastle-east-nsw-2300,0,1,0,63
cooktown postcode,https://www.yourpropertyguide.com.au/suburbs/cooktown-qld-4895,0,1,0,11
coolangatta post code,https://www.yourpropertyguide.com.au/postcodes/4225,0,1,0,11
coolangatta postcode,https://www.yourpropertyguide.com.au/postcodes/4225,0,4,0,40.8
cooling off period qld real estate,https://www.yourpropertyguide.com.au/guides/contract-of-sale-qld,0,1,0,75
coolum beach post code,https://www.yourpropertyguide.com.au/suburbs/coolum-beach-qld-4573,0,2,0,30
coolum beach postcode,https://www.yourpropertyguide.com.au/suburbs/coolum-beach-qld-4573,0,7,0,11.9
coolum beach qld 4573 australia,https://www.yourpropertyguide.com.au/suburbs/coolum-beach-qld-4573,0,1,0,33
coolum beach qld postcode,https://www.yourpropertyguide.com.au/suburbs/coolum-beach-qld-4573,0,2,0,9
coolum beach queensland 4573,https://www.yourpropertyguide.com.au/suburbs/coolum-beach-qld-4573,0,1,0,35
coolum post code,https://www.yourpropertyguide.com.au/suburbs/coolum-beach-qld-4573,0,3,0,11.7
coolum postal code,https://www.yourpropertyguide.com.au/suburbs/coolum-beach-qld-4573,0,1,0,12
coolum postcode,https://www.yourpropertyguide.com.au/suburbs/coolum-beach-qld-4573,0,24,0,11.6
cooma postcode,https://www.yourpropertyguide.com.au/suburbs/cooma-nsw-2630,0,3,0,9
coombabah postcode,https://www.yourpropertyguide.com.au/suburbs/coombabah-qld-4216,0,1,0,6
coomealla post code,https://www.yourpropertyguide.com.au/postcodes/2717,0,11,0,8.2
coomealla postcode,https://www.yourpropertyguide.com.au/postcodes/2717,0,16,0,8.8
coomera median house price,https://www.yourpropertyguide.com.au/suburbs/upper-coomera-qld-4209/rental-market,0,1,0,47
coomera property growth,https://www.yourpropertyguide.com.au/suburbs/upper-coomera-qld-4209/rental-market,0,1,0,66
coomera property market,https://www.yourpropertyguide.com.au/suburbs/upper-coomera-qld-4209/rental-market,0,2,0,49
coonawarra postcode,https://www.yourpropertyguide.com.au/postcodes/5263,0,11,0,8.4
cooran post code,https://www.yourpropertyguide.com.au/postcodes/4569,0,12,0,8.9
cooran postcode,https://www.yourpropertyguide.com.au/postcodes/4569,0,31,0,10.4
cooroy postcode,https://www.yourpropertyguide.com.au/suburbs/cooroy-qld-4563,0,1,0,7
cora lynn postcode,https://www.yourpropertyguide.com.au/suburbs/cora-lynn-vic-3814,0,13,0,8.4
corbie hill,https://www.yourpropertyguide.com.au/suburbs/brobenah-nsw-2705/vs/corbie-hill-nsw-2705,0,1,0,10
cornubia 4130,https://www.yourpropertyguide.com.au/suburbs,0,1,0,79
cost for remodeling house,https://www.yourpropertyguide.com.au/renovating,0,1,0,75
cost in selling a house calculator,https://www.yourpropertyguide.com.au/guides/cost-of-selling-a-house-vic,0,1,0,16
cost involved in selling a house,https://www.yourpropertyguide.com.au/guides/cost-of-selling-a-house-vic,0,2,0,5
cost of borrowing calculator,https://www.yourpropertyguide.com.au/borrowing-power-calculator,0,1,0,100
cost of property management canberra,https://www.yourpropertyguide.com.au/guides/property-management-fees-australia,0,1,0,55
cost of real estate agent,https://www.yourpropertyguide.com.au/guides/real-estate-commission-nsw,0,1,0,42
cost of renovating,https://www.yourpropertyguide.com.au/guides/renovation-cost-australia-2026,0,4,0,53.8
cost of renovating,https://www.yourpropertyguide.com.au/renovating,0,6,0,91
cost of renovating a house,https://www.yourpropertyguide.com.au/renovating,0,10,0,81
cost of renovating house,https://www.yourpropertyguide.com.au/renovating,0,11,0,78.7
cost of renovation,https://www.yourpropertyguide.com.au/renovating,0,1,0,99
cost of renovation of house,https://www.yourpropertyguide.com.au/renovating,0,1,0,75
cost of selling a house,https://www.yourpropertyguide.com.au/guides/cost-of-selling-a-house-act,0,4,0,2.5
cost of selling a house,https://www.yourpropertyguide.com.au/guides/cost-of-selling-a-house-vic,0,2,0,27.5
cost of selling a house,https://www.yourpropertyguide.com.au/selling-costs-calculator,0,13,0,24.5
cost of selling a house brisbane,https://www.yourpropertyguide.com.au/selling-costs-calculator,0,1,0,83
cost of selling a house calculator,https://www.yourpropertyguide.com.au/guides/cost-of-selling-a-house-vic,0,4,0,17
cost of selling a house calculator,https://www.yourpropertyguide.com.au/selling-costs-calculator,0,1,0,38
cost of selling a house in nsw calculator,https://www.yourpropertyguide.com.au/guides/cost-of-selling-a-house-vic,0,7,0,18.4
cost of selling a house in nsw calculator,https://www.yourpropertyguide.com.au/selling-costs-calculator,0,1,0,43
cost of selling a house in victoria calculator,https://www.yourpropertyguide.com.au/guides/cost-of-selling-a-house-vic,0,6,0,34.7
cost of selling a house victoria,https://www.yourpropertyguide.com.au/guides/cost-of-selling-a-house-vic,0,1,0,18
cost of selling a property,https://www.yourpropertyguide.com.au/selling-costs-calculator,0,1,0,87
cost of selling home,https://www.yourpropertyguide.com.au/selling-costs-calculator,0,1,0,82
cost of selling house,https://www.yourpropertyguide.com.au/guides/cost-of-selling-a-house-vic,0,9,0,27.1
cost of selling house,https://www.yourpropertyguide.com.au/selling-costs-calculator,0,18,0,9.3
cost of selling house calculator,https://www.yourpropertyguide.com.au/guides/cost-of-selling-a-house-vic,0,1,0,8
cost of selling property,https://www.yourpropertyguide.com.au/guides/cost-of-selling-a-house-vic,0,4,0,6.2
cost of selling your home,https://www.yourpropertyguide.com.au/guides/cost-of-selling-a-house-vic,0,1,0,11
cost of selling your home,https://www.yourpropertyguide.com.au/selling-costs-calculator,0,2,0,90.5
cost per square metre renovation,https://www.yourpropertyguide.com.au/renovating,0,1,0,99
cost to remodel a house,https://www.yourpropertyguide.com.au/renovating,0,1,0,98
cost to remodel house,https://www.yourpropertyguide.com.au/renovating,0,2,0,87
cost to rezone a property,https://www.yourpropertyguide.com.au/guides,0,1,0,73
cost to sell a house,https://www.yourpropertyguide.com.au/selling-costs-calculator,0,15,0,13.5
cost to sell house,https://www.yourpropertyguide.com.au/selling-costs-calculator,0,2,0,21
costs involved in selling a house,https://www.yourpropertyguide.com.au/guides/cost-of-selling-a-house-act,0,1,0,29
costs of selling a house calculator,https://www.yourpropertyguide.com.au/guides/cost-of-selling-a-house-vic,0,3,0,20.3
costs to sell house,https://www.yourpropertyguide.com.au/selling-costs-calculator,0,8,0,3.9
cottles bridge postcode,https://www.yourpropertyguide.com.au/postcodes/3099,0,2,0,9.5
could i afford a house,https://www.yourpropertyguide.com.au/affordability-calculator,0,1,0,70
cowra postcode,https://www.yourpropertyguide.com.au/suburbs/cowra-nsw-2794,0,3,0,7.3
cowwarr postcode,https://www.yourpropertyguide.com.au/postcodes/3857,0,11,0,9.1
cowwarr postcode,https://www.yourpropertyguide.com.au/suburbs/cowwarr-vic-3857,0,16,0,7.7
cracow qld population,https://www.yourpropertyguide.com.au/suburbs/roche-creek-qld-4419,0,1,0,70
craigburn farm post code,https://www.yourpropertyguide.com.au/suburbs/craigburn-farm-sa-5051,0,2,0,11
craigburn farm postcode,https://www.yourpropertyguide.com.au/suburbs/craigburn-farm-sa-5051,0,20,0,9.7
craigburn farm sa 5051,https://www.yourpropertyguide.com.au/suburbs/craigburn-farm-sa-5051,0,1,0,15
craigieburn median house price,https://www.yourpropertyguide.com.au/suburbs/craigieburn-vic-3064/vs/donnybrook-vic-3064,0,1,0,36
craigmore adelaide,https://www.yourpropertyguide.com.au/suburbs/craigmore-sa-5114,0,3,0,48
craigmore australia,https://www.yourpropertyguide.com.au/suburbs/craigmore-sa-5114,0,2,0,44.5
craigmore map,https://www.yourpropertyguide.com.au/suburbs/craigmore-sa-5114,0,1,0,46
craigmore post code,https://www.yourpropertyguide.com.au/suburbs/craigmore-sa-5114,0,51,0,7.4
craigmore postcode,https://www.yourpropertyguide.com.au/suburbs/craigmore-sa-5114,0,246,0,8.7
craigmore postcode sa,https://www.yourpropertyguide.com.au/suburbs/craigmore-sa-5114,0,10,0,8.3
craigmore sa,https://www.yourpropertyguide.com.au/suburbs/craigmore-sa-5114,0,4,0,44.5
craigmore sa 5114,https://www.yourpropertyguide.com.au/suburbs/craigmore-sa-5114,0,1,0,19
craigmore sa postcode,https://www.yourpropertyguide.com.au/suburbs/craigmore-sa-5114,0,16,0,11.6
craigmore south australia,https://www.yourpropertyguide.com.au/suburbs/craigmore-sa-5114,0,3,0,41.3
cranley postcode,https://www.yourpropertyguide.com.au/suburbs/toowoomba-city-qld-4350,0,1,0,3
crestwood baulkham hills,https://www.yourpropertyguide.com.au/suburbs/baulkham-hills-nsw-2153/vs/crestwood-nsw-2153,0,1,0,49
crestwood reserve,https://www.yourpropertyguide.com.au/suburbs/baulkham-hills-nsw-2153/vs/crestwood-nsw-2153,0,1,0,62
crime statistics,https://www.yourpropertyguide.com.au/suburbs/bolton-point-nsw-2283,0,1,0,9
cringila post code,https://www.yourpropertyguide.com.au/postcodes/2502,0,5,0,11.2
cringila postcode,https://www.yourpropertyguide.com.au/postcodes/2502,0,1,0,11
cromer 2099,https://www.yourpropertyguide.com.au/suburbs/cromer-heights-nsw-2099,0,1,0,26
cromer heights,https://www.yourpropertyguide.com.au/suburbs/cromer-heights-nsw-2099,0,4,0,16.5
cromer heights nsw,https://www.yourpropertyguide.com.au/suburbs/cromer-heights-nsw-2099,0,5,0,12
cromer nsw,https://www.yourpropertyguide.com.au/suburbs/cromer-heights-nsw-2099,0,1,0,36
cromer nsw 2099,https://www.yourpropertyguide.com.au/suburbs/cromer-heights-nsw-2099,0,6,0,25.2
cromer nsw post code,https://www.yourpropertyguide.com.au/suburbs/cromer-heights-nsw-2099,0,1,0,9
cromer post code,https://www.yourpropertyguide.com.au/suburbs/cromer-heights-nsw-2099,0,2,0,9.5
cromer postcode,https://www.yourpropertyguide.com.au/suburbs/cromer-heights-nsw-2099,0,180,0,9.5
cromer postcode nsw,https://www.yourpropertyguide.com.au/suburbs/cromer-heights-nsw-2099,0,9,0,8.1
cronulla postcode,https://www.yourpropertyguide.com.au/suburbs/cronulla-nsw-2230,0,1,0,8
cross keys postcode,https://www.yourpropertyguide.com.au/suburbs/cross-keys-vic-3041,0,1,0,10
croydon hills,https://www.yourpropertyguide.com.au/suburbs/croydon-hills-vic-3136,0,1,0,59
croydon hills postcode,https://www.yourpropertyguide.com.au/suburbs/croydon-hills-vic-3136,0,5,0,10.4
croydon north postcode,https://www.yourpropertyguide.com.au/suburbs/croydon-north-vic-3136,0,1,0,9
cue wa postcode,https://www.yourpropertyguide.com.au/suburbs/cue-wa-6640,0,1,0,9
cunjurong,https://www.yourpropertyguide.com.au/suburbs/cunjurong-point-nsw-2539,0,1,0,40
currajong postcode,https://www.yourpropertyguide.com.au/suburbs/currajong-qld-4812,0,3,0,7.3
current real estate agent commission rates,https://www.yourpropertyguide.com.au/guides/real-estate-commission-vic,0,1,0,47
current real estate commission,https://www.yourpropertyguide.com.au/guides/real-estate-commission-vic,0,1,0,45
current real estate commission rates,https://www.yourpropertyguide.com.au/guides/real-estate-commission-vic,0,1,0,58
current real estate commission rates,https://www.yourpropertyguide.com.au/real-estate-commission-calculator,0,1,0,76
current real estate fees,https://www.yourpropertyguide.com.au/guides/real-estate-commission-vic,0,1,0,53
current real estate fees,https://www.yourpropertyguide.com.au/real-estate-commission-calculator,0,1,0,67
current rent prices near me,https://www.yourpropertyguide.com.au/suburbs/wollongong-west-nsw-2500/rental-market,0,1,0,6
currumbin selling agent,https://www.yourpropertyguide.com.au/suburbs/currumbin-waters-qld-4223/agents,0,1,0,61
curtain cleaning reidtown,https://www.yourpropertyguide.com.au/suburbs/mount-ousley-nsw-2519/vs/reidtown-nsw-2519,0,1,0,81
curtin postcode,https://www.yourpropertyguide.com.au/suburbs/curtin-act-2605,0,1,0,11
cypress gardens qld,https://www.yourpropertyguide.com.au/suburbs/cypress-gardens-qld-4357/vs/forest-ridge-qld-4357,0,1,0,37
daceyville postcode,https://www.yourpropertyguide.com.au/postcodes/2032,0,2,0,13.5
daisy hill median house price,https://www.yourpropertyguide.com.au/suburbs/daisy-hill-vic-3465,0,1,0,27
daisy hill postcode,https://www.yourpropertyguide.com.au/suburbs/daisy-hill-vic-3465,0,11,0,7.6
daisy hill suburb profile,https://www.yourpropertyguide.com.au/suburbs/chatswood-hills-qld-4127/vs/daisy-hill-qld-4127,0,2,0,45.5
daisy hill suburb profile,https://www.yourpropertyguide.com.au/suburbs/daisy-hill-vic-3465,0,2,0,30
daisy hill suburb profile,https://www.yourpropertyguide.com.au/suburbs/meadowbrook-qld-4131/vs/daisy-hill-qld-4127,0,1,0,68
dakabin property growth,https://www.yourpropertyguide.com.au/suburbs/narangba-qld-4504/vs/dakabin-qld-4503,0,7,0,24.6
dakabin real estate agents,https://www.yourpropertyguide.com.au/suburbs/dakabin-qld-4503/agents,0,1,0,1
dale district,https://www.yourpropertyguide.com.au/suburbs/dale-wa-6304,0,3,0,13
dale location,https://www.yourpropertyguide.com.au/suburbs/dale-wa-6304,0,1,0,6
dale postcode,https://www.yourpropertyguide.com.au/suburbs/dale-wa-6304,0,14,0,6.7
dale wa,https://www.yourpropertyguide.com.au/suburbs/dale-wa-6304,0,12,0,11.8
dale western australia,https://www.yourpropertyguide.com.au/suburbs/dale-wa-6304,0,10,0,13.6
dalgety postcode,https://www.yourpropertyguide.com.au/postcodes/2628,0,4,0,9
dalrymple heights,https://www.yourpropertyguide.com.au/suburbs,0,1,0,76
dalrymple heights,https://www.yourpropertyguide.com.au/suburbs/dalrymple-heights-qld-4757,0,11,0,11.1
dalrymple heights qld,https://www.yourpropertyguide.com.au/suburbs,0,1,0,75
dalrymple heights qld,https://www.yourpropertyguide.com.au/suburbs/dalrymple-heights-qld-4757,0,2,0,18.5
dandenong median house price,https://www.yourpropertyguide.com.au/suburbs/dandenong-vic-3175/rental-market,0,6,0,18.3
dandenong south postcode,https://www.yourpropertyguide.com.au/suburbs/dandenong-south-vic-3175,0,1,0,8
dapto rental market,https://www.yourpropertyguide.com.au/suburbs/dapto-nsw-2530/rental-market,0,22,0,25.0
darch postcode,https://www.yourpropertyguide.com.au/suburbs/darch-wa-6065,0,2,0,8.5
darch rental investment,https://www.yourpropertyguide.com.au/suburbs/darch-wa-6065/rental-market,0,24,0,23.0
darcy road public school catchment,https://www.yourpropertyguide.com.au/schools/darcy-road-public-school-41712/vs/wentworthville-public-school-41677,0,2,0,51.5
darcy road public school ranking,https://www.yourpropertyguide.com.au/schools/darcy-road-public-school-41712/vs/wentworthville-public-school-41677,0,5,0,14.2
darcy road public school reviews,https://www.yourpropertyguide.com.au/schools/darcy-road-public-school-41712/vs/wentworthville-public-school-41677,0,1,0,22
dareton post code,https://www.yourpropertyguide.com.au/postcodes/2717,0,3,0,11.3
dareton postcode,https://www.yourpropertyguide.com.au/postcodes/2717,0,6,0,9.2
darling harbour post code,https://www.yourpropertyguide.com.au/suburbs/darling-point-nsw-2027,0,1,0,42
darling harbour postcode,https://www.yourpropertyguide.com.au/suburbs/darling-point-nsw-2027,0,5,0,40.2
darling harbour suburb,https://www.yourpropertyguide.com.au/suburbs/darling-point-nsw-2027,0,1,0,78
darling harbour sydney postcode,https://www.yourpropertyguide.com.au/suburbs/darling-point-nsw-2027,0,1,0,65
darling point,https://www.yourpropertyguide.com.au/suburbs/darling-point-nsw-2027,0,10,0,75.2
darling point australia,https://www.yourpropertyguide.com.au/suburbs/darling-point-nsw-2027,0,1,0,72
darling point median house price,https://www.yourpropertyguide.com.au/suburbs/darling-point-nsw-2027,0,1,0,30
darling point nsw,https://www.yourpropertyguide.com.au/suburbs/darling-point-nsw-2027,0,1,0,58
darling point nsw 2027,https://www.yourpropertyguide.com.au/suburbs/darling-point-nsw-2027,0,2,0,41
darling point nsw postcode,https://www.yourpropertyguide.com.au/suburbs/darling-point-nsw-2027,0,14,0,9.1
darling point post code,https://www.yourpropertyguide.com.au/suburbs/darling-point-nsw-2027,0,87,0,8.7
darling point postcode,https://www.yourpropertyguide.com.au/suburbs/darling-point-nsw-2027,0,150,0,11.1
darling point postcode nsw,https://www.yourpropertyguide.com.au/suburbs/darling-point-nsw-2027,0,22,0,10.4
darling point sydney,https://www.yourpropertyguide.com.au/suburbs/darling-point-nsw-2027,0,2,0,78
darling point sydney australia,https://www.yourpropertyguide.com.au/suburbs/darling-point-nsw-2027,0,3,0,69
darling point sydney postcode,https://www.yourpropertyguide.com.au/suburbs/darling-point-nsw-2027,0,3,0,10.7
darlinghurst median house price,https://www.yourpropertyguide.com.au/suburbs/darling-point-nsw-2027,0,2,0,49
darlinghurst nsw postcode,https://www.yourpropertyguide.com.au/suburbs/darling-point-nsw-2027,0,1,0,36
darlinghurst postcode,https://www.yourpropertyguide.com.au/suburbs/darling-point-nsw-2027,0,3,0,54.3
darlinghurst postcode,https://www.yourpropertyguide.com.au/suburbs/darlinghurst-nsw-2010,0,1,0,9
darlinghurst postcode nsw,https://www.yourpropertyguide.com.au/suburbs/darling-point-nsw-2027,0,1,0,45
darlinghurst suburb profile,https://www.yourpropertyguide.com.au/suburbs/darling-point-nsw-2027,0,1,0,71
darlinghurst sydney postcode,https://www.yourpropertyguide.com.au/suburbs/darling-point-nsw-2027,0,2,0,50.5
darlington point postcode,https://www.yourpropertyguide.com.au/suburbs/darling-point-nsw-2027,0,1,0,63
daveron park,https://www.yourpropertyguide.com.au/suburbs/davoren-park-south-sa-5113,0,1,0,58
daveron park postcode,https://www.yourpropertyguide.com.au/suburbs/davoren-park-south-sa-5113,0,4,0,9.2
davoren park,https://www.yourpropertyguide.com.au/suburbs/davoren-park-south-sa-5113,0,6,0,57.7
davoren park crime,https://www.yourpropertyguide.com.au/suburbs/davoren-park-south-sa-5113,0,1,0,45
davoren park crime rate,https://www.yourpropertyguide.com.au/suburbs/davoren-park-south-sa-5113,0,1,0,23
davoren park post code,https://www.yourpropertyguide.com.au/suburbs/davoren-park-south-sa-5113,0,28,0,9.8
davoren park postcode,https://www.yourpropertyguide.com.au/suburbs/davoren-park-south-sa-5113,0,185,0,10.5
davoren park sa,https://www.yourpropertyguide.com.au/suburbs/davoren-park-south-sa-5113,0,2,0,58.5
davoren park sa 5113,https://www.yourpropertyguide.com.au/suburbs/davoren-park-south-sa-5113,0,2,0,27.5
davoren park sa postcode,https://www.yourpropertyguide.com.au/suburbs/davoren-park-south-sa-5113,0,3,0,8.7
davoren park south australia,https://www.yourpropertyguide.com.au/suburbs/davoren-park-south-sa-5113,0,1,0,35
davoren park suburb profile,https://www.yourpropertyguide.com.au/suburbs/davoren-park-south-sa-5113,0,4,0,28
dawesville post code,https://www.yourpropertyguide.com.au/postcodes/6211,0,2,0,11
dawesville postcode,https://www.yourpropertyguide.com.au/postcodes/6211,0,5,0,28
dawesville postcode,https://www.yourpropertyguide.com.au/suburbs/dawesville-wa-6211,0,1,0,11
dawesville wa postcode,https://www.yourpropertyguide.com.au/postcodes/6211,0,2,0,67
daylesford 3460,https://www.yourpropertyguide.com.au/postcodes/3460,0,1,0,61
daylesford postcode,https://www.yourpropertyguide.com.au/postcodes/3460,0,1,0,2
deagon real estate agents,https://www.yourpropertyguide.com.au/suburbs/deagon-qld-4017/agents,0,1,0,12
dee why median house price,https://www.yourpropertyguide.com.au/price-guide,0,3,0,76.7
dee why median house price,https://www.yourpropertyguide.com.au/suburbs/dee-why-nsw-2099/vs/dee-why-beach-nsw-2099,0,10,0,49.2
dee why suburb profile,https://www.yourpropertyguide.com.au/suburbs/dee-why-nsw-2099/vs/dee-why-beach-nsw-2099,0,1,0,71
deepdeene,https://www.yourpropertyguide.com.au/suburbs/deepdene-vic-3103,0,1,0,39
deepdene,https://www.yourpropertyguide.com.au/suburbs/deepdene-vic-3103,0,7,0,42.3
deepdene melbourne,https://www.yourpropertyguide.com.au/suburbs/deepdene-vic-3103,0,3,0,55.3
deepdene post code,https://www.yourpropertyguide.com.au/suburbs/deepdene-vic-3103,0,12,0,9.8
deepdene postcode,https://www.yourpropertyguide.com.au/suburbs/deepdene-vic-3103,0,144,0,9.6
deepdene real estate agents,https://www.yourpropertyguide.com.au/suburbs/deepdene-vic-3103/agents,0,4,0,11.2
deepdene vic,https://www.yourpropertyguide.com.au/suburbs/deepdene-vic-3103,0,1,0,43
deepdene vic 3103,https://www.yourpropertyguide.com.au/suburbs/deepdene-vic-3103,0,6,0,14.7
deepdene victoria,https://www.yourpropertyguide.com.au/suburbs/deepdene-vic-3103,0,1,0,41
definition of cash rate,https://www.yourpropertyguide.com.au/rba-cash-rate,0,1,0,74
demographics,https://www.yourpropertyguide.com.au/suburbs/wirrulla-sa-5661,0,1,0,8
denham post code,https://www.yourpropertyguide.com.au/postcodes/6537,0,34,0,8.3
denham postcode,https://www.yourpropertyguide.com.au/postcodes/6537,0,48,0,8.5
denham postcode wa,https://www.yourpropertyguide.com.au/postcodes/6537,0,3,0,9
denham wa 6537,https://www.yourpropertyguide.com.au/postcodes/6537,0,1,0,55
denham wa postcode,https://www.yourpropertyguide.com.au/postcodes/6537,0,18,0,8.4
deniliquin postcode,https://www.yourpropertyguide.com.au/suburbs/deniliquin-nsw-2710,0,1,0,6
denistone median house price,https://www.yourpropertyguide.com.au/price-guide,0,1,0,56
denistone median house price,https://www.yourpropertyguide.com.au/suburbs/denistone-nsw-2114/vs/eastwood-nsw-2122,0,1,0,32
denistone nsw postcode,https://www.yourpropertyguide.com.au/suburbs/denistone-west-nsw-2114,0,1,0,47
denistone postcode,https://www.yourpropertyguide.com.au/suburbs/denistone-west-nsw-2114,0,1,0,46
denistone west postcode,https://www.yourpropertyguide.com.au/suburbs/denistone-west-nsw-2114,0,2,0,11
depreciation negative gearing,https://www.yourpropertyguide.com.au/guides/negative-gearing-australia,0,5,0,86.6
detailed home affordability calculator,https://www.yourpropertyguide.com.au/affordability-calculator,0,1,0,73
determining mortgage affordability,https://www.yourpropertyguide.com.au/affordability-calculator,0,1,0,95
devon borough downs,https://www.yourpropertyguide.com.au/suburbs/mutooroo-sa-5440/vs/devonborough-downs-sa-5440,0,7,0,11.7
devon hills postcode,https://www.yourpropertyguide.com.au/postcodes/7300,0,1,0,10
devonport postcode,https://www.yourpropertyguide.com.au/suburbs/devonport-tas-7310,0,1,0,9
devonport postcode tas,https://www.yourpropertyguide.com.au/suburbs/devonport-tas-7310,0,1,0,12
devonport real estate agents,https://www.yourpropertyguide.com.au/suburbs/east-devonport-tas-7310/agents,0,2,0,45.5
devonport tas postcode,https://www.yourpropertyguide.com.au/suburbs/devonport-tas-7310,0,1,0,11
do all contracts have a cooling-off period qld,https://www.yourpropertyguide.com.au/guides/contract-of-sale-qld,0,2,0,5.5
do brokers give agents listings,https://www.yourpropertyguide.com.au/for-agents,0,1,0,68
do real estate agents get commission,https://www.yourpropertyguide.com.au/guides/real-estate-commission-vic,0,1,0,50
docklands real estate agents,https://www.yourpropertyguide.com.au/suburbs/docklands-vic-3008/agents,0,3,0,11
domain property guide,https://www.yourpropertyguide.com.au/,0,2,0,13.5
don tasmania,https://www.yourpropertyguide.com.au/suburbs/devonport-tas-7310/vs/don-tas-7310,0,1,0,64
doobarda wa 6112,https://www.yourpropertyguide.com.au/suburbs/doobarda-wa-6112/vs/oakford-wa-6121,0,1,0,12
doonside postcode,https://www.yourpropertyguide.com.au/suburbs/doonside-nsw-2767,0,1,0,9
doreen 3754,https://www.yourpropertyguide.com.au/postcodes/3754,0,2,0,44.5
doreen post code,https://www.yourpropertyguide.com.au/postcodes/3754,0,12,0,10.7
doreen postal code,https://www.yourpropertyguide.com.au/postcodes/3754,0,4,0,12.5
doreen postcode,https://www.yourpropertyguide.com.au/postcodes/3754,0,39,0,14.1
doreen postcode,https://www.yourpropertyguide.com.au/suburbs/doreen-vic-3754,0,3,0,9
doreen vic postcode,https://www.yourpropertyguide.com.au/postcodes/3754,0,3,0,11
doreen victoria postcode,https://www.yourpropertyguide.com.au/postcodes/3754,0,6,0,10.7
dover heights median house price,https://www.yourpropertyguide.com.au/price-guide,0,1,0,53
downsizing homes australi,https://www.yourpropertyguide.com.au/guides/downsizers-guide,0,9,0,79.9
downsizing homes australia,https://www.yourpropertyguide.com.au/guides/downsizers-guide,0,1,0,42
drouin median house price,https://www.yourpropertyguide.com.au/suburbs/drouin-vic-3818,0,1,0,16
drouin median house price,https://www.yourpropertyguide.com.au/suburbs/drouin-vic-3818/rental-market,0,1,0,48
drouin population,https://www.yourpropertyguide.com.au/suburbs/drouin-vic-3818,0,1,0,19
drouin post code,https://www.yourpropertyguide.com.au/suburbs/drouin-vic-3818,0,52,0,9.5
drouin postcode,https://www.yourpropertyguide.com.au/suburbs/drouin-vic-3818,0,264,0,9.6
drouin postcode vic,https://www.yourpropertyguide.com.au/suburbs/drouin-vic-3818,0,11,0,10.2
drouin property growth,https://www.yourpropertyguide.com.au/suburbs/drouin-vic-3818/rental-market,0,1,0,49
drouin south postcode,https://www.yourpropertyguide.com.au/suburbs/drouin-vic-3818,0,2,0,8.5
drouin vic 3818,https://www.yourpropertyguide.com.au/suburbs/drouin-vic-3818,0,1,0,33
drouin vic postcode,https://www.yourpropertyguide.com.au/suburbs/drouin-vic-3818,0,10,0,9.8
drouin victoria postcode,https://www.yourpropertyguide.com.au/suburbs/drouin-vic-3818,0,6,0,10.8
drouin west postcode,https://www.yourpropertyguide.com.au/suburbs/drouin-vic-3818,0,2,0,12
drummoyne buyers agent,https://www.yourpropertyguide.com.au/suburbs/drummoyne-nsw-2047/agents,0,1,0,51
drummoyne median house price,https://www.yourpropertyguide.com.au/suburbs/drummoyne-nsw-2047/rental-market,0,1,0,28
dry creek postcode,https://www.yourpropertyguide.com.au/postcodes/5094,0,2,0,11.5
dubbo nsw 2830,https://www.yourpropertyguide.com.au/suburbs/dubbo-nsw-2830,0,6,0,37.8
dubbo nsw 2830 australia,https://www.yourpropertyguide.com.au/suburbs/dubbo-nsw-2830,0,2,0,47.5
dubbo nsw postcode,https://www.yourpropertyguide.com.au/suburbs/dubbo-nsw-2830,0,197,0,8.8
dubbo post code,https://www.yourpropertyguide.com.au/suburbs/dubbo-nsw-2830,0,22,0,8.6
dubbo postal code,https://www.yourpropertyguide.com.au/suburbs/dubbo-nsw-2830,0,28,0,8.9
dubbo postcode,https://www.yourpropertyguide.com.au/suburbs/dubbo-nsw-2830,0,2760,0,7.9
dubbo postcode 2830,https://www.yourpropertyguide.com.au/suburbs/dubbo-nsw-2830,0,27,0,10.1
dubbo postcode 2852,https://www.yourpropertyguide.com.au/suburbs/gulgong-nsw-2852,0,3,0,9.7
dubbo postcode nsw,https://www.yourpropertyguide.com.au/suburbs/dubbo-nsw-2830,0,64,0,8.8
dubbo real estate agents,https://www.yourpropertyguide.com.au/suburbs/dubbo-nsw-2830/agents,0,5,0,45.2
dubbo zip code,https://www.yourpropertyguide.com.au/suburbs/dubbo-nsw-2830,0,1,0,7
dubbo.postcode,https://www.yourpropertyguide.com.au/suburbs/dubbo-nsw-2830,0,13,0,7.5
dudley housing,https://www.yourpropertyguide.com.au/suburbs/dudley-nsw-2290/rental-market,0,1,0,58
dudley park postcode,https://www.yourpropertyguide.com.au/suburbs/mandurah-dc-wa-6210,0,1,0,8
dulwich hill buyers agent,https://www.yourpropertyguide.com.au/suburbs/dulwich-hill-nsw-2203/agents,0,1,0,22
dulwich hill nsw postcode,https://www.yourpropertyguide.com.au/postcodes/2203,0,5,0,12.6
dulwich hill post code,https://www.yourpropertyguide.com.au/postcodes/2203,0,26,0,9.5
dulwich hill postcode,https://www.yourpropertyguide.com.au/postcodes/2203,0,19,0,12.6
dulwich hill postcode nsw,https://www.yourpropertyguide.com.au/postcodes/2203,0,2,0,21
dulwich hill.postcode,https://www.yourpropertyguide.com.au/postcodes/2203,0,1,0,13
dulwich postcode,https://www.yourpropertyguide.com.au/postcodes/2203,0,4,0,10.5
dunolly post code,https://www.yourpropertyguide.com.au/postcodes/3472,0,16,0,8.4
dunolly postcode,https://www.yourpropertyguide.com.au/postcodes/3472,0,74,0,8.4
dural nsw,https://www.yourpropertyguide.com.au/guides/real-estate-commission-nsw,0,1,0,9
eagle point post code,https://www.yourpropertyguide.com.au/postcodes/3878,0,2,0,9.5
eagle point postcode,https://www.yourpropertyguide.com.au/postcodes/3878,0,5,0,10
eagleby postcode,https://www.yourpropertyguide.com.au/suburbs/eagleby-qld-4207,0,3,0,7.3
eaglehawk 3556,https://www.yourpropertyguide.com.au/postcodes/3556,0,1,0,44
eaglehawk post code,https://www.yourpropertyguide.com.au/postcodes/3556,0,22,0,10
eaglehawk postcode,https://www.yourpropertyguide.com.au/postcodes/3556,0,89,0,9.9
eaglehawk vic postcode,https://www.yourpropertyguide.com.au/postcodes/3556,0,2,0,11.5
earlville postcode,https://www.yourpropertyguide.com.au/suburbs/earlville-qld-4870,0,1,0,8
east albury post office,https://www.yourpropertyguide.com.au/suburbs/surfers-paradise-qld-4217,0,1,0,3
east bentleigh primary school ranking,https://www.yourpropertyguide.com.au/schools/east-bentleigh-primary-school-44864/vs/coatesville-primary-school-44804,0,1,0,28
east fremantle rent estimate,https://www.yourpropertyguide.com.au/suburbs/east-fremantle-wa-6158/rental-market,0,1,0,29
east hawthorn melbourne,https://www.yourpropertyguide.com.au/suburbs/hawthorn-east-vic-3123,0,5,0,69.4
east hawthorn postcode,https://www.yourpropertyguide.com.au/suburbs/hawthorn-east-vic-3123,0,27,0,7.2
east killara,https://www.yourpropertyguide.com.au/suburbs/killara-nsw-2071/vs/east-killara-nsw-2071,0,2,0,48.5
east killara australia,https://www.yourpropertyguide.com.au/suburbs/killara-nsw-2071/vs/east-killara-nsw-2071,0,3,0,51.3
east killara median house price,https://www.yourpropertyguide.com.au/price-guide,0,2,0,43
east killara median house price,https://www.yourpropertyguide.com.au/suburbs/killara-nsw-2071/vs/east-killara-nsw-2071,0,2,0,28.5
east rockingham postcode,https://www.yourpropertyguide.com.au/suburbs/rockingham-dc-wa-6168,0,1,0,26
east ryde median house price,https://www.yourpropertyguide.com.au/price-guide,0,1,0,51
east sale post code,https://www.yourpropertyguide.com.au/postcodes/3852,0,21,0,8.7
east sale postcode,https://www.yourpropertyguide.com.au/postcodes/3852,0,13,0,9.8
east tamworth,https://www.yourpropertyguide.com.au/suburbs/east-tamworth-nsw-2340,0,3,0,54.3
east tamworth postcode,https://www.yourpropertyguide.com.au/suburbs/east-tamworth-nsw-2340,0,42,0,8.3
east toowoomba,https://www.yourpropertyguide.com.au/suburbs/toowoomba-east-qld-4350/vs/east-toowoomba-qld-4350,0,10,0,55.2
east toowoomba qld,https://www.yourpropertyguide.com.au/suburbs/toowoomba-east-qld-4350/vs/east-toowoomba-qld-4350,0,1,0,56
eastwood public school catchment,https://www.yourpropertyguide.com.au/suburbs/eastwood-nsw-2122/schools,0,1,0,30
eastwood public school ranking,https://www.yourpropertyguide.com.au/suburbs/eastwood-nsw-2122/schools,0,1,0,37
eaton post code,https://www.yourpropertyguide.com.au/postcodes/6232,0,1,0,11
eaton wa 6232,https://www.yourpropertyguide.com.au/postcodes/6232,0,1,0,43
eaton wa postcode,https://www.yourpropertyguide.com.au/postcodes/6232,0,1,0,11
echuca real estate agents,https://www.yourpropertyguide.com.au/suburbs/echuca-vic-3564/agents,0,6,0,15.7
eden hill rent estimate,https://www.yourpropertyguide.com.au/suburbs/eden-hill-wa-6054/rental-market,0,1,0,24
edenhope,https://www.yourpropertyguide.com.au/suburbs/edenhope-vic-3318,0,3,0,3.3
edenhope population,https://www.yourpropertyguide.com.au/suburbs/edenhope-vic-3318,0,6,0,10.8
edenhope post code,https://www.yourpropertyguide.com.au/suburbs/edenhope-vic-3318,0,13,0,7.8
edenhope postcode,https://www.yourpropertyguide.com.au/suburbs/edenhope-vic-3318,0,92,0,6.9
edenhope vic,https://www.yourpropertyguide.com.au/suburbs/edenhope-vic-3318,0,1,0,38
edenhope vic 3318,https://www.yourpropertyguide.com.au/suburbs/edenhope-vic-3318,0,1,0,19
edenhope victoria,https://www.yourpropertyguide.com.au/suburbs/edenhope-vic-3318,0,1,0,58
edgeworth postcode,https://www.yourpropertyguide.com.au/suburbs/edgeworth-nsw-2285,0,1,0,11
edinburgh 5111,https://www.yourpropertyguide.com.au/postcodes/5111,0,1,0,40
edinburgh adelaide post code,https://www.yourpropertyguide.com.au/postcodes/5111,0,24,0,9.5
edinburgh parks postcode,https://www.yourpropertyguide.com.au/postcodes/5111,0,1,0,11
edinburgh postcode sa,https://www.yourpropertyguide.com.au/postcodes/5111,0,11,0,10
edinburgh sa 5111,https://www.yourpropertyguide.com.au/postcodes/5111,0,2,0,42.5
edinburgh sa post code,https://www.yourpropertyguide.com.au/postcodes/5111,0,5,0,9
edinburgh sa postcode,https://www.yourpropertyguide.com.au/postcodes/5111,0,40,0,10.1
edinburgh south australia postcode,https://www.yourpropertyguide.com.au/postcodes/5111,0,15,0,9.9
edithvale postcode,https://www.yourpropertyguide.com.au/suburbs/edithvale-vic-3196,0,1,0,7
eight mile plains median house price,https://www.yourpropertyguide.com.au/suburbs/eight-mile-plains-qld-4113/rental-market,0,1,0,32
eight mile plains state school,https://www.yourpropertyguide.com.au/schools/eight-mile-plains-state-school-46420,0,2,0,29.5
eight mile plains state school,https://www.yourpropertyguide.com.au/suburbs/eight-mile-plains-qld-4113/schools,0,1,0,39
eight mile plains suburb profile,https://www.yourpropertyguide.com.au/suburbs/eight-mile-plains-qld-4113/rental-market,0,1,0,56
elderslie nsw,https://www.yourpropertyguide.com.au/suburbs/elderslie-nsw-2570,0,4,0,35.8
elderslie nsw postcode,https://www.yourpropertyguide.com.au/suburbs/elderslie-nsw-2570,0,27,0,7.3
elderslie population,https://www.yourpropertyguide.com.au/suburbs/elderslie-nsw-2570,0,1,0,11
elderslie post code,https://www.yourpropertyguide.com.au/suburbs/elderslie-nsw-2570,0,40,0,8.6
elderslie postcode,https://www.yourpropertyguide.com.au/suburbs/elderslie-nsw-2570,0,276,0,6.6
elderslie postcode nsw,https://www.yourpropertyguide.com.au/suburbs/elderslie-nsw-2570,0,16,0,8.5
elizabeth bay postcode,https://www.yourpropertyguide.com.au/suburbs/darling-point-nsw-2027,0,1,0,41
elizabeth downs suburb profile,https://www.yourpropertyguide.com.au/suburbs/elizabeth-downs-sa-5113/vs/elizabeth-park-sa-5113,0,1,0,44
ellenbrook,https://www.yourpropertyguide.com.au/suburbs/ellenbrook-wa-6069/vs/henley-brook-wa-6055,0,1,0,78
ellenbrook median house price,https://www.yourpropertyguide.com.au/suburbs/ellenbrook-wa-6069/vs/belhus-wa-6069,0,2,0,50.5
ellenbrook median house price,https://www.yourpropertyguide.com.au/suburbs/ellenbrook-wa-6069/vs/henley-brook-wa-6055,0,2,0,61
ellenbrook real estate agents,https://www.yourpropertyguide.com.au/suburbs/ellenbrook-wa-6069/agents,0,2,0,39.5
ellenbrook suburb profile,https://www.yourpropertyguide.com.au/suburbs/ellenbrook-wa-6069/vs/henley-brook-wa-6055,0,1,0,69
elwood real estate agencies,https://www.yourpropertyguide.com.au/suburbs/elwood-vic-3184/agents,0,6,0,3.5
elwood real estate agents,https://www.yourpropertyguide.com.au/suburbs/elwood-vic-3184/agents,0,7,0,22
embleton,https://www.yourpropertyguide.com.au/suburbs/morley-wa-6062/vs/embleton-wa-6062,0,2,0,47
emerald real estate agents,https://www.yourpropertyguide.com.au/suburbs/emerald-vic-3782/agents,0,1,0,13
engadine postcode,https://www.yourpropertyguide.com.au/suburbs/engadine-nsw-2233,0,1,0,12
enoggera postcode,https://www.yourpropertyguide.com.au/suburbs/enoggera-qld-4051,0,3,0,9.3
epping boys high school catchment,https://www.yourpropertyguide.com.au/schools/denistone-east-public-school-41256/vs/epping-boys-high-school-41353,0,14,0,28.8
epping boys high school ranking,https://www.yourpropertyguide.com.au/schools/denistone-east-public-school-41256/vs/epping-boys-high-school-41353,0,1,0,30
epping real estate agents,https://www.yourpropertyguide.com.au/suburbs/epping-nsw-2121/agents,0,1,0,34
erina real estate agents,https://www.yourpropertyguide.com.au/suburbs/erina-nsw-2250/agents,0,1,0,3
erskine park real estate market,https://www.yourpropertyguide.com.au/suburbs/erskine-park-nsw-2759/rental-market,0,1,0,34
erskineville house prices,https://www.yourpropertyguide.com.au/suburbs/erskineville-nsw-2043/rental-market,0,1,0,28
erskineville nsw postcode,https://www.yourpropertyguide.com.au/postcodes/2043,0,25,0,8.3
erskineville post code,https://www.yourpropertyguide.com.au/postcodes/2043,0,45,0,8.8
erskineville postcode,https://www.yourpropertyguide.com.au/postcodes/2043,0,269,0,8.9
erskineville postcode,https://www.yourpropertyguide.com.au/suburbs/erskineville-nsw-2043,0,2,0,8.5
erskineville postcode nsw,https://www.yourpropertyguide.com.au/postcodes/2043,0,8,0,8.5
erskineville property growth,https://www.yourpropertyguide.com.au/suburbs/erskineville-nsw-2043/rental-market,0,3,0,36
erskinville post code,https://www.yourpropertyguide.com.au/postcodes/2043,0,15,0,8.3
erskinville postcode,https://www.yourpropertyguide.com.au/postcodes/2043,0,30,0,8.6
essendon fields postcode,https://www.yourpropertyguide.com.au/suburbs/cross-keys-vic-3041,0,1,0,86
essendon median house price,https://www.yourpropertyguide.com.au/suburbs/essendon-vic-3040/vs/moonee-ponds-vic-3039,0,2,0,47
essington nsw,https://www.yourpropertyguide.com.au/suburbs/essington-nsw-2795,0,1,0,21
essington postcode,https://www.yourpropertyguide.com.au/suburbs/essington-nsw-2795,0,2,0,4
estate agent charges,https://www.yourpropertyguide.com.au/guides/real-estate-commission-vic,0,1,0,64
estate agent charges for selling a house,https://www.yourpropertyguide.com.au/guides/real-estate-commission-vic,0,1,0,44
estate agent commission,https://www.yourpropertyguide.com.au/guides/real-estate-commission-vic,0,1,0,52
estate agent commission calculator,https://www.yourpropertyguide.com.au/guides/real-estate-commission-vic,0,1,0,88
estate agent commission calculator,https://www.yourpropertyguide.com.au/real-estate-commission-calculator,0,1,0,77
estate agent commission fees,https://www.yourpropertyguide.com.au/guides/real-estate-commission-vic,0,2,0,54
estate agent commission rates,https://www.yourpropertyguide.com.au/guides/real-estate-commission-vic,0,1,0,70
estate agent costs,https://www.yourpropertyguide.com.au/guides/real-estate-commission-vic,0,3,0,48
estate agent fees,https://www.yourpropertyguide.com.au/guides/real-estate-commission-nsw,0,2,0,77
estate agent fees,https://www.yourpropertyguide.com.au/guides/real-estate-commission-vic,0,16,0,27
estate agent fees for selling,https://www.yourpropertyguide.com.au/guides/real-estate-commission-vic,0,1,0,49
estate agent fees for selling a house,https://www.yourpropertyguide.com.au/guides/real-estate-commission-vic,0,2,0,35.5
estate agent fees when selling,https://www.yourpropertyguide.com.au/guides/real-estate-commission-vic,0,1,0,46
estate agent fees when selling a house,https://www.yourpropertyguide.com.au/guides/real-estate-commission-vic,0,1,0,41
estate agent rates,https://www.yourpropertyguide.com.au/guides/real-estate-commission-vic,0,2,0,50
estate agent sales fees,https://www.yourpropertyguide.com.au/guides/real-estate-commission-vic,0,1,0,67
estate agent selling fees,https://www.yourpropertyguide.com.au/guides/real-estate-commission-nsw,0,4,0,53
estate agent selling fees,https://www.yourpropertyguide.com.au/guides/real-estate-commission-vic,0,5,0,52
estate agents commission,https://www.yourpropertyguide.com.au/guides/real-estate-commission-nsw,0,1,0,50
estate agents commission fees,https://www.yourpropertyguide.com.au/guides/real-estate-commission-vic,0,1,0,54
estate agents commission rates,https://www.yourpropertyguide.com.au/guides/real-estate-commission-vic,0,1,0,51
estate agents fees,https://www.yourpropertyguide.com.au/guides/real-estate-commission-vic,0,1,0,32
estate agents fees for selling a house,https://www.yourpropertyguide.com.au/guides/real-estate-commission-vic,0,2,0,36
estate agents rates for selling a house,https://www.yourpropertyguide.com.au/guides/real-estate-commission-vic,0,1,0,39
estate agents selling fees,https://www.yourpropertyguide.com.au/guides/real-estate-commission-vic,0,1,0,37
estate agents valuation fees,https://www.yourpropertyguide.com.au/guides/real-estate-commission-vic,0,1,0,62
estimate borrowing power,https://www.yourpropertyguide.com.au/borrowing-power-calculator,0,3,0,98.7
estimate how much house i can afford,https://www.yourpropertyguide.com.au/affordability-calculator,0,1,0,88
estimate how much mortgage i can afford,https://www.yourpropertyguide.com.au/affordability-calculator,0,1,0,88
estimate mortgage approval,https://www.yourpropertyguide.com.au/affordability-calculator,0,1,0,83
estimate realtor fees,https://www.yourpropertyguide.com.au/guides/real-estate-commission-vic,0,2,0,94.5
estimate realtor fees,https://www.yourpropertyguide.com.au/real-estate-commission-calculator,0,3,0,74.7
estimate what mortgage i can afford,https://www.yourpropertyguide.com.au/affordability-calculator,0,1,0,84
estimated home loan approval calculator,https://www.yourpropertyguide.com.au/borrowing-power-calculator,0,1,0,96
estimated mortgage approval calculator,https://www.yourpropertyguide.com.au/affordability-calculator,0,1,0,80
estimating how much house i can afford,https://www.yourpropertyguide.com.au/affordability-calculator,0,1,0,90
eumemmerring postcode,https://www.yourpropertyguide.com.au/suburbs/armstrong-vic-3377,0,1,0,68
euroa post code,https://www.yourpropertyguide.com.au/postcodes/3666,0,10,0,8.5
euroa postcode,https://www.yourpropertyguide.com.au/postcodes/3666,0,23,0,9.5
everton park rental growth,https://www.yourpropertyguide.com.au/suburbs/everton-park-qld-4053/rental-market,0,7,0,25.9
exclusive agency agreement qld,https://www.yourpropertyguide.com.au/guides/real-estate-agency-agreements-by-state,0,1,0,36
experienced real estate agents rouse hill,https://www.yourpropertyguide.com.au/suburbs/rouse-hill-nsw-2155/agents,0,1,0,45
fairfield east postcode,https://www.yourpropertyguide.com.au/suburbs/fairfield-east-nsw-2165,0,5,0,9.6
fairlight 2094,https://www.yourpropertyguide.com.au/suburbs/fairlight-nsw-2094,0,3,0,12.3
fairlight new south wales,https://www.yourpropertyguide.com.au/suburbs/fairlight-nsw-2094,0,1,0,33
fairlight nsw,https://www.yourpropertyguide.com.au/suburbs/fairlight-nsw-2094,0,9,0,14.3
fairlight nsw 2094,https://www.yourpropertyguide.com.au/suburbs/fairlight-nsw-2094,0,2,0,13
fairlight nsw postcode,https://www.yourpropertyguide.com.au/suburbs/fairlight-nsw-2094,0,37,0,9.9
fairlight post code,https://www.yourpropertyguide.com.au/suburbs/fairlight-nsw-2094,0,22,0,8.2
fairlight postcode,https://www.yourpropertyguide.com.au/suburbs/fairlight-nsw-2094,0,378,0,8.1
fairlight postcode australia,https://www.yourpropertyguide.com.au/suburbs/fairlight-nsw-2094,0,2,0,10
farmborough heights postcode,https://www.yourpropertyguide.com.au/suburbs/farmborough-heights-nsw-2526,0,3,0,9.3
farmbrough heights,https://www.yourpropertyguide.com.au/suburbs/farmborough-heights-nsw-2526,0,1,0,43
federal nsw postcode,https://www.yourpropertyguide.com.au/suburbs/federal-nsw-2480,0,9,0,7.9
federal post code,https://www.yourpropertyguide.com.au/suburbs/federal-nsw-2480,0,1,0,4
fee real estate,https://www.yourpropertyguide.com.au/guides/real-estate-commission-vic,0,1,0,47
fee structure for home staging,https://www.yourpropertyguide.com.au/guides/home-staging-cost-australia,0,19,0,79.3
fees for realtors,https://www.yourpropertyguide.com.au/guides/real-estate-commission-nsw,0,9,0,46.6
fees for realtors,https://www.yourpropertyguide.com.au/guides/real-estate-commission-vic,0,4,0,64.5
fees for selling a house,https://www.yourpropertyguide.com.au/guides/cost-of-selling-a-house-act,0,7,0,6.4
fees for selling a house,https://www.yourpropertyguide.com.au/guides/cost-of-selling-a-house-vic,0,8,0,15.1
fees for selling a house,https://www.yourpropertyguide.com.au/selling-costs-calculator,0,1,0,88
fees of selling a house,https://www.yourpropertyguide.com.au/guides/real-estate-commission-vic,0,5,0,13
fees when selling a house,https://www.yourpropertyguide.com.au/guides/real-estate-commission-vic,0,6,0,16.8
fees when selling a house in qld,https://www.yourpropertyguide.com.au/selling-costs-calculator,0,2,0,90
fern bay nsw 2295,https://www.yourpropertyguide.com.au/postcodes/2295,0,1,0,47
fern bay nsw postcode,https://www.yourpropertyguide.com.au/postcodes/2295,0,2,0,14
fern bay post code,https://www.yourpropertyguide.com.au/postcodes/2295,0,37,0,9.0
fern bay postcode,https://www.yourpropertyguide.com.au/postcodes/2295,0,79,0,10.1
fern bay postcode nsw,https://www.yourpropertyguide.com.au/postcodes/2295,0,3,0,10
fern tree postcode,https://www.yourpropertyguide.com.au/suburbs/fern-tree-tas-7054,0,2,0,10.5
fernhill postcode,https://www.yourpropertyguide.com.au/suburbs/fernhill-nsw-2519,0,5,0,9.4
fernmount postcode,https://www.yourpropertyguide.com.au/suburbs/fernmount-nsw-2454,0,2,0,5.5
ferntree gully 3156,https://www.yourpropertyguide.com.au/postcodes/3156,0,1,0,40
ferntree gully median house price,https://www.yourpropertyguide.com.au/price-guide,0,3,0,60.7
ferntree gully post code,https://www.yourpropertyguide.com.au/postcodes/3156,0,4,0,11.2
ferntree gully postcode,https://www.yourpropertyguide.com.au/postcodes/3156,0,11,0,10.7
ferntree gully.,https://www.yourpropertyguide.com.au/suburbs/ferntree-gully-vic-3156/agents,0,1,0,4
figtree postcode,https://www.yourpropertyguide.com.au/suburbs/figtree-nsw-2525,0,1,0,9
figure out how much house i can afford,https://www.yourpropertyguide.com.au/affordability-calculator,0,1,0,87
financial affordability assessment,https://www.yourpropertyguide.com.au/affordability-calculator,0,2,0,92
find an agent to sell my house,https://www.yourpropertyguide.com.au/find-an-expert,0,3,0,69.3
find local property expert,https://www.yourpropertyguide.com.au/find-an-expert,0,2,0,44.5
find my suburb,https://www.yourpropertyguide.com.au/find-your-suburb,0,1,0,11
find out how much mortgage you can afford,https://www.yourpropertyguide.com.au/affordability-calculator,0,1,0,86
find property expert,https://www.yourpropertyguide.com.au/find-an-expert,0,2,0,55.5
find the right property,https://www.yourpropertyguide.com.au/,0,47,0,27.6
finding a realtor for buying,https://www.yourpropertyguide.com.au/find-an-expert,0,14,0,69.7
finding a realtor for selling,https://www.yourpropertyguide.com.au/find-an-expert,0,1,0,65
first buyer mortgage calculator,https://www.yourpropertyguide.com.au/mortgage-calculator,0,1,0,91
first home buyer borrowing calculator,https://www.yourpropertyguide.com.au/borrowing-power-calculator,0,2,0,95
first home buyer guide - nsw government schemes,https://www.yourpropertyguide.com.au/guides/first-home-buyer-nsw,0,24,0,39.7
first home buyer house and land nsw,https://www.yourpropertyguide.com.au/guides/first-home-buyer-nsw,0,22,0,74
first home buyer land releases qld,https://www.yourpropertyguide.com.au/guides/first-home-buyer-qld,0,2,0,30.5
first home buyers kerang to swan hill,https://www.yourpropertyguide.com.au/suburbs/normanville-vic-3579,0,1,0,54
first home buyers kerang to swan hill,https://www.yourpropertyguide.com.au/suburbs/sandhill-lake-vic-3579,0,1,0,88
first home guarantee 2023-24,https://www.yourpropertyguide.com.au/guides/first-home-guarantee,0,3,0,77.3
first home gurantee,https://www.yourpropertyguide.com.au/guides/first-home-guarantee,0,2,0,39
first home moree,https://www.yourpropertyguide.com.au/suburbs/moree-nsw-2400/agents,0,1,0,92
first home narrabri,https://www.yourpropertyguide.com.au/suburbs/narrabri-nsw-2390/agents,0,1,0,11
first home new home owners grant,https://www.yourpropertyguide.com.au/guides/first-home-buyer-nsw,0,1,0,76
first home owners grant $50k,https://www.yourpropertyguide.com.au/first-home-buyers,0,1,0,99
fitzroy real estate agents,https://www.yourpropertyguide.com.au/suburbs/fitzroy-north-vic-3068/agents,0,7,0,10.3
fitzroy real estate agents,https://www.yourpropertyguide.com.au/suburbs/fitzroy-vic-3065/agents,0,9,0,12.9
five dock buyers agent,https://www.yourpropertyguide.com.au/suburbs/five-dock-nsw-2046/agents,0,1,0,21
five dock median house price,https://www.yourpropertyguide.com.au/suburbs/five-dock-nsw-2046/rental-market,0,1,0,11
five dock real estate agents,https://www.yourpropertyguide.com.au/suburbs/five-dock-nsw-2046/agents,0,2,0,18.5
fixed commission real estate,https://www.yourpropertyguide.com.au/guides/real-estate-commission-nsw,0,2,0,84
fixed commission real estate,https://www.yourpropertyguide.com.au/guides/real-estate-commission-vic,0,4,0,56.5
fixed fee real estate,https://www.yourpropertyguide.com.au/guides/real-estate-commission-nsw,0,1,0,87
fixed fee real estate,https://www.yourpropertyguide.com.au/guides/real-estate-commission-vic,0,4,0,53.8
fixed fee real estate agent,https://www.yourpropertyguide.com.au/guides/real-estate-commission-vic,0,1,0,71
fixed fee real estate agents,https://www.yourpropertyguide.com.au/guides/real-estate-commission-nsw,0,2,0,67
fixed fee real estate agents,https://www.yourpropertyguide.com.au/guides/real-estate-commission-vic,0,4,0,54.8
fixed price real estate agents,https://www.yourpropertyguide.com.au/guides/real-estate-commission-vic,0,1,0,57
fixed rate versus adjustable rate mortgage,https://www.yourpropertyguide.com.au/guides/fixed-vs-variable-rate-guide,0,1,0,92
fixed real estate,https://www.yourpropertyguide.com.au/guides,0,1,0,81
flagstaff post code,https://www.yourpropertyguide.com.au/suburbs/flagstaff-vic-3465,0,4,0,8.2
flagstaff postcode,https://www.yourpropertyguide.com.au/suburbs/flagstaff-vic-3465,0,20,0,7.2
flagstaff vic,https://www.yourpropertyguide.com.au/suburbs/flagstaff-vic-3465,0,1,0,14
flat fee commission,https://www.yourpropertyguide.com.au/guides/real-estate-commission-vic,0,1,0,64
flat fee commissions,https://www.yourpropertyguide.com.au/guides/real-estate-commission-vic,0,21,0,76.0
flat fee real estate agent,https://www.yourpropertyguide.com.au/guides/real-estate-commission-vic,0,5,0,68.8
flat fee real estate commission,https://www.yourpropertyguide.com.au/guides/real-estate-commission-vic,0,1,0,62
flat rate real estate commission,https://www.yourpropertyguide.com.au/guides/real-estate-commission-vic,0,1,0,50
flat renovation costs,https://www.yourpropertyguide.com.au/renovating,0,1,0,67
flaxton postcode,https://www.yourpropertyguide.com.au/suburbs/flaxton-qld-4560,0,5,0,10
flemington nsw postcode,https://www.yourpropertyguide.com.au/postcodes/2140,0,2,0,30
flemington post code,https://www.yourpropertyguide.com.au/suburbs/flemington-vic-3031,0,8,0,15.5
flemington postcode,https://www.yourpropertyguide.com.au/suburbs/flemington-vic-3031,0,122,0,10.4
flemington postcode vic,https://www.yourpropertyguide.com.au/suburbs/flemington-vic-3031,0,5,0,7.8
flemington vic 3031,https://www.yourpropertyguide.com.au/suburbs/flemington-vic-3031,0,1,0,23
flemington vic postcode,https://www.yourpropertyguide.com.au/suburbs/flemington-vic-3031,0,3,0,15
flemmington postcode,https://www.yourpropertyguide.com.au/suburbs/flemington-vic-3031,0,4,0,11
flidners view ipswich,https://www.yourpropertyguide.com.au/suburbs/flinders-view-qld-4305,0,2,0,59
flinder view,https://www.yourpropertyguide.com.au/suburbs/flinders-view-qld-4305,0,1,0,3
flinders view,https://www.yourpropertyguide.com.au/suburbs/flinders-view-qld-4305,0,13,0,21.1
flinders view 4305,https://www.yourpropertyguide.com.au/suburbs/flinders-view-qld-4305,0,1,0,17
flinders view ipswich,https://www.yourpropertyguide.com.au/suburbs/flinders-view-qld-4305,0,8,0,58
flinders view post code,https://www.yourpropertyguide.com.au/suburbs/flinders-view-qld-4305,0,54,0,7.3
flinders view postcode,https://www.yourpropertyguide.com.au/suburbs/flinders-view-qld-4305,0,264,0,10.1
flinders view qld,https://www.yourpropertyguide.com.au/suburbs/flinders-view-qld-4305,0,3,0,47.3
flinders view qld 4305,https://www.yourpropertyguide.com.au/suburbs/flinders-view-qld-4305,0,3,0,18
flinders view qld postcode,https://www.yourpropertyguide.com.au/suburbs/flinders-view-qld-4305,0,16,0,7.2
flinders view queensland,https://www.yourpropertyguide.com.au/suburbs/flinders-view-qld-4305,0,1,0,50
flinders view suburb profile,https://www.yourpropertyguide.com.au/suburbs/flinders-view-qld-4305,0,12,0,19
floreat rental investment,https://www.yourpropertyguide.com.au/suburbs/floreat-wa-6014/rental-market,0,23,0,29.2
footscray postcode 3013,https://www.yourpropertyguide.com.au/postcodes/3013,0,2,0,11
forbes post code,https://www.yourpropertyguide.com.au/postcodes/3990,0,1,0,27
forest lodge buyers agent,https://www.yourpropertyguide.com.au/suburbs/forest-lodge-nsw-2037/agents,0,1,0,16
forestdale post code,https://www.yourpropertyguide.com.au/postcodes/4118,0,3,0,11
forestdale postcode,https://www.yourpropertyguide.com.au/postcodes/4118,0,2,0,10
forestdale qld postcode,https://www.yourpropertyguide.com.au/postcodes/4118,0,1,0,26
forestville median house price,https://www.yourpropertyguide.com.au/postcodes/2087,0,3,0,6
forestville nsw 2087,https://www.yourpropertyguide.com.au/postcodes/2087,0,2,0,41
forestville nsw australia,https://www.yourpropertyguide.com.au/postcodes/2087,0,1,0,62
forestville nsw postcode,https://www.yourpropertyguide.com.au/postcodes/2087,0,5,0,10.8
forestville post code,https://www.yourpropertyguide.com.au/postcodes/2087,0,20,0,10.3
forestville postcode,https://www.yourpropertyguide.com.au/postcodes/2087,0,32,0,10.7
forestville postcode,https://www.yourpropertyguide.com.au/suburbs/forestville-nsw-2087,0,1,0,1
forestville postcode nsw,https://www.yourpropertyguide.com.au/postcodes/2087,0,12,0,11
form 2 business sale,https://www.yourpropertyguide.com.au/guides/contract-of-sale-sa,0,6,0,8.2
forrestville postcode,https://www.yourpropertyguide.com.au/postcodes/2087,0,1,0,10
forster real estate agents,https://www.yourpropertyguide.com.au/suburbs/forster-nsw-2428/agents,0,2,0,40
fortitude valley school,https://www.yourpropertyguide.com.au/schools/fortitude-valley-state-secondary-college-52802,0,1,0,11
fountain gate postcode,https://www.yourpropertyguide.com.au/suburbs/fountain-gate-vic-3805,0,1,0,5
frankston house prices,https://www.yourpropertyguide.com.au/suburbs/frankston-vic-3199,0,4,0,36.5
frankston house prices,https://www.yourpropertyguide.com.au/suburbs/frankston-vic-3199/vs/frankston-east-vic-3199,0,1,0,40
frankston median house price,https://www.yourpropertyguide.com.au/suburbs/frankston-vic-3199,0,2,0,43
frankston median house price,https://www.yourpropertyguide.com.au/suburbs/frankston-vic-3199/vs/frankston-north-vic-3200,0,7,0,10.7
frankston melbourne,https://www.yourpropertyguide.com.au/suburbs/frankston-vic-3199,0,2,0,64.5
frankston north,https://www.yourpropertyguide.com.au/suburbs/frankston-vic-3199/vs/frankston-north-vic-3200,0,1,0,66
frankston north property growth,https://www.yourpropertyguide.com.au/suburbs/skye-vic-3977/vs/frankston-north-vic-3200,0,2,0,7
frankston north victoria,https://www.yourpropertyguide.com.au/suburbs/frankston-vic-3199/vs/frankston-north-vic-3200,0,1,0,78
frankston postcode,https://www.yourpropertyguide.com.au/suburbs/frankston-vic-3199,0,2,0,10.5
frankston real estate agents,https://www.yourpropertyguide.com.au/suburbs/frankston-south-vic-3199/agents,0,2,0,37.5
frankston south median house price,https://www.yourpropertyguide.com.au/suburbs/frankston-vic-3199,0,1,0,64
frankston south suburb profile,https://www.yourpropertyguide.com.au/suburbs/frankston-vic-3199,0,1,0,79
frankston suburb profile,https://www.yourpropertyguide.com.au/suburbs/frankston-vic-3199,0,1,0,56
frankston vic,https://www.yourpropertyguide.com.au/suburbs/frankston-vic-3199,0,1,0,53
frankston vic 3199,https://www.yourpropertyguide.com.au/suburbs/frankston-vic-3199,0,1,0,28
frankston vic postcode,https://www.yourpropertyguide.com.au/suburbs/frankston-vic-3199,0,2,0,9.5
frankston victoria 3199,https://www.yourpropertyguide.com.au/suburbs/frankston-vic-3199,0,1,0,35
frankston victoria postcode,https://www.yourpropertyguide.com.au/suburbs/frankston-vic-3199,0,2,0,9
frankstonpostcode,https://www.yourpropertyguide.com.au/suburbs/frankston-vic-3199,0,1,0,10
fraser park primary school,https://www.yourpropertyguide.com.au/schools/fraser-park-primary-school-49639/vs/murray-bridge-north-school-49251,0,1,0,28
free property appraisal medowie,https://www.yourpropertyguide.com.au/suburbs/medowie-nsw-2318/agents,0,3,0,7.3
free property appraisal wollert,https://www.yourpropertyguide.com.au/suburbs/wollert-vic-3750/rental-market,0,17,0,40.9
free stamp duty calculator online in brighton,https://www.yourpropertyguide.com.au/stamp-duty-calculator,0,3,0,96
frenches forest post code,https://www.yourpropertyguide.com.au/suburbs/frenchs-forest-qld-4502,0,1,0,11
frenches forest postcode,https://www.yourpropertyguide.com.au/suburbs/frenchs-forest-qld-4502,0,1,0,10
frenchs forest median house price,https://www.yourpropertyguide.com.au/price-guide,0,2,0,56
frenchs forest post code,https://www.yourpropertyguide.com.au/suburbs/frenchs-forest-qld-4502,0,1,0,10
frenchs forest postcode,https://www.yourpropertyguide.com.au/suburbs/frenchs-forest-qld-4502,0,19,0,8.3
frenchs forest real estate agents,https://www.yourpropertyguide.com.au/suburbs/frenchs-forest-nsw-2086/agents,0,2,0,39.5
fsbo leads,https://www.yourpropertyguide.com.au/for-agents,0,1,0,68
full house renovation,https://www.yourpropertyguide.com.au/renovating,0,3,0,83
full house renovation cost,https://www.yourpropertyguide.com.au/renovating,0,2,0,77.5
garfield post code,https://www.yourpropertyguide.com.au/postcodes/4728,0,1,0,6
garran act,https://www.yourpropertyguide.com.au/suburbs/garran-act-2605,0,3,0,45
garran act postcode,https://www.yourpropertyguide.com.au/suburbs/garran-act-2605,0,34,0,9.2
garran australia,https://www.yourpropertyguide.com.au/suburbs/garran-act-2605,0,2,0,60.5
garran canberra,https://www.yourpropertyguide.com.au/suburbs/garran-act-2605,0,3,0,39.7
garran post code,https://www.yourpropertyguide.com.au/suburbs/garran-act-2605,0,12,0,9.2
garran postcode,https://www.yourpropertyguide.com.au/suburbs/garran-act-2605,0,177,0,10.5
gates head nsw,https://www.yourpropertyguide.com.au/suburbs/charlestown-nsw-2290/vs/gateshead-nsw-2290,0,2,0,53
gatton post code,https://www.yourpropertyguide.com.au/postcodes/4345,0,50,0,10.4
gatton postcode,https://www.yourpropertyguide.com.au/postcodes/4345,0,39,0,11.5
gatton postcode qld,https://www.yourpropertyguide.com.au/postcodes/4345,0,1,0,10
gatton qld postcode,https://www.yourpropertyguide.com.au/postcodes/4345,0,4,0,24
gawler east,https://www.yourpropertyguide.com.au/suburbs/gawler-east-sa-5118,0,17,0,56
gawler east post code,https://www.yourpropertyguide.com.au/suburbs/gawler-east-sa-5118,0,31,0,6.9
gawler east postcode,https://www.yourpropertyguide.com.au/suburbs/gawler-east-sa-5118,0,210,0,7.3
gawler east sa,https://www.yourpropertyguide.com.au/suburbs/gawler-east-sa-5118,0,2,0,12.5
gawler east south australia,https://www.yourpropertyguide.com.au/suburbs/gawler-east-sa-5118,0,1,0,32
gawler postcode,https://www.yourpropertyguide.com.au/suburbs/gawler-east-sa-5118,0,2,0,9.5
gawler postcode sa,https://www.yourpropertyguide.com.au/suburbs/gawler-east-sa-5118,0,1,0,11
gawler sa 5118,https://www.yourpropertyguide.com.au/suburbs/gawler-east-sa-5118,0,1,0,35
gawler south australia postcode,https://www.yourpropertyguide.com.au/suburbs/gawler-east-sa-5118,0,3,0,10
gawler south postcode,https://www.yourpropertyguide.com.au/suburbs/gawler-east-sa-5118,0,2,0,12
gawler west,https://www.yourpropertyguide.com.au/suburbs/gawler-west-sa-5118,0,1,0,40
gawler west postcode,https://www.yourpropertyguide.com.au/suburbs/gawler-west-sa-5118,0,12,0,9.2
geebung median house price,https://www.yourpropertyguide.com.au/price-guide,0,1,0,52
geebung median house price,https://www.yourpropertyguide.com.au/suburbs/boondall-qld-4034/vs/geebung-qld-4034,0,2,0,17.5
geebung suburb profile,https://www.yourpropertyguide.com.au/suburbs/boondall-qld-4034/vs/geebung-qld-4034,0,1,0,48
geelong rental market,https://www.yourpropertyguide.com.au/suburbs/north-geelong-vic-3215/rental-market,0,4,0,21.8
geelong rental yield,https://www.yourpropertyguide.com.au/suburbs/north-geelong-vic-3215/rental-market,0,1,0,41
geeveston post code,https://www.yourpropertyguide.com.au/postcodes/7116,0,2,0,12.5
geeveston postcode,https://www.yourpropertyguide.com.au/postcodes/7116,0,12,0,12
george town postcode,https://www.yourpropertyguide.com.au/suburbs/george-town-sa-7253,0,23,0,9.8
georgetown postcode,https://www.yourpropertyguide.com.au/suburbs/george-town-sa-7253,0,1,0,7
gepps cross post code,https://www.yourpropertyguide.com.au/postcodes/5094,0,49,0,9.4
gepps cross postcode,https://www.yourpropertyguide.com.au/postcodes/5094,0,107,0,10
gepps cross postcode sa,https://www.yourpropertyguide.com.au/postcodes/5094,0,8,0,9.2
geraldton postcode,https://www.yourpropertyguide.com.au/suburbs/geraldton-wa-6530,0,7,0,9.1
geurie public school,https://www.yourpropertyguide.com.au/suburbs/geurie-nsw-2831/schools,0,1,0,23
gilgai plains,https://www.yourpropertyguide.com.au/schools/banum-warrik-primary-school-53302/vs/gilgai-plains-primary-school-53063,0,1,0,48
girrawheen postcode,https://www.yourpropertyguide.com.au/suburbs/warwick-wa-6024,0,1,0,75
gisborne postcode,https://www.yourpropertyguide.com.au/suburbs/gisborne-vic-3437,0,1,0,7
give me a random australian postcode,https://www.yourpropertyguide.com.au/suburbs/surfers-paradise-qld-4217,0,1,0,3
glamorgan vale postcode,https://www.yourpropertyguide.com.au/suburbs/glamorgan-vale-qld-4306,0,6,0,9.3
glandore postcode,https://www.yourpropertyguide.com.au/postcodes/5037,0,1,0,27
glebe buyers agent,https://www.yourpropertyguide.com.au/suburbs/glebe-nsw-2037/agents,0,1,0,39
glebe hobart,https://www.yourpropertyguide.com.au/suburbs/hobart-tas-7001/vs/glebe-tas-7000,0,3,0,51.3
glebe real estate agents,https://www.yourpropertyguide.com.au/suburbs/glebe-nsw-2037/agents,0,1,0,22
glebe tas,https://www.yourpropertyguide.com.au/suburbs/hobart-tas-7001/vs/glebe-tas-7000,0,1,0,55
gledswood hills nsw postcode,https://www.yourpropertyguide.com.au/postcodes/2557,0,1,0,8
gledswood hills post code,https://www.yourpropertyguide.com.au/postcodes/2557,0,10,0,10.9
gledswood hills postcode,https://www.yourpropertyguide.com.au/postcodes/2557,0,3,0,11.3
gledswood hills postcode,https://www.yourpropertyguide.com.au/suburbs/catherine-field-nsw-2557,0,1,0,50
gledswood hills real estate agents,https://www.yourpropertyguide.com.au/suburbs/gledswood-hills-nsw-2557/agents,0,1,0,21
gledswood postcode,https://www.yourpropertyguide.com.au/postcodes/2557,0,5,0,11.2
glen innes post code,https://www.yourpropertyguide.com.au/postcodes/2370,0,22,0,9.6
glen innes postcode,https://www.yourpropertyguide.com.au/postcodes/2370,0,12,0,10.6
glen iris average house price,https://www.yourpropertyguide.com.au/suburbs/glen-iris-vic-3146/vs/malvern-vic-3144,0,1,0,2
glen waverley median house price,https://www.yourpropertyguide.com.au/suburbs/glen-waverley-vic-3150/vs/burwood-east-vic-3151,0,2,0,46.5
glen waverley median house price,https://www.yourpropertyguide.com.au/suburbs/glen-waverley-vic-3150/vs/syndal-vic-3149,0,1,0,58
glen waverley real estate agents,https://www.yourpropertyguide.com.au/suburbs/glen-waverley-vic-3150/agents,0,1,0,44
glen waverley vs mount waverley,https://www.yourpropertyguide.com.au/suburbs/glen-waverley-vic-3150/vs/mount-waverley-vic-3149,0,1,0,9
glenaroua postcode,https://www.yourpropertyguide.com.au/postcodes/3764,0,2,0,9
glendale postcode,https://www.yourpropertyguide.com.au/suburbs/glendale-qld-4711,0,1,0,23
glenelg real estate agents,https://www.yourpropertyguide.com.au/suburbs/glenelg-north-sa-5045/agents,0,4,0,11.8
glengarry postcode,https://www.yourpropertyguide.com.au/suburbs/glengarry-tas-7275,0,1,0,37
glenorchy 7010,https://www.yourpropertyguide.com.au/suburbs/glenorchy-tas-7010,0,1,0,21
glenorchy hobart postcode,https://www.yourpropertyguide.com.au/suburbs/glenorchy-tas-7010,0,1,0,12
glenorchy post code,https://www.yourpropertyguide.com.au/suburbs/glenorchy-tas-7010,0,18,0,9.8
glenorchy postcode,https://www.yourpropertyguide.com.au/suburbs/glenorchy-tas-7010,0,79,0,10.1
glenorchy postcode tas,https://www.yourpropertyguide.com.au/suburbs/glenorchy-tas-7010,0,10,0,8.6
glenorchy tas 7010,https://www.yourpropertyguide.com.au/suburbs/glenorchy-tas-7010,0,1,0,43
glenorchy tas post code,https://www.yourpropertyguide.com.au/suburbs/glenorchy-tas-7010,0,4,0,9.5
glenorchy tas postcode,https://www.yourpropertyguide.com.au/suburbs/glenorchy-tas-7010,0,6,0,10.7
glenorchy tasmania postcode,https://www.yourpropertyguide.com.au/suburbs/glenorchy-tas-7010,0,4,0,10.5
glenore grove state school,https://www.yourpropertyguide.com.au/suburbs/glenore-grove-qld-4342/schools,0,1,0,25
glenrock schools,https://www.yourpropertyguide.com.au/suburbs/glenrock-nsw-2337/schools,0,1,0,8
global property guide,https://www.yourpropertyguide.com.au/,0,1,0,25
glossary of property terms,https://www.yourpropertyguide.com.au/glossary,0,1,0,76
gnarabup postcode,https://www.yourpropertyguide.com.au/postcodes/6285,0,1,0,10
gobur vic,https://www.yourpropertyguide.com.au/suburbs/gobur-vic-3719/vs/merton-vic-3715,0,1,0,33
going rate for real estate commission,https://www.yourpropertyguide.com.au/guides/real-estate-commission-vic,0,1,0,83
going rate for real estate commission,https://www.yourpropertyguide.com.au/real-estate-commission-calculator,0,1,0,76
gold coast 4217,https://www.yourpropertyguide.com.au/suburbs/paradise-waters-qld-4217,0,1,0,17
gold coast 4217,https://www.yourpropertyguide.com.au/suburbs/surfers-paradise-qld-4217,0,1,0,3
gold coast australia postcode,https://www.yourpropertyguide.com.au/suburbs/surfers-paradise-qld-4217,0,1,0,3
gold coast postcode surfers paradise,https://www.yourpropertyguide.com.au/suburbs/surfers-paradise-qld-4217,0,36,0,6.9
gold coast rent prices,https://www.yourpropertyguide.com.au/suburbs/gold-coast-mc-qld-4217/rental-market,0,1,0,53
gold coast rental market,https://www.yourpropertyguide.com.au/suburbs/gold-coast-mc-qld-4217/rental-market,0,1,0,59
gold coast rental prices,https://www.yourpropertyguide.com.au/suburbs/gold-coast-mc-qld-4217/rental-market,0,1,0,46
gold coast surfers paradise postcode,https://www.yourpropertyguide.com.au/suburbs/surfers-paradise-qld-4217,0,3,0,8
golden bay,https://www.yourpropertyguide.com.au/suburbs/golden-bay-wa-6174,0,2,0,56
golden bay post code,https://www.yourpropertyguide.com.au/suburbs/golden-bay-wa-6174,0,28,0,9.5
golden bay postcode,https://www.yourpropertyguide.com.au/suburbs/golden-bay-wa-6174,0,57,0,11.4
golden bay postcode wa,https://www.yourpropertyguide.com.au/suburbs/golden-bay-wa-6174,0,1,0,12
golden bay wa 6174,https://www.yourpropertyguide.com.au/suburbs/golden-bay-wa-6174,0,1,0,2
golden bay wa postcode,https://www.yourpropertyguide.com.au/suburbs/golden-bay-wa-6174,0,1,0,11
golden point vic,https://www.yourpropertyguide.com.au/suburbs/ballarat-vic-3350/vs/golden-point-vic-3350,0,3,0,55
goldsborough postcode,https://www.yourpropertyguide.com.au/postcodes/3472,0,4,0,8.5
goldsborough school,https://www.yourpropertyguide.com.au/suburbs/goldsborough-qld-4865/schools,0,1,0,7
goodna real estate agents,https://www.yourpropertyguide.com.au/suburbs/goodna-qld-4300/agents,0,2,0,22.5
goodwood adelaide,https://www.yourpropertyguide.com.au/suburbs/goodwood-sa-5034,0,2,0,67
goodwood post code,https://www.yourpropertyguide.com.au/suburbs/goodwood-sa-5034,0,4,0,9
goodwood postal code,https://www.yourpropertyguide.com.au/suburbs/goodwood-sa-5034,0,1,0,11
goodwood postcode,https://www.yourpropertyguide.com.au/suburbs/goodwood-sa-5034,0,138,0,8.6
goodwood postcode sa,https://www.yourpropertyguide.com.au/suburbs/goodwood-sa-5034,0,20,0,8.3
goodwood sa,https://www.yourpropertyguide.com.au/suburbs/goodwood-sa-5034,0,2,0,60.5
goodwood sa postcode,https://www.yourpropertyguide.com.au/suburbs/goodwood-sa-5034,0,20,0,8.8
googong postcode,https://www.yourpropertyguide.com.au/suburbs/googong-nsw-2620,0,1,0,6
gooloogong post code,https://www.yourpropertyguide.com.au/postcodes/2805,0,2,0,10.5
gooloogong postcode,https://www.yourpropertyguide.com.au/postcodes/2805,0,30,0,8.8
goombungee,https://www.yourpropertyguide.com.au/suburbs/goombungee-qld-4354,0,63,0,14
goombungee population,https://www.yourpropertyguide.com.au/suburbs/goombungee-qld-4354,0,4,0,13
goombungee post code,https://www.yourpropertyguide.com.au/suburbs/goombungee-qld-4354,0,23,0,6.8
goombungee postcode,https://www.yourpropertyguide.com.au/suburbs/goombungee-qld-4354,0,85,0,6.4
goombungee qld,https://www.yourpropertyguide.com.au/suburbs/goombungee-qld-4354,0,4,0,37.2
goombungee qld 4354,https://www.yourpropertyguide.com.au/suburbs/goombungee-qld-4354,0,1,0,31
goomburra,https://www.yourpropertyguide.com.au/postcodes/4362,0,1,0,12
goomburra postcode,https://www.yourpropertyguide.com.au/postcodes/4362,0,2,0,11.5
goonellabah postcode,https://www.yourpropertyguide.com.au/suburbs/goonellabah-nsw-2480,0,5,0,7.6
gordonvale postcode,https://www.yourpropertyguide.com.au/suburbs/gordonvale-qld-4865,0,2,0,9
gormandale victoria,https://www.yourpropertyguide.com.au/suburbs/callignee-north-vic-3844/vs/gormandale-vic-3873,0,1,0,42
goulburn real estate agents,https://www.yourpropertyguide.com.au/suburbs/goulburn-nsw-2580/agents,0,10,0,15.9
government fees when selling a house,https://www.yourpropertyguide.com.au/selling-costs-calculator,0,1,0,71
government fees when selling a house victoria,https://www.yourpropertyguide.com.au/guides/cost-of-selling-a-house-vic,0,2,0,33
gracemere,https://www.yourpropertyguide.com.au/suburbs/gracemere-qld-4702/agents,0,1,0,3
gracemere postcode,https://www.yourpropertyguide.com.au/suburbs/gracemere-qld-4702,0,1,0,9
gracetown postcode,https://www.yourpropertyguide.com.au/suburbs/burnside-wa-6285,0,1,0,5
grafton real estate agents,https://www.yourpropertyguide.com.au/suburbs/south-grafton-nsw-2460/agents,0,7,0,9.1
grange postcode,https://www.yourpropertyguide.com.au/suburbs/kembla-grange-nsw-2526,0,2,0,8
granny flat investment property queensland,https://www.yourpropertyguide.com.au/guides/granny-flat-guide-qld,0,7,0,66.7
granny flat investment qld,https://www.yourpropertyguide.com.au/guides/granny-flat-guide-qld,0,8,0,71.5
granville state school,https://www.yourpropertyguide.com.au/suburbs/granville-qld-4650/schools,0,1,0,35
greater college park,https://www.yourpropertyguide.com.au/suburbs/college-park-sa-5069,0,11,0,47.5
green valley fees,https://www.yourpropertyguide.com.au/suburbs/green-valley-nsw-2168/schools,0,1,0,28
greenacre median house price,https://www.yourpropertyguide.com.au/suburbs/greenacre-nsw-2190/rental-market,0,1,0,27
greenbank postcode,https://www.yourpropertyguide.com.au/suburbs/greenbank-qld-4124,0,3,0,8
greendale new south wales,https://www.yourpropertyguide.com.au/suburbs/greendale-nsw-2550,0,1,0,29
greendale nsw,https://www.yourpropertyguide.com.au/suburbs/greendale-nsw-2550,0,4,0,23.8
greendale nsw postcode,https://www.yourpropertyguide.com.au/suburbs/greendale-nsw-2550,0,2,0,6.5
greendale post code,https://www.yourpropertyguide.com.au/suburbs/greendale-nsw-2550,0,9,0,7.4
greendale postcode,https://www.yourpropertyguide.com.au/suburbs/greendale-nsw-2550,0,38,0,6.3
greenfield crime rate,https://www.yourpropertyguide.com.au/suburbs/greenfield-park-nsw-2176,0,1,0,37
greenfield park nsw,https://www.yourpropertyguide.com.au/suburbs/greenfield-park-nsw-2176,0,3,0,36.7
greenfield park nsw 2176,https://www.yourpropertyguide.com.au/suburbs/greenfield-park-nsw-2176,0,1,0,30
greenfield park post code,https://www.yourpropertyguide.com.au/suburbs/greenfield-park-nsw-2176,0,16,0,8.2
greenfield park postcode,https://www.yourpropertyguide.com.au/suburbs/greenfield-park-nsw-2176,0,107,0,9.3
greenfield park sydney,https://www.yourpropertyguide.com.au/suburbs/greenfield-park-nsw-2176,0,1,0,41
greenfield park zip code,https://www.yourpropertyguide.com.au/suburbs/greenfield-park-nsw-2176,0,1,0,8
greenfield postcode,https://www.yourpropertyguide.com.au/suburbs/greenfield-park-nsw-2176,0,7,0,9.1
greenfield suburb,https://www.yourpropertyguide.com.au/suburbs/greenfield-park-nsw-2176,0,1,0,29
greenfields mandurah postcode,https://www.yourpropertyguide.com.au/suburbs/mandurah-dc-wa-6210,0,2,0,71
greenhills beach postcode,https://www.yourpropertyguide.com.au/suburbs/greenhills-beach-nsw-2230,0,1,0,8
greens beach postcode,https://www.yourpropertyguide.com.au/suburbs/greens-beach-tas-7270,0,4,0,7
greensborough postcode,https://www.yourpropertyguide.com.au/suburbs/greensborough-vic-3088,0,1,0,8
greenvale postcode,https://www.yourpropertyguide.com.au/suburbs/greenvale-vic-3059,0,2,0,9.5
greenwald victoria,https://www.yourpropertyguide.com.au/suburbs/greenwald-vic-3304,0,5,0,12.4
greenwich elementary schools,https://www.yourpropertyguide.com.au/suburbs/greenwich-nsw-2065/schools,0,1,0,38
greenwich public school catchment,https://www.yourpropertyguide.com.au/suburbs/greenwich-nsw-2065/schools,0,1,0,48
greenwich schools,https://www.yourpropertyguide.com.au/suburbs/greenwich-nsw-2065/schools,0,4,0,32.5
gregory hill postcode,https://www.yourpropertyguide.com.au/postcodes/2557,0,2,0,19
gregory hills 2557,https://www.yourpropertyguide.com.au/postcodes/2557,0,1,0,53
gregory hills nsw 2557,https://www.yourpropertyguide.com.au/postcodes/2557,0,2,0,50
gregory hills nsw postcode,https://www.yourpropertyguide.com.au/postcodes/2557,0,4,0,13
gregory hills post code,https://www.yourpropertyguide.com.au/postcodes/2557,0,26,0,10.5
gregory hills postcode,https://www.yourpropertyguide.com.au/postcodes/2557,0,46,0,10.5
gregory hills postcode nsw,https://www.yourpropertyguide.com.au/postcodes/2557,0,6,0,17.7
griffin suburb,https://www.yourpropertyguide.com.au/suburbs,0,1,0,81
griffith dc,https://www.yourpropertyguide.com.au/suburbs/griffith-dc-nsw-2680/schools,0,2,0,27
griffith real estate agents,https://www.yourpropertyguide.com.au/suburbs/griffith-nsw-2680/agents,0,7,0,7.6
gross rent calculator,https://www.yourpropertyguide.com.au/rental-yield-calculator,0,1,0,86
gross rental yield,https://www.yourpropertyguide.com.au/rental-yield-calculator,0,2,0,79.5
gross rental yield calculator,https://www.yourpropertyguide.com.au/rental-yield-calculator,0,4,0,91
gross yield,https://www.yourpropertyguide.com.au/rental-yield-calculator,0,1,0,95
gross yield calculation,https://www.yourpropertyguide.com.au/rental-yield-calculator,0,1,0,87
gross yield calculator,https://www.yourpropertyguide.com.au/rental-yield-calculator,0,1,0,98
groves christian college fees,https://www.yourpropertyguide.com.au/schools/groves-christian-college-47956/vs/kingston-state-school-47113,0,1,0,62
gruyere postcode,https://www.yourpropertyguide.com.au/suburbs/gruyere-vic-3770,0,1,0,8
guide to selling a house,https://www.yourpropertyguide.com.au/guides/how-to-sell-a-house-australia,0,1,0,69
guide to selling your home,https://www.yourpropertyguide.com.au/guides/how-to-sell-a-house-australia,0,1,0,68
guide to selling your house,https://www.yourpropertyguide.com.au/guides/how-to-sell-a-house-australia,0,1,0,65
gulgong nsw 2852,https://www.yourpropertyguide.com.au/suburbs/gulgong-nsw-2852,0,1,0,43
gulgong nsw postcode,https://www.yourpropertyguide.com.au/suburbs/gulgong-nsw-2852,0,19,0,11.2
gulgong police station,https://www.yourpropertyguide.com.au/suburbs/gulgong-nsw-2852,0,1,0,25
gulgong population,https://www.yourpropertyguide.com.au/suburbs/gulgong-nsw-2852,0,2,0,34.5
gulgong post code,https://www.yourpropertyguide.com.au/suburbs/gulgong-nsw-2852,0,32,0,10.1
gulgong postcode,https://www.yourpropertyguide.com.au/suburbs/gulgong-nsw-2852,0,124,0,10.8
gumly gumly,https://www.yourpropertyguide.com.au/suburbs/gumly-gumly-nsw-2652,0,1,0,17
gumly gumly nsw,https://www.yourpropertyguide.com.au/suburbs/gumly-gumly-nsw-2652,0,4,0,21
gumly gumly postcode,https://www.yourpropertyguide.com.au/suburbs/gumly-gumly-nsw-2652,0,30,0,9.1
gunbower postcode,https://www.yourpropertyguide.com.au/postcodes/3566,0,20,0,8.0
gundagai population 2026,https://www.yourpropertyguide.com.au/suburbs/gundagai-nsw-2722,0,7,0,9.3
gundagai post code,https://www.yourpropertyguide.com.au/suburbs/gundagai-nsw-2722,0,8,0,7.8
gundagai postcode,https://www.yourpropertyguide.com.au/suburbs/gundagai-nsw-2722,0,65,0,7.4
gunning postcode,https://www.yourpropertyguide.com.au/suburbs/gunning-nsw-2581,0,2,0,7
gwandalan,https://www.yourpropertyguide.com.au/suburbs/gwandalan-nsw-2259,0,3,0,56.7
gwandalan nsw,https://www.yourpropertyguide.com.au/suburbs/gwandalan-nsw-2259,0,1,0,50
gwandalan post code,https://www.yourpropertyguide.com.au/suburbs/gwandalan-nsw-2259,0,12,0,7.8
gwandalan postcode,https://www.yourpropertyguide.com.au/suburbs/gwandalan-nsw-2259,0,11,0,10.4
gymea postcode,https://www.yourpropertyguide.com.au/suburbs/gymea-nsw-2227,0,1,0,10
hackham postcode,https://www.yourpropertyguide.com.au/suburbs/hackham-sa-5163,0,2,0,7.5
hallett cove postcode,https://www.yourpropertyguide.com.au/suburbs/hallett-cove-sa-5158,0,1,0,11
hamilton postcode qld,https://www.yourpropertyguide.com.au/suburbs/hamilton-qld-4007,0,1,0,8
hampton park suburb profile,https://www.yourpropertyguide.com.au/suburbs/hampton-park-vic-3976/rental-market,0,1,0,61
handing over keys,https://www.yourpropertyguide.com.au/guides,0,1,0,86
harcourts commission rates calculator,https://www.yourpropertyguide.com.au/real-estate-commission-calculator,0,1,0,52
harman postcode,https://www.yourpropertyguide.com.au/suburbs/harman-act-2600,0,1,0,8
harrisdale postcode,https://www.yourpropertyguide.com.au/suburbs/harrisdale-wa-6112,0,3,0,8.7
harrismith postal code,https://www.yourpropertyguide.com.au/postcodes/6361,0,3,0,6.7
harristown postcode,https://www.yourpropertyguide.com.au/suburbs/harristown-qld-4350,0,1,0,8
hawksburn postcode,https://www.yourpropertyguide.com.au/suburbs/toorak-vic-3142,0,1,0,8
hawthorn east,https://www.yourpropertyguide.com.au/suburbs/hawthorn-east-vic-3123,0,28,0,75.8
hawthorn east 3123,https://www.yourpropertyguide.com.au/suburbs/hawthorn-east-vic-3123,0,2,0,39.5
hawthorn east australia,https://www.yourpropertyguide.com.au/suburbs/hawthorn-east-vic-3123,0,1,0,58
hawthorn east median house price,https://www.yourpropertyguide.com.au/suburbs/hawthorn-east-vic-3123,0,1,0,14
hawthorn east melbourne,https://www.yourpropertyguide.com.au/suburbs/hawthorn-east-vic-3123,0,2,0,68
hawthorn east post code,https://www.yourpropertyguide.com.au/suburbs/hawthorn-east-vic-3123,0,76,0,6.9
hawthorn east postal code,https://www.yourpropertyguide.com.au/suburbs/hawthorn-east-vic-3123,0,7,0,7.7
hawthorn east postcode,https://www.yourpropertyguide.com.au/suburbs/hawthorn-east-vic-3123,0,920,0,7.9
hawthorn east postcode victoria,https://www.yourpropertyguide.com.au/suburbs/hawthorn-east-vic-3123,0,19,0,8.3
hawthorn east real estate agents,https://www.yourpropertyguide.com.au/suburbs/hawthorn-east-vic-3123/agents,0,2,0,10.5
hawthorn east vic,https://www.yourpropertyguide.com.au/suburbs/hawthorn-east-vic-3123,0,3,0,59.3
hawthorn east vic 3123,https://www.yourpropertyguide.com.au/suburbs/hawthorn-east-vic-3123,0,21,0,31.9
hawthorn east vic 3123 australia,https://www.yourpropertyguide.com.au/suburbs/hawthorn-east-vic-3123,0,1,0,44
hawthorn east vic australia,https://www.yourpropertyguide.com.au/suburbs/hawthorn-east-vic-3123,0,1,0,67
hawthorn east vic postcode,https://www.yourpropertyguide.com.au/suburbs/hawthorn-east-vic-3123,0,10,0,7.5
hawthorn east victoria,https://www.yourpropertyguide.com.au/suburbs/hawthorn-east-vic-3123,0,2,0,54
hawthorn median house price,https://www.yourpropertyguide.com.au/suburbs/hawthorn-east-vic-3123,0,86,0,18.4
hawthorn melbourne postcode,https://www.yourpropertyguide.com.au/suburbs/hawthorn-east-vic-3123,0,5,0,10.6
hawthorn postcode,https://www.yourpropertyguide.com.au/suburbs/hawthorn-east-vic-3123,0,1,0,10
hawthorn suburb profile,https://www.yourpropertyguide.com.au/suburbs/hawthorn-east-vic-3123,0,3,0,40
hawthorn vic post code,https://www.yourpropertyguide.com.au/suburbs/hawthorn-east-vic-3123,0,11,0,10.6
hawthorn west,https://www.yourpropertyguide.com.au/schools/hawthorn-west-primary-school-44069,0,1,0,54
hawthorne east postcode,https://www.yourpropertyguide.com.au/suburbs/hawthorn-east-vic-3123,0,7,0,8.6
hawthron east postcode,https://www.yourpropertyguide.com.au/suburbs/hawthorn-east-vic-3123,0,19,0,7.8
hayes lane huntley nsw 2530,https://www.yourpropertyguide.com.au/suburbs/huntley-nsw-2530/schools,0,1,0,52
hazelwood secondary school,https://www.yourpropertyguide.com.au/suburbs/hazelwood-north-vic-3840/schools,0,1,0,10
heatherbrae dt,https://www.yourpropertyguide.com.au/suburbs/raymond-terrace-east-nsw-2324/vs/heatherbrae-nsw-2324,0,1,0,99
heatherbrae nsw 2324,https://www.yourpropertyguide.com.au/guides/real-estate-commission-nsw,0,1,0,7
heatherbrae nsw 2324,https://www.yourpropertyguide.com.au/suburbs/raymond-terrace-east-nsw-2324/vs/heatherbrae-nsw-2324,0,2,0,51.5
heatherton,https://www.yourpropertyguide.com.au/best-suburbs/highest-growth/vic,0,1,0,4
heatherton 3202,https://www.yourpropertyguide.com.au/postcodes/3202,0,2,0,33
heatherton post code,https://www.yourpropertyguide.com.au/postcodes/3202,0,32,0,9.3
heatherton postcode,https://www.yourpropertyguide.com.au/postcodes/3202,0,106,0,9.6
heatherton postcode vic,https://www.yourpropertyguide.com.au/postcodes/3202,0,8,0,9.6
heatherton vic 3202,https://www.yourpropertyguide.com.au/postcodes/3202,0,2,0,38.5
heatherton vic postcode,https://www.yourpropertyguide.com.au/postcodes/3202,0,9,0,9.6
heckenberg nsw australia,https://www.yourpropertyguide.com.au/suburbs/heckenberg-nsw-2168,0,3,0,15.7
helensvale post code,https://www.yourpropertyguide.com.au/postcodes/4212,0,65,0,10.8
helensvale postcode,https://www.yourpropertyguide.com.au/postcodes/4212,0,10,0,10.5
helensvale postcode qld,https://www.yourpropertyguide.com.au/postcodes/4212,0,2,0,11.5
help to buy affordability calculator,https://www.yourpropertyguide.com.au/affordability-calculator,0,1,0,84
henderson post code,https://www.yourpropertyguide.com.au/suburbs/henderson-wa-6166,0,4,0,7.5
henderson postcode,https://www.yourpropertyguide.com.au/suburbs/henderson-wa-6166,0,28,0,10.3
henderson wa,https://www.yourpropertyguide.com.au/suburbs/henderson-wa-6166,0,2,0,33.5
henderson wa postcode,https://www.yourpropertyguide.com.au/suburbs/henderson-wa-6166,0,1,0,10
hendon post code,https://www.yourpropertyguide.com.au/postcodes/4362,0,1,0,10
hendon postcode,https://www.yourpropertyguide.com.au/postcodes/4362,0,2,0,12
henley brook suburb profile,https://www.yourpropertyguide.com.au/suburbs/ellenbrook-wa-6069/vs/henley-brook-wa-6055,0,1,0,37
heritage park post code,https://www.yourpropertyguide.com.au/postcodes/4118,0,2,0,10
herston postcode,https://www.yourpropertyguide.com.au/suburbs/herston-qld-4006,0,1,0,7
high rental yields in geraldton,https://www.yourpropertyguide.com.au/best-suburbs/best-rental-yield/wa,0,22,0,23.9
high rental yields in geraldton,https://www.yourpropertyguide.com.au/suburbs/geraldton-wa-6530/rental-market,0,18,0,68.3
high-yield rental suburbs adelaide,https://www.yourpropertyguide.com.au/best-suburbs/best-rental-yield/sa,0,2,0,48
highest growth subhurb western australia,https://www.yourpropertyguide.com.au/best-suburbs/highest-growth/wa,0,3,0,39
highett postcode,https://www.yourpropertyguide.com.au/suburbs/highett-vic-3190,0,1,0,7
highgate area,https://www.yourpropertyguide.com.au/suburbs/highgate-wa-6003,0,1,0,70
highgate perth,https://www.yourpropertyguide.com.au/suburbs/highgate-wa-6003,0,5,0,41.8
highgate perth australia,https://www.yourpropertyguide.com.au/suburbs/highgate-wa-6003,0,2,0,47
highgate perth map,https://www.yourpropertyguide.com.au/suburbs/highgate-wa-6003,0,1,0,66
highgate perth postcode,https://www.yourpropertyguide.com.au/suburbs/highgate-wa-6003,0,13,0,8.4
highgate perth wa,https://www.yourpropertyguide.com.au/suburbs/highgate-wa-6003,0,1,0,44
highgate post code,https://www.yourpropertyguide.com.au/suburbs/highgate-wa-6003,0,30,0,6.2
highgate postal code,https://www.yourpropertyguide.com.au/suburbs/highgate-wa-6003,0,3,0,6.7
highgate postcode,https://www.yourpropertyguide.com.au/suburbs/highgate-wa-6003,0,207,0,5.7
highgate postcode wa,https://www.yourpropertyguide.com.au/suburbs/highgate-wa-6003,0,20,0,8.2
highgate wa,https://www.yourpropertyguide.com.au/suburbs/highgate-wa-6003,0,1,0,27
highgate wa 6003,https://www.yourpropertyguide.com.au/suburbs/highgate-wa-6003,0,3,0,12
highgate wa postcode,https://www.yourpropertyguide.com.au/suburbs/highgate-wa-6003,0,32,0,7.9
highgate zip code,https://www.yourpropertyguide.com.au/suburbs/highgate-wa-6003,0,2,0,7
hill herne,https://yourpropertyguide.com.au/suburbs/herne-hill-wa-6056,0,4,0,54.2
hillarys postcode,https://www.yourpropertyguide.com.au/suburbs/hillarys-wa-6025,0,1,0,7
hillcrest brisbane postcode,https://www.yourpropertyguide.com.au/postcodes/4118,0,2,0,9
hilltown sa,https://www.yourpropertyguide.com.au/suburbs/hilltown-sa-5455,0,2,0,12.5
historical rba cash rate,https://www.yourpropertyguide.com.au/rba-cash-rate,0,1,0,59
hoddles creek postcode,https://www.yourpropertyguide.com.au/suburbs/hoddles-creek-vic-3139,0,7,0,6.7
holden hill postcode,https://www.yourpropertyguide.com.au/suburbs/holden-hill-sa-5088,0,1,0,9
holder act,https://www.yourpropertyguide.com.au/suburbs/holder-act-2611,0,3,0,15.7
holder act postcode,https://www.yourpropertyguide.com.au/suburbs/holder-act-2611,0,42,0,8.4
holder canberra,https://www.yourpropertyguide.com.au/suburbs/holder-act-2611,0,1,0,40
holder postcode,https://www.yourpropertyguide.com.au/suburbs/holder-act-2611,0,56,0,6.1
hollywell postcode,https://www.yourpropertyguide.com.au/suburbs/hollywell-qld-4216,0,1,0,6
holmview postcode,https://www.yourpropertyguide.com.au/suburbs/holmview-qld-4207,0,1,0,7
home afford,https://www.yourpropertyguide.com.au/affordability-calculator,0,1,0,98
home affordability,https://www.yourpropertyguide.com.au/affordability-calculator,0,3,0,59
home affordability calculator,https://www.yourpropertyguide.com.au/affordability-calculator,0,2,0,78.5
home appraisal cost,https://www.yourpropertyguide.com.au/selling,0,1,0,54
home appraisals balaclava,https://www.yourpropertyguide.com.au/suburbs/balaclava-nsw-2575/rental-market,0,1,0,40
home appraisals balaclava,https://www.yourpropertyguide.com.au/suburbs/balaclava-vic-3183/agents,0,1,0,13
home appraisals balnarring,https://www.yourpropertyguide.com.au/suburbs/balnarring-vic-3926/agents,0,1,0,11
home appraisals burwood,https://www.yourpropertyguide.com.au/suburbs/burwood-nsw-2134/agents,0,1,0,5
home appraisals capel sound,https://www.yourpropertyguide.com.au/suburbs/capel-sound-vic-3940/agents,0,1,0,15
home appraisals carnegie,https://www.yourpropertyguide.com.au/suburbs/carnegie-vic-3163/agents,0,1,0,12
home appraisals caulfield east,https://www.yourpropertyguide.com.au/suburbs/caulfield-east-vic-3145/agents,0,1,0,9
home appraisals chelsea heights,https://www.yourpropertyguide.com.au/suburbs/chelsea-heights-vic-3196/agents,0,1,0,16
home appraisals deepdene,https://www.yourpropertyguide.com.au/suburbs/deepdene-vic-3103,0,1,0,6
home appraisals deepdene,https://www.yourpropertyguide.com.au/suburbs/deepdene-vic-3103/agents,0,1,0,9
home appraisals donvale,https://www.yourpropertyguide.com.au/suburbs/donvale-vic-3111/agents,0,2,0,11.5
home appraisals dromana,https://www.yourpropertyguide.com.au/suburbs/dromana-vic-3936/agents,0,1,0,19
home appraisals elwood,https://www.yourpropertyguide.com.au/suburbs/elwood-vic-3184/agents,0,1,0,16
home appraisals flinders,https://www.yourpropertyguide.com.au/suburbs/flinders-park-sa-5025/agents,0,1,0,12
home appraisals frankston south,https://www.yourpropertyguide.com.au/suburbs/frankston-south-vic-3199/agents,0,1,0,16
home appraisals glen huntly,https://www.yourpropertyguide.com.au/suburbs/glen-huntly-vic-3163/agents,0,2,0,7.5
home appraisals hampton east,https://www.yourpropertyguide.com.au/suburbs/hampton-east-vic-3188/agents,0,1,0,18
home appraisals huntingdale,https://www.yourpropertyguide.com.au/suburbs/huntingdale-vic-3166/agents,0,5,0,13.6
home appraisals kooyong,https://www.yourpropertyguide.com.au/suburbs/kooyong-vic-3144/agents,0,1,0,14
home appraisals mccrae,https://www.yourpropertyguide.com.au/suburbs/mccrae-vic-3938/agents,0,2,0,17
home appraisals mont albert north,https://www.yourpropertyguide.com.au/suburbs/mont-albert-north-vic-3129/agents,0,3,0,11.3
home appraisals park orchards,https://www.yourpropertyguide.com.au/suburbs/park-orchards-vic-3114/agents,0,1,0,16
home appraisals ripponlea,https://www.yourpropertyguide.com.au/suburbs/ripponlea-vic-3185/agents,0,1,0,13
home appraisals rosebud,https://www.yourpropertyguide.com.au/suburbs/rosebud-vic-3939/agents,0,1,0,17
home appraisals rye,https://www.yourpropertyguide.com.au/suburbs/rye-vic-3941/agents,0,1,0,3
home appraisals safety beach,https://www.yourpropertyguide.com.au/suburbs/safety-beach-vic-3936/agents,0,1,0,13
home appraisals shoreham,https://www.yourpropertyguide.com.au/suburbs/shoreham-vic-3916/agents,0,2,0,13.5
home appraisals st kilda west,https://www.yourpropertyguide.com.au/suburbs/st-kilda-west-vic-3182/agents,0,1,0,17
home appraisals tootgarook,https://www.yourpropertyguide.com.au/suburbs/tootgarook-vic-3941/agents,0,2,0,12.5
home approval calculator,https://www.yourpropertyguide.com.au/affordability-calculator,0,1,0,83
home buyer agent fees,https://www.yourpropertyguide.com.au/guides/real-estate-commission-nsw,0,1,0,100
home buyer's guide,https://www.yourpropertyguide.com.au/,0,2,0,38
home buyer's guide,https://www.yourpropertyguide.com.au/buying-guide,0,1,0,88
home buying affordability calculator,https://www.yourpropertyguide.com.au/affordability-calculator,0,1,0,72
home buying blogs,https://www.yourpropertyguide.com.au/,0,15,0,51.5
home buying budget calculator,https://www.yourpropertyguide.com.au/affordability-calculator,0,1,0,88
home buying guide australia,https://www.yourpropertyguide.com.au/buying-guide,0,7,0,73.7
home buying guide australia,https://www.yourpropertyguide.com.au/guides/buying-property-australia,0,6,0,85.8
home buying guide pdf,https://www.yourpropertyguide.com.au/buying-guide,0,1,0,72
home buying power,https://www.yourpropertyguide.com.au/affordability-calculator,0,1,0,99
home buying power calculator,https://www.yourpropertyguide.com.au/affordability-calculator,0,1,0,93
home loan affordability,https://www.yourpropertyguide.com.au/affordability-calculator,0,2,0,98
home loan affordability calculator,https://www.yourpropertyguide.com.au/borrowing-power-calculator,0,2,0,97.5
home loan approval calculator,https://www.yourpropertyguide.com.au/borrowing-power-calculator,0,4,0,95.2
home loan borrow calculator,https://www.yourpropertyguide.com.au/borrowing-power-calculator,0,2,0,29.5
home loan borrowing calculator,https://www.yourpropertyguide.com.au/borrowing-power-calculator,0,12,0,93.8
home loan borrowing calculator australia,https://www.yourpropertyguide.com.au/borrowing-power-calculator,0,1,0,86
home loan borrowing calculator cba,https://www.yourpropertyguide.com.au/borrowing-power-calculator,0,2,0,92.5
home loan borrowing calculator nab,https://www.yourpropertyguide.com.au/borrowing-power-calculator,0,2,0,90
home loan borrowing power,https://www.yourpropertyguide.com.au/borrowing-power-calculator,0,2,0,91
home loan borrowing power calculator,https://www.yourpropertyguide.com.au/borrowing-power-calculator,0,1,0,100
home loan buying power calculator,https://www.yourpropertyguide.com.au/borrowing-power-calculator,0,1,0,87
home loan calculator,https://www.yourpropertyguide.com.au/mortgage-calculator,0,5,0,98.8
home loan calculator affordability,https://www.yourpropertyguide.com.au/affordability-calculator,0,1,0,87
home loan calculator borrow,https://www.yourpropertyguide.com.au/borrowing-power-calculator,0,1,0,93
home loan calculator how much can i borrow,https://www.yourpropertyguide.com.au/borrowing-power-calculator,0,1,0,99
home loan calculator qld,https://www.yourpropertyguide.com.au/mortgage-calculator,0,1,0,95
home loan eligibility calculator,https://www.yourpropertyguide.com.au/borrowing-power-calculator,0,27,0,97
home loan eligibility calculator australia,https://www.yourpropertyguide.com.au/borrowing-power-calculator,0,3,0,96
home loan estimator,https://www.yourpropertyguide.com.au/mortgage-calculator,0,2,0,95.5
home loan how much can i afford,https://www.yourpropertyguide.com.au/affordability-calculator,0,1,0,92
home loan how much can i afford,https://www.yourpropertyguide.com.au/borrowing-power-calculator,0,1,0,98
home loan how much can i borrow,https://www.yourpropertyguide.com.au/borrowing-power-calculator,0,1,0,32
home loan how much can i borrow calculator,https://www.yourpropertyguide.com.au/borrowing-power-calculator,0,1,0,98
home loan power calculator,https://www.yourpropertyguide.com.au/borrowing-power-calculator,0,2,0,97.5
home loan serviceability calculator,https://www.yourpropertyguide.com.au/borrowing-power-calculator,0,1,0,100
home loans australia calculator,https://www.yourpropertyguide.com.au/mortgage-calculator,0,1,0,100
home mortgage approval calculator,https://www.yourpropertyguide.com.au/affordability-calculator,0,1,0,83
home much home can i afford,https://www.yourpropertyguide.com.au/affordability-calculator,0,1,0,90
home much house can i afford,https://www.yourpropertyguide.com.au/affordability-calculator,0,1,0,89
home price guide,https://www.yourpropertyguide.com.au/,0,85,0,27.2
home purchase affordability calculator,https://www.yourpropertyguide.com.au/affordability-calculator,0,1,0,73
home purchase budget,https://www.yourpropertyguide.com.au/affordability-calculator,0,1,0,87
home renovation australia,https://www.yourpropertyguide.com.au/renovating,0,7,0,78.7
home renovation budget,https://www.yourpropertyguide.com.au/renovating,0,2,0,85.5
home renovation cost,https://www.yourpropertyguide.com.au/renovating,0,6,0,89.3
home renovation cost wantirna,https://www.yourpropertyguide.com.au/guides/renovation-cost-australia-2026,0,1,0,34
home renovation costs,https://www.yourpropertyguide.com.au/renovating,0,1,0,80
home renovation costs 2021,https://www.yourpropertyguide.com.au/renovating,0,1,0,94
home renovation costs 2023,https://www.yourpropertyguide.com.au/renovating,0,1,0,72
home rental appraisal modbury,https://www.yourpropertyguide.com.au/suburbs/modbury-north-sa-5092/rental-market,0,1,0,33
home rental appraisal modbury,https://www.yourpropertyguide.com.au/suburbs/modbury-sa-5092/rental-market,0,3,0,46
home sale commission,https://www.yourpropertyguide.com.au/guides/real-estate-commission-nsw,0,1,0,78
home sale commission,https://www.yourpropertyguide.com.au/guides/real-estate-commission-vic,0,4,0,51.8
home selling commission,https://www.yourpropertyguide.com.au/guides/real-estate-commission-nsw,0,1,0,77
home selling commission,https://www.yourpropertyguide.com.au/guides/real-estate-commission-vic,0,1,0,34
home selling commission,https://www.yourpropertyguide.com.au/real-estate-commission-calculator,0,1,0,92
home selling cost,https://www.yourpropertyguide.com.au/selling-costs-calculator,0,1,0,83
home staging cost australia,https://www.yourpropertyguide.com.au/guides/home-staging-cost-australia,0,2,0,69.5
homebush 2140,https://www.yourpropertyguide.com.au/suburbs/homebush-south-nsw-2140,0,1,0,54
homebush bay postcode,https://www.yourpropertyguide.com.au/suburbs/homebush-bay-nsw-2127,0,11,0,6.4
homebush demographics,https://www.yourpropertyguide.com.au/suburbs/homebush-south-nsw-2140,0,1,0,26
homebush nsw,https://www.yourpropertyguide.com.au/suburbs/homebush-south-nsw-2140,0,3,0,78.3
homebush nsw 2140,https://www.yourpropertyguide.com.au/suburbs/homebush-south-nsw-2140,0,1,0,55
homebush post code,https://www.yourpropertyguide.com.au/postcodes/2140,0,3,0,11.7
homebush postal code,https://www.yourpropertyguide.com.au/postcodes/2140,0,1,0,13
homebush postal code,https://www.yourpropertyguide.com.au/suburbs/homebush-south-nsw-2140,0,3,0,14
homebush postcode,https://www.yourpropertyguide.com.au/postcodes/2140,0,1,0,11
homebush postcode,https://www.yourpropertyguide.com.au/suburbs/homebush-bay-nsw-2127,0,54,0,11.5
homebush postcode,https://www.yourpropertyguide.com.au/suburbs/homebush-south-nsw-2140,0,462,0,11.9
homebush postcode nsw,https://www.yourpropertyguide.com.au/postcodes/2140,0,1,0,12
homebush postcode nsw,https://www.yourpropertyguide.com.au/suburbs/homebush-south-nsw-2140,0,20,0,12.3
homebush suburb,https://www.yourpropertyguide.com.au/suburbs/homebush-south-nsw-2140,0,1,0,92
homebush suburb profile,https://www.yourpropertyguide.com.au/suburbs/homebush-bay-nsw-2127,0,1,0,29
homebush suburb profile,https://www.yourpropertyguide.com.au/suburbs/homebush-south-nsw-2140,0,1,0,50
homebush west postcode,https://www.yourpropertyguide.com.au/postcodes/2140,0,1,0,20
homebush west postcode,https://www.yourpropertyguide.com.au/suburbs/homebush-west-nsw-2140,0,1,0,10
homebush west suburb profile,https://www.yourpropertyguide.com.au/suburbs/homebush-south-nsw-2140,0,1,0,43
homelet referencing,https://www.yourpropertyguide.com.au/guides,0,1,0,68
homeloan calculator,https://www.yourpropertyguide.com.au/mortgage-calculator,0,1,0,96
homeloan repayment calculator,https://www.yourpropertyguide.com.au/mortgage-calculator,0,1,0,99
homeowners dues,https://www.yourpropertyguide.com.au/guides,0,1,0,87
homepriceguide,https://www.yourpropertyguide.com.au/,0,1,0,52
homesguide com au,https://www.yourpropertyguide.com.au/,0,4,0,38
homesguide com au,https://www.yourpropertyguide.com.au/about,0,2,0,87.5
hope island postcode,https://www.yourpropertyguide.com.au/postcodes/4212,0,3,0,16
hope island qld postcode,https://www.yourpropertyguide.com.au/postcodes/4212,0,1,0,31
hoppers crossing median house price,https://www.yourpropertyguide.com.au/suburbs/werribee-vic-3030/vs/hoppers-crossing-vic-3029,0,1,0,28
hoppers crossing property growth,https://www.yourpropertyguide.com.au/suburbs/tarneit-vic-3029/vs/hoppers-crossing-vic-3029,0,7,0,12.9
hoppers crossing property growth,https://www.yourpropertyguide.com.au/suburbs/werribee-vic-3030/vs/hoppers-crossing-vic-3029,0,2,0,19.5
horfield,https://www.yourpropertyguide.com.au/suburbs/horfield-vic-3567,0,2,0,9.5
horfield postcode,https://www.yourpropertyguide.com.au/suburbs/horfield-vic-3567,0,4,0,6.8
horfield victoria,https://www.yourpropertyguide.com.au/suburbs/horfield-vic-3567,0,12,0,10.1
horn island post code,https://www.yourpropertyguide.com.au/suburbs/horn-island-qld-4875,0,3,0,7.3
horn island postcode,https://www.yourpropertyguide.com.au/suburbs/horn-island-qld-4875,0,5,0,8.4
hornsby,https://www.yourpropertyguide.com.au/suburbs/hornsby-heights-nsw-2077,0,1,0,20
hornsby heights,https://www.yourpropertyguide.com.au/suburbs/hornsby-heights-nsw-2077,0,3,0,87.3
hornsby heights post code,https://www.yourpropertyguide.com.au/suburbs/hornsby-heights-nsw-2077,0,8,0,10
hornsby heights postcode,https://www.yourpropertyguide.com.au/suburbs/hornsby-heights-nsw-2077,0,12,0,11.1
hornsby median house price,https://www.yourpropertyguide.com.au/suburbs/hornsby-heights-nsw-2077,0,1,0,33
hornsby postcode nsw,https://www.yourpropertyguide.com.au/suburbs/hornsby-heights-nsw-2077,0,1,0,11
horsham property management,https://www.yourpropertyguide.com.au/suburbs/horsham-vic-3400/agents,0,1,0,47
horsham property management,https://www.yourpropertyguide.com.au/suburbs/horsham-vic-3401/agents,0,1,0,49
horsham real estate agents,https://www.yourpropertyguide.com.au/suburbs/horsham-vic-3400/agents,0,2,0,40
horton postcode,https://www.yourpropertyguide.com.au/suburbs/upper-horton-nsw-2347,0,1,0,11
hoskinstown,https://www.yourpropertyguide.com.au/suburbs/hoskinstown-nsw-2621,0,2,0,23
house &amp land packages,https://www.yourpropertyguide.com.au/guides/house-and-land-packages-are-they-worth-it,0,1,0,78
house affordability,https://www.yourpropertyguide.com.au/affordability-calculator,0,5,0,47
house affordability calculator,https://www.yourpropertyguide.com.au/affordability-calculator,0,2,0,80.5
house appraisal cost,https://www.yourpropertyguide.com.au/selling,0,4,0,42.8
house approval calculator,https://www.yourpropertyguide.com.au/affordability-calculator,0,1,0,83
house borrowing calculator,https://www.yourpropertyguide.com.au/borrowing-power-calculator,0,1,0,99
house budget calculator,https://www.yourpropertyguide.com.au/affordability-calculator,0,1,0,90
house buyer agent commission,https://www.yourpropertyguide.com.au/guides/real-estate-commission-nsw,0,1,0,52
house buyer agent commission,https://www.yourpropertyguide.com.au/guides/real-estate-commission-vic,0,2,0,68
house buying australia,https://www.yourpropertyguide.com.au/guides/buying-property-australia,0,1,0,65
house buying mistakes,https://www.yourpropertyguide.com.au/guides/first-home-buyer-mistakes-to-avoid,0,1,0,65
house buying process australia,https://www.yourpropertyguide.com.au/guides/buying-property-australia,0,1,0,69
house cost calculator,https://www.yourpropertyguide.com.au/selling-costs-calculator,0,2,0,29.5
house guide,https://www.yourpropertyguide.com.au/,0,1,0,19
house guide price,https://www.yourpropertyguide.com.au/,0,2,0,32.5
house loan affordability,https://www.yourpropertyguide.com.au/borrowing-power-calculator,0,1,0,99
house loan affordability calculator,https://www.yourpropertyguide.com.au/affordability-calculator,0,1,0,89
house loan how much can i afford,https://www.yourpropertyguide.com.au/affordability-calculator,0,1,0,86
house loan how much can i afford,https://www.yourpropertyguide.com.au/borrowing-power-calculator,0,1,0,97
house loan pre approval calculator,https://www.yourpropertyguide.com.au/borrowing-power-calculator,0,1,0,97
house much house can i afford,https://www.yourpropertyguide.com.au/affordability-calculator,0,1,0,88
house price guide,https://www.yourpropertyguide.com.au/,0,2,0,27
house purchase australia,https://www.yourpropertyguide.com.au/guides/buying-property-australia,0,1,0,73
house purchase budget,https://www.yourpropertyguide.com.au/affordability-calculator,0,1,0,77
house remodeling costs,https://www.yourpropertyguide.com.au/renovating,0,1,0,99
house renovation budget,https://www.yourpropertyguide.com.au/renovating,0,1,0,85
house renovation cost,https://www.yourpropertyguide.com.au/renovating,0,6,0,93.5
house renovation costs,https://www.yourpropertyguide.com.au/renovating,0,2,0,84
house renovations costs,https://www.yourpropertyguide.com.au/renovating,0,2,0,75
house sale agent commission,https://www.yourpropertyguide.com.au/guides/real-estate-commission-vic,0,1,0,60
house sale commission,https://www.yourpropertyguide.com.au/guides/real-estate-commission-nsw,0,1,0,78
house sale commission,https://www.yourpropertyguide.com.au/guides/real-estate-commission-vic,0,3,0,42
house sale commission calculator,https://www.yourpropertyguide.com.au/real-estate-commission-calculator,0,1,0,83
house sale fees calculator,https://www.yourpropertyguide.com.au/guides/cost-of-selling-a-house-vic,0,2,0,15
house selling agent fees,https://www.yourpropertyguide.com.au/guides/real-estate-commission-vic,0,1,0,68
house selling cost calculator,https://www.yourpropertyguide.com.au/guides/cost-of-selling-a-house-vic,0,2,0,10.5
house selling costs,https://www.yourpropertyguide.com.au/selling-costs-calculator,0,16,0,13.4
house selling costs calculator,https://www.yourpropertyguide.com.au/guides/cost-of-selling-a-house-vic,0,1,0,15
house selling fees estate agents,https://www.yourpropertyguide.com.au/guides/real-estate-commission-vic,0,1,0,46
house survey comparison,https://www.yourpropertyguide.com.au/tools,0,1,0,79
house valuation bankstown,https://www.yourpropertyguide.com.au/suburbs/bankstown-nsw-2200/rental-market,0,4,0,73.5
house valuation calculator by postcode,https://www.yourpropertyguide.com.au/suburbs/arundel-qld-4214,0,1,0,78
house valuation campbelltown,https://www.yourpropertyguide.com.au/suburbs/campbelltown-nsw-2560/rental-market,0,2,0,69
houses for rent in blyth,https://www.yourpropertyguide.com.au/suburbs/blyth-sa-5462/rental-market,0,1,0,28
housing affordability calculator,https://www.yourpropertyguide.com.au/affordability-calculator,0,1,0,80
housing agent commission,https://www.yourpropertyguide.com.au/guides/real-estate-commission-vic,0,2,0,57
housing budget calculator,https://www.yourpropertyguide.com.au/affordability-calculator,0,1,0,95
housing income calculator,https://www.yourpropertyguide.com.au/affordability-calculator,0,1,0,72
housing loan affordability calculator,https://www.yourpropertyguide.com.au/affordability-calculator,0,2,0,86
housing loan affordability calculator,https://www.yourpropertyguide.com.au/borrowing-power-calculator,0,1,0,95
housing loan eligibility calculator,https://www.yourpropertyguide.com.au/borrowing-power-calculator,0,1,0,88
housing to income ratio calculator,https://www.yourpropertyguide.com.au/affordability-calculator,0,1,0,71
how big of a house can i afford calculator,https://www.yourpropertyguide.com.au/affordability-calculator,0,1,0,86
how big of a house loan can i get,https://www.yourpropertyguide.com.au/borrowing-power-calculator,0,1,0,92
how big of a mortgage can i afford calculator,https://www.yourpropertyguide.com.au/affordability-calculator,0,1,0,94
how big of a mortgage payment can i afford,https://www.yourpropertyguide.com.au/affordability-calculator,0,1,0,93
how can i buy a house in australia,https://www.yourpropertyguide.com.au/guides/buying-property-australia,0,1,0,76
how do i buy a house in australia,https://www.yourpropertyguide.com.au/guides/buying-property-australia,0,2,0,79
how do i evaluate property affordability?,https://www.yourpropertyguide.com.au/affordability-calculator,0,1,0,1
how do i find a realtor,https://www.yourpropertyguide.com.au/find-an-expert,0,1,0,94
how do i know if i can afford a house,https://www.yourpropertyguide.com.au/affordability-calculator,0,1,0,72
how do i sell a house,https://www.yourpropertyguide.com.au/guides/how-to-sell-a-house-australia,0,1,0,59
how do you buy a house in australia,https://www.yourpropertyguide.com.au/guides/buying-property-australia,0,1,0,74
how do you buy property,https://www.yourpropertyguide.com.au/guides/buying-property-australia,0,1,0,78
how do you calculate yield on a rental property,https://www.yourpropertyguide.com.au/rental-yield-calculator,0,1,0,85
how do you find a realtor,https://www.yourpropertyguide.com.au/find-an-expert,0,1,0,93
how do you find commission rate,https://www.yourpropertyguide.com.au/guides/real-estate-commission-vic,0,1,0,36
how do you find the commission,https://www.yourpropertyguide.com.au/real-estate-commission-calculator,0,1,0,81
how do you sale a house,https://www.yourpropertyguide.com.au/guides/how-to-sell-a-house-australia,0,2,0,65.5
how does buying a house work in australia,https://www.yourpropertyguide.com.au/guides/buying-property-australia,0,1,0,87
how does real estate commission work,https://www.yourpropertyguide.com.au/guides/real-estate-commission-vic,0,1,0,52
how expensive house can i afford,https://www.yourpropertyguide.com.au/affordability-calculator,0,1,0,82
how expensive of a home can i afford,https://www.yourpropertyguide.com.au/affordability-calculator,0,2,0,85.5
how expensive of a home can i afford calculator,https://www.yourpropertyguide.com.au/affordability-calculator,0,1,0,82
how expensive of a house can i afford,https://www.yourpropertyguide.com.au/affordability-calculator,0,1,0,85
how expensive of a house can i afford calculator,https://www.yourpropertyguide.com.au/affordability-calculator,0,1,0,81
how large of a house can i afford,https://www.yourpropertyguide.com.au/affordability-calculator,0,1,0,90
how many people live in bondi,https://www.yourpropertyguide.com.au/suburbs/bondi-nsw-2026,0,1,0,32
how much agent charge for selling house,https://www.yourpropertyguide.com.au/guides/real-estate-commission-nsw,0,2,0,54
how much agent charge for selling house,https://www.yourpropertyguide.com.au/guides/real-estate-commission-vic,0,4,0,34.8
how much am i able to borrow for a mortgage,https://www.yourpropertyguide.com.au/borrowing-power-calculator,0,4,0,90.5
how much apartment can i afford calculator,https://www.yourpropertyguide.com.au/affordability-calculator,0,1,0,89
how much are agent fees for selling a house,https://www.yourpropertyguide.com.au/guides/real-estate-commission-vic,0,1,0,40
how much are agent fees when selling a house,https://www.yourpropertyguide.com.au/guides/real-estate-commission-vic,0,1,0,41
how much are estate agent fees for selling,https://www.yourpropertyguide.com.au/guides/real-estate-commission-vic,0,1,0,42
how much are estate agent fees for selling a house,https://www.yourpropertyguide.com.au/guides/real-estate-commission-vic,0,1,0,42
how much are real estate agent commissions,https://www.yourpropertyguide.com.au/guides/real-estate-commission-vic,0,1,0,68
how much are real estate agent fees,https://www.yourpropertyguide.com.au/guides/real-estate-commission-vic,0,1,0,50
how much are real estate fees,https://www.yourpropertyguide.com.au/guides/real-estate-commission-nsw,0,2,0,34
how much are real estate fees,https://www.yourpropertyguide.com.au/guides/real-estate-commission-vic,0,2,0,64.5
how much are realestate fees,https://www.yourpropertyguide.com.au/guides/real-estate-commission-vic,0,1,0,36
how much are realtor fees,https://www.yourpropertyguide.com.au/guides/real-estate-commission-vic,0,1,0,57
how much are realtor fees,https://www.yourpropertyguide.com.au/real-estate-commission-calculator,0,1,0,80
how much are repayments on 500k mortgage,https://www.yourpropertyguide.com.au/mortgage-calculator,0,1,0,89
how much are repayments on a 350k mortgage,https://www.yourpropertyguide.com.au/mortgage-calculator,0,1,0,89
how much are repayments on a 400k mortgage,https://www.yourpropertyguide.com.au/mortgage-calculator,0,1,0,85
how much are repayments on a 500k mortgage,https://www.yourpropertyguide.com.au/mortgage-calculator,0,2,0,84.5
how much are repayments on a 600k mortgage,https://www.yourpropertyguide.com.au/mortgage-calculator,0,2,0,85
how much are the repayments on a 300 000 mortgage,https://www.yourpropertyguide.com.au/mortgage-calculator,0,1,0,76
how much borrow mortgage,https://www.yourpropertyguide.com.au/borrowing-power-calculator,0,1,0,96
how much broker commission,https://www.yourpropertyguide.com.au/guides/real-estate-commission-vic,0,1,0,70
how much can borrow for a mortgage,https://www.yourpropertyguide.com.au/borrowing-power-calculator,0,1,0,92
how much can borrow home loan,https://www.yourpropertyguide.com.au/borrowing-power-calculator,0,1,0,100
how much can get,https://www.yourpropertyguide.com.au/borrowing-power-calculator,0,1,0,98
how much can house can i afford,https://www.yourpropertyguide.com.au/affordability-calculator,0,1,0,86
how much can house can i afford calculator,https://www.yourpropertyguide.com.au/affordability-calculator,0,1,0,84
how much can house can i afford calculator,https://www.yourpropertyguide.com.au/borrowing-power-calculator,0,1,0,99
how much can i afford,https://www.yourpropertyguide.com.au/affordability-calculator,0,1,0,86
how much can i afford,https://www.yourpropertyguide.com.au/borrowing-power-calculator,0,1,0,98
how much can i afford for buying a house,https://www.yourpropertyguide.com.au/affordability-calculator,0,1,0,90
how much can i afford house loan,https://www.yourpropertyguide.com.au/affordability-calculator,0,1,0,89
how much can i afford mortgage loan calculator,https://www.yourpropertyguide.com.au/affordability-calculator,0,1,0,83
how much can i afford to borrow,https://www.yourpropertyguide.com.au/borrowing-power-calculator,0,5,0,97
how much can i borrow,https://www.yourpropertyguide.com.au/borrowing-power-calculator,0,15,0,89.6
how much can i borrow against my house,https://www.yourpropertyguide.com.au/borrowing-power-calculator,0,1,0,100
how much can i borrow against my property,https://www.yourpropertyguide.com.au/borrowing-power-calculator,0,1,0,89
how much can i borrow anz,https://www.yourpropertyguide.com.au/borrowing-power-calculator,0,1,0,96
how much can i borrow australia,https://www.yourpropertyguide.com.au/borrowing-power-calculator,0,2,0,81.5
how much can i borrow brisbane,https://www.yourpropertyguide.com.au/borrowing-power-calculator,0,1,0,94
how much can i borrow calc,https://www.yourpropertyguide.com.au/borrowing-power-calculator,0,1,0,98
how much can i borrow calculator,https://www.yourpropertyguide.com.au/borrowing-power-calculator,0,36,0,98.3
how much can i borrow calculator mortgage,https://www.yourpropertyguide.com.au/borrowing-power-calculator,0,1,0,100
how much can i borrow commbank,https://www.yourpropertyguide.com.au/borrowing-power-calculator,0,1,0,89
how much can i borrow first home buyer,https://www.yourpropertyguide.com.au/borrowing-power-calculator,0,1,0,96
how much can i borrow for a car loan,https://www.yourpropertyguide.com.au/borrowing-power-calculator,0,1,0,86
how much can i borrow for a home loan,https://www.yourpropertyguide.com.au/borrowing-power-calculator,0,1,0,100
how much can i borrow for a house,https://www.yourpropertyguide.com.au/borrowing-power-calculator,0,1,0,38
how much can i borrow for investment property,https://www.yourpropertyguide.com.au/borrowing-power-calculator,0,1,0,93
how much can i borrow for mortgage calculator,https://www.yourpropertyguide.com.au/borrowing-power-calculator,0,1,0,99
how much can i borrow from centrelink,https://www.yourpropertyguide.com.au/borrowing-power-calculator,0,1,0,88
how much can i borrow from my super fund,https://www.yourpropertyguide.com.au/borrowing-power-calculator,0,2,0,83
how much can i borrow home loan,https://www.yourpropertyguide.com.au/borrowing-power-calculator,0,2,0,98.5
how much can i borrow home loan calculator,https://www.yourpropertyguide.com.au/borrowing-power-calculator,0,2,0,95.5
how much can i borrow investment property,https://www.yourpropertyguide.com.au/borrowing-power-calculator,0,1,0,96
how much can i borrow macquarie,https://www.yourpropertyguide.com.au/borrowing-power-calculator,0,1,0,98
how much can i borrow mortgage,https://www.yourpropertyguide.com.au/borrowing-power-calculator,0,2,0,65.5
how much can i borrow mortgage australia,https://www.yourpropertyguide.com.au/borrowing-power-calculator,0,4,0,97
how much can i borrow mortgage calculator,https://www.yourpropertyguide.com.au/borrowing-power-calculator,0,2,0,95.5
how much can i borrow nab,https://www.yourpropertyguide.com.au/borrowing-power-calculator,0,1,0,95
how much can i borrow on 100k salary,https://www.yourpropertyguide.com.au/borrowing-power-calculator,0,1,0,100
how much can i borrow on 150k salary,https://www.yourpropertyguide.com.au/borrowing-power-calculator,0,3,0,99.3
how much can i borrow on 150k salary in australia,https://www.yourpropertyguide.com.au/borrowing-power-calculator,0,1,0,94
how much can i borrow personal loan,https://www.yourpropertyguide.com.au/borrowing-power-calculator,0,4,0,95.8
how much can i borrow personal loan calculator,https://www.yourpropertyguide.com.au/borrowing-power-calculator,0,3,0,92.7
how much can i borrow perth,https://www.yourpropertyguide.com.au/borrowing-power-calculator,0,1,0,90
how much can i borrow self employed,https://www.yourpropertyguide.com.au/borrowing-power-calculator,0,3,0,99.7
how much can i borrow to buy a house,https://www.yourpropertyguide.com.au/borrowing-power-calculator,0,1,0,85
how much can i borrow with 150k deposit,https://www.yourpropertyguide.com.au/borrowing-power-calculator,0,1,0,96
how much can i borrow with 200k income australia,https://www.yourpropertyguide.com.au/borrowing-power-calculator,0,2,0,91.5
how much can i borrow with 50000 deposit,https://www.yourpropertyguide.com.au/borrowing-power-calculator,0,1,0,78
how much can i borrow with deposit,https://www.yourpropertyguide.com.au/borrowing-power-calculator,0,1,0,94
how much can i borrow with deposit calculator,https://www.yourpropertyguide.com.au/borrowing-power-calculator,0,4,0,94.5
how much can i get for a home loan,https://www.yourpropertyguide.com.au/borrowing-power-calculator,0,1,0,93
how much can i lend mortgage calculator,https://www.yourpropertyguide.com.au/borrowing-power-calculator,0,2,0,93
how much can i mortgage,https://www.yourpropertyguide.com.au/borrowing-power-calculator,0,1,0,99
how much can i spend on a home,https://www.yourpropertyguide.com.au/affordability-calculator,0,1,0,81
how much can i spend on a house,https://www.yourpropertyguide.com.au/affordability-calculator,0,1,0,88
how much can j,https://www.yourpropertyguide.com.au/borrowing-power-calculator,0,2,0,96.5
how much can mortgage can i afford,https://www.yourpropertyguide.com.au/affordability-calculator,0,3,0,92.3
how much can mortgage can i afford,https://www.yourpropertyguide.com.au/borrowing-power-calculator,0,1,0,99
how much can we borrow,https://www.yourpropertyguide.com.au/borrowing-power-calculator,0,1,0,89
how much can we borrow calculator,https://www.yourpropertyguide.com.au/borrowing-power-calculator,0,2,0,99.5
how much can you afford mortgage calculator,https://www.yourpropertyguide.com.au/affordability-calculator,0,1,0,80
how much can you afford to buy a house,https://www.yourpropertyguide.com.au/affordability-calculator,0,1,0,78
how much can you afford to buy a house calculator,https://www.yourpropertyguide.com.au/affordability-calculator,0,1,0,87
how much can you ask seller to pay closing costs,https://www.yourpropertyguide.com.au/guides,0,1,0,60
how much can you spend on a house,https://www.yourpropertyguide.com.au/affordability-calculator,0,1,0,75
how much commission do commercial real estate agents make,https://www.yourpropertyguide.com.au/guides/real-estate-commission-vic,0,1,0,67
how much commission do real estate agents charge,https://www.yourpropertyguide.com.au/guides/real-estate-commission-vic,0,1,0,57
how much commission do real estate agents get,https://www.yourpropertyguide.com.au/guides/real-estate-commission-nsw,0,5,0,66.4
how much commission do real estate agents get,https://www.yourpropertyguide.com.au/guides/real-estate-commission-vic,0,20,0,62.9
how much commission do real estate agents make,https://www.yourpropertyguide.com.au/guides/real-estate-commission-nsw,0,2,0,54.5
how much commission do real estate agents make,https://www.yourpropertyguide.com.au/guides/real-estate-commission-vic,0,9,0,64.8
how much commission do realtors charge,https://www.yourpropertyguide.com.au/guides/real-estate-commission-vic,0,1,0,60
how much commission do realtors get,https://www.yourpropertyguide.com.au/guides/real-estate-commission-vic,0,1,0,61
how much commission do realtors make,https://www.yourpropertyguide.com.au/guides/real-estate-commission-nsw,0,1,0,46
how much commission do realtors make,https://www.yourpropertyguide.com.au/guides/real-estate-commission-vic,0,2,0,60
how much commission does a real estate agent earn,https://www.yourpropertyguide.com.au/guides/real-estate-commission-nsw,0,1,0,84
how much commission does a real estate agent earn,https://www.yourpropertyguide.com.au/guides/real-estate-commission-vic,0,2,0,60.5
how much commission does a real estate agent get,https://www.yourpropertyguide.com.au/guides/real-estate-commission-vic,0,2,0,32
how much commission does a real estate agent make,https://www.yourpropertyguide.com.au/guides/real-estate-commission-nsw,0,2,0,75.5
how much commission does a real estate agent make,https://www.yourpropertyguide.com.au/guides/real-estate-commission-vic,0,21,0,42.8
how much commission does a realtor get,https://www.yourpropertyguide.com.au/guides/real-estate-commission-vic,0,1,0,63
how much commission does a realtor make,https://www.yourpropertyguide.com.au/guides/real-estate-commission-nsw,0,2,0,62
how much commission does a realtor make,https://www.yourpropertyguide.com.au/guides/real-estate-commission-vic,0,22,0,63.8
how much commission does a realtor make in australia,https://www.yourpropertyguide.com.au/guides/real-estate-commission-nsw,0,4,0,64.2
how much commission does a realtor make in australia,https://www.yourpropertyguide.com.au/guides/real-estate-commission-vic,0,19,0,79.9
how much commission does a realtor make in australia,https://www.yourpropertyguide.com.au/real-estate-commission-calculator,0,18,0,77.1
how much commission does a realtor make nsw,https://www.yourpropertyguide.com.au/guides/real-estate-commission-nsw,0,4,0,39.5
how much commission does a realtor make nsw,https://www.yourpropertyguide.com.au/real-estate-commission-calculator,0,16,0,67.7
how much commission does real estate agent get,https://www.yourpropertyguide.com.au/guides/real-estate-commission-vic,0,3,0,71.7
how much commission for selling a house,https://www.yourpropertyguide.com.au/guides/real-estate-commission-nsw,0,1,0,80
how much commission for selling a house,https://www.yourpropertyguide.com.au/guides/real-estate-commission-vic,0,2,0,77
how much commission real estate,https://www.yourpropertyguide.com.au/guides/real-estate-commission-vic,0,2,0,76
how much commission real estate agent,https://www.yourpropertyguide.com.au/guides/real-estate-commission-vic,0,1,0,67
how much commission real estate nsw,https://www.yourpropertyguide.com.au/guides/real-estate-commission-nsw,0,3,0,47.7
how much commission real estate nsw,https://www.yourpropertyguide.com.au/real-estate-commission-calculator,0,6,0,84.8
how much commission to real estate agent,https://www.yourpropertyguide.com.au/guides/real-estate-commission-vic,0,3,0,71.7
how much commission to sell a house,https://www.yourpropertyguide.com.au/guides/real-estate-commission-nsw,0,1,0,60
how much commission to sell a house,https://www.yourpropertyguide.com.au/guides/real-estate-commission-vic,0,7,0,66.9
how much commission to sell house,https://www.yourpropertyguide.com.au/guides/real-estate-commission-nsw,0,1,0,82
how much commission to sell house,https://www.yourpropertyguide.com.au/guides/real-estate-commission-vic,0,6,0,65.3
how much commissions do realtors make,https://www.yourpropertyguide.com.au/guides/real-estate-commission-vic,0,1,0,49
how much could i afford mortgage,https://www.yourpropertyguide.com.au/affordability-calculator,0,1,0,88
how much could i borrow calculator,https://www.yourpropertyguide.com.au/borrowing-power-calculator,0,2,0,96
how much could i borrow mortgage calculator,https://www.yourpropertyguide.com.au/borrowing-power-calculator,0,1,0,83
how much could i get a home loan for,https://www.yourpropertyguide.com.au/borrowing-power-calculator,0,1,0,88
how much could i get a mortgage loan for,https://www.yourpropertyguide.com.au/borrowing-power-calculator,0,1,0,86
how much could i get as a mortgage,https://www.yourpropertyguide.com.au/borrowing-power-calculator,0,1,0,100
how much could i lend,https://www.yourpropertyguide.com.au/borrowing-power-calculator,0,7,0,97.9
how much could i lend for a mortgage,https://www.yourpropertyguide.com.au/borrowing-power-calculator,0,1,0,84
how much could i lend mortgage,https://www.yourpropertyguide.com.au/borrowing-power-calculator,0,2,0,63
how much could we borrow,https://www.yourpropertyguide.com.au/borrowing-power-calculator,0,1,0,100
how much do agents charge to sell a property,https://www.yourpropertyguide.com.au/guides/real-estate-commission-vic,0,2,0,27
how much do estate agents charge,https://www.yourpropertyguide.com.au/guides/real-estate-commission-vic,0,2,0,42
how much do i need to earn to borrow 500k,https://www.yourpropertyguide.com.au/borrowing-power-calculator,0,1,0,98
how much do i need to earn to borrow 600k,https://www.yourpropertyguide.com.au/borrowing-power-calculator,0,1,0,92
how much do real estate agents,https://www.yourpropertyguide.com.au/guides/real-estate-commission-vic,0,2,0,57.5
how much do real estate agents charge,https://www.yourpropertyguide.com.au/guides/real-estate-commission-nsw,0,5,0,68.4
how much do real estate agents charge,https://www.yourpropertyguide.com.au/guides/real-estate-commission-vic,0,80,0,24.9
how much do real estate agents charge buyers,https://www.yourpropertyguide.com.au/guides/real-estate-commission-vic,0,2,0,50.5
how much do real estate agents charge to sell a house,https://www.yourpropertyguide.com.au/guides/real-estate-commission-nsw,0,11,0,26.3
how much do real estate agents charge to sell a house,https://www.yourpropertyguide.com.au/guides/real-estate-commission-vic,0,16,0,44.1
how much do real estate agents charge to sell house,https://www.yourpropertyguide.com.au/guides/real-estate-commission-vic,0,1,0,45
how much do real estate agents cost,https://www.yourpropertyguide.com.au/guides/real-estate-commission-vic,0,2,0,61
how much do real estate agents earn commission,https://www.yourpropertyguide.com.au/guides/real-estate-commission-vic,0,1,0,55
how much do real estate agents earn per sale,https://www.yourpropertyguide.com.au/guides/real-estate-commission-nsw,0,3,0,67.3
how much do real estate agents earn per sale australia,https://www.yourpropertyguide.com.au/guides/real-estate-commission-nsw,0,1,0,72
how much do real estate agents get,https://www.yourpropertyguide.com.au/guides/real-estate-commission-vic,0,1,0,60
how much do real estate agents get in commission,https://www.yourpropertyguide.com.au/guides/real-estate-commission-nsw,0,1,0,75
how much do real estate agents get in commission,https://www.yourpropertyguide.com.au/guides/real-estate-commission-vic,0,1,0,49
how much do real estate agents make commission,https://www.yourpropertyguide.com.au/guides/real-estate-commission-nsw,0,1,0,78
how much do real estate agents make commission,https://www.yourpropertyguide.com.au/guides/real-estate-commission-vic,0,1,0,51
how much do real estate agents make from a sale,https://www.yourpropertyguide.com.au/guides/real-estate-commission-vic,0,1,0,65
how much do real estate agents make in commission,https://www.yourpropertyguide.com.au/guides/real-estate-commission-vic,0,1,0,68
how much do real estate agents make on a sale,https://www.yourpropertyguide.com.au/guides/real-estate-commission-vic,0,1,0,61
how much do real estate agents make on commission,https://www.yourpropertyguide.com.au/guides/real-estate-commission-vic,0,1,0,72
how much do real estate agents make per sale,https://www.yourpropertyguide.com.au/guides/real-estate-commission-nsw,0,1,0,81
how much do real estate agents make per sale,https://www.yourpropertyguide.com.au/guides/real-estate-commission-vic,0,4,0,59.8
how much do real estate brokers make per sale,https://www.yourpropertyguide.com.au/guides/real-estate-commission-vic,0,1,0,60
how much do real estate leads cost,https://www.yourpropertyguide.com.au/for-agents,0,1,0,68
how much do realtors charge,https://www.yourpropertyguide.com.au/guides/real-estate-commission-vic,0,2,0,53
how much do realtors charge for selling a house,https://www.yourpropertyguide.com.au/guides/real-estate-commission-vic,0,1,0,45
how much do realtors charge to sell a home,https://www.yourpropertyguide.com.au/guides/real-estate-commission-nsw,0,1,0,30
how much do realtors charge to sell a home,https://www.yourpropertyguide.com.au/guides/real-estate-commission-vic,0,1,0,74
how much do realtors charge to sell a house,https://www.yourpropertyguide.com.au/guides/real-estate-commission-vic,0,2,0,45
how much do realtors get for selling a house,https://www.yourpropertyguide.com.au/guides/real-estate-commission-vic,0,1,0,50
how much do realtors make in commission,https://www.yourpropertyguide.com.au/guides/real-estate-commission-vic,0,1,0,46
how much do realtors make on a sale,https://www.yourpropertyguide.com.au/guides/real-estate-commission-vic,0,1,0,65
how much do realtors make per sale,https://www.yourpropertyguide.com.au/guides/real-estate-commission-vic,0,2,0,58.5
how much do renovations cost,https://www.yourpropertyguide.com.au/renovating,0,9,0,95.1
how much do renovations cost australia,https://www.yourpropertyguide.com.au/guides/renovation-cost-australia-2026,0,31,0,25.7
how much do renovations cost australia,https://www.yourpropertyguide.com.au/renovating,0,1,0,79
how much do you pay a real estate agent,https://www.yourpropertyguide.com.au/guides/real-estate-commission-vic,0,2,0,58
how much do you pay a real estate agent to sell your house,https://www.yourpropertyguide.com.au/guides/real-estate-commission-nsw,0,1,0,11
how much do you pay monthly for a mortgage,https://www.yourpropertyguide.com.au/mortgage-calculator,0,1,0,88
how much do you spend on a house,https://www.yourpropertyguide.com.au/affordability-calculator,0,1,0,72
how much does a house renovation cost,https://www.yourpropertyguide.com.au/renovating,0,1,0,100
how much does a real estate agent,https://www.yourpropertyguide.com.au/guides/real-estate-commission-vic,0,1,0,61
how much does a real estate agent charge,https://www.yourpropertyguide.com.au/guides/real-estate-commission-nsw,0,1,0,50
how much does a real estate agent charge,https://www.yourpropertyguide.com.au/guides/real-estate-commission-vic,0,45,0,23.1
how much does a real estate agent cost,https://www.yourpropertyguide.com.au/guides/real-estate-commission-vic,0,1,0,58
how much does a real estate agent make in commission,https://www.yourpropertyguide.com.au/guides/real-estate-commission-nsw,0,1,0,83
how much does a real estate agent make in commission,https://www.yourpropertyguide.com.au/guides/real-estate-commission-vic,0,1,0,74
how much does a real estate broker charge,https://www.yourpropertyguide.com.au/guides/real-estate-commission-vic,0,1,0,33
how much does a realtor charge to sell a home,https://www.yourpropertyguide.com.au/guides/real-estate-commission-vic,0,2,0,46
how much does a realtor cost to sell a house,https://www.yourpropertyguide.com.au/guides/real-estate-commission-nsw,0,1,0,34
how much does a realtor cost to sell a house,https://www.yourpropertyguide.com.au/guides/real-estate-commission-vic,0,2,0,55.5
how much does a realtor make per sale,https://www.yourpropertyguide.com.au/guides/real-estate-commission-nsw,0,3,0,46
how much does a realtor make per sale,https://www.yourpropertyguide.com.au/guides/real-estate-commission-vic,0,1,0,70
how much does a renovation cost,https://www.yourpropertyguide.com.au/renovating,0,6,0,93.7
how much does a section 32 cost in victoria,https://www.yourpropertyguide.com.au/guides/cost-of-selling-a-house-vic,0,1,0,39
how much does a section 32 cost in victoria,https://www.yourpropertyguide.com.au/guides/section-32-vendor-statement-victoria,0,2,0,23.5
how much does a sitting tenant devalue a property,https://www.yourpropertyguide.com.au/guides,0,1,0,71
how much does it cost to fully renovate a house,https://www.yourpropertyguide.com.au/renovating,0,1,0,86
how much does it cost to get an eviction expunged,https://www.yourpropertyguide.com.au/guides,0,2,0,70
how much does it cost to renovate a house,https://www.yourpropertyguide.com.au/renovating,0,4,0,94.8
how much does it cost to rezone a property,https://www.yourpropertyguide.com.au/guides,0,1,0,84
how much does it cost to sell a house,https://www.yourpropertyguide.com.au/selling-costs-calculator,0,2,0,9.5
how much does it cost to sell a house australia,https://www.yourpropertyguide.com.au/selling,0,1,0,94
how much does it cost to sell a property,https://www.yourpropertyguide.com.au/guides/cost-of-selling-a-house-vic,0,2,0,20
how much does negative gearing cost australia,https://www.yourpropertyguide.com.au/guides/negative-gearing-australia,0,1,0,93
how much does real estate agent charge,https://www.yourpropertyguide.com.au/guides/real-estate-commission-nsw,0,1,0,60
how much does real estate agent charge,https://www.yourpropertyguide.com.au/guides/real-estate-commission-vic,0,7,0,52.1
how much does real estate agent make on a sale,https://www.yourpropertyguide.com.au/guides/real-estate-commission-vic,0,1,0,58
how much does real estate agents make per sale,https://www.yourpropertyguide.com.au/guides/real-estate-commission-nsw,0,2,0,81.5
how much does real estate agents make per sale,https://www.yourpropertyguide.com.au/guides/real-estate-commission-vic,0,2,0,66
how much does realtor charge to sell house,https://www.yourpropertyguide.com.au/guides/real-estate-commission-vic,0,2,0,48.5
how much does renovating a house cost,https://www.yourpropertyguide.com.au/renovating,0,1,0,73
how much does renovation cost,https://www.yourpropertyguide.com.au/guides/renovation-cost-australia-2026,0,1,0,1
how much does seller pay realtor,https://www.yourpropertyguide.com.au/guides/real-estate-commission-vic,0,1,0,90
how much home afford,https://www.yourpropertyguide.com.au/affordability-calculator,0,1,0,85
how much home afford calculator,https://www.yourpropertyguide.com.au/affordability-calculator,0,1,0,77
how much home calculator,https://www.yourpropertyguide.com.au/affordability-calculator,0,1,0,86
how much home can i afford,https://www.yourpropertyguide.com.au/affordability-calculator,0,1,0,86
how much home can i afford calculator,https://www.yourpropertyguide.com.au/affordability-calculator,0,1,0,83
how much home can i buy,https://www.yourpropertyguide.com.au/affordability-calculator,0,1,0,80
how much home can i buy calculator,https://www.yourpropertyguide.com.au/affordability-calculator,0,1,0,88
how much home can we afford,https://www.yourpropertyguide.com.au/affordability-calculator,0,2,0,89
how much home can you afford,https://www.yourpropertyguide.com.au/affordability-calculator,0,2,0,91
how much home could i afford,https://www.yourpropertyguide.com.au/affordability-calculator,0,1,0,84
how much home do i qualify for,https://www.yourpropertyguide.com.au/affordability-calculator,0,1,0,85
how much home do i qualify for calculator,https://www.yourpropertyguide.com.au/affordability-calculator,0,1,0,83
how much home loan,https://www.yourpropertyguide.com.au/borrowing-power-calculator,0,1,0,100
how much home loan can i get,https://www.yourpropertyguide.com.au/borrowing-power-calculator,0,3,0,92.7
how much home loan can i qualify for,https://www.yourpropertyguide.com.au/borrowing-power-calculator,0,1,0,90
how much home loan i can get,https://www.yourpropertyguide.com.au/borrowing-power-calculator,0,1,0,92
how much home loan will i get,https://www.yourpropertyguide.com.au/borrowing-power-calculator,0,2,0,83.5
how much home mortgage can i afford,https://www.yourpropertyguide.com.au/affordability-calculator,0,1,0,87
how much home you can afford,https://www.yourpropertyguide.com.au/affordability-calculator,0,1,0,88
how much house afford,https://www.yourpropertyguide.com.au/affordability-calculator,0,1,0,90
how much house afford calculator,https://www.yourpropertyguide.com.au/affordability-calculator,0,1,0,75
how much house calculator,https://www.yourpropertyguide.com.au/affordability-calculator,0,1,0,90
how much house can i afford,https://www.yourpropertyguide.com.au/affordability-calculator,0,8,0,84.1
how much house can i afford australia,https://www.yourpropertyguide.com.au/affordability-calculator,0,2,0,96
how much house can i afford based on my salary,https://www.yourpropertyguide.com.au/affordability-calculator,0,1,0,88
how much house can i afford calculator,https://www.yourpropertyguide.com.au/affordability-calculator,0,1,0,87
how much house can i afford calculator,https://www.yourpropertyguide.com.au/borrowing-power-calculator,0,1,0,97
how much house can i afford?,https://www.yourpropertyguide.com.au/affordability-calculator,0,17,0,85.5
how much house can i afford?,https://www.yourpropertyguide.com.au/borrowing-power-calculator,0,8,0,94.4
how much house can i buy,https://www.yourpropertyguide.com.au/affordability-calculator,0,1,0,81
how much house can i qualify for,https://www.yourpropertyguide.com.au/affordability-calculator,0,1,0,64
how much house can i really afford calculator,https://www.yourpropertyguide.com.au/affordability-calculator,0,1,0,78
how much house can i truly afford,https://www.yourpropertyguide.com.au/affordability-calculator,0,1,0,92
how much house can we afford,https://www.yourpropertyguide.com.au/affordability-calculator,0,1,0,87
how much house can we afford calculator,https://www.yourpropertyguide.com.au/affordability-calculator,0,1,0,82
how much house can you afford calculator,https://www.yourpropertyguide.com.au/affordability-calculator,0,1,0,84
how much house could i afford,https://www.yourpropertyguide.com.au/affordability-calculator,0,3,0,88.7
how much house could i afford calculator,https://www.yourpropertyguide.com.au/affordability-calculator,0,1,0,83
how much house could i qualify for,https://www.yourpropertyguide.com.au/affordability-calculator,0,1,0,87
how much house do i qualify for,https://www.yourpropertyguide.com.au/affordability-calculator,0,1,0,79
how much house do i qualify for calculator,https://www.yourpropertyguide.com.au/affordability-calculator,0,1,0,83
how much house house can i afford,https://www.yourpropertyguide.com.au/affordability-calculator,0,1,0,89
how much house loan can i afford,https://www.yourpropertyguide.com.au/borrowing-power-calculator,0,1,0,100
how much house loan can i get,https://www.yourpropertyguide.com.au/borrowing-power-calculator,0,1,0,92
how much house payment can i afford,https://www.yourpropertyguide.com.au/affordability-calculator,0,1,0,86
how much house payment can i afford calculator,https://www.yourpropertyguide.com.au/affordability-calculator,0,1,0,82
how much house payment can you afford,https://www.yourpropertyguide.com.au/affordability-calculator,0,1,0,94
how much housing loan can i take,https://www.yourpropertyguide.com.au/borrowing-power-calculator,0,1,0,90
how much i can afford home,https://www.yourpropertyguide.com.au/affordability-calculator,0,1,0,89
how much i can borrow,https://www.yourpropertyguide.com.au/borrowing-power-calculator,0,1,0,91
how much i can borrow calculator,https://www.yourpropertyguide.com.au/borrowing-power-calculator,0,4,0,100
how much i can borrow for a home loan,https://www.yourpropertyguide.com.au/borrowing-power-calculator,0,2,0,98
how much i can borrow for home loan calculator,https://www.yourpropertyguide.com.au/borrowing-power-calculator,0,1,0,88
how much i can borrow for investment property,https://www.yourpropertyguide.com.au/borrowing-power-calculator,0,1,0,100
how much if a mortgage can i get,https://www.yourpropertyguide.com.au/borrowing-power-calculator,0,1,0,100
how much interest do you pay on a 500k mortgage,https://www.yourpropertyguide.com.au/mortgage-calculator,0,1,0,80
how much investment property can i afford,https://www.yourpropertyguide.com.au/affordability-calculator,0,1,0,79
how much is a 500k mortgage per month,https://www.yourpropertyguide.com.au/mortgage-calculator,0,1,0,85
how much is a mortgage,https://www.yourpropertyguide.com.au/mortgage-calculator,0,2,0,96.5
how much is a mortgage per month,https://www.yourpropertyguide.com.au/mortgage-calculator,0,2,0,92
how much is a real estate commission,https://www.yourpropertyguide.com.au/guides/real-estate-commission-nsw,0,1,0,58
how much is a real estate commission,https://www.yourpropertyguide.com.au/guides/real-estate-commission-vic,0,3,0,69.3
how much is a real estate commission,https://www.yourpropertyguide.com.au/real-estate-commission-calculator,0,2,0,89
how much is agent commission for rental,https://www.yourpropertyguide.com.au/guides/real-estate-commission-vic,0,1,0,52
how much is agent commission when selling a house,https://www.yourpropertyguide.com.au/guides/real-estate-commission-vic,0,1,0,49
how much is agent fee for selling house,https://www.yourpropertyguide.com.au/guides/real-estate-commission-nsw,0,1,0,10
how much is commission for selling a house,https://www.yourpropertyguide.com.au/guides/real-estate-commission-nsw,0,4,0,78.5
how much is commission for selling a house,https://www.yourpropertyguide.com.au/guides/real-estate-commission-vic,0,10,0,47.8
how much is commission on a house,https://www.yourpropertyguide.com.au/guides/real-estate-commission-vic,0,1,0,44
how much is commission on selling a house,https://www.yourpropertyguide.com.au/guides/real-estate-commission-vic,0,2,0,50.5
how much is fhog in victoria,https://www.yourpropertyguide.com.au/guides/first-home-owner-grant-australia,0,1,0,89
how much is mortgage,https://www.yourpropertyguide.com.au/mortgage-calculator,0,1,0,88
how much is mortgage payment on 500k,https://www.yourpropertyguide.com.au/mortgage-calculator,0,1,0,83
how much is my house worth bankstown,https://www.yourpropertyguide.com.au/suburbs/bankstown-nsw-2200/rental-market,0,9,0,48.9
how much is real estate agent commission,https://www.yourpropertyguide.com.au/guides/real-estate-commission-nsw,0,3,0,63.7
how much is real estate agent commission,https://www.yourpropertyguide.com.au/guides/real-estate-commission-vic,0,21,0,59.5
how much is real estate agent fees,https://www.yourpropertyguide.com.au/guides/real-estate-commission-vic,0,1,0,47
how much is real estate commission,https://www.yourpropertyguide.com.au/guides/real-estate-commission-nsw,0,1,0,68
how much is real estate commission,https://www.yourpropertyguide.com.au/guides/real-estate-commission-vic,0,6,0,63.5
how much is real estate commission,https://www.yourpropertyguide.com.au/real-estate-commission-calculator,0,3,0,77.7
how much is realtor commission,https://www.yourpropertyguide.com.au/guides/real-estate-commission-nsw,0,1,0,66
how much is realtor commission,https://www.yourpropertyguide.com.au/guides/real-estate-commission-vic,0,4,0,70.5
how much is realtor commission,https://www.yourpropertyguide.com.au/real-estate-commission-calculator,0,3,0,77.7
how much is the commission for selling a house,https://www.yourpropertyguide.com.au/guides/real-estate-commission-vic,0,1,0,56
how much is the commission of a real estate agent,https://www.yourpropertyguide.com.au/guides/real-estate-commission-vic,0,1,0,59
how much is the median rent for a unit in sydney?,https://www.yourpropertyguide.com.au/suburbs/sydney-nsw-2000/rental-market,0,1,0,72
how much is the mortgage on a $500 000 house,https://www.yourpropertyguide.com.au/mortgage-calculator,0,1,0,78
how much is the real estate agent commission,https://www.yourpropertyguide.com.au/guides/real-estate-commission-nsw,0,1,0,62
how much is the real estate agent commission,https://www.yourpropertyguide.com.au/guides/real-estate-commission-vic,0,1,0,55
how much line of credit can i get calculator,https://www.yourpropertyguide.com.au/borrowing-power-calculator,0,1,0,89
how much loan can i get for a house,https://www.yourpropertyguide.com.au/borrowing-power-calculator,0,1,0,92
how much loan can i get for home,https://www.yourpropertyguide.com.au/borrowing-power-calculator,0,1,0,97
how much loan could i get,https://www.yourpropertyguide.com.au/borrowing-power-calculator,0,1,0,83
how much loan i will get on my salary,https://www.yourpropertyguide.com.au/borrowing-power-calculator,0,1,0,99
how much loan will i get,https://www.yourpropertyguide.com.au/borrowing-power-calculator,0,1,0,92
how much money does a realtor make per house,https://www.yourpropertyguide.com.au/guides/real-estate-commission-vic,0,1,0,66
how much monthly mortgage can i afford,https://www.yourpropertyguide.com.au/affordability-calculator,0,1,0,85
how much monthly mortgage payment can i afford,https://www.yourpropertyguide.com.au/affordability-calculator,0,1,0,88
how much monthly payment for mortgage,https://www.yourpropertyguide.com.au/mortgage-calculator,0,1,0,95
how much monthly repayments mortgage,https://www.yourpropertyguide.com.au/mortgage-calculator,0,1,0,90
how much mortgage afford,https://www.yourpropertyguide.com.au/affordability-calculator,0,2,0,85.5
how much mortgage can i afford,https://www.yourpropertyguide.com.au/affordability-calculator,0,2,0,90.5
how much mortgage can i afford,https://www.yourpropertyguide.com.au/borrowing-power-calculator,0,2,0,95.5
how much mortgage can i afford australia,https://www.yourpropertyguide.com.au/affordability-calculator,0,1,0,99
how much mortgage can i afford calculator,https://www.yourpropertyguide.com.au/affordability-calculator,0,1,0,86
how much mortgage can i afford calculator,https://www.yourpropertyguide.com.au/borrowing-power-calculator,0,1,0,96
how much mortgage can i be approved for calculator,https://www.yourpropertyguide.com.au/affordability-calculator,0,1,0,90
how much mortgage can i borrow australia,https://www.yourpropertyguide.com.au/borrowing-power-calculator,0,1,0,89
how much mortgage can i get,https://www.yourpropertyguide.com.au/borrowing-power-calculator,0,5,0,96.6
how much mortgage could i afford,https://www.yourpropertyguide.com.au/affordability-calculator,0,1,0,92
how much mortgage i can afford calculator,https://www.yourpropertyguide.com.au/affordability-calculator,0,1,0,82
how much mortgage monthly payment,https://www.yourpropertyguide.com.au/mortgage-calculator,0,1,0,89
how much mortgage payment can i afford,https://www.yourpropertyguide.com.au/affordability-calculator,0,1,0,89
how much mortgage qualify for,https://www.yourpropertyguide.com.au/affordability-calculator,0,1,0,90
how much mortgage will i qualify for calculator,https://www.yourpropertyguide.com.au/mortgage-calculator,0,1,0,83
how much much house can i afford,https://www.yourpropertyguide.com.au/affordability-calculator,0,1,0,85
how much negative gearing can i claim,https://www.yourpropertyguide.com.au/guides/negative-gearing-australia,0,1,0,100
how much of a home loan can i get,https://www.yourpropertyguide.com.au/borrowing-power-calculator,0,2,0,95
how much of a mortgage can i get,https://www.yourpropertyguide.com.au/borrowing-power-calculator,0,1,0,100
how much real estate agents charge,https://www.yourpropertyguide.com.au/guides/real-estate-commission-vic,0,2,0,59
how much real estate commission,https://www.yourpropertyguide.com.au/guides/real-estate-commission-vic,0,4,0,76.5
how much real estate commission,https://www.yourpropertyguide.com.au/real-estate-commission-calculator,0,4,0,80
how much real estate commission should i pay,https://www.yourpropertyguide.com.au/guides/real-estate-commission-vic,0,1,0,59
how much real estate commission should i pay,https://www.yourpropertyguide.com.au/real-estate-commission-calculator,0,1,0,75
how much realtor commission,https://www.yourpropertyguide.com.au/guides/real-estate-commission-nsw,0,1,0,60
how much realtor commission,https://www.yourpropertyguide.com.au/guides/real-estate-commission-vic,0,1,0,78
how much realtor commission,https://www.yourpropertyguide.com.au/real-estate-commission-calculator,0,1,0,89
how much rent can i afford australia calculator,https://www.yourpropertyguide.com.au/affordability-calculator,0,1,0,86
how much rent can i afford australia calculator,https://www.yourpropertyguide.com.au/borrowing-power-calculator,0,11,0,91.4
how much rent can i afford calculator australia,https://www.yourpropertyguide.com.au/affordability-calculator,0,2,0,88
how much rental income,https://www.yourpropertyguide.com.au/suburbs/biggera-waters-qld-4216/rental-market,0,1,0,8
how much repayments on 400k mortgage,https://www.yourpropertyguide.com.au/mortgage-calculator,0,1,0,84
how much repayments on 500k mortgage,https://www.yourpropertyguide.com.au/mortgage-calculator,0,1,0,86
how much repayments on 600k mortgage,https://www.yourpropertyguide.com.au/mortgage-calculator,0,1,0,84
how much should a real estate agent charge,https://www.yourpropertyguide.com.au/guides/real-estate-commission-vic,0,1,0,39
how much should you spend on a house,https://www.yourpropertyguide.com.au/affordability-calculator,0,1,0,63
how much the bank will loan me,https://www.yourpropertyguide.com.au/borrowing-power-calculator,0,1,0,98
how much the real estate agent commission,https://www.yourpropertyguide.com.au/guides/real-estate-commission-vic,0,1,0,62
how much to charge for rent back,https://www.yourpropertyguide.com.au/guides,0,1,0,62
how much to pay monthly on mortgage,https://www.yourpropertyguide.com.au/mortgage-calculator,0,1,0,87
how much to real estate agents make on a sale,https://www.yourpropertyguide.com.au/guides/real-estate-commission-vic,0,1,0,63
how much to remodel,https://www.yourpropertyguide.com.au/renovating,0,1,0,96
how much to sell a house,https://www.yourpropertyguide.com.au/selling,0,1,0,97
how much to sell my house,https://www.yourpropertyguide.com.au/selling,0,1,0,42
how much to set aside for home maintenance,https://www.yourpropertyguide.com.au/guides,0,1,0,83
how much to spend on renovation,https://www.yourpropertyguide.com.au/renovating,0,2,0,67
how much will a mortgage cost,https://www.yourpropertyguide.com.au/mortgage-calculator,0,1,0,91
how much will it cost to renovate a house,https://www.yourpropertyguide.com.au/renovating,0,2,0,84.5
how much will the bank lend for a mortgage,https://www.yourpropertyguide.com.au/borrowing-power-calculator,0,1,0,97
how much will the bank loan me calculator,https://www.yourpropertyguide.com.au/borrowing-power-calculator,0,1,0,87
how much would a mortgage cost,https://www.yourpropertyguide.com.au/mortgage-calculator,0,1,0,89
how much would mortgage be on a 500 000 house,https://www.yourpropertyguide.com.au/mortgage-calculator,0,1,0,81
how negative gearing works in australia,https://www.yourpropertyguide.com.au/guides/negative-gearing-australia,0,1,0,94
how real estate commissions work,https://www.yourpropertyguide.com.au/guides/real-estate-commission-vic,0,1,0,50
how to buy a home in australia,https://www.yourpropertyguide.com.au/guides/buying-property-australia,0,3,0,60
how to buy a house australia,https://www.yourpropertyguide.com.au/guides/buying-property-australia,0,4,0,66.8
how to buy a house in australia,https://www.yourpropertyguide.com.au/guides/buying-property-australia,0,13,0,71.5
how to buy a property,https://www.yourpropertyguide.com.au/guides/buying-property-australia,0,8,0,75.4
how to buy a property in australia,https://www.yourpropertyguide.com.au/guides/buying-property-australia,0,1,0,76
how to buy an apartment to rent out,https://www.yourpropertyguide.com.au/guides/rentvesting-australia,0,1,0,76
how to buy house in australia,https://www.yourpropertyguide.com.au/guides/buying-property-australia,0,3,0,70
how to buy land in australia,https://www.yourpropertyguide.com.au/guides/buying-property-australia,0,1,0,78
how to buy properties,https://www.yourpropertyguide.com.au/guides/buying-property-australia,0,1,0,62
how to buy property,https://www.yourpropertyguide.com.au/guides/buying-property-australia,0,7,0,69.6
how to buy property in australia,https://www.yourpropertyguide.com.au/guides/buying-property-australia,0,6,0,74.3
how to calculate buying someone out of a house australia,https://www.yourpropertyguide.com.au/guides,0,1,0,77
how to calculate how much home you can afford,https://www.yourpropertyguide.com.au/affordability-calculator,0,1,0,90
how to calculate insurance agent commission,https://www.yourpropertyguide.com.au/real-estate-commission-calculator,0,1,0,79
how to calculate net rental yield,https://www.yourpropertyguide.com.au/rental-yield-calculator,0,1,0,100
how to calculate real estate commission,https://www.yourpropertyguide.com.au/real-estate-commission-calculator,0,1,0,90
how to calculate rental income,https://www.yourpropertyguide.com.au/rental-yield-calculator,0,1,0,82
how to calculate what mortgage you can afford,https://www.yourpropertyguide.com.au/affordability-calculator,0,1,0,80
how to compare real estate agents,https://www.yourpropertyguide.com.au/find-an-expert,0,1,0,74
how to figure out a mortgage you can afford,https://www.yourpropertyguide.com.au/affordability-calculator,0,1,0,89
how to figure out how much house i can afford,https://www.yourpropertyguide.com.au/affordability-calculator,0,1,0,90
how to figure out yield,https://www.yourpropertyguide.com.au/rental-yield-calculator,0,1,0,60
how to find a buyer's agent,https://www.yourpropertyguide.com.au/find-an-expert,0,2,0,80.5
how to find a good real estate broker,https://www.yourpropertyguide.com.au/find-an-expert,0,1,0,74
how to find a real estate agent,https://www.yourpropertyguide.com.au/find-an-expert,0,3,0,61
how to find a real estate agent buyer,https://www.yourpropertyguide.com.au/find-an-expert,0,19,0,79.7
how to find a real estate agent for buying,https://www.yourpropertyguide.com.au/find-an-expert,0,1,0,84
how to find a realtor,https://www.yourpropertyguide.com.au/find-an-expert,0,1,0,86
how to find a realtor first time home buyer,https://www.yourpropertyguide.com.au/find-an-expert,0,1,0,86
how to find a surveyor when buying a house,https://www.yourpropertyguide.com.au/find-an-expert,0,2,0,70
how to find an agent for buying a house,https://www.yourpropertyguide.com.au/find-an-expert,0,18,0,79.4
how to find an agent to sell your home,https://www.yourpropertyguide.com.au/find-an-expert,0,1,0,86
how to find buyers for land,https://www.yourpropertyguide.com.au/find-an-expert,0,1,0,77
how to find buyers for property,https://www.yourpropertyguide.com.au/find-an-expert,0,1,0,83
how to find buyers in real estate,https://www.yourpropertyguide.com.au/find-an-expert,0,16,0,77.3
how to find out what mortgage you can afford,https://www.yourpropertyguide.com.au/affordability-calculator,0,1,0,88
how to find property buyers,https://www.yourpropertyguide.com.au/find-an-expert,0,17,0,72.6
how to find real estate buyers,https://www.yourpropertyguide.com.au/find-an-expert,0,19,0,76.4
how to find the best agent to sell your home,https://www.yourpropertyguide.com.au/find-an-expert,0,1,0,87
how to find the best realtor in your area,https://www.yourpropertyguide.com.au/find-an-expert,0,1,0,64
how to find the right property,https://www.yourpropertyguide.com.au/,0,2,0,37.5
how to get a lien off your house,https://www.yourpropertyguide.com.au/guides,0,1,0,71
how to know if you can afford a house,https://www.yourpropertyguide.com.au/affordability-calculator,0,1,0,80
how to look for a real estate agent,https://www.yourpropertyguide.com.au/find-an-expert,0,1,0,73
how to own a house in australia,https://www.yourpropertyguide.com.au/guides/buying-property-australia,0,1,0,68
how to pay closing costs,https://www.yourpropertyguide.com.au/guides,0,1,0,98
how to pick a real estate broker,https://www.yourpropertyguide.com.au/find-an-expert,0,1,0,79
how to purchase a property,https://www.yourpropertyguide.com.au/guides/buying-property-australia,0,1,0,87
how to purchase property,https://www.yourpropertyguide.com.au/guides/buying-property-australia,0,19,0,67.3
how to put a lien on a property australia,https://www.yourpropertyguide.com.au/guides,0,1,0,73
how to quick deed a house,https://www.yourpropertyguide.com.au/guides,0,1,0,79
how to rentvest,https://www.yourpropertyguide.com.au/guides/rentvesting-australia,0,6,0,68.7
how to select a real estate broker,https://www.yourpropertyguide.com.au/find-an-expert,0,1,0,100
how to sell a home,https://www.yourpropertyguide.com.au/guides/how-to-sell-a-house-australia,0,1,0,67
how to sell a house,https://www.yourpropertyguide.com.au/guides/how-to-sell-a-house-australia,0,21,0,70
how to sell a house privately,https://www.yourpropertyguide.com.au/guides/sell-your-house-privately-australia,0,6,0,30.5
how to sell a house privately in victoria,https://www.yourpropertyguide.com.au/guides/sell-your-house-privately-australia,0,1,0,52
how to sell a property,https://www.yourpropertyguide.com.au/guides/how-to-sell-a-house-australia,0,13,0,59.9
how to sell house,https://www.yourpropertyguide.com.au/guides/how-to-sell-a-house-australia,0,18,0,65.3
how to sell house in queanbeyan,https://www.yourpropertyguide.com.au/suburbs/queanbeyan-west-nsw-2620/agents,0,1,0,8
how to sell house privately,https://www.yourpropertyguide.com.au/guides/sell-your-house-privately-australia,0,1,0,18
how to sell my house in rouse hill,https://www.yourpropertyguide.com.au/suburbs/rouse-hill-nsw-2155/agents,0,1,0,2
how to sell my house privately,https://www.yourpropertyguide.com.au/guides/sell-your-house-privately-australia,0,1,0,55
how to sell my own house,https://www.yourpropertyguide.com.au/guides/sell-your-house-privately-australia,0,1,0,56
how to sell property hawkesbury,https://www.yourpropertyguide.com.au/suburbs/lower-hawkesbury-nsw-2775/rental-market,0,1,0,77
how to sell your home privately,https://www.yourpropertyguide.com.au/guides/sell-your-house-privately-australia,0,1,0,43
how to sell your house,https://www.yourpropertyguide.com.au/guides/how-to-sell-a-house-australia,0,1,0,71
how to sell your house privately,https://www.yourpropertyguide.com.au/guides/sell-your-house-privately-australia,0,1,0,17
how to sell your own home,https://www.yourpropertyguide.com.au/guides/sell-your-house-privately-australia,0,1,0,41
how to sell your own property,https://www.yourpropertyguide.com.au/guides/sell-your-house-privately-australia,0,1,0,45
how to vet a property developer australia,https://www.yourpropertyguide.com.au/find-an-expert,0,18,0,83.7
how to work out property yield calculator,https://www.yourpropertyguide.com.au/rental-yield-calculator,0,18,0,86.2
how to work out yield,https://www.yourpropertyguide.com.au/rental-yield-calculator,0,1,0,94
how to work out yield on property,https://www.yourpropertyguide.com.au/rental-yield-calculator,0,1,0,91
how.much mortgage can i afford,https://www.yourpropertyguide.com.au/affordability-calculator,0,1,0,89
how.much mortgage can i afford,https://www.yourpropertyguide.com.au/borrowing-power-calculator,0,1,0,95
huberts estate agents,https://www.yourpropertyguide.com.au/suburbs/st-huberts-island-nsw-2257/agents,0,1,0,17
humpty doo postcode,https://www.yourpropertyguide.com.au/suburbs/humpty-doo-nt-0836,0,1,0,10
humpybong australia,https://www.yourpropertyguide.com.au/suburbs/humpybong-qld-4019,0,4,0,11.5
humpybong qld,https://www.yourpropertyguide.com.au/suburbs/humpybong-qld-4019,0,24,0,11.6
huntingdale wa,https://www.yourpropertyguide.com.au/suburbs/thornlie-wa-6108/vs/huntingdale-wa-6110,0,1,0,46
huntley public school,https://www.yourpropertyguide.com.au/suburbs/huntley-nsw-2530/schools,0,2,0,9
hurstbridge post code,https://www.yourpropertyguide.com.au/postcodes/3099,0,15,0,8.6
hurstbridge postcode,https://www.yourpropertyguide.com.au/postcodes/3099,0,61,0,9.1
hurstbridge vic 3099,https://www.yourpropertyguide.com.au/postcodes/3099,0,1,0,32
hurstville,https://www.yourpropertyguide.com.au/suburbs/hurstville-nsw-2220/vs/hurstville-westfield-nsw-2220,0,2,0,67
hurstville median house price,https://www.yourpropertyguide.com.au/suburbs/hurstville-nsw-2220/vs/allawah-nsw-2218,0,1,0,62
hurstville median house price,https://www.yourpropertyguide.com.au/suburbs/hurstville-nsw-2220/vs/hurstville-grove-nsw-2220,0,2,0,46.5
hurstville median house price,https://www.yourpropertyguide.com.au/suburbs/hurstville-nsw-2220/vs/penshurst-nsw-2222,0,2,0,54.5
hurstville median house price,https://www.yourpropertyguide.com.au/suburbs/hurstville-nsw-2220/vs/south-hurstville-nsw-2221,0,18,0,25.1
hurstville westfield parking fee,https://www.yourpropertyguide.com.au/suburbs/hurstville-nsw-2220/vs/hurstville-westfield-nsw-2220,0,1,0,40
hursville,https://www.yourpropertyguide.com.au/suburbs/hurstville-nsw-2220/vs/hurstville-westfield-nsw-2220,0,1,0,67
huskisson real estate agents,https://www.yourpropertyguide.com.au/suburbs/huskisson-nsw-2540/agents,0,1,0,4
hyde park post code,https://www.yourpropertyguide.com.au/postcodes/5061,0,8,0,10.8
hyde park postcode,https://www.yourpropertyguide.com.au/postcodes/5061,0,2,0,11
hyde park postcode sa,https://www.yourpropertyguide.com.au/postcodes/5061,0,1,0,10
hyperdome post code,https://www.yourpropertyguide.com.au/suburbs/loganholme-bc-qld-4129,0,8,0,11
im 6000,https://www.yourpropertyguide.com.au/suburbs/perth-wa-6000,0,1,0,3
in real estate commission,https://www.yourpropertyguide.com.au/guides/real-estate-commission-vic,0,1,0,74
in terms of study,https://www.yourpropertyguide.com.au/schools/sheoak-grove-primary-school-52656/vs/tranby-college-49111,0,1,0,11
inala median house price,https://www.yourpropertyguide.com.au/price-guide,0,1,0,54
income for mortgage calculator,https://www.yourpropertyguide.com.au/affordability-calculator,0,1,0,82
income qualification for mortgage calculator,https://www.yourpropertyguide.com.au/borrowing-power-calculator,0,1,0,85
independent buyers agent ballina,https://www.yourpropertyguide.com.au/suburbs/ballina-nsw-2478/agents,0,1,0,66
independent buyers agent lismore,https://www.yourpropertyguide.com.au/suburbs/north-lismore-nsw-2480/agents,0,1,0,67
independent school glenore grove,https://www.yourpropertyguide.com.au/suburbs/glenore-grove-qld-4342/schools,0,3,0,23
independent school tarampa,https://www.yourpropertyguide.com.au/suburbs/mount-tarampa-qld-4311/schools,0,1,0,90
indooroopilly postcode,https://www.yourpropertyguide.com.au/suburbs/indooroopilly-qld-4068,0,9,0,8.3
indoorpilly postcode,https://www.yourpropertyguide.com.au/suburbs/indooroopilly-qld-4068,0,1,0,8
ing how much can i borrow,https://www.yourpropertyguide.com.au/borrowing-power-calculator,0,1,0,79
ing rental yield calculator,https://www.yourpropertyguide.com.au/rental-yield-calculator,0,1,0,97
ingham 4850,https://www.yourpropertyguide.com.au/suburbs/ingham-qld-4850,0,1,0,23
ingham population,https://www.yourpropertyguide.com.au/suburbs/ingham-qld-4850,0,3,0,38.7
ingham post code,https://www.yourpropertyguide.com.au/suburbs/ingham-qld-4850,0,20,0,9.4
ingham postcode,https://www.yourpropertyguide.com.au/suburbs/ingham-qld-4850,0,128,0,9.4
ingham qld population,https://www.yourpropertyguide.com.au/suburbs/ingham-qld-4850,0,1,0,23
ingham qld postcode,https://www.yourpropertyguide.com.au/suburbs/ingham-qld-4850,0,5,0,10
ingleburn real estate agents,https://www.yourpropertyguide.com.au/suburbs/ingleburn-nsw-2565/agents,0,2,0,27.5
inglewood postcode,https://www.yourpropertyguide.com.au/suburbs/inglewood-qld-4387,0,45,0,8.8
inglewood postcode qld,https://www.yourpropertyguide.com.au/suburbs/inglewood-qld-4387,0,1,0,7
inglewood qld population,https://www.yourpropertyguide.com.au/suburbs/inglewood-qld-4387,0,2,0,17
inglewood qld postcode,https://www.yourpropertyguide.com.au/suburbs/inglewood-qld-4387,0,13,0,9.2
innaloo rent estimate,https://www.yourpropertyguide.com.au/suburbs/innaloo-wa-6018/rental-market,0,1,0,27
innaloo rental investment,https://www.yourpropertyguide.com.au/suburbs/innaloo-wa-6018/rental-market,0,20,0,32.5
innisfail property trends,https://www.yourpropertyguide.com.au/suburbs/innisfail-qld-4860/rental-market,0,2,0,43
insurance agent commission calculator,https://www.yourpropertyguide.com.au/real-estate-commission-calculator,0,1,0,89
invermay postcode,https://www.yourpropertyguide.com.au/suburbs/invermay-tas-7248,0,2,0,6.5
investment loan borrowing power calculator,https://www.yourpropertyguide.com.au/borrowing-power-calculator,0,1,0,90
investment property affordability calculator,https://www.yourpropertyguide.com.au/affordability-calculator,0,10,0,92.1
investment property borrowing calculator,https://www.yourpropertyguide.com.au/borrowing-power-calculator,0,1,0,98
investment property calculator free,https://www.yourpropertyguide.com.au/rental-yield-calculator,0,1,0,95
investment property income calculator,https://www.yourpropertyguide.com.au/rental-yield-calculator,0,4,0,98.5
investment property return calculator,https://www.yourpropertyguide.com.au/rental-yield-calculator,0,8,0,92.9
investment property yield calculator,https://www.yourpropertyguide.com.au/rental-yield-calculator,0,8,0,94.6
investment rental calculator,https://www.yourpropertyguide.com.au/rental-yield-calculator,0,1,0,97
investment secondary dwellings qld,https://www.yourpropertyguide.com.au/guides/granny-flat-guide-qld,0,16,0,60.9
investment yield calculator,https://www.yourpropertyguide.com.au/rental-yield-calculator,0,14,0,89.3
ironside primary school catchment area,https://www.yourpropertyguide.com.au/schools/ironside-state-school-46479,0,2,0,27.5
irrewarra postcode,https://www.yourpropertyguide.com.au/suburbs/irrewarra-vic-3249,0,8,0,9.5
is balwyn a good suburb,https://www.yourpropertyguide.com.au/suburbs/balwyn-north-vic-3104/vs/balwyn-vic-3103,0,1,0,50
is browns plains logan or brisbane,https://www.yourpropertyguide.com.au/suburbs/browns-plains-bc-qld-4118,0,2,0,9.5
is carlton melbourne a good suburb,https://www.yourpropertyguide.com.au/suburbs/carlton-south-vic-3053/vs/melbourne-vic-3000,0,1,0,55
is cessnock a good place to invest,https://www.yourpropertyguide.com.au/suburbs/cessnock-nsw-2325/rental-market,0,6,0,77.3
is daisy hill a good suburb,https://www.yourpropertyguide.com.au/suburbs/chatswood-hills-qld-4127/vs/daisy-hill-qld-4127,0,1,0,74
is daisy hill a good suburb,https://www.yourpropertyguide.com.au/suburbs/daisy-hill-vic-3465,0,1,0,65
is daisy hill a good suburb,https://www.yourpropertyguide.com.au/suburbs/meadowbrook-qld-4131/vs/daisy-hill-qld-4127,0,1,0,80
is davoren park a good suburb,https://www.yourpropertyguide.com.au/suburbs/davoren-park-south-sa-5113,0,1,0,39
is essendon a good suburb,https://www.yourpropertyguide.com.au/suburbs/essendon-vic-3040/vs/moonee-ponds-vic-3039,0,4,0,56.5
is fixed or variable better,https://www.yourpropertyguide.com.au/guides/fixed-vs-variable-rate-guide,0,16,0,75.5
is flinders view a good suburb,https://www.yourpropertyguide.com.au/suburbs/flinders-view-qld-4305,0,2,0,30
is glen iris a good suburb,https://www.yourpropertyguide.com.au/suburbs/glen-iris-vic-3146/vs/malvern-vic-3144,0,1,0,67
is hawthorn east a good suburb,https://www.yourpropertyguide.com.au/suburbs/hawthorn-east-vic-3123,0,1,0,39
is it a good investment,https://www.yourpropertyguide.com.au/suburbs/badagarang-nsw-2540,0,1,0,1
is kenmore a good suburb,https://www.yourpropertyguide.com.au/suburbs/kenmore-east-qld-4069,0,1,0,65
is moonee ponds safe,https://www.yourpropertyguide.com.au/suburbs/essendon-vic-3040/vs/moonee-ponds-vic-3039,0,1,0,40
is morayfield a good suburb,https://www.yourpropertyguide.com.au/guides/top-5-suburbs-families-moreton-bay,0,3,0,59.7
is morayfield a good suburb,https://www.yourpropertyguide.com.au/suburbs/morayfield-qld-4506,0,8,0,20
is narre warren a good suburb,https://www.yourpropertyguide.com.au/suburbs/berwick-vic-3806/vs/narre-warren-vic-3805,0,1,0,79
is negative gearing still available in australia,https://www.yourpropertyguide.com.au/guides/negative-gearing-australia,0,1,0,79
is oatlands a good suburb,https://www.yourpropertyguide.com.au/suburbs/oatlands-nsw-2117,0,1,0,1
is pascoe vale south a good suburb,https://www.yourpropertyguide.com.au/suburbs/essendon-vic-3040/vs/pascoe-vale-south-vic-3044,0,1,0,71
is surfers paradise a good place to live,https://www.yourpropertyguide.com.au/suburbs/surfers-paradise-qld-4217,0,2,0,47.5
is taigum a good suburb,https://www.yourpropertyguide.com.au/suburbs/taigum-qld-4018,0,1,0,39
is that high,https://www.yourpropertyguide.com.au/guides/real-estate-commission-wa,0,1,0,7
isabella plains,https://www.yourpropertyguide.com.au/suburbs/gordon-act-2906/vs/isabella-plains-act-2905,0,1,0,52
it starts with s,https://www.yourpropertyguide.com.au/suburbs/lalor-vic-3075/schools,0,1,0,7
ivanhoe real estate agents,https://www.yourpropertyguide.com.au/suburbs/ivanhoe-east-vic-3079/agents,0,1,0,16
ivanhoe real estate agents,https://www.yourpropertyguide.com.au/suburbs/ivanhoe-vic-3079/agents,0,1,0,2
jackass flat postcode,https://www.yourpropertyguide.com.au/postcodes/3556,0,1,0,3
jandakot postcode,https://www.yourpropertyguide.com.au/suburbs/jandakot-wa-6164,0,1,0,7
jannali postcode,https://www.yourpropertyguide.com.au/suburbs/jannali-nsw-2226,0,3,0,8.3
jarrahdale postcode,https://www.yourpropertyguide.com.au/postcodes/6124,0,5,0,8.6
jericho post code,https://www.yourpropertyguide.com.au/postcodes/4728,0,5,0,9
jericho postcode,https://www.yourpropertyguide.com.au/postcodes/4728,0,17,0,9.8
jericho qld postcode,https://www.yourpropertyguide.com.au/postcodes/4728,0,7,0,9.9
jindera postcode,https://www.yourpropertyguide.com.au/suburbs/jindera-nsw-2642,0,1,0,8
jingili postcode,https://www.yourpropertyguide.com.au/suburbs/jingili-nt-0810,0,2,0,8
joint home loan eligibility calculator,https://www.yourpropertyguide.com.au/borrowing-power-calculator,0,1,0,83
joondalup rental investment,https://www.yourpropertyguide.com.au/suburbs/joondalup-wa-6027/rental-market,0,22,0,37.7
jordan springs postcode,https://www.yourpropertyguide.com.au/suburbs/jordan-springs-nsw-2747,0,1,0,7
jordan springs property growth,https://www.yourpropertyguide.com.au/suburbs/jordan-springs-nsw-2747/rental-market,0,1,0,30
jordanville,https://www.yourpropertyguide.com.au/suburbs/holmesglen-vic-3148/vs/jordanville-vic-3148,0,3,0,38.3
julago postcode,https://www.yourpropertyguide.com.au/suburbs/julago-qld-4816,0,2,0,7
junction postcode,https://www.yourpropertyguide.com.au/suburbs/the-junction-nsw-2291,0,9,0,6.8
junee north public school,https://www.yourpropertyguide.com.au/schools/junee-high-school-42698/vs/junee-north-public-school-42588,0,1,0,12
junee nsw population,https://www.yourpropertyguide.com.au/suburbs/junee-nsw-2663,0,2,0,23
junee nsw postcode,https://www.yourpropertyguide.com.au/suburbs/junee-nsw-2663,0,22,0,9.1
junee population,https://www.yourpropertyguide.com.au/suburbs/junee-nsw-2663,0,2,0,22.5
junee post code,https://www.yourpropertyguide.com.au/suburbs/junee-nsw-2663,0,46,0,8.0
junee postcode,https://www.yourpropertyguide.com.au/suburbs/junee-nsw-2663,0,281,0,7.8
junee postcode nsw,https://www.yourpropertyguide.com.au/suburbs/junee-nsw-2663,0,13,0,8.5
k'gari postcode,https://www.yourpropertyguide.com.au/suburbs/k-gari-qld-4581,0,1,0,4
kairi school,https://www.yourpropertyguide.com.au/suburbs/kairi-qld-4872/schools,0,1,0,35
kairi state school,https://www.yourpropertyguide.com.au/suburbs/kairi-qld-4872/schools,0,1,0,22
kaleen post code,https://www.yourpropertyguide.com.au/postcodes/2617,0,2,0,9.5
kalgoorlie real estate agents,https://www.yourpropertyguide.com.au/suburbs/kalgoorlie-wa-6430/agents,0,3,0,30.7
kalkallo,https://www.yourpropertyguide.com.au/suburbs/kalkallo-vic-3064,0,2,0,49
kalkallo post code,https://www.yourpropertyguide.com.au/suburbs/kalkallo-vic-3064,0,1,0,9
kalkallo postcode,https://www.yourpropertyguide.com.au/suburbs/kalkallo-vic-3064,0,26,0,10.5
kalkallo primary school,https://www.yourpropertyguide.com.au/schools/banum-warrik-primary-school-53302/vs/gilgai-plains-primary-school-53063,0,1,0,26
kallangur real estate agents,https://www.yourpropertyguide.com.au/suburbs/kallangur-qld-4503/agents,0,2,0,18.5
kallaroo postcode,https://www.yourpropertyguide.com.au/suburbs/kallaroo-wa-6025,0,1,0,5
kaniva post code,https://www.yourpropertyguide.com.au/postcodes/3419,0,15,0,9.4
kaniva postcode,https://www.yourpropertyguide.com.au/postcodes/3419,0,37,0,8.9
karama nt postcode,https://www.yourpropertyguide.com.au/postcodes/0812,0,3,0,11.3
karama post code,https://www.yourpropertyguide.com.au/postcodes/0812,0,2,0,45
karama postcode,https://www.yourpropertyguide.com.au/postcodes/0812,0,38,0,12.2
karinyup postcode,https://www.yourpropertyguide.com.au/suburbs/karrinyup-wa-6018,0,1,0,7
kariong nsw postcode,https://www.yourpropertyguide.com.au/postcodes/2250,0,1,0,22
kariong post code,https://www.yourpropertyguide.com.au/postcodes/2250,0,6,0,10.8
kariong postcode,https://www.yourpropertyguide.com.au/postcodes/2250,0,3,0,21.3
karnup post code,https://www.yourpropertyguide.com.au/postcodes/6176,0,5,0,8.8
karnup postcode,https://www.yourpropertyguide.com.au/postcodes/6176,0,22,0,9.6
karnup postcode wa,https://www.yourpropertyguide.com.au/postcodes/6176,0,3,0,9
karnup wa 6176,https://www.yourpropertyguide.com.au/postcodes/6176,0,2,0,43
karnup wa postcode,https://www.yourpropertyguide.com.au/postcodes/6176,0,13,0,10
karrinyup,https://www.yourpropertyguide.com.au/suburbs/karrinyup-wa-6018,0,3,0,46.7
karrinyup median house price,https://www.yourpropertyguide.com.au/suburbs/karrinyup-wa-6018,0,2,0,15.5
karrinyup median house price,https://www.yourpropertyguide.com.au/suburbs/karrinyup-wa-6018/rental-market,0,1,0,40
karrinyup post code,https://www.yourpropertyguide.com.au/suburbs/karrinyup-wa-6018,0,9,0,10.4
karrinyup postcode,https://www.yourpropertyguide.com.au/suburbs/karrinyup-wa-6018,0,41,0,8.7
karrinyup postcode wa,https://www.yourpropertyguide.com.au/suburbs/karrinyup-wa-6018,0,5,0,13.4
karrinyup rental investment,https://www.yourpropertyguide.com.au/suburbs/karrinyup-wa-6018/rental-market,0,19,0,33.7
karrinyup road,https://www.yourpropertyguide.com.au/suburbs/karrinyup-wa-6018,0,1,0,46
karrinyup suburb profile,https://www.yourpropertyguide.com.au/suburbs/karrinyup-wa-6018,0,1,0,20
karrinyup suburb profile,https://www.yourpropertyguide.com.au/suburbs/karrinyup-wa-6018/rental-market,0,1,0,49
karrinyup wa,https://www.yourpropertyguide.com.au/suburbs/karrinyup-wa-6018,0,3,0,48.7
karrinyup wa 6018,https://www.yourpropertyguide.com.au/suburbs/karrinyup-wa-6018,0,1,0,32
karrinyup wa postcode,https://www.yourpropertyguide.com.au/suburbs/karrinyup-wa-6018,0,2,0,15.5
karrinyup western australia,https://www.yourpropertyguide.com.au/suburbs/karrinyup-wa-6018,0,2,0,58
katoomba postcode,https://www.yourpropertyguide.com.au/suburbs/katoomba-nsw-2780,0,1,0,10
katoomba real estate agents,https://www.yourpropertyguide.com.au/suburbs/katoomba-nsw-2780/agents,0,1,0,3
katunga post code,https://www.yourpropertyguide.com.au/suburbs/katunga-vic-3640,0,1,0,11
katunga postcode,https://www.yourpropertyguide.com.au/suburbs/katunga-vic-3640,0,30,0,9.9
katunga vic,https://www.yourpropertyguide.com.au/suburbs/katunga-vic-3640,0,1,0,16
katunga vic 3640,https://www.yourpropertyguide.com.au/suburbs/katunga-vic-3640,0,1,0,16
katunga victoria,https://www.yourpropertyguide.com.au/suburbs/katunga-vic-3640,0,1,0,14
keating negative gearing,https://www.yourpropertyguide.com.au/guides/negative-gearing-australia,0,1,0,59
kedron postcode qld,https://www.yourpropertyguide.com.au/suburbs/kedron-qld-4031,0,1,0,10
keilor east median house price,https://www.yourpropertyguide.com.au/suburbs/keilor-east-vic-3033/rental-market,0,1,0,47
keilor median house price,https://www.yourpropertyguide.com.au/suburbs/keilor-east-vic-3033/rental-market,0,1,0,44
kelly ville ridge,https://www.yourpropertyguide.com.au/suburbs/kellyville-nsw-2155/vs/kellyville-ridge-nsw-2155,0,1,0,89
kellys plains,https://www.yourpropertyguide.com.au/suburbs/kellys-plains-nsw-2350/schools,0,2,0,43
kellyville average house price,https://www.yourpropertyguide.com.au/price-guide,0,1,0,67
kellyville median house price,https://www.yourpropertyguide.com.au/price-guide,0,10,0,70
kellyville median house price,https://www.yourpropertyguide.com.au/suburbs/kellyville-nsw-2155/rental-market,0,16,0,40.6
kellyville ridge,https://www.yourpropertyguide.com.au/suburbs/kellyville-nsw-2155/vs/kellyville-ridge-nsw-2155,0,6,0,52.8
kellyville ridge median house price,https://www.yourpropertyguide.com.au/suburbs/kellyville-nsw-2155/vs/kellyville-ridge-nsw-2155,0,1,0,49
kellyville ridge nsw,https://www.yourpropertyguide.com.au/suburbs/kellyville-nsw-2155/vs/kellyville-ridge-nsw-2155,0,1,0,48
kellyville ridge suburb profile,https://www.yourpropertyguide.com.au/suburbs/kellyville-nsw-2155/vs/kellyville-ridge-nsw-2155,0,2,0,51
kembla grange nsw 2526,https://www.yourpropertyguide.com.au/suburbs/kembla-grange-nsw-2526,0,1,0,36
kembla grange post code,https://www.yourpropertyguide.com.au/suburbs/kembla-grange-nsw-2526,0,19,0,9.7
kembla grange postcode,https://www.yourpropertyguide.com.au/suburbs/kembla-grange-nsw-2526,0,43,0,6.9
kemblawarra,https://www.yourpropertyguide.com.au/suburbs/kemblawarra-nsw-2505/vs/port-kembla-nsw-2505,0,2,0,18.5
kenilworth postcode,https://www.yourpropertyguide.com.au/suburbs/kenilworth-qld-4574,0,1,0,7
kenmore 4069,https://www.yourpropertyguide.com.au/suburbs/kenmore-east-qld-4069,0,2,0,38
kenmore brisbane,https://www.yourpropertyguide.com.au/suburbs/kenmore-east-qld-4069,0,1,0,72
kenmore brisbane postcode,https://www.yourpropertyguide.com.au/suburbs/kenmore-east-qld-4069,0,3,0,11.3
kenmore brisbane qld,https://www.yourpropertyguide.com.au/suburbs/kenmore-east-qld-4069,0,1,0,55
kenmore east,https://www.yourpropertyguide.com.au/suburbs/kenmore-east-qld-4069,0,5,0,5.2
kenmore hills postcode,https://www.yourpropertyguide.com.au/suburbs/kenmore-east-qld-4069,0,1,0,15
kenmore median house price,https://www.yourpropertyguide.com.au/suburbs/kenmore-east-qld-4069,0,2,0,28
kenmore post code,https://www.yourpropertyguide.com.au/suburbs/kenmore-east-qld-4069,0,55,0,9.1
kenmore postal code,https://www.yourpropertyguide.com.au/suburbs/kenmore-east-qld-4069,0,5,0,10.6
kenmore postcode,https://www.yourpropertyguide.com.au/suburbs/kenmore-east-qld-4069,0,195,0,8.6
kenmore postcode qld,https://www.yourpropertyguide.com.au/suburbs/kenmore-east-qld-4069,0,22,0,8.7
kenmore qld,https://www.yourpropertyguide.com.au/suburbs/kenmore-east-qld-4069,0,3,0,70.3
kenmore qld 4069,https://www.yourpropertyguide.com.au/suburbs/kenmore-east-qld-4069,0,1,0,35
kenmore qld postcode,https://www.yourpropertyguide.com.au/suburbs/kenmore-east-qld-4069,0,16,0,9.8
kenmore queensland,https://www.yourpropertyguide.com.au/suburbs/kenmore-east-qld-4069,0,1,0,64
kenmore real estate agents,https://www.yourpropertyguide.com.au/suburbs/kenmore-qld-4069/agents,0,1,0,24
kenmore suburb profile,https://www.yourpropertyguide.com.au/suburbs/kenmore-east-qld-4069,0,2,0,30.5
kensington median house price,https://www.yourpropertyguide.com.au/suburbs/kensington-gardens-sa-5068/rental-market,0,1,0,18
kensington postcode vic,https://www.yourpropertyguide.com.au/suburbs/kensington-vic-3031,0,1,0,9
kensington real estate agents,https://www.yourpropertyguide.com.au/suburbs/kensington-vic-3031/agents,0,4,0,36
kentucky nsw postcode,https://www.yourpropertyguide.com.au/suburbs/kentucky-nsw-2354,0,1,0,8
kew real estate agents,https://www.yourpropertyguide.com.au/suburbs/kew-east-vic-3102/agents,0,3,0,17.7
kew real estate agents,https://www.yourpropertyguide.com.au/suburbs/kew-nsw-2439/agents,0,1,0,4
kew real estate agents,https://www.yourpropertyguide.com.au/suburbs/kew-vic-3101/agents,0,5,0,10.4
kiama postcode,https://www.yourpropertyguide.com.au/suburbs/kiama-nsw-2533,0,1,0,9
kiama real estate agents,https://www.yourpropertyguide.com.au/suburbs/kiama-nsw-2533/agents,0,11,0,19
killara median house price,https://www.yourpropertyguide.com.au/suburbs/killara-nsw-2071/rental-market,0,1,0,31
killarney vale postcode,https://www.yourpropertyguide.com.au/suburbs/killarney-vale-nsw-2261,0,1,0,9
killarney vale real estate agents,https://www.yourpropertyguide.com.au/suburbs/killarney-vale-nsw-2261/agents,0,2,0,25.5
killawarra,https://www.yourpropertyguide.com.au/suburbs/peechelba-vic-3678/vs/killawarra-vic-3678,0,3,0,31.3
kilmore post code,https://www.yourpropertyguide.com.au/suburbs/kilmore-vic-3764,0,192,0,7.4
kilmore postcode,https://www.yourpropertyguide.com.au/postcodes/3764,0,1,0,2
kilmore postcode,https://www.yourpropertyguide.com.au/suburbs/kilmore-vic-3764,0,953,0,8.2
kilmore postcode 3764,https://www.yourpropertyguide.com.au/suburbs/kilmore-vic-3764,0,2,0,9.5
kilmore property growth,https://www.yourpropertyguide.com.au/suburbs/kilmore-vic-3764,0,20,0,25.2
kilmore vic 3764,https://www.yourpropertyguide.com.au/suburbs/kilmore-vic-3764,0,1,0,21
kilmore vic postcode,https://www.yourpropertyguide.com.au/suburbs/kilmore-vic-3764,0,49,0,8.3
kilmore victoria postcode,https://www.yourpropertyguide.com.au/suburbs/kilmore-vic-3764,0,15,0,9.2
kingaroy postcode,https://www.yourpropertyguide.com.au/suburbs/kingaroy-qld-4610,0,4,0,7.5
kingaroy real estate agents,https://www.yourpropertyguide.com.au/suburbs/kingaroy-qld-4610/agents,0,1,0,37
kings park st albans,https://www.yourpropertyguide.com.au/suburbs/st-albans-vic-3021/vs/kings-park-vic-3021,0,1,0,17
kings park vic,https://www.yourpropertyguide.com.au/suburbs/st-albans-vic-3021/vs/kings-park-vic-3021,0,1,0,55
kingsbury 3083,https://www.yourpropertyguide.com.au/suburbs/kingsbury-vic-3083,0,1,0,18
kingsbury australia,https://www.yourpropertyguide.com.au/suburbs/kingsbury-vic-3083,0,1,0,36
kingsbury crime rate,https://www.yourpropertyguide.com.au/suburbs/kingsbury-vic-3083,0,2,0,23
kingsbury melbourne,https://www.yourpropertyguide.com.au/suburbs/kingsbury-vic-3083,0,1,0,34
kingsbury post code,https://www.yourpropertyguide.com.au/suburbs/kingsbury-vic-3083,0,4,0,8.2
kingsbury postcode,https://www.yourpropertyguide.com.au/suburbs/kingsbury-vic-3083,0,121,0,9.0
kingsbury vic,https://www.yourpropertyguide.com.au/suburbs/kingsbury-vic-3083,0,2,0,48.5
kingsbury vic 3083,https://www.yourpropertyguide.com.au/suburbs/kingsbury-vic-3083,0,1,0,35
kingsbury victoria,https://www.yourpropertyguide.com.au/suburbs/kingsbury-vic-3083,0,1,0,60
kingsbury victoria postcode,https://www.yourpropertyguide.com.au/suburbs/kingsbury-vic-3083,0,1,0,11
kingscliff postcode,https://www.yourpropertyguide.com.au/suburbs/kingscliff-nsw-2487,0,1,0,7
kingsford median house price,https://www.yourpropertyguide.com.au/suburbs/kingsford-nsw-2032/rental-market,0,1,0,33
kingsford postal code,https://www.yourpropertyguide.com.au/postcodes/2032,0,1,0,10
kingsford postcode,https://www.yourpropertyguide.com.au/postcodes/2032,0,2,0,9
kingsford suburb profile,https://www.yourpropertyguide.com.au/suburbs/kingsford-nsw-2032/rental-market,0,2,0,43
kingsgrove median house price,https://www.yourpropertyguide.com.au/suburbs/kingswood-nsw-2340/rental-market,0,1,0,49
kingsgrove postcode,https://www.yourpropertyguide.com.au/suburbs/kingsgrove-nsw-2208,0,3,0,8.3
kingsville vic 3012 australia,https://www.yourpropertyguide.com.au/suburbs/kingsville-vic-3012,0,18,0,20
kingsway schools,https://www.yourpropertyguide.com.au/suburbs/kingsway-wa-6065/schools,0,1,0,19
kingswood property growth,https://www.yourpropertyguide.com.au/suburbs/cambridge-park-nsw-2747/vs/kingswood-nsw-2747,0,3,0,11
kingswood property growth,https://www.yourpropertyguide.com.au/suburbs/kingswood-nsw-2340/rental-market,0,1,0,30
kingswood suburb profile,https://www.yourpropertyguide.com.au/suburbs/kingswood-nsw-2340/rental-market,0,1,0,46
kirra post code,https://www.yourpropertyguide.com.au/postcodes/4225,0,3,0,11
kirra postcode,https://www.yourpropertyguide.com.au/postcodes/4225,0,14,0,9.7
kirra postcode queensland,https://www.yourpropertyguide.com.au/postcodes/4225,0,4,0,9.8
kirrawee postcode,https://www.yourpropertyguide.com.au/postcodes/2232,0,6,0,10.7
kirribilli median house price,https://www.yourpropertyguide.com.au/price-guide,0,2,0,52
kiwirrkurra population,https://www.yourpropertyguide.com.au/suburbs/kiwirrkurra-wa-0872,0,19,0,10.8
knoxfield postcode,https://www.yourpropertyguide.com.au/suburbs/knoxfield-vic-3180,0,2,0,8
kogarah median house price,https://www.yourpropertyguide.com.au/suburbs/kogarah-bay-nsw-2217/rental-market,0,1,0,48
kogarah real estate agents,https://www.yourpropertyguide.com.au/suburbs/kogarah-nsw-2217/agents,0,3,0,22.7
kojonup real estate agents,https://www.yourpropertyguide.com.au/suburbs/kojonup-wa-6395/agents,0,1,0,17
koo wee rup postcode,https://www.yourpropertyguide.com.au/postcodes/3981,0,2,0,24.5
kooweerup postcode,https://www.yourpropertyguide.com.au/postcodes/3981,0,2,0,33.5
kororoit creek catchment,https://www.yourpropertyguide.com.au/schools/kororoit-creek-primary-school-50284,0,9,0,13.8
kororoit creek primary school,https://www.yourpropertyguide.com.au/schools/kororoit-creek-primary-school-50284,0,3,0,19
kororoit creek ps,https://www.yourpropertyguide.com.au/schools/kororoit-creek-primary-school-50284,0,1,0,45
koumala post code,https://www.yourpropertyguide.com.au/postcodes/4738,0,12,0,9.7
koumala postcode,https://www.yourpropertyguide.com.au/postcodes/4738,0,32,0,8.7
kulnura nsw 2250,https://www.yourpropertyguide.com.au/suburbs/kulnura-nsw-2250,0,1,0,34
kulnura postcode,https://www.yourpropertyguide.com.au/suburbs/kulnura-nsw-2250,0,14,0,7.6
kumbarilla,https://www.yourpropertyguide.com.au/suburbs/kumbarilla-qld-4405/vs/grassdale-qld-4405,0,3,0,43
kurralta park real estate agents,https://www.yourpropertyguide.com.au/suburbs/kurralta-park-sa-5037/agents,0,1,0,25
kyeemagh postcode,https://www.yourpropertyguide.com.au/suburbs/banksia-nsw-2216,0,1,0,42
kyneton real estate agents,https://www.yourpropertyguide.com.au/suburbs/kyneton-vic-3444/agents,0,2,0,26
kyogle real estate agents,https://www.yourpropertyguide.com.au/suburbs/kyogle-nsw-2474/agents,0,8,0,16.2
lade vale,https://www.yourpropertyguide.com.au/suburbs/bellmount-forest-nsw-2581/vs/lade-vale-nsw-2581,0,1,0,28
lake conjola post code,https://www.yourpropertyguide.com.au/suburbs/conjola-nsw-2539,0,7,0,11
lake conjola postcode,https://www.yourpropertyguide.com.au/suburbs/conjola-nsw-2539,0,8,0,10.8
lake haven dt,https://www.yourpropertyguide.com.au/suburbs/lake-haven-nsw-2263,0,3,0,53.7
lake heights post code,https://www.yourpropertyguide.com.au/postcodes/2502,0,9,0,11.1
lake heights postcode,https://www.yourpropertyguide.com.au/postcodes/2502,0,1,0,10
lake wendouree post code,https://www.yourpropertyguide.com.au/suburbs/lake-wendouree-vic-3350,0,1,0,8
lake wendouree postcode,https://www.yourpropertyguide.com.au/suburbs/lake-wendouree-vic-3350,0,12,0,9.7
lakelands postcode,https://www.yourpropertyguide.com.au/suburbs/lakelands-wa-6210,0,1,0,9
land buying process,https://www.yourpropertyguide.com.au/guides/buying-property-australia,0,1,0,93
land purchase process,https://www.yourpropertyguide.com.au/guides/buying-property-australia,0,1,0,87
landsborough 4550,https://www.yourpropertyguide.com.au/postcodes/4550,0,1,0,48
landsborough post code,https://www.yourpropertyguide.com.au/postcodes/4550,0,17,0,10.1
landsborough postcode,https://www.yourpropertyguide.com.au/postcodes/4550,0,39,0,10.9
landsborough qld postcode,https://www.yourpropertyguide.com.au/postcodes/4550,0,2,0,20
landsdale postcode,https://www.yourpropertyguide.com.au/suburbs/landsdale-wa-6065,0,1,0,8
landsdale rental investment,https://www.yourpropertyguide.com.au/suburbs/landsdale-wa-6065/rental-market,0,22,0,24.6
lane cove median house price,https://www.yourpropertyguide.com.au/suburbs/lane-cove-north-nsw-2066/rental-market,0,5,0,53.2
lane cove real estate agents,https://www.yourpropertyguide.com.au/suburbs/lane-cove-north-nsw-2066/agents,0,1,0,15
lane cove real estate agents,https://www.yourpropertyguide.com.au/suburbs/lane-cove-nsw-2066/agents,0,9,0,11.9
lane cove real estate agents,https://www.yourpropertyguide.com.au/suburbs/lane-cove-west-nsw-2066/agents,0,4,0,7.2
langley victoria,https://www.yourpropertyguide.com.au/suburbs/langley-vic-3444,0,1,0,28
langwarrin postcode,https://www.yourpropertyguide.com.au/suburbs/langwarrin-vic-3910,0,2,0,9.5
lapstone,https://www.yourpropertyguide.com.au/suburbs/lapstone-nsw-2773,0,6,0,17.3
lapstone nsw,https://www.yourpropertyguide.com.au/suburbs/lapstone-nsw-2773,0,3,0,28
lapstone postcode,https://www.yourpropertyguide.com.au/suburbs/lapstone-nsw-2773,0,24,0,8.8
lara postcode,https://www.yourpropertyguide.com.au/suburbs/lara-vic-3212,0,1,0,9
lara real estate agents,https://www.yourpropertyguide.com.au/suburbs/lara-vic-3212/agents,0,1,0,2
laurimar postcode,https://www.yourpropertyguide.com.au/postcodes/3754,0,8,0,13.2
lauriston term dates 2026,https://www.yourpropertyguide.com.au/schools/lauriston-girls-school-46150,0,1,0,50
lauristons,https://www.yourpropertyguide.com.au/schools/lauriston-girls-school-46150,0,3,0,40.3
laverton melbourne,https://www.yourpropertyguide.com.au/suburbs/laverton-vic-3028,0,1,0,61
laverton postcode,https://www.yourpropertyguide.com.au/suburbs/laverton-vic-3028,0,270,0,9.5
laverton postcode vic,https://www.yourpropertyguide.com.au/suburbs/laverton-vic-3028,0,16,0,10.8
laverton property growth,https://www.yourpropertyguide.com.au/suburbs/laverton-vic-3028,0,2,0,29.5
laverton suburb profile,https://www.yourpropertyguide.com.au/suburbs/laverton-vic-3028,0,1,0,4
laverton vic,https://www.yourpropertyguide.com.au/suburbs/laverton-vic-3028,0,1,0,71
laverton vic postcode,https://www.yourpropertyguide.com.au/suburbs/laverton-vic-3028,0,5,0,19
laverton victoria postcode,https://www.yourpropertyguide.com.au/suburbs/laverton-vic-3028,0,3,0,12.7
lawnton postcode,https://www.yourpropertyguide.com.au/suburbs/lawnton-qld-4501,0,1,0,5
lead estate agents,https://www.yourpropertyguide.com.au/for-agents,0,1,0,57
lead for real estate agent,https://www.yourpropertyguide.com.au/for-agents,0,1,0,84
lead in real estate,https://www.yourpropertyguide.com.au/for-agents,0,1,0,95
leads for real estate,https://www.yourpropertyguide.com.au/for-agents,0,21,0,84.9
leads for real estate agents,https://www.yourpropertyguide.com.au/for-agents,0,3,0,85
leads property,https://www.yourpropertyguide.com.au/for-agents,0,2,0,72
leads property,https://www.yourpropertyguide.com.au/real-estate-leads,0,1,0,52
leads real estate agents,https://www.yourpropertyguide.com.au/for-agents,0,1,0,74
leads realtor,https://www.yourpropertyguide.com.au/for-agents,0,1,0,62
leanyer nt postcode,https://www.yourpropertyguide.com.au/postcodes/0812,0,1,0,2
leanyer post code,https://www.yourpropertyguide.com.au/postcodes/0812,0,1,0,8
leanyer postcode,https://www.yourpropertyguide.com.au/postcodes/0812,0,1,0,2
lease and mortgage,https://www.yourpropertyguide.com.au/glossary,0,1,0,78
lease conveyancing enquiry,https://www.yourpropertyguide.com.au/guides/cost-of-selling-a-house-act,0,3,0,3
leasing aspley,https://www.yourpropertyguide.com.au/suburbs/aspley-qld-4034/rental-market,0,1,0,48
leawood gardens,https://www.yourpropertyguide.com.au/suburbs/leawood-gardens-sa-5150,0,1,0,12
leederville postcode,https://www.yourpropertyguide.com.au/suburbs/leederville-wa-6903,0,2,0,7
leichhardt postcode,https://www.yourpropertyguide.com.au/suburbs/leichhardt-qld-4305,0,2,0,5.5
leichhardt postcode qld,https://www.yourpropertyguide.com.au/suburbs/leichhardt-qld-4305,0,4,0,7
leichhardt real estate agents,https://www.yourpropertyguide.com.au/suburbs/leichhardt-nsw-2040/agents,0,3,0,12
leinster post code,https://www.yourpropertyguide.com.au/postcodes/6437,0,25,0,9.4
leinster postcode,https://www.yourpropertyguide.com.au/postcodes/6437,0,14,0,9.9
leinster wa postcode,https://www.yourpropertyguide.com.au/postcodes/6437,0,8,0,9.2
lending calculator,https://www.yourpropertyguide.com.au/borrowing-power-calculator,0,3,0,96
lending power calculator,https://www.yourpropertyguide.com.au/borrowing-power-calculator,0,3,0,92.3
leschenault,https://www.yourpropertyguide.com.au/suburbs/australind-wa-6233/vs/leschenault-wa-6233,0,1,0,70
letting costs,https://www.yourpropertyguide.com.au/guides,0,1,0,82
lewisham buyer's agent,https://www.yourpropertyguide.com.au/suburbs/lewisham-nsw-2049/agents,0,1,0,22
lewisham buyers agent,https://www.yourpropertyguide.com.au/suburbs/lewisham-nsw-2049/agents,0,3,0,22.7
lewiston postcode,https://www.yourpropertyguide.com.au/suburbs/lewiston-sa-5501,0,2,0,8
lidcomb postcode,https://www.yourpropertyguide.com.au/postcodes/2141,0,1,0,12
lidcombe 2141,https://www.yourpropertyguide.com.au/postcodes/2141,0,5,0,26.8
lidcombe nsw 2141,https://www.yourpropertyguide.com.au/postcodes/2141,0,1,0,48
lidcombe nsw postcode,https://www.yourpropertyguide.com.au/postcodes/2141,0,1,0,11
lidcombe post code,https://www.yourpropertyguide.com.au/postcodes/2141,0,3,0,12
lidcombe postal code,https://www.yourpropertyguide.com.au/postcodes/2141,0,1,0,12
lidcombe postcode,https://www.yourpropertyguide.com.au/postcodes/2141,0,42,0,12.3
lidcombe postcode,https://www.yourpropertyguide.com.au/suburbs/lidcombe-nsw-2141,0,3,0,9.3
lidcombe postcode 2141,https://www.yourpropertyguide.com.au/postcodes/2141,0,1,0,11
lidcombe postcode nsw,https://www.yourpropertyguide.com.au/postcodes/2141,0,1,0,9
lidcome post code,https://www.yourpropertyguide.com.au/postcodes/2141,0,3,0,11.3
life insurance agent commission calculator,https://www.yourpropertyguide.com.au/real-estate-commission-calculator,0,1,0,78
lightning ridge nsw postcode,https://www.yourpropertyguide.com.au/postcodes/2834,0,3,0,22.3
lightning ridge post code,https://www.yourpropertyguide.com.au/postcodes/2834,0,47,0,8.8
lightning ridge postcode,https://www.yourpropertyguide.com.au/postcodes/2834,0,126,0,9.9
lightsview agents,https://www.yourpropertyguide.com.au/suburbs/lightsview-sa-5085/agents,0,1,0,11
lillydale postcode,https://www.yourpropertyguide.com.au/postcodes/3140,0,3,0,10.3
lilydale 3140,https://www.yourpropertyguide.com.au/postcodes/3140,0,2,0,48.5
lilydale post code,https://www.yourpropertyguide.com.au/postcodes/3140,0,21,0,10.0
lilydale postcode,https://www.yourpropertyguide.com.au/postcodes/3140,0,56,0,10.6
lilydale postcode vic,https://www.yourpropertyguide.com.au/postcodes/3140,0,4,0,12.5
lilydale postcode victoria,https://www.yourpropertyguide.com.au/postcodes/3140,0,3,0,11.3
lilydale tas postcode,https://www.yourpropertyguide.com.au/suburbs/lilydale-tas-7268,0,2,0,12
lilydale tasmania postcode,https://www.yourpropertyguide.com.au/suburbs/lilydale-tas-7268,0,3,0,8.3
lilydale vic 3140,https://www.yourpropertyguide.com.au/postcodes/3140,0,1,0,43
lilydale vic 3140 australia,https://www.yourpropertyguide.com.au/postcodes/3140,0,1,0,46
lilydale vic postcode,https://www.yourpropertyguide.com.au/postcodes/3140,0,11,0,11
lilydale victoria 3140,https://www.yourpropertyguide.com.au/postcodes/3140,0,1,0,54
lilydale victoria postcode,https://www.yourpropertyguide.com.au/postcodes/3140,0,5,0,10.8
lilyfield buyers agent,https://www.yourpropertyguide.com.au/suburbs/lilyfield-nsw-2040/agents,0,1,0,23
lindfield real estate agents,https://www.yourpropertyguide.com.au/suburbs/east-lindfield-nsw-2070/agents,0,3,0,7.3
lindfield real estate agents,https://www.yourpropertyguide.com.au/suburbs/lindfield-nsw-2070/agents,0,1,0,32
lisarow post code,https://www.yourpropertyguide.com.au/postcodes/2250,0,6,0,11.2
lismore real estate agents,https://www.yourpropertyguide.com.au/suburbs/lismore-nsw-2480/agents,0,2,0,42.5
listing agent commission,https://www.yourpropertyguide.com.au/guides/real-estate-commission-vic,0,4,0,61.8
listing agent commission rate,https://www.yourpropertyguide.com.au/guides/real-estate-commission-vic,0,5,0,67.6
listing fee real estate,https://www.yourpropertyguide.com.au/guides/real-estate-commission-vic,0,2,0,58.5
listing leads,https://www.yourpropertyguide.com.au/for-agents,0,6,0,76.5
little mountain 4551,https://www.yourpropertyguide.com.au/suburbs/little-mountain-qld-4551,0,2,0,24.5
little mountain post code,https://www.yourpropertyguide.com.au/suburbs/little-mountain-qld-4551,0,47,0,7.2
little mountain postcode,https://www.yourpropertyguide.com.au/suburbs/little-mountain-qld-4551,0,283,0,7.0
little mountain postcode qld,https://www.yourpropertyguide.com.au/suburbs/little-mountain-qld-4551,0,9,0,7.3
little mountain qld,https://www.yourpropertyguide.com.au/suburbs/little-mountain-qld-4551,0,3,0,45
little mountain qld postcode,https://www.yourpropertyguide.com.au/suburbs/little-mountain-qld-4551,0,31,0,7.2
little mountain queensland,https://www.yourpropertyguide.com.au/suburbs/little-mountain-qld-4551,0,1,0,48
little mountain queensland 4551,https://www.yourpropertyguide.com.au/suburbs/little-mountain-qld-4551,0,1,0,22
liverpool 2170,https://www.yourpropertyguide.com.au/postcodes/2170,0,3,0,48.7
liverpool house price growth,https://www.yourpropertyguide.com.au/suburbs/liverpool-nsw-2170/vs/cartwright-nsw-2168,0,3,0,5.3
liverpool median house price,https://www.yourpropertyguide.com.au/suburbs/liverpool-nsw-2170/vs/cartwright-nsw-2168,0,3,0,4.7
liverpool postcode nsw,https://www.yourpropertyguide.com.au/postcodes/2170,0,2,0,11.5
liverpool suburb postcode,https://www.yourpropertyguide.com.au/postcodes/2170,0,1,0,9
liverpool westfield postcode,https://www.yourpropertyguide.com.au/postcodes/2170,0,4,0,9.5
living in moreton bay,https://www.yourpropertyguide.com.au/guides/top-5-suburbs-families-moreton-bay,0,1,0,36
loan affordability calculation,https://www.yourpropertyguide.com.au/affordability-calculator,0,2,0,93.5
loan affordability calculation,https://www.yourpropertyguide.com.au/borrowing-power-calculator,0,1,0,98
loan affordability calculator,https://www.yourpropertyguide.com.au/borrowing-power-calculator,0,2,0,98
loan approval calculator,https://www.yourpropertyguide.com.au/borrowing-power-calculator,0,2,0,88.5
loan eligibility calculator,https://www.yourpropertyguide.com.au/borrowing-power-calculator,0,9,0,95.3
loan eligibility calculator australia,https://www.yourpropertyguide.com.au/borrowing-power-calculator,0,1,0,99
loan limit calculator,https://www.yourpropertyguide.com.au/borrowing-power-calculator,0,1,0,93
loan power calculator,https://www.yourpropertyguide.com.au/borrowing-power-calculator,0,1,0,99
loan repayments on 600000,https://www.yourpropertyguide.com.au/mortgage-calculator,0,1,0,87
loan repayments on 600k,https://www.yourpropertyguide.com.au/mortgage-calculator,0,2,0,86
loan serviceability calculator,https://www.yourpropertyguide.com.au/borrowing-power-calculator,0,7,0,95.7
loan servicing calculator,https://www.yourpropertyguide.com.au/borrowing-power-calculator,0,2,0,95.5
local real estate agent in greenwith,https://www.yourpropertyguide.com.au/suburbs/greenwith-sa-5125/agents,0,1,0,16
local real estate agents deagon,https://www.yourpropertyguide.com.au/suburbs/deagon-qld-4017/agents,0,2,0,18
local real estate agents rouse hill,https://www.yourpropertyguide.com.au/suburbs/rouse-hill-nsw-2155/agents,0,2,0,25
lockington school,https://www.yourpropertyguide.com.au/schools/lockington-consolidated-school-45305,0,1,0,33
lockridge,https://www.yourpropertyguide.com.au/suburbs/lockridge-wa-6054,0,2,0,44
lockridge crime rate,https://www.yourpropertyguide.com.au/suburbs/lockridge-wa-6054,0,1,0,24
lockridge perth,https://www.yourpropertyguide.com.au/suburbs/lockridge-wa-6054,0,1,0,47
lockridge post code,https://www.yourpropertyguide.com.au/suburbs/lockridge-wa-6054,0,9,0,8
lockridge postcode,https://www.yourpropertyguide.com.au/suburbs/lockridge-wa-6054,0,25,0,8.9
lockridge suburb profile,https://www.yourpropertyguide.com.au/suburbs/lockridge-wa-6054,0,1,0,42
lockridge wa,https://www.yourpropertyguide.com.au/suburbs/lockridge-wa-6054,0,1,0,62
lockridge wa 6054,https://www.yourpropertyguide.com.au/suburbs/lockridge-wa-6054,0,1,0,39
lockridge wa postcode,https://www.yourpropertyguide.com.au/suburbs/lockridge-wa-6054,0,2,0,9.5
lockyer valley postcode,https://www.yourpropertyguide.com.au/suburbs/lockyer-qld-4344,0,25,0,6.9
loftus post code,https://www.yourpropertyguide.com.au/postcodes/2232,0,1,0,8
logan city council rates average,https://www.yourpropertyguide.com.au/suburbs/logan-central-qld-4114/rental-market,0,1,0,63
logan city postcode,https://www.yourpropertyguide.com.au/suburbs/loganholme-bc-qld-4129,0,1,0,10
logan council rates calculator,https://www.yourpropertyguide.com.au/suburbs/logan-central-qld-4114/rental-market,0,1,0,61
logan hyperdome postcode,https://www.yourpropertyguide.com.au/suburbs/loganholme-bc-qld-4129,0,9,0,9.6
logan property growth,https://www.yourpropertyguide.com.au/suburbs/logan-central-qld-4114/rental-market,0,1,0,74
logan property market,https://www.yourpropertyguide.com.au/suburbs/logan-central-qld-4114/rental-market,0,1,0,65
logan rates,https://www.yourpropertyguide.com.au/suburbs/logan-central-qld-4114/rental-market,0,1,0,70
logan rates dates,https://www.yourpropertyguide.com.au/suburbs/logan-central-qld-4114/rental-market,0,1,0,54
logan suburb profile,https://www.yourpropertyguide.com.au/suburbs/loganholme-bc-qld-4129,0,1,0,9
loganholme 4129,https://www.yourpropertyguide.com.au/suburbs/loganholme-bc-qld-4129,0,1,0,23
loganholme brisbane qld,https://www.yourpropertyguide.com.au/suburbs/loganholme-bc-qld-4129,0,1,0,66
loganholme post code,https://www.yourpropertyguide.com.au/suburbs/loganholme-bc-qld-4129,0,126,0,7.6
loganholme postcode,https://www.yourpropertyguide.com.au/suburbs/loganholme-bc-qld-4129,0,940,0,8.9
loganholme postcode qld,https://www.yourpropertyguide.com.au/suburbs/loganholme-bc-qld-4129,0,19,0,9.7
loganholme qld 4129,https://www.yourpropertyguide.com.au/suburbs/loganholme-bc-qld-4129,0,1,0,23
loganholme qld postcode,https://www.yourpropertyguide.com.au/suburbs/loganholme-bc-qld-4129,0,18,0,10.2
long point postcode,https://www.yourpropertyguide.com.au/postcodes/2564,0,2,0,11
longueville postcode,https://www.yourpropertyguide.com.au/suburbs/longueville-nsw-2066,0,1,0,8
lonsdale dc,https://www.yourpropertyguide.com.au/suburbs/port-stanvac-sa-5160/vs/lonsdale-dc-sa-5160,0,1,0,7
lorne median house price,https://www.yourpropertyguide.com.au/suburbs/lorne-vic-3232/rental-market,0,8,0,28
lota qld australia,https://www.yourpropertyguide.com.au/suburbs/lota-qld-4179,0,1,0,29
louisa creek,https://www.yourpropertyguide.com.au/suburbs/louisa-creek-qld-4740/vs/grasstree-qld-4737,0,1,0,47
louth park,https://www.yourpropertyguide.com.au/suburbs/louth-park-nsw-2320,0,3,0,19
louth park nsw,https://www.yourpropertyguide.com.au/suburbs/louth-park-nsw-2320,0,1,0,42
louth park postcode,https://www.yourpropertyguide.com.au/suburbs/louth-park-nsw-2320,0,44,0,9.4
low commission real estate,https://www.yourpropertyguide.com.au/guides/real-estate-commission-nsw,0,4,0,76
low commission real estate,https://www.yourpropertyguide.com.au/guides/real-estate-commission-vic,0,14,0,73.4
low commission real estate agent,https://www.yourpropertyguide.com.au/guides/real-estate-commission-vic,0,1,0,61
low commission real estate agents,https://www.yourpropertyguide.com.au/guides/real-estate-commission-vic,0,2,0,57
low commission real estate gladstone,https://www.yourpropertyguide.com.au/suburbs/west-gladstone-qld-4680/agents,0,1,0,20
low income mortgage calculator,https://www.yourpropertyguide.com.au/borrowing-power-calculator,0,1,0,88
lower chittering postcode,https://www.yourpropertyguide.com.au/postcodes/6084,0,6,0,18.3
lower commission real estate agents,https://www.yourpropertyguide.com.au/guides/real-estate-commission-vic,0,1,0,60
lowest commission,https://www.yourpropertyguide.com.au/guides/real-estate-commission-vic,0,1,0,73
lowest commission real estate,https://www.yourpropertyguide.com.au/guides/real-estate-commission-vic,0,4,0,71.5
lowest estate agent fees,https://www.yourpropertyguide.com.au/guides/real-estate-commission-vic,0,1,0,52
loxton north postcode,https://www.yourpropertyguide.com.au/suburbs/loxton-north-sa-5333,0,9,0,7.3
loxton post code,https://www.yourpropertyguide.com.au/suburbs/loxton-north-sa-5333,0,8,0,9.6
loxton postal code,https://www.yourpropertyguide.com.au/suburbs/loxton-north-sa-5333,0,1,0,11
loxton postcode,https://www.yourpropertyguide.com.au/suburbs/loxton-north-sa-5333,0,54,0,9.3
lurnea post code,https://www.yourpropertyguide.com.au/postcodes/2170,0,4,0,12
lutana hobart,https://www.yourpropertyguide.com.au/suburbs/lutana-tas-7009,0,1,0,31
lutana post code,https://www.yourpropertyguide.com.au/suburbs/lutana-tas-7009,0,6,0,10
lutana postcode,https://www.yourpropertyguide.com.au/suburbs/lutana-tas-7009,0,58,0,9.7
lutana postcode tas,https://www.yourpropertyguide.com.au/suburbs/lutana-tas-7009,0,6,0,8.5
lutana tas,https://www.yourpropertyguide.com.au/suburbs/lutana-tas-7009,0,1,0,26
lutana tas postcode,https://www.yourpropertyguide.com.au/suburbs/lutana-tas-7009,0,1,0,8
lutana tasmania,https://www.yourpropertyguide.com.au/suburbs/lutana-tas-7009,0,1,0,44
lutheran school glenore grove,https://www.yourpropertyguide.com.au/suburbs/glenore-grove-qld-4342/schools,0,1,0,16
lysterfield median house price,https://www.yourpropertyguide.com.au/suburbs/lysterfield-south-vic-3156,0,2,0,41.5
lysterfield post code,https://www.yourpropertyguide.com.au/postcodes/3156,0,4,0,9.2
lysterfield post code,https://www.yourpropertyguide.com.au/suburbs/lysterfield-south-vic-3156,0,1,0,9
lysterfield postcode,https://www.yourpropertyguide.com.au/postcodes/3156,0,3,0,16.7
lysterfield postcode,https://www.yourpropertyguide.com.au/suburbs/lysterfield-south-vic-3156,0,1,0,16
lysterfield postcode australia,https://www.yourpropertyguide.com.au/postcodes/3156,0,1,0,10
lysterfield south,https://www.yourpropertyguide.com.au/suburbs/lysterfield-south-vic-3156,0,5,0,21
lysterfield south postcode,https://www.yourpropertyguide.com.au/suburbs/lysterfield-south-vic-3156,0,22,0,9.0
lysterfield vic 3156,https://www.yourpropertyguide.com.au/suburbs/lysterfield-south-vic-3156,0,1,0,41
lysterfield vic postcode,https://www.yourpropertyguide.com.au/postcodes/3156,0,1,0,11
lysterfield vic postcode,https://www.yourpropertyguide.com.au/suburbs/lysterfield-south-vic-3156,0,1,0,38
mac fields post code,https://www.yourpropertyguide.com.au/postcodes/2564,0,1,0,12
mac fields postcode,https://www.yourpropertyguide.com.au/postcodes/2564,0,4,0,11.2
mackay harbour postcode,https://www.yourpropertyguide.com.au/suburbs/mackay-harbour-qld-4740,0,1,0,9
macmasters beach,https://www.yourpropertyguide.com.au/suburbs/macmasters-beach-nsw-2251,0,1,0,6
macmasters beach post code,https://www.yourpropertyguide.com.au/suburbs/macmasters-beach-nsw-2251,0,3,0,10.3
macquarie bank how much can i borrow,https://www.yourpropertyguide.com.au/borrowing-power-calculator,0,1,0,94
macquarie borrowing calculator,https://www.yourpropertyguide.com.au/borrowing-power-calculator,0,1,0,86
macquarie field post code,https://www.yourpropertyguide.com.au/postcodes/2564,0,1,0,12
macquarie field postcode,https://www.yourpropertyguide.com.au/postcodes/2564,0,9,0,14.4
macquarie fields nsw postcode,https://www.yourpropertyguide.com.au/postcodes/2564,0,8,0,21.2
macquarie fields post code,https://www.yourpropertyguide.com.au/postcodes/2564,0,10,0,9.9
macquarie fields postcode,https://www.yourpropertyguide.com.au/postcodes/2564,0,5,0,24
macquarie fields postcode nsw,https://www.yourpropertyguide.com.au/postcodes/2564,0,1,0,10
macquarie how much can i borrow,https://www.yourpropertyguide.com.au/borrowing-power-calculator,0,1,0,100
macquarie post code,https://www.yourpropertyguide.com.au/postcodes/2564,0,1,0,74
macquarie post code,https://www.yourpropertyguide.com.au/suburbs/buchanan-nsw-2323,0,1,0,38
maddington postcode,https://www.yourpropertyguide.com.au/suburbs/maddington-wa-6109,0,1,0,7
magnetic island postcode,https://www.yourpropertyguide.com.au/suburbs/magnetic-island-qld-4819,0,1,0,5
maida vale rent estimate,https://www.yourpropertyguide.com.au/suburbs/maida-vale-wa-6057/rental-market,0,1,0,14
maidenwell queensland,https://www.yourpropertyguide.com.au/suburbs/maidenwell-qld-4615,0,1,0,47
maitland,https://www.yourpropertyguide.com.au/suburbs/maitland-sa-5573,0,1,0,6
maitland population,https://www.yourpropertyguide.com.au/suburbs/maitland-sa-5573,0,1,0,3
maitland post code,https://www.yourpropertyguide.com.au/suburbs/maitland-sa-5573,0,3,0,1
maitland postcode,https://www.yourpropertyguide.com.au/suburbs/maitland-sa-5573,0,78,0,5.7
maitland sa,https://www.yourpropertyguide.com.au/suburbs/maitland-sa-5573,0,6,0,17
maitland sa population,https://www.yourpropertyguide.com.au/suburbs/maitland-sa-5573,0,5,0,14
maitland sa post code,https://www.yourpropertyguide.com.au/suburbs/maitland-sa-5573,0,5,0,7
maitland sa postcode,https://www.yourpropertyguide.com.au/suburbs/maitland-sa-5573,0,66,0,7.6
maitland south australia,https://www.yourpropertyguide.com.au/suburbs/maitland-sa-5573,0,3,0,2.3
maitland yorke peninsula,https://www.yourpropertyguide.com.au/suburbs/maitland-sa-5573,0,1,0,45
malak nt postcode,https://www.yourpropertyguide.com.au/postcodes/0812,0,3,0,11.3
malak post code,https://www.yourpropertyguide.com.au/postcodes/0812,0,15,0,10.7
malak postcode,https://www.yourpropertyguide.com.au/postcodes/0812,0,10,0,12.4
malak postcode nt,https://www.yourpropertyguide.com.au/postcodes/0812,0,5,0,10.8
malanda population,https://www.yourpropertyguide.com.au/suburbs/malanda-qld-4885,0,1,0,11
malanda post code,https://www.yourpropertyguide.com.au/suburbs/malanda-qld-4885,0,5,0,10.4
malanda postcode,https://www.yourpropertyguide.com.au/suburbs/malanda-qld-4885,0,25,0,7.6
maldon post code,https://www.yourpropertyguide.com.au/suburbs/maldon-nsw-2571,0,2,0,8.5
maldon postcode,https://www.yourpropertyguide.com.au/suburbs/maldon-nsw-2571,0,9,0,9.6
mallan nsw,https://www.yourpropertyguide.com.au/suburbs/mallan-nsw-2734,0,3,0,11
malvern real estate agents,https://www.yourpropertyguide.com.au/suburbs/malvern-vic-3144/agents,0,3,0,39
mambourin post code,https://www.yourpropertyguide.com.au/postcodes/3024,0,1,0,2
manapouri population,https://www.yourpropertyguide.com.au/suburbs/manapouri-qld-4361,0,3,0,9.7
manapouri qld,https://www.yourpropertyguide.com.au/suburbs/manapouri-qld-4361,0,1,0,12
mandurah 6210,https://www.yourpropertyguide.com.au/suburbs/mandurah-dc-wa-6210,0,1,0,45
mandurah dc,https://www.yourpropertyguide.com.au/suburbs/mandurah-dc-wa-6210,0,18,0,4.8
mandurah post code,https://www.yourpropertyguide.com.au/suburbs/mandurah-dc-wa-6210,0,402,0,8.3
mandurah postal code,https://www.yourpropertyguide.com.au/suburbs/mandurah-dc-wa-6210,0,8,0,9
mandurah postcode,https://www.yourpropertyguide.com.au/suburbs/mandurah-dc-wa-6210,0,1651,0,8.2
mandurah postcode,https://www.yourpropertyguide.com.au/suburbs/mandurah-wa-6210,0,1,0,8
mandurah postcode wa,https://www.yourpropertyguide.com.au/suburbs/mandurah-dc-wa-6210,0,88,0,10.3
mandurah wa 6210,https://www.yourpropertyguide.com.au/suburbs/mandurah-dc-wa-6210,0,1,0,38
mandurah wa 6210 australia,https://www.yourpropertyguide.com.au/suburbs/mandurah-dc-wa-6210,0,1,0,34
mandurah wa post code,https://www.yourpropertyguide.com.au/suburbs/mandurah-dc-wa-6210,0,7,0,10.3
mandurah wa postcode,https://www.yourpropertyguide.com.au/suburbs/mandurah-dc-wa-6210,0,28,0,10.5
mandurah western australia postcode,https://www.yourpropertyguide.com.au/suburbs/mandurah-dc-wa-6210,0,5,0,9.8
manor lake postcode,https://www.yourpropertyguide.com.au/postcodes/3024,0,2,0,11.5
manor lakes post code,https://www.yourpropertyguide.com.au/postcodes/3024,0,21,0,10.0
manor lakes postcode,https://www.yourpropertyguide.com.au/postcodes/3024,0,14,0,16.6
manor lakes vic 3024,https://www.yourpropertyguide.com.au/postcodes/3024,0,1,0,45
manor lakes vic postcode,https://www.yourpropertyguide.com.au/postcodes/3024,0,1,0,11
manor postcode,https://www.yourpropertyguide.com.au/postcodes/3024,0,1,0,7
mansfield postcode,https://www.yourpropertyguide.com.au/postcodes/3722,0,2,0,11.5
mansfield real estate agents,https://www.yourpropertyguide.com.au/suburbs/mansfield-vic-3722/agents,0,2,0,42
marangaroo rent estimate,https://www.yourpropertyguide.com.au/suburbs/marangaroo-wa-6064/rental-market,0,1,0,28
marayong australia,https://www.yourpropertyguide.com.au/suburbs/blacktown-nsw-2148/vs/marayong-nsw-2148,0,1,0,70
marketing agency deniliquin,https://www.yourpropertyguide.com.au/suburbs/deniliquin-nsw-2710/agents,0,3,0,19.7
maroochydore median house price,https://www.yourpropertyguide.com.au/suburbs/maroochydore-qld-4558/rental-market,0,1,0,48
marrara post code,https://www.yourpropertyguide.com.au/postcodes/0812,0,6,0,10.5
marrickville median house price,https://www.yourpropertyguide.com.au/suburbs/marrickville-nsw-2204/rental-market,0,1,0,11
marrinup,https://www.yourpropertyguide.com.au/suburbs/marrinup-wa-6213,0,2,0,90.5
marsden state high school ranking,https://www.yourpropertyguide.com.au/suburbs/marsden-qld-4132/schools,0,1,0,59
marthaguy nsw,https://www.yourpropertyguide.com.au/suburbs/marthaguy-nsw-2824,0,1,0,16
maryland postcode,https://www.yourpropertyguide.com.au/suburbs/maryland-nsw-4377,0,1,0,8
maryville public school,https://www.yourpropertyguide.com.au/suburbs/maryville-nsw-2293/schools,0,3,0,5.3
maryville public schools,https://www.yourpropertyguide.com.au/suburbs/maryville-nsw-2293/schools,0,1,0,5
matraville postcode,https://www.yourpropertyguide.com.au/suburbs/matraville-nsw-2036,0,1,0,8
max mortgage calculator,https://www.yourpropertyguide.com.au/borrowing-power-calculator,0,1,0,90
maximum loan calculator,https://www.yourpropertyguide.com.au/borrowing-power-calculator,0,1,0,98
maximum mortgage calculator,https://www.yourpropertyguide.com.au/borrowing-power-calculator,0,1,0,87
mayfield real estate agents,https://www.yourpropertyguide.com.au/suburbs/mayfield-nsw-2304/agents,0,1,0,24
maylands rent estimate,https://www.yourpropertyguide.com.au/suburbs/maylands-wa-6051/rental-market,0,1,0,28
mayrung,https://www.yourpropertyguide.com.au/suburbs/mayrung-nsw-2710/schools,0,1,0,14
mc property gold coast,https://www.yourpropertyguide.com.au/suburbs/gold-coast-mc-qld-4217/rental-market,0,1,0,92
mc rental,https://www.yourpropertyguide.com.au/suburbs/gold-coast-mc-qld-4217/rental-market,0,1,0,86
meadow springs postcode,https://www.yourpropertyguide.com.au/suburbs/meadow-springs-wa-6210,0,2,0,8.5
median age,https://www.yourpropertyguide.com.au/suburbs/mount-egerton-vic-3352,0,1,0,3
median house price australia by state,https://www.yourpropertyguide.com.au/states,0,2,0,67.5
median house price balwyn,https://www.yourpropertyguide.com.au/suburbs/balwyn-north-vic-3104/vs/balwyn-vic-3103,0,2,0,38.5
median house price balwyn north,https://www.yourpropertyguide.com.au/suburbs/balwyn-north-vic-3104/vs/balwyn-vic-3103,0,1,0,31
median house price baulkham hills,https://www.yourpropertyguide.com.au/suburbs/baulkham-hills-nsw-2153/rental-market,0,1,0,18
median house price bendigo,https://www.yourpropertyguide.com.au/suburbs/bendigo-vic-3550/rental-market,0,1,0,50
median house price berwick,https://www.yourpropertyguide.com.au/suburbs/berwick-vic-3806/rental-market,0,7,0,48
median house price blacktown,https://www.yourpropertyguide.com.au/suburbs/blacktown-nsw-2148/rental-market,0,8,0,15.1
median house price buderim,https://www.yourpropertyguide.com.au/suburbs/buderim-qld-4556,0,2,0,22.5
median house price bulleen,https://www.yourpropertyguide.com.au/suburbs/bulleen-vic-3105,0,1,0,26
median house price burwood,https://www.yourpropertyguide.com.au/suburbs/burwood-east-vic-3151/rental-market,0,2,0,54
median house price burwood,https://www.yourpropertyguide.com.au/suburbs/burwood-heights-nsw-2136/rental-market,0,1,0,64
median house price by state,https://www.yourpropertyguide.com.au/states,0,1,0,78
median house price by state australia,https://www.yourpropertyguide.com.au/states,0,2,0,73
median house price by suburb,https://www.yourpropertyguide.com.au/price-guide,0,1,0,65
median house price camberwell,https://www.yourpropertyguide.com.au/suburbs/canterbury-vic-3126/vs/camberwell-north-vic-3124,0,2,0,65.5
median house price caringbah,https://www.yourpropertyguide.com.au/price-guide,0,2,0,58.5
median house price chatswood,https://www.yourpropertyguide.com.au/price-guide,0,5,0,64.4
median house price chatswood,https://www.yourpropertyguide.com.au/suburbs/chatswood-nsw-2067/rental-market,0,1,0,46
median house price chatswood,https://www.yourpropertyguide.com.au/suburbs/chatswood-west-nsw-2067/rental-market,0,8,0,36.1
median house price concord,https://www.yourpropertyguide.com.au/price-guide,0,1,0,70
median house price concord,https://www.yourpropertyguide.com.au/suburbs/concord-nsw-2137/rental-market,0,1,0,33
median house price dandenong,https://www.yourpropertyguide.com.au/suburbs/dandenong-vic-3175/rental-market,0,12,0,9.4
median house price ellenbrook,https://www.yourpropertyguide.com.au/suburbs/ellenbrook-wa-6069/vs/belhus-wa-6069,0,1,0,50
median house price ellenbrook,https://www.yourpropertyguide.com.au/suburbs/ellenbrook-wa-6069/vs/henley-brook-wa-6055,0,1,0,62
median house price essendon,https://www.yourpropertyguide.com.au/suburbs/essendon-vic-3040/vs/moonee-ponds-vic-3039,0,13,0,18.8
median house price ferntree gully,https://www.yourpropertyguide.com.au/price-guide,0,1,0,60
median house price fitzroy,https://www.yourpropertyguide.com.au/suburbs/fitzroy-north-vic-3068/rental-market,0,6,0,70.8
median house price frankston,https://www.yourpropertyguide.com.au/suburbs/frankston-vic-3199,0,3,0,38.7
median house price frankston,https://www.yourpropertyguide.com.au/suburbs/frankston-vic-3199/vs/frankston-north-vic-3200,0,7,0,8.4
median house price frankston north,https://www.yourpropertyguide.com.au/suburbs/frankston-vic-3199/vs/frankston-north-vic-3200,0,1,0,37
median house price frenchs forest,https://www.yourpropertyguide.com.au/price-guide,0,1,0,56
median house price glen waverley,https://www.yourpropertyguide.com.au/suburbs/glen-waverley-vic-3150/vs/burwood-east-vic-3151,0,1,0,47
median house price glen waverley,https://www.yourpropertyguide.com.au/suburbs/glen-waverley-vic-3150/vs/syndal-vic-3149,0,3,0,47.3
median house price gosford,https://www.yourpropertyguide.com.au/price-guide,0,1,0,65
median house price hawthorn,https://www.yourpropertyguide.com.au/suburbs/hawthorn-east-vic-3123,0,60,0,18.6
median house price hawthorn east,https://www.yourpropertyguide.com.au/suburbs/hawthorn-east-vic-3123,0,1,0,17
median house price in toorak,https://www.yourpropertyguide.com.au/suburbs/toorak-vic-3142,0,1,0,16
median house price karrinyup,https://www.yourpropertyguide.com.au/suburbs/karrinyup-wa-6018,0,1,0,16
median house price karrinyup,https://www.yourpropertyguide.com.au/suburbs/karrinyup-wa-6018/rental-market,0,1,0,42
median house price kellyville,https://www.yourpropertyguide.com.au/price-guide,0,4,0,74.8
median house price kellyville,https://www.yourpropertyguide.com.au/suburbs/kellyville-nsw-2155/rental-market,0,11,0,39.9
median house price kellyville,https://www.yourpropertyguide.com.au/suburbs/kellyville-nsw-2155/vs/kellyville-ridge-nsw-2155,0,3,0,53
median house price lane cove,https://www.yourpropertyguide.com.au/suburbs/lane-cove-north-nsw-2066/rental-market,0,4,0,53
median house price maroubra,https://www.yourpropertyguide.com.au/price-guide,0,1,0,60
median house price mildura,https://www.yourpropertyguide.com.au/suburbs/mildura-vic-3500/rental-market,0,1,0,6
median house price moonee ponds,https://www.yourpropertyguide.com.au/suburbs/essendon-vic-3040/vs/moonee-ponds-vic-3039,0,1,0,26
median house price mount waverley,https://www.yourpropertyguide.com.au/suburbs/glen-waverley-vic-3150/vs/mount-waverley-vic-3149,0,1,0,38
median house price narre warren,https://www.yourpropertyguide.com.au/suburbs/narre-warren-vic-3805/rental-market,0,1,0,53
median house price northcote,https://www.yourpropertyguide.com.au/suburbs/northcote-south-vic-3070/vs/northcote-vic-3070,0,1,0,50
median house price nsw,https://www.yourpropertyguide.com.au/price-guide,0,2,0,74
median house price pakenham,https://www.yourpropertyguide.com.au/suburbs/pakenham-vic-3810/vs/pakenham-upper-vic-3810,0,1,0,61
median house price port macquarie,https://www.yourpropertyguide.com.au/suburbs/port-macquarie-nsw-2444/vs/north-shore-nsw-2444,0,1,0,53
median house price preston,https://www.yourpropertyguide.com.au/suburbs/preston-west-vic-3072,0,2,0,10.5
median house price south yarra,https://www.yourpropertyguide.com.au/suburbs/melbourne-vic-3004/vs/south-yarra-vic-3141,0,7,0,15.7
median house price south yarra,https://www.yourpropertyguide.com.au/suburbs/south-yarra-vic-3141/rental-market,0,3,0,52.3
median house price st kilda,https://www.yourpropertyguide.com.au/suburbs/melbourne-vic-3004/vs/st-kilda-road-central-vic-3004,0,3,0,65.7
median house price st kilda,https://www.yourpropertyguide.com.au/suburbs/st-kilda-sa-5110/rental-market,0,1,0,68
median house price sydney by suburb,https://www.yourpropertyguide.com.au/price-guide,0,1,0,73
median house price toorak,https://www.yourpropertyguide.com.au/suburbs/toorak-vic-3142,0,3,0,17.7
median house price vaucluse,https://www.yourpropertyguide.com.au/price-guide,0,2,0,77.5
median house price wahroonga,https://www.yourpropertyguide.com.au/suburbs/wahroonga-nsw-2076/rental-market,0,1,0,42
median house price werribee,https://www.yourpropertyguide.com.au/suburbs/werribee-vic-3030/vs/hoppers-crossing-vic-3029,0,6,0,19.8
median house price werribee,https://www.yourpropertyguide.com.au/suburbs/werribee-vic-3030/vs/werribee-south-vic-3030,0,6,0,15.2
median house price williamstown,https://www.yourpropertyguide.com.au/suburbs/williamstown-vic-3016/rental-market,0,10,0,29.3
median house price wollert,https://www.yourpropertyguide.com.au/suburbs/wollert-vic-3750/rental-market,0,1,0,54
median house price yamba,https://www.yourpropertyguide.com.au/price-guide,0,1,0,54
median house prices by state,https://www.yourpropertyguide.com.au/states,0,1,0,67
median house prices by suburb,https://www.yourpropertyguide.com.au/price-guide,0,1,0,65
medindie,https://www.yourpropertyguide.com.au/suburbs/medindie-sa-5081,0,5,0,28
medindie adelaide,https://www.yourpropertyguide.com.au/suburbs/medindie-sa-5081,0,3,0,66.7
medindie post code,https://www.yourpropertyguide.com.au/suburbs/medindie-sa-5081,0,21,0,8.7
medindie postcode,https://www.yourpropertyguide.com.au/suburbs/medindie-sa-5081,0,81,0,7.6
medindie sa,https://www.yourpropertyguide.com.au/suburbs/medindie-sa-5081,0,1,0,55
medindie south australia,https://www.yourpropertyguide.com.au/suburbs/medindie-sa-5081,0,2,0,57.5
melbourne 3000 australia,https://www.yourpropertyguide.com.au/suburbs/melbourne-vic-3000,0,2,0,50
melbourne real estate agent fees,https://www.yourpropertyguide.com.au/guides/real-estate-commission-vic,0,5,0,58.8
melbourne vs australia house price growth,https://www.yourpropertyguide.com.au/guides/sydney-vs-melbourne-property-market,0,25,0,51.8
melton south property market,https://www.yourpropertyguide.com.au/suburbs/brookfield-vic-3338/vs/melton-south-vic-3338,0,2,0,4
melville post code,https://www.yourpropertyguide.com.au/postcodes/6156,0,8,0,10.8
melville post code,https://www.yourpropertyguide.com.au/suburbs/melville-forest-vic-3315,0,3,0,7
melville postcode,https://www.yourpropertyguide.com.au/suburbs/melville-forest-vic-3315,0,5,0,9.2
melville real estate agent,https://www.yourpropertyguide.com.au/suburbs/melville-wa-6156/agents,0,2,0,17
memagong,https://www.yourpropertyguide.com.au/suburbs/memagong-nsw-2594,0,1,0,12
mena creek postcode,https://www.yourpropertyguide.com.au/suburbs/mena-creek-qld-4871,0,1,0,6
meridan plains postcode,https://www.yourpropertyguide.com.au/suburbs/meridan-plains-qld-4551,0,1,0,8
merimbula postcode,https://www.yourpropertyguide.com.au/suburbs/merimbula-nsw-2548,0,1,0,9
merimbula real estate agents,https://www.yourpropertyguide.com.au/suburbs/merimbula-nsw-2548/agents,0,1,0,50
mernda post code,https://www.yourpropertyguide.com.au/postcodes/3754,0,5,0,11
mernda postcode,https://www.yourpropertyguide.com.au/postcodes/3754,0,2,0,10.5
mernda postcode,https://www.yourpropertyguide.com.au/suburbs/mernda-vic-3754,0,4,0,8.5
mernda victoria postcode,https://www.yourpropertyguide.com.au/postcodes/3754,0,1,0,21
merredin postcode,https://www.yourpropertyguide.com.au/suburbs/merredin-wa-6415,0,1,0,9
merrigum postcode,https://www.yourpropertyguide.com.au/postcodes/3618,0,32,0,10.7
merrimac postcode,https://www.yourpropertyguide.com.au/suburbs/merrimac-qld-4226,0,1,0,7
merriwa postcode,https://www.yourpropertyguide.com.au/suburbs/merriwa-nsw-2329,0,2,0,8
merrylands postcode,https://www.yourpropertyguide.com.au/suburbs/merrylands-nsw-2160,0,3,0,10.3
methods of selling a property,https://www.yourpropertyguide.com.au/guides/how-to-sell-a-house-australia,0,5,0,78
miandetta,https://www.yourpropertyguide.com.au/suburbs/devonport-tas-7310/vs/miandetta-tas-7310,0,1,0,44
miandetta tas,https://www.yourpropertyguide.com.au/suburbs/devonport-tas-7310/vs/miandetta-tas-7310,0,2,0,40
milbrodale nsw,https://www.yourpropertyguide.com.au/suburbs/milbrodale-nsw-2330,0,1,0,24
mildura median house price,https://www.yourpropertyguide.com.au/suburbs/mildura-vic-3500/rental-market,0,1,0,56
mildura postcode,https://www.yourpropertyguide.com.au/suburbs/mildura-east-vic-3500,0,2,0,9.5
mildura property growth,https://www.yourpropertyguide.com.au/best-suburbs/highest-growth/vic,0,1,0,3
mildura property market,https://www.yourpropertyguide.com.au/suburbs/mildura-vic-3500/rental-market,0,1,0,57
mildura vic postcode,https://www.yourpropertyguide.com.au/suburbs/mildura-east-vic-3500,0,1,0,10
millbridge postcode,https://www.yourpropertyguide.com.au/suburbs/millbridge-wa-6232,0,1,0,7
millgrove post code,https://www.yourpropertyguide.com.au/postcodes/3799,0,2,0,10.5
millgrove vic 3799,https://www.yourpropertyguide.com.au/postcodes/3799,0,2,0,49.5
millsville,https://www.yourpropertyguide.com.au/suburbs/millsville-nsw-2850/rental-market,0,1,0,5
millthorpe postcode,https://www.yourpropertyguide.com.au/suburbs/millthorpe-nsw-2798,0,1,0,8
milton postcode,https://www.yourpropertyguide.com.au/suburbs/milton-nsw-2538,0,1,0,8
mindarie postcode,https://www.yourpropertyguide.com.au/suburbs/mindarie-wa-6030,0,1,0,9
minjah victoria,https://www.yourpropertyguide.com.au/suburbs/minjah-vic-3280,0,1,0,14
miranda median house price,https://www.yourpropertyguide.com.au/suburbs/miranda-nsw-2228/rental-market,0,1,0,12
miranda postcode nsw,https://www.yourpropertyguide.com.au/suburbs/miranda-nsw-2228,0,1,0,9
mitchell park ballarat postcode,https://www.yourpropertyguide.com.au/suburbs/mitchell-park-vic-3355,0,1,0,7
mitchell post code,https://www.yourpropertyguide.com.au/suburbs/mitchell-nt-0832,0,1,0,8
moana postcode,https://www.yourpropertyguide.com.au/suburbs/moana-sa-5169/schools,0,2,0,50.5
modewarre football club,https://www.yourpropertyguide.com.au/suburbs/modewarre-vic-3240,0,1,0,5
moggill postcode,https://www.yourpropertyguide.com.au/suburbs/moggill-qld-4070,0,1,0,10
mollymook real estate agents,https://www.yourpropertyguide.com.au/suburbs/mollymook-beach-nsw-2539/agents,0,1,0,32
monkey mia postcode,https://www.yourpropertyguide.com.au/postcodes/6537,0,3,0,8.3
monterey australia,https://www.yourpropertyguide.com.au/suburbs/monterey-nsw-2217,0,1,0,40
monterey nsw,https://www.yourpropertyguide.com.au/suburbs/monterey-nsw-2217,0,7,0,26.9
monterey nsw 2217,https://www.yourpropertyguide.com.au/suburbs/monterey-nsw-2217,0,2,0,24.5
monterey nsw postcode,https://www.yourpropertyguide.com.au/suburbs/monterey-nsw-2217,0,69,0,8.3
monterey post code,https://www.yourpropertyguide.com.au/suburbs/monterey-nsw-2217,0,32,0,7.1
monterey postcode,https://www.yourpropertyguide.com.au/suburbs/monterey-nsw-2217,0,188,0,7.2
monterey postcode nsw,https://www.yourpropertyguide.com.au/suburbs/monterey-nsw-2217,0,23,0,8.1
monterey sydney,https://www.yourpropertyguide.com.au/suburbs/monterey-nsw-2217,0,1,0,34
monterey sydney postcode,https://www.yourpropertyguide.com.au/suburbs/monterey-nsw-2217,0,1,0,8
monthly mortgage payment chart,https://www.yourpropertyguide.com.au/mortgage-calculator,0,1,0,98
monthly payment on 1 million mortgage,https://www.yourpropertyguide.com.au/mortgage-calculator,0,1,0,76
monthly payment on 400k mortgage,https://www.yourpropertyguide.com.au/mortgage-calculator,0,1,0,84
monthly payment on 600k mortgage,https://www.yourpropertyguide.com.au/mortgage-calculator,0,1,0,80
monthly repayment on 500k mortgage,https://www.yourpropertyguide.com.au/mortgage-calculator,0,1,0,82
monthly repayments on 400k mortgage,https://www.yourpropertyguide.com.au/mortgage-calculator,0,1,0,82
monthly repayments on 500k mortgage,https://www.yourpropertyguide.com.au/mortgage-calculator,0,2,0,85.5
monthly repayments on 600k mortgage,https://www.yourpropertyguide.com.au/mortgage-calculator,0,3,0,78
monthly repayments on a 400k mortgage,https://www.yourpropertyguide.com.au/mortgage-calculator,0,1,0,83
moonah post code,https://www.yourpropertyguide.com.au/suburbs/west-moonah-tas-7009,0,1,0,11
moonah postcode,https://www.yourpropertyguide.com.au/suburbs/moonah-tas-7009,0,1,0,8
moonah tas,https://www.yourpropertyguide.com.au/suburbs/west-moonah-tas-7009,0,1,0,81
moonah tas postcode,https://www.yourpropertyguide.com.au/suburbs/west-moonah-tas-7009,0,1,0,45
moonambel postcode,https://www.yourpropertyguide.com.au/suburbs/frenchmans-vic-3384,0,1,0,34
moonee beach postcode,https://www.yourpropertyguide.com.au/suburbs/catherine-hill-bay-nsw-2281,0,1,0,43
moonee ponds median house price,https://www.yourpropertyguide.com.au/price-guide,0,2,0,63
moonee ponds median house price,https://www.yourpropertyguide.com.au/suburbs/essendon-vic-3040/vs/moonee-ponds-vic-3039,0,1,0,7
moonee ponds suburb,https://www.yourpropertyguide.com.au/suburbs/essendon-vic-3040/vs/moonee-ponds-vic-3039,0,1,0,80
moorabbin postcode,https://www.yourpropertyguide.com.au/suburbs/moorabbin-vic-3189,0,3,0,9.3
moorabin postcode,https://www.yourpropertyguide.com.au/suburbs/moorabbin-vic-3189,0,1,0,8
moorbank,https://www.yourpropertyguide.com.au/suburbs/moorebank-nsw-2170,0,1,0,46
moorbank postcode,https://www.yourpropertyguide.com.au/suburbs/moorebank-nsw-2170,0,5,0,7.2
moorebank,https://www.yourpropertyguide.com.au/suburbs/moorebank-nsw-2170,0,28,0,40.7
moorebank 2170,https://www.yourpropertyguide.com.au/suburbs/moorebank-nsw-2170,0,4,0,11.5
moorebank australia,https://www.yourpropertyguide.com.au/suburbs/moorebank-nsw-2170,0,4,0,56.2
moorebank nsw,https://www.yourpropertyguide.com.au/suburbs/moorebank-nsw-2170,0,48,0,26.9
moorebank nsw 2170,https://www.yourpropertyguide.com.au/suburbs/moorebank-nsw-2170,0,2,0,23
moorebank nsw 2170 australia,https://www.yourpropertyguide.com.au/suburbs/moorebank-nsw-2170,0,1,0,37
moorebank nsw australia,https://www.yourpropertyguide.com.au/suburbs/moorebank-nsw-2170,0,1,0,32
moorebank nsw map,https://www.yourpropertyguide.com.au/suburbs/moorebank-nsw-2170,0,1,0,33
moorebank nsw postcode,https://www.yourpropertyguide.com.au/suburbs/moorebank-nsw-2170,0,78,0,8.2
moorebank post code,https://www.yourpropertyguide.com.au/suburbs/moorebank-nsw-2170,0,141,0,7.4
moorebank postcode,https://www.yourpropertyguide.com.au/postcodes/2170,0,1,0,2
moorebank postcode nsw,https://www.yourpropertyguide.com.au/suburbs/moorebank-nsw-2170,0,39,0,7.7
moorebank sydney,https://www.yourpropertyguide.com.au/suburbs/moorebank-nsw-2170,0,6,0,46.7
moorooka median house price,https://www.yourpropertyguide.com.au/price-guide,0,1,0,46
moorooka suburb profile,https://www.yourpropertyguide.com.au/suburbs,0,1,0,87
morang post code,https://www.yourpropertyguide.com.au/postcodes/3752,0,4,0,9.5
morayfeild post code,https://www.yourpropertyguide.com.au/suburbs/morayfield-qld-4506,0,17,0,8.3
morayfeild postcode,https://www.yourpropertyguide.com.au/suburbs/morayfield-qld-4506,0,36,0,9.0
morayfield 4506,https://www.yourpropertyguide.com.au/suburbs/morayfield-qld-4506,0,3,0,16
morayfield area code,https://www.yourpropertyguide.com.au/suburbs/morayfield-qld-4506,0,2,0,8.5
morayfield brisbane,https://www.yourpropertyguide.com.au/suburbs/morayfield-qld-4506,0,4,0,25.5
morayfield capital growth,https://www.yourpropertyguide.com.au/suburbs/morayfield-qld-4506,0,28,0,16.8
morayfield crime rate,https://www.yourpropertyguide.com.au/suburbs/morayfield-qld-4506,0,10,0,10.8
morayfield house prices,https://www.yourpropertyguide.com.au/suburbs/morayfield-qld-4506,0,1,0,10
morayfield median house price,https://www.yourpropertyguide.com.au/suburbs/morayfield-qld-4506,0,23,0,9.6
morayfield population,https://www.yourpropertyguide.com.au/suburbs/morayfield-qld-4506,0,16,0,9.8
morayfield post code,https://www.yourpropertyguide.com.au/suburbs/morayfield-qld-4506,0,331,0,7.7
morayfield postal code,https://www.yourpropertyguide.com.au/suburbs/morayfield-qld-4506,0,11,0,8.1
morayfield postcode 4506,https://www.yourpropertyguide.com.au/suburbs/morayfield-qld-4506,0,14,0,7.9
morayfield postcode qld,https://www.yourpropertyguide.com.au/suburbs/morayfield-qld-4506,0,57,0,9.4
morayfield property growth,https://www.yourpropertyguide.com.au/suburbs/morayfield-qld-4506,0,31,0,22.1
morayfield property investment,https://www.yourpropertyguide.com.au/suburbs/morayfield-qld-4506,0,25,0,19.7
morayfield property market,https://www.yourpropertyguide.com.au/suburbs/morayfield-qld-4506,0,28,0,21
morayfield qld,https://www.yourpropertyguide.com.au/suburbs/morayfield-qld-4506,0,5,0,42.2
morayfield qld 4506,https://www.yourpropertyguide.com.au/suburbs/morayfield-qld-4506,0,2,0,27
morayfield qld 4506 australia,https://www.yourpropertyguide.com.au/suburbs/morayfield-qld-4506,0,1,0,23
morayfield qld map,https://www.yourpropertyguide.com.au/suburbs/morayfield-qld-4506,0,3,0,64
morayfield qld postcode,https://www.yourpropertyguide.com.au/suburbs/morayfield-qld-4506,0,102,0,7.5
morayfield queensland,https://www.yourpropertyguide.com.au/suburbs/morayfield-qld-4506,0,1,0,45
morayfield queensland map,https://www.yourpropertyguide.com.au/suburbs/morayfield-qld-4506,0,1,0,64
morayfield queensland postcode,https://www.yourpropertyguide.com.au/suburbs/morayfield-qld-4506,0,14,0,8.1
morayfield suburb profile,https://www.yourpropertyguide.com.au/suburbs/morayfield-qld-4506,0,27,0,18.3
morayfield zip code,https://www.yourpropertyguide.com.au/suburbs/morayfield-qld-4506,0,18,0,9.2
"morayfield, qld 4506",https://www.yourpropertyguide.com.au/suburbs/morayfield-qld-4506,0,2,0,12.5
morayfiled postcode,https://www.yourpropertyguide.com.au/suburbs/morayfield-qld-4506,0,2,0,6
mordialloc median house price,https://www.yourpropertyguide.com.au/suburbs/aspendale-vic-3195/vs/mordialloc-vic-3195,0,1,0,29
mordialloc median house price,https://www.yourpropertyguide.com.au/suburbs/mordialloc-vic-3195/rental-market,0,1,0,44
morebank postcode,https://www.yourpropertyguide.com.au/suburbs/moorebank-nsw-2170,0,14,0,7.1
moree real estate agents,https://www.yourpropertyguide.com.au/suburbs/moree-nsw-2400/agents,0,4,0,47
moreton bay suburbs,https://www.yourpropertyguide.com.au/guides/top-5-suburbs-families-moreton-bay,0,2,0,35.5
moreyfield postcode,https://www.yourpropertyguide.com.au/suburbs/morayfield-qld-4506,0,2,0,8
morisset real estate agents,https://www.yourpropertyguide.com.au/suburbs/morisset-nsw-2264/agents,0,1,0,2
morley high schools,https://www.yourpropertyguide.com.au/schools/morley-senior-high-school-48154,0,1,0,37
morley rent estimate,https://www.yourpropertyguide.com.au/suburbs/morley-wa-6062/rental-market,0,1,0,29
morley senior high school,https://www.yourpropertyguide.com.au/schools/morley-senior-high-school-48154,0,1,0,50
morley senior high school staff,https://www.yourpropertyguide.com.au/schools/morley-senior-high-school-48154,0,1,0,13
morphett vale real estate agents,https://www.yourpropertyguide.com.au/suburbs/morphett-vale-sa-5162/agents,0,2,0,34.5
morphettville postcode,https://www.yourpropertyguide.com.au/suburbs/morphettville-sa-5043,0,2,0,6
morrabin post code,https://www.yourpropertyguide.com.au/suburbs/moorabbin-vic-3189,0,1,0,8
morrebank,https://www.yourpropertyguide.com.au/suburbs/moorebank-nsw-2170,0,1,0,12
mortgage affordability calc,https://www.yourpropertyguide.com.au/affordability-calculator,0,2,0,89.5
mortgage affordability calculator,https://www.yourpropertyguide.com.au/affordability-calculator,0,10,0,92
mortgage affordability calculator,https://www.yourpropertyguide.com.au/borrowing-power-calculator,0,3,0,97.7
mortgage affordability calculator australia,https://www.yourpropertyguide.com.au/borrowing-power-calculator,0,3,0,96.3
mortgage affordability formula,https://www.yourpropertyguide.com.au/affordability-calculator,0,2,0,86.5
mortgage approval calculator,https://www.yourpropertyguide.com.au/borrowing-power-calculator,0,1,0,96
mortgage approval estimate calculator,https://www.yourpropertyguide.com.au/affordability-calculator,0,1,0,78
mortgage borrow calc,https://www.yourpropertyguide.com.au/borrowing-power-calculator,0,1,0,94
mortgage borrow calculator,https://www.yourpropertyguide.com.au/borrowing-power-calculator,0,1,0,95
mortgage borrowing calculator,https://www.yourpropertyguide.com.au/borrowing-power-calculator,0,15,0,93.4
mortgage borrowing calculator australia,https://www.yourpropertyguide.com.au/borrowing-power-calculator,0,1,0,95
mortgage borrowing estimate,https://www.yourpropertyguide.com.au/borrowing-power-calculator,0,2,0,96.5
mortgage borrowing power,https://www.yourpropertyguide.com.au/borrowing-power-calculator,0,1,0,100
mortgage borrowing power calculator,https://www.yourpropertyguide.com.au/borrowing-power-calculator,0,3,0,96.7
mortgage broker stanhope gardens,https://www.yourpropertyguide.com.au/suburbs/stanhope-gardens-nsw-2768/agents,0,1,0,58
mortgage brokers airville,https://www.yourpropertyguide.com.au/best-suburbs/lowest-flood-risk/qld,0,1,0,36
mortgage brokers baldersleigh,https://www.yourpropertyguide.com.au/suburbs/baldersleigh-nsw-2365,0,11,0,57.4
mortgage brokers beebo,https://www.yourpropertyguide.com.au/best-suburbs/lowest-flood-risk/qld,0,6,0,30.5
mortgage brokers beemunnel,https://www.yourpropertyguide.com.au/suburbs/marthaguy-nsw-2824,0,8,0,50.2
mortgage brokers bellata,https://www.yourpropertyguide.com.au/best-suburbs/lowest-flood-risk/nsw,0,1,0,40
mortgage by monthly payment,https://www.yourpropertyguide.com.au/mortgage-calculator,0,1,0,90
mortgage calculator 40 year,https://www.yourpropertyguide.com.au/mortgage-calculator,0,1,0,69
mortgage calculator 40 years,https://www.yourpropertyguide.com.au/mortgage-calculator,0,1,0,72
mortgage calculator australia how much can i borrow,https://www.yourpropertyguide.com.au/borrowing-power-calculator,0,2,0,99
mortgage calculator borrow,https://www.yourpropertyguide.com.au/borrowing-power-calculator,0,1,0,95
mortgage calculator can i afford,https://www.yourpropertyguide.com.au/affordability-calculator,0,1,0,78
mortgage calculator how much can i afford,https://www.yourpropertyguide.com.au/affordability-calculator,0,1,0,82
mortgage calculator how much can i borrow,https://www.yourpropertyguide.com.au/borrowing-power-calculator,0,2,0,97.5
mortgage calculator how much can you afford,https://www.yourpropertyguide.com.au/affordability-calculator,0,1,0,81
mortgage calculator how much home can i afford,https://www.yourpropertyguide.com.au/affordability-calculator,0,1,0,88
mortgage calculator how much house can i afford,https://www.yourpropertyguide.com.au/affordability-calculator,0,1,0,85
mortgage calculator melbourne,https://www.yourpropertyguide.com.au/mortgage-calculator,0,3,0,94.7
mortgage calculator what can i afford,https://www.yourpropertyguide.com.au/affordability-calculator,0,1,0,84
mortgage calculator what can i borrow,https://www.yourpropertyguide.com.au/borrowing-power-calculator,0,1,0,96
mortgage calculators how much can i borrow,https://www.yourpropertyguide.com.au/borrowing-power-calculator,0,2,0,97.5
mortgage eligibility calculator,https://www.yourpropertyguide.com.au/borrowing-power-calculator,0,2,0,97
mortgage eligibility calculator australia,https://www.yourpropertyguide.com.au/borrowing-power-calculator,0,1,0,96
mortgage for 500k house,https://www.yourpropertyguide.com.au/mortgage-calculator,0,1,0,88
mortgage for a 500k house,https://www.yourpropertyguide.com.au/mortgage-calculator,0,1,0,85
mortgage how much can i afford calculator,https://www.yourpropertyguide.com.au/affordability-calculator,0,1,0,86
mortgage how much can i afford calculator,https://www.yourpropertyguide.com.au/borrowing-power-calculator,0,1,0,95
mortgage how much could i borrow,https://www.yourpropertyguide.com.au/borrowing-power-calculator,0,2,0,92.5
mortgage i can afford,https://www.yourpropertyguide.com.au/affordability-calculator,0,1,0,88
mortgage i can afford calculator,https://www.yourpropertyguide.com.au/affordability-calculator,0,1,0,70
mortgage lending calculator,https://www.yourpropertyguide.com.au/borrowing-power-calculator,0,3,0,96.7
mortgage loan affordability,https://www.yourpropertyguide.com.au/affordability-calculator,0,3,0,88.3
mortgage loan affordability calculator,https://www.yourpropertyguide.com.au/affordability-calculator,0,1,0,87
mortgage loan approval calculator,https://www.yourpropertyguide.com.au/borrowing-power-calculator,0,2,0,94
mortgage loan borrowing calculator,https://www.yourpropertyguide.com.au/borrowing-power-calculator,0,1,0,98
mortgage loan calculator affordability,https://www.yourpropertyguide.com.au/affordability-calculator,0,1,0,86
mortgage loan calculator based on income,https://www.yourpropertyguide.com.au/borrowing-power-calculator,0,1,0,91
mortgage loan calculator how much can i afford,https://www.yourpropertyguide.com.au/affordability-calculator,0,1,0,89
mortgage loan qualification calculator,https://www.yourpropertyguide.com.au/borrowing-power-calculator,0,1,0,84
mortgage loan qualify calculator,https://www.yourpropertyguide.com.au/affordability-calculator,0,1,0,80
mortgage on 1.2 million,https://www.yourpropertyguide.com.au/mortgage-calculator,0,1,0,85
mortgage on 2 million,https://www.yourpropertyguide.com.au/mortgage-calculator,0,1,0,87
mortgage on 400k,https://www.yourpropertyguide.com.au/mortgage-calculator,0,1,0,92
mortgage on 500 000,https://www.yourpropertyguide.com.au/mortgage-calculator,0,1,0,82
mortgage on 500k,https://www.yourpropertyguide.com.au/mortgage-calculator,0,1,0,86
mortgage on 600 000,https://www.yourpropertyguide.com.au/mortgage-calculator,0,1,0,78
mortgage on 600k,https://www.yourpropertyguide.com.au/mortgage-calculator,0,1,0,81
mortgage payment affordability,https://www.yourpropertyguide.com.au/affordability-calculator,0,1,0,82
mortgage payment breakdown over 30 years,https://www.yourpropertyguide.com.au/mortgage-calculator,0,1,0,85
mortgage payment on 400 000,https://www.yourpropertyguide.com.au/mortgage-calculator,0,1,0,70
mortgage payment on 400k,https://www.yourpropertyguide.com.au/mortgage-calculator,0,1,0,88
mortgage power calculator,https://www.yourpropertyguide.com.au/borrowing-power-calculator,0,9,0,82.7
mortgage pre approval calculator,https://www.yourpropertyguide.com.au/borrowing-power-calculator,0,1,0,92
mortgage qualification calculator,https://www.yourpropertyguide.com.au/borrowing-power-calculator,0,2,0,82
mortgage repayment on 450k,https://www.yourpropertyguide.com.au/mortgage-calculator,0,1,0,94
mortgage repayments on $400 k australia,https://www.yourpropertyguide.com.au/mortgage-calculator,0,1,0,64
mortgage repayments on 400k,https://www.yourpropertyguide.com.au/mortgage-calculator,0,4,0,83
mortgage repayments on 400k australia,https://www.yourpropertyguide.com.au/mortgage-calculator,0,1,0,84
mortgage repayments on 500000,https://www.yourpropertyguide.com.au/mortgage-calculator,0,1,0,86
mortgage repayments on 500k,https://www.yourpropertyguide.com.au/mortgage-calculator,0,1,0,85
mortgage serviceability calculator,https://www.yourpropertyguide.com.au/borrowing-power-calculator,0,4,0,88
mortgage you can afford,https://www.yourpropertyguide.com.au/affordability-calculator,0,1,0,82
mortlake new south wales,https://www.yourpropertyguide.com.au/suburbs/mortlake-nsw-2137,0,1,0,30
mortlake nsw,https://www.yourpropertyguide.com.au/suburbs/mortlake-nsw-2137,0,4,0,25.5
mortlake nsw postcode,https://www.yourpropertyguide.com.au/suburbs/mortlake-nsw-2137,0,19,0,8.2
mortlake post code,https://www.yourpropertyguide.com.au/postcodes/3272,0,12,0,9.2
mortlake post code,https://www.yourpropertyguide.com.au/suburbs/mortlake-nsw-2137,0,17,0,7.5
mortlake postcode,https://www.yourpropertyguide.com.au/postcodes/3272,0,85,0,9.5
mortlake postcode,https://www.yourpropertyguide.com.au/suburbs/mortlake-nsw-2137,0,165,0,7.2
mortlake postcode vic,https://www.yourpropertyguide.com.au/postcodes/3272,0,8,0,9.6
mortlake suburb profile,https://www.yourpropertyguide.com.au/suburbs/mortlake-nsw-2137,0,1,0,16
mortlake sydney,https://www.yourpropertyguide.com.au/suburbs/mortlake-nsw-2137,0,3,0,44
mortlake vic 3272,https://www.yourpropertyguide.com.au/postcodes/3272,0,2,0,47
mortlake vic postcode,https://www.yourpropertyguide.com.au/postcodes/3272,0,5,0,11
mortlake victoria postcode,https://www.yourpropertyguide.com.au/postcodes/3272,0,9,0,11.1
morwell postcode,https://www.yourpropertyguide.com.au/suburbs/morwell-vic-3840,0,5,0,8.2
mosman park rent estimate,https://www.yourpropertyguide.com.au/suburbs/mosman-park-wa-6012/rental-market,0,1,0,27
mosman real estate agents,https://www.yourpropertyguide.com.au/suburbs/mosman-nsw-2088/agents,0,2,0,19.5
mother teresa public school,https://www.yourpropertyguide.com.au/schools/mother-teresa-primary-school-50385/vs/westmead-public-school-41684,0,1,0,18
mother teresa westmead,https://www.yourpropertyguide.com.au/schools/mother-teresa-primary-school-50385/vs/westmead-public-school-41684,0,3,0,39.7
mount annan postcode,https://www.yourpropertyguide.com.au/suburbs/mount-annan-nsw-2567,0,1,0,6
mount coolum postcode,https://www.yourpropertyguide.com.au/suburbs/coolum-beach-qld-4573,0,1,0,61
mount egerton postcode,https://www.yourpropertyguide.com.au/suburbs/mount-egerton-vic-3352,0,25,0,8.2
mount gambier postcode,https://www.yourpropertyguide.com.au/suburbs/mount-gambier-sa-5291,0,1,0,7
mount gravatt 4122,https://www.yourpropertyguide.com.au/suburbs/upper-mount-gravatt-bc-qld-4122,0,1,0,44
mount gravatt postcode,https://www.yourpropertyguide.com.au/suburbs/upper-mount-gravatt-bc-qld-4122,0,4,0,14.8
mount gravatt qld 4122,https://www.yourpropertyguide.com.au/suburbs/upper-mount-gravatt-bc-qld-4122,0,1,0,38
mount hutton,https://www.yourpropertyguide.com.au/suburbs/mount-hutton-nsw-2290,0,6,0,16.7
mount hutton nsw,https://www.yourpropertyguide.com.au/suburbs/mount-hutton-nsw-2290,0,1,0,39
mount hutton post code,https://www.yourpropertyguide.com.au/suburbs/mount-hutton-nsw-2290,0,18,0,9.7
mount hutton postcode,https://www.yourpropertyguide.com.au/suburbs/mount-hutton-nsw-2290,0,36,0,7.3
mount hutton postcode nsw,https://www.yourpropertyguide.com.au/suburbs/mount-hutton-nsw-2290,0,2,0,9
"mount hutton,",https://www.yourpropertyguide.com.au/suburbs/mount-hutton-nsw-2290,0,6,0,17
mount louisa suburb profile,https://www.yourpropertyguide.com.au/suburbs,0,1,0,63
mount mellum postcode,https://www.yourpropertyguide.com.au/postcodes/4550,0,1,0,11
mount ossa qld,https://www.yourpropertyguide.com.au/suburbs/mount-ossa-qld-4741,0,2,0,13
mount pleasant area code,https://www.yourpropertyguide.com.au/suburbs/mount-pleasant-wa-6153,0,1,0,10
mount pleasant post code,https://www.yourpropertyguide.com.au/suburbs/mount-pleasant-wa-6153,0,15,0,9.2
mount pleasant postcode,https://www.yourpropertyguide.com.au/suburbs/mount-pleasant-wa-6153,0,41,0,11.4
mount pleasant postcode wa,https://www.yourpropertyguide.com.au/suburbs/mount-pleasant-wa-6153,0,5,0,8.2
mount pleasant suburb profile,https://www.yourpropertyguide.com.au/suburbs/mount-pleasant-wa-6153,0,1,0,48
mount pleasant wa,https://www.yourpropertyguide.com.au/suburbs/mount-pleasant-wa-6153,0,2,0,39
mount pleasant wa 6153,https://www.yourpropertyguide.com.au/suburbs/mount-pleasant-wa-6153,0,3,0,16.3
mount pleasant wa postcode,https://www.yourpropertyguide.com.au/suburbs/mount-pleasant-wa-6153,0,2,0,9
mount sheridan post code,https://www.yourpropertyguide.com.au/suburbs/mount-sheridan-qld-4868,0,21,0,8.4
mount sheridan postcode,https://www.yourpropertyguide.com.au/suburbs/mount-sheridan-qld-4868,0,27,0,9.2
mount sheridan qld,https://www.yourpropertyguide.com.au/suburbs/mount-sheridan-qld-4868,0,1,0,61
mount victoria median house prices,https://www.yourpropertyguide.com.au/suburbs/mount-victoria-nsw-2786/agents,0,1,0,21
mount waverley median house price,https://www.yourpropertyguide.com.au/suburbs/glen-waverley-vic-3150/vs/mount-waverley-vic-3149,0,38,0,26.8
mount waverley median house price,https://www.yourpropertyguide.com.au/suburbs/mount-waverley-vic-3149/vs/syndal-vic-3149,0,5,0,46
mount waverley postcode,https://www.yourpropertyguide.com.au/suburbs/mount-waverley-vic-3149,0,1,0,7
mourilyan post code,https://www.yourpropertyguide.com.au/suburbs/mourilyan-qld-4858,0,3,0,7.7
mourilyan postcode,https://www.yourpropertyguide.com.au/suburbs/mourilyan-qld-4858,0,37,0,7.6
mourilyan qld,https://www.yourpropertyguide.com.au/suburbs/mourilyan-qld-4858,0,1,0,43
mourilyan queensland,https://www.yourpropertyguide.com.au/suburbs/mourilyan-qld-4858,0,1,0,37
msot expensive states australia,https://www.yourpropertyguide.com.au/states,0,3,0,78
mt beppo,https://www.yourpropertyguide.com.au/suburbs/biarra-qld-4313/vs/mount-beppo-qld-4313,0,1,0,27
mt coot tha postcode,https://www.yourpropertyguide.com.au/suburbs/mount-coot-tha-qld-4066,0,1,0,7
mt egerton postcode,https://www.yourpropertyguide.com.au/suburbs/mount-egerton-vic-3352,0,2,0,8
mt gravatt east postcode,https://www.yourpropertyguide.com.au/suburbs/mount-gravatt-east-qld-4122,0,1,0,8
mt gravatt postcode,https://www.yourpropertyguide.com.au/suburbs/upper-mount-gravatt-bc-qld-4122,0,5,0,28.2
mt gravatt postcode qld,https://www.yourpropertyguide.com.au/suburbs/upper-mount-gravatt-bc-qld-4122,0,1,0,26
mt hutton,https://www.yourpropertyguide.com.au/suburbs/mount-hutton-nsw-2290,0,2,0,52.5
mt hutton nsw,https://www.yourpropertyguide.com.au/suburbs/mount-hutton-nsw-2290,0,1,0,36
mt hutton postcode,https://www.yourpropertyguide.com.au/suburbs/mount-hutton-nsw-2290,0,15,0,7.3
mt ossa qld,https://www.yourpropertyguide.com.au/suburbs/mount-ossa-qld-4741,0,3,0,17
mt pleasant post code,https://www.yourpropertyguide.com.au/suburbs/mount-pleasant-wa-6153,0,8,0,10.2
mt pleasant postcode,https://www.yourpropertyguide.com.au/suburbs/mount-pleasant-wa-6153,0,37,0,10.1
mt pleasant postcode wa,https://www.yourpropertyguide.com.au/suburbs/mount-pleasant-wa-6153,0,6,0,8.8
mt pleasant western australia,https://www.yourpropertyguide.com.au/suburbs/mount-pleasant-wa-6153,0,1,0,33
mt sheridan post code,https://www.yourpropertyguide.com.au/suburbs/mount-sheridan-qld-4868,0,5,0,8.4
mt sheridan postcode,https://www.yourpropertyguide.com.au/suburbs/mount-sheridan-qld-4868,0,24,0,10.5
mudgee real estate agents,https://www.yourpropertyguide.com.au/suburbs/mudgee-nsw-2850/agents,0,2,0,33
mudjimba postcode,https://www.yourpropertyguide.com.au/suburbs/mudjimba-qld-4564,0,2,0,9.5
mulwala postcode,https://www.yourpropertyguide.com.au/suburbs/mulwala-nsw-2647,0,1,0,9
munno para postcode,https://www.yourpropertyguide.com.au/suburbs/munno-para-sa-5115,0,1,0,7
murarrie post code,https://www.yourpropertyguide.com.au/suburbs/murarrie-qld-4172,0,9,0,9.9
murarrie postcode,https://www.yourpropertyguide.com.au/suburbs/murarrie-qld-4172,0,193,0,10.5
murarrie postcode qld,https://www.yourpropertyguide.com.au/suburbs/murarrie-qld-4172,0,1,0,10
murarrie qld,https://www.yourpropertyguide.com.au/suburbs/murarrie-qld-4172,0,1,0,79
murarrie qld postcode,https://www.yourpropertyguide.com.au/suburbs/murarrie-qld-4172,0,2,0,23
murdoch postcode,https://www.yourpropertyguide.com.au/suburbs/murdoch-wa-6150,0,1,0,7
murdunna postcode,https://www.yourpropertyguide.com.au/postcodes/7178,0,7,0,10.7
murgheboluc postcode,https://www.yourpropertyguide.com.au/suburbs/murgheboluc-vic-3218,0,3,0,9.3
murgon post code,https://www.yourpropertyguide.com.au/postcodes/4605,0,2,0,8.5
murgon postcode,https://www.yourpropertyguide.com.au/postcodes/4605,0,6,0,10.2
murgon postcode,https://www.yourpropertyguide.com.au/suburbs/murgon-qld-4605,0,1,0,5
murgon qld postcode,https://www.yourpropertyguide.com.au/postcodes/4605,0,2,0,10.5
murrarie post code,https://www.yourpropertyguide.com.au/suburbs/murarrie-qld-4172,0,12,0,10.6
murrarie postcode,https://www.yourpropertyguide.com.au/suburbs/murarrie-qld-4172,0,31,0,10.3
murrarie qld,https://www.yourpropertyguide.com.au/suburbs/murarrie-qld-4172,0,2,0,63.5
murrarrie postcode,https://www.yourpropertyguide.com.au/suburbs/murarrie-qld-4172,0,3,0,10.3
murrumba downs suburb profile,https://www.yourpropertyguide.com.au/suburbs,0,1,0,82
murwillumbah post code,https://www.yourpropertyguide.com.au/postcodes/2484,0,7,0,9.7
murwillumbah postcode,https://www.yourpropertyguide.com.au/postcodes/2484,0,14,0,11.5
murwillumbah postcode nsw,https://www.yourpropertyguide.com.au/postcodes/2484,0,2,0,11
murwillumbah real estate agents,https://www.yourpropertyguide.com.au/suburbs/murwillumbah-nsw-2484/agents,0,2,0,35.5
musk postcode,https://www.yourpropertyguide.com.au/suburbs/musk-vale-vic-3461,0,11,0,9.4
musk vale population,https://www.yourpropertyguide.com.au/suburbs/musk-vale-vic-3461,0,1,0,5
musk vale victoria,https://www.yourpropertyguide.com.au/suburbs/musk-vale-vic-3461,0,1,0,20
muslim girls grammar school school suburb state australia address,https://www.yourpropertyguide.com.au/schools/muslim-girls-grammar-school-52944,0,2,0,20
muswellbrook postcode,https://www.yourpropertyguide.com.au/suburbs/muswellbrook-nsw-2333,0,1,0,8
my borrowing capacity,https://www.yourpropertyguide.com.au/borrowing-power-calculator,0,1,0,36
my borrowing power calculator,https://www.yourpropertyguide.com.au/borrowing-power-calculator,0,1,0,97
my property gregory hills,https://www.yourpropertyguide.com.au/suburbs/gregory-hills-nsw-2557/agents,0,1,0,30
nab borrowing calculator,https://www.yourpropertyguide.com.au/borrowing-power-calculator,0,1,0,90
nab borrowing capacity,https://www.yourpropertyguide.com.au/borrowing-power-calculator,0,1,0,97
nab borrowing capacity calculator,https://www.yourpropertyguide.com.au/borrowing-power-calculator,0,1,0,93
nab borrowing power,https://www.yourpropertyguide.com.au/borrowing-power-calculator,0,2,0,97
nab borrowing power calculator,https://www.yourpropertyguide.com.au/borrowing-power-calculator,0,2,0,93
nab calculator how much can i borrow,https://www.yourpropertyguide.com.au/borrowing-power-calculator,0,2,0,94.5
nab home loan borrowing calculator,https://www.yourpropertyguide.com.au/borrowing-power-calculator,0,1,0,87
nab home loan calculator borrow,https://www.yourpropertyguide.com.au/borrowing-power-calculator,0,1,0,83
nab home loan calculator how much can i borrow,https://www.yourpropertyguide.com.au/borrowing-power-calculator,0,2,0,93.5
nab how much can i borrow,https://www.yourpropertyguide.com.au/borrowing-power-calculator,0,3,0,90
nab lending calculator,https://www.yourpropertyguide.com.au/borrowing-power-calculator,0,1,0,88
nab mortgage borrowing calculator,https://www.yourpropertyguide.com.au/borrowing-power-calculator,0,1,0,90
nab serviceability calculator,https://www.yourpropertyguide.com.au/borrowing-power-calculator,0,1,0,86
nab stamp duty,https://www.yourpropertyguide.com.au/stamp-duty-calculator,0,1,0,78
nana glen,https://www.yourpropertyguide.com.au/suburbs/nana-glen-nsw-2450,0,1,0,2
nana glen postcode,https://www.yourpropertyguide.com.au/suburbs/nana-glen-nsw-2450,0,27,0,8.3
naplan preparation plumpton,https://www.yourpropertyguide.com.au/suburbs/plumpton-vic-3335/vs/fraser-rise-vic-3336,0,4,0,68.8
narara post code,https://www.yourpropertyguide.com.au/postcodes/2250,0,9,0,10.1
narara postcode,https://www.yourpropertyguide.com.au/postcodes/2250,0,1,0,18
narellan vale,https://www.yourpropertyguide.com.au/suburbs/narellan-vale-nsw-2567/vs/narellan-nsw-2567,0,6,0,62.8
narellan vale nsw,https://www.yourpropertyguide.com.au/suburbs/narellan-vale-nsw-2567/vs/narellan-nsw-2567,0,2,0,54.5
narrabeen median house price,https://www.yourpropertyguide.com.au/price-guide,0,2,0,52
narrabundah postcode,https://www.yourpropertyguide.com.au/suburbs/narrabundah-act-2604,0,1,0,7
narre north post code,https://www.yourpropertyguide.com.au/suburbs/narre-warren-north-vic-3804,0,1,0,8
narre north postcode,https://www.yourpropertyguide.com.au/suburbs/narre-warren-north-vic-3804,0,1,0,9
narre postcode,https://www.yourpropertyguide.com.au/suburbs/narre-warren-north-vic-3804,0,7,0,10
narre warren north,https://www.yourpropertyguide.com.au/suburbs/narre-warren-north-vic-3804,0,6,0,47.2
narre warren north 3804,https://www.yourpropertyguide.com.au/suburbs/narre-warren-north-vic-3804,0,3,0,41.7
narre warren north post code,https://www.yourpropertyguide.com.au/suburbs/narre-warren-north-vic-3804,0,2,0,9
narre warren north postcode,https://www.yourpropertyguide.com.au/suburbs/narre-warren-north-vic-3804,0,2,0,7.5
narre warren postcode,https://www.yourpropertyguide.com.au/suburbs/narre-warren-north-vic-3804,0,2,0,11
navan postcode,https://www.yourpropertyguide.com.au/suburbs/navan-sa-5412,0,1,0,32
nebo,https://www.yourpropertyguide.com.au/suburbs/nebo-qld-4742,0,2,0,3
nebo population,https://www.yourpropertyguide.com.au/suburbs/nebo-qld-4742,0,17,0,11
nebo post code,https://www.yourpropertyguide.com.au/suburbs/nebo-qld-4742,0,24,0,7.5
nebo postcode,https://www.yourpropertyguide.com.au/suburbs/nebo-qld-4742,0,102,0,7.5
nebo qld postcode,https://www.yourpropertyguide.com.au/suburbs/nebo-qld-4742,0,28,0,8.3
nebo queensland,https://www.yourpropertyguide.com.au/suburbs/nebo-qld-4742,0,1,0,2
nedlands rent estimate,https://www.yourpropertyguide.com.au/suburbs/nedlands-wa-6009/rental-market,0,1,0,30
nedlands rental investment,https://www.yourpropertyguide.com.au/suburbs/nedlands-wa-6009/rental-market,0,9,0,27.1
nedlands rental investment,https://www.yourpropertyguide.com.au/suburbs/nedlands-wa-6909/rental-market,0,16,0,27.5
neerim postcode,https://www.yourpropertyguide.com.au/postcodes/3831,0,11,0,10.8
neerim south post code,https://www.yourpropertyguide.com.au/postcodes/3831,0,7,0,9.3
neerim south postcode,https://www.yourpropertyguide.com.au/postcodes/3831,0,10,0,12.5
negative gearing australia,https://www.yourpropertyguide.com.au/guides/negative-gearing-australia,0,2,0,99
negative gearing australia explained,https://www.yourpropertyguide.com.au/guides/negative-gearing-australia,0,1,0,98
negative gearing depreciation,https://www.yourpropertyguide.com.au/guides/negative-gearing-australia,0,3,0,85.7
negative gearing history,https://www.yourpropertyguide.com.au/guides/negative-gearing-australia,0,1,0,96
negative gearing laws,https://www.yourpropertyguide.com.au/guides/negative-gearing-australia,0,1,0,96
negative gearing sydney,https://www.yourpropertyguide.com.au/guides/negative-gearing-australia,0,2,0,96.5
nemingha postcode,https://www.yourpropertyguide.com.au/suburbs/nemingha-nsw-2340,0,17,0,7.8
nerang postcode,https://www.yourpropertyguide.com.au/suburbs/nerang-qld-4211,0,1,0,7
nerong nsw,https://www.yourpropertyguide.com.au/suburbs/nerong-nsw-2423,0,2,0,28.5
nerong postcode,https://www.yourpropertyguide.com.au/suburbs/nerong-nsw-2423,0,7,0,6
net rental income,https://www.yourpropertyguide.com.au/rental-yield-calculator,0,1,0,96
net rental yield calculator,https://www.yourpropertyguide.com.au/rental-yield-calculator,0,17,0,90.2
net yield,https://www.yourpropertyguide.com.au/rental-yield-calculator,0,1,0,100
net yield calculator,https://www.yourpropertyguide.com.au/rental-yield-calculator,0,1,0,88
net yield meaning,https://www.yourpropertyguide.com.au/rental-yield-calculator,0,1,0,100
neutral bay median house price,https://www.yourpropertyguide.com.au/price-guide,0,1,0,55
new farm brisbane postcode,https://www.yourpropertyguide.com.au/postcodes/4005,0,4,0,15
new farm post code,https://www.yourpropertyguide.com.au/postcodes/4005,0,15,0,8.1
new farm postcode,https://www.yourpropertyguide.com.au/postcodes/4005,0,19,0,10.6
new farm postcode qld,https://www.yourpropertyguide.com.au/postcodes/4005,0,3,0,9.7
new farm qld postcode,https://www.yourpropertyguide.com.au/postcodes/4005,0,3,0,11.3
new farm queensland postcode,https://www.yourpropertyguide.com.au/postcodes/4005,0,3,0,21.3
newbury primary schools,https://www.yourpropertyguide.com.au/schools/newbury-primary-school-52479/vs/mother-teresa-school-46124,0,3,0,7.3
newcastle 2300,https://www.yourpropertyguide.com.au/suburbs/newcastle-east-nsw-2300,0,2,0,56.5
newcastle address postcode,https://www.yourpropertyguide.com.au/suburbs/newcastle-east-nsw-2300,0,1,0,14
newcastle city postcode,https://www.yourpropertyguide.com.au/suburbs/newcastle-east-nsw-2300,0,2,0,10
newcastle east,https://www.yourpropertyguide.com.au/suburbs/newcastle-east-nsw-2300,0,2,0,56.5
newcastle east nsw,https://www.yourpropertyguide.com.au/suburbs/newcastle-east-nsw-2300,0,2,0,33
newcastle east post code,https://www.yourpropertyguide.com.au/suburbs/newcastle-east-nsw-2300,0,8,0,6.9
newcastle east postcode,https://www.yourpropertyguide.com.au/suburbs/newcastle-east-nsw-2300,0,63,0,8.5
newcastle nsw 2300,https://www.yourpropertyguide.com.au/suburbs/newcastle-east-nsw-2300,0,2,0,40.5
newcastle postcode 2300,https://www.yourpropertyguide.com.au/suburbs/newcastle-east-nsw-2300,0,8,0,8.5
newcastle postcode nsw,https://www.yourpropertyguide.com.au/suburbs/newcastle-nsw-2300,0,1,0,10
newee creek,https://www.yourpropertyguide.com.au/suburbs/newee-creek-nsw-2447,0,2,0,35
newee creek nsw,https://www.yourpropertyguide.com.au/suburbs/newee-creek-nsw-2447,0,1,0,26
newee creek postcode,https://www.yourpropertyguide.com.au/suburbs/newee-creek-nsw-2447,0,6,0,6.8
newfarm postcode,https://www.yourpropertyguide.com.au/postcodes/4005,0,3,0,7
newton rentals,https://www.yourpropertyguide.com.au/suburbs/newton-sa-5074/rental-market,0,1,0,6
ngunnawal postcode,https://www.yourpropertyguide.com.au/suburbs/ngunnawal-act-2913,0,1,0,8
nhill postcode,https://www.yourpropertyguide.com.au/suburbs/nhill-vic-3418,0,1,0,12
no commission property sales,https://www.yourpropertyguide.com.au/guides/real-estate-commission-vic,0,1,0,45
no commission real estate,https://www.yourpropertyguide.com.au/guides/real-estate-commission-nsw,0,2,0,31
no commission real estate,https://www.yourpropertyguide.com.au/guides/real-estate-commission-vic,0,5,0,54
noarlunga sa postcode,https://www.yourpropertyguide.com.au/suburbs/port-noarlunga-south-sa-5167,0,1,0,25
noosaville postcode,https://www.yourpropertyguide.com.au/suburbs/noosaville-qld-4566,0,1,0,12
normal commission for real estate agent,https://www.yourpropertyguide.com.au/guides/real-estate-commission-vic,0,1,0,65
normal real estate agent fees,https://www.yourpropertyguide.com.au/guides/real-estate-commission-vic,0,1,0,58
normal real estate commission,https://www.yourpropertyguide.com.au/guides/real-estate-commission-vic,0,1,0,61
normal real estate commission percentage,https://www.yourpropertyguide.com.au/guides/real-estate-commission-vic,0,1,0,11
normanville population,https://www.yourpropertyguide.com.au/suburbs/normanville-vic-3579,0,1,0,10
normanville post code,https://www.yourpropertyguide.com.au/suburbs/normanville-vic-3579,0,2,0,7
normanville postcode,https://www.yourpropertyguide.com.au/suburbs/normanville-vic-3579,0,7,0,8.7
north adelaide real estate agents,https://www.yourpropertyguide.com.au/suburbs/north-adelaide-sa-5006/agents,0,1,0,22
north balwyn,https://www.yourpropertyguide.com.au/suburbs/balwyn-north-vic-3104/vs/balwyn-vic-3103,0,7,0,78.7
north bondi post code,https://www.yourpropertyguide.com.au/suburbs/bondi-nsw-2026,0,1,0,37
north bondi postcode,https://www.yourpropertyguide.com.au/suburbs/bondi-nsw-2026,0,4,0,33.2
north bondi postcode nsw,https://www.yourpropertyguide.com.au/suburbs/bondi-nsw-2026,0,2,0,68
north casino nsw,https://www.yourpropertyguide.com.au/suburbs/north-casino-nsw-2470,0,1,0,17
north casino postcode,https://www.yourpropertyguide.com.au/suburbs/north-casino-nsw-2470,0,7,0,7.9
north gosford postcode,https://www.yourpropertyguide.com.au/postcodes/2250,0,1,0,25
north kellyville real estate agency,https://www.yourpropertyguide.com.au/suburbs/north-kellyville-nsw-2155/agents,0,1,0,12
north lakes real estate agents,https://www.yourpropertyguide.com.au/suburbs/north-lakes-qld-4509/agents,0,1,0,36
north melbourne real estate agents,https://www.yourpropertyguide.com.au/suburbs/north-melbourne-vic-3051/agents,0,3,0,28.7
north narre warren,https://www.yourpropertyguide.com.au/suburbs/narre-warren-north-vic-3804,0,1,0,35
north plympton post code,https://www.yourpropertyguide.com.au/postcodes/5037,0,3,0,9
north plympton postcode,https://www.yourpropertyguide.com.au/postcodes/5037,0,28,0,9.8
north plympton sa 5037,https://www.yourpropertyguide.com.au/postcodes/5037,0,1,0,38
north rockhampton,https://www.yourpropertyguide.com.au/suburbs/north-rockhampton-qld-4701,0,3,0,33.3
north rockhampton post code,https://www.yourpropertyguide.com.au/suburbs/north-rockhampton-qld-4701,0,12,0,4.3
north rockhampton postcode,https://www.yourpropertyguide.com.au/suburbs/north-rockhampton-qld-4701,0,45,0,2.3
north rockhampton postcode,https://www.yourpropertyguide.com.au/suburbs/rockhampton-north-qld-4701,0,1,0,3
north rockhampton qld,https://www.yourpropertyguide.com.au/suburbs/north-rockhampton-qld-4701,0,2,0,33.5
north rockhampton qld 4701,https://www.yourpropertyguide.com.au/suburbs/north-rockhampton-qld-4701,0,13,0,7.5
north rothbury postcode,https://www.yourpropertyguide.com.au/suburbs/rothbury-nsw-2320,0,1,0,4
north stradbroke island population,https://www.yourpropertyguide.com.au/suburbs/north-stradbroke-island-qld-4183,0,4,0,43
north stradbroke island postcode,https://www.yourpropertyguide.com.au/suburbs/north-stradbroke-island-qld-4183,0,10,0,10.3
north sydney real estate agents,https://www.yourpropertyguide.com.au/suburbs/north-sydney-nsw-2060/agents,0,1,0,40
northbridge perth postcode,https://www.yourpropertyguide.com.au/suburbs/northbridge-wa-6803,0,14,0,9.4
northbridge population,https://www.yourpropertyguide.com.au/suburbs/northbridge-wa-6803,0,1,0,11
northbridge post code,https://www.yourpropertyguide.com.au/suburbs/northbridge-wa-6803,0,36,0,7.4
northbridge postcode,https://www.yourpropertyguide.com.au/postcodes/6865,0,2,0,11
northbridge postcode,https://www.yourpropertyguide.com.au/suburbs/northbridge-wa-6803,0,166,0,7.8
northbridge postcode perth,https://www.yourpropertyguide.com.au/suburbs/northbridge-wa-6803,0,5,0,8
northbridge postcode wa,https://www.yourpropertyguide.com.au/postcodes/6865,0,4,0,10.5
northbridge postcode wa,https://www.yourpropertyguide.com.au/suburbs/northbridge-wa-6803,0,8,0,9.4
northbridge wa 6865,https://www.yourpropertyguide.com.au/postcodes/6865,0,4,0,12.2
northbridge wa postcode,https://www.yourpropertyguide.com.au/postcodes/6865,0,4,0,10.8
northbridge wa postcode,https://www.yourpropertyguide.com.au/suburbs/northbridge-wa-6803,0,22,0,8.6
northbridge zipcode,https://www.yourpropertyguide.com.au/suburbs/northbridge-wa-6803,0,1,0,10
northcote median house price,https://www.yourpropertyguide.com.au/suburbs/northcote-south-vic-3070/vs/northcote-vic-3070,0,1,0,51
northgate 4013,https://www.yourpropertyguide.com.au/postcodes/4013,0,2,0,29.5
northgate brisbane postcode,https://www.yourpropertyguide.com.au/postcodes/4013,0,8,0,9.5
northgate median house price,https://www.yourpropertyguide.com.au/postcodes/4013,0,1,0,29
northgate post code,https://www.yourpropertyguide.com.au/postcodes/4013,0,2,0,10.5
northgate postcode,https://www.yourpropertyguide.com.au/postcodes/4013,0,31,0,9.0
northgate postcode qld,https://www.yourpropertyguide.com.au/postcodes/4013,0,14,0,10.6
northgate qld 4013,https://www.yourpropertyguide.com.au/postcodes/4013,0,1,0,46
northgate qld postcode,https://www.yourpropertyguide.com.au/postcodes/4013,0,36,0,9.8
norton postcode,https://www.yourpropertyguide.com.au/suburbs/chipping-norton-nsw-2170,0,1,0,9
norwest postcode,https://www.yourpropertyguide.com.au/suburbs/norwest-nsw-2153,0,3,0,7.3
nowra postcode,https://www.yourpropertyguide.com.au/suburbs/north-nowra-nsw-2541,0,1,0,11
nsw 2026 postcode,https://www.yourpropertyguide.com.au/suburbs/bondi-nsw-2026,0,28,0,9.8
nsw 2027 postcode,https://www.yourpropertyguide.com.au/suburbs/darling-point-nsw-2027,0,3,0,10.3
nsw 2038,https://www.yourpropertyguide.com.au/suburbs/annandale-nsw-2038,0,1,0,11
nsw 2137,https://www.yourpropertyguide.com.au/suburbs/mortlake-nsw-2137,0,7,0,9.7
nsw 2141,https://www.yourpropertyguide.com.au/postcodes/2141,0,7,0,12.6
nsw 2170,https://www.yourpropertyguide.com.au/postcodes/2170,0,8,0,13.2
nsw 2170 australia,https://www.yourpropertyguide.com.au/postcodes/2170,0,2,0,22.5
nsw 2170 suburb,https://www.yourpropertyguide.com.au/postcodes/2170,0,4,0,9.8
nsw 2176,https://www.yourpropertyguide.com.au/suburbs/greenfield-park-nsw-2176,0,1,0,17
nsw 2222,https://www.yourpropertyguide.com.au/postcodes/2222,0,1,0,35
nsw 2232,https://www.yourpropertyguide.com.au/postcodes/2232,0,1,0,22
nsw 2250,https://www.yourpropertyguide.com.au/postcodes/2250,0,1,0,18
nsw 2261,https://www.yourpropertyguide.com.au/postcodes/2261,0,8,0,12.6
nsw 2300,https://www.yourpropertyguide.com.au/suburbs/newcastle-east-nsw-2300,0,2,0,19
nsw 2484,https://www.yourpropertyguide.com.au/postcodes/2484,0,1,0,30
nsw 2487,https://www.yourpropertyguide.com.au/suburbs/casuarina-nsw-2487,0,1,0,19
nsw 2557,https://www.yourpropertyguide.com.au/postcodes/2557,0,1,0,4
nsw 2620,https://www.yourpropertyguide.com.au/suburbs/queanbeyan-west-nsw-2620,0,1,0,30
nsw 2777,https://www.yourpropertyguide.com.au/suburbs/springwood-nsw-2777,0,20,0,37.0
"nsw country nsw, 2043",https://www.yourpropertyguide.com.au/postcodes/2043,0,1,0,10
nsw median house price,https://www.yourpropertyguide.com.au/price-guide,0,8,0,59.1
nsw real estate agent commission,https://www.yourpropertyguide.com.au/guides/real-estate-commission-nsw,0,4,0,23.5
nsw real estate agent fees,https://www.yourpropertyguide.com.au/guides/real-estate-commission-nsw,0,4,0,20.2
nsw real estate commission,https://www.yourpropertyguide.com.au/guides/real-estate-commission-nsw,0,7,0,18.1
nsw real estate commission,https://www.yourpropertyguide.com.au/real-estate-commission-calculator,0,4,0,40.8
nsw real estate commission calculator,https://www.yourpropertyguide.com.au/guides/real-estate-commission-nsw,0,5,0,20.4
nsw real estate commission calculator,https://www.yourpropertyguide.com.au/real-estate-commission-calculator,0,1,0,54
nsw transfer duty rates 2026,https://www.yourpropertyguide.com.au/stamp-duty-calculator,0,1,0,28
nt postcodes,https://www.yourpropertyguide.com.au/suburbs/surfers-paradise-qld-4217,0,1,0,3
nth balwyn,https://www.yourpropertyguide.com.au/suburbs/balwyn-north-vic-3104/vs/balwyn-vic-3103,0,1,0,63
nullagine post code,https://www.yourpropertyguide.com.au/postcodes/6758,0,3,0,10
nullagine postcode,https://www.yourpropertyguide.com.au/postcodes/6758,0,1,0,9
nundah median house price,https://www.yourpropertyguide.com.au/price-guide,0,1,0,55
nundah postcode,https://www.yourpropertyguide.com.au/suburbs/nundah-qld-4012,0,1,0,6
o'sullivan beach postcode,https://www.yourpropertyguide.com.au/suburbs/o-sullivan-beach-sa-5166,0,1,0,25
oakdowns postcode,https://www.yourpropertyguide.com.au/suburbs/oakdowns-tas-7019,0,2,0,9
oakleigh median house price,https://www.yourpropertyguide.com.au/suburbs/oakleigh-south-vic-3167,0,1,0,37
oakleigh post code,https://www.yourpropertyguide.com.au/postcodes/3167,0,1,0,12
oakleigh postcode,https://www.yourpropertyguide.com.au/suburbs/oakleigh-south-vic-3167,0,1,0,11
oakleigh south,https://www.yourpropertyguide.com.au/suburbs/oakleigh-south-vic-3167,0,4,0,73.5
oakleigh south post code,https://www.yourpropertyguide.com.au/postcodes/3167,0,7,0,9.6
oakleigh south post code,https://www.yourpropertyguide.com.au/suburbs/oakleigh-south-vic-3167,0,26,0,7.5
oakleigh south postcode,https://www.yourpropertyguide.com.au/postcodes/3167,0,16,0,10.1
oakleigh south postcode,https://www.yourpropertyguide.com.au/suburbs/oakleigh-south-vic-3167,0,258,0,8.7
oakleigh south vic 3167,https://www.yourpropertyguide.com.au/suburbs/oakleigh-south-vic-3167,0,1,0,22
oakleigh south vic postcode,https://www.yourpropertyguide.com.au/postcodes/3167,0,4,0,9.5
oakleigh south vic postcode,https://www.yourpropertyguide.com.au/suburbs/oakleigh-south-vic-3167,0,7,0,15.3
oakleigh south victoria,https://www.yourpropertyguide.com.au/suburbs/oakleigh-south-vic-3167,0,1,0,27
oakleigh suburb,https://www.yourpropertyguide.com.au/suburbs/oakleigh-south-vic-3167,0,1,0,11
oakleigh vic postcode,https://www.yourpropertyguide.com.au/postcodes/3167,0,1,0,11
oatlands nsw,https://www.yourpropertyguide.com.au/suburbs/oatlands-nsw-2117,0,1,0,28
oatlands nsw postcode,https://www.yourpropertyguide.com.au/suburbs/oatlands-nsw-2117,0,2,0,7.5
oatlands post code,https://www.yourpropertyguide.com.au/suburbs/oatlands-nsw-2117,0,1,0,8
oatlands postcode,https://www.yourpropertyguide.com.au/suburbs/oatlands-nsw-2117,0,8,0,10.4
oatlands postcode nsw,https://www.yourpropertyguide.com.au/suburbs/oatlands-nsw-2117,0,6,0,8.3
occupancy check,https://www.yourpropertyguide.com.au/guides,0,1,0,80
ocean grove primary schools,https://www.yourpropertyguide.com.au/suburbs/ocean-grove-vic-3226/schools,0,1,0,47
ocean reef postcode,https://www.yourpropertyguide.com.au/suburbs/ocean-reef-wa-6027,0,2,0,9
ocean reef rental investment,https://www.yourpropertyguide.com.au/suburbs/ocean-reef-wa-6027/rental-market,0,20,0,42.0
offer and acceptance,https://www.yourpropertyguide.com.au/guides/contract-of-sale-wa,0,1,0,61
offer and acceptance form wa,https://www.yourpropertyguide.com.au/guides/contract-of-sale-wa,0,1,0,23
official cash rate history,https://www.yourpropertyguide.com.au/rba-cash-rate,0,1,0,52
old junee postcode,https://www.yourpropertyguide.com.au/suburbs/junee-nsw-2663,0,3,0,11.3
one school illawarra,https://www.yourpropertyguide.com.au/schools/oneschool-global-nsw-illawarra-43911,0,1,0,29
oneschool global illawarra,https://www.yourpropertyguide.com.au/schools/oneschool-global-nsw-illawarra-43911,0,1,0,24
ongoing costs of owning a home in australia,https://www.yourpropertyguide.com.au/guides,0,1,0,84
onkaparinga heights postcode,https://www.yourpropertyguide.com.au/suburbs/onkaparinga-heights-sa-5163,0,25,0,5.2
online borrowing power calculator,https://www.yourpropertyguide.com.au/borrowing-power-calculator,0,1,0,98
online home affordability calculator,https://www.yourpropertyguide.com.au/affordability-calculator,0,1,0,76
online mortgage affordability calculator,https://www.yourpropertyguide.com.au/affordability-calculator,0,1,0,81
online mortgage affordability calculator,https://www.yourpropertyguide.com.au/borrowing-power-calculator,0,1,0,90
oran park anglican college fees,https://www.yourpropertyguide.com.au/schools/barramurra-public-school-52928/vs/oran-park-anglican-college-50494,0,3,0,54.7
orana primary school,https://www.yourpropertyguide.com.au/schools/orana-catholic-primary-school-48976,0,1,0,34
orange real estate agents,https://www.yourpropertyguide.com.au/suburbs/orange-nsw-2800/agents,0,9,0,5.3
orara nsw,https://www.yourpropertyguide.com.au/suburbs/upper-orara-nsw-2450,0,1,0,41
ouyen post code,https://www.yourpropertyguide.com.au/suburbs/ouyen-vic-3490,0,6,0,9.8
ouyen postcode,https://www.yourpropertyguide.com.au/suburbs/ouyen-vic-3490,0,6,0,9
ovens postcode,https://www.yourpropertyguide.com.au/postcodes/3738,0,17,0,8.8
owner occupied rules,https://www.yourpropertyguide.com.au/guides,0,1,0,73
owner occupier,https://www.yourpropertyguide.com.au/suburbs/greensborough-vic-3088,0,1,0,5
owner-occupied rules,https://www.yourpropertyguide.com.au/guides,0,1,0,77
oyster bay postcode,https://www.yourpropertyguide.com.au/suburbs/oyster-bay-nsw-2225,0,1,0,7
pacific paradise,https://www.yourpropertyguide.com.au/suburbs/pacific-paradise-qld-4564,0,7,0,14.3
pacific paradise australia,https://www.yourpropertyguide.com.au/suburbs/pacific-paradise-qld-4564,0,1,0,53
pacific paradise post code,https://www.yourpropertyguide.com.au/suburbs/pacific-paradise-qld-4564,0,50,0,7.5
pacific paradise postcode,https://www.yourpropertyguide.com.au/suburbs/pacific-paradise-qld-4564,0,157,0,7.9
pacific paradise queensland,https://www.yourpropertyguide.com.au/suburbs/pacific-paradise-qld-4564,0,1,0,47
paddington median house price,https://www.yourpropertyguide.com.au/suburbs/paddington-nsw-2021/rental-market,0,2,0,70.5
pakenham lakeside primary school,https://www.yourpropertyguide.com.au/schools/beaconhills-college-46282/vs/pakenham-lakeside-primary-school-45262,0,4,0,13.8
pakenham suburb profile,https://www.yourpropertyguide.com.au/suburbs/pakenham-vic-3810/vs/pakenham-upper-vic-3810,0,2,0,64
pakenham suburb review,https://www.yourpropertyguide.com.au/suburbs/pakenham-vic-3810/vs/pakenham-upper-vic-3810,0,2,0,53
pakenham upper vic,https://www.yourpropertyguide.com.au/suburbs/pakenham-vic-3810/vs/pakenham-upper-vic-3810,0,2,0,33.5
pakenham vic,https://www.yourpropertyguide.com.au/guides/real-estate-commission-vic,0,1,0,14
pakenham vs officer,https://www.yourpropertyguide.com.au/suburbs/pakenham-vic-3810/vs/officer-south-vic-3809,0,3,0,11
pallara postcode,https://www.yourpropertyguide.com.au/suburbs/pallara-qld-4110,0,1,0,8
palmyra postcode,https://www.yourpropertyguide.com.au/suburbs/palmyra-wa-6957,0,1,0,8
pampas qld,https://www.yourpropertyguide.com.au/suburbs/pampas-qld-4352,0,1,0,21
paradise postcode,https://www.yourpropertyguide.com.au/suburbs/paradise-sa-5075,0,28,0,7.8
paradise postcode,https://www.yourpropertyguide.com.au/suburbs/surfers-paradise-qld-4217,0,6,0,7.5
paradise postcode sa,https://www.yourpropertyguide.com.au/suburbs/paradise-sa-5075,0,8,0,10
paradise sa postcode,https://www.yourpropertyguide.com.au/suburbs/paradise-sa-5075,0,8,0,8.2
paradise waters gold coast,https://www.yourpropertyguide.com.au/suburbs/paradise-waters-qld-4217,0,1,0,18
paradise waters postcode,https://www.yourpropertyguide.com.au/suburbs/paradise-waters-qld-4217,0,21,0,4.1
paradise waters postcode,https://www.yourpropertyguide.com.au/suburbs/surfers-paradise-qld-4217,0,2,0,36
paradise waters qld,https://www.yourpropertyguide.com.au/suburbs/paradise-waters-qld-4217,0,1,0,16
park orchards post code,https://www.yourpropertyguide.com.au/postcodes/3114,0,1,0,9
park orchards postcode,https://www.yourpropertyguide.com.au/postcodes/3114,0,6,0,30.8
parkdale postcode,https://www.yourpropertyguide.com.au/suburbs/parkdale-vic-3195,0,1,0,8
parkes postcode,https://www.yourpropertyguide.com.au/suburbs/parkes-nsw-2870,0,1,0,6
parkhurst postcode,https://www.yourpropertyguide.com.au/suburbs/parkhurst-qld-4702,0,1,0,8
parkinson qld suburb profile,https://www.yourpropertyguide.com.au/suburbs/parkinson-qld-4115/rental-market,0,2,0,62
parkville postcode,https://www.yourpropertyguide.com.au/suburbs/parkville-vic-3052,0,3,0,9
parndana postcode,https://www.yourpropertyguide.com.au/postcodes/5220,0,6,0,9.2
parrearra,https://www.yourpropertyguide.com.au/suburbs/parrearra-qld-4575,0,2,0,28
parrearra australia,https://www.yourpropertyguide.com.au/suburbs/parrearra-qld-4575,0,1,0,26
parrearra post code,https://www.yourpropertyguide.com.au/suburbs/parrearra-qld-4575,0,12,0,7.6
parrearra qld,https://www.yourpropertyguide.com.au/suburbs/parrearra-qld-4575,0,12,0,28.2
parrearra qld 4575,https://www.yourpropertyguide.com.au/suburbs/parrearra-qld-4575,0,5,0,13.4
parrearra queensland,https://www.yourpropertyguide.com.au/suburbs/parrearra-qld-4575,0,1,0,33
parrearra sunshine coast,https://www.yourpropertyguide.com.au/suburbs/parrearra-qld-4575,0,2,0,30.5
part ownership calculator,https://www.yourpropertyguide.com.au/tools,0,1,0,76
pascoe vale south,https://www.yourpropertyguide.com.au/suburbs/essendon-vic-3040/vs/pascoe-vale-south-vic-3044,0,2,0,54
pascoe vale south median house price,https://www.yourpropertyguide.com.au/suburbs/essendon-vic-3040/vs/pascoe-vale-south-vic-3044,0,3,0,29.3
pascoe vale to essendon,https://www.yourpropertyguide.com.au/suburbs/essendon-vic-3040/vs/pascoe-vale-south-vic-3044,0,2,0,21
pay for real estate leads,https://www.yourpropertyguide.com.au/for-agents,0,1,0,81
payment on 500 000 mortgage,https://www.yourpropertyguide.com.au/mortgage-calculator,0,1,0,84
payments on 400 000 mortgage,https://www.yourpropertyguide.com.au/mortgage-calculator,0,1,0,63
payneham,https://www.yourpropertyguide.com.au/suburbs/payneham-sa-5070,0,5,0,34.6
payneham adelaide,https://www.yourpropertyguide.com.au/suburbs/payneham-sa-5070,0,1,0,34
payneham post code,https://www.yourpropertyguide.com.au/suburbs/payneham-sa-5070,0,9,0,9.4
payneham postcode,https://www.yourpropertyguide.com.au/suburbs/payneham-sa-5070,0,56,0,9.3
payneham postcode sa,https://www.yourpropertyguide.com.au/suburbs/payneham-sa-5070,0,5,0,8.2
payneham sa,https://www.yourpropertyguide.com.au/suburbs/payneham-sa-5070,0,2,0,18
payneham sa 5070,https://www.yourpropertyguide.com.au/suburbs/payneham-sa-5070,0,1,0,16
payneham sa postcode,https://www.yourpropertyguide.com.au/suburbs/payneham-sa-5070,0,2,0,8.5
payneham south,https://www.yourpropertyguide.com.au/suburbs/payneham-sa-5070,0,2,0,40.5
payneham south postcode,https://www.yourpropertyguide.com.au/suburbs/payneham-sa-5070,0,2,0,14.5
paynesville postcode,https://www.yourpropertyguide.com.au/suburbs/surfers-paradise-qld-4217,0,1,0,3
peachester post code,https://www.yourpropertyguide.com.au/postcodes/4519,0,3,0,9.3
peachester postcode,https://www.yourpropertyguide.com.au/postcodes/4519,0,16,0,10.6
penalty for selling house before 1 year australia,https://www.yourpropertyguide.com.au/guides,0,2,0,90
penhurst postcode,https://www.yourpropertyguide.com.au/postcodes/2222,0,6,0,10.8
penola postcode,https://www.yourpropertyguide.com.au/suburbs/penola-sa-5277,0,2,0,6
penshurst 2222,https://www.yourpropertyguide.com.au/postcodes/2222,0,1,0,36
penshurst house prices,https://www.yourpropertyguide.com.au/postcodes/2222,0,1,0,28
penshurst new south wales,https://www.yourpropertyguide.com.au/postcodes/2222,0,2,0,58
penshurst nsw 2222,https://www.yourpropertyguide.com.au/postcodes/2222,0,2,0,44.5
penshurst nsw postcode,https://www.yourpropertyguide.com.au/postcodes/2222,0,9,0,10.4
penshurst post code,https://www.yourpropertyguide.com.au/postcodes/2222,0,18,0,9.9
penshurst postcode,https://www.yourpropertyguide.com.au/postcodes/2222,0,83,0,10.9
penshurst postcode nsw,https://www.yourpropertyguide.com.au/postcodes/2222,0,11,0,10.1
penshurst suburb profile,https://www.yourpropertyguide.com.au/postcodes/2222,0,2,0,52
pepper money borrowing power,https://www.yourpropertyguide.com.au/borrowing-power-calculator,0,1,0,97
percentage ownership of property calculator,https://www.yourpropertyguide.com.au/tools,0,1,0,81
percentage real estate agents make,https://www.yourpropertyguide.com.au/guides/real-estate-commission-vic,0,1,0,59
perisher post code,https://www.yourpropertyguide.com.au/suburbs/perisher-valley-nsw-2624,0,1,0,10
perisher postcode,https://www.yourpropertyguide.com.au/suburbs/perisher-valley-nsw-2624,0,1,0,8
personal loan approval calculator,https://www.yourpropertyguide.com.au/borrowing-power-calculator,0,1,0,89
personal loan borrowing calculator,https://www.yourpropertyguide.com.au/borrowing-power-calculator,0,1,0,93
personal loan borrowing power,https://www.yourpropertyguide.com.au/borrowing-power-calculator,0,2,0,96
personal loan borrowing power calculator,https://www.yourpropertyguide.com.au/borrowing-power-calculator,0,7,0,98.7
personal loan eligibility calculator,https://www.yourpropertyguide.com.au/borrowing-power-calculator,0,1,0,100
personal loan how much can i borrow,https://www.yourpropertyguide.com.au/borrowing-power-calculator,0,1,0,94
perth highgate,https://www.yourpropertyguide.com.au/suburbs/highgate-wa-6003,0,1,0,49
perth house prices 2026,https://www.yourpropertyguide.com.au/guides/perth-property-market-2026,0,1,0,33
perth property forecast 2026,https://www.yourpropertyguide.com.au/guides/perth-property-market-2026,0,1,0,30
perth property market 2026,https://www.yourpropertyguide.com.au/guides/perth-property-market-2026,0,1,0,28
perth property market forecast 2026,https://www.yourpropertyguide.com.au/guides/perth-property-market-2026,0,1,0,39
perth property market predictions 2026,https://www.yourpropertyguide.com.au/guides/perth-property-market-2026,0,1,0,42
perth tas postcode,https://www.yourpropertyguide.com.au/postcodes/7300,0,1,0,10
perth wa 6000,https://www.yourpropertyguide.com.au/suburbs/perth-wa-6000,0,1,0,35
petersham postcode,https://www.yourpropertyguide.com.au/suburbs/petersham-nsw-2049,0,2,0,8.5
philip neri school,https://www.yourpropertyguide.com.au/schools/st-philip-neri-catholic-primary-school-43251/vs/northbridge-public-school-41232,0,1,0,30
piawaning,https://www.yourpropertyguide.com.au/suburbs/piawaning-wa-6572,0,1,0,19
pimpama,https://www.yourpropertyguide.com.au/suburbs/pimpama-qld-4209/vs/coomera-qld-4209,0,1,0,3
pimpama postcode,https://www.yourpropertyguide.com.au/suburbs/pimpama-qld-4209,0,2,0,11
pinjarra 6208,https://www.yourpropertyguide.com.au/suburbs/pinjarra-wa-6208,0,1,0,17
pinjarra population,https://www.yourpropertyguide.com.au/suburbs/pinjarra-wa-6208,0,2,0,13
pinjarra post code,https://www.yourpropertyguide.com.au/suburbs/pinjarra-wa-6208,0,75,0,7.7
pinjarra postcode,https://www.yourpropertyguide.com.au/suburbs/pinjarra-wa-6208,0,472,0,6.5
pinjarra postcode wa,https://www.yourpropertyguide.com.au/suburbs/pinjarra-wa-6208,0,23,0,7.6
pinjarra wa postcode,https://www.yourpropertyguide.com.au/suburbs/pinjarra-wa-6208,0,27,0,7.9
plumpton house,https://www.yourpropertyguide.com.au/schools/plumpton-high-school-41834/vs/plumpton-house-school-41800,0,1,0,18
pocket listing commission,https://www.yourpropertyguide.com.au/guides/real-estate-commission-vic,0,1,0,75
point piper median house price,https://www.yourpropertyguide.com.au/price-guide,0,1,0,50
point piper postcode,https://www.yourpropertyguide.com.au/suburbs/darling-point-nsw-2027,0,2,0,50.5
pomona postcode,https://www.yourpropertyguide.com.au/suburbs/pomona-qld-4568,0,1,0,8
pomona qld postcode,https://www.yourpropertyguide.com.au/suburbs/pomona-qld-4568,0,3,0,7.7
poonindie community learning centre,https://www.yourpropertyguide.com.au/suburbs/poonindie-sa-5607/schools,0,1,0,40
pooraka,https://www.yourpropertyguide.com.au/suburbs/pooraka-sa-5095,0,20,0,33.9
pooraka adelaide,https://www.yourpropertyguide.com.au/suburbs/pooraka-sa-5095,0,2,0,51.5
pooraka adelaide sa,https://www.yourpropertyguide.com.au/suburbs/pooraka-sa-5095,0,1,0,35
pooraka australia,https://www.yourpropertyguide.com.au/suburbs/pooraka-sa-5095,0,1,0,54
pooraka post code,https://www.yourpropertyguide.com.au/suburbs/pooraka-sa-5095,0,15,0,11.2
pooraka postcode,https://www.yourpropertyguide.com.au/suburbs/pooraka-sa-5095,0,216,0,9.0
pooraka postcode sa,https://www.yourpropertyguide.com.au/suburbs/pooraka-sa-5095,0,7,0,9.6
pooraka sa,https://www.yourpropertyguide.com.au/suburbs/pooraka-sa-5095,0,5,0,45.4
pooraka sa 5095,https://www.yourpropertyguide.com.au/suburbs/pooraka-sa-5095,0,1,0,37
pooraka sa postcode,https://www.yourpropertyguide.com.au/suburbs/pooraka-sa-5095,0,1,0,16
pooraka south australia,https://www.yourpropertyguide.com.au/suburbs/pooraka-sa-5095,0,1,0,39
population burra sa,https://www.yourpropertyguide.com.au/suburbs/burra-sa-5417,0,7,0,10.4
population of blackbutt qld,https://www.yourpropertyguide.com.au/suburbs/blackbutt-north-qld-4314,0,1,0,3
population of bondi,https://www.yourpropertyguide.com.au/suburbs/bondi-nsw-2026,0,3,0,26.7
population of buderim,https://www.yourpropertyguide.com.au/suburbs/buderim-qld-4556,0,1,0,11
population of burra,https://www.yourpropertyguide.com.au/suburbs/burra-sa-5417,0,1,0,9
population of burra sa,https://www.yourpropertyguide.com.au/suburbs/burra-sa-5417,0,1,0,11
population of coolum,https://www.yourpropertyguide.com.au/suburbs/coolum-beach-qld-4573,0,2,0,11
population of drouin victoria,https://www.yourpropertyguide.com.au/suburbs/drouin-vic-3818,0,1,0,18
population of dubbo nsw,https://www.yourpropertyguide.com.au/suburbs/dubbo-nsw-2830,0,1,0,29
population of edenhope,https://www.yourpropertyguide.com.au/suburbs/edenhope-vic-3318,0,1,0,10
population of ingham,https://www.yourpropertyguide.com.au/suburbs/ingham-qld-4850,0,4,0,19.8
population of ingham qld,https://www.yourpropertyguide.com.au/suburbs/ingham-qld-4850,0,1,0,22
population of inglewood qld,https://www.yourpropertyguide.com.au/suburbs/inglewood-qld-4387,0,1,0,17
population of junee,https://www.yourpropertyguide.com.au/suburbs/junee-nsw-2663,0,1,0,25
population of junee nsw,https://www.yourpropertyguide.com.au/suburbs/junee-nsw-2663,0,2,0,18.5
population of maitland sa,https://www.yourpropertyguide.com.au/suburbs/maitland-sa-5573,0,1,0,13
population of morayfield,https://www.yourpropertyguide.com.au/suburbs/morayfield-qld-4506,0,4,0,9.8
population of north stradbroke island,https://www.yourpropertyguide.com.au/suburbs/north-stradbroke-island-qld-4183,0,2,0,34
population of rothbury,https://www.yourpropertyguide.com.au/suburbs/rothbury-nsw-2320,0,2,0,9
population of stanley tasmania,https://www.yourpropertyguide.com.au/suburbs/stanley-tas-7331,0,1,0,35
port adelaide postcode,https://www.yourpropertyguide.com.au/suburbs/port-adelaide-sa-5015,0,2,0,8
port adelaide real estate agents,https://www.yourpropertyguide.com.au/suburbs/port-adelaide-sa-5015/agents,0,1,0,22
port clinton postcode,https://www.yourpropertyguide.com.au/postcodes/5570,0,12,0,7.7
port douglas real estate agencies,https://www.yourpropertyguide.com.au/suburbs/port-douglas-qld-4877/agents,0,1,0,38
port douglas real estate agents,https://www.yourpropertyguide.com.au/suburbs/port-douglas-qld-4877/agents,0,2,0,35.5
port elliot postcode,https://www.yourpropertyguide.com.au/suburbs/port-elliot-sa-5212,0,2,0,8.5
port kembla nsw postcode,https://www.yourpropertyguide.com.au/suburbs/kembla-grange-nsw-2526,0,1,0,46
port macquarie bc,https://www.yourpropertyguide.com.au/suburbs/port-macquarie-nsw-2444/vs/port-macquarie-bc-nsw-2444,0,1,0,5
port macquarie real estate agents,https://www.yourpropertyguide.com.au/suburbs/port-macquarie-nsw-2444/agents,0,3,0,48.3
port macquarie suburbs,https://www.yourpropertyguide.com.au/suburbs/port-macquarie-nsw-2444/vs/port-macquarie-bc-nsw-2444,0,1,0,4
port neill post code,https://www.yourpropertyguide.com.au/suburbs/port-neill-sa-5604,0,12,0,9
port neill postcode,https://www.yourpropertyguide.com.au/suburbs/port-neill-sa-5604,0,4,0,8
port noarlunga south,https://www.yourpropertyguide.com.au/suburbs/port-noarlunga-sa-5167/vs/port-noarlunga-south-sa-5167,0,2,0,59
port noarlunga south postcode,https://www.yourpropertyguide.com.au/suburbs/port-noarlunga-south-sa-5167,0,1,0,9
port noarlunga south sa,https://www.yourpropertyguide.com.au/suburbs/port-noarlunga-sa-5167/vs/port-noarlunga-south-sa-5167,0,1,0,55
post code,https://www.yourpropertyguide.com.au/postcodes/2170,0,1,0,7
post code 0812,https://www.yourpropertyguide.com.au/postcodes/0812,0,2,0,10
post code 2038,https://www.yourpropertyguide.com.au/suburbs/annandale-nsw-2038,0,2,0,10
post code 2043,https://www.yourpropertyguide.com.au/postcodes/2043,0,58,0,7.9
post code 2087,https://www.yourpropertyguide.com.au/postcodes/2087,0,5,0,10.4
post code 2113,https://www.yourpropertyguide.com.au/postcodes/2113,0,4,0,12.8
post code 2137,https://www.yourpropertyguide.com.au/suburbs/mortlake-nsw-2137,0,2,0,14
post code 2140,https://www.yourpropertyguide.com.au/postcodes/2140,0,11,0,10.5
post code 2140,https://www.yourpropertyguide.com.au/suburbs/homebush-south-nsw-2140,0,1,0,34
post code 2141,https://www.yourpropertyguide.com.au/postcodes/2141,0,20,0,8.6
post code 2170,https://www.yourpropertyguide.com.au/postcodes/2170,0,55,0,10.8
post code 2203,https://www.yourpropertyguide.com.au/postcodes/2203,0,12,0,10.1
post code 2217,https://www.yourpropertyguide.com.au/suburbs/monterey-nsw-2217,0,1,0,60
post code 2222,https://www.yourpropertyguide.com.au/postcodes/2222,0,8,0,9.2
post code 2232,https://www.yourpropertyguide.com.au/postcodes/2232,0,9,0,9.3
post code 2250,https://www.yourpropertyguide.com.au/postcodes/2250,0,24,0,9.8
post code 2261,https://www.yourpropertyguide.com.au/postcodes/2261,0,9,0,11.6
post code 2295,https://www.yourpropertyguide.com.au/postcodes/2295,0,2,0,9.5
post code 2300,https://www.yourpropertyguide.com.au/suburbs/newcastle-east-nsw-2300,0,10,0,9.4
post code 2484,https://www.yourpropertyguide.com.au/postcodes/2484,0,3,0,10.3
post code 2487,https://www.yourpropertyguide.com.au/suburbs/casuarina-nsw-2487,0,1,0,10
post code 2502,https://www.yourpropertyguide.com.au/postcodes/2502,0,8,0,9.2
post code 2557,https://www.yourpropertyguide.com.au/postcodes/2557,0,16,0,9.6
post code 2564,https://www.yourpropertyguide.com.au/postcodes/2564,0,8,0,9.2
post code 2620,https://www.yourpropertyguide.com.au/suburbs/queanbeyan-west-nsw-2620,0,1,0,23
post code 2830,https://www.yourpropertyguide.com.au/suburbs/dubbo-nsw-2830,0,2,0,11
post code 3024,https://www.yourpropertyguide.com.au/postcodes/3024,0,26,0,8.4
post code 3066,https://www.yourpropertyguide.com.au/suburbs/collingwood-north-vic-3066,0,2,0,9.5
post code 3099,https://www.yourpropertyguide.com.au/postcodes/3099,0,5,0,9.2
post code 3105,https://www.yourpropertyguide.com.au/suburbs/bulleen-vic-3105,0,1,0,1
post code 3114,https://www.yourpropertyguide.com.au/postcodes/3114,0,7,0,10.4
post code 3123,https://www.yourpropertyguide.com.au/suburbs/hawthorn-east-vic-3123,0,8,0,8.5
post code 3124,https://www.yourpropertyguide.com.au/suburbs/camberwell-north-vic-3124,0,3,0,10.7
post code 3139,https://www.yourpropertyguide.com.au/postcodes/3139,0,12,0,10.6
post code 3140,https://www.yourpropertyguide.com.au/postcodes/3140,0,7,0,10.3
post code 3142,https://www.yourpropertyguide.com.au/suburbs/toorak-vic-3142,0,10,0,7.4
post code 3156,https://www.yourpropertyguide.com.au/postcodes/3156,0,9,0,8.4
post code 3202,https://www.yourpropertyguide.com.au/postcodes/3202,0,3,0,10
post code 3377,https://www.yourpropertyguide.com.au/suburbs/armstrong-vic-3377,0,10,0,9.9
post code 3500,https://www.yourpropertyguide.com.au/suburbs/mildura-east-vic-3500,0,4,0,10.5
post code 3556,https://www.yourpropertyguide.com.au/postcodes/3556,0,6,0,9.3
post code 3666,https://www.yourpropertyguide.com.au/postcodes/3666,0,5,0,4.2
post code 3690,https://www.yourpropertyguide.com.au/postcodes/3690,0,11,0,8.8
post code 3752,https://www.yourpropertyguide.com.au/postcodes/3752,0,1,0,10
post code 3818,https://www.yourpropertyguide.com.au/suburbs/drouin-vic-3818,0,2,0,11
post code 3900,https://www.yourpropertyguide.com.au/postcodes/3900,0,4,0,9
post code 3978,https://www.yourpropertyguide.com.au/postcodes/3978,0,21,0,10.4
post code 3981,https://www.yourpropertyguide.com.au/postcodes/3981,0,5,0,10
post code 4005,https://www.yourpropertyguide.com.au/postcodes/4005,0,6,0,8.7
post code 4013,https://www.yourpropertyguide.com.au/postcodes/4013,0,4,0,9.2
post code 4018,https://www.yourpropertyguide.com.au/suburbs/taigum-qld-4018,0,19,0,9.3
post code 4067,https://www.yourpropertyguide.com.au/postcodes/4067,0,5,0,8.8
post code 4069,https://www.yourpropertyguide.com.au/suburbs/kenmore-east-qld-4069,0,20,0,10.7
post code 4102,https://www.yourpropertyguide.com.au/postcodes/4102,0,10,0,9.9
post code 4102,https://www.yourpropertyguide.com.au/suburbs/woolloongabba-qld-4102,0,3,0,9
post code 4116,https://www.yourpropertyguide.com.au/postcodes/4116,0,6,0,11.3
post code 4118,https://www.yourpropertyguide.com.au/postcodes/4118,0,5,0,12.4
post code 4118,https://www.yourpropertyguide.com.au/suburbs/browns-plains-bc-qld-4118,0,11,0,10
post code 4172,https://www.yourpropertyguide.com.au/suburbs/murarrie-qld-4172,0,1,0,11
post code 4212,https://www.yourpropertyguide.com.au/postcodes/4212,0,1,0,1
post code 4217,https://www.yourpropertyguide.com.au/suburbs/surfers-paradise-qld-4217,0,63,0,9.4
post code 4506,https://www.yourpropertyguide.com.au/suburbs/morayfield-qld-4506,0,15,0,8.9
post code 4519,https://www.yourpropertyguide.com.au/postcodes/4519,0,5,0,8.6
post code 4550,https://www.yourpropertyguide.com.au/postcodes/4550,0,5,0,9.8
post code 4556,https://www.yourpropertyguide.com.au/suburbs/buderim-qld-4556,0,33,0,9.6
post code 4564,https://www.yourpropertyguide.com.au/suburbs/pacific-paradise-qld-4564,0,2,0,11
post code 4575,https://www.yourpropertyguide.com.au/suburbs/parrearra-qld-4575,0,2,0,18.5
post code 4605,https://www.yourpropertyguide.com.au/postcodes/4605,0,1,0,9
post code 4701,https://www.yourpropertyguide.com.au/suburbs/north-rockhampton-qld-4701,0,5,0,3.6
post code 4741,https://www.yourpropertyguide.com.au/suburbs/mount-ossa-qld-4741,0,5,0,10.8
post code 4883,https://www.yourpropertyguide.com.au/postcodes/4883,0,7,0,10.6
post code 5013,https://www.yourpropertyguide.com.au/suburbs/wingfield-sa-5013,0,7,0,10.1
post code 5037,https://www.yourpropertyguide.com.au/postcodes/5037,0,1,0,11
post code 5061,https://www.yourpropertyguide.com.au/postcodes/5061,0,6,0,8.3
post code 5113,https://www.yourpropertyguide.com.au/suburbs/davoren-park-south-sa-5113,0,2,0,10.5
post code 5114,https://www.yourpropertyguide.com.au/suburbs/craigmore-sa-5114,0,6,0,10
post code 5118,https://www.yourpropertyguide.com.au/suburbs/gawler-east-sa-5118,0,1,0,1
post code 6003,https://www.yourpropertyguide.com.au/suburbs/highgate-wa-6003,0,1,0,8
post code 6103,https://www.yourpropertyguide.com.au/postcodes/6103,0,8,0,9
post code 6154,https://www.yourpropertyguide.com.au/suburbs/booragoon-wa-6154,0,1,0,10
post code 6156,https://www.yourpropertyguide.com.au/postcodes/6156,0,2,0,11
post code 6208,https://www.yourpropertyguide.com.au/suburbs/pinjarra-wa-6208,0,3,0,6.7
post code 6210,https://www.yourpropertyguide.com.au/suburbs/mandurah-dc-wa-6210,0,8,0,11.2
post code 6285,https://www.yourpropertyguide.com.au/postcodes/6285,0,1,0,11
post code annandale,https://www.yourpropertyguide.com.au/suburbs/annandale-nsw-2038,0,1,0,12
post code arundel,https://www.yourpropertyguide.com.au/suburbs/arundel-qld-4214,0,9,0,7.1
post code arundel qld,https://www.yourpropertyguide.com.au/suburbs/arundel-qld-4214,0,1,0,8
post code birkenhead,https://www.yourpropertyguide.com.au/suburbs/birkenhead-sa-5015,0,1,0,10
post code bolton,https://www.yourpropertyguide.com.au/suburbs/bolton-point-nsw-2283,0,1,0,6
post code bondi,https://www.yourpropertyguide.com.au/suburbs/bondi-nsw-2026,0,3,0,11.3
post code booragoon,https://www.yourpropertyguide.com.au/postcodes/6954,0,1,0,10
post code booragoon,https://www.yourpropertyguide.com.au/suburbs/booragoon-wa-6154,0,4,0,10.2
post code browns plains,https://www.yourpropertyguide.com.au/postcodes/4118,0,4,0,10.2
post code browns plains,https://www.yourpropertyguide.com.au/suburbs/browns-plains-bc-qld-4118,0,12,0,8.7
post code buderim,https://www.yourpropertyguide.com.au/suburbs/buderim-qld-4556,0,31,0,7.8
post code bullsbrook,https://www.yourpropertyguide.com.au/postcodes/6084,0,5,0,10
post code clyde,https://www.yourpropertyguide.com.au/postcodes/3978,0,3,0,8.3
post code clyde north,https://www.yourpropertyguide.com.au/postcodes/3978,0,2,0,18
post code darling point,https://www.yourpropertyguide.com.au/suburbs/darling-point-nsw-2027,0,8,0,10.2
post code dubbo,https://www.yourpropertyguide.com.au/suburbs/dubbo-nsw-2830,0,6,0,8.8
post code dulwich hill,https://www.yourpropertyguide.com.au/postcodes/2203,0,6,0,11.3
post code ferntree gully,https://www.yourpropertyguide.com.au/postcodes/3156,0,1,0,11
post code for arundel,https://www.yourpropertyguide.com.au/suburbs/arundel-qld-4214,0,1,0,8
post code for clyde north,https://www.yourpropertyguide.com.au/postcodes/3978,0,1,0,11
post code for cromer,https://www.yourpropertyguide.com.au/suburbs/cromer-heights-nsw-2099,0,3,0,10
post code for liverpool,https://www.yourpropertyguide.com.au/postcodes/2170,0,13,0,9.3
post code for mandurah,https://www.yourpropertyguide.com.au/suburbs/mandurah-dc-wa-6210,0,4,0,9
post code for morayfield,https://www.yourpropertyguide.com.au/suburbs/morayfield-qld-4506,0,9,0,7.9
post code for my location,https://www.yourpropertyguide.com.au/suburbs/surfers-paradise-qld-4217,0,1,0,1
post code for st lucia,https://www.yourpropertyguide.com.au/postcodes/4067,0,6,0,10.2
post code for surfers paradise,https://www.yourpropertyguide.com.au/suburbs/surfers-paradise-qld-4217,0,11,0,6.9
post code george town,https://www.yourpropertyguide.com.au/suburbs/george-town-sa-7253,0,4,0,9.5
post code golden bay,https://www.yourpropertyguide.com.au/suburbs/golden-bay-wa-6174,0,1,0,10
post code gregory hills,https://www.yourpropertyguide.com.au/postcodes/2557,0,5,0,10.4
post code hawthorn east,https://www.yourpropertyguide.com.au/suburbs/hawthorn-east-vic-3123,0,14,0,7.2
post code helensvale,https://www.yourpropertyguide.com.au/postcodes/4212,0,1,0,10
post code hyde park,https://www.yourpropertyguide.com.au/postcodes/5061,0,2,0,11.5
post code kilmore,https://www.yourpropertyguide.com.au/suburbs/kilmore-vic-3764,0,9,0,8.2
post code lidcombe,https://www.yourpropertyguide.com.au/postcodes/2141,0,2,0,10.5
post code lightning ridge,https://www.yourpropertyguide.com.au/postcodes/2834,0,8,0,9.1
post code lilydale,https://www.yourpropertyguide.com.au/postcodes/3140,0,4,0,10.5
post code macquarie fields,https://www.yourpropertyguide.com.au/postcodes/2564,0,1,0,14
post code mandurah,https://www.yourpropertyguide.com.au/suburbs/mandurah-dc-wa-6210,0,5,0,9.2
post code margaret river,https://www.yourpropertyguide.com.au/postcodes/6285,0,1,0,12
post code mildura,https://www.yourpropertyguide.com.au/suburbs/mildura-east-vic-3500,0,1,0,5
post code morayfield,https://www.yourpropertyguide.com.au/suburbs/morayfield-qld-4506,0,20,0,7.3
post code mount pleasant,https://www.yourpropertyguide.com.au/suburbs/mount-pleasant-wa-6153,0,11,0,8.4
post code new farm,https://www.yourpropertyguide.com.au/postcodes/4005,0,7,0,11.1
post code pinjarra,https://www.yourpropertyguide.com.au/suburbs/pinjarra-wa-6208,0,8,0,7.9
post code rockhampton,https://www.yourpropertyguide.com.au/suburbs/north-rockhampton-qld-4701,0,2,0,1
post code rockhampton,https://www.yourpropertyguide.com.au/suburbs/rockhampton-north-qld-4701,0,1,0,3
post code rockingham,https://www.yourpropertyguide.com.au/suburbs/rockingham-dc-wa-6168,0,1,0,11
post code south morang,https://www.yourpropertyguide.com.au/postcodes/3752,0,3,0,10.3
post code springwood,https://www.yourpropertyguide.com.au/suburbs/springwood-nsw-2777,0,1,0,8
post code st lucia,https://www.yourpropertyguide.com.au/postcodes/4067,0,4,0,10.5
post code surfers,https://www.yourpropertyguide.com.au/suburbs/surfers-paradise-qld-4217,0,8,0,6.6
post code surfers paradise,https://www.yourpropertyguide.com.au/suburbs/surfers-paradise-qld-4217,0,61,0,6.7
post code toorak,https://www.yourpropertyguide.com.au/suburbs/toorak-vic-3142,0,7,0,8
post code unley,https://www.yourpropertyguide.com.au/postcodes/5061,0,2,0,13.5
post code upper mount gravatt,https://www.yourpropertyguide.com.au/suburbs/upper-mount-gravatt-bc-qld-4122,0,9,0,10.1
post code wangaratta,https://www.yourpropertyguide.com.au/suburbs/north-wangaratta-vic-3678,0,1,0,7
post code warwick,https://www.yourpropertyguide.com.au/suburbs/warwick-wa-6024,0,3,0,7.3
post code waterloo,https://www.yourpropertyguide.com.au/suburbs/waterloo-vic-3373,0,1,0,6
post code waurn ponds,https://www.yourpropertyguide.com.au/suburbs/waurn-ponds-vic-3216,0,1,0,9
post code west lakes,https://www.yourpropertyguide.com.au/postcodes/5020,0,2,0,11
post code woolloongabba,https://www.yourpropertyguide.com.au/suburbs/woolloongabba-qld-4102,0,11,0,10.5
post codes near me,https://www.yourpropertyguide.com.au/postcodes/3690,0,1,0,1
postal code 2170,https://www.yourpropertyguide.com.au/postcodes/2170,0,4,0,6.8
postal code 3310,https://www.yourpropertyguide.com.au/postcodes/3310,0,1,0,6
postal code 4005,https://www.yourpropertyguide.com.au/postcodes/4005,0,3,0,9.7
postal code 4118,https://www.yourpropertyguide.com.au/postcodes/4118,0,5,0,8.8
postal code 4217,https://www.yourpropertyguide.com.au/suburbs/surfers-paradise-qld-4217,0,4,0,10.5
postal code australia,https://www.yourpropertyguide.com.au/suburbs/surfers-paradise-qld-4217,0,1,0,3
postal code surfers paradise,https://www.yourpropertyguide.com.au/suburbs/surfers-paradise-qld-4217,0,19,0,6.9
postcode,https://www.yourpropertyguide.com.au/postcodes/7325,0,1,0,4
postcode 0812,https://www.yourpropertyguide.com.au/postcodes/0812,0,5,0,10.2
postcode 0872,https://www.yourpropertyguide.com.au/suburbs/atitjere-nt-0872,0,1,0,23
postcode 0872,https://www.yourpropertyguide.com.au/suburbs/barrow-creek-nt-0872,0,2,0,23.5
postcode 0872,https://www.yourpropertyguide.com.au/suburbs/kiwirrkurra-wa-0872,0,1,0,9
postcode 0880,https://www.yourpropertyguide.com.au/suburbs/gunyangara-nt-0880,0,1,0,1
postcode 2026,https://www.yourpropertyguide.com.au/suburbs/bondi-nsw-2026,0,4,0,9.5
postcode 2026 nsw,https://www.yourpropertyguide.com.au/suburbs/bondi-nsw-2026,0,6,0,9.5
postcode 2027,https://www.yourpropertyguide.com.au/suburbs/darling-point-nsw-2027,0,10,0,9.4
postcode 2038,https://www.yourpropertyguide.com.au/suburbs/annandale-nsw-2038,0,13,0,7.8
postcode 2043,https://www.yourpropertyguide.com.au/postcodes/2043,0,131,0,7.8
postcode 2043 nsw,https://www.yourpropertyguide.com.au/postcodes/2043,0,31,0,7.5
postcode 2055,https://www.yourpropertyguide.com.au/postcodes/2055,0,3,0,4
postcode 2066,https://www.yourpropertyguide.com.au/suburbs/riverview-nsw-2066,0,2,0,15.5
postcode 2087,https://www.yourpropertyguide.com.au/postcodes/2087,0,9,0,10.9
postcode 2094,https://www.yourpropertyguide.com.au/suburbs/fairlight-nsw-2094,0,17,0,9.4
postcode 2099,https://www.yourpropertyguide.com.au/suburbs/cromer-heights-nsw-2099,0,25,0,10.1
postcode 2113,https://www.yourpropertyguide.com.au/postcodes/2113,0,11,0,12.1
postcode 2114,https://www.yourpropertyguide.com.au/suburbs/denistone-west-nsw-2114,0,1,0,24
postcode 2127 suburb,https://www.yourpropertyguide.com.au/suburbs/homebush-bay-nsw-2127,0,1,0,11
postcode 2137,https://www.yourpropertyguide.com.au/suburbs/mortlake-nsw-2137,0,34,0,10.5
postcode 2137 suburb,https://www.yourpropertyguide.com.au/suburbs/mortlake-nsw-2137,0,5,0,10.4
postcode 2140,https://www.yourpropertyguide.com.au/postcodes/2140,0,37,0,9.5
postcode 2140,https://www.yourpropertyguide.com.au/suburbs/homebush-south-nsw-2140,0,4,0,16.8
postcode 2141,https://www.yourpropertyguide.com.au/postcodes/2141,0,65,0,8.7
postcode 2170,https://www.yourpropertyguide.com.au/postcodes/2170,0,66,0,10.2
postcode 2170 nsw,https://www.yourpropertyguide.com.au/postcodes/2170,0,15,0,9.5
postcode 2170 nsw,https://www.yourpropertyguide.com.au/suburbs/moorebank-nsw-2170,0,1,0,11
postcode 2176,https://www.yourpropertyguide.com.au/suburbs/greenfield-park-nsw-2176,0,1,0,22
postcode 2177,https://www.yourpropertyguide.com.au/suburbs/bonnyrigg-nsw-2177,0,3,0,10.3
postcode 2203,https://www.yourpropertyguide.com.au/postcodes/2203,0,21,0,9.4
postcode 2207,https://www.yourpropertyguide.com.au/suburbs/bardwell-park-nsw-2207,0,1,0,32
postcode 2216,https://www.yourpropertyguide.com.au/suburbs/banksia-nsw-2216,0,3,0,10.7
postcode 2217,https://www.yourpropertyguide.com.au/suburbs/monterey-nsw-2217,0,1,0,11
postcode 2222,https://www.yourpropertyguide.com.au/postcodes/2222,0,35,0,9.3
postcode 2232,https://www.yourpropertyguide.com.au/postcodes/2232,0,10,0,9.3
postcode 2232 suburb,https://www.yourpropertyguide.com.au/postcodes/2232,0,2,0,9
postcode 2250,https://www.yourpropertyguide.com.au/postcodes/2250,0,104,0,8.9
postcode 2250 nsw,https://www.yourpropertyguide.com.au/postcodes/2250,0,13,0,9
postcode 2250 suburb,https://www.yourpropertyguide.com.au/suburbs/kulnura-nsw-2250,0,2,0,9.5
postcode 2261,https://www.yourpropertyguide.com.au/postcodes/2261,0,4,0,7.5
postcode 2283,https://www.yourpropertyguide.com.au/suburbs/bolton-point-nsw-2283,0,37,0,10.7
postcode 2283 nsw,https://www.yourpropertyguide.com.au/suburbs/bolton-point-nsw-2283,0,10,0,10.9
postcode 2291,https://www.yourpropertyguide.com.au/suburbs/the-junction-nsw-2291,0,2,0,14.5
postcode 2295,https://www.yourpropertyguide.com.au/postcodes/2295,0,21,0,8.2
postcode 2300,https://www.yourpropertyguide.com.au/suburbs/newcastle-east-nsw-2300,0,15,0,12.2
postcode 2337,https://www.yourpropertyguide.com.au/suburbs/segenhoe-nsw-2337,0,3,0,11
postcode 2340,https://www.yourpropertyguide.com.au/suburbs/east-tamworth-nsw-2340,0,4,0,10.8
postcode 2370,https://www.yourpropertyguide.com.au/postcodes/2370,0,8,0,9.9
postcode 2423,https://www.yourpropertyguide.com.au/suburbs/mungo-brush-nsw-2423,0,2,0,10
postcode 2423,https://www.yourpropertyguide.com.au/suburbs/nerong-nsw-2423,0,2,0,11
postcode 2423,https://www.yourpropertyguide.com.au/suburbs/upper-myall-nsw-2423,0,1,0,9
postcode 2441,https://www.yourpropertyguide.com.au/suburbs/telegraph-point-nsw-2441,0,11,0,11.6
postcode 2447,https://www.yourpropertyguide.com.au/suburbs/newee-creek-nsw-2447,0,14,0,5.6
postcode 2454,https://www.yourpropertyguide.com.au/suburbs/fernmount-nsw-2454,0,3,0,11
postcode 2470,https://www.yourpropertyguide.com.au/suburbs/north-casino-nsw-2470,0,9,0,10.3
postcode 2484,https://www.yourpropertyguide.com.au/postcodes/2484,0,4,0,10.2
postcode 2487,https://www.yourpropertyguide.com.au/suburbs/casuarina-nsw-2487,0,27,0,10
postcode 2502,https://www.yourpropertyguide.com.au/postcodes/2502,0,4,0,10.2
postcode 2526,https://www.yourpropertyguide.com.au/suburbs/farmborough-heights-nsw-2526,0,1,0,40
postcode 2526,https://www.yourpropertyguide.com.au/suburbs/kembla-grange-nsw-2526,0,3,0,10.7
postcode 2526,https://www.yourpropertyguide.com.au/suburbs/unanderra-dc-nsw-2526,0,1,0,17
postcode 2527,https://www.yourpropertyguide.com.au/suburbs/tullimbar-nsw-2527,0,10,0,10.8
postcode 2527 nsw,https://www.yourpropertyguide.com.au/suburbs/tullimbar-nsw-2527,0,1,0,11
postcode 2539,https://www.yourpropertyguide.com.au/suburbs/conjola-nsw-2539,0,15,0,10.5
postcode 2540 nsw,https://www.yourpropertyguide.com.au/suburbs/badagarang-nsw-2540,0,7,0,8.4
postcode 2557,https://www.yourpropertyguide.com.au/postcodes/2557,0,29,0,10.1
postcode 2557 suburb,https://www.yourpropertyguide.com.au/postcodes/2557,0,6,0,6.8
postcode 2559,https://www.yourpropertyguide.com.au/suburbs/claymore-nsw-2559,0,10,0,8.7
postcode 2564,https://www.yourpropertyguide.com.au/postcodes/2564,0,21,0,9.0
postcode 2571,https://www.yourpropertyguide.com.au/suburbs/balmoral-village-nsw-2571,0,1,0,11
postcode 2571,https://www.yourpropertyguide.com.au/suburbs/maldon-nsw-2571,0,1,0,11
postcode 2580,https://www.yourpropertyguide.com.au/suburbs/taralga-nsw-2580,0,1,0,10
postcode 2611,https://www.yourpropertyguide.com.au/suburbs/holder-act-2611,0,5,0,9.2
postcode 2628,https://www.yourpropertyguide.com.au/postcodes/2628,0,6,0,9
postcode 2645,https://www.yourpropertyguide.com.au/suburbs/urana-nsw-2645,0,6,0,8
postcode 2652,https://www.yourpropertyguide.com.au/suburbs/gumly-gumly-nsw-2652,0,4,0,10.5
postcode 2652,https://www.yourpropertyguide.com.au/suburbs/humula-nsw-2652,0,1,0,11
postcode 2663,https://www.yourpropertyguide.com.au/suburbs/junee-nsw-2663,0,2,0,10.5
postcode 2717,https://www.yourpropertyguide.com.au/postcodes/2717,0,11,0,9.1
postcode 2722,https://www.yourpropertyguide.com.au/suburbs/gundagai-nsw-2722,0,4,0,9
postcode 2777,https://www.yourpropertyguide.com.au/suburbs/springwood-nsw-2777,0,3,0,20.3
postcode 2777 nsw,https://www.yourpropertyguide.com.au/suburbs/springwood-nsw-2777,0,1,0,20
postcode 2824,https://www.yourpropertyguide.com.au/suburbs/marthaguy-nsw-2824,0,1,0,7
postcode 2830,https://www.yourpropertyguide.com.au/suburbs/dubbo-nsw-2830,0,43,0,9.4
postcode 2830 nsw,https://www.yourpropertyguide.com.au/suburbs/dubbo-nsw-2830,0,13,0,9.6
postcode 2831,https://www.yourpropertyguide.com.au/suburbs/brenda-nsw-2831,0,1,0,11
postcode 2834,https://www.yourpropertyguide.com.au/postcodes/2834,0,4,0,8.8
postcode 3013,https://www.yourpropertyguide.com.au/postcodes/3013,0,1,0,10
postcode 3019,https://www.yourpropertyguide.com.au/suburbs/braybrook-north-vic-3019,0,2,0,16.5
postcode 3024,https://www.yourpropertyguide.com.au/postcodes/3024,0,78,0,9.0
postcode 3024 victoria,https://www.yourpropertyguide.com.au/postcodes/3024,0,2,0,10
postcode 3031,https://www.yourpropertyguide.com.au/suburbs/flemington-vic-3031,0,1,0,31
postcode 3066,https://www.yourpropertyguide.com.au/suburbs/collingwood-north-vic-3066,0,11,0,8.5
postcode 3066 victoria,https://www.yourpropertyguide.com.au/suburbs/collingwood-north-vic-3066,0,9,0,9
postcode 3072,https://www.yourpropertyguide.com.au/suburbs/preston-west-vic-3072,0,2,0,8.5
postcode 3072 victoria,https://www.yourpropertyguide.com.au/suburbs/preston-west-vic-3072,0,5,0,10
postcode 3073,https://www.yourpropertyguide.com.au/suburbs/reservoir-south-vic-3073,0,14,0,10.6
postcode 3073 victoria,https://www.yourpropertyguide.com.au/suburbs/reservoir-south-vic-3073,0,5,0,10.6
postcode 3078,https://www.yourpropertyguide.com.au/postcodes/3978,0,1,0,64
postcode 3081,https://www.yourpropertyguide.com.au/postcodes/3981,0,4,0,40.8
postcode 3091,https://www.yourpropertyguide.com.au/postcodes/3091,0,3,0,10.7
postcode 3099,https://www.yourpropertyguide.com.au/postcodes/3099,0,2,0,12
postcode 3103,https://www.yourpropertyguide.com.au/suburbs/deepdene-vic-3103,0,3,0,10.7
postcode 3105,https://www.yourpropertyguide.com.au/suburbs/bulleen-vic-3105,0,1,0,17
postcode 3114,https://www.yourpropertyguide.com.au/postcodes/3114,0,8,0,10.5
postcode 3123,https://www.yourpropertyguide.com.au/suburbs/hawthorn-east-vic-3123,0,46,0,8.9
postcode 3124,https://www.yourpropertyguide.com.au/suburbs/camberwell-north-vic-3124,0,28,0,10.0
postcode 3124 victoria,https://www.yourpropertyguide.com.au/suburbs/camberwell-north-vic-3124,0,4,0,9.2
postcode 3139,https://www.yourpropertyguide.com.au/postcodes/3139,0,22,0,10.1
postcode 3140,https://www.yourpropertyguide.com.au/postcodes/3140,0,16,0,10.1
postcode 3142,https://www.yourpropertyguide.com.au/suburbs/toorak-vic-3142,0,38,0,8.5
postcode 3146,https://www.yourpropertyguide.com.au/postcodes/3140,0,1,0,48
postcode 3156,https://www.yourpropertyguide.com.au/postcodes/3156,0,10,0,7.8
postcode 3156,https://www.yourpropertyguide.com.au/suburbs/lysterfield-south-vic-3156,0,1,0,36
postcode 3156 suburb,https://www.yourpropertyguide.com.au/postcodes/3156,0,4,0,8.5
postcode 3167,https://www.yourpropertyguide.com.au/postcodes/3167,0,4,0,9.2
postcode 3167,https://www.yourpropertyguide.com.au/suburbs/oakleigh-south-vic-3167,0,8,0,8.2
postcode 3202,https://www.yourpropertyguide.com.au/postcodes/3202,0,4,0,9.2
postcode 3218,https://www.yourpropertyguide.com.au/suburbs/murgheboluc-vic-3218,0,1,0,25
postcode 3260,https://www.yourpropertyguide.com.au/suburbs/chocolyn-vic-3260,0,18,0,10.7
postcode 3272,https://www.yourpropertyguide.com.au/postcodes/3272,0,7,0,9
postcode 3304,https://www.yourpropertyguide.com.au/suburbs/greenwald-vic-3304,0,1,0,11
postcode 3310,https://www.yourpropertyguide.com.au/postcodes/3310,0,2,0,7
postcode 3318,https://www.yourpropertyguide.com.au/suburbs/edenhope-vic-3318,0,9,0,9.4
postcode 3377,https://www.yourpropertyguide.com.au/suburbs/armstrong-vic-3377,0,11,0,9.5
postcode 3384,https://www.yourpropertyguide.com.au/suburbs/frenchmans-vic-3384,0,3,0,10.7
postcode 3419,https://www.yourpropertyguide.com.au/postcodes/3419,0,25,0,9.2
postcode 3434,https://www.yourpropertyguide.com.au/postcodes/3434,0,12,0,10.3
postcode 3453,https://www.yourpropertyguide.com.au/suburbs/ravenswood-vic-3453,0,2,0,11
postcode 3460,https://www.yourpropertyguide.com.au/postcodes/3460,0,3,0,7.3
postcode 3461,https://www.yourpropertyguide.com.au/suburbs/musk-vale-vic-3461,0,12,0,9.9
postcode 3472,https://www.yourpropertyguide.com.au/postcodes/3472,0,4,0,10.5
postcode 3500,https://www.yourpropertyguide.com.au/suburbs/mildura-east-vic-3500,0,10,0,14.9
postcode 3521,https://www.yourpropertyguide.com.au/suburbs/pyalong-vic-3521,0,1,0,8
postcode 3556,https://www.yourpropertyguide.com.au/postcodes/3556,0,21,0,6.2
postcode 3561,https://www.yourpropertyguide.com.au/postcodes/3561,0,8,0,8.2
postcode 3583,https://www.yourpropertyguide.com.au/postcodes/3583,0,1,0,8
postcode 3666,https://www.yourpropertyguide.com.au/postcodes/3666,0,9,0,5.8
postcode 3690,https://www.yourpropertyguide.com.au/postcodes/3690,0,15,0,10
postcode 3722,https://www.yourpropertyguide.com.au/postcodes/3722,0,4,0,9.8
postcode 3752,https://www.yourpropertyguide.com.au/postcodes/3752,0,5,0,11
postcode 3754,https://www.yourpropertyguide.com.au/postcodes/3754,0,1,0,15
postcode 3764,https://www.yourpropertyguide.com.au/postcodes/3764,0,1,0,9
postcode 3764,https://www.yourpropertyguide.com.au/suburbs/kilmore-vic-3764,0,24,0,8.9
postcode 3764,https://www.yourpropertyguide.com.au/suburbs/tantaraboo-vic-3764,0,1,0,11
postcode 3792,https://www.yourpropertyguide.com.au/suburbs/the-patch-vic-3792,0,2,0,10.5
postcode 3818,https://www.yourpropertyguide.com.au/suburbs/drouin-vic-3818,0,17,0,9.8
postcode 3900,https://www.yourpropertyguide.com.au/postcodes/3900,0,7,0,9.6
postcode 3978,https://www.yourpropertyguide.com.au/postcodes/3978,0,19,0,9.9
postcode 3981,https://www.yourpropertyguide.com.au/postcodes/3981,0,5,0,10.4
postcode 3990,https://www.yourpropertyguide.com.au/postcodes/3990,0,5,0,7.4
postcode 3999,https://www.yourpropertyguide.com.au/postcodes/3099,0,2,0,36
postcode 4005,https://www.yourpropertyguide.com.au/postcodes/4005,0,29,0,10
postcode 4005 queensland,https://www.yourpropertyguide.com.au/postcodes/4005,0,1,0,6
postcode 4013,https://www.yourpropertyguide.com.au/postcodes/4013,0,6,0,9
postcode 4018,https://www.yourpropertyguide.com.au/suburbs/taigum-qld-4018,0,31,0,9.7
postcode 4067,https://www.yourpropertyguide.com.au/postcodes/4067,0,9,0,9.2
postcode 4069,https://www.yourpropertyguide.com.au/suburbs/kenmore-east-qld-4069,0,2,0,10
postcode 4069 suburb,https://www.yourpropertyguide.com.au/suburbs/kenmore-east-qld-4069,0,10,0,11.2
postcode 4102,https://www.yourpropertyguide.com.au/postcodes/4102,0,4,0,10
postcode 4102,https://www.yourpropertyguide.com.au/suburbs/woolloongabba-qld-4102,0,10,0,11.3
postcode 4116,https://www.yourpropertyguide.com.au/postcodes/4116,0,23,0,10.8
postcode 4118,https://www.yourpropertyguide.com.au/postcodes/4118,0,28,0,10.2
postcode 4118,https://www.yourpropertyguide.com.au/suburbs/browns-plains-bc-qld-4118,0,20,0,7
postcode 4120,https://www.yourpropertyguide.com.au/postcodes/4120,0,7,0,14.1
postcode 4122 suburb,https://www.yourpropertyguide.com.au/suburbs/upper-mount-gravatt-bc-qld-4122,0,6,0,10.8
postcode 4129,https://www.yourpropertyguide.com.au/suburbs/loganholme-bc-qld-4129,0,21,0,10.0
postcode 4172,https://www.yourpropertyguide.com.au/suburbs/murarrie-qld-4172,0,1,0,41
postcode 4205,https://www.yourpropertyguide.com.au/postcodes/4205,0,2,0,10
postcode 4212,https://www.yourpropertyguide.com.au/postcodes/4212,0,1,0,1
postcode 4214,https://www.yourpropertyguide.com.au/suburbs/arundel-qld-4214,0,4,0,10.8
postcode 4217,https://www.yourpropertyguide.com.au/suburbs/surfers-paradise-qld-4217,0,115,0,9.8
postcode 4217 qld,https://www.yourpropertyguide.com.au/suburbs/surfers-paradise-qld-4217,0,13,0,9.8
postcode 4225,https://www.yourpropertyguide.com.au/postcodes/4225,0,2,0,11
postcode 4307,https://www.yourpropertyguide.com.au/suburbs/warrill-view-qld-4307,0,2,0,11
postcode 4314,https://www.yourpropertyguide.com.au/suburbs/blackbutt-north-qld-4314,0,17,0,10.5
postcode 4344,https://www.yourpropertyguide.com.au/suburbs/lockyer-qld-4344,0,6,0,9.7
postcode 4352,https://www.yourpropertyguide.com.au/suburbs/ravensbourne-qld-4352,0,13,0,7.8
postcode 4357,https://www.yourpropertyguide.com.au/suburbs/captains-mountain-qld-4357,0,1,0,11
postcode 4362,https://www.yourpropertyguide.com.au/postcodes/4362,0,9,0,9.3
postcode 4415,https://www.yourpropertyguide.com.au/postcodes/4415,0,2,0,10
postcode 4419,https://www.yourpropertyguide.com.au/suburbs/roche-creek-qld-4419,0,3,0,10.3
postcode 4502,https://www.yourpropertyguide.com.au/suburbs/frenchs-forest-qld-4502,0,1,0,11
postcode 4506,https://www.yourpropertyguide.com.au/suburbs/morayfield-qld-4506,0,39,0,9.1
postcode 4519,https://www.yourpropertyguide.com.au/postcodes/4519,0,5,0,5.8
postcode 4550,https://www.yourpropertyguide.com.au/postcodes/4550,0,18,0,9.9
postcode 4551 qld,https://www.yourpropertyguide.com.au/suburbs/little-mountain-qld-4551,0,5,0,10.6
postcode 4556,https://www.yourpropertyguide.com.au/suburbs/buderim-qld-4556,0,29,0,9.4
postcode 4564,https://www.yourpropertyguide.com.au/suburbs/pacific-paradise-qld-4564,0,43,0,9.7
postcode 4575,https://www.yourpropertyguide.com.au/suburbs/parrearra-qld-4575,0,112,0,9.8
postcode 4575 queensland,https://www.yourpropertyguide.com.au/suburbs/parrearra-qld-4575,0,6,0,10.2
postcode 4605,https://www.yourpropertyguide.com.au/postcodes/4605,0,10,0,9
postcode 4615,https://www.yourpropertyguide.com.au/suburbs/wattle-camp-qld-4615,0,1,0,6
postcode 4621,https://www.yourpropertyguide.com.au/suburbs/coalstoun-lakes-qld-4621,0,5,0,10.8
postcode 4701,https://www.yourpropertyguide.com.au/suburbs/north-rockhampton-qld-4701,0,12,0,3.2
postcode 4701 queensland,https://www.yourpropertyguide.com.au/suburbs/north-rockhampton-qld-4701,0,2,0,6
postcode 4718,https://www.yourpropertyguide.com.au/suburbs/mungabunda-qld-4718,0,8,0,9.8
postcode 4742,https://www.yourpropertyguide.com.au/suburbs/nebo-qld-4742,0,1,0,9
postcode 4820,https://www.yourpropertyguide.com.au/suburbs/charters-towers-qld-4820,0,1,0,13
postcode 4850,https://www.yourpropertyguide.com.au/suburbs/ingham-qld-4850,0,1,0,17
postcode 4852,https://www.yourpropertyguide.com.au/suburbs/carmoo-qld-4852,0,6,0,11
postcode 4868,https://www.yourpropertyguide.com.au/suburbs/mount-sheridan-qld-4868,0,1,0,15
postcode 4883,https://www.yourpropertyguide.com.au/postcodes/4883,0,9,0,10
postcode 5013,https://www.yourpropertyguide.com.au/suburbs/wingfield-sa-5013,0,31,0,9.7
postcode 5020,https://www.yourpropertyguide.com.au/postcodes/5020,0,1,0,9
postcode 5034,https://www.yourpropertyguide.com.au/suburbs/goodwood-sa-5034,0,7,0,9.1
postcode 5037,https://www.yourpropertyguide.com.au/postcodes/5037,0,6,0,9.5
postcode 5061,https://www.yourpropertyguide.com.au/postcodes/5061,0,7,0,9.3
postcode 5070,https://www.yourpropertyguide.com.au/suburbs/payneham-sa-5070,0,2,0,11.5
postcode 5075,https://www.yourpropertyguide.com.au/suburbs/paradise-sa-5075,0,1,0,8
postcode 5081,https://www.yourpropertyguide.com.au/suburbs/medindie-sa-5081,0,3,0,21
postcode 5094,https://www.yourpropertyguide.com.au/postcodes/5094,0,5,0,10.8
postcode 5095,https://www.yourpropertyguide.com.au/suburbs/pooraka-sa-5095,0,2,0,13
postcode 5109,https://www.yourpropertyguide.com.au/suburbs/salisbury-park-sa-5109,0,2,0,17.5
postcode 5111,https://www.yourpropertyguide.com.au/postcodes/5111,0,13,0,8.5
postcode 5113,https://www.yourpropertyguide.com.au/suburbs/davoren-park-south-sa-5113,0,5,0,11.6
postcode 5114,https://www.yourpropertyguide.com.au/suburbs/craigmore-sa-5114,0,17,0,12.4
postcode 5118,https://www.yourpropertyguide.com.au/suburbs/gawler-east-sa-5118,0,18,0,8.3
postcode 5169,https://www.yourpropertyguide.com.au/suburbs/seaford-heights-sa-5169,0,3,0,14
postcode 5333,https://www.yourpropertyguide.com.au/suburbs/loxton-north-sa-5333,0,4,0,10.2
postcode 5422,https://www.yourpropertyguide.com.au/suburbs/minvalara-sa-5422,0,2,0,10.5
postcode 6003,https://www.yourpropertyguide.com.au/suburbs/highgate-wa-6003,0,1,0,11
postcode 6015,https://www.yourpropertyguide.com.au/postcodes/6015,0,4,0,10
postcode 6018,https://www.yourpropertyguide.com.au/suburbs/karrinyup-wa-6018,0,3,0,14.3
postcode 6024,https://www.yourpropertyguide.com.au/suburbs/warwick-wa-6024,0,18,0,9.2
postcode 6041,https://www.yourpropertyguide.com.au/suburbs/caraban-wa-6041,0,2,0,8.5
postcode 6042,https://www.yourpropertyguide.com.au/postcodes/6042,0,2,0,7.5
postcode 6054,https://www.yourpropertyguide.com.au/suburbs/lockridge-wa-6054,0,1,0,34
postcode 6084,https://www.yourpropertyguide.com.au/postcodes/6084,0,4,0,11
postcode 6103,https://www.yourpropertyguide.com.au/postcodes/6103,0,9,0,8.6
postcode 6153,https://www.yourpropertyguide.com.au/suburbs/mount-pleasant-wa-6153,0,1,0,13
postcode 6154,https://www.yourpropertyguide.com.au/suburbs/booragoon-wa-6154,0,1,0,13
postcode 6156,https://www.yourpropertyguide.com.au/postcodes/6156,0,4,0,13.8
postcode 6166,https://www.yourpropertyguide.com.au/suburbs/henderson-wa-6166,0,1,0,18
postcode 6168,https://www.yourpropertyguide.com.au/suburbs/rockingham-dc-wa-6168,0,1,0,22
postcode 6208,https://www.yourpropertyguide.com.au/suburbs/pinjarra-wa-6208,0,6,0,8.5
postcode 6210,https://www.yourpropertyguide.com.au/suburbs/mandurah-dc-wa-6210,0,9,0,12.9
postcode 6210 western australia,https://www.yourpropertyguide.com.au/suburbs/mandurah-dc-wa-6210,0,6,0,10.7
postcode 6211,https://www.yourpropertyguide.com.au/postcodes/6211,0,9,0,10.4
postcode 6220,https://www.yourpropertyguide.com.au/suburbs/warawarrup-wa-6220,0,7,0,10.1
postcode 6285,https://www.yourpropertyguide.com.au/postcodes/6285,0,2,0,5.5
postcode 6302,https://www.yourpropertyguide.com.au/postcodes/6302,0,1,0,11
postcode 6432,https://www.yourpropertyguide.com.au/suburbs/victory-heights-wa-6432,0,12,0,10
postcode 6537,https://www.yourpropertyguide.com.au/postcodes/6537,0,2,0,8
postcode 6758,https://www.yourpropertyguide.com.au/postcodes/6758,0,1,0,10
postcode 7009,https://www.yourpropertyguide.com.au/suburbs/west-moonah-tas-7009,0,1,0,11
postcode 7253,https://www.yourpropertyguide.com.au/suburbs/george-town-sa-7253,0,2,0,9.5
postcode 7300,https://www.yourpropertyguide.com.au/postcodes/7300,0,2,0,9.5
postcode 7322,https://www.yourpropertyguide.com.au/suburbs/somerset-tas-7322,0,1,0,11
postcode 7325,https://www.yourpropertyguide.com.au/postcodes/7325,0,7,0,10.9
postcode allora qld,https://www.yourpropertyguide.com.au/postcodes/4362,0,3,0,11.3
postcode annandale,https://www.yourpropertyguide.com.au/suburbs/annandale-nsw-2038,0,6,0,10.3
postcode annandale nsw,https://www.yourpropertyguide.com.au/suburbs/annandale-nsw-2038,0,4,0,7.8
postcode armstrong creek,https://www.yourpropertyguide.com.au/suburbs/armstrong-vic-3377,0,1,0,38
postcode arundel,https://www.yourpropertyguide.com.au/suburbs/arundel-qld-4214,0,45,0,6.1
postcode arundel qld,https://www.yourpropertyguide.com.au/suburbs/arundel-qld-4214,0,6,0,7.8
postcode attadale,https://www.yourpropertyguide.com.au/postcodes/6156,0,3,0,10.7
postcode attadale wa,https://www.yourpropertyguide.com.au/postcodes/6156,0,3,0,16.3
postcode australia,https://www.yourpropertyguide.com.au/suburbs/surfers-paradise-qld-4217,0,1,0,3
postcode avondale,https://www.yourpropertyguide.com.au/suburbs/avondale-qld-4670,0,1,0,6
postcode balmoral,https://www.yourpropertyguide.com.au/suburbs/balmoral-village-nsw-2571,0,2,0,9.5
postcode banksia,https://www.yourpropertyguide.com.au/suburbs/banksia-nsw-2216,0,18,0,6.9
postcode barton,https://www.yourpropertyguide.com.au/suburbs/barton-act-2600,0,6,0,9.2
postcode barton act,https://www.yourpropertyguide.com.au/suburbs/barton-act-2600,0,21,0,9.7
postcode bass hill,https://www.yourpropertyguide.com.au/suburbs/bass-vic-3991,0,1,0,63
postcode beacon hill,https://www.yourpropertyguide.com.au/suburbs/beacon-hill-nsw-2100,0,2,0,11
postcode beacon hill nsw,https://www.yourpropertyguide.com.au/suburbs/beacon-hill-nsw-2100,0,1,0,11
postcode beaconsfield,https://www.yourpropertyguide.com.au/suburbs/beaconsfield-tas-7270,0,6,0,7.3
postcode beerwah,https://www.yourpropertyguide.com.au/postcodes/4519,0,1,0,13
postcode beerwah qld,https://www.yourpropertyguide.com.au/postcodes/4519,0,1,0,13
postcode berkeley vale nsw,https://www.yourpropertyguide.com.au/postcodes/2261,0,1,0,26
postcode bethania,https://www.yourpropertyguide.com.au/postcodes/4205,0,1,0,11
postcode bethania qld,https://www.yourpropertyguide.com.au/postcodes/4205,0,6,0,12.7
postcode bilgola plateau,https://www.yourpropertyguide.com.au/suburbs/bilgola-nsw-2107,0,14,0,10.8
postcode birkenhead,https://www.yourpropertyguide.com.au/suburbs/birkenhead-sa-5015,0,4,0,10
postcode bondi,https://www.yourpropertyguide.com.au/suburbs/bondi-nsw-2026,0,72,0,9.8
postcode bondi junction,https://www.yourpropertyguide.com.au/suburbs/bondi-nsw-2026,0,4,0,25.2
postcode bondi junction sydney,https://www.yourpropertyguide.com.au/suburbs/bondi-nsw-2026,0,1,0,26
postcode booragoon,https://www.yourpropertyguide.com.au/suburbs/booragoon-wa-6154,0,8,0,8
postcode booragoon wa,https://www.yourpropertyguide.com.au/postcodes/6954,0,2,0,9
postcode booragoon wa,https://www.yourpropertyguide.com.au/suburbs/booragoon-wa-6154,0,4,0,8.5
postcode browns plains,https://www.yourpropertyguide.com.au/postcodes/4118,0,4,0,20.2
postcode browns plains,https://www.yourpropertyguide.com.au/suburbs/browns-plains-bc-qld-4118,0,43,0,7.6
postcode browns plains bc qld,https://www.yourpropertyguide.com.au/postcodes/4118,0,1,0,39
postcode browns plains bc qld,https://www.yourpropertyguide.com.au/suburbs/browns-plains-bc-qld-4118,0,2,0,4
postcode browns plains qld,https://www.yourpropertyguide.com.au/postcodes/4118,0,1,0,31
postcode browns plains qld,https://www.yourpropertyguide.com.au/suburbs/browns-plains-bc-qld-4118,0,10,0,8.7
postcode buderim,https://www.yourpropertyguide.com.au/suburbs/buderim-qld-4556,0,47,0,8.4
postcode buderim 4556,https://www.yourpropertyguide.com.au/suburbs/buderim-qld-4556,0,12,0,11
postcode buderim qld,https://www.yourpropertyguide.com.au/suburbs/buderim-qld-4556,0,11,0,7.5
postcode bulleen,https://www.yourpropertyguide.com.au/suburbs/bulleen-vic-3105,0,4,0,18
postcode bulleen vic,https://www.yourpropertyguide.com.au/suburbs/bulleen-vic-3105,0,13,0,8.9
postcode bullsbrook wa,https://www.yourpropertyguide.com.au/postcodes/6084,0,1,0,10
postcode burnett heads,https://www.yourpropertyguide.com.au/suburbs/burnett-heads-qld-4670,0,8,0,10.1
postcode calamvale,https://www.yourpropertyguide.com.au/postcodes/4116,0,1,0,16
postcode calamvale qld,https://www.yourpropertyguide.com.au/postcodes/4116,0,1,0,11
postcode callala beach,https://www.yourpropertyguide.com.au/suburbs/callala-beach-nsw-2540,0,5,0,7
postcode camberwell,https://www.yourpropertyguide.com.au/suburbs/camberwell-north-vic-3124,0,7,0,10.7
postcode camberwell vic,https://www.yourpropertyguide.com.au/suburbs/camberwell-north-vic-3124,0,2,0,36
postcode carrington,https://www.yourpropertyguide.com.au/postcodes/4883,0,1,0,7
postcode casino,https://www.yourpropertyguide.com.au/suburbs/north-casino-nsw-2470,0,5,0,8.6
postcode casino nsw,https://www.yourpropertyguide.com.au/suburbs/north-casino-nsw-2470,0,5,0,10.8
postcode castlemaine,https://www.yourpropertyguide.com.au/suburbs/castlemaine-vic-3450,0,1,0,8
postcode castlemaine vic,https://www.yourpropertyguide.com.au/suburbs/castlemaine-vic-3450,0,2,0,10.5
postcode casuarina,https://www.yourpropertyguide.com.au/suburbs/casuarina-nsw-2487,0,8,0,7.8
postcode casuarina nsw,https://www.yourpropertyguide.com.au/suburbs/casuarina-nsw-2487,0,12,0,8
postcode casula,https://www.yourpropertyguide.com.au/postcodes/2170,0,9,0,10.8
postcode casula nsw,https://www.yourpropertyguide.com.au/postcodes/2170,0,3,0,9.7
postcode catherine field,https://www.yourpropertyguide.com.au/suburbs/catherine-field-nsw-2557,0,3,0,11.7
postcode cavan,https://www.yourpropertyguide.com.au/postcodes/5094,0,1,0,10
postcode charters towers,https://www.yourpropertyguide.com.au/suburbs/charters-towers-qld-4820,0,3,0,9
postcode chevron island,https://www.yourpropertyguide.com.au/suburbs/surfers-paradise-qld-4217,0,4,0,9.2
postcode chevron island qld,https://www.yourpropertyguide.com.au/suburbs/surfers-paradise-qld-4217,0,9,0,10.1
postcode chipping norton,https://www.yourpropertyguide.com.au/suburbs/chipping-norton-nsw-2170,0,28,0,7.4
postcode city beach,https://www.yourpropertyguide.com.au/postcodes/6015,0,1,0,10
postcode city beach wa,https://www.yourpropertyguide.com.au/postcodes/6015,0,1,0,12
postcode clyde,https://www.yourpropertyguide.com.au/postcodes/3978,0,5,0,11.2
postcode clyde north,https://www.yourpropertyguide.com.au/postcodes/3978,0,1,0,19
postcode clyde north vic,https://www.yourpropertyguide.com.au/postcodes/3978,0,1,0,11
postcode clyde north victoria,https://www.yourpropertyguide.com.au/postcodes/3978,0,1,0,41
postcode cobar,https://www.yourpropertyguide.com.au/suburbs/cobar-nsw-2835,0,9,0,9
postcode cobar nsw,https://www.yourpropertyguide.com.au/suburbs/cobar-nsw-2835,0,1,0,12
postcode collingwood,https://www.yourpropertyguide.com.au/suburbs/collingwood-north-vic-3066,0,22,0,8.9
postcode conder act,https://www.yourpropertyguide.com.au/suburbs/conder-act-2906,0,1,0,11
postcode coolangatta,https://www.yourpropertyguide.com.au/postcodes/4225,0,1,0,9
postcode coolangatta qld,https://www.yourpropertyguide.com.au/postcodes/4225,0,1,0,12
postcode coolum,https://www.yourpropertyguide.com.au/suburbs/coolum-beach-qld-4573,0,3,0,9.3
postcode coolum beach,https://www.yourpropertyguide.com.au/suburbs/coolum-beach-qld-4573,0,1,0,74
postcode craigmore,https://www.yourpropertyguide.com.au/suburbs/craigmore-sa-5114,0,8,0,8.2
postcode craigmore sa,https://www.yourpropertyguide.com.au/suburbs/craigmore-sa-5114,0,11,0,8
postcode cromer,https://www.yourpropertyguide.com.au/suburbs/cromer-heights-nsw-2099,0,10,0,8.4
postcode cromer nsw,https://www.yourpropertyguide.com.au/suburbs/cromer-heights-nsw-2099,0,6,0,9.3
postcode croydon hills,https://www.yourpropertyguide.com.au/suburbs/croydon-hills-vic-3136,0,1,0,9
postcode croydon vic,https://www.yourpropertyguide.com.au/suburbs/croydon-hills-vic-3136,0,2,0,12.5
postcode daisy hill,https://www.yourpropertyguide.com.au/suburbs/daisy-hill-vic-3465,0,1,0,5
postcode darling harbour,https://www.yourpropertyguide.com.au/suburbs/darling-point-nsw-2027,0,2,0,46.5
postcode darling point,https://www.yourpropertyguide.com.au/suburbs/darling-point-nsw-2027,0,15,0,10.9
postcode darlinghurst,https://www.yourpropertyguide.com.au/suburbs/darling-point-nsw-2027,0,3,0,41.7
postcode darlinghurst nsw,https://www.yourpropertyguide.com.au/suburbs/darling-point-nsw-2027,0,1,0,42
postcode darlinghurst sydney,https://www.yourpropertyguide.com.au/suburbs/darling-point-nsw-2027,0,1,0,49
postcode davoren park,https://www.yourpropertyguide.com.au/suburbs/davoren-park-south-sa-5113,0,8,0,10
postcode dawesville,https://www.yourpropertyguide.com.au/postcodes/6211,0,3,0,49.7
postcode dawesville wa,https://www.yourpropertyguide.com.au/postcodes/6211,0,1,0,57
postcode deepdene,https://www.yourpropertyguide.com.au/suburbs/deepdene-vic-3103,0,4,0,9.8
postcode denham,https://www.yourpropertyguide.com.au/postcodes/6537,0,4,0,7
postcode doreen vic,https://www.yourpropertyguide.com.au/postcodes/3754,0,1,0,64
postcode drouin,https://www.yourpropertyguide.com.au/suburbs/drouin-vic-3818,0,3,0,9.3
postcode drouin vic,https://www.yourpropertyguide.com.au/suburbs/drouin-vic-3818,0,14,0,10.8
postcode dry creek sa,https://www.yourpropertyguide.com.au/postcodes/5094,0,2,0,12
postcode dubbo,https://www.yourpropertyguide.com.au/suburbs/dubbo-nsw-2830,0,100,0,8.5
postcode dubbo nsw,https://www.yourpropertyguide.com.au/suburbs/dubbo-nsw-2830,0,44,0,8.7
postcode dubbo nsw australia,https://www.yourpropertyguide.com.au/suburbs/dubbo-nsw-2830,0,5,0,11.8
postcode dulwich hill,https://www.yourpropertyguide.com.au/postcodes/2203,0,2,0,17
postcode dulwich hill nsw,https://www.yourpropertyguide.com.au/postcodes/2203,0,5,0,9.8
postcode east hawthorn,https://www.yourpropertyguide.com.au/suburbs/hawthorn-east-vic-3123,0,1,0,10
postcode eaton wa,https://www.yourpropertyguide.com.au/postcodes/6232,0,1,0,17
postcode elderslie,https://www.yourpropertyguide.com.au/suburbs/elderslie-nsw-2570,0,5,0,7.4
postcode elderslie nsw,https://www.yourpropertyguide.com.au/suburbs/elderslie-nsw-2570,0,18,0,7.2
postcode erskineville,https://www.yourpropertyguide.com.au/postcodes/2043,0,15,0,8.8
postcode fairlight,https://www.yourpropertyguide.com.au/suburbs/fairlight-nsw-2094,0,5,0,8.4
postcode fairlight nsw,https://www.yourpropertyguide.com.au/suburbs/fairlight-nsw-2094,0,13,0,9.1
postcode fern bay nsw,https://www.yourpropertyguide.com.au/postcodes/2295,0,4,0,8.8
postcode ferntree gully,https://www.yourpropertyguide.com.au/postcodes/3156,0,4,0,12.8
postcode flemington vic,https://www.yourpropertyguide.com.au/suburbs/flemington-vic-3031,0,1,0,11
postcode flinders view,https://www.yourpropertyguide.com.au/suburbs/flinders-view-qld-4305,0,1,0,7
postcode flinders view qld,https://www.yourpropertyguide.com.au/suburbs/flinders-view-qld-4305,0,12,0,8
postcode for annandale,https://www.yourpropertyguide.com.au/suburbs/annandale-nsw-2038,0,7,0,8
postcode for arundel,https://www.yourpropertyguide.com.au/suburbs/arundel-qld-4214,0,20,0,8.6
postcode for arundel qld,https://www.yourpropertyguide.com.au/suburbs/arundel-qld-4214,0,12,0,6.6
postcode for atherton qld,https://www.yourpropertyguide.com.au/postcodes/4883,0,1,0,11
postcode for attadale,https://www.yourpropertyguide.com.au/postcodes/6156,0,1,0,9
postcode for avondale,https://www.yourpropertyguide.com.au/suburbs/avondale-qld-4670,0,1,0,13
postcode for balmoral,https://www.yourpropertyguide.com.au/suburbs/balmoral-village-nsw-2571,0,1,0,10
postcode for barton act,https://www.yourpropertyguide.com.au/suburbs/barton-act-2600,0,5,0,10.6
postcode for beaconsfield,https://www.yourpropertyguide.com.au/suburbs/beaconsfield-tas-7270,0,2,0,7.5
postcode for beerwah,https://www.yourpropertyguide.com.au/postcodes/4519,0,2,0,11.5
postcode for bethania,https://www.yourpropertyguide.com.au/postcodes/4205,0,1,0,9
postcode for bondi,https://www.yourpropertyguide.com.au/suburbs/bondi-nsw-2026,0,40,0,9.9
postcode for bondi beach,https://www.yourpropertyguide.com.au/suburbs/bondi-nsw-2026,0,3,0,36
postcode for bondi junction,https://www.yourpropertyguide.com.au/suburbs/bondi-nsw-2026,0,2,0,17.5
postcode for bonnyrigg,https://www.yourpropertyguide.com.au/suburbs/bonnyrigg-nsw-2177,0,3,0,8
postcode for booragoon,https://www.yourpropertyguide.com.au/postcodes/6954,0,3,0,12.3
postcode for booragoon,https://www.yourpropertyguide.com.au/suburbs/booragoon-wa-6154,0,3,0,10
postcode for browns plains,https://www.yourpropertyguide.com.au/postcodes/4118,0,1,0,6
postcode for browns plains,https://www.yourpropertyguide.com.au/suburbs/browns-plains-bc-qld-4118,0,12,0,8.5
postcode for browns plains qld,https://www.yourpropertyguide.com.au/postcodes/4118,0,1,0,10
postcode for browns plains qld,https://www.yourpropertyguide.com.au/suburbs/browns-plains-bc-qld-4118,0,2,0,10
postcode for bruce act,https://www.yourpropertyguide.com.au/postcodes/2617,0,1,0,12
postcode for buderim,https://www.yourpropertyguide.com.au/suburbs/buderim-qld-4556,0,33,0,7.7
postcode for buderim qld,https://www.yourpropertyguide.com.au/suburbs/buderim-qld-4556,0,31,0,7.4
postcode for bulleen,https://www.yourpropertyguide.com.au/suburbs/bulleen-vic-3105,0,6,0,9.7
postcode for calamvale,https://www.yourpropertyguide.com.au/postcodes/4116,0,5,0,10.4
postcode for camberwell,https://www.yourpropertyguide.com.au/suburbs/camberwell-north-vic-3124,0,1,0,13
postcode for casula,https://www.yourpropertyguide.com.au/postcodes/2170,0,8,0,10.6
postcode for chipping norton,https://www.yourpropertyguide.com.au/suburbs/chipping-norton-nsw-2170,0,7,0,7.9
postcode for clyde,https://www.yourpropertyguide.com.au/postcodes/3978,0,1,0,12
postcode for clyde north,https://www.yourpropertyguide.com.au/postcodes/3978,0,1,0,19
postcode for craigmore,https://www.yourpropertyguide.com.au/suburbs/craigmore-sa-5114,0,5,0,8.4
postcode for cromer,https://www.yourpropertyguide.com.au/suburbs/cromer-heights-nsw-2099,0,5,0,11.2
postcode for daisy hill,https://www.yourpropertyguide.com.au/suburbs/daisy-hill-vic-3465,0,1,0,23
postcode for darlinghurst,https://www.yourpropertyguide.com.au/suburbs/darling-point-nsw-2027,0,2,0,46
postcode for doreen,https://www.yourpropertyguide.com.au/postcodes/3754,0,5,0,11.4
postcode for doreen victoria australia,https://www.yourpropertyguide.com.au/postcodes/3754,0,4,0,10.8
postcode for dubbo,https://www.yourpropertyguide.com.au/suburbs/dubbo-nsw-2830,0,35,0,8.3
postcode for dubbo in nsw,https://www.yourpropertyguide.com.au/suburbs/dubbo-nsw-2830,0,2,0,8
postcode for dulwich hill,https://www.yourpropertyguide.com.au/postcodes/2203,0,1,0,10
postcode for dulwich hill nsw,https://www.yourpropertyguide.com.au/postcodes/2203,0,1,0,22
postcode for elderslie,https://www.yourpropertyguide.com.au/suburbs/elderslie-nsw-2570,0,7,0,8.1
postcode for erskineville,https://www.yourpropertyguide.com.au/postcodes/2043,0,9,0,9.1
postcode for fairlight,https://www.yourpropertyguide.com.au/suburbs/fairlight-nsw-2094,0,12,0,8.8
postcode for fairlight nsw,https://www.yourpropertyguide.com.au/suburbs/fairlight-nsw-2094,0,3,0,9.3
postcode for ferntree gully,https://www.yourpropertyguide.com.au/postcodes/3156,0,6,0,13.8
postcode for forestville,https://www.yourpropertyguide.com.au/postcodes/2087,0,2,0,10.5
postcode for gatton,https://www.yourpropertyguide.com.au/postcodes/4345,0,1,0,12
postcode for gawler,https://www.yourpropertyguide.com.au/suburbs/gawler-east-sa-5118,0,8,0,10.2
postcode for glenorchy,https://www.yourpropertyguide.com.au/suburbs/glenorchy-tas-7010,0,2,0,9
postcode for glenorchy tasmania,https://www.yourpropertyguide.com.au/suburbs/glenorchy-tas-7010,0,2,0,11
postcode for goodwood,https://www.yourpropertyguide.com.au/suburbs/goodwood-sa-5034,0,5,0,9.2
postcode for gregory hills,https://www.yourpropertyguide.com.au/postcodes/2557,0,5,0,11
postcode for hawthorn east,https://www.yourpropertyguide.com.au/suburbs/hawthorn-east-vic-3123,0,21,0,8.1
postcode for helensvale,https://www.yourpropertyguide.com.au/postcodes/4212,0,6,0,11.5
postcode for hendon,https://www.yourpropertyguide.com.au/postcodes/4362,0,1,0,11
postcode for highgate,https://www.yourpropertyguide.com.au/suburbs/highgate-wa-6003,0,3,0,6.7
postcode for homebush,https://www.yourpropertyguide.com.au/suburbs/homebush-bay-nsw-2127,0,1,0,13
postcode for homebush,https://www.yourpropertyguide.com.au/suburbs/homebush-south-nsw-2140,0,4,0,14
postcode for homebush nsw,https://www.yourpropertyguide.com.au/suburbs/homebush-south-nsw-2140,0,1,0,10
postcode for hope island,https://www.yourpropertyguide.com.au/postcodes/4212,0,1,0,28
postcode for hornsby,https://www.yourpropertyguide.com.au/suburbs/hornsby-heights-nsw-2077,0,1,0,11
postcode for ingham,https://www.yourpropertyguide.com.au/suburbs/ingham-qld-4850,0,3,0,10
postcode for inglewood,https://www.yourpropertyguide.com.au/suburbs/inglewood-qld-4387,0,2,0,11
postcode for karrinyup,https://www.yourpropertyguide.com.au/suburbs/karrinyup-wa-6018,0,7,0,8.3
postcode for karrinyup wa,https://www.yourpropertyguide.com.au/suburbs/karrinyup-wa-6018,0,1,0,11
postcode for kenmore,https://www.yourpropertyguide.com.au/suburbs/kenmore-east-qld-4069,0,2,0,9
postcode for kenmore qld,https://www.yourpropertyguide.com.au/suburbs/kenmore-east-qld-4069,0,6,0,9.3
postcode for kilmore,https://www.yourpropertyguide.com.au/suburbs/kilmore-vic-3764,0,18,0,9.2
postcode for landsborough,https://www.yourpropertyguide.com.au/postcodes/4550,0,4,0,10
postcode for leeming,https://www.yourpropertyguide.com.au/postcodes/6149,0,1,0,31
postcode for lidcombe,https://www.yourpropertyguide.com.au/postcodes/2141,0,2,0,11.5
postcode for lidcombe nsw,https://www.yourpropertyguide.com.au/postcodes/2141,0,1,0,11
postcode for lilydale,https://www.yourpropertyguide.com.au/postcodes/3140,0,4,0,12.8
postcode for lilydale vic,https://www.yourpropertyguide.com.au/postcodes/3140,0,1,0,18
postcode for lilydale victoria,https://www.yourpropertyguide.com.au/postcodes/3140,0,1,0,11
postcode for liverpool,https://www.yourpropertyguide.com.au/postcodes/2170,0,18,0,10.3
postcode for liverpool nsw,https://www.yourpropertyguide.com.au/postcodes/2170,0,1,0,12
postcode for loganholme,https://www.yourpropertyguide.com.au/suburbs/loganholme-bc-qld-4129,0,27,0,8.4
postcode for macquarie fields,https://www.yourpropertyguide.com.au/postcodes/2564,0,1,0,38
postcode for macquarie fields nsw,https://www.yourpropertyguide.com.au/postcodes/2564,0,1,0,10
postcode for maldon,https://www.yourpropertyguide.com.au/suburbs/maldon-nsw-2571,0,2,0,9.5
postcode for mandurah,https://www.yourpropertyguide.com.au/suburbs/mandurah-dc-wa-6210,0,21,0,9.8
postcode for mandurah wa,https://www.yourpropertyguide.com.au/suburbs/mandurah-dc-wa-6210,0,6,0,9.7
postcode for mernda victoria,https://www.yourpropertyguide.com.au/postcodes/3754,0,2,0,13
postcode for moorebank,https://www.yourpropertyguide.com.au/postcodes/2170,0,1,0,34
postcode for moorebank,https://www.yourpropertyguide.com.au/suburbs/moorebank-nsw-2170,0,24,0,7.9
postcode for moorebank nsw,https://www.yourpropertyguide.com.au/suburbs/moorebank-nsw-2170,0,9,0,7.1
postcode for morayfield,https://www.yourpropertyguide.com.au/suburbs/morayfield-qld-4506,0,90,0,8.0
postcode for morayfield qld,https://www.yourpropertyguide.com.au/suburbs/morayfield-qld-4506,0,26,0,7.7
postcode for mortlake,https://www.yourpropertyguide.com.au/postcodes/3272,0,1,0,11
postcode for mount pleasant,https://www.yourpropertyguide.com.au/suburbs/mount-pleasant-wa-6153,0,7,0,10.6
postcode for mt gravatt,https://www.yourpropertyguide.com.au/suburbs/upper-mount-gravatt-bc-qld-4122,0,2,0,17
postcode for murarrie,https://www.yourpropertyguide.com.au/suburbs/murarrie-qld-4172,0,1,0,10
postcode for murwillumbah,https://www.yourpropertyguide.com.au/postcodes/2484,0,4,0,10.8
postcode for narre warren,https://www.yourpropertyguide.com.au/suburbs/narre-warren-north-vic-3804,0,1,0,13
postcode for new farm qld,https://www.yourpropertyguide.com.au/postcodes/4005,0,1,0,12
postcode for north sydney,https://www.yourpropertyguide.com.au/postcodes/2055,0,1,0,10
postcode for northbridge,https://www.yourpropertyguide.com.au/postcodes/6865,0,1,0,9
postcode for northbridge wa,https://www.yourpropertyguide.com.au/suburbs/northbridge-wa-6803,0,2,0,7
postcode for northgate,https://www.yourpropertyguide.com.au/postcodes/4013,0,5,0,11.8
postcode for oakleigh,https://www.yourpropertyguide.com.au/suburbs/oakleigh-south-vic-3167,0,3,0,10
postcode for oakleigh south,https://www.yourpropertyguide.com.au/postcodes/3167,0,2,0,11
postcode for oakleigh south,https://www.yourpropertyguide.com.au/suburbs/oakleigh-south-vic-3167,0,6,0,11.7
postcode for paradise sa,https://www.yourpropertyguide.com.au/suburbs/paradise-sa-5075,0,2,0,9.5
postcode for penshurst,https://www.yourpropertyguide.com.au/postcodes/2222,0,5,0,12.8
postcode for pinjarra,https://www.yourpropertyguide.com.au/suburbs/pinjarra-wa-6208,0,2,0,9
postcode for pinjarra wa,https://www.yourpropertyguide.com.au/suburbs/pinjarra-wa-6208,0,1,0,6
postcode for pooraka,https://www.yourpropertyguide.com.au/suburbs/pooraka-sa-5095,0,5,0,12
postcode for preston vic,https://www.yourpropertyguide.com.au/suburbs/preston-west-vic-3072,0,1,0,12
postcode for prestons nsw,https://www.yourpropertyguide.com.au/postcodes/2170,0,1,0,12
postcode for reservoir victoria,https://www.yourpropertyguide.com.au/suburbs/reservoir-south-vic-3073,0,2,0,13.5
postcode for rivervale,https://www.yourpropertyguide.com.au/postcodes/6103,0,4,0,9.5
postcode for rivervale wa,https://www.yourpropertyguide.com.au/postcodes/6103,0,2,0,8
postcode for riverview,https://www.yourpropertyguide.com.au/suburbs/riverview-nsw-2066,0,4,0,7.8
postcode for rockhampton,https://www.yourpropertyguide.com.au/suburbs/north-rockhampton-qld-4701,0,5,0,1.4
postcode for roseville,https://www.yourpropertyguide.com.au/suburbs/roseville-chase-nsw-2069,0,3,0,11.7
postcode for rouse hill,https://www.yourpropertyguide.com.au/suburbs/rouse-hill-nsw-2155,0,2,0,7
postcode for seaford,https://www.yourpropertyguide.com.au/suburbs/seaford-heights-sa-5169,0,2,0,10.5
postcode for south morang,https://www.yourpropertyguide.com.au/postcodes/3752,0,1,0,10
postcode for springwood,https://www.yourpropertyguide.com.au/suburbs/springwood-nsw-2777,0,4,0,13.5
postcode for springwood nsw,https://www.yourpropertyguide.com.au/suburbs/springwood-nsw-2777,0,6,0,12.7
postcode for st lucia,https://www.yourpropertyguide.com.au/postcodes/4067,0,3,0,9
postcode for strathalbyn,https://www.yourpropertyguide.com.au/suburbs/strathalbyn-wa-6530,0,3,0,9
postcode for surfers paradise,https://www.yourpropertyguide.com.au/suburbs/surfers-paradise-qld-4217,0,74,0,7.6
postcode for sutherland,https://www.yourpropertyguide.com.au/postcodes/2232,0,1,0,11
postcode for sydney address in fairlight nsw,https://www.yourpropertyguide.com.au/suburbs/fairlight-nsw-2094,0,34,0,8.2
postcode for taigum,https://www.yourpropertyguide.com.au/suburbs/taigum-qld-4018,0,10,0,7.5
postcode for taren point,https://www.yourpropertyguide.com.au/suburbs/taren-point-nsw-2229,0,1,0,9
postcode for toorak,https://www.yourpropertyguide.com.au/suburbs/toorak-vic-3142,0,24,0,8.2
postcode for toorak victoria,https://www.yourpropertyguide.com.au/suburbs/toorak-vic-3142,0,16,0,9.2
postcode for unley,https://www.yourpropertyguide.com.au/postcodes/5061,0,2,0,15
postcode for unley sa,https://www.yourpropertyguide.com.au/postcodes/5061,0,1,0,11
postcode for upper mount gravatt,https://www.yourpropertyguide.com.au/suburbs/upper-mount-gravatt-bc-qld-4122,0,5,0,10.4
postcode for warrawong,https://www.yourpropertyguide.com.au/postcodes/2502,0,5,0,12.4
postcode for warwick,https://www.yourpropertyguide.com.au/suburbs/warwick-wa-6024,0,6,0,6.2
postcode for waterloo,https://www.yourpropertyguide.com.au/suburbs/waterloo-wa-6228,0,2,0,7
postcode for wingfield sa,https://www.yourpropertyguide.com.au/suburbs/wingfield-sa-5013,0,8,0,7.6
postcode for winnellie nt,https://www.yourpropertyguide.com.au/suburbs/winnellie-nt-0822,0,2,0,11
postcode for woolloongabba,https://www.yourpropertyguide.com.au/suburbs/woolloongabba-qld-4102,0,17,0,9.1
postcode for wyoming nsw,https://www.yourpropertyguide.com.au/postcodes/2250,0,2,0,11.5
postcode forestville,https://www.yourpropertyguide.com.au/postcodes/2087,0,2,0,15
postcode forestville nsw,https://www.yourpropertyguide.com.au/postcodes/2087,0,2,0,11.5
postcode frankston,https://www.yourpropertyguide.com.au/suburbs/frankston-vic-3199,0,3,0,9.7
postcode garran,https://www.yourpropertyguide.com.au/suburbs/garran-act-2605,0,10,0,12
postcode garran act,https://www.yourpropertyguide.com.au/suburbs/garran-act-2605,0,14,0,9.8
postcode gatton,https://www.yourpropertyguide.com.au/postcodes/4345,0,1,0,26
postcode gatton qld,https://www.yourpropertyguide.com.au/postcodes/4345,0,3,0,11.3
postcode gawler east,https://www.yourpropertyguide.com.au/suburbs/gawler-east-sa-5118,0,10,0,7.9
postcode gawler sa,https://www.yourpropertyguide.com.au/suburbs/gawler-east-sa-5118,0,8,0,10.2
postcode gawler south,https://www.yourpropertyguide.com.au/suburbs/gawler-east-sa-5118,0,1,0,10
postcode georgetown,https://www.yourpropertyguide.com.au/suburbs/george-town-sa-7253,0,1,0,7
postcode gilgandra nsw,https://www.yourpropertyguide.com.au/suburbs/gilgandra-nsw-2827,0,1,0,10
postcode glenorchy,https://www.yourpropertyguide.com.au/suburbs/glenorchy-tas-7010,0,5,0,10
postcode glenorchy hobart tas,https://www.yourpropertyguide.com.au/suburbs/glenorchy-tas-7010,0,3,0,10.7
postcode golden bay,https://www.yourpropertyguide.com.au/suburbs/golden-bay-wa-6174,0,2,0,11.5
postcode goodwood,https://www.yourpropertyguide.com.au/suburbs/goodwood-sa-5034,0,3,0,10.3
postcode gregory hills,https://www.yourpropertyguide.com.au/postcodes/2557,0,16,0,10.6
postcode gulgong,https://www.yourpropertyguide.com.au/suburbs/gulgong-nsw-2852,0,8,0,11.2
postcode hawthorn,https://www.yourpropertyguide.com.au/suburbs/hawthorn-east-vic-3123,0,23,0,10.4
postcode hawthorn east,https://www.yourpropertyguide.com.au/suburbs/hawthorn-east-vic-3123,0,50,0,9.0
postcode hawthorn east vic,https://www.yourpropertyguide.com.au/suburbs/hawthorn-east-vic-3123,0,3,0,9.3
postcode hawthorn east victoria,https://www.yourpropertyguide.com.au/suburbs/hawthorn-east-vic-3123,0,5,0,8.2
postcode heatherton,https://www.yourpropertyguide.com.au/postcodes/3202,0,8,0,10.5
postcode heatherton vic,https://www.yourpropertyguide.com.au/postcodes/3202,0,5,0,9.4
postcode helensvale qld,https://www.yourpropertyguide.com.au/postcodes/4212,0,2,0,11
postcode henderson,https://www.yourpropertyguide.com.au/suburbs/henderson-wa-6166,0,1,0,10
postcode highgate,https://www.yourpropertyguide.com.au/suburbs/highgate-wa-6003,0,13,0,7.3
postcode highgate wa,https://www.yourpropertyguide.com.au/suburbs/highgate-wa-6003,0,2,0,8
postcode homebush,https://www.yourpropertyguide.com.au/postcodes/2140,0,1,0,10
postcode homebush,https://www.yourpropertyguide.com.au/suburbs/homebush-bay-nsw-2127,0,6,0,10.7
postcode homebush,https://www.yourpropertyguide.com.au/suburbs/homebush-south-nsw-2140,0,7,0,10.7
postcode hornsby heights,https://www.yourpropertyguide.com.au/suburbs/hornsby-heights-nsw-2077,0,1,0,11
postcode hornsby heights nsw,https://www.yourpropertyguide.com.au/suburbs/hornsby-heights-nsw-2077,0,1,0,12
postcode hurstbridge,https://www.yourpropertyguide.com.au/postcodes/3099,0,4,0,10.5
postcode in liverpool,https://www.yourpropertyguide.com.au/postcodes/2170,0,1,0,11
postcode ingham,https://www.yourpropertyguide.com.au/suburbs/ingham-qld-4850,0,3,0,7.7
postcode ingham qld,https://www.yourpropertyguide.com.au/suburbs/ingham-qld-4850,0,3,0,10
postcode inglewood,https://www.yourpropertyguide.com.au/suburbs/inglewood-qld-4387,0,9,0,9.7
postcode junee,https://www.yourpropertyguide.com.au/suburbs/junee-nsw-2663,0,6,0,7.8
postcode junee nsw,https://www.yourpropertyguide.com.au/suburbs/junee-nsw-2663,0,1,0,10
postcode kariong,https://www.yourpropertyguide.com.au/postcodes/2250,0,1,0,11
postcode karrinyup,https://www.yourpropertyguide.com.au/suburbs/karrinyup-wa-6018,0,11,0,9.2
postcode karrinyup wa,https://www.yourpropertyguide.com.au/suburbs/karrinyup-wa-6018,0,15,0,9.3
postcode kenmore,https://www.yourpropertyguide.com.au/suburbs/kenmore-east-qld-4069,0,8,0,21.1
postcode kenmore qld,https://www.yourpropertyguide.com.au/suburbs/kenmore-east-qld-4069,0,9,0,9.8
postcode kilmore,https://www.yourpropertyguide.com.au/suburbs/kilmore-vic-3764,0,35,0,8.6
postcode kilmore vic,https://www.yourpropertyguide.com.au/suburbs/kilmore-vic-3764,0,13,0,8.9
postcode kingsbury,https://www.yourpropertyguide.com.au/suburbs/kingsbury-vic-3083,0,2,0,7.5
postcode landsborough,https://www.yourpropertyguide.com.au/postcodes/4550,0,2,0,10
postcode landsborough qld,https://www.yourpropertyguide.com.au/postcodes/4550,0,2,0,21.5
postcode laverton,https://www.yourpropertyguide.com.au/suburbs/laverton-vic-3028,0,10,0,10.9
postcode laverton north,https://www.yourpropertyguide.com.au/suburbs/laverton-vic-3028,0,1,0,8
postcode lidcombe,https://www.yourpropertyguide.com.au/postcodes/2141,0,3,0,13.7
postcode lidcombe nsw,https://www.yourpropertyguide.com.au/postcodes/2141,0,2,0,15.5
postcode lightning ridge,https://www.yourpropertyguide.com.au/postcodes/2834,0,8,0,10.2
postcode lilydale,https://www.yourpropertyguide.com.au/postcodes/3140,0,7,0,10.6
postcode lilydale,https://www.yourpropertyguide.com.au/suburbs/lilydale-tas-7268,0,1,0,8
postcode lilydale vic,https://www.yourpropertyguide.com.au/postcodes/3140,0,8,0,9.9
postcode little mountain,https://www.yourpropertyguide.com.au/suburbs/little-mountain-qld-4551,0,27,0,8
postcode little mountain caloundra,https://www.yourpropertyguide.com.au/suburbs/little-mountain-qld-4551,0,12,0,8.8
postcode liverpool,https://www.yourpropertyguide.com.au/postcodes/2170,0,41,0,10.9
postcode loganholme,https://www.yourpropertyguide.com.au/suburbs/loganholme-bc-qld-4129,0,62,0,8.8
postcode loganholme qld,https://www.yourpropertyguide.com.au/suburbs/loganholme-bc-qld-4129,0,14,0,8.8
postcode lysterfield,https://www.yourpropertyguide.com.au/postcodes/3156,0,1,0,28
postcode lysterfield,https://www.yourpropertyguide.com.au/suburbs/lysterfield-south-vic-3156,0,2,0,15
postcode macquarie fields,https://www.yourpropertyguide.com.au/postcodes/2564,0,1,0,34
postcode malanda,https://www.yourpropertyguide.com.au/suburbs/malanda-qld-4885,0,2,0,9.5
postcode mandurah,https://www.yourpropertyguide.com.au/suburbs/mandurah-dc-wa-6210,0,84,0,9.8
postcode mandurah wa,https://www.yourpropertyguide.com.au/suburbs/mandurah-dc-wa-6210,0,12,0,10.1
postcode mandurah western australia,https://www.yourpropertyguide.com.au/suburbs/mandurah-dc-wa-6210,0,2,0,11.5
postcode margaret river,https://www.yourpropertyguide.com.au/postcodes/6285,0,3,0,40.7
postcode medindie,https://www.yourpropertyguide.com.au/suburbs/medindie-sa-5081,0,6,0,8.5
postcode melville,https://www.yourpropertyguide.com.au/postcodes/6156,0,1,0,9
postcode mernda,https://www.yourpropertyguide.com.au/postcodes/3754,0,1,0,23
postcode mission beach,https://www.yourpropertyguide.com.au/suburbs/mission-beach-qld-4852,0,1,0,9
postcode monterey nsw,https://www.yourpropertyguide.com.au/suburbs/monterey-nsw-2217,0,8,0,8.2
postcode moorebank,https://www.yourpropertyguide.com.au/suburbs/moorebank-nsw-2170,0,34,0,7.7
postcode moorebank nsw,https://www.yourpropertyguide.com.au/suburbs/moorebank-nsw-2170,0,18,0,8.9
postcode morayfield,https://www.yourpropertyguide.com.au/suburbs/morayfield-qld-4506,0,179,0,9.2
postcode morayfield qld,https://www.yourpropertyguide.com.au/suburbs/morayfield-qld-4506,0,65,0,8.9
postcode mortlake,https://www.yourpropertyguide.com.au/postcodes/3272,0,2,0,10.5
postcode mortlake,https://www.yourpropertyguide.com.au/suburbs/mortlake-nsw-2137,0,6,0,6.8
postcode mount pleasant,https://www.yourpropertyguide.com.au/suburbs/mount-pleasant-wa-6153,0,4,0,11.2
postcode mount sheridan qld,https://www.yourpropertyguide.com.au/suburbs/mount-sheridan-qld-4868,0,1,0,9
postcode mt pleasant,https://www.yourpropertyguide.com.au/suburbs/mount-pleasant-wa-6153,0,1,0,11
postcode narre warren north,https://www.yourpropertyguide.com.au/suburbs/narre-warren-north-vic-3804,0,1,0,33
postcode new farm,https://www.yourpropertyguide.com.au/postcodes/4005,0,2,0,18.5
postcode new farm qld,https://www.yourpropertyguide.com.au/postcodes/4005,0,2,0,18.5
postcode north bondi nsw,https://www.yourpropertyguide.com.au/suburbs/bondi-nsw-2026,0,1,0,23
postcode north plympton sa,https://www.yourpropertyguide.com.au/postcodes/5037,0,4,0,10.8
postcode north rockhampton,https://www.yourpropertyguide.com.au/suburbs/north-rockhampton-qld-4701,0,7,0,4
postcode north sydney nsw,https://www.yourpropertyguide.com.au/postcodes/2055,0,2,0,10
postcode northbridge,https://www.yourpropertyguide.com.au/suburbs/northbridge-wa-6803,0,10,0,7.7
postcode northbridge perth,https://www.yourpropertyguide.com.au/suburbs/northbridge-wa-6803,0,2,0,11
postcode northbridge wa,https://www.yourpropertyguide.com.au/suburbs/northbridge-wa-6803,0,1,0,11
postcode northgate qld,https://www.yourpropertyguide.com.au/postcodes/4013,0,8,0,11.8
postcode oakleigh,https://www.yourpropertyguide.com.au/suburbs/oakleigh-south-vic-3167,0,7,0,8.6
postcode oakleigh south,https://www.yourpropertyguide.com.au/postcodes/3167,0,1,0,14
postcode oakleigh south,https://www.yourpropertyguide.com.au/suburbs/oakleigh-south-vic-3167,0,17,0,7.5
postcode of bennett heads qld,https://www.yourpropertyguide.com.au/suburbs/burnett-heads-qld-4670,0,22,0,8.4
postcode of bondi junction,https://www.yourpropertyguide.com.au/suburbs/bondi-nsw-2026,0,1,0,20
postcode of calamvale,https://www.yourpropertyguide.com.au/postcodes/4116,0,2,0,10.5
postcode of clyde,https://www.yourpropertyguide.com.au/postcodes/3978,0,4,0,10.8
postcode of dubbo,https://www.yourpropertyguide.com.au/suburbs/dubbo-nsw-2830,0,10,0,8.8
postcode of frankston,https://www.yourpropertyguide.com.au/suburbs/frankston-vic-3199,0,1,0,24
postcode of homebush,https://www.yourpropertyguide.com.au/postcodes/2140,0,2,0,12
postcode of homebush,https://www.yourpropertyguide.com.au/suburbs/homebush-south-nsw-2140,0,6,0,11.3
postcode of lidcombe,https://www.yourpropertyguide.com.au/postcodes/2141,0,3,0,12.7
postcode of liverpool,https://www.yourpropertyguide.com.au/postcodes/2170,0,8,0,11.1
postcode of liverpool nsw,https://www.yourpropertyguide.com.au/postcodes/2170,0,3,0,11.3
postcode of morayfield,https://www.yourpropertyguide.com.au/suburbs/morayfield-qld-4506,0,15,0,7.5
postcode of narre warren,https://www.yourpropertyguide.com.au/suburbs/narre-warren-north-vic-3804,0,1,0,27
postcode of oakleigh,https://www.yourpropertyguide.com.au/suburbs/oakleigh-south-vic-3167,0,4,0,8.8
postcode of queanbeyan,https://www.yourpropertyguide.com.au/suburbs/queanbeyan-west-nsw-2620,0,1,0,12
postcode of reservoir,https://www.yourpropertyguide.com.au/suburbs/reservoir-south-vic-3073,0,1,0,11
postcode of rouse hill,https://www.yourpropertyguide.com.au/suburbs/rouse-hill-nsw-2155,0,2,0,8.5
postcode of surfers paradise,https://www.yourpropertyguide.com.au/suburbs/surfers-paradise-qld-4217,0,19,0,8.2
postcode of toorak,https://www.yourpropertyguide.com.au/suburbs/toorak-vic-3142,0,5,0,8.8
postcode pacific paradise qld,https://www.yourpropertyguide.com.au/suburbs/pacific-paradise-qld-4564,0,29,0,8.7
postcode paradise sa,https://www.yourpropertyguide.com.au/suburbs/paradise-sa-5075,0,4,0,8.2
postcode parramatta,https://www.yourpropertyguide.com.au/suburbs/denistone-west-nsw-2114,0,1,0,8
postcode parramatta,https://www.yourpropertyguide.com.au/suburbs/oatlands-nsw-2117,0,1,0,4
postcode parrearra qld,https://www.yourpropertyguide.com.au/suburbs/parrearra-qld-4575,0,10,0,6.9
postcode penshurst,https://www.yourpropertyguide.com.au/postcodes/2222,0,4,0,16
postcode pinjarra,https://www.yourpropertyguide.com.au/suburbs/pinjarra-wa-6208,0,20,0,6.2
postcode pinjarra wa,https://www.yourpropertyguide.com.au/suburbs/pinjarra-wa-6208,0,20,0,8.1
postcode pooraka,https://www.yourpropertyguide.com.au/suburbs/pooraka-sa-5095,0,10,0,8.7
postcode pooraka sa,https://www.yourpropertyguide.com.au/suburbs/pooraka-sa-5095,0,3,0,9.3
postcode prestons,https://www.yourpropertyguide.com.au/postcodes/2170,0,4,0,10.5
postcode prestons nsw,https://www.yourpropertyguide.com.au/postcodes/2170,0,3,0,11
postcode queanbeyan,https://www.yourpropertyguide.com.au/suburbs/queanbeyan-west-nsw-2620,0,5,0,17.4
postcode queanbeyan nsw,https://www.yourpropertyguide.com.au/suburbs/queanbeyan-west-nsw-2620,0,4,0,18
postcode ravenswood,https://www.yourpropertyguide.com.au/suburbs/ravenswood-vic-3453,0,4,0,7.2
postcode ravenswood,https://www.yourpropertyguide.com.au/suburbs/ravenswood-wa-6208,0,13,0,8.5
postcode red hill,https://www.yourpropertyguide.com.au/suburbs/red-hill-act-2603,0,1,0,9
postcode red hill act,https://www.yourpropertyguide.com.au/suburbs/red-hill-act-2603,0,3,0,15.3
postcode redbank,https://www.yourpropertyguide.com.au/suburbs/redbank-wa-6721,0,3,0,12.7
postcode regents park qld,https://www.yourpropertyguide.com.au/postcodes/4118,0,1,0,23
postcode reservoir,https://www.yourpropertyguide.com.au/suburbs/reservoir-south-vic-3073,0,39,0,9.9
postcode reservoir victoria,https://www.yourpropertyguide.com.au/suburbs/reservoir-south-vic-3073,0,1,0,19
postcode reservoir victoria,https://www.yourpropertyguide.com.au/suburbs/surfers-paradise-qld-4217,0,1,0,3
postcode rivervale,https://www.yourpropertyguide.com.au/postcodes/6103,0,1,0,6
postcode rivervale wa,https://www.yourpropertyguide.com.au/postcodes/6103,0,4,0,8.8
postcode riverview,https://www.yourpropertyguide.com.au/suburbs/riverview-nsw-2066,0,7,0,9.4
postcode rockhampton,https://www.yourpropertyguide.com.au/suburbs/north-rockhampton-qld-4701,0,3,0,1
postcode rockingham,https://www.yourpropertyguide.com.au/suburbs/rockingham-dc-wa-6168,0,1,0,23
postcode rockingham wa,https://www.yourpropertyguide.com.au/suburbs/rockingham-dc-wa-6168,0,3,0,22.3
postcode romsey vic,https://www.yourpropertyguide.com.au/postcodes/3434,0,1,0,23
postcode roseville,https://www.yourpropertyguide.com.au/suburbs/roseville-chase-nsw-2069,0,1,0,17
postcode roseville nsw,https://www.yourpropertyguide.com.au/suburbs/roseville-chase-nsw-2069,0,1,0,12
postcode rouse hill,https://www.yourpropertyguide.com.au/suburbs/rouse-hill-nsw-2155,0,4,0,7.5
postcode seaford,https://www.yourpropertyguide.com.au/suburbs/seaford-heights-sa-5169,0,1,0,7
postcode seaford sa,https://www.yourpropertyguide.com.au/suburbs/seaford-heights-sa-5169,0,1,0,22
postcode seaview downs sa,https://www.yourpropertyguide.com.au/suburbs/seaview-downs-sa-5049,0,1,0,8
postcode spring farm,https://www.yourpropertyguide.com.au/suburbs/spring-farm-nsw-2570,0,14,0,7.9
postcode spring farm nsw,https://www.yourpropertyguide.com.au/suburbs/spring-farm-nsw-2570,0,7,0,8
postcode springwood,https://www.yourpropertyguide.com.au/suburbs/springwood-nsw-2777,0,39,0,9.9
postcode springwood nsw,https://www.yourpropertyguide.com.au/suburbs/springwood-nsw-2777,0,7,0,10.4
postcode st lucia,https://www.yourpropertyguide.com.au/postcodes/4067,0,15,0,11.3
postcode st lucia qld,https://www.yourpropertyguide.com.au/postcodes/4067,0,6,0,11.2
postcode stradbroke island,https://www.yourpropertyguide.com.au/suburbs/north-stradbroke-island-qld-4183,0,3,0,10.3
postcode strathalbyn,https://www.yourpropertyguide.com.au/suburbs/strathalbyn-wa-6530,0,1,0,11
postcode surfers,https://www.yourpropertyguide.com.au/suburbs/surfers-paradise-qld-4217,0,13,0,8.5
postcode surfers paradise,https://www.yourpropertyguide.com.au/suburbs/surfers-paradise-qld-4217,0,256,0,8.2
postcode surfers paradise qld,https://www.yourpropertyguide.com.au/suburbs/surfers-paradise-qld-4217,0,12,0,8
postcode taigum,https://www.yourpropertyguide.com.au/suburbs/taigum-qld-4018,0,29,0,6.5
postcode taigum qld,https://www.yourpropertyguide.com.au/suburbs/taigum-qld-4018,0,2,0,7.5
postcode tamworth nsw,https://www.yourpropertyguide.com.au/suburbs/east-tamworth-nsw-2340,0,2,0,37
postcode taren point,https://www.yourpropertyguide.com.au/suburbs/taren-point-nsw-2229,0,12,0,8.8
postcode taren point nsw,https://www.yourpropertyguide.com.au/suburbs/taren-point-nsw-2229,0,4,0,9
postcode teneriffe,https://www.yourpropertyguide.com.au/postcodes/4005,0,6,0,10.7
postcode teneriffe qld,https://www.yourpropertyguide.com.au/postcodes/4005,0,4,0,10.5
postcode toorak,https://www.yourpropertyguide.com.au/suburbs/toorak-vic-3142,0,78,0,8.5
postcode toorak gardens,https://www.yourpropertyguide.com.au/suburbs/toorak-vic-3142,0,1,0,39
postcode toorak vic,https://www.yourpropertyguide.com.au/suburbs/toorak-vic-3142,0,21,0,8.4
postcode unanderra,https://www.yourpropertyguide.com.au/suburbs/unanderra-dc-nsw-2526,0,5,0,9.4
postcode unanderra nsw,https://www.yourpropertyguide.com.au/suburbs/unanderra-dc-nsw-2526,0,1,0,29
postcode unley,https://www.yourpropertyguide.com.au/postcodes/5061,0,2,0,15
postcode unley sa,https://www.yourpropertyguide.com.au/postcodes/5061,0,2,0,11.5
postcode unley south australia,https://www.yourpropertyguide.com.au/postcodes/5061,0,2,0,26
postcode upper mount gravatt,https://www.yourpropertyguide.com.au/suburbs/upper-mount-gravatt-bc-qld-4122,0,13,0,11.5
postcode upper mt gravatt,https://www.yourpropertyguide.com.au/suburbs/upper-mount-gravatt-bc-qld-4122,0,27,0,10.9
postcode urangan,https://www.yourpropertyguide.com.au/suburbs/urangan-qld-4655,0,4,0,11.5
postcode urangan qld,https://www.yourpropertyguide.com.au/suburbs/urangan-qld-4655,0,12,0,11.6
postcode valley view,https://www.yourpropertyguide.com.au/suburbs/valley-view-sa-5093,0,1,0,7
postcode waroona wa,https://www.yourpropertyguide.com.au/suburbs/warawarrup-wa-6220,0,1,0,45
postcode warrawong,https://www.yourpropertyguide.com.au/postcodes/2502,0,1,0,12
postcode warrawong nsw,https://www.yourpropertyguide.com.au/postcodes/2502,0,5,0,11.2
postcode warwick,https://www.yourpropertyguide.com.au/suburbs/warwick-wa-6024,0,22,0,6.9
postcode warwick wa,https://www.yourpropertyguide.com.au/suburbs/warwick-wa-6024,0,14,0,8.9
postcode waurn ponds,https://www.yourpropertyguide.com.au/suburbs/waurn-ponds-vic-3216,0,6,0,12.8
postcode waurn ponds vic,https://www.yourpropertyguide.com.au/suburbs/waurn-ponds-vic-3216,0,1,0,11
postcode west lakes sa,https://www.yourpropertyguide.com.au/postcodes/5020,0,5,0,11
postcode willagee,https://www.yourpropertyguide.com.au/postcodes/6156,0,2,0,12.5
postcode willagee wa,https://www.yourpropertyguide.com.au/postcodes/6156,0,1,0,10
postcode wingfield,https://www.yourpropertyguide.com.au/suburbs/wingfield-sa-5013,0,11,0,8.4
postcode wingfield sa,https://www.yourpropertyguide.com.au/suburbs/wingfield-sa-5013,0,16,0,7.8
postcode winnellie,https://www.yourpropertyguide.com.au/suburbs/winnellie-nt-0822,0,3,0,9.3
postcode winnellie nt,https://www.yourpropertyguide.com.au/suburbs/winnellie-nt-0822,0,11,0,9.1
postcode wodonga,https://www.yourpropertyguide.com.au/postcodes/3690,0,1,0,11
postcode woodvale,https://www.yourpropertyguide.com.au/suburbs/woodvale-wa-6026,0,1,0,10
postcode woodvale wa,https://www.yourpropertyguide.com.au/suburbs/woodvale-wa-6026,0,3,0,8.7
postcode woolloongabba,https://www.yourpropertyguide.com.au/suburbs/woolloongabba-qld-4102,0,43,0,9.8
postcode woolloongabba qld,https://www.yourpropertyguide.com.au/suburbs/woolloongabba-qld-4102,0,6,0,9.5
postcode wyndham vale,https://www.yourpropertyguide.com.au/postcodes/3024,0,2,0,9.5
postcode wyoming,https://www.yourpropertyguide.com.au/postcodes/2250,0,2,0,10
postcode wyoming nsw,https://www.yourpropertyguide.com.au/postcodes/2250,0,1,0,10
postcode york,https://www.yourpropertyguide.com.au/postcodes/6302,0,2,0,10.5
postcode york wa,https://www.yourpropertyguide.com.au/postcodes/6302,0,1,0,10
postcodes melbourne,https://www.yourpropertyguide.com.au/suburbs/surfers-paradise-qld-4217,0,1,0,2
potential loan calculator,https://www.yourpropertyguide.com.au/borrowing-power-calculator,0,1,0,84
pottsville postcode,https://www.yourpropertyguide.com.au/suburbs/pottsville-nsw-2489,0,1,0,9
prahran real estate agents,https://www.yourpropertyguide.com.au/suburbs/prahran-vic-3143/agents,0,1,0,11
prahran real estate agents,https://www.yourpropertyguide.com.au/suburbs/prahran-vic-3181/agents,0,6,0,17.5
pre approval calculator,https://www.yourpropertyguide.com.au/borrowing-power-calculator,0,3,0,96
pre approval calculator mortgage,https://www.yourpropertyguide.com.au/borrowing-power-calculator,0,1,0,89
pre auction building inspection doncaster,https://www.yourpropertyguide.com.au/suburbs/doncaster-east-vic-3109/agents,0,1,0,44
pre qualification calculator,https://www.yourpropertyguide.com.au/borrowing-power-calculator,0,1,0,85
pre-approval calculator,https://www.yourpropertyguide.com.au/borrowing-power-calculator,0,2,0,85.5
preston 3072,https://www.yourpropertyguide.com.au/suburbs/preston-west-vic-3072,0,2,0,46.5
preston median house price,https://www.yourpropertyguide.com.au/price-guide,0,1,0,65
preston median house price,https://www.yourpropertyguide.com.au/suburbs/preston-west-vic-3072,0,1,0,14
preston melbourne postcode,https://www.yourpropertyguide.com.au/suburbs/preston-west-vic-3072,0,6,0,17.3
preston nsw postcode,https://www.yourpropertyguide.com.au/postcodes/2170,0,1,0,13
preston post code,https://www.yourpropertyguide.com.au/suburbs/preston-west-vic-3072,0,1,0,11
preston postal code,https://www.yourpropertyguide.com.au/suburbs/surfers-paradise-qld-4217,0,1,0,3
preston postcode victoria,https://www.yourpropertyguide.com.au/suburbs/preston-west-vic-3072,0,2,0,12
preston real estate agents,https://www.yourpropertyguide.com.au/suburbs/preston-vic-3072/agents,0,2,0,33.5
preston suburb,https://www.yourpropertyguide.com.au/suburbs/preston-west-vic-3072,0,2,0,69
preston suburb profile,https://www.yourpropertyguide.com.au/suburbs/preston-west-vic-3072,0,2,0,13
preston vic 3072,https://www.yourpropertyguide.com.au/suburbs/preston-west-vic-3072,0,2,0,55
preston vic 3072 australia,https://www.yourpropertyguide.com.au/suburbs/preston-west-vic-3072,0,1,0,65
preston victoria 3072,https://www.yourpropertyguide.com.au/suburbs/preston-west-vic-3072,0,1,0,57
preston west primary school zone,https://www.yourpropertyguide.com.au/suburbs/preston-west-vic-3072,0,1,0,50
prestons nsw postcode,https://www.yourpropertyguide.com.au/postcodes/2170,0,1,0,22
prestons nsw postcode 2170,https://www.yourpropertyguide.com.au/postcodes/2170,0,4,0,12.2
prestons post code,https://www.yourpropertyguide.com.au/postcodes/2170,0,43,0,10.9
prestons postcode,https://www.yourpropertyguide.com.au/postcodes/2170,0,22,0,11.7
prestons postcode nsw,https://www.yourpropertyguide.com.au/postcodes/2170,0,7,0,11.1
price bidder australia,https://www.yourpropertyguide.com.au/guides/property-auction-guide,0,3,0,41.7
price guide for property,https://www.yourpropertyguide.com.au/,0,1,0,27
price guide house,https://www.yourpropertyguide.com.au/,0,1,0,41
price guide property,https://www.yourpropertyguide.com.au/,0,4,0,23.8
price of home i can afford,https://www.yourpropertyguide.com.au/affordability-calculator,0,1,0,82
price per acre by state,https://www.yourpropertyguide.com.au/states,0,1,0,61
price sa,https://www.yourpropertyguide.com.au/suburbs/price-sa-5570,0,1,0,4
pricing a renovation,https://www.yourpropertyguide.com.au/renovating,0,3,0,86.7
primary school helidon,https://www.yourpropertyguide.com.au/suburbs/helidon-qld-4344/schools,0,1,0,24
primary schools eastwood,https://www.yourpropertyguide.com.au/suburbs/eastwood-nsw-2122/schools,0,1,0,21
primary schools in caversham,https://www.yourpropertyguide.com.au/suburbs/caversham-wa-6055/schools,0,7,0,18.4
primary schools in rowville,https://www.yourpropertyguide.com.au/schools/rowville-primary-school-44961,0,4,0,15.8
primary schools in southern suburbs,https://www.yourpropertyguide.com.au/suburbs/southern-cross-vic-3283/schools,0,1,0,90
primary schools in southern suburbs,https://www.yourpropertyguide.com.au/suburbs/strathnairn-act-2615/schools,0,1,0,51
primary schools in windermere,https://www.yourpropertyguide.com.au/suburbs/windermere-nsw-2321/schools,0,1,0,20
primrose valley postcode,https://www.yourpropertyguide.com.au/suburbs/primrose-valley-nsw-2621,0,3,0,30.7
private school entrance exam eastwood,https://www.yourpropertyguide.com.au/suburbs/eastwood-nsw-2122/schools,0,22,0,41.8
private school exam eastwood,https://www.yourpropertyguide.com.au/suburbs/eastwood-nsw-2122/schools,0,31,0,59.3
procedure for buying a house,https://www.yourpropertyguide.com.au/guides/buying-property-australia,0,2,0,97
procedure for selling a house,https://www.yourpropertyguide.com.au/guides/how-to-sell-a-house-australia,0,2,0,67
procedure to buy a house,https://www.yourpropertyguide.com.au/guides/buying-property-australia,0,1,0,96
process of buying a house in australia,https://www.yourpropertyguide.com.au/guides/buying-property-australia,0,1,0,82
process of buying land in australia,https://www.yourpropertyguide.com.au/guides/buying-property-australia,0,3,0,74.3
process selling a house,https://www.yourpropertyguide.com.au/guides/how-to-sell-a-house-australia,0,1,0,84
property advice,https://www.yourpropertyguide.com.au/,0,11,0,44.1
property agent commission,https://www.yourpropertyguide.com.au/guides/real-estate-commission-vic,0,1,0,66
property agent commission rate,https://www.yourpropertyguide.com.au/guides/real-estate-commission-vic,0,1,0,59
property agent fee,https://www.yourpropertyguide.com.au/guides/real-estate-commission-vic,0,2,0,56
property agent fees,https://www.yourpropertyguide.com.au/guides/real-estate-commission-vic,0,1,0,52
property appraisal bandiana,https://www.yourpropertyguide.com.au/suburbs/bandiana-vic-3691/agents,0,1,0,4
property appraisal cammeray,https://www.yourpropertyguide.com.au/suburbs/cammeray-nsw-2062,0,1,0,4
property appraisal chatswood,https://www.yourpropertyguide.com.au/suburbs/chatswood-nsw-2067/agents,0,1,0,3
property appraisal cost,https://www.yourpropertyguide.com.au/selling,0,1,0,64
property appraisal crows nest,https://www.yourpropertyguide.com.au/suburbs/crows-nest-nsw-2065/agents,0,3,0,3.3
property appraisal east albury,https://www.yourpropertyguide.com.au/suburbs/east-albury-nsw-2640/agents,0,2,0,11.5
property appraisal glenroy,https://www.yourpropertyguide.com.au/suburbs/glenroy-vic-3046/agents,0,1,0,13
property appraisal greenwith,https://www.yourpropertyguide.com.au/suburbs/greenwith-sa-5125/agents,0,1,0,15
property appraisal hawkesbury,https://www.yourpropertyguide.com.au/suburbs/hawkesbury-heights-nsw-2777/agents,0,6,0,5.7
property appraisal naremburn,https://www.yourpropertyguide.com.au/suburbs/naremburn-nsw-2065/agents,0,3,0,1
property appraisal north albury,https://www.yourpropertyguide.com.au/suburbs/north-albury-nsw-2640/agents,0,1,0,2
property appraisal rouse hill,https://www.yourpropertyguide.com.au/suburbs/rouse-hill-nsw-2155/agents,0,2,0,13.5
property appraisal thurgoona,https://www.yourpropertyguide.com.au/suburbs/thurgoona-nsw-2640/agents,0,2,0,11.5
property appraisals albany creek,https://www.yourpropertyguide.com.au/suburbs/albany-creek-qld-4035/agents,0,2,0,17
property appraisals bridgeman downs,https://www.yourpropertyguide.com.au/suburbs/bridgeman-downs-qld-4035/agents,0,1,0,19
property buying guide,https://www.yourpropertyguide.com.au/buying-guide,0,2,0,74
property buying guide,https://www.yourpropertyguide.com.au/guides/buying-property-australia,0,1,0,63
property buying guide australia,https://www.yourpropertyguide.com.au/guides/buying-property-australia,0,1,0,71
property buying process,https://www.yourpropertyguide.com.au/guides/buying-property-australia,0,1,0,84
property buying process in victoria,https://www.yourpropertyguide.com.au/guides/buying-property-australia,0,2,0,79.5
property buying strategy norwest,https://www.yourpropertyguide.com.au/suburbs/norwest-nsw-2153/rental-market,0,1,0,46
property evaluation cessnock,https://www.yourpropertyguide.com.au/suburbs/cessnock-nsw-2325/agents,0,1,0,29
property expert directory,https://www.yourpropertyguide.com.au/find-an-expert,0,2,0,96.5
property experts,https://www.yourpropertyguide.com.au/find-an-expert,0,4,0,66.8
property for sale cassowary coast,https://www.yourpropertyguide.com.au/regions/cassowary-coast,0,3,0,17.7
property guidance,https://www.yourpropertyguide.com.au/,0,1,0,9
property guide,https://www.yourpropertyguide.com.au/,0,156,0,6.6
property guide,https://www.yourpropertyguide.com.au/about,0,6,0,40.2
property guide australia,https://www.yourpropertyguide.com.au/about,0,1,0,57
property guide australia,https://www.yourpropertyguide.com.au/buying-guide,0,1,0,39
property guide australia,https://www.yourpropertyguide.com.au/selling-guide,0,1,0,66
property guide price,https://www.yourpropertyguide.com.au/,0,1,0,18
property guide real estate,https://www.yourpropertyguide.com.au/,0,3,0,10.7
property guide real estate broker,https://www.yourpropertyguide.com.au/about,0,1,0,8
property guide sydney,https://www.yourpropertyguide.com.au/,0,9,0,18.3
property guides,https://www.yourpropertyguide.com.au/,0,2,0,2.5
property information australia,https://www.yourpropertyguide.com.au/,0,4,0,36.5
property inspection waiver,https://www.yourpropertyguide.com.au/guides,0,2,0,83.5
property investment return calculator,https://www.yourpropertyguide.com.au/rental-yield-calculator,0,1,0,95
property investment yield calculator,https://www.yourpropertyguide.com.au/rental-yield-calculator,0,13,0,90
property leads,https://www.yourpropertyguide.com.au/for-agents,0,10,0,73.4
property listings by suburb,https://www.yourpropertyguide.com.au/search,0,1,0,39
property loan eligibility calculator,https://www.yourpropertyguide.com.au/borrowing-power-calculator,0,1,0,91
property management collinswood,https://www.yourpropertyguide.com.au/suburbs/collinswood-sa-5081/rental-market,0,1,0,57
property management fees goodna,https://www.yourpropertyguide.com.au/suburbs/goodna-qld-4300/rental-market,0,23,0,42.1
property management fees petrie,https://www.yourpropertyguide.com.au/suburbs/petrie-qld-4502/rental-market,0,9,0,38.4
property management harrisdale,https://www.yourpropertyguide.com.au/suburbs/harrisdale-wa-6112/agents,0,2,0,42.5
property management haynes,https://www.yourpropertyguide.com.au/suburbs/haynes-wa-6112/rental-market,0,23,0,43
property management murdoch,https://www.yourpropertyguide.com.au/suburbs/murdoch-wa-6150/rental-market,0,19,0,44.9
property management newton,https://www.yourpropertyguide.com.au/suburbs/newton-sa-5074/rental-market,0,1,0,12
property managers woodpark,https://www.yourpropertyguide.com.au/suburbs/woodpark-nsw-2164/rental-market,0,1,0,38
property market reports australia,https://www.yourpropertyguide.com.au/market-reports,0,1,0,65
property negotiation ballina,https://www.yourpropertyguide.com.au/suburbs/ballina-nsw-2478/agents,0,2,0,10
property portfolio bankstown,https://www.yourpropertyguide.com.au/suburbs/bankstown-nsw-2200/rental-market,0,4,0,84.5
property price guide,https://www.yourpropertyguide.com.au/,0,5,0,23.4
property purchase process,https://www.yourpropertyguide.com.au/guides/buying-property-australia,0,17,0,87.8
property redress scheme,https://www.yourpropertyguide.com.au/guides,0,1,0,49
property refurbishment costs,https://www.yourpropertyguide.com.au/renovating,0,3,0,78
property renovation australia,https://www.yourpropertyguide.com.au/renovating,0,5,0,77.2
property report wa,https://www.yourpropertyguide.com.au/market-reports/wa,0,1,0,54
property reports australia,https://www.yourpropertyguide.com.au/market-reports,0,1,0,58
property sale agent commission,https://www.yourpropertyguide.com.au/guides/real-estate-commission-vic,0,1,0,58
property sale calculator,https://www.yourpropertyguide.com.au/selling-costs-calculator,0,4,0,23
property sales agent commission,https://www.yourpropertyguide.com.au/guides/real-estate-commission-vic,0,2,0,58.5
property sales leads,https://www.yourpropertyguide.com.au/for-agents,0,4,0,78.8
property search and strategy baulkham hills,https://www.yourpropertyguide.com.au/suburbs/baulkham-hills-nsw-2153/rental-market,0,1,0,52
property selling costs,https://www.yourpropertyguide.com.au/guides/cost-of-selling-a-house-act,0,4,0,15
property selling costs,https://www.yourpropertyguide.com.au/selling-costs-calculator,0,3,0,26
property selling fees,https://www.yourpropertyguide.com.au/guides/real-estate-commission-vic,0,1,0,10
property selling guide,https://www.yourpropertyguide.com.au/selling-guide,0,2,0,84.5
property suburb report,https://www.yourpropertyguide.com.au/market-reports/wa,0,5,0,75.2
property valuation ashfield,https://www.yourpropertyguide.com.au/suburbs/ashfield-nsw-2131/rental-market,0,2,0,38.5
property valuation camberwell,https://www.yourpropertyguide.com.au/suburbs/camberwell-vic-3124/agents,0,1,0,72
property valuation campsie,https://www.yourpropertyguide.com.au/suburbs/campsie-nsw-2194/rental-market,0,6,0,36.5
property valuation glenmore park,https://www.yourpropertyguide.com.au/suburbs/glenmore-park-nsw-2745/rental-market,0,10,0,36.4
property valuation gosnells,https://www.yourpropertyguide.com.au/suburbs/gosnells-wa-6110/agents,0,2,0,27
property valuation marrickville,https://www.yourpropertyguide.com.au/suburbs/marrickville-metro-nsw-2204/rental-market,0,1,0,82
property valuation marrickville,https://www.yourpropertyguide.com.au/suburbs/marrickville-nsw-2204/rental-market,0,7,0,54.4
property valuation toorak,https://www.yourpropertyguide.com.au/suburbs/toorak-vic-3142,0,1,0,22
property value based on rental income calculator,https://www.yourpropertyguide.com.au/rental-yield-calculator,0,1,0,79
property value guide,https://www.yourpropertyguide.com.au/,0,3,0,30
property yield calculation,https://www.yourpropertyguide.com.au/rental-yield-calculator,0,1,0,95
property yield calculator,https://www.yourpropertyguide.com.au/rental-yield-calculator,0,24,0,70.1
propertyguide,https://www.yourpropertyguide.com.au/,0,2,0,3
pros and cons,https://www.yourpropertyguide.com.au/suburbs/port-macquarie-nsw-2444/vs/north-shore-nsw-2444,0,1,0,5
pullenvale property growth,https://www.yourpropertyguide.com.au/suburbs/pullenvale-qld-4069/vs/brookfield-qld-4069,0,3,0,30
punchbowl median house price,https://www.yourpropertyguide.com.au/price-guide,0,1,0,50
purchase real estate leads,https://www.yourpropertyguide.com.au/for-agents,0,1,0,79
purchasing property,https://www.yourpropertyguide.com.au/guides/buying-property-australia,0,12,0,80.8
purchasing property in australia,https://www.yourpropertyguide.com.au/guides/buying-property-australia,0,1,0,97
pymble median house price,https://www.yourpropertyguide.com.au/price-guide,0,3,0,53
pymble postcode,https://www.yourpropertyguide.com.au/suburbs/pymble-nsw-2073,0,3,0,9.3
pymble real estate agents,https://www.yourpropertyguide.com.au/suburbs/pymble-nsw-2073/agents,0,5,0,3.4
qbn post code,https://www.yourpropertyguide.com.au/suburbs/queanbeyan-west-nsw-2620,0,2,0,22.5
qbn postcode,https://www.yourpropertyguide.com.au/suburbs/queanbeyan-west-nsw-2620,0,23,0,13.7
qld 4005,https://www.yourpropertyguide.com.au/postcodes/4005,0,1,0,30
qld 4067,https://www.yourpropertyguide.com.au/postcodes/4067,0,1,0,47
qld 4102,https://www.yourpropertyguide.com.au/suburbs/woolloongabba-qld-4102,0,3,0,28
qld 4118,https://www.yourpropertyguide.com.au/postcodes/4118,0,2,0,9
qld 4122,https://www.yourpropertyguide.com.au/suburbs/upper-mount-gravatt-bc-qld-4122,0,1,0,27
qld 4214,https://www.yourpropertyguide.com.au/suburbs/arundel-qld-4214,0,5,0,17.4
qld 4217,https://www.yourpropertyguide.com.au/suburbs/paradise-waters-qld-4217,0,1,0,47
qld 4217,https://www.yourpropertyguide.com.au/suburbs/surfers-paradise-qld-4217,0,27,0,11
qld 4217 australia,https://www.yourpropertyguide.com.au/suburbs/surfers-paradise-qld-4217,0,1,0,9
qld 4556,https://www.yourpropertyguide.com.au/suburbs/buderim-qld-4556,0,8,0,12.2
qld 4575,https://www.yourpropertyguide.com.au/suburbs/parrearra-qld-4575,0,1,0,21
qld real estate commission,https://www.yourpropertyguide.com.au/real-estate-commission-calculator,0,6,0,73.2
qld real estate commission calculator,https://www.yourpropertyguide.com.au/real-estate-commission-calculator,0,2,0,58.5
qld real estate commission table,https://www.yourpropertyguide.com.au/guides/real-estate-agent-fees-australia,0,7,0,89.7
qld real estate commission table,https://www.yourpropertyguide.com.au/real-estate-commission-calculator,0,11,0,72.4
queanbeyan 2620,https://www.yourpropertyguide.com.au/suburbs/queanbeyan-west-nsw-2620,0,2,0,37
queanbeyan nsw postcode,https://www.yourpropertyguide.com.au/suburbs/queanbeyan-west-nsw-2620,0,1,0,20
queanbeyan post code,https://www.yourpropertyguide.com.au/suburbs/queanbeyan-west-nsw-2620,0,1,0,51
queanbeyan postcode,https://www.yourpropertyguide.com.au/suburbs/queanbeyan-nsw-2620,0,1,0,8
queanbeyan postcode,https://www.yourpropertyguide.com.au/suburbs/queanbeyan-west-nsw-2620,0,19,0,14.6
queanbeyan postcode australia,https://www.yourpropertyguide.com.au/suburbs/queanbeyan-west-nsw-2620,0,2,0,13.5
queanbeyan postcode nsw,https://www.yourpropertyguide.com.au/suburbs/queanbeyan-west-nsw-2620,0,3,0,17
queanbeyan suburb profile,https://www.yourpropertyguide.com.au/suburbs/queanbeyan-west-nsw-2620,0,1,0,41
queanbeyan west postcode,https://www.yourpropertyguide.com.au/suburbs/queanbeyan-west-nsw-2620,0,44,0,7.3
queens park schools,https://www.yourpropertyguide.com.au/suburbs/queens-park-nsw-2022/schools,0,2,0,15.5
queensland,https://www.yourpropertyguide.com.au/guides/underquoting-laws-by-state,0,1,0,3
queensland 4214,https://www.yourpropertyguide.com.au/suburbs/arundel-qld-4214,0,1,0,11
queensland 4217,https://www.yourpropertyguide.com.au/suburbs/surfers-paradise-qld-4217,0,1,0,18
queensland contract of sale,https://www.yourpropertyguide.com.au/guides/contract-of-sale-qld,0,5,0,55.2
queensland first home buyers guide,https://www.yourpropertyguide.com.au/guides/first-home-buyer-qld,0,2,0,80.5
queensland postal code,https://www.yourpropertyguide.com.au/suburbs/surfers-paradise-qld-4217,0,1,0,3
queensland postcode,https://www.yourpropertyguide.com.au/suburbs/surfers-paradise-qld-4217,0,1,0,3
queensland real estate commission,https://www.yourpropertyguide.com.au/real-estate-commission-calculator,0,6,0,81.8
queensland real estate commission calculator,https://www.yourpropertyguide.com.au/real-estate-commission-calculator,0,2,0,76
quirindi real estate agents,https://www.yourpropertyguide.com.au/suburbs/quirindi-nsw-2343/agents,0,1,0,14
quit sale deed,https://www.yourpropertyguide.com.au/guides,0,1,0,89
quitclaim deed real estate,https://www.yourpropertyguide.com.au/guides,0,1,0,91
quitclaim property,https://www.yourpropertyguide.com.au/guides,0,1,0,83
quitclaim real estate,https://www.yourpropertyguide.com.au/guides,0,1,0,96
raaf edinburgh postcode,https://www.yourpropertyguide.com.au/postcodes/5111,0,24,0,6.3
radford college term dates,https://www.yourpropertyguide.com.au/schools/radford-college-49996,0,2,0,36.5
radford school holidays,https://www.yourpropertyguide.com.au/schools/radford-college-49996,0,2,0,38
radford term dates,https://www.yourpropertyguide.com.au/schools/radford-college-49996,0,4,0,42.5
rainbow bay postcode,https://www.yourpropertyguide.com.au/postcodes/4225,0,7,0,9.7
ramsay state school,https://www.yourpropertyguide.com.au/schools/ramsay-state-school-46415,0,1,0,21
random postcode in australia,https://www.yourpropertyguide.com.au/suburbs/surfers-paradise-qld-4217,0,1,0,3
rangeville qld postcode,https://www.yourpropertyguide.com.au/suburbs/toowoomba-city-qld-4350,0,1,0,3
ranking,https://www.yourpropertyguide.com.au/suburbs/airport-west-vic-3042/schools,0,1,0,6
rate estate agents,https://www.yourpropertyguide.com.au/guides/real-estate-commission-vic,0,5,0,30.8
rate logan,https://www.yourpropertyguide.com.au/suburbs/logan-central-qld-4114/rental-market,0,15,0,38
ravensbourne post code,https://www.yourpropertyguide.com.au/suburbs/ravensbourne-qld-4352,0,5,0,7.8
ravensbourne postcode,https://www.yourpropertyguide.com.au/suburbs/ravensbourne-qld-4352,0,24,0,7.5
ravensbourne qld 4352,https://www.yourpropertyguide.com.au/suburbs/ravensbourne-qld-4352,0,1,0,12
ravensthorpe postcode,https://www.yourpropertyguide.com.au/suburbs/ravensbourne-qld-4352,0,1,0,31
ravensthorpe postcode,https://www.yourpropertyguide.com.au/suburbs/ravenswood-wa-6208,0,1,0,54
ravenswood post code,https://www.yourpropertyguide.com.au/suburbs/ravenswood-vic-3453,0,1,0,2
ravenswood post code,https://www.yourpropertyguide.com.au/suburbs/ravenswood-wa-6208,0,17,0,8.1
ravenswood postcode,https://www.yourpropertyguide.com.au/suburbs/ravenswood-vic-3453,0,34,0,6.9
ravenswood postcode,https://www.yourpropertyguide.com.au/suburbs/ravenswood-wa-6208,0,178,0,8.7
ravenswood postcode wa,https://www.yourpropertyguide.com.au/suburbs/ravenswood-wa-6208,0,7,0,7.9
ravenswood qld postcode,https://www.yourpropertyguide.com.au/suburbs/ravensbourne-qld-4352,0,1,0,23
ravenswood south,https://www.yourpropertyguide.com.au/suburbs/ravenswood-vic-3453,0,1,0,34
ravenswood victoria,https://www.yourpropertyguide.com.au/suburbs/ravenswood-vic-3453,0,1,0,32
ravenswood wa,https://www.yourpropertyguide.com.au/suburbs/ravenswood-wa-6208,0,3,0,37.3
ravenswood wa postcode,https://www.yourpropertyguide.com.au/suburbs/ravenswood-wa-6208,0,24,0,9.6
ravenswood western australia,https://www.yourpropertyguide.com.au/suburbs/ravenswood-wa-6208,0,2,0,52.5
rba cash rate historical,https://www.yourpropertyguide.com.au/rba-cash-rate,0,1,0,57
rba cash rate history,https://www.yourpropertyguide.com.au/rba-cash-rate,0,2,0,59
rba historical cash rate,https://www.yourpropertyguide.com.au/rba-cash-rate,0,2,0,55
rba mortgage rates,https://www.yourpropertyguide.com.au/rba-cash-rate,0,2,0,62
real estate abbreviations australia,https://www.yourpropertyguide.com.au/glossary,0,1,0,80
real estate agencies ingleburn,https://www.yourpropertyguide.com.au/suburbs/ingleburn-nsw-2565/agents,0,7,0,5.7
real estate agencies port douglas,https://www.yourpropertyguide.com.au/suburbs/port-douglas-qld-4877/agents,0,1,0,45
real estate agency carindale,https://www.yourpropertyguide.com.au/suburbs/carindale-qld-4152/agents,0,1,0,43
real estate agency travancore,https://www.yourpropertyguide.com.au/suburbs/travancore-vic-3032/agents,0,1,0,18
real estate agent,https://www.yourpropertyguide.com.au/suburbs/bandiana-vic-3691/agents,0,2,0,6.5
real estate agent,https://www.yourpropertyguide.com.au/suburbs/east-albury-nsw-2640/agents,0,2,0,4.5
real estate agent,https://www.yourpropertyguide.com.au/suburbs/springdale-heights-nsw-2641/agents,0,1,0,3
real estate agent appraisal modbury,https://www.yourpropertyguide.com.au/suburbs/modbury-sa-5092/agents,0,1,0,19
real estate agent ashtonfield,https://www.yourpropertyguide.com.au/suburbs/ashtonfield-nsw-2323/agents,0,2,0,14
real estate agent average commission,https://www.yourpropertyguide.com.au/guides/real-estate-commission-vic,0,1,0,58
real estate agent bandiana,https://www.yourpropertyguide.com.au/suburbs/bandiana-vic-3691/agents,0,5,0,3
real estate agent broker fees,https://www.yourpropertyguide.com.au/guides/real-estate-commission-vic,0,1,0,60
real estate agent brokerage fees,https://www.yourpropertyguide.com.au/guides/real-estate-commission-vic,0,2,0,55
real estate agent camberwell,https://www.yourpropertyguide.com.au/suburbs/camberwell-vic-3124/agents,0,3,0,34.3
real estate agent canterbury,https://www.yourpropertyguide.com.au/suburbs/canterbury-vic-3126/agents,0,1,0,22
real estate agent carina,https://www.yourpropertyguide.com.au/suburbs/carina-qld-4152/agents,0,1,0,62
real estate agent carindale,https://www.yourpropertyguide.com.au/suburbs/carindale-qld-4152/agents,0,13,0,17.7
real estate agent charges,https://www.yourpropertyguide.com.au/guides/real-estate-commission-nsw,0,1,0,13
real estate agent charges,https://www.yourpropertyguide.com.au/guides/real-estate-commission-vic,0,2,0,41.5
real estate agent commission,https://www.yourpropertyguide.com.au/guides/real-estate-commission-nsw,0,9,0,47.3
real estate agent commission,https://www.yourpropertyguide.com.au/guides/real-estate-commission-vic,0,24,0,70.8
real estate agent commission australia,https://www.yourpropertyguide.com.au/guides/real-estate-commission-vic,0,1,0,83
real estate agent commission australia,https://www.yourpropertyguide.com.au/real-estate-commission-calculator,0,1,0,71
real estate agent commission average,https://www.yourpropertyguide.com.au/guides/real-estate-commission-vic,0,2,0,63.5
real estate agent commission calculator,https://www.yourpropertyguide.com.au/guides/real-estate-commission-vic,0,4,0,77.8
real estate agent commission calculator,https://www.yourpropertyguide.com.au/real-estate-commission-calculator,0,4,0,62.2
real estate agent commission calculator qld,https://www.yourpropertyguide.com.au/real-estate-commission-calculator,0,1,0,82
real estate agent commission fees,https://www.yourpropertyguide.com.au/guides/real-estate-commission-nsw,0,1,0,76
real estate agent commission fees,https://www.yourpropertyguide.com.au/guides/real-estate-commission-vic,0,1,0,60
real estate agent commission nsw,https://www.yourpropertyguide.com.au/guides/real-estate-commission-nsw,0,9,0,23.4
real estate agent commission on 1 million dollar home,https://www.yourpropertyguide.com.au/guides/real-estate-commission-vic,0,1,0,10
real estate agent commission percentage,https://www.yourpropertyguide.com.au/guides/real-estate-commission-nsw,0,1,0,58
real estate agent commission percentage,https://www.yourpropertyguide.com.au/guides/real-estate-commission-vic,0,3,0,62
real estate agent commission percentage nsw,https://www.yourpropertyguide.com.au/guides/real-estate-commission-nsw,0,5,0,31
real estate agent commission percentage nsw,https://www.yourpropertyguide.com.au/real-estate-commission-calculator,0,4,0,68
real estate agent commission rate,https://www.yourpropertyguide.com.au/guides/real-estate-commission-vic,0,4,0,64.8
real estate agent commission rates,https://www.yourpropertyguide.com.au/guides/real-estate-commission-vic,0,2,0,51.5
real estate agent commission sydney,https://www.yourpropertyguide.com.au/real-estate-commission-calculator,0,1,0,66
real estate agent commission victoria,https://www.yourpropertyguide.com.au/guides/real-estate-commission-vic,0,4,0,30.5
real estate agent commissions,https://www.yourpropertyguide.com.au/guides/real-estate-commission-nsw,0,2,0,79.5
real estate agent commissions,https://www.yourpropertyguide.com.au/guides/real-estate-commission-vic,0,4,0,61
real estate agent comparison tool,https://www.yourpropertyguide.com.au/find-an-expert,0,3,0,66.7
real estate agent cost,https://www.yourpropertyguide.com.au/guides/real-estate-commission-nsw,0,5,0,44.4
real estate agent cost,https://www.yourpropertyguide.com.au/guides/real-estate-commission-vic,0,15,0,62
real estate agent cost for buyer,https://www.yourpropertyguide.com.au/guides/real-estate-commission-nsw,0,1,0,95
real estate agent cost to sell home,https://www.yourpropertyguide.com.au/guides/real-estate-commission-nsw,0,3,0,28.7
real estate agent cost to sell home,https://www.yourpropertyguide.com.au/guides/real-estate-commission-vic,0,6,0,82.8
real estate agent costs,https://www.yourpropertyguide.com.au/guides/real-estate-commission-vic,0,1,0,48
real estate agent costs selling,https://www.yourpropertyguide.com.au/guides/real-estate-commission-vic,0,1,0,48
real estate agent crows nest,https://www.yourpropertyguide.com.au/suburbs/crows-nest-nsw-2065/agents,0,1,0,39
real estate agent dakabin,https://www.yourpropertyguide.com.au/suburbs/dakabin-qld-4503/agents,0,1,0,14
real estate agent deagon,https://www.yourpropertyguide.com.au/suburbs/deagon-qld-4017/agents,0,1,0,14
real estate agent east albury,https://www.yourpropertyguide.com.au/suburbs/east-albury-nsw-2640/agents,0,2,0,2.5
real estate agent fee,https://www.yourpropertyguide.com.au/guides/real-estate-commission-nsw,0,2,0,47
real estate agent fee,https://www.yourpropertyguide.com.au/guides/real-estate-commission-vic,0,9,0,61.1
real estate agent fee calculator,https://www.yourpropertyguide.com.au/guides/real-estate-commission-vic,0,1,0,86
real estate agent fee calculator,https://www.yourpropertyguide.com.au/real-estate-commission-calculator,0,1,0,80
real estate agent fee for selling house,https://www.yourpropertyguide.com.au/guides/real-estate-commission-vic,0,1,0,66
real estate agent fee percentage,https://www.yourpropertyguide.com.au/guides/real-estate-commission-vic,0,1,0,52
real estate agent fees,https://www.yourpropertyguide.com.au/guides/real-estate-commission-nsw,0,9,0,50.7
real estate agent fees,https://www.yourpropertyguide.com.au/guides/real-estate-commission-vic,0,58,0,28.9
real estate agent fees and commission,https://www.yourpropertyguide.com.au/guides/real-estate-commission-vic,0,3,0,47.7
real estate agent fees buyer,https://www.yourpropertyguide.com.au/guides/real-estate-commission-vic,0,1,0,85
real estate agent fees calculator,https://www.yourpropertyguide.com.au/guides/real-estate-commission-vic,0,3,0,88.3
real estate agent fees calculator,https://www.yourpropertyguide.com.au/real-estate-commission-calculator,0,5,0,82
real estate agent fees for buyer,https://www.yourpropertyguide.com.au/guides/real-estate-commission-vic,0,1,0,85
real estate agent fees for seller,https://www.yourpropertyguide.com.au/guides/real-estate-commission-vic,0,1,0,44
real estate agent fees for selling,https://www.yourpropertyguide.com.au/guides/real-estate-commission-nsw,0,4,0,47.5
real estate agent fees for selling,https://www.yourpropertyguide.com.au/guides/real-estate-commission-vic,0,13,0,58.8
real estate agent fees for selling a house,https://www.yourpropertyguide.com.au/guides/real-estate-commission-nsw,0,1,0,34
real estate agent fees for selling a house,https://www.yourpropertyguide.com.au/guides/real-estate-commission-vic,0,1,0,76
real estate agent fees melbourne,https://www.yourpropertyguide.com.au/guides/real-estate-commission-vic,0,10,0,48.4
real estate agent fees nsw,https://www.yourpropertyguide.com.au/guides/real-estate-commission-nsw,0,24,0,24.8
real estate agent fees sa,https://www.yourpropertyguide.com.au/real-estate-commission-calculator,0,4,0,56
real estate agent fees victoria,https://www.yourpropertyguide.com.au/guides/real-estate-commission-vic,0,10,0,35.6
real estate agent flat fee,https://www.yourpropertyguide.com.au/guides/real-estate-commission-nsw,0,2,0,37
real estate agent flat fee,https://www.yourpropertyguide.com.au/guides/real-estate-commission-vic,0,8,0,62.1
real estate agent glenhaven,https://www.yourpropertyguide.com.au/suburbs/glenhaven-nsw-2156/agents,0,4,0,2.2
real estate agent goodna,https://www.yourpropertyguide.com.au/suburbs/goodna-qld-4300/agents,0,1,0,25
real estate agent goodna dc,https://www.yourpropertyguide.com.au/suburbs/goodna-dc-qld-4300,0,24,0,21.0
real estate agent gosnells,https://www.yourpropertyguide.com.au/suburbs/gosnells-wa-6110/agents,0,2,0,30
real estate agent how much commission,https://www.yourpropertyguide.com.au/guides/real-estate-commission-nsw,0,1,0,49
real estate agent huntingdale,https://www.yourpropertyguide.com.au/suburbs/huntingdale-vic-3166/agents,0,1,0,14
real estate agent in weir views,https://www.yourpropertyguide.com.au/suburbs/weir-views-vic-3338/agents,0,2,0,14
real estate agent kiama,https://www.yourpropertyguide.com.au/suburbs/kiama-nsw-2533/agents,0,3,0,37.7
real estate agent kooyong,https://www.yourpropertyguide.com.au/suburbs/kooyong-vic-3144/agents,0,2,0,10
real estate agent lane cove,https://www.yourpropertyguide.com.au/suburbs/lane-cove-west-nsw-2066/agents,0,6,0,9
real estate agent lavington,https://www.yourpropertyguide.com.au/suburbs/lavington-nsw-2641/agents,0,1,0,19
real estate agent leads,https://www.yourpropertyguide.com.au/for-agents,0,3,0,77
real estate agent low commission,https://www.yourpropertyguide.com.au/guides/real-estate-commission-vic,0,2,0,65.5
real estate agent malveren,https://www.yourpropertyguide.com.au/suburbs/malvern-east-vic-3145/agents,0,1,0,7
real estate agent malvern,https://www.yourpropertyguide.com.au/suburbs/malvern-east-vic-3145/agents,0,1,0,9
real estate agent malvern,https://www.yourpropertyguide.com.au/suburbs/malvern-vic-3143/agents,0,1,0,3
real estate agent mambourin,https://www.yourpropertyguide.com.au/suburbs/mambourin-vic-3024/agents,0,3,0,22.7
real estate agent mansfield,https://www.yourpropertyguide.com.au/suburbs/mansfield-vic-3722/agents,0,3,0,38.7
real estate agent near me bandiana,https://www.yourpropertyguide.com.au/suburbs/bandiana-vic-3691/agents,0,3,0,10
real estate agent near me east albury,https://www.yourpropertyguide.com.au/suburbs/east-albury-nsw-2640/agents,0,1,0,3
real estate agent near me north albury,https://www.yourpropertyguide.com.au/suburbs/north-albury-nsw-2640/agents,0,1,0,45
real estate agent near me thurgoona,https://www.yourpropertyguide.com.au/suburbs/thurgoona-nsw-2640/agents,0,4,0,10.2
real estate agent north albury,https://www.yourpropertyguide.com.au/suburbs/north-albury-nsw-2640/agents,0,2,0,6.5
real estate agent payment,https://www.yourpropertyguide.com.au/guides/real-estate-commission-vic,0,1,0,54
real estate agent percentage,https://www.yourpropertyguide.com.au/guides/real-estate-commission-nsw,0,1,0,60
real estate agent percentage,https://www.yourpropertyguide.com.au/guides/real-estate-commission-vic,0,5,0,86.8
real estate agent port douglas,https://www.yourpropertyguide.com.au/suburbs/port-douglas-qld-4877/agents,0,2,0,38
real estate agent prices,https://www.yourpropertyguide.com.au/guides/real-estate-commission-vic,0,1,0,51
real estate agent randwick,https://www.yourpropertyguide.com.au/suburbs/randwick-nsw-2031/agents,0,1,0,36
real estate agent rate,https://www.yourpropertyguide.com.au/guides/real-estate-commission-vic,0,1,0,63
real estate agent rates,https://www.yourpropertyguide.com.au/guides/real-estate-commission-vic,0,1,0,56
real estate agent rockingham,https://www.yourpropertyguide.com.au/suburbs/rockingham-wa-6168/agents,0,1,0,40
real estate agent sale commission,https://www.yourpropertyguide.com.au/guides/real-estate-commission-nsw,0,1,0,38
real estate agent sale commission,https://www.yourpropertyguide.com.au/guides/real-estate-commission-vic,0,2,0,41.5
real estate agent sale fees,https://www.yourpropertyguide.com.au/guides/real-estate-commission-vic,0,3,0,67.3
real estate agent sales commission,https://www.yourpropertyguide.com.au/guides/real-estate-commission-nsw,0,2,0,70
real estate agent sales commission,https://www.yourpropertyguide.com.au/guides/real-estate-commission-vic,0,3,0,35.3
real estate agent seaford,https://www.yourpropertyguide.com.au/suburbs/seaford-vic-3198/agents,0,2,0,19.5
real estate agent selling fees,https://www.yourpropertyguide.com.au/guides/real-estate-commission-nsw,0,1,0,42
real estate agent selling fees,https://www.yourpropertyguide.com.au/guides/real-estate-commission-vic,0,6,0,63.7
real estate agent selling fees victoria,https://www.yourpropertyguide.com.au/guides/real-estate-commission-vic,0,2,0,30.5
real estate agent selling their own home commission,https://www.yourpropertyguide.com.au/guides/real-estate-commission-vic,0,1,0,37
real estate agent somers,https://www.yourpropertyguide.com.au/suburbs/somers-vic-3927/agents,0,1,0,20
real estate agent st kilda west,https://www.yourpropertyguide.com.au/suburbs/st-kilda-west-vic-3182/agents,0,2,0,11
real estate agent standard commission,https://www.yourpropertyguide.com.au/guides/real-estate-commission-vic,0,1,0,52
real estate agent surrey hills,https://www.yourpropertyguide.com.au/suburbs/surrey-hills-vic-3127/agents,0,1,0,2
real estate agent thurgoona,https://www.yourpropertyguide.com.au/suburbs/thurgoona-nsw-2640/agents,0,1,0,3
real estate agent warrnambool,https://www.yourpropertyguide.com.au/suburbs/warrnambool-vic-3280/agents,0,1,0,45
real estate agent's commission on sale of property,https://www.yourpropertyguide.com.au/guides/real-estate-commission-vic,0,1,0,59
real estate agents,https://www.yourpropertyguide.com.au/suburbs/bandiana-vic-3691/agents,0,2,0,3
real estate agents,https://www.yourpropertyguide.com.au/suburbs/springdale-heights-nsw-2641/agents,0,4,0,2.5
real estate agents aberfeldie,https://www.yourpropertyguide.com.au/suburbs/aberfeldie-vic-3040/agents,0,1,0,6
real estate agents albany creek,https://www.yourpropertyguide.com.au/suburbs/albany-creek-qld-4035/agents,0,1,0,49
real estate agents albert park,https://www.yourpropertyguide.com.au/suburbs/albert-park-vic-3206/agents,0,2,0,40.5
real estate agents albert park melbourne,https://www.yourpropertyguide.com.au/suburbs/albert-park-vic-3206/agents,0,1,0,50
real estate agents ambarvale,https://www.yourpropertyguide.com.au/suburbs/ambarvale-nsw-2560/agents,0,6,0,2.7
real estate agents annandale,https://www.yourpropertyguide.com.au/suburbs/annandale-nsw-2038/agents,0,1,0,36
real estate agents ashfield,https://www.yourpropertyguide.com.au/suburbs/ashfield-nsw-2131/agents,0,2,0,21.5
real estate agents ashwood,https://www.yourpropertyguide.com.au/suburbs/ashwood-vic-3147/agents,0,2,0,9.5
real estate agents atherton,https://www.yourpropertyguide.com.au/suburbs/atherton-qld-4883/agents,0,3,0,37
real estate agents avondale heights,https://www.yourpropertyguide.com.au/suburbs/avondale-heights-vic-3034/agents,0,1,0,28
real estate agents balaclava,https://www.yourpropertyguide.com.au/suburbs/balaclava-vic-3183/agents,0,1,0,20
real estate agents ballina,https://www.yourpropertyguide.com.au/suburbs/ballina-nsw-2478/agents,0,3,0,40
real estate agents bandiana,https://www.yourpropertyguide.com.au/suburbs/bandiana-vic-3691/agents,0,5,0,6.4
real estate agents bardwell park,https://www.yourpropertyguide.com.au/suburbs/bardwell-park-nsw-2207/agents,0,1,0,18
real estate agents bardwell park,https://www.yourpropertyguide.com.au/suburbs/bardwell-valley-nsw-2207/agents,0,1,0,47
real estate agents bathurst,https://www.yourpropertyguide.com.au/suburbs/bathurst-nsw-2795/agents,0,4,0,28.5
real estate agents belconnen act,https://www.yourpropertyguide.com.au/suburbs/belconnen-act-2617/agents,0,3,0,2.7
real estate agents bellingen,https://www.yourpropertyguide.com.au/suburbs/bellingen-nsw-2454/agents,0,1,0,28
real estate agents beulah park,https://www.yourpropertyguide.com.au/suburbs/beulah-park-sa-5067/agents,0,1,0,16
real estate agents birmingham gardens nsw,https://www.yourpropertyguide.com.au/suburbs/birmingham-gardens-nsw-2287/agents,0,2,0,8.5
real estate agents blackburn,https://www.yourpropertyguide.com.au/suburbs/blackburn-vic-3130/agents,0,1,0,31
real estate agents blacktown,https://www.yourpropertyguide.com.au/suburbs/blacktown-nsw-2148/agents,0,1,0,37
real estate agents booral,https://www.yourpropertyguide.com.au/suburbs/booral-nsw-2425/agents,0,1,0,11
real estate agents botany,https://www.yourpropertyguide.com.au/suburbs/botany-nsw-2019/agents,0,2,0,27.5
real estate agents braybrook,https://www.yourpropertyguide.com.au/suburbs/braybrook-vic-3019/agents,0,2,0,15
real estate agents budgewoi,https://www.yourpropertyguide.com.au/suburbs/budgewoi-nsw-2262/agents,0,2,0,24.5
real estate agents bull creek,https://www.yourpropertyguide.com.au/suburbs/bull-creek-wa-6149/agents,0,4,0,13.5
real estate agents buxton,https://www.yourpropertyguide.com.au/suburbs/buxton-nsw-2571/agents,0,4,0,25.5
real estate agents byron bay,https://www.yourpropertyguide.com.au/suburbs/byron-bay-nsw-2481/agents,0,2,0,45.5
real estate agents camberwell,https://www.yourpropertyguide.com.au/suburbs/camberwell-vic-3124/agents,0,4,0,29
real estate agents carina,https://www.yourpropertyguide.com.au/suburbs/carina-heights-qld-4152/agents,0,1,0,76
real estate agents carina,https://www.yourpropertyguide.com.au/suburbs/carina-qld-4152/agents,0,2,0,40.5
real estate agents carindale,https://www.yourpropertyguide.com.au/suburbs/carindale-qld-4152/agents,0,12,0,4.7
real estate agents carlton,https://www.yourpropertyguide.com.au/suburbs/carlton-vic-3000/agents,0,1,0,12
real estate agents chadstone,https://www.yourpropertyguide.com.au/suburbs/chadstone-vic-3148/agents,0,2,0,16.5
real estate agents coburg north,https://www.yourpropertyguide.com.au/suburbs/coburg-north-vic-3058/agents,0,1,0,7
real estate agents commision,https://www.yourpropertyguide.com.au/guides/real-estate-commission-vic,0,1,0,25
real estate agents commission,https://www.yourpropertyguide.com.au/guides/real-estate-commission-vic,0,4,0,71.5
real estate agents commission calculator,https://www.yourpropertyguide.com.au/guides/real-estate-commission-vic,0,1,0,88
real estate agents commission calculator,https://www.yourpropertyguide.com.au/real-estate-commission-calculator,0,1,0,79
real estate agents commission nsw,https://www.yourpropertyguide.com.au/guides/real-estate-commission-nsw,0,4,0,24
real estate agents commission nsw,https://www.yourpropertyguide.com.au/real-estate-commission-calculator,0,1,0,56
real estate agents commission rates,https://www.yourpropertyguide.com.au/guides/real-estate-commission-vic,0,2,0,53
real estate agents commission victoria,https://www.yourpropertyguide.com.au/guides/real-estate-commission-vic,0,2,0,33
real estate agents coolbellup,https://www.yourpropertyguide.com.au/suburbs/coolbellup-wa-6163/agents,0,1,0,13
real estate agents coorparoo,https://www.yourpropertyguide.com.au/suburbs/coorparoo-qld-4151/agents,0,2,0,40
real estate agents deagon,https://www.yourpropertyguide.com.au/suburbs/deagon-qld-4017/agents,0,2,0,13.5
real estate agents dromana,https://www.yourpropertyguide.com.au/suburbs/dromana-vic-3936/agents,0,1,0,4
real estate agents dubbo,https://www.yourpropertyguide.com.au/suburbs/dubbo-nsw-2830/agents,0,3,0,47.3
real estate agents duncraig,https://www.yourpropertyguide.com.au/suburbs/duncraig-wa-6023/agents,0,1,0,4
real estate agents east albury,https://www.yourpropertyguide.com.au/suburbs/east-albury-nsw-2640/agents,0,1,0,10
real estate agents echuca,https://www.yourpropertyguide.com.au/suburbs/echuca-vic-3564/agents,0,5,0,5.2
real estate agents ellenbrook,https://www.yourpropertyguide.com.au/suburbs/ellenbrook-wa-6069/agents,0,1,0,37
real estate agents elwood,https://www.yourpropertyguide.com.au/suburbs/elwood-vic-3184/agents,0,3,0,19.3
real estate agents emerald,https://www.yourpropertyguide.com.au/suburbs/emerald-vic-3782/agents,0,1,0,12
real estate agents erina,https://www.yourpropertyguide.com.au/suburbs/erina-nsw-2250/agents,0,2,0,36.5
real estate agents fees,https://www.yourpropertyguide.com.au/guides/real-estate-commission-nsw,0,30,0,18.4
real estate agents fees,https://www.yourpropertyguide.com.au/guides/real-estate-commission-vic,0,12,0,61.2
real estate agents fees calculator,https://www.yourpropertyguide.com.au/guides/real-estate-commission-vic,0,5,0,87.8
real estate agents fees calculator,https://www.yourpropertyguide.com.au/real-estate-commission-calculator,0,4,0,84.2
real estate agents fees victoria,https://www.yourpropertyguide.com.au/guides/real-estate-commission-vic,0,2,0,32.5
real estate agents findon,https://www.yourpropertyguide.com.au/suburbs/findon-sa-5023/agents,0,1,0,14
real estate agents fitzroy,https://www.yourpropertyguide.com.au/suburbs/fitzroy-north-vic-3068/agents,0,3,0,14.3
real estate agents fitzroy,https://www.yourpropertyguide.com.au/suburbs/fitzroy-vic-3065/agents,0,7,0,5
real estate agents five dock,https://www.yourpropertyguide.com.au/suburbs/five-dock-nsw-2046/agents,0,2,0,19.5
real estate agents forestville,https://www.yourpropertyguide.com.au/suburbs/forestville-nsw-2087/agents,0,1,0,25
real estate agents forster,https://www.yourpropertyguide.com.au/suburbs/forster-nsw-2428/agents,0,3,0,7
real estate agents frenchs forest,https://www.yourpropertyguide.com.au/suburbs/frenchs-forest-nsw-2086/agents,0,2,0,35.5
real estate agents glebe,https://www.yourpropertyguide.com.au/suburbs/glebe-nsw-2037/agents,0,1,0,27
real estate agents glen waverley,https://www.yourpropertyguide.com.au/suburbs/glen-waverley-vic-3150/agents,0,2,0,31
real estate agents glenfield,https://www.yourpropertyguide.com.au/suburbs/glenfield-nsw-2167/agents,0,2,0,2
real estate agents glenfield,https://www.yourpropertyguide.com.au/suburbs/glenfield-park-nsw-2650/agents,0,1,0,12
real estate agents glenroy,https://www.yourpropertyguide.com.au/suburbs/glenroy-vic-3046/agents,0,1,0,5
real estate agents goodna,https://www.yourpropertyguide.com.au/suburbs/goodna-qld-4300/agents,0,4,0,21
real estate agents goodwood,https://www.yourpropertyguide.com.au/suburbs/goodwood-sa-5034/agents,0,1,0,15
real estate agents goulburn,https://www.yourpropertyguide.com.au/suburbs/goulburn-nsw-2580/agents,0,7,0,19.7
real estate agents granville,https://www.yourpropertyguide.com.au/suburbs/granville-qld-4650/agents,0,1,0,29
real estate agents granville,https://www.yourpropertyguide.com.au/suburbs/south-granville-nsw-2142/agents,0,2,0,15.5
real estate agents griffith,https://www.yourpropertyguide.com.au/suburbs/griffith-nsw-2680/agents,0,5,0,7.6
real estate agents guildford,https://www.yourpropertyguide.com.au/suburbs/guildford-nsw-2161/agents,0,3,0,5
real estate agents guildford,https://www.yourpropertyguide.com.au/suburbs/guildford-west-nsw-2161/agents,0,1,0,24
real estate agents guildford,https://www.yourpropertyguide.com.au/suburbs/old-guildford-nsw-2161/agents,0,1,0,37
real estate agents gunnedah,https://www.yourpropertyguide.com.au/suburbs/gunnedah-nsw-2380/agents,0,1,0,38
real estate agents harrisdale,https://www.yourpropertyguide.com.au/suburbs/harrisdale-wa-6112/agents,0,1,0,18
real estate agents highgate,https://www.yourpropertyguide.com.au/suburbs/highgate-sa-5063/agents,0,1,0,14
real estate agents horsham,https://www.yourpropertyguide.com.au/suburbs/horsham-vic-3401/agents,0,2,0,29
real estate agents in ballina,https://www.yourpropertyguide.com.au/suburbs/ballina-nsw-2478/agents,0,1,0,37
real estate agents in bathurst,https://www.yourpropertyguide.com.au/suburbs/bathurst-nsw-2795/agents,0,1,0,49
real estate agents in byron bay,https://www.yourpropertyguide.com.au/suburbs/byron-bay-nsw-2481/agents,0,3,0,47.3
real estate agents in coolbellup,https://www.yourpropertyguide.com.au/suburbs/coolbellup-wa-6163/agents,0,4,0,8.5
real estate agents in deepdene,https://www.yourpropertyguide.com.au/suburbs/deepdene-vic-3103/agents,0,1,0,5
real estate agents in dubbo,https://www.yourpropertyguide.com.au/suburbs/dubbo-nsw-2830/agents,0,2,0,43
real estate agents in echuca,https://www.yourpropertyguide.com.au/suburbs/echuca-vic-3564/agents,0,1,0,34
real estate agents in glen huntly,https://www.yourpropertyguide.com.au/suburbs/glen-huntly-vic-3163/agents,0,2,0,19
real estate agents in gosnells,https://www.yourpropertyguide.com.au/suburbs/gosnells-wa-6110/agents,0,1,0,28
real estate agents in goulburn,https://www.yourpropertyguide.com.au/suburbs/goulburn-nsw-2580/agents,0,2,0,44
real estate agents in harrisdale,https://www.yourpropertyguide.com.au/suburbs/harrisdale-wa-6112/agents,0,4,0,18.8
real estate agents in horsham,https://www.yourpropertyguide.com.au/suburbs/horsham-vic-3400/agents,0,2,0,33.5
real estate agents in huntingdale,https://www.yourpropertyguide.com.au/suburbs/huntingdale-vic-3166/agents,0,1,0,25
real estate agents in kiama,https://www.yourpropertyguide.com.au/suburbs/kiama-downs-nsw-2533/agents,0,1,0,40
real estate agents in kiama,https://www.yourpropertyguide.com.au/suburbs/kiama-nsw-2533/agents,0,2,0,34.5
real estate agents in mudgee,https://www.yourpropertyguide.com.au/suburbs/mudgee-nsw-2850/agents,0,4,0,33.2
real estate agents in newton,https://www.yourpropertyguide.com.au/suburbs/newton-sa-5074/agents,0,2,0,27
real estate agents in north coogee,https://www.yourpropertyguide.com.au/suburbs/north-coogee-wa-6163/agents,0,1,0,24
real estate agents in orange,https://www.yourpropertyguide.com.au/suburbs/orange-nsw-2800/agents,0,1,0,46
real estate agents in port douglas,https://www.yourpropertyguide.com.au/suburbs/port-douglas-qld-4877/agents,0,1,0,38
real estate agents in port macquarie,https://www.yourpropertyguide.com.au/suburbs/port-macquarie-nsw-2444/agents,0,1,0,50
real estate agents in thornlie,https://www.yourpropertyguide.com.au/suburbs/thornlie-wa-6108/agents,0,1,0,26
real estate agents in warrnambool,https://www.yourpropertyguide.com.au/suburbs/warrnambool-vic-3280/agents,0,1,0,42
real estate agents in willeton,https://www.yourpropertyguide.com.au/suburbs/willetton-wa-6155/agents,0,3,0,24.3
real estate agents in yangebup,https://www.yourpropertyguide.com.au/suburbs/yangebup-wa-6164/agents,0,5,0,9.6
real estate agents ingleburn,https://www.yourpropertyguide.com.au/suburbs/ingleburn-nsw-2565/agents,0,1,0,37
real estate agents kalgoorlie,https://www.yourpropertyguide.com.au/suburbs/kalgoorlie-wa-6430/agents,0,3,0,33.7
real estate agents kalkallo,https://www.yourpropertyguide.com.au/suburbs/kalkallo-vic-3064/agents,0,1,0,4
real estate agents kandos,https://www.yourpropertyguide.com.au/suburbs/kandos-nsw-2848/agents,0,2,0,2.5
real estate agents katoomba,https://www.yourpropertyguide.com.au/suburbs/katoomba-nsw-2780/agents,0,1,0,40
real estate agents kearns,https://www.yourpropertyguide.com.au/suburbs/kearns-nsw-2558/agents,0,1,0,3
real estate agents kensington,https://www.yourpropertyguide.com.au/suburbs/kensington-vic-3031/agents,0,6,0,24.3
real estate agents kew,https://www.yourpropertyguide.com.au/suburbs/kew-east-vic-3102/agents,0,2,0,14.5
real estate agents kew,https://www.yourpropertyguide.com.au/suburbs/kew-vic-3101/agents,0,3,0,4.3
real estate agents kiama,https://www.yourpropertyguide.com.au/suburbs/kiama-nsw-2533/agents,0,10,0,22.5
real estate agents killarney vale,https://www.yourpropertyguide.com.au/suburbs/killarney-vale-nsw-2261/agents,0,1,0,23
real estate agents klemzig,https://www.yourpropertyguide.com.au/suburbs/klemzig-sa-5087/agents,0,2,0,14.5
real estate agents kogarah,https://www.yourpropertyguide.com.au/suburbs/kogarah-nsw-2217/agents,0,2,0,31.5
real estate agents kojonup,https://www.yourpropertyguide.com.au/suburbs/kojonup-wa-6395/agents,0,1,0,17
real estate agents kotara nsw,https://www.yourpropertyguide.com.au/suburbs/kotara-nsw-2289/agents,0,3,0,1
real estate agents kyneton,https://www.yourpropertyguide.com.au/suburbs/kyneton-vic-3444/agents,0,2,0,30.5
real estate agents kyogle,https://www.yourpropertyguide.com.au/suburbs/kyogle-nsw-2474/agents,0,6,0,14.7
real estate agents lane cove,https://www.yourpropertyguide.com.au/suburbs/lane-cove-west-nsw-2066/agents,0,8,0,4.9
real estate agents lavington,https://www.yourpropertyguide.com.au/suburbs/lavington-nsw-2641/agents,0,2,0,3
real estate agents leads,https://www.yourpropertyguide.com.au/for-agents,0,1,0,80
real estate agents lemon tree passage,https://www.yourpropertyguide.com.au/suburbs/lemon-tree-passage-nsw-2319/agents,0,1,0,22
real estate agents leppington,https://www.yourpropertyguide.com.au/suburbs/leppington-nsw-2179/agents,0,2,0,19
real estate agents lilyfield,https://www.yourpropertyguide.com.au/suburbs/lilyfield-nsw-2040/agents,0,1,0,10
real estate agents lindfield,https://www.yourpropertyguide.com.au/suburbs/east-lindfield-nsw-2070/agents,0,6,0,15.5
real estate agents lindfield,https://www.yourpropertyguide.com.au/suburbs/lindfield-nsw-2070/agents,0,6,0,2.2
real estate agents lismore,https://www.yourpropertyguide.com.au/suburbs/lismore-nsw-2480/agents,0,1,0,41
real estate agents macquarie fields,https://www.yourpropertyguide.com.au/suburbs/macquarie-fields-nsw-2564/agents,0,2,0,5
real estate agents malvern,https://www.yourpropertyguide.com.au/suburbs/malvern-east-vic-3145/agents,0,1,0,30
real estate agents malvern,https://www.yourpropertyguide.com.au/suburbs/malvern-vic-3144/agents,0,10,0,8.7
real estate agents mansfield,https://www.yourpropertyguide.com.au/suburbs/mansfield-vic-3722/agents,0,3,0,22
real estate agents melville,https://www.yourpropertyguide.com.au/suburbs/melville-wa-6156/agents,0,3,0,19.7
real estate agents mile end,https://www.yourpropertyguide.com.au/suburbs/mile-end-sa-5031/agents,0,1,0,20
real estate agents moe,https://www.yourpropertyguide.com.au/suburbs/moe-vic-3825/agents,0,1,0,22
real estate agents moree,https://www.yourpropertyguide.com.au/suburbs/moree-nsw-2400/agents,0,5,0,16.4
real estate agents mosman,https://www.yourpropertyguide.com.au/suburbs/mosman-nsw-2088/agents,0,1,0,41
real estate agents mudgee,https://www.yourpropertyguide.com.au/suburbs/mudgee-nsw-2850/agents,0,1,0,37
real estate agents murwillumbah,https://www.yourpropertyguide.com.au/suburbs/murwillumbah-nsw-2484/agents,0,1,0,34
real estate agents narangba,https://www.yourpropertyguide.com.au/suburbs/narangba-qld-4504/agents,0,1,0,4
real estate agents narooma,https://www.yourpropertyguide.com.au/suburbs/narooma-nsw-2546/agents,0,2,0,8.5
real estate agents niddrie,https://www.yourpropertyguide.com.au/suburbs/niddrie-vic-3042/agents,0,1,0,24
real estate agents north coogee,https://www.yourpropertyguide.com.au/suburbs/north-coogee-wa-6163/agents,0,3,0,20
real estate agents north lakes,https://www.yourpropertyguide.com.au/suburbs/north-lakes-qld-4509/agents,0,1,0,16
real estate agents north melbourne,https://www.yourpropertyguide.com.au/suburbs/north-melbourne-vic-3051/agents,0,10,0,9.4
real estate agents oran park,https://www.yourpropertyguide.com.au/suburbs/oran-park-nsw-2570/agents,0,2,0,38.5
real estate agents orange nsw,https://www.yourpropertyguide.com.au/suburbs/orange-nsw-2800/agents,0,1,0,49
real estate agents paradise,https://www.yourpropertyguide.com.au/suburbs/paradise-sa-5075/agents,0,1,0,1
real estate agents payneham,https://www.yourpropertyguide.com.au/suburbs/payneham-sa-5070/agents,0,1,0,16
real estate agents port adelaide,https://www.yourpropertyguide.com.au/suburbs/port-adelaide-sa-5015/agents,0,1,0,28
real estate agents potts point,https://www.yourpropertyguide.com.au/suburbs/potts-point-nsw-2011/agents,0,1,0,17
real estate agents prahran,https://www.yourpropertyguide.com.au/suburbs/prahran-vic-3143/agents,0,4,0,2.2
real estate agents prahran,https://www.yourpropertyguide.com.au/suburbs/prahran-vic-3181/agents,0,2,0,11.5
real estate agents preston,https://www.yourpropertyguide.com.au/suburbs/preston-vic-3072/agents,0,2,0,34
real estate agents prospect,https://www.yourpropertyguide.com.au/suburbs/prospect-nsw-2148/agents,0,1,0,28
real estate agents pymble,https://www.yourpropertyguide.com.au/suburbs/pymble-nsw-2073/agents,0,5,0,10
real estate agents pyrmont,https://www.yourpropertyguide.com.au/suburbs/pyrmont-nsw-2009/agents,0,1,0,34
real estate agents redcliffe,https://www.yourpropertyguide.com.au/suburbs/redcliffe-qld-4020/agents,0,2,0,48
real estate agents redland bay,https://www.yourpropertyguide.com.au/suburbs/redland-bay-qld-4165/agents,0,2,0,37.5
real estate agents rhodes,https://www.yourpropertyguide.com.au/suburbs/rhodes-nsw-2138/agents,0,6,0,10.5
real estate agents rockingham,https://www.yourpropertyguide.com.au/suburbs/rockingham-wa-6168/agents,0,4,0,40
real estate agents rosebery,https://www.yourpropertyguide.com.au/suburbs/rosebery-nsw-2018/agents,0,1,0,28
real estate agents rouse hill,https://www.yourpropertyguide.com.au/suburbs/rouse-hill-nsw-2155/agents,0,4,0,3
real estate agents sans souci,https://www.yourpropertyguide.com.au/suburbs/sans-souci-nsw-2219/agents,0,1,0,31
real estate agents south melbourne,https://www.yourpropertyguide.com.au/suburbs/south-melbourne-vic-3205/agents,0,10,0,8.4
real estate agents springdale heights,https://www.yourpropertyguide.com.au/suburbs/springdale-heights-nsw-2641/agents,0,2,0,9.5
real estate agents springvale,https://www.yourpropertyguide.com.au/suburbs/springvale-vic-3171/agents,0,1,0,25
real estate agents st helens park,https://www.yourpropertyguide.com.au/suburbs/st-helens-park-nsw-2560/agents,0,3,0,9
real estate agents st ives,https://www.yourpropertyguide.com.au/suburbs/st-ives-chase-nsw-2075/agents,0,1,0,6
real estate agents stanthorpe,https://www.yourpropertyguide.com.au/suburbs/stanthorpe-qld-4380/agents,0,2,0,41.5
real estate agents strathfield,https://www.yourpropertyguide.com.au/suburbs/north-strathfield-nsw-2137/agents,0,1,0,95
real estate agents strathmore,https://www.yourpropertyguide.com.au/suburbs/strathmore-vic-3041/agents,0,1,0,11
real estate agents strathmore heights,https://www.yourpropertyguide.com.au/suburbs/strathmore-heights-vic-3041/agents,0,2,0,13
real estate agents the ponds,https://www.yourpropertyguide.com.au/suburbs/saumarez-ponds-nsw-2350/agents,0,1,0,14
real estate agents thornbury,https://www.yourpropertyguide.com.au/suburbs/thornbury-vic-3071/agents,0,2,0,29
real estate agents thurgoona,https://www.yourpropertyguide.com.au/suburbs/thurgoona-nsw-2640/agents,0,1,0,2
real estate agents toormina,https://www.yourpropertyguide.com.au/suburbs/toormina-nsw-2452/agents,0,2,0,26
real estate agents travancore,https://www.yourpropertyguide.com.au/suburbs/travancore-vic-3032/agents,0,2,0,19
real estate agents unley,https://www.yourpropertyguide.com.au/suburbs/unley-sa-5061/agents,0,3,0,7.3
real estate agents walkerville,https://www.yourpropertyguide.com.au/suburbs/walkerville-sa-5081/agents,0,2,0,15
real estate agents warrnambool,https://www.yourpropertyguide.com.au/suburbs/warrnambool-vic-3280/agents,0,1,0,41
real estate agents warwick,https://www.yourpropertyguide.com.au/suburbs/warwick-qld-4370/agents,0,1,0,43
real estate agents williamstown,https://www.yourpropertyguide.com.au/suburbs/williamstown-vic-3016/agents,0,2,0,24
real estate agents willoughby,https://www.yourpropertyguide.com.au/suburbs/willoughby-east-nsw-2068/agents,0,2,0,24
real estate agents willoughby,https://www.yourpropertyguide.com.au/suburbs/willoughby-nsw-2068/agents,0,2,0,16.5
real estate agents winthrop,https://www.yourpropertyguide.com.au/suburbs/winthrop-wa-6150/agents,0,3,0,20
real estate agents wonthaggi,https://www.yourpropertyguide.com.au/suburbs/north-wonthaggi-vic-3995/agents,0,1,0,27
real estate agents woodpark,https://www.yourpropertyguide.com.au/suburbs/woodpark-nsw-2164/agents,0,3,0,3.7
real estate agents woolgoolga,https://www.yourpropertyguide.com.au/suburbs/woolgoolga-nsw-2456/agents,0,4,0,37.5
real estate agents yangebup,https://www.yourpropertyguide.com.au/suburbs/yangebup-wa-6164/agents,0,7,0,7.7
real estate appraisal cost,https://www.yourpropertyguide.com.au/selling,0,1,0,63
real estate appraisal deagon,https://www.yourpropertyguide.com.au/suburbs/deagon-qld-4017/agents,0,2,0,14
real estate borrowing,https://www.yourpropertyguide.com.au/borrowing-power-calculator,0,1,0,81
real estate broker commission,https://www.yourpropertyguide.com.au/guides/real-estate-commission-vic,0,1,0,63
real estate broker commission calculator,https://www.yourpropertyguide.com.au/guides/real-estate-commission-vic,0,1,0,87
real estate broker commission calculator,https://www.yourpropertyguide.com.au/real-estate-commission-calculator,0,1,0,78
real estate broker commission percentage,https://www.yourpropertyguide.com.au/guides/real-estate-commission-vic,0,1,0,64
real estate broker commission rates,https://www.yourpropertyguide.com.au/guides/real-estate-commission-vic,0,1,0,68
real estate broker commissions,https://www.yourpropertyguide.com.au/guides/real-estate-commission-vic,0,1,0,65
real estate broker fee percentage,https://www.yourpropertyguide.com.au/guides/real-estate-commission-vic,0,1,0,67
real estate broker fee percentage,https://www.yourpropertyguide.com.au/real-estate-commission-calculator,0,1,0,80
real estate broker fees,https://www.yourpropertyguide.com.au/guides/real-estate-commission-vic,0,2,0,56
real estate broker fees,https://www.yourpropertyguide.com.au/real-estate-commission-calculator,0,2,0,71.5
real estate brokerage charges,https://www.yourpropertyguide.com.au/guides/real-estate-commission-vic,0,1,0,69
real estate brokerage charges,https://www.yourpropertyguide.com.au/real-estate-commission-calculator,0,2,0,51.5
real estate brokerage commissions,https://www.yourpropertyguide.com.au/guides/real-estate-commission-nsw,0,1,0,42
real estate brokerage commissions,https://www.yourpropertyguide.com.au/guides/real-estate-commission-vic,0,1,0,72
real estate brokerage fee,https://www.yourpropertyguide.com.au/guides/real-estate-commission-nsw,0,2,0,30.5
real estate brokerage fee,https://www.yourpropertyguide.com.au/guides/real-estate-commission-vic,0,19,0,47.5
real estate buyer leads,https://www.yourpropertyguide.com.au/for-agents,0,1,0,78
real estate charges,https://www.yourpropertyguide.com.au/guides/real-estate-commission-nsw,0,5,0,35
real estate charges,https://www.yourpropertyguide.com.au/guides/real-estate-commission-vic,0,16,0,41.6
real estate charges to sell a house,https://www.yourpropertyguide.com.au/guides/real-estate-commission-nsw,0,1,0,91
real estate charges to sell a house,https://www.yourpropertyguide.com.au/guides/real-estate-commission-vic,0,16,0,90.9
real estate comm,https://www.yourpropertyguide.com.au/guides/real-estate-commission-vic,0,1,0,66
real estate commision,https://www.yourpropertyguide.com.au/guides/real-estate-commission-nsw,0,6,0,69.7
real estate commision,https://www.yourpropertyguide.com.au/guides/real-estate-commission-vic,0,10,0,70.6
real estate commission,https://www.yourpropertyguide.com.au/guides/real-estate-commission-nsw,0,13,0,73.5
real estate commission,https://www.yourpropertyguide.com.au/guides/real-estate-commission-vic,0,65,0,55.7
real estate commission australia,https://www.yourpropertyguide.com.au/guides/real-estate-commission-vic,0,1,0,99
real estate commission australia,https://www.yourpropertyguide.com.au/real-estate-commission-calculator,0,2,0,79.5
real estate commission breakdown,https://www.yourpropertyguide.com.au/guides/real-estate-commission-vic,0,1,0,80
real estate commission breakdown,https://www.yourpropertyguide.com.au/real-estate-commission-calculator,0,1,0,59
real estate commission calculator,https://www.yourpropertyguide.com.au/guides/real-estate-commission-vic,0,5,0,86.6
real estate commission calculator,https://www.yourpropertyguide.com.au/real-estate-commission-calculator,0,4,0,79.5
real estate commission calculator australia,https://www.yourpropertyguide.com.au/guides/real-estate-commission-nsw,0,1,0,85
real estate commission calculator australia,https://www.yourpropertyguide.com.au/guides/real-estate-commission-vic,0,2,0,86
real estate commission calculator australia,https://www.yourpropertyguide.com.au/real-estate-commission-calculator,0,1,0,75
real estate commission calculator nsw,https://www.yourpropertyguide.com.au/guides/real-estate-commission-nsw,0,4,0,22
real estate commission calculator nsw,https://www.yourpropertyguide.com.au/real-estate-commission-calculator,0,7,0,58.7
real estate commission calculator qld,https://www.yourpropertyguide.com.au/real-estate-commission-calculator,0,4,0,61.5
real estate commission calculator vic,https://www.yourpropertyguide.com.au/guides/real-estate-commission-vic,0,1,0,89
real estate commission calculator vic,https://www.yourpropertyguide.com.au/real-estate-commission-calculator,0,1,0,80
real estate commission canberra,https://www.yourpropertyguide.com.au/guides/cost-of-selling-a-house-act,0,1,0,48
real estate commission canberra,https://www.yourpropertyguide.com.au/real-estate-commission-calculator,0,1,0,76
real estate commission fees,https://www.yourpropertyguide.com.au/guides/real-estate-commission-nsw,0,1,0,54
real estate commission fees,https://www.yourpropertyguide.com.au/guides/real-estate-commission-vic,0,13,0,60.8
real estate commission fees nsw,https://www.yourpropertyguide.com.au/guides/real-estate-commission-nsw,0,3,0,27
real estate commission fees nsw,https://www.yourpropertyguide.com.au/real-estate-commission-calculator,0,1,0,49
real estate commission fees qld,https://www.yourpropertyguide.com.au/real-estate-commission-calculator,0,1,0,72
real estate commission fees sa,https://www.yourpropertyguide.com.au/real-estate-commission-calculator,0,1,0,67
real estate commission fees tasmania,https://www.yourpropertyguide.com.au/real-estate-commission-calculator,0,1,0,69
real estate commission fees wa,https://www.yourpropertyguide.com.au/real-estate-commission-calculator,0,1,0,62
real estate commission how does it work,https://www.yourpropertyguide.com.au/guides/real-estate-commission-vic,0,1,0,42
real estate commission melbourne,https://www.yourpropertyguide.com.au/guides/real-estate-commission-vic,0,1,0,69
real estate commission new south wales,https://www.yourpropertyguide.com.au/guides/real-estate-commission-nsw,0,16,0,18.2
real estate commission nsw,https://www.yourpropertyguide.com.au/guides/real-estate-commission-nsw,0,7,0,15.9
real estate commission nsw,https://www.yourpropertyguide.com.au/real-estate-commission-calculator,0,8,0,48.4
real estate commission nsw calculator,https://www.yourpropertyguide.com.au/guides/real-estate-commission-nsw,0,3,0,25.3
real estate commission on 1 million,https://www.yourpropertyguide.com.au/guides/real-estate-commission-vic,0,1,0,63
real estate commission on 1 million,https://www.yourpropertyguide.com.au/real-estate-commission-calculator,0,1,0,80
real estate commission percentage,https://www.yourpropertyguide.com.au/guides/real-estate-commission-vic,0,1,0,68
real estate commission qld,https://www.yourpropertyguide.com.au/real-estate-commission-calculator,0,15,0,79.2
real estate commission qld 2024,https://www.yourpropertyguide.com.au/real-estate-commission-calculator,0,1,0,71
real estate commission qld calculator,https://www.yourpropertyguide.com.au/real-estate-commission-calculator,0,6,0,74.8
real estate commission rate,https://www.yourpropertyguide.com.au/guides/real-estate-commission-vic,0,2,0,41
real estate commission rates,https://www.yourpropertyguide.com.au/guides/real-estate-commission-vic,0,4,0,66
real estate commission rates,https://www.yourpropertyguide.com.au/real-estate-commission-calculator,0,4,0,63
real estate commission rates australia,https://www.yourpropertyguide.com.au/guides/real-estate-commission-vic,0,4,0,85.5
real estate commission rates australia,https://www.yourpropertyguide.com.au/real-estate-commission-calculator,0,4,0,84.5
real estate commission split calculator,https://www.yourpropertyguide.com.au/real-estate-commission-calculator,0,1,0,73
real estate commission split comparison,https://www.yourpropertyguide.com.au/guides/real-estate-commission-nsw,0,1,0,65
real estate commission sydney,https://www.yourpropertyguide.com.au/real-estate-commission-calculator,0,1,0,69
real estate commission victoria,https://www.yourpropertyguide.com.au/guides/real-estate-commission-vic,0,3,0,23.3
real estate commission wa,https://www.yourpropertyguide.com.au/real-estate-commission-calculator,0,1,0,52
real estate commission wa calculator,https://www.yourpropertyguide.com.au/real-estate-commission-calculator,0,2,0,76
real estate commissions,https://www.yourpropertyguide.com.au/guides/real-estate-commission-nsw,0,3,0,86
real estate commissions,https://www.yourpropertyguide.com.au/guides/real-estate-commission-vic,0,7,0,88.6
real estate comparison tool,https://www.yourpropertyguide.com.au/tools,0,1,0,76
real estate definitions,https://www.yourpropertyguide.com.au/glossary,0,17,0,85.2
real estate dictionary,https://www.yourpropertyguide.com.au/glossary,0,1,0,87
real estate fee,https://www.yourpropertyguide.com.au/guides/real-estate-commission-nsw,0,2,0,48
real estate fee,https://www.yourpropertyguide.com.au/guides/real-estate-commission-vic,0,4,0,42.8
real estate fee calculator,https://www.yourpropertyguide.com.au/guides/real-estate-commission-vic,0,1,0,99
real estate fee calculator,https://www.yourpropertyguide.com.au/real-estate-commission-calculator,0,1,0,91
real estate fee calculator qld,https://www.yourpropertyguide.com.au/real-estate-commission-calculator,0,1,0,71
real estate fees,https://www.yourpropertyguide.com.au/guides/real-estate-commission-nsw,0,9,0,36.9
real estate fees,https://www.yourpropertyguide.com.au/guides/real-estate-commission-vic,0,28,0,51.9
real estate fees calculator,https://www.yourpropertyguide.com.au/guides/real-estate-commission-vic,0,1,0,99
real estate fees calculator,https://www.yourpropertyguide.com.au/real-estate-commission-calculator,0,1,0,87
real estate fees calculator queensland,https://www.yourpropertyguide.com.au/real-estate-commission-calculator,0,11,0,85.3
real estate fees for seller,https://www.yourpropertyguide.com.au/guides/real-estate-commission-nsw,0,2,0,30.5
real estate fees for seller,https://www.yourpropertyguide.com.au/guides/real-estate-commission-vic,0,20,0,47.6
real estate fees for selling,https://www.yourpropertyguide.com.au/guides/real-estate-commission-vic,0,6,0,60.7
real estate fees for selling a house,https://www.yourpropertyguide.com.au/guides/real-estate-commission-vic,0,27,0,48.0
real estate fees melbourne,https://www.yourpropertyguide.com.au/guides/real-estate-commission-vic,0,5,0,48
real estate fees nsw,https://www.yourpropertyguide.com.au/guides/real-estate-commission-nsw,0,21,0,21.2
real estate fees on selling a house,https://www.yourpropertyguide.com.au/guides/real-estate-commission-nsw,0,1,0,35
real estate fees qld,https://www.yourpropertyguide.com.au/real-estate-commission-calculator,0,11,0,70.4
real estate fees qld calculator,https://www.yourpropertyguide.com.au/real-estate-commission-calculator,0,3,0,61
real estate fees selling house calculator,https://www.yourpropertyguide.com.au/guides/cost-of-selling-a-house-vic,0,2,0,38.5
real estate fees selling house calculator,https://www.yourpropertyguide.com.au/real-estate-commission-calculator,0,2,0,99.5
real estate fees selling house calculator,https://www.yourpropertyguide.com.au/selling-costs-calculator,0,3,0,2.7
real estate fees victoria,https://www.yourpropertyguide.com.au/guides/real-estate-commission-vic,0,6,0,40.3
real estate fees when selling,https://www.yourpropertyguide.com.au/guides/real-estate-commission-vic,0,5,0,56
real estate glossary pdf,https://www.yourpropertyguide.com.au/glossary,0,1,0,63
real estate guide,https://www.yourpropertyguide.com.au/,0,81,0,9.0
real estate key terms,https://www.yourpropertyguide.com.au/glossary,0,14,0,96.6
real estate leads,https://www.yourpropertyguide.com.au/for-agents,0,41,0,77.3
real estate leads australia,https://www.yourpropertyguide.com.au/for-agents,0,4,0,84.2
real estate leads australia,https://www.yourpropertyguide.com.au/real-estate-leads,0,1,0,59
real estate leads for agents,https://www.yourpropertyguide.com.au/for-agents,0,1,0,74
real estate leads for new agents australia,https://www.yourpropertyguide.com.au/for-agents,0,3,0,87.3
real estate leads for sale,https://www.yourpropertyguide.com.au/for-agents,0,1,0,73
real estate listing commission,https://www.yourpropertyguide.com.au/guides/real-estate-commission-nsw,0,1,0,84
real estate listing commission,https://www.yourpropertyguide.com.au/guides/real-estate-commission-vic,0,1,0,50
real estate listing fee,https://www.yourpropertyguide.com.au/guides/real-estate-commission-nsw,0,3,0,28
real estate listing fee,https://www.yourpropertyguide.com.au/guides/real-estate-commission-vic,0,1,0,39
real estate listing fees,https://www.yourpropertyguide.com.au/guides/real-estate-commission-nsw,0,2,0,25
real estate listing fees,https://www.yourpropertyguide.com.au/guides/real-estate-commission-vic,0,7,0,32.3
real estate listing leads,https://www.yourpropertyguide.com.au/for-agents,0,1,0,86
real estate percentage,https://www.yourpropertyguide.com.au/guides/real-estate-commission-vic,0,1,0,72
real estate percentage commission,https://www.yourpropertyguide.com.au/guides/real-estate-commission-nsw,0,1,0,7
real estate percentage of sale,https://www.yourpropertyguide.com.au/guides/real-estate-commission-nsw,0,20,0,23.6
real estate percentage of sale,https://www.yourpropertyguide.com.au/guides/real-estate-commission-vic,0,4,0,62.8
real estate property appraisal fairview park,https://www.yourpropertyguide.com.au/suburbs/fairview-park-sa-5126/agents,0,1,0,16
real estate rates for selling,https://www.yourpropertyguide.com.au/guides/real-estate-commission-nsw,0,2,0,23
real estate rates for selling,https://www.yourpropertyguide.com.au/guides/real-estate-commission-vic,0,6,0,55.5
real estate referral fee calculator,https://www.yourpropertyguide.com.au/real-estate-commission-calculator,0,1,0,73
real estate rental calculator,https://www.yourpropertyguide.com.au/rental-yield-calculator,0,10,0,82.1
real estate sale percentage,https://www.yourpropertyguide.com.au/guides/real-estate-commission-nsw,0,1,0,10
real estate sales commission,https://www.yourpropertyguide.com.au/guides/real-estate-commission-nsw,0,2,0,80.5
real estate sales commission,https://www.yourpropertyguide.com.au/guides/real-estate-commission-vic,0,10,0,63.3
real estate sales commission calculator,https://www.yourpropertyguide.com.au/real-estate-commission-calculator,0,1,0,82
real estate sales fees,https://www.yourpropertyguide.com.au/guides/real-estate-commission-vic,0,1,0,63
real estate salesperson commission,https://www.yourpropertyguide.com.au/guides/real-estate-commission-nsw,0,2,0,78
real estate salesperson commission,https://www.yourpropertyguide.com.au/guides/real-estate-commission-vic,0,3,0,55.7
real estate salesperson commission rate,https://www.yourpropertyguide.com.au/guides/real-estate-commission-vic,0,1,0,49
real estate seller commission,https://www.yourpropertyguide.com.au/guides/real-estate-commission-vic,0,1,0,62
real estate selling costs calculator,https://www.yourpropertyguide.com.au/guides/cost-of-selling-a-house-vic,0,1,0,22
real estate selling costs calculator,https://www.yourpropertyguide.com.au/selling-costs-calculator,0,6,0,1.8
real estate selling fees,https://www.yourpropertyguide.com.au/guides/real-estate-commission-nsw,0,14,0,26.4
real estate selling fees,https://www.yourpropertyguide.com.au/guides/real-estate-commission-vic,0,78,0,25.9
real estate selling fees nsw,https://www.yourpropertyguide.com.au/guides/real-estate-commission-nsw,0,5,0,26.4
real estate selling fees nsw calculator,https://www.yourpropertyguide.com.au/real-estate-commission-calculator,0,1,0,66
real estate terminology,https://www.yourpropertyguide.com.au/glossary,0,1,0,83
real estate terminology australia,https://www.yourpropertyguide.com.au/glossary,0,2,0,76.5
real estate terminology sheet,https://www.yourpropertyguide.com.au/glossary,0,1,0,77
real estate terms,https://www.yourpropertyguide.com.au/glossary,0,1,0,86
real estate terms 101,https://www.yourpropertyguide.com.au/glossary,0,1,0,75
real estate terms and definitions,https://www.yourpropertyguide.com.au/glossary,0,1,0,75
real estate terms and definitions pdf,https://www.yourpropertyguide.com.au/glossary,0,2,0,69
real estate vocabulary pdf,https://www.yourpropertyguide.com.au/glossary,0,1,0,65
real estate yield calculator,https://www.yourpropertyguide.com.au/rental-yield-calculator,0,18,0,72.3
realestate agent fees,https://www.yourpropertyguide.com.au/guides/real-estate-commission-nsw,0,2,0,65
realestate agent fees,https://www.yourpropertyguide.com.au/guides/real-estate-commission-vic,0,7,0,54
realestate com au fees,https://www.yourpropertyguide.com.au/guides/real-estate-commission-nsw,0,2,0,27.5
realestate fees,https://www.yourpropertyguide.com.au/guides/real-estate-commission-nsw,0,9,0,37
realestate fees,https://www.yourpropertyguide.com.au/guides/real-estate-commission-vic,0,31,0,48.7
realestate fees nsw,https://www.yourpropertyguide.com.au/guides/real-estate-commission-nsw,0,3,0,21
realestate guide,https://www.yourpropertyguide.com.au/,0,62,0,5.4
realestate selling fees,https://www.yourpropertyguide.com.au/guides/real-estate-commission-nsw,0,1,0,30
realtor agent commission calculator,https://www.yourpropertyguide.com.au/guides/real-estate-commission-vic,0,1,0,83
realtor agent commission calculator,https://www.yourpropertyguide.com.au/real-estate-commission-calculator,0,1,0,76
realtor broker fee,https://www.yourpropertyguide.com.au/guides/real-estate-commission-vic,0,1,0,50
realtor broker fees,https://www.yourpropertyguide.com.au/guides/real-estate-commission-vic,0,1,0,57
realtor broker fees,https://www.yourpropertyguide.com.au/real-estate-commission-calculator,0,1,0,87
realtor charge for selling home,https://www.yourpropertyguide.com.au/guides/real-estate-commission-vic,0,1,0,65
realtor commission,https://www.yourpropertyguide.com.au/guides/real-estate-commission-vic,0,2,0,66
realtor commission,https://www.yourpropertyguide.com.au/real-estate-commission-calculator,0,1,0,81
realtor commission calculator,https://www.yourpropertyguide.com.au/guides/real-estate-commission-vic,0,1,0,84
realtor commission calculator,https://www.yourpropertyguide.com.au/real-estate-commission-calculator,0,1,0,76
realtor commission fees,https://www.yourpropertyguide.com.au/guides/real-estate-commission-vic,0,1,0,60
realtor commission fees,https://www.yourpropertyguide.com.au/real-estate-commission-calculator,0,1,0,81
realtor commission for selling a house,https://www.yourpropertyguide.com.au/guides/real-estate-commission-vic,0,1,0,63
realtor commission on 500k house,https://www.yourpropertyguide.com.au/real-estate-commission-calculator,0,1,0,80
realtor commission on selling house,https://www.yourpropertyguide.com.au/guides/real-estate-commission-vic,0,1,0,76
realtor commission on selling house,https://www.yourpropertyguide.com.au/real-estate-commission-calculator,0,1,0,65
realtor commission percentage,https://www.yourpropertyguide.com.au/guides/real-estate-commission-nsw,0,1,0,64
realtor commission percentage,https://www.yourpropertyguide.com.au/guides/real-estate-commission-vic,0,2,0,69.5
realtor commission rate,https://www.yourpropertyguide.com.au/guides/real-estate-commission-vic,0,3,0,69.3
realtor commission rate,https://www.yourpropertyguide.com.au/real-estate-commission-calculator,0,1,0,66
realtor commission rates,https://www.yourpropertyguide.com.au/guides/real-estate-commission-vic,0,3,0,74
realtor commission rates,https://www.yourpropertyguide.com.au/real-estate-commission-calculator,0,2,0,71
realtor cost calculator,https://www.yourpropertyguide.com.au/real-estate-commission-calculator,0,2,0,79.5
realtor costs,https://www.yourpropertyguide.com.au/guides/real-estate-commission-vic,0,1,0,53
realtor costs,https://www.yourpropertyguide.com.au/real-estate-commission-calculator,0,1,0,71
realtor fee calculator,https://www.yourpropertyguide.com.au/real-estate-commission-calculator,0,1,0,70
realtor fees,https://www.yourpropertyguide.com.au/guides/real-estate-commission-vic,0,1,0,68
realtor fees,https://www.yourpropertyguide.com.au/real-estate-commission-calculator,0,1,0,54
realtor fees calculator,https://www.yourpropertyguide.com.au/real-estate-commission-calculator,0,1,0,70
realtor fees when selling a house,https://www.yourpropertyguide.com.au/guides/real-estate-commission-vic,0,1,0,47
realtor leads,https://www.yourpropertyguide.com.au/for-agents,0,1,0,75
realtor percentage,https://www.yourpropertyguide.com.au/guides/real-estate-commission-vic,0,1,0,44
realtor percentage of sale,https://www.yourpropertyguide.com.au/guides/real-estate-commission-vic,0,1,0,61
realtor rate,https://www.yourpropertyguide.com.au/guides/real-estate-commission-vic,0,1,0,54
realtor rates,https://www.yourpropertyguide.com.au/guides/real-estate-commission-vic,0,1,0,51
realtor real estate agent bandiana,https://www.yourpropertyguide.com.au/suburbs/bandiana-vic-3691/agents,0,1,0,9
realtor real estate agent lavington,https://www.yourpropertyguide.com.au/suburbs/lavington-nsw-2641/agents,0,2,0,28.5
realtor real estate agent south albury,https://www.yourpropertyguide.com.au/suburbs/south-albury-nsw-2640/agents,0,1,0,37
realtor real estate agent springdale heights,https://www.yourpropertyguide.com.au/suburbs/springdale-heights-nsw-2641/agents,0,2,0,11.5
realtor sales commission,https://www.yourpropertyguide.com.au/guides/real-estate-commission-vic,0,1,0,73
realty leads,https://www.yourpropertyguide.com.au/for-agents,0,1,0,54
rebuilding a house cost,https://www.yourpropertyguide.com.au/renovating,0,1,0,81
recommended real estate agents rouse hill,https://www.yourpropertyguide.com.au/suburbs/rouse-hill-nsw-2155/agents,0,2,0,42
red cliffs east primary school,https://www.yourpropertyguide.com.au/schools/red-cliffs-east-primary-school-44709,0,1,0,23
red hill act,https://www.yourpropertyguide.com.au/suburbs/red-hill-act-2603,0,1,0,54
red hill act 2603,https://www.yourpropertyguide.com.au/suburbs/red-hill-act-2603,0,1,0,39
red hill act post code,https://www.yourpropertyguide.com.au/suburbs/red-hill-act-2603,0,5,0,10
red hill act postcode,https://www.yourpropertyguide.com.au/suburbs/red-hill-act-2603,0,24,0,12.5
red hill canberra,https://www.yourpropertyguide.com.au/suburbs/red-hill-act-2603,0,5,0,41
red hill canberra postcode,https://www.yourpropertyguide.com.au/suburbs/red-hill-act-2603,0,6,0,13.5
red hill median house price,https://www.yourpropertyguide.com.au/suburbs/red-hill-act-2603,0,1,0,2
red hill post code,https://www.yourpropertyguide.com.au/suburbs/red-hill-act-2603,0,73,0,9.2
red hill post code act,https://www.yourpropertyguide.com.au/suburbs/red-hill-act-2603,0,3,0,9.7
red hill postcode,https://www.yourpropertyguide.com.au/suburbs/red-hill-act-2603,0,27,0,10
red hill postcode act,https://www.yourpropertyguide.com.au/suburbs/red-hill-act-2603,0,16,0,9.9
red hill suburb profile,https://www.yourpropertyguide.com.au/suburbs/red-hill-act-2603,0,1,0,11
redbank postcode,https://www.yourpropertyguide.com.au/suburbs/redbank-nsw-2446,0,17,0,6.2
redbank postcode,https://www.yourpropertyguide.com.au/suburbs/redbank-wa-6721,0,16,0,9.6
redcliffe 4020 real estate agent,https://www.yourpropertyguide.com.au/suburbs/redcliffe-qld-4020/agents,0,2,0,38.5
redcliffe real estate agents,https://www.yourpropertyguide.com.au/suburbs/redcliffe-qld-4020/agents,0,1,0,45
redfern buyers agent,https://www.yourpropertyguide.com.au/suburbs/redfern-nsw-2016/agents,0,2,0,26
redland bay real estate agents,https://www.yourpropertyguide.com.au/suburbs/redland-bay-qld-4165/agents,0,1,0,36
redlands postcode,https://www.yourpropertyguide.com.au/suburbs/redlands-nsw-2646,0,1,0,11
redlynch postcode,https://www.yourpropertyguide.com.au/suburbs/redlynch-qld-4870,0,1,0,11
reduced commission real estate,https://www.yourpropertyguide.com.au/guides/real-estate-commission-vic,0,2,0,70.5
reedy creek,https://www.yourpropertyguide.com.au/suburbs/reedy-creek-qld-4227/vs/burleigh-town-qld-4220,0,3,0,72.7
reedy creek australia,https://www.yourpropertyguide.com.au/suburbs/reedy-creek-qld-4227/vs/burleigh-town-qld-4220,0,1,0,66
reedy creek gold coast,https://www.yourpropertyguide.com.au/suburbs/reedy-creek-qld-4227/vs/burleigh-town-qld-4220,0,2,0,77.5
reedy creek nsw,https://www.yourpropertyguide.com.au/suburbs/reedy-creek-qld-4227/vs/burleigh-town-qld-4220,0,1,0,67
reedy creek qld,https://www.yourpropertyguide.com.au/suburbs/reedy-creek-qld-4227/vs/burleigh-town-qld-4220,0,1,0,65
reedy creek qld 4227,https://www.yourpropertyguide.com.au/suburbs/reedy-creek-qld-4227/vs/burleigh-town-qld-4220,0,1,0,49
reedy creek qld postcode,https://www.yourpropertyguide.com.au/suburbs/reedy-creek-qld-4227/vs/burleigh-town-qld-4220,0,1,0,49
reefton postcode,https://www.yourpropertyguide.com.au/postcodes/3799,0,3,0,9
refurbishing a house,https://www.yourpropertyguide.com.au/renovating,0,1,0,60
regents park post code,https://www.yourpropertyguide.com.au/postcodes/4118,0,3,0,12
regents park postcode qld,https://www.yourpropertyguide.com.au/postcodes/4118,0,1,0,11
regents park qld postcode,https://www.yourpropertyguide.com.au/postcodes/4118,0,1,0,23
region in australia,https://www.yourpropertyguide.com.au/regions,0,6,0,73.7
regional property markets in wa,https://www.yourpropertyguide.com.au/market-reports/wa,0,15,0,51.1
regions in australia,https://www.yourpropertyguide.com.au/regions,0,8,0,65
regions of australia,https://www.yourpropertyguide.com.au/regions,0,5,0,66.4
reid river,https://www.yourpropertyguide.com.au/suburbs/reid-river-qld-4816,0,1,0,32
reid river qld,https://www.yourpropertyguide.com.au/suburbs/reid-river-qld-4816,0,1,0,25
reids creek,https://www.yourpropertyguide.com.au/suburbs/reids-creek-qld-4625,0,3,0,12.3
reiq commission calculator,https://www.yourpropertyguide.com.au/real-estate-commission-calculator,0,1,0,54
reiq commission rates,https://www.yourpropertyguide.com.au/guides/real-estate-commission-vic,0,1,0,9
reiq commission rates qld,https://www.yourpropertyguide.com.au/real-estate-commission-calculator,0,1,0,73
reletting cost,https://www.yourpropertyguide.com.au/guides,0,1,0,72
reletting costs,https://www.yourpropertyguide.com.au/guides,0,1,0,77
remax fees for selling a house,https://www.yourpropertyguide.com.au/guides/real-estate-commission-vic,0,1,0,61
remodel a house cost,https://www.yourpropertyguide.com.au/renovating,0,1,0,100
remodel cost,https://www.yourpropertyguide.com.au/renovating,0,1,0,99
remodel costs 2022,https://www.yourpropertyguide.com.au/guides/renovation-cost-australia-2026,0,1,0,23
remodel house cost,https://www.yourpropertyguide.com.au/renovating,0,1,0,98
remodeling cost,https://www.yourpropertyguide.com.au/renovating,0,3,0,84.3
remodeling costs,https://www.yourpropertyguide.com.au/renovating,0,1,0,98
remodeling house cost,https://www.yourpropertyguide.com.au/renovating,0,1,0,99
renmark west,https://www.yourpropertyguide.com.au/schools/renmark-west-primary-school-49292/vs/renmark-primary-school-49290,0,1,0,39
renmark west primary school,https://www.yourpropertyguide.com.au/schools/renmark-west-primary-school-49292/vs/renmark-primary-school-49290,0,1,0,11
reno cost,https://www.yourpropertyguide.com.au/guides/renovation-cost-australia-2026,0,4,0,80
renovate your house,https://www.yourpropertyguide.com.au/renovating,0,1,0,66
renovating a house,https://www.yourpropertyguide.com.au/renovating,0,20,0,75.2
renovating your home,https://www.yourpropertyguide.com.au/renovating,0,4,0,72
renovating your house,https://www.yourpropertyguide.com.au/renovating,0,1,0,60
renovation budget guide,https://www.yourpropertyguide.com.au/renovating,0,2,0,84
renovation calculator australia,https://www.yourpropertyguide.com.au/renovating,0,2,0,83.5
renovation cost melbourne,https://www.yourpropertyguide.com.au/renovating,0,1,0,92
renovation cost per m2 australia,https://www.yourpropertyguide.com.au/renovating,0,1,0,90
renovation cost per m2 melbourne,https://www.yourpropertyguide.com.au/renovating,0,3,0,94.7
renovation cost per square foot,https://www.yourpropertyguide.com.au/renovating,0,1,0,98
renovation costs,https://www.yourpropertyguide.com.au/guides/renovation-cost-australia-2026,0,10,0,83.4
renovation costs,https://www.yourpropertyguide.com.au/renovating,0,12,0,92.8
renovation costs 2025,https://www.yourpropertyguide.com.au/guides/renovation-cost-australia-2026,0,6,0,39.5
renovation costs 2025,https://www.yourpropertyguide.com.au/renovating,0,6,0,93.7
renovation costs australia,https://www.yourpropertyguide.com.au/guides/renovation-cost-australia-2026,0,2,0,19.5
renovation costs australia,https://www.yourpropertyguide.com.au/renovating,0,1,0,80
renovation costs gold coast,https://www.yourpropertyguide.com.au/guides/renovation-cost-australia-2026,0,3,0,91
renovation costs melbourne,https://www.yourpropertyguide.com.au/renovating,0,1,0,94
renovation estimator australia,https://www.yourpropertyguide.com.au/renovating,0,1,0,88
renr,https://www.yourpropertyguide.com.au/suburbs/narre-warren-vic-3805/rental-market,0,2,0,64.5
rent,https://www.yourpropertyguide.com.au/suburbs/bentleigh-vic-3204/rental-market,0,1,0,12
rent affordability calculator australia,https://www.yourpropertyguide.com.au/affordability-calculator,0,1,0,91
rent back after settlement,https://www.yourpropertyguide.com.au/guides,0,2,0,65
rent mc,https://www.yourpropertyguide.com.au/suburbs/gold-coast-mc-qld-4217/rental-market,0,1,0,19
rent prices,https://www.yourpropertyguide.com.au/suburbs/bendigo-vic-3550/rental-market,0,1,0,18
rent return calculator,https://www.yourpropertyguide.com.au/rental-yield-calculator,0,1,0,74
rent reviews bankstown,https://www.yourpropertyguide.com.au/suburbs/bankstown-nsw-2200/rental-market,0,6,0,40.8
rent reviews davidson,https://www.yourpropertyguide.com.au/suburbs/davidson-nsw-2085/rental-market,0,26,0,25.5
rent reviews picton,https://www.yourpropertyguide.com.au/suburbs/picton-nsw-2571/rental-market,0,22,0,35.5
rent reviews tahmoor,https://www.yourpropertyguide.com.au/suburbs/tahmoor-nsw-2573/rental-market,0,27,0,28.5
rent tracker postcode tool,https://www.yourpropertyguide.com.au/tools,0,1,0,68
rent yield calculator,https://www.yourpropertyguide.com.au/rental-yield-calculator,0,18,0,69.9
rental agents greenwith,https://www.yourpropertyguide.com.au/suburbs/greenwith-sa-5125/agents,0,1,0,20
rental agents greystanes,https://www.yourpropertyguide.com.au/suburbs/greystanes-nsw-2145/agents,0,1,0,10
rental agents woodpark,https://www.yourpropertyguide.com.au/suburbs/woodpark-nsw-2164/agents,0,3,0,6
rental appraisal act,https://www.yourpropertyguide.com.au/guides/renters-rights-act,0,13,0,54.8
rental appraisal aspley,https://www.yourpropertyguide.com.au/suburbs/aspley-qld-4034/rental-market,0,1,0,12
rental appraisal bankstown,https://www.yourpropertyguide.com.au/suburbs/bankstown-north-nsw-2200/rental-market,0,1,0,30
rental appraisal bankstown,https://www.yourpropertyguide.com.au/suburbs/bankstown-square-nsw-2200/rental-market,0,1,0,39
rental appraisal bentley,https://www.yourpropertyguide.com.au/suburbs/bentley-dc-wa-6102/rental-market,0,1,0,18
rental appraisal berwick,https://www.yourpropertyguide.com.au/suburbs/berwick-vic-3806/rental-market,0,2,0,28.5
rental appraisal booragoon,https://www.yourpropertyguide.com.au/suburbs/booragoon-wa-6954/rental-market,0,1,0,27
rental appraisal carrum downs,https://www.yourpropertyguide.com.au/suburbs/carrum-downs-vic-3201/rental-market,0,2,0,39.5
rental appraisal cooktown,https://www.yourpropertyguide.com.au/suburbs/cooktown-qld-4895/rental-market,0,2,0,12.5
rental appraisal dampier,https://www.yourpropertyguide.com.au/suburbs/dampier-archipelago-wa-6713/rental-market,0,3,0,80.3
rental appraisal dampier,https://www.yourpropertyguide.com.au/suburbs/dampier-peninsula-wa-6725/rental-market,0,4,0,52.8
rental appraisal dandenong,https://www.yourpropertyguide.com.au/suburbs/dandenong-east-vic-3175/rental-market,0,3,0,75
rental appraisal dandenong,https://www.yourpropertyguide.com.au/suburbs/dandenong-south-vic-3175/rental-market,0,6,0,60.2
rental appraisal drouin,https://www.yourpropertyguide.com.au/suburbs/drouin-south-vic-3818/rental-market,0,5,0,62.2
rental appraisal drouin,https://www.yourpropertyguide.com.au/suburbs/drouin-vic-3818/rental-market,0,2,0,42.5
rental appraisal endeavour hills,https://www.yourpropertyguide.com.au/suburbs/endeavour-hills-vic-3802/rental-market,0,1,0,28
rental appraisal karratha,https://www.yourpropertyguide.com.au/suburbs/karratha-wa-6714/rental-market,0,19,0,24.8
rental appraisal maida vale,https://www.yourpropertyguide.com.au/suburbs/maida-vale-wa-6057/rental-market,0,1,0,24
rental appraisal medowie,https://www.yourpropertyguide.com.au/suburbs/medowie-nsw-2318/rental-market,0,3,0,25.7
rental appraisal newport 4020,https://www.yourpropertyguide.com.au/suburbs/newport-qld-4020/rental-market,0,9,0,21.8
rental appraisal point cook,https://www.yourpropertyguide.com.au/suburbs/point-cook-vic-3030/rental-market,0,3,0,35
rental appraisal port hedland,https://www.yourpropertyguide.com.au/suburbs/port-hedland-wa-6721/rental-market,0,34,0,27.6
rental appraisal port melbourne,https://www.yourpropertyguide.com.au/suburbs/port-melbourne-vic-3207/rental-market,0,5,0,41.6
rental appraisal scarborough 4020,https://www.yourpropertyguide.com.au/suburbs/scarborough-qld-4020/rental-market,0,20,0,23.7
rental appraisal shelley,https://www.yourpropertyguide.com.au/suburbs/shelley-wa-6148/rental-market,0,1,0,26
rental appraisal south hedland,https://www.yourpropertyguide.com.au/suburbs/south-hedland-wa-6722/agents,0,6,0,19.3
rental appraisal stirling,https://www.yourpropertyguide.com.au/suburbs/stirling-estate-wa-6271/rental-market,0,1,0,25
rental appraisal tom price,https://www.yourpropertyguide.com.au/suburbs/tom-price-wa-6751/rental-market,0,5,0,53.6
rental appraisals bridgeman downs,https://www.yourpropertyguide.com.au/suburbs/bridgeman-downs-qld-4035/rental-market,0,2,0,23.5
rental appraisals petrie,https://www.yourpropertyguide.com.au/suburbs/petrie-qld-4502/rental-market,0,4,0,22.5
rental appraisals strathpine,https://www.yourpropertyguide.com.au/suburbs/strathpine-qld-4500/rental-market,0,11,0,12
rental appraisals warner,https://www.yourpropertyguide.com.au/suburbs/warner-qld-4500/rental-market,0,1,0,20
rental brokerage fee,https://www.yourpropertyguide.com.au/guides,0,1,0,73
rental commission calculator,https://www.yourpropertyguide.com.au/real-estate-commission-calculator,0,1,0,62
rental estimate canberra,https://www.yourpropertyguide.com.au/suburbs/canberra-act-2600/rental-market,0,20,0,57.4
rental estimate canberra,https://www.yourpropertyguide.com.au/suburbs/canberra-act-2601/rental-market,0,1,0,55
rental estimate canberra,https://www.yourpropertyguide.com.au/suburbs/university-of-canberra-act-2617/rental-market,0,1,0,48
rental house investment calculator,https://www.yourpropertyguide.com.au/rental-yield-calculator,0,8,0,92.2
rental income calculator,https://www.yourpropertyguide.com.au/rental-yield-calculator,0,18,0,77.2
rental income calculator australia,https://www.yourpropertyguide.com.au/rental-yield-calculator,0,5,0,75
rental income yield calculator,https://www.yourpropertyguide.com.au/rental-yield-calculator,0,19,0,78.3
rental investment calculator,https://www.yourpropertyguide.com.au/rental-yield-calculator,0,16,0,93.7
rental prices,https://www.yourpropertyguide.com.au/suburbs/yarrawonga-vic-3730/rental-market,0,1,0,11
rental profit calculator,https://www.yourpropertyguide.com.au/rental-yield-calculator,0,14,0,89.7
rental property advice norwood sa,https://www.yourpropertyguide.com.au/suburbs/norwood-sa-5067/rental-market,0,2,0,51
rental property calculator,https://www.yourpropertyguide.com.au/rental-yield-calculator,0,9,0,82.3
rental property calculator australia,https://www.yourpropertyguide.com.au/rental-yield-calculator,0,3,0,89
rental property cost calculator,https://www.yourpropertyguide.com.au/rental-yield-calculator,0,1,0,84
rental property costs calculator,https://www.yourpropertyguide.com.au/rental-yield-calculator,0,8,0,97.2
rental property income calculator,https://www.yourpropertyguide.com.au/rental-yield-calculator,0,1,0,89
rental property investment calculator,https://www.yourpropertyguide.com.au/rental-yield-calculator,0,2,0,96
rental property market analysis melbourne,https://www.yourpropertyguide.com.au/suburbs/melbourne-vic-3004/rental-market,0,2,0,75.5
rental property profit calculator,https://www.yourpropertyguide.com.au/rental-yield-calculator,0,6,0,96.7
rental property review hobart,https://www.yourpropertyguide.com.au/suburbs/hobart-tas-7000/rental-market,0,6,0,42
rental property terminology,https://www.yourpropertyguide.com.au/glossary,0,1,0,86
rental property yield calculator,https://www.yourpropertyguide.com.au/rental-yield-calculator,0,16,0,81.1
rental report brisbane,https://www.yourpropertyguide.com.au/suburbs/brisbane-city-dc-qld-4000/rental-market,0,12,0,82.7
rental report brisbane,https://www.yourpropertyguide.com.au/suburbs/brisbane-city-qld-4000/rental-market,0,58,0,70.1
rental report brisbane,https://www.yourpropertyguide.com.au/suburbs/brisbane-market-qld-4106/rental-market,0,48,0,80.7
rental report brisbane,https://www.yourpropertyguide.com.au/suburbs/brisbane-qld-4000/rental-market,0,15,0,63.3
rental return calculator,https://www.yourpropertyguide.com.au/rental-yield-calculator,0,16,0,80.9
rental return calculator australia,https://www.yourpropertyguide.com.au/rental-yield-calculator,0,1,0,80
rental return on investment calculator,https://www.yourpropertyguide.com.au/rental-yield-calculator,0,9,0,97.2
rental rules list,https://www.yourpropertyguide.com.au/guides/renters-rights-nsw,0,1,0,87
rental valuation kingsley,https://www.yourpropertyguide.com.au/suburbs/kingsley-wa-6026/rental-market,0,1,0,29
rental valuation maida vale,https://www.yourpropertyguide.com.au/suburbs/maida-vale-wa-6057/rental-market,0,1,0,15
rental valuation shelley,https://www.yourpropertyguide.com.au/suburbs/shelley-wa-6148/rental-market,0,1,0,13
rental valuation stirling,https://www.yourpropertyguide.com.au/suburbs/stirling-estate-wa-6271/rental-market,0,1,0,24
rental yeild calculator,https://www.yourpropertyguide.com.au/rental-yield-calculator,0,1,0,77
rental yield,https://www.yourpropertyguide.com.au/rental-yield-calculator,0,2,0,84.5
rental yield,https://www.yourpropertyguide.com.au/suburbs/flemington-vic-3031,0,1,0,2
rental yield calculation,https://www.yourpropertyguide.com.au/rental-yield-calculator,0,38,0,87.3
rental yield calculator,https://www.yourpropertyguide.com.au/rental-yield-calculator,0,25,0,71.1
rental yield calculator australia,https://www.yourpropertyguide.com.au/rental-yield-calculator,0,17,0,77.5
rental yield calculator with mortgage,https://www.yourpropertyguide.com.au/rental-yield-calculator,0,1,0,67
rental yield equation,https://www.yourpropertyguide.com.au/rental-yield-calculator,0,1,0,89
rental yields,https://www.yourpropertyguide.com.au/suburbs/evanston-gardens-sa-5116/rental-market,0,1,0,8
rental yields calculator,https://www.yourpropertyguide.com.au/rental-yield-calculator,0,2,0,67
"rental yields in mount gambier, sa",https://www.yourpropertyguide.com.au/suburbs/mount-gambier-east-sa-5291/rental-market,0,21,0,53.0
"rental yields in mount gambier, sa",https://www.yourpropertyguide.com.au/suburbs/mount-gambier-west-sa-5291/rental-market,0,19,0,58.9
rentals in wallaroo,https://www.yourpropertyguide.com.au/suburbs/wallaroo-sa-5556/rental-market,0,1,0,34
rentals north geelong,https://www.yourpropertyguide.com.au/suburbs/north-geelong-vic-3215/rental-market,0,5,0,22.6
renting out property in australia,https://www.yourpropertyguide.com.au/guides/rentvesting-australia,0,3,0,73
rentvesting,https://www.yourpropertyguide.com.au/guides/rentvesting-australia,0,94,0,75.1
rentvesting australia,https://www.yourpropertyguide.com.au/guides/rentvesting-australia,0,41,0,82.5
rentvesting meaning,https://www.yourpropertyguide.com.au/guides/rentvesting-australia,0,13,0,85.9
rentvesting melbourne,https://www.yourpropertyguide.com.au/guides/rentvesting-australia,0,1,0,84
rentvesting strategy,https://www.yourpropertyguide.com.au/guides/rentvesting-australia,0,39,0,82.0
rentvesting strategy property purchase,https://www.yourpropertyguide.com.au/guides/rentvesting-australia,0,20,0,87.5
rentvesting sydney,https://www.yourpropertyguide.com.au/guides/rentvesting-australia,0,1,0,60
rentvesting trend australia,https://www.yourpropertyguide.com.au/guides/rentvesting-australia,0,17,0,76.8
rentvestment,https://www.yourpropertyguide.com.au/guides/rentvesting-australia,0,23,0,69.4
repayment on 400000 mortgage,https://www.yourpropertyguide.com.au/mortgage-calculator,0,1,0,87
repayment on 500 000 mortgage,https://www.yourpropertyguide.com.au/mortgage-calculator,0,2,0,90.5
repayments 400k mortgage,https://www.yourpropertyguide.com.au/mortgage-calculator,0,2,0,90.5
repayments for 600 000 mortgage,https://www.yourpropertyguide.com.au/mortgage-calculator,0,1,0,88
repayments on 350000 mortgage,https://www.yourpropertyguide.com.au/mortgage-calculator,0,1,0,94
repayments on 350k mortgage australia,https://www.yourpropertyguide.com.au/mortgage-calculator,0,1,0,88
repayments on 400 000 loan,https://www.yourpropertyguide.com.au/mortgage-calculator,0,1,0,87
repayments on 400000 mortgage,https://www.yourpropertyguide.com.au/mortgage-calculator,0,1,0,85
repayments on 400k mortgage,https://www.yourpropertyguide.com.au/mortgage-calculator,0,4,0,89.2
repayments on 400k mortgage australia,https://www.yourpropertyguide.com.au/mortgage-calculator,0,1,0,81
repayments on 500k mortgage,https://www.yourpropertyguide.com.au/mortgage-calculator,0,1,0,95
repayments on 500k mortgage australia,https://www.yourpropertyguide.com.au/mortgage-calculator,0,2,0,79
repayments on 600 000 mortgage,https://www.yourpropertyguide.com.au/mortgage-calculator,0,1,0,88
repayments on 600000 mortgage,https://www.yourpropertyguide.com.au/mortgage-calculator,0,1,0,89
repayments on 600k mortgage,https://www.yourpropertyguide.com.au/mortgage-calculator,0,1,0,91
repayments on 600k mortgage australia,https://www.yourpropertyguide.com.au/mortgage-calculator,0,2,0,86
repayments on 650 000 mortgage,https://www.yourpropertyguide.com.au/mortgage-calculator,0,1,0,88
repayments on 650k mortgage australia,https://www.yourpropertyguide.com.au/mortgage-calculator,0,1,0,87
repayments on a 500 000 mortgage,https://www.yourpropertyguide.com.au/mortgage-calculator,0,1,0,87
repayments on a 600k mortgage,https://www.yourpropertyguide.com.au/mortgage-calculator,0,1,0,87
report underquoting,https://www.yourpropertyguide.com.au/guides/underquoting-laws-by-state,0,2,0,12
requirements to buy a house in australia,https://www.yourpropertyguide.com.au/guides/buying-property-australia,0,1,0,71
reserve bank cash rate history,https://www.yourpropertyguide.com.au/rba-cash-rate,0,1,0,57
reserve bank of australia cash rate history,https://www.yourpropertyguide.com.au/rba-cash-rate,0,2,0,60.5
reserve meaning auction,https://www.yourpropertyguide.com.au/guides/reserve-price-auction,0,1,0,10
reserve price auction victoria,https://www.yourpropertyguide.com.au/guides/reserve-price-auction,0,1,0,50
reserve price in auction,https://www.yourpropertyguide.com.au/guides/reserve-price-auction,0,1,0,47
reserve price meaning,https://www.yourpropertyguide.com.au/guides/reserve-price-auction,0,2,0,17
reservior post code,https://www.yourpropertyguide.com.au/suburbs/reservoir-south-vic-3073,0,2,0,10.5
reservior postcode,https://www.yourpropertyguide.com.au/suburbs/reservoir-south-vic-3073,0,2,0,11
reservoir median house price,https://www.yourpropertyguide.com.au/suburbs/reservoir-south-vic-3073,0,18,0,26.2
reservoir melbourne,https://www.yourpropertyguide.com.au/suburbs/reservoir-south-vic-3073,0,1,0,90
reservoir melbourne postcode,https://www.yourpropertyguide.com.au/suburbs/reservoir-south-vic-3073,0,5,0,13.6
reservoir melbourne suburb,https://www.yourpropertyguide.com.au/suburbs/reservoir-south-vic-3073,0,1,0,84
reservoir post code,https://www.yourpropertyguide.com.au/suburbs/reservoir-south-vic-3073,0,2,0,24.5
reservoir postcode,https://www.yourpropertyguide.com.au/suburbs/reservoir-south-vic-3073,0,606,0,11.0
reservoir postcode 3073,https://www.yourpropertyguide.com.au/suburbs/reservoir-south-vic-3073,0,1,0,9
reservoir postcode melbourne,https://www.yourpropertyguide.com.au/suburbs/reservoir-south-vic-3073,0,2,0,9.5
reservoir postcode vic,https://www.yourpropertyguide.com.au/suburbs/reservoir-south-vic-3073,0,8,0,10
reservoir suburb,https://www.yourpropertyguide.com.au/suburbs/reservoir-south-vic-3073,0,5,0,84.6
reservoir suburb profile,https://www.yourpropertyguide.com.au/suburbs/reservoir-south-vic-3073,0,10,0,50.8
reservoir vic,https://www.yourpropertyguide.com.au/suburbs/reservoir-south-vic-3073,0,4,0,68
reservoir vic 3073,https://www.yourpropertyguide.com.au/suburbs/reservoir-south-vic-3073,0,2,0,26.5
reservoir vic australia,https://www.yourpropertyguide.com.au/suburbs/reservoir-south-vic-3073,0,1,0,62
reservoir vic post code,https://www.yourpropertyguide.com.au/suburbs/reservoir-south-vic-3073,0,2,0,11
reservoir vic postcode,https://www.yourpropertyguide.com.au/suburbs/reservoir-south-vic-3073,0,1,0,28
reservoir victoria postcode,https://www.yourpropertyguide.com.au/suburbs/reservoir-south-vic-3073,0,1,0,10
resevoir post code,https://www.yourpropertyguide.com.au/suburbs/reservoir-south-vic-3073,0,5,0,11
resevoir postcode,https://www.yourpropertyguide.com.au/suburbs/reservoir-south-vic-3073,0,13,0,11
residential appraisal cost,https://www.yourpropertyguide.com.au/selling,0,1,0,44
return on rental property calculator,https://www.yourpropertyguide.com.au/rental-yield-calculator,0,1,0,96
rhodes property growth,https://www.yourpropertyguide.com.au/suburbs/ryde-nsw-2112/vs/rhodes-nsw-2138,0,1,0,29
rhodes real estate agents,https://www.yourpropertyguide.com.au/suburbs/rhodes-nsw-2138/agents,0,1,0,33
right at home realty commission rates,https://www.yourpropertyguide.com.au/guides/real-estate-commission-vic,0,1,0,48
right of redemption in real estate,https://www.yourpropertyguide.com.au/guides,0,1,0,90
ringwood median house price,https://www.yourpropertyguide.com.au/suburbs/ringwood-vic-3134/rental-market,0,1,0,60
ripley median house price,https://www.yourpropertyguide.com.au/suburbs/ripley-qld-4306/rental-market,0,2,0,56
ripley suburb profile,https://www.yourpropertyguide.com.au/suburbs/ripley-qld-4306/rental-market,0,1,0,97
riverside education support centre,https://www.yourpropertyguide.com.au/schools/riverside-education-support-centre-48845,0,3,0,12.7
riverside education support centre,https://www.yourpropertyguide.com.au/schools/riverside-primary-school-48729/vs/riverside-education-support-centre-48845,0,3,0,24
rivervale perth postcode,https://www.yourpropertyguide.com.au/postcodes/6103,0,6,0,9
rivervale post code,https://www.yourpropertyguide.com.au/postcodes/6103,0,11,0,8.5
rivervale postcode,https://www.yourpropertyguide.com.au/postcodes/6103,0,49,0,8.2
rivervale postcode wa,https://www.yourpropertyguide.com.au/postcodes/6103,0,3,0,8.3
rivervale wa postcode,https://www.yourpropertyguide.com.au/postcodes/6103,0,36,0,9.6
riverview 2066,https://www.yourpropertyguide.com.au/suburbs/riverview-nsw-2066,0,1,0,33
riverview nsw,https://www.yourpropertyguide.com.au/suburbs/riverview-nsw-2066,0,3,0,41
riverview nsw 2066,https://www.yourpropertyguide.com.au/suburbs/riverview-nsw-2066,0,1,0,28
riverview nsw postcode,https://www.yourpropertyguide.com.au/suburbs/riverview-nsw-2066,0,15,0,10.2
riverview post code,https://www.yourpropertyguide.com.au/suburbs/riverview-nsw-2066,0,15,0,8.3
riverview postcode,https://www.yourpropertyguide.com.au/suburbs/riverview-nsw-2066,0,104,0,7.4
riverview postcode nsw,https://www.yourpropertyguide.com.au/suburbs/riverview-nsw-2066,0,12,0,8.5
riverview suburb,https://www.yourpropertyguide.com.au/suburbs/riverview-nsw-2066,0,2,0,40.5
riverview zip code,https://www.yourpropertyguide.com.au/suburbs/riverview-nsw-2066,0,1,0,6
riverwood postcode,https://www.yourpropertyguide.com.au/suburbs/riverwood-nsw-2210,0,4,0,9
riverwood suburb profile,https://www.yourpropertyguide.com.au/suburbs/riverview-nsw-2066,0,1,0,70
riverwood suburb profile,https://www.yourpropertyguide.com.au/suburbs/riverwood-nsw-2210/rental-market,0,1,0,45
robina postcode,https://www.yourpropertyguide.com.au/suburbs/robina-qld-4226,0,4,0,8.8
roche postcode,https://www.yourpropertyguide.com.au/suburbs/roche-creek-qld-4419,0,1,0,5
rochedale postcode,https://www.yourpropertyguide.com.au/suburbs/rochedale-qld-4123,0,3,0,7.3
rochester post code,https://www.yourpropertyguide.com.au/postcodes/3561,0,33,0,10.8
rochester postcode,https://www.yourpropertyguide.com.au/postcodes/3561,0,41,0,11.1
rochester vic postcode,https://www.yourpropertyguide.com.au/postcodes/3561,0,5,0,9.6
rochester victoria postcode,https://www.yourpropertyguide.com.au/postcodes/3561,0,2,0,9.5
rockbank postcode,https://www.yourpropertyguide.com.au/suburbs/rockbank-vic-3335,0,1,0,9
rocket mortgage affordability calculator,https://www.yourpropertyguide.com.au/affordability-calculator,0,1,0,63
rockhampton 4701,https://www.yourpropertyguide.com.au/suburbs/north-rockhampton-qld-4701,0,4,0,11.5
rockhampton north,https://www.yourpropertyguide.com.au/suburbs/north-rockhampton-qld-4701,0,2,0,28
rockhampton post code,https://www.yourpropertyguide.com.au/suburbs/north-rockhampton-qld-4701,0,11,0,1
rockhampton post code,https://www.yourpropertyguide.com.au/suburbs/rockhampton-north-qld-4701,0,1,0,3
rockhampton postal code,https://www.yourpropertyguide.com.au/suburbs/north-rockhampton-qld-4701,0,1,0,1
rockhampton postcode,https://www.yourpropertyguide.com.au/suburbs/north-rockhampton-qld-4701,0,42,0,4.9
rockhampton postcode,https://www.yourpropertyguide.com.au/suburbs/rockhampton-north-qld-4701,0,2,0,3
rockhampton postcode 4701,https://www.yourpropertyguide.com.au/suburbs/north-rockhampton-qld-4701,0,2,0,4
rockhampton qld 4701,https://www.yourpropertyguide.com.au/suburbs/north-rockhampton-qld-4701,0,1,0,11
rockhampton qld postcode,https://www.yourpropertyguide.com.au/suburbs/north-rockhampton-qld-4701,0,1,0,1
rockhampton suburbs,https://www.yourpropertyguide.com.au/suburbs/north-rockhampton-qld-4701,0,1,0,73
rockhampton zip code,https://www.yourpropertyguide.com.au/suburbs/north-rockhampton-qld-4701,0,1,0,1
rockingham 6168,https://www.yourpropertyguide.com.au/suburbs/rockingham-dc-wa-6168,0,2,0,31
rockingham beach postcode,https://www.yourpropertyguide.com.au/suburbs/rockingham-dc-wa-6168,0,2,0,11
rockingham dc,https://www.yourpropertyguide.com.au/suburbs/rockingham-dc-wa-6168,0,5,0,9
rockingham post code,https://www.yourpropertyguide.com.au/suburbs/rockingham-dc-wa-6168,0,4,0,26.5
rockingham postcode,https://www.yourpropertyguide.com.au/suburbs/rockingham-dc-wa-6168,0,16,0,17.7
rockingham postcode wa,https://www.yourpropertyguide.com.au/suburbs/rockingham-dc-wa-6168,0,20,0,11.6
rockingham suburb profile,https://www.yourpropertyguide.com.au/suburbs/rockingham-dc-wa-6168,0,14,0,38.8
rockingham suburbs,https://www.yourpropertyguide.com.au/suburbs/rockingham-dc-wa-6168,0,1,0,68
rockingham wa 6168,https://www.yourpropertyguide.com.au/suburbs/rockingham-dc-wa-6168,0,2,0,52
rockingham wa 6168 australia,https://www.yourpropertyguide.com.au/suburbs/rockingham-dc-wa-6168,0,2,0,44
rockingham wa post code,https://www.yourpropertyguide.com.au/suburbs/rockingham-dc-wa-6168,0,1,0,17
rockingham wa postcode,https://www.yourpropertyguide.com.au/suburbs/rockingham-dc-wa-6168,0,1,0,31
rocklea suburb profile,https://www.yourpropertyguide.com.au/suburbs/rocklea-qld-4106/rental-market,0,16,0,38.9
rodd point buyers agent,https://www.yourpropertyguide.com.au/suburbs/rodd-point-nsw-2046/agents,0,1,0,24
rolling hills primary,https://www.yourpropertyguide.com.au/schools/rolling-hills-primary-school-45107,0,1,0,38
rolling hills primary school,https://www.yourpropertyguide.com.au/schools/rolling-hills-primary-school-45107,0,2,0,42.5
roma real estate agents,https://www.yourpropertyguide.com.au/suburbs/roma-qld-4455/agents,0,2,0,18.5
romsey postcode vic,https://www.yourpropertyguide.com.au/postcodes/3434,0,1,0,8
romsey vic 3434,https://www.yourpropertyguide.com.au/postcodes/3434,0,1,0,54
romsey vic postcode,https://www.yourpropertyguide.com.au/postcodes/3434,0,4,0,9.5
romsey victoria postcode,https://www.yourpropertyguide.com.au/postcodes/3434,0,3,0,8.3
rookwood postcode,https://www.yourpropertyguide.com.au/postcodes/2141,0,2,0,11.5
rosebery nt postcode,https://www.yourpropertyguide.com.au/suburbs/mitchell-nt-0832,0,1,0,46
rosebud postcode,https://www.yourpropertyguide.com.au/suburbs/rosebud-vic-3939,0,2,0,10.5
roseneath postcode,https://www.yourpropertyguide.com.au/suburbs/roseneath-qld-4811,0,1,0,20
roseville 2069,https://www.yourpropertyguide.com.au/suburbs/roseville-chase-nsw-2069,0,1,0,53
roseville chase,https://www.yourpropertyguide.com.au/suburbs/roseville-chase-nsw-2069,0,3,0,37.7
roseville chase nsw,https://www.yourpropertyguide.com.au/suburbs/roseville-chase-nsw-2069,0,2,0,41.5
roseville chase postcode,https://www.yourpropertyguide.com.au/suburbs/roseville-chase-nsw-2069,0,9,0,13.6
roseville median house price,https://www.yourpropertyguide.com.au/suburbs/roseville-chase-nsw-2069,0,2,0,32
roseville nsw,https://www.yourpropertyguide.com.au/suburbs/roseville-chase-nsw-2069,0,3,0,65
roseville nsw 2069,https://www.yourpropertyguide.com.au/suburbs/roseville-chase-nsw-2069,0,2,0,52.5
roseville nsw postcode,https://www.yourpropertyguide.com.au/suburbs/roseville-chase-nsw-2069,0,1,0,11
roseville postcode,https://www.yourpropertyguide.com.au/suburbs/roseville-chase-nsw-2069,0,8,0,14
roseville postcode,https://www.yourpropertyguide.com.au/suburbs/roseville-nsw-2069,0,1,0,10
roseville suburb profile,https://www.yourpropertyguide.com.au/suburbs/roseville-chase-nsw-2069,0,1,0,42
roseville sydney,https://www.yourpropertyguide.com.au/suburbs/roseville-chase-nsw-2069,0,2,0,71
roseville sydney nsw,https://www.yourpropertyguide.com.au/suburbs/roseville-chase-nsw-2069,0,1,0,56
roseville sydney postcode,https://www.yourpropertyguide.com.au/suburbs/roseville-chase-nsw-2069,0,3,0,17
rosewood postcode,https://www.yourpropertyguide.com.au/suburbs/rosewood-qld-4340,0,2,0,34.5
rothbury population,https://www.yourpropertyguide.com.au/suburbs/rothbury-nsw-2320,0,1,0,1
rothbury postcode,https://www.yourpropertyguide.com.au/suburbs/rothbury-nsw-2320,0,29,0,6.4
rothbury suburb profile,https://www.yourpropertyguide.com.au/suburbs/rothbury-nsw-2320,0,4,0,19
rottnest island postcode,https://www.yourpropertyguide.com.au/postcodes/6161,0,8,0,10.2
rottnest postcode,https://www.yourpropertyguide.com.au/postcodes/6161,0,6,0,13.2
rouse hill nsw postcode,https://www.yourpropertyguide.com.au/suburbs/rouse-hill-nsw-2155,0,10,0,7.9
rouse hill pin code,https://www.yourpropertyguide.com.au/suburbs/rouse-hill-nsw-2155,0,2,0,7.5
rouse hill post code,https://www.yourpropertyguide.com.au/suburbs/rouse-hill-nsw-2155,0,46,0,7.3
rouse hill postcode,https://www.yourpropertyguide.com.au/suburbs/rouse-hill-nsw-2155,0,169,0,7.4
rouse hill postcode nsw,https://www.yourpropertyguide.com.au/suburbs/rouse-hill-nsw-2155,0,7,0,7
rouse hill zip code,https://www.yourpropertyguide.com.au/suburbs/rouse-hill-nsw-2155,0,1,0,9
rouse hill.post code,https://www.yourpropertyguide.com.au/suburbs/rouse-hill-nsw-2155,0,3,0,7
rousehill post code,https://www.yourpropertyguide.com.au/suburbs/rouse-hill-nsw-2155,0,1,0,7
rousehill postcode,https://www.yourpropertyguide.com.au/suburbs/rouse-hill-nsw-2155,0,9,0,7.3
rushworth post code,https://www.yourpropertyguide.com.au/suburbs/rushworth-vic-3612,0,11,0,9.3
rushworth postcode,https://www.yourpropertyguide.com.au/suburbs/rushworth-vic-3612,0,46,0,9.2
rushworth vic australia,https://www.yourpropertyguide.com.au/suburbs/rushworth-vic-3612,0,2,0,53
ruskin park primary school ranking,https://www.yourpropertyguide.com.au/schools/ruskin-park-primary-school-44908,0,1,0,19
rutherford suburb,https://www.yourpropertyguide.com.au/suburbs/rutherford-nsw-2320/rental-market,0,2,0,71
rutherford suburb profile,https://www.yourpropertyguide.com.au/suburbs/rutherford-nsw-2320/rental-market,0,1,0,53
ryde median house price,https://www.yourpropertyguide.com.au/suburbs/ryde-nsw-2112/vs/west-ryde-nsw-2114,0,1,0,37
rye real estate agents,https://www.yourpropertyguide.com.au/suburbs/rye-vic-3941/agents,0,2,0,35.5
s32 vendor statement,https://www.yourpropertyguide.com.au/guides/section-32-vendor-statement-victoria,0,2,0,30.5
saint lucia postcode,https://www.yourpropertyguide.com.au/postcodes/4067,0,1,0,10
saint lucia qld postcode,https://www.yourpropertyguide.com.au/postcodes/4067,0,1,0,10
saint teresa college,https://www.yourpropertyguide.com.au/schools/st-teresa-s-catholic-college-47667,0,2,0,28.5
salamander bay postcode,https://www.yourpropertyguide.com.au/suburbs/salamander-bay-nsw-2317,0,1,0,12
sale commission,https://www.yourpropertyguide.com.au/guides/real-estate-commission-vic,0,1,0,57
sale commission calculator,https://www.yourpropertyguide.com.au/real-estate-commission-calculator,0,1,0,90
sale of land act s32,https://www.yourpropertyguide.com.au/guides/section-32-vendor-statement-victoria,0,6,0,19.3
sale of land act section 32,https://www.yourpropertyguide.com.au/guides/section-32-vendor-statement-victoria,0,3,0,2.3
sale postcode vic,https://www.yourpropertyguide.com.au/postcodes/3852,0,6,0,10.5
sale vic post code,https://www.yourpropertyguide.com.au/postcodes/3852,0,1,0,12
sale vic postcode,https://www.yourpropertyguide.com.au/postcodes/3852,0,5,0,12.8
sales agent commission,https://www.yourpropertyguide.com.au/guides/real-estate-commission-vic,0,1,0,37
sales agent fees,https://www.yourpropertyguide.com.au/guides/real-estate-commission-vic,0,1,0,64
sales commission calculator qld,https://www.yourpropertyguide.com.au/real-estate-commission-calculator,0,1,0,87
salisbury median house price,https://www.yourpropertyguide.com.au/price-guide,0,1,0,75
salisbury park post code,https://www.yourpropertyguide.com.au/suburbs/salisbury-park-sa-5109,0,14,0,9.2
salisbury park postcode,https://www.yourpropertyguide.com.au/suburbs/salisbury-park-sa-5109,0,93,0,8.6
salisbury park sa,https://www.yourpropertyguide.com.au/suburbs/salisbury-park-sa-5109,0,1,0,38
salisbury plain postcode,https://www.yourpropertyguide.com.au/suburbs/salisbury-park-sa-5109,0,1,0,13
salter point median house price,https://www.yourpropertyguide.com.au/price-guide,0,1,0,43
sancrox nsw,https://www.yourpropertyguide.com.au/suburbs/sancrox-nsw-2446,0,1,0,30
sancrox nsw postcode,https://www.yourpropertyguide.com.au/suburbs/sancrox-nsw-2446,0,1,0,8
sancrox postcode,https://www.yourpropertyguide.com.au/suburbs/sancrox-nsw-2446,0,20,0,7.5
sanctuary cove post code,https://www.yourpropertyguide.com.au/postcodes/4212,0,1,0,10
sanctuary cove postcode,https://www.yourpropertyguide.com.au/suburbs/sanctuary-cove-qld-4212,0,2,0,6
sans souci real estate agents,https://www.yourpropertyguide.com.au/suburbs/sans-souci-nsw-2219/agents,0,1,0,33
sassafras post code,https://www.yourpropertyguide.com.au/postcodes/3787,0,1,0,11
sassafras postcode,https://www.yourpropertyguide.com.au/postcodes/3787,0,2,0,14.5
sassafras vic 3787,https://www.yourpropertyguide.com.au/postcodes/3787,0,2,0,50
sassafras victoria postcode,https://www.yourpropertyguide.com.au/postcodes/3787,0,2,0,11
sawtell real estate agents,https://www.yourpropertyguide.com.au/suburbs/sawtell-nsw-2452/agents,0,1,0,10
scadden wa,https://www.yourpropertyguide.com.au/suburbs/scaddan-wa-6447,0,1,0,36
scarborough real estate agents,https://www.yourpropertyguide.com.au/suburbs/scarborough-nsw-2515/agents,0,8,0,8.2
school glenore grove,https://www.yourpropertyguide.com.au/suburbs/glenore-grove-qld-4342/schools,0,2,0,19.5
schools in burwood,https://www.yourpropertyguide.com.au/suburbs/burwood-nsw-2134/schools,0,1,0,35
schools in caversham,https://www.yourpropertyguide.com.au/suburbs/caversham-wa-6055/schools,0,2,0,16.5
schools in greenwich,https://www.yourpropertyguide.com.au/suburbs/greenwich-nsw-2065/schools,0,1,0,26
schools in marion,https://www.yourpropertyguide.com.au/suburbs/marion-sa-5043/schools,0,1,0,11
schools in mount waverley,https://www.yourpropertyguide.com.au/suburbs/mount-waverley-vic-3149/schools,0,1,0,42
schools in pimpama,https://www.yourpropertyguide.com.au/suburbs/pimpama-qld-4209/schools,0,1,0,57
schools in queens park,https://www.yourpropertyguide.com.au/suburbs/queens-park-nsw-2022/schools,0,1,0,6
schools in rowville,https://www.yourpropertyguide.com.au/schools/rowville-primary-school-44961,0,1,0,32
schools in warrnambool,https://www.yourpropertyguide.com.au/suburbs/warrnambool-east-vic-3280/schools,0,1,0,95
schools mentone,https://www.yourpropertyguide.com.au/suburbs/mentone-vic-3194/schools,0,1,0,77
scoresby postcode,https://www.yourpropertyguide.com.au/suburbs/scoresby-vic-3179,0,1,0,8
scots pgc fees,https://www.yourpropertyguide.com.au/schools/the-scots-pgc-college-48046/vs/the-school-of-total-education-48029,0,1,0,62
scotts creek nsw,https://www.yourpropertyguide.com.au/suburbs/murrurundi-nsw-2338/vs/scotts-creek-nsw-2338,0,3,0,20
scottsdale postcode,https://www.yourpropertyguide.com.au/suburbs/scottsdale-tas-7260,0,1,0,6
seabird postcode,https://www.yourpropertyguide.com.au/postcodes/6042,0,5,0,10.6
seabrook 3028,https://www.yourpropertyguide.com.au/suburbs/seabrook-vic-3028,0,1,0,11
seabrook australia,https://www.yourpropertyguide.com.au/suburbs/seabrook-vic-3028,0,1,0,28
seabrook post code,https://www.yourpropertyguide.com.au/suburbs/seabrook-vic-3028,0,1,0,10
seabrook postcode,https://www.yourpropertyguide.com.au/suburbs/seabrook-vic-3028,0,41,0,10.1
seabrook vic 3028,https://www.yourpropertyguide.com.au/suburbs/seabrook-vic-3028,0,1,0,39
seabrook victoria,https://www.yourpropertyguide.com.au/suburbs/seabrook-vic-3028,0,2,0,58
seaford 5169,https://www.yourpropertyguide.com.au/suburbs/seaford-heights-sa-5169,0,1,0,48
seaford heights,https://www.yourpropertyguide.com.au/suburbs/seaford-heights-sa-5169,0,2,0,52
seaford heights adelaide,https://www.yourpropertyguide.com.au/suburbs/seaford-heights-sa-5169,0,1,0,47
seaford heights post code,https://www.yourpropertyguide.com.au/suburbs/seaford-heights-sa-5169,0,11,0,11.1
seaford heights postcode,https://www.yourpropertyguide.com.au/suburbs/seaford-heights-sa-5169,0,13,0,10.7
seaford heights sa,https://www.yourpropertyguide.com.au/suburbs/seaford-heights-sa-5169,0,2,0,48.5
seaford postcode,https://www.yourpropertyguide.com.au/suburbs/seaford-heights-sa-5169,0,5,0,13.4
seaford postcode sa,https://www.yourpropertyguide.com.au/suburbs/seaford-heights-sa-5169,0,2,0,16
seaford sa 5169,https://www.yourpropertyguide.com.au/suburbs/seaford-heights-sa-5169,0,1,0,45
seaford sa postcode,https://www.yourpropertyguide.com.au/suburbs/seaford-heights-sa-5169,0,2,0,23.5
seal rocks population,https://www.yourpropertyguide.com.au/suburbs/seal-rocks-nsw-2423,0,3,0,10.3
search properties by suburb,https://www.yourpropertyguide.com.au/search,0,2,0,32
seaspray postcode,https://www.yourpropertyguide.com.au/suburbs/seaspray-vic-3851,0,1,0,6
seaton suburb profile,https://www.yourpropertyguide.com.au/suburbs/seaton-sa-5023/vs/findon-sa-5023,0,1,0,43
seaview downs post code,https://www.yourpropertyguide.com.au/suburbs/seaview-downs-sa-5049,0,1,0,7
seaview downs postcode,https://www.yourpropertyguide.com.au/suburbs/seaview-downs-sa-5049,0,15,0,7.9
seaview postcode,https://www.yourpropertyguide.com.au/suburbs/seaview-downs-sa-5049,0,2,0,7
sebastopol median house price,https://www.yourpropertyguide.com.au/suburbs/sebastopol-vic-3356/agents,0,1,0,28
secondary dwelling sa,https://www.yourpropertyguide.com.au/guides/granny-flat-guide-sa,0,13,0,87
section 32,https://www.yourpropertyguide.com.au/guides/section-32-vendor-statement-victoria,0,3,0,89.3
section 32 conveyancing,https://www.yourpropertyguide.com.au/guides/section-32-vendor-statement-victoria,0,1,0,80
section 32 example,https://www.yourpropertyguide.com.au/guides/section-32-vendor-statement-victoria,0,1,0,91
section 32 meaning,https://www.yourpropertyguide.com.au/guides/section-32-vendor-statement-victoria,0,1,0,8
section 32 statement,https://www.yourpropertyguide.com.au/guides/section-32-vendor-statement-victoria,0,3,0,46.3
section 32 vendor statement,https://www.yourpropertyguide.com.au/guides/section-32-vendor-statement-victoria,0,4,0,57.2
section 32 victoria,https://www.yourpropertyguide.com.au/guides/section-32-vendor-statement-victoria,0,10,0,19.8
section 32 victoria download,https://www.yourpropertyguide.com.au/guides/section-32-vendor-statement-victoria,0,1,0,49
section 32(2),https://www.yourpropertyguide.com.au/guides/section-32-vendor-statement-victoria,0,1,0,1
sell,https://www.yourpropertyguide.com.au/guides/real-estate-commission-nsw,0,1,0,2
sell and rent back australia,https://www.yourpropertyguide.com.au/guides,0,2,0,88.5
sell home privately,https://www.yourpropertyguide.com.au/guides/sell-your-house-privately-australia,0,1,0,43
sell house agent fee,https://www.yourpropertyguide.com.au/guides/real-estate-commission-vic,0,5,0,54.8
sell house australia,https://www.yourpropertyguide.com.au/guides/how-to-sell-a-house-australia,0,2,0,52
sell house australia,https://www.yourpropertyguide.com.au/selling,0,2,0,83
sell house calculator,https://www.yourpropertyguide.com.au/guides/cost-of-selling-a-house-vic,0,1,0,14
sell house in australia,https://www.yourpropertyguide.com.au/guides/how-to-sell-a-house-australia,0,1,0,90
sell house privately,https://www.yourpropertyguide.com.au/guides/sell-your-house-privately-australia,0,1,0,14
sell house privately australia,https://www.yourpropertyguide.com.au/guides/sell-your-house-privately-australia,0,1,0,11
sell my business deniliquin,https://www.yourpropertyguide.com.au/suburbs/deniliquin-nsw-2710/agents,0,1,0,8
sell my home australia,https://www.yourpropertyguide.com.au/guides/how-to-sell-a-house-australia,0,5,0,42.8
sell my home australia,https://www.yourpropertyguide.com.au/selling,0,2,0,45.5
sell my house australia,https://www.yourpropertyguide.com.au/guides/sell-your-house-privately-australia,0,1,0,37
sell my house australia,https://www.yourpropertyguide.com.au/selling,0,3,0,40
sell my house avondale heights,https://www.yourpropertyguide.com.au/suburbs/avondale-heights-vic-3034/agents,0,2,0,14.5
sell my house canberra,https://www.yourpropertyguide.com.au/guides/cost-of-selling-a-house-act,0,1,0,1
sell my house goodna,https://www.yourpropertyguide.com.au/suburbs/goodna-qld-4300/agents,0,6,0,1.5
sell my house hawkesbury,https://www.yourpropertyguide.com.au/suburbs/hawkesbury-heights-nsw-2777/agents,0,4,0,29.5
sell my house niddrie,https://www.yourpropertyguide.com.au/suburbs/niddrie-vic-3042/agents,0,2,0,15.5
sell my house oak park,https://www.yourpropertyguide.com.au/suburbs/oak-park-vic-3046/agents,0,3,0,17
sell my house privately australia,https://www.yourpropertyguide.com.au/guides/sell-your-house-privately-australia,0,4,0,43.2
sell my property australia,https://www.yourpropertyguide.com.au/selling,0,2,0,55
sell property privately,https://www.yourpropertyguide.com.au/guides/sell-your-house-privately-australia,0,1,0,68
sell property privately australia,https://www.yourpropertyguide.com.au/guides/sell-your-house-privately-australia,0,1,0,23
sell your home in riverhills,https://www.yourpropertyguide.com.au/suburbs/riverhills-qld-4074/agents,0,1,0,11
sell your house calculator,https://www.yourpropertyguide.com.au/selling-costs-calculator,0,3,0,1
sell your house privately,https://www.yourpropertyguide.com.au/guides/sell-your-house-privately-australia,0,8,0,24.4
sell your own home australia,https://www.yourpropertyguide.com.au/guides/sell-your-house-privately-australia,0,2,0,45
sell your own house,https://www.yourpropertyguide.com.au/guides/sell-your-house-privately-australia,0,3,0,36
sell your own house australia,https://www.yourpropertyguide.com.au/guides/sell-your-house-privately-australia,0,4,0,30
sell your own property australia,https://www.yourpropertyguide.com.au/guides/sell-your-house-privately-australia,0,2,0,37.5
seller agent commission,https://www.yourpropertyguide.com.au/guides/real-estate-commission-vic,0,1,0,58
seller agent fee,https://www.yourpropertyguide.com.au/guides/real-estate-commission-nsw,0,1,0,42
seller agent fee,https://www.yourpropertyguide.com.au/guides/real-estate-commission-vic,0,5,0,48.2
seller commission real estate,https://www.yourpropertyguide.com.au/guides/real-estate-commission-vic,0,3,0,44.3
seller cooling-off period qld,https://www.yourpropertyguide.com.au/guides/contract-of-sale-qld,0,2,0,61
seller disclosure,https://www.yourpropertyguide.com.au/guides/contract-of-sale-qld,0,3,0,97
seller disclosure statement qld cost,https://www.yourpropertyguide.com.au/guides/contract-of-sale-qld,0,1,0,73
seller disclosure statement queensland,https://www.yourpropertyguide.com.au/guides/contract-of-sale-qld,0,2,0,98
seller leads,https://www.yourpropertyguide.com.au/for-agents,0,19,0,54.4
seller leads real estate,https://www.yourpropertyguide.com.au/for-agents,0,1,0,64
seller realtor commission,https://www.yourpropertyguide.com.au/guides/real-estate-commission-vic,0,1,0,46
seller's agent commission,https://www.yourpropertyguide.com.au/guides/real-estate-commission-nsw,0,1,0,9
sellers agent fee,https://www.yourpropertyguide.com.au/guides/real-estate-commission-vic,0,1,0,55
sellers disclosure qld,https://www.yourpropertyguide.com.au/guides/contract-of-sale-qld,0,1,0,96
sellers disclosure statement,https://www.yourpropertyguide.com.au/guides/contract-of-sale-qld,0,1,0,100
selling a home,https://www.yourpropertyguide.com.au/guides/how-to-sell-a-house-australia,0,2,0,90.5
selling a house,https://www.yourpropertyguide.com.au/guides/how-to-sell-a-house-australia,0,46,0,76.7
selling a house costs,https://www.yourpropertyguide.com.au/selling-costs-calculator,0,13,0,4.1
selling a house in australia,https://www.yourpropertyguide.com.au/guides/how-to-sell-a-house-australia,0,3,0,82.7
selling a house in australia,https://www.yourpropertyguide.com.au/guides/sell-your-house-privately-australia,0,1,0,60
selling a house in australia,https://www.yourpropertyguide.com.au/selling,0,4,0,74.8
selling a house privately,https://www.yourpropertyguide.com.au/guides/sell-your-house-privately-australia,0,3,0,66.7
selling a house real estate fees,https://www.yourpropertyguide.com.au/guides/real-estate-commission-vic,0,6,0,51.5
selling agent commission,https://www.yourpropertyguide.com.au/guides/real-estate-commission-vic,0,1,0,57
selling agent fee,https://www.yourpropertyguide.com.au/guides/real-estate-commission-vic,0,1,0,53
selling agent fees,https://www.yourpropertyguide.com.au/guides/real-estate-commission-nsw,0,3,0,17
selling agent fees,https://www.yourpropertyguide.com.au/guides/real-estate-commission-vic,0,2,0,47
selling commission,https://www.yourpropertyguide.com.au/guides/real-estate-commission-vic,0,1,0,63
selling commission real estate,https://www.yourpropertyguide.com.au/guides/real-estate-commission-vic,0,2,0,55
selling costs calculator,https://www.yourpropertyguide.com.au/selling-costs-calculator,0,2,0,1
selling costs for a house,https://www.yourpropertyguide.com.au/selling-costs-calculator,0,6,0,11.3
selling fees real estate,https://www.yourpropertyguide.com.au/guides/real-estate-commission-vic,0,3,0,50
selling home appraisal modbury north,https://www.yourpropertyguide.com.au/suburbs/modbury-north-sa-5092/agents,0,1,0,12
selling home privately,https://www.yourpropertyguide.com.au/guides/sell-your-house-privately-australia,0,3,0,64
selling home realtor commission,https://www.yourpropertyguide.com.au/guides/real-estate-commission-vic,0,2,0,52.5
selling house australia,https://www.yourpropertyguide.com.au/guides/how-to-sell-a-house-australia,0,3,0,52.7
selling house calculator australia,https://www.yourpropertyguide.com.au/guides/cost-of-selling-a-house-vic,0,3,0,15.7
selling house commission,https://www.yourpropertyguide.com.au/guides/real-estate-commission-vic,0,1,0,44
selling house costs,https://www.yourpropertyguide.com.au/guides/cost-of-selling-a-house-act,0,2,0,24
selling house costs,https://www.yourpropertyguide.com.au/selling-costs-calculator,0,10,0,8.6
selling house costs brighton,https://www.yourpropertyguide.com.au/guides/cost-of-selling-a-house-australia,0,1,0,97
selling house costs brighton,https://www.yourpropertyguide.com.au/selling-costs-calculator,0,1,0,92
selling house costs brisbane,https://www.yourpropertyguide.com.au/selling-costs-calculator,0,1,0,89
selling house costs calculator,https://www.yourpropertyguide.com.au/guides/cost-of-selling-a-house-vic,0,4,0,12.2
selling house costs deagon,https://www.yourpropertyguide.com.au/suburbs/deagon-qld-4017/rental-market,0,1,0,55
selling house fees calculator,https://www.yourpropertyguide.com.au/guides/cost-of-selling-a-house-vic,0,1,0,22
selling house fees calculator,https://www.yourpropertyguide.com.au/selling-costs-calculator,0,1,0,2
selling house in australia,https://www.yourpropertyguide.com.au/guides/how-to-sell-a-house-australia,0,1,0,91
selling house in australia,https://www.yourpropertyguide.com.au/selling,0,2,0,44
selling house privately,https://www.yourpropertyguide.com.au/guides/sell-your-house-privately-australia,0,3,0,30.7
selling houses in australia,https://www.yourpropertyguide.com.au/guides/how-to-sell-a-house-australia,0,4,0,55.8
selling houses in australia,https://www.yourpropertyguide.com.au/selling,0,1,0,90
selling your home costs calculator,https://www.yourpropertyguide.com.au/guides/cost-of-selling-a-house-vic,0,2,0,47
selling your home costs calculator,https://www.yourpropertyguide.com.au/selling-costs-calculator,0,4,0,7.8
selling your house privately,https://www.yourpropertyguide.com.au/guides/sell-your-house-privately-australia,0,2,0,23.5
serviceability calculator,https://www.yourpropertyguide.com.au/borrowing-power-calculator,0,2,0,93.5
settlement agent fees calculator wa,https://www.yourpropertyguide.com.au/real-estate-commission-calculator,0,4,0,79.5
seven hills north,https://www.yourpropertyguide.com.au/schools/seven-hills-north-public-school-41671/vs/seven-hills-public-school-41685,0,3,0,36.3
seven oaks schools,https://www.yourpropertyguide.com.au/suburbs/seven-oaks-nsw-2440/schools,0,1,0,25
seville postcode,https://www.yourpropertyguide.com.au/suburbs/seville-vic-3139,0,1,0,8
seymour postcode,https://www.yourpropertyguide.com.au/suburbs/seymour-vic-3660,0,1,0,9
shared ownership calculator,https://www.yourpropertyguide.com.au/tools,0,1,0,77
shared ownership eligibility calculator,https://www.yourpropertyguide.com.au/tools,0,1,0,60
shared ownership staircasing to 100 freehold,https://www.yourpropertyguide.com.au/guides,0,1,0,82
shark bay postcode,https://www.yourpropertyguide.com.au/postcodes/6537,0,26,0,9.6
shark bay wa postcode,https://www.yourpropertyguide.com.au/postcodes/6537,0,2,0,9
shaw postcode,https://www.yourpropertyguide.com.au/suburbs/shaw-qld-4818,0,1,0,9
shelley primary school,https://www.yourpropertyguide.com.au/schools/shelley-primary-school-48610,0,5,0,33.6
shelley rent estimate,https://www.yourpropertyguide.com.au/suburbs/shelley-wa-6148/rental-market,0,1,0,24
shellharbour real estate agents,https://www.yourpropertyguide.com.au/suburbs/shellharbour-nsw-2529/agents,0,1,0,6
shenton park school catchment area,https://www.yourpropertyguide.com.au/suburbs/shenton-park-wa-6008/schools,0,1,0,40
shorewell park postcode,https://www.yourpropertyguide.com.au/suburbs/shorewell-park-tas-7320,0,1,0,8
shortland property management,https://www.yourpropertyguide.com.au/suburbs/shortland-nsw-2307/rental-market,0,1,0,33
should i fix my home loan or stay variable in 2026?,https://www.yourpropertyguide.com.au/guides/fixed-vs-variable-rate-guide,0,5,0,9
silverbark ridge,https://www.yourpropertyguide.com.au/suburbs/silverbark-ridge-qld-4124,0,2,0,16.5
silverwater postcode,https://www.yourpropertyguide.com.au/suburbs/silverwater-nsw-2128,0,1,0,11
sinagra rental investment,https://www.yourpropertyguide.com.au/suburbs/sinagra-wa-6065/rental-market,0,23,0,25.3
sisters creek,https://www.yourpropertyguide.com.au/suburbs/sisters-beach-tas-7321/vs/sisters-creek-tas-7325,0,2,0,45
site:www.yourpropertyguide.com.au,https://www.yourpropertyguide.com.au/,0,1,0,1
site:www.yourpropertyguide.com.au,https://www.yourpropertyguide.com.au/_next/static/media/03bda585a99c6450-s.p.0zzh68k1~whtc.woff2?dpl=dpl_4SduYV2aT9iEKsycqVNNZmuL1Voj,0,1,0,54
site:www.yourpropertyguide.com.au,https://www.yourpropertyguide.com.au/_next/static/media/03bda585a99c6450-s.p.0zzh68k1~whtc.woff2?dpl=dpl_6Au1ZZ6x8wAucZD4CHBLtYBf65B9,0,1,0,53
site:www.yourpropertyguide.com.au,https://www.yourpropertyguide.com.au/_next/static/media/3c7c6164b2587822-s.p.0duriy8536ewt.woff2?dpl=dpl_4SduYV2aT9iEKsycqVNNZmuL1Voj,0,1,0,52
site:www.yourpropertyguide.com.au,https://www.yourpropertyguide.com.au/_next/static/media/3c7c6164b2587822-s.p.0duriy8536ewt.woff2?dpl=dpl_6Au1ZZ6x8wAucZD4CHBLtYBf65B9,0,1,0,50
site:www.yourpropertyguide.com.au,https://www.yourpropertyguide.com.au/_next/static/media/3c7c6164b2587822-s.p.0duriy8536ewt.woff2?dpl=dpl_GVUkoiJ51vgLE5oaGU9Qyg24zyLH,0,1,0,51
site:www.yourpropertyguide.com.au,https://www.yourpropertyguide.com.au/_next/static/media/a343f882a40d2cc9-s.p.0kho-wj7-y-w1.woff2?dpl=dpl_6Au1ZZ6x8wAucZD4CHBLtYBf65B9,0,1,0,55
site:www.yourpropertyguide.com.au,https://www.yourpropertyguide.com.au/affordability-calculator,0,2,0,14
site:www.yourpropertyguide.com.au,https://www.yourpropertyguide.com.au/appraisal,0,2,0,3
site:www.yourpropertyguide.com.au,https://www.yourpropertyguide.com.au/best-deals,0,2,0,20.5
site:www.yourpropertyguide.com.au,https://www.yourpropertyguide.com.au/best-suburbs,0,3,0,13.3
site:www.yourpropertyguide.com.au,https://www.yourpropertyguide.com.au/borrowing-power-calculator,0,2,0,29.5
site:www.yourpropertyguide.com.au,https://www.yourpropertyguide.com.au/buying-guide,0,2,0,15
site:www.yourpropertyguide.com.au,https://www.yourpropertyguide.com.au/compare,0,1,0,6
site:www.yourpropertyguide.com.au,https://www.yourpropertyguide.com.au/find-an-expert,0,2,0,30.5
site:www.yourpropertyguide.com.au,https://www.yourpropertyguide.com.au/find-your-suburb,0,2,0,26.5
site:www.yourpropertyguide.com.au,https://www.yourpropertyguide.com.au/first-home-buyers,0,3,0,27.7
site:www.yourpropertyguide.com.au,https://www.yourpropertyguide.com.au/for-agents,0,2,0,19.5
site:www.yourpropertyguide.com.au,https://www.yourpropertyguide.com.au/guides,0,8,0,2.4
site:www.yourpropertyguide.com.au,https://www.yourpropertyguide.com.au/guides/brisbane-property-market-2026,0,2,0,22.5
site:www.yourpropertyguide.com.au,https://www.yourpropertyguide.com.au/guides/buying-property-australia,0,2,0,36.5
site:www.yourpropertyguide.com.au,https://www.yourpropertyguide.com.au/guides/category/news,0,1,0,30
site:www.yourpropertyguide.com.au,https://www.yourpropertyguide.com.au/guides/home-values-biggest-monthly-fall-june-2026,0,2,0,40.5
site:www.yourpropertyguide.com.au,https://www.yourpropertyguide.com.au/guides/how-to-sell-a-house-australia,0,2,0,47
site:www.yourpropertyguide.com.au,https://www.yourpropertyguide.com.au/guides/negative-gearing-australia,0,2,0,33.5
site:www.yourpropertyguide.com.au,https://www.yourpropertyguide.com.au/guides/negative-gearing-cgt-changes-now-law-2026,0,2,0,44
site:www.yourpropertyguide.com.au,https://www.yourpropertyguide.com.au/guides/perth-property-market-2026,0,2,0,21.5
site:www.yourpropertyguide.com.au,https://www.yourpropertyguide.com.au/guides/property-market-wrap-late-july-2026-spring-outlook,0,2,0,45
site:www.yourpropertyguide.com.au,https://www.yourpropertyguide.com.au/guides/renovation-cost-australia-2026,0,2,0,38.5
site:www.yourpropertyguide.com.au,https://www.yourpropertyguide.com.au/guides/rentvesting-australia,0,2,0,25.5
site:www.yourpropertyguide.com.au,https://www.yourpropertyguide.com.au/guides/sydney-property-market-2026,0,2,0,23.5
site:www.yourpropertyguide.com.au,https://www.yourpropertyguide.com.au/investing,0,2,0,2
site:www.yourpropertyguide.com.au,https://www.yourpropertyguide.com.au/market-reports,0,2,0,18
site:www.yourpropertyguide.com.au,https://www.yourpropertyguide.com.au/mortgage-calculator,0,2,0,17
site:www.yourpropertyguide.com.au,https://www.yourpropertyguide.com.au/postcodes/2564,0,1,0,9
site:www.yourpropertyguide.com.au,https://www.yourpropertyguide.com.au/postcodes/2628,0,1,0,9
site:www.yourpropertyguide.com.au,https://www.yourpropertyguide.com.au/postcodes/2649,0,1,0,10
site:www.yourpropertyguide.com.au,https://www.yourpropertyguide.com.au/postcodes/2834,0,1,0,3
site:www.yourpropertyguide.com.au,https://www.yourpropertyguide.com.au/postcodes/3140,0,1,0,19
site:www.yourpropertyguide.com.au,https://www.yourpropertyguide.com.au/postcodes/3460,0,1,0,7
site:www.yourpropertyguide.com.au,https://www.yourpropertyguide.com.au/postcodes/3754,0,1,0,9
site:www.yourpropertyguide.com.au,https://www.yourpropertyguide.com.au/postcodes/3852,0,1,0,9
site:www.yourpropertyguide.com.au,https://www.yourpropertyguide.com.au/postcodes/3878,0,4,0,5.2
site:www.yourpropertyguide.com.au,https://www.yourpropertyguide.com.au/postcodes/3981,0,7,0,2.6
site:www.yourpropertyguide.com.au,https://www.yourpropertyguide.com.au/postcodes/3990,0,7,0,5.7
site:www.yourpropertyguide.com.au,https://www.yourpropertyguide.com.au/postcodes/4005,0,1,0,3
site:www.yourpropertyguide.com.au,https://www.yourpropertyguide.com.au/postcodes/4067,0,1,0,7
site:www.yourpropertyguide.com.au,https://www.yourpropertyguide.com.au/postcodes/4120,0,7,0,4
site:www.yourpropertyguide.com.au,https://www.yourpropertyguide.com.au/postcodes/4225,0,1,0,23
site:www.yourpropertyguide.com.au,https://www.yourpropertyguide.com.au/postcodes/4550,0,2,0,14.5
site:www.yourpropertyguide.com.au,https://www.yourpropertyguide.com.au/postcodes/4676,0,1,0,9
site:www.yourpropertyguide.com.au,https://www.yourpropertyguide.com.au/postcodes/5094,0,1,0,8
site:www.yourpropertyguide.com.au,https://www.yourpropertyguide.com.au/postcodes/6015,0,1,0,4
site:www.yourpropertyguide.com.au,https://www.yourpropertyguide.com.au/postcodes/6103,0,6,0,8.5
site:www.yourpropertyguide.com.au,https://www.yourpropertyguide.com.au/postcodes/6124,0,1,0,25
site:www.yourpropertyguide.com.au,https://www.yourpropertyguide.com.au/postcodes/6232,0,6,0,6.8
site:www.yourpropertyguide.com.au,https://www.yourpropertyguide.com.au/postcodes/6437,0,2,0,15.5
site:www.yourpropertyguide.com.au,https://www.yourpropertyguide.com.au/postcodes/6537,0,4,0,8.8
site:www.yourpropertyguide.com.au,https://www.yourpropertyguide.com.au/postcodes/7116,0,1,0,10
site:www.yourpropertyguide.com.au,https://www.yourpropertyguide.com.au/postcodes/7178,0,2,0,17
site:www.yourpropertyguide.com.au,https://www.yourpropertyguide.com.au/postcodes/7325,0,1,0,4
site:www.yourpropertyguide.com.au,https://www.yourpropertyguide.com.au/privacy,0,1,0,3
site:www.yourpropertyguide.com.au,https://www.yourpropertyguide.com.au/rba-cash-rate,0,1,0,26
site:www.yourpropertyguide.com.au,https://www.yourpropertyguide.com.au/real-estate-commission-calculator,0,4,0,48
site:www.yourpropertyguide.com.au,https://www.yourpropertyguide.com.au/regions/cassowary-coast,0,1,0,27
site:www.yourpropertyguide.com.au,https://www.yourpropertyguide.com.au/regions/christmas-island,0,2,0,31.5
site:www.yourpropertyguide.com.au,https://www.yourpropertyguide.com.au/renovating,0,2,0,3
site:www.yourpropertyguide.com.au,https://www.yourpropertyguide.com.au/rental-yield-calculator,0,3,0,28.7
site:www.yourpropertyguide.com.au,https://www.yourpropertyguide.com.au/schools,0,1,0,7
site:www.yourpropertyguide.com.au,https://www.yourpropertyguide.com.au/schools/banum-warrik-primary-school-53302/vs/gilgai-plains-primary-school-53063,0,1,0,49
site:www.yourpropertyguide.com.au,https://www.yourpropertyguide.com.au/schools/christmas-island-district-high-school-48241,0,2,0,37.5
site:www.yourpropertyguide.com.au,https://www.yourpropertyguide.com.au/schools/minaret-college-46321,0,1,0,45
site:www.yourpropertyguide.com.au,https://www.yourpropertyguide.com.au/selling,0,2,0,12
site:www.yourpropertyguide.com.au,https://www.yourpropertyguide.com.au/selling-guide,0,2,0,13
site:www.yourpropertyguide.com.au,https://www.yourpropertyguide.com.au/stamp-duty-calculator,0,2,0,24.5
site:www.yourpropertyguide.com.au,https://www.yourpropertyguide.com.au/states,0,2,0,11
site:www.yourpropertyguide.com.au,https://www.yourpropertyguide.com.au/suburbs,0,1,0,8
site:www.yourpropertyguide.com.au,https://www.yourpropertyguide.com.au/suburbs/atitjere-nt-0872,0,4,0,30
site:www.yourpropertyguide.com.au,https://www.yourpropertyguide.com.au/suburbs/barrow-creek-nt-0872,0,2,0,42
site:www.yourpropertyguide.com.au,https://www.yourpropertyguide.com.au/suburbs/beaconsfield-tas-7270,0,1,0,70
site:www.yourpropertyguide.com.au,https://www.yourpropertyguide.com.au/suburbs/bondi-nsw-2026,0,2,0,34.5
site:www.yourpropertyguide.com.au,https://www.yourpropertyguide.com.au/suburbs/boonal-nsw-2409,0,3,0,19.7
site:www.yourpropertyguide.com.au,https://www.yourpropertyguide.com.au/suburbs/broughton-nsw-2535,0,1,0,69
site:www.yourpropertyguide.com.au,https://www.yourpropertyguide.com.au/suburbs/buderim-qld-4556,0,2,0,62.5
site:www.yourpropertyguide.com.au,https://www.yourpropertyguide.com.au/suburbs/carlaminda-nsw-2630,0,2,0,61.5
site:www.yourpropertyguide.com.au,https://www.yourpropertyguide.com.au/suburbs/carmoo-qld-4852,0,3,0,18.7
site:www.yourpropertyguide.com.au,https://www.yourpropertyguide.com.au/suburbs/craigmore-sa-5114,0,1,0,51
site:www.yourpropertyguide.com.au,https://www.yourpropertyguide.com.au/suburbs/djuan-qld-4352,0,1,0,48
site:www.yourpropertyguide.com.au,https://www.yourpropertyguide.com.au/suburbs/frankston-vic-3199,0,1,0,47
site:www.yourpropertyguide.com.au,https://www.yourpropertyguide.com.au/suburbs/glenorchy-tas-7010,0,1,0,41
site:www.yourpropertyguide.com.au,https://www.yourpropertyguide.com.au/suburbs/hilltown-sa-5455,0,2,0,1
site:www.yourpropertyguide.com.au,https://www.yourpropertyguide.com.au/suburbs/indigo-vic-3683,0,4,0,32.2
site:www.yourpropertyguide.com.au,https://www.yourpropertyguide.com.au/suburbs/lockyer-qld-4344,0,4,0,31.2
site:www.yourpropertyguide.com.au,https://www.yourpropertyguide.com.au/suburbs/maitland-sa-5573,0,2,0,10
site:www.yourpropertyguide.com.au,https://www.yourpropertyguide.com.au/suburbs/mallan-nsw-2734,0,3,0,20.7
site:www.yourpropertyguide.com.au,https://www.yourpropertyguide.com.au/suburbs/memagong-nsw-2594,0,1,0,67
site:www.yourpropertyguide.com.au,https://www.yourpropertyguide.com.au/suburbs/meryla-nsw-2577,0,2,0,59.5
site:www.yourpropertyguide.com.au,https://www.yourpropertyguide.com.au/suburbs/minvalara-sa-5422,0,1,0,49
site:www.yourpropertyguide.com.au,https://www.yourpropertyguide.com.au/suburbs/mitchell-nt-0832,0,3,0,21.7
site:www.yourpropertyguide.com.au,https://www.yourpropertyguide.com.au/suburbs/mitre-vic-3409,0,1,0,46
site:www.yourpropertyguide.com.au,https://www.yourpropertyguide.com.au/suburbs/naraling-wa-6532,0,4,0,33.2
site:www.yourpropertyguide.com.au,https://www.yourpropertyguide.com.au/suburbs/pampas-qld-4352,0,1,0,68
site:www.yourpropertyguide.com.au,https://www.yourpropertyguide.com.au/suburbs/paradise-waters-qld-4217,0,1,0,44
site:www.yourpropertyguide.com.au,https://www.yourpropertyguide.com.au/suburbs/puddledock-nsw-2350,0,1,0,50
site:www.yourpropertyguide.com.au,https://www.yourpropertyguide.com.au/suburbs/quinyambie-sa-5440,0,1,0,43
site:www.yourpropertyguide.com.au,https://www.yourpropertyguide.com.au/suburbs/segenhoe-nsw-2337,0,2,0,58.5
site:www.yourpropertyguide.com.au,https://www.yourpropertyguide.com.au/suburbs/st-helena-vic-3088/rental-market,0,2,0,48.5
site:www.yourpropertyguide.com.au,https://www.yourpropertyguide.com.au/suburbs/st-kitts-sa-5356/rental-market,0,1,0,47
site:www.yourpropertyguide.com.au,https://www.yourpropertyguide.com.au/suburbs/st-lucia-qld-4067/rental-market,0,2,0,46
site:www.yourpropertyguide.com.au,https://www.yourpropertyguide.com.au/suburbs/surfers-paradise-qld-4217,0,2,0,39.5
site:www.yourpropertyguide.com.au,https://www.yourpropertyguide.com.au/suburbs/taralga-nsw-2580,0,1,0,66
site:www.yourpropertyguide.com.au,https://www.yourpropertyguide.com.au/suburbs/toorak-vic-3142,0,2,0,32.5
site:www.yourpropertyguide.com.au,https://www.yourpropertyguide.com.au/suburbs/upper-horton-nsw-2347,0,1,0,42
site:www.yourpropertyguide.com.au,https://www.yourpropertyguide.com.au/suburbs/warwick-wa-6024,0,1,0,51
site:www.yourpropertyguide.com.au,https://www.yourpropertyguide.com.au/suburbs/waterloo-vic-3373,0,1,0,44
site:www.yourpropertyguide.com.au,https://www.yourpropertyguide.com.au/suburbs/watsons-crossing-qld-4385,0,1,0,42
site:www.yourpropertyguide.com.au,https://www.yourpropertyguide.com.au/suburbs/willowmavin-vic-3764,0,1,0,57
site:www.yourpropertyguide.com.au,https://www.yourpropertyguide.com.au/suburbs/woolloongabba-qld-4102,0,1,0,42
site:www.yourpropertyguide.com.au,https://www.yourpropertyguide.com.au/tools,0,1,0,9
site:www.yourpropertyguide.com.au,https://www.yourpropertyguide.com.au/upgrading,0,1,0,1
slade point postcode,https://www.yourpropertyguide.com.au/suburbs/blacks-beach-qld-4740,0,1,0,46
small house renovation cost,https://www.yourpropertyguide.com.au/renovating,0,3,0,88.7
smallest suburb in australia,https://www.yourpropertyguide.com.au/suburbs,0,1,0,52
smith's realty,https://www.yourpropertyguide.com.au/suburbs/smiths-lake-nsw-2428/agents,0,1,0,30
smiths gully postcode,https://www.yourpropertyguide.com.au/postcodes/3760,0,20,0,9.6
smythes creek,https://www.yourpropertyguide.com.au/suburbs/smythes-creek-vic-3351,0,1,0,71
smythes creek post code,https://www.yourpropertyguide.com.au/suburbs/smythes-creek-vic-3351,0,1,0,9
smythes creek postcode,https://www.yourpropertyguide.com.au/suburbs/smythes-creek-vic-3351,0,78,0,9.5
smythes creek victoria,https://www.yourpropertyguide.com.au/suburbs/smythes-creek-vic-3351,0,2,0,29.5
somerset post code,https://www.yourpropertyguide.com.au/suburbs/somerset-tas-7322,0,2,0,7.5
somerset postcode,https://www.yourpropertyguide.com.au/suburbs/somerset-tas-7322,0,1,0,9
somerset postcode tas,https://www.yourpropertyguide.com.au/suburbs/somerset-tas-7322,0,2,0,8
somerset tas postcode,https://www.yourpropertyguide.com.au/suburbs/somerset-tas-7322,0,8,0,8.1
somerset tasmania postcode,https://www.yourpropertyguide.com.au/suburbs/somerset-tas-7322,0,4,0,9
somerton vic,https://www.yourpropertyguide.com.au/suburbs/craigieburn-vic-3064/vs/somerton-vic-3062,0,1,0,57
somerton victoria,https://www.yourpropertyguide.com.au/suburbs/craigieburn-vic-3064/vs/somerton-vic-3062,0,1,0,65
sorrento real estate agents,https://www.yourpropertyguide.com.au/suburbs/sorrento-vic-3943/agents,0,1,0,32
sorrento real estate agents vic,https://www.yourpropertyguide.com.au/suburbs/sorrento-vic-3943/agents,0,1,0,33
south australia pin code,https://www.yourpropertyguide.com.au/suburbs/surfers-paradise-qld-4217,0,1,0,2
south bank queensland postcode,https://www.yourpropertyguide.com.au/suburbs/south-bank-qld-4101,0,4,0,39
south lake suburb profile,https://www.yourpropertyguide.com.au/suburbs/south-lake-wa-6164/rental-market,0,38,0,43.2
south mackay,https://www.yourpropertyguide.com.au/suburbs/mackay-south-qld-4740,0,4,0,50.2
south mackay post code,https://www.yourpropertyguide.com.au/suburbs/mackay-south-qld-4740,0,13,0,8.3
south mackay postcode,https://www.yourpropertyguide.com.au/suburbs/mackay-south-qld-4740,0,35,0,7.3
south mackay qld,https://www.yourpropertyguide.com.au/suburbs/mackay-south-qld-4740,0,4,0,48
south melbourne median house price,https://www.yourpropertyguide.com.au/suburbs/melbourne-vic-3004/vs/south-yarra-vic-3141,0,2,0,40
south melbourne real estate agents,https://www.yourpropertyguide.com.au/suburbs/south-melbourne-vic-3205/agents,0,2,0,29.5
south melbourne rental yield,https://www.yourpropertyguide.com.au/suburbs/south-yarra-vic-3141/rental-market,0,1,0,67
south morang post code,https://www.yourpropertyguide.com.au/postcodes/3752,0,9,0,10.7
south morang postcode,https://www.yourpropertyguide.com.au/postcodes/3752,0,4,0,10
south morang postcode melbourne,https://www.yourpropertyguide.com.au/postcodes/3752,0,1,0,11
south morang postcode vic,https://www.yourpropertyguide.com.au/postcodes/3764,0,1,0,79
south murwillumbah post code,https://www.yourpropertyguide.com.au/postcodes/2484,0,4,0,9.8
south murwillumbah postcode,https://www.yourpropertyguide.com.au/postcodes/2484,0,2,0,11.5
south oakleigh postcode,https://www.yourpropertyguide.com.au/postcodes/3167,0,3,0,9.3
south oakleigh postcode,https://www.yourpropertyguide.com.au/suburbs/oakleigh-south-vic-3167,0,20,0,6.4
south spreyton,https://www.yourpropertyguide.com.au/suburbs/south-spreyton-tas-7310,0,1,0,25
south tamworth postcode,https://www.yourpropertyguide.com.au/suburbs/east-tamworth-nsw-2340,0,1,0,30
south yarra median house price,https://www.yourpropertyguide.com.au/suburbs/melbourne-vic-3004/vs/south-yarra-vic-3141,0,1,0,49
south yarra median house price,https://www.yourpropertyguide.com.au/suburbs/south-yarra-vic-3141/rental-market,0,2,0,53
south yarra real estate agents,https://www.yourpropertyguide.com.au/suburbs/south-yarra-vic-3141/agents,0,4,0,28.5
southbank post code,https://www.yourpropertyguide.com.au/suburbs/south-bank-qld-4101,0,1,0,3
southbank postcode,https://www.yourpropertyguide.com.au/suburbs/south-bank-qld-4101,0,1,0,3
spearwood rent estimate,https://www.yourpropertyguide.com.au/suburbs/spearwood-wa-6163/rental-market,0,1,0,25
special conditions contract of sale qld,https://www.yourpropertyguide.com.au/guides/contract-of-sale-qld,0,2,0,86.5
speers point postcode,https://www.yourpropertyguide.com.au/suburbs/speers-point-nsw-2284,0,1,0,11
spreyton tas postcode,https://www.yourpropertyguide.com.au/suburbs/south-spreyton-tas-7310,0,1,0,34
spring farm 2570,https://www.yourpropertyguide.com.au/suburbs/spring-farm-nsw-2570,0,2,0,13
spring farm nsw,https://www.yourpropertyguide.com.au/suburbs/spring-farm-nsw-2570,0,6,0,40
spring farm nsw 2570,https://www.yourpropertyguide.com.au/suburbs/spring-farm-nsw-2570,0,1,0,19
spring farm nsw postcode,https://www.yourpropertyguide.com.au/suburbs/spring-farm-nsw-2570,0,36,0,8.8
spring farm post code,https://www.yourpropertyguide.com.au/suburbs/spring-farm-nsw-2570,0,99,0,5.3
spring farm postcode,https://www.yourpropertyguide.com.au/suburbs/spring-farm-nsw-2570,0,488,0,7.7
spring farm postcode nsw,https://www.yourpropertyguide.com.au/suburbs/spring-farm-nsw-2570,0,14,0,9.1
spring farm property growth,https://www.yourpropertyguide.com.au/suburbs/spring-farm-nsw-2570,0,22,0,16.1
spring farm sydney,https://www.yourpropertyguide.com.au/suburbs/spring-farm-nsw-2570,0,2,0,51
springbrook nsw,https://www.yourpropertyguide.com.au/suburbs/springwood-nsw-2777,0,1,0,63
springfarm postcode,https://www.yourpropertyguide.com.au/suburbs/spring-farm-nsw-2570,0,15,0,7.9
springvale real estate agents,https://www.yourpropertyguide.com.au/suburbs/springvale-vic-3171/agents,0,1,0,25
springwood 2777,https://www.yourpropertyguide.com.au/suburbs/springwood-nsw-2777,0,1,0,41
springwood elevation,https://www.yourpropertyguide.com.au/suburbs/springwood-nsw-2777,0,1,0,50
springwood median house price,https://www.yourpropertyguide.com.au/suburbs/springwood-nsw-2777/rental-market,0,1,0,39
springwood new south wales australia,https://www.yourpropertyguide.com.au/suburbs/springwood-nsw-2777,0,1,0,73
springwood nsw,https://www.yourpropertyguide.com.au/suburbs/springwood-nsw-2777,0,8,0,71.8
springwood nsw 2777,https://www.yourpropertyguide.com.au/suburbs/springwood-nsw-2777,0,21,0,50.0
springwood nsw population,https://www.yourpropertyguide.com.au/suburbs/springwood-nsw-2777,0,1,0,42
springwood nsw postcode,https://www.yourpropertyguide.com.au/suburbs/springwood-nsw-2777,0,45,0,11.0
springwood population,https://www.yourpropertyguide.com.au/suburbs/springwood-nsw-2777,0,2,0,34.5
springwood post code,https://www.yourpropertyguide.com.au/suburbs/springwood-nsw-2777,0,43,0,9.3
springwood postcode,https://www.yourpropertyguide.com.au/suburbs/springwood-nsw-2777,0,314,0,8.5
springwood postcode nsw,https://www.yourpropertyguide.com.au/suburbs/springwood-nsw-2777,0,25,0,10.5
springwood suburb profile,https://www.yourpropertyguide.com.au/suburbs/springwood-nsw-2777,0,3,0,32
springwood sydney,https://www.yourpropertyguide.com.au/suburbs/springwood-nsw-2777,0,2,0,61
st albans capital growth,https://www.yourpropertyguide.com.au/suburbs/st-albans-vic-3021/rental-market,0,1,0,64
st albans median house price,https://www.yourpropertyguide.com.au/suburbs/st-albans-vic-3021/rental-market,0,1,0,51
st albans property growth,https://www.yourpropertyguide.com.au/suburbs/st-albans-vic-3021/rental-market,0,1,0,62
st clair postcode nsw,https://www.yourpropertyguide.com.au/suburbs/st-clair-nsw-2759,0,1,0,11
st helena suburb profile,https://www.yourpropertyguide.com.au/suburbs/st-helena-vic-3088/rental-market,0,2,0,44.5
st huberts island real estate agents,https://www.yourpropertyguide.com.au/suburbs/st-huberts-island-nsw-2257/agents,0,1,0,23
st ives north public school catchment,https://www.yourpropertyguide.com.au/suburbs/st-ives-nsw-2075/schools,0,1,0,52
st ives real estate agents,https://www.yourpropertyguide.com.au/suburbs/st-ives-chase-nsw-2075/agents,0,2,0,11
st ives real estate agents,https://www.yourpropertyguide.com.au/suburbs/st-ives-nsw-2075/agents,0,2,0,3
st ives schools,https://www.yourpropertyguide.com.au/suburbs/st-ives-nsw-2075/schools,0,1,0,87
st kilda east postcode,https://www.yourpropertyguide.com.au/suburbs/st-kilda-east-vic-3183,0,1,0,7
st kilda median house price,https://www.yourpropertyguide.com.au/suburbs/melbourne-vic-3004/vs/st-kilda-road-central-vic-3004,0,5,0,67.4
st kilda median house price,https://www.yourpropertyguide.com.au/suburbs/st-kilda-sa-5110/rental-market,0,2,0,65
st kilda road central,https://www.yourpropertyguide.com.au/suburbs/melbourne-vic-3004/vs/st-kilda-road-central-vic-3004,0,1,0,29
st lucia brisbane post code,https://www.yourpropertyguide.com.au/postcodes/4067,0,3,0,9
st lucia brisbane postcode,https://www.yourpropertyguide.com.au/postcodes/4067,0,38,0,10.1
st lucia median house price,https://www.yourpropertyguide.com.au/suburbs/st-lucia-qld-4067/rental-market,0,1,0,44
st lucia postcode,https://www.yourpropertyguide.com.au/postcodes/4067,0,22,0,10.5
st lucia postcode qld,https://www.yourpropertyguide.com.au/postcodes/4067,0,1,0,10
st lucia qld post code,https://www.yourpropertyguide.com.au/postcodes/4067,0,4,0,9.8
st lucia qld postcode,https://www.yourpropertyguide.com.au/postcodes/4067,0,23,0,10.2
st lucia queensland postcode,https://www.yourpropertyguide.com.au/postcodes/4067,0,11,0,11.4
st marys primary school sale,https://www.yourpropertyguide.com.au/schools/st-mary-s-primary-school-45662/vs/sale-primary-school-44103,0,1,0,15
st marys sale,https://www.yourpropertyguide.com.au/schools/st-mary-s-primary-school-45662/vs/sale-primary-school-44103,0,1,0,48
st peters clyde north fees,https://www.yourpropertyguide.com.au/schools/st-therese-s-school-46088/vs/st-peter-s-college-46087,0,1,0,71
st peters cranbourne fees,https://www.yourpropertyguide.com.au/schools/st-therese-s-school-46088/vs/st-peter-s-college-46087,0,2,0,70.5
st philip neri northbridge,https://www.yourpropertyguide.com.au/schools/st-philip-neri-catholic-primary-school-43251/vs/northbridge-public-school-41232,0,2,0,37
st teresa catholic college,https://www.yourpropertyguide.com.au/schools/st-teresa-s-catholic-college-47667,0,1,0,26
st teresa college,https://www.yourpropertyguide.com.au/schools/st-teresa-s-catholic-college-47667,0,2,0,32
staging companies prices,https://www.yourpropertyguide.com.au/guides/home-staging-cost-australia,0,1,0,90
stamp duty aus,https://www.yourpropertyguide.com.au/stamp-duty-calculator,0,1,0,73
stamp duty australia,https://www.yourpropertyguide.com.au/stamp-duty-calculator,0,6,0,70.7
stamp duty by state,https://www.yourpropertyguide.com.au/stamp-duty-calculator,0,6,0,85.7
stamp duty by state australia,https://www.yourpropertyguide.com.au/stamp-duty-calculator,0,1,0,86
stamp duty calculator qld nab,https://www.yourpropertyguide.com.au/stamp-duty-calculator,0,2,0,82
stamp duty in australia,https://www.yourpropertyguide.com.au/stamp-duty-calculator,0,1,0,81
stamp duty rates in australia,https://www.yourpropertyguide.com.au/stamp-duty-calculator,0,1,0,63
stamp duty state by state,https://www.yourpropertyguide.com.au/stamp-duty-calculator,0,1,0,83
standard commission for real estate agent,https://www.yourpropertyguide.com.au/guides/real-estate-commission-vic,0,1,0,62
standard commission for real estate agents,https://www.yourpropertyguide.com.au/guides/real-estate-commission-vic,0,1,0,59
standard commission for realtor,https://www.yourpropertyguide.com.au/guides/real-estate-commission-nsw,0,1,0,9
standard commission for realtors,https://www.yourpropertyguide.com.au/guides/real-estate-commission-vic,0,2,0,59
standard listing agent commission,https://www.yourpropertyguide.com.au/guides/real-estate-commission-vic,0,1,0,61
standard real estate agent commission,https://www.yourpropertyguide.com.au/guides/real-estate-commission-vic,0,3,0,48.3
standard real estate agent fee,https://www.yourpropertyguide.com.au/guides/real-estate-commission-vic,0,1,0,67
standard real estate agent fees,https://www.yourpropertyguide.com.au/guides/real-estate-commission-vic,0,2,0,63.5
standard real estate commission,https://www.yourpropertyguide.com.au/guides/real-estate-commission-nsw,0,4,0,53.5
standard real estate commission,https://www.yourpropertyguide.com.au/guides/real-estate-commission-vic,0,15,0,64.3
standard real estate commission nsw,https://www.yourpropertyguide.com.au/real-estate-commission-calculator,0,1,0,56
standard real estate commission qld,https://www.yourpropertyguide.com.au/real-estate-commission-calculator,0,2,0,77.5
standard realtor commission,https://www.yourpropertyguide.com.au/guides/real-estate-commission-vic,0,1,0,69
standard realtor commission rate,https://www.yourpropertyguide.com.au/guides/real-estate-commission-vic,0,1,0,61
stanley post code,https://www.yourpropertyguide.com.au/suburbs/stanley-tas-7331,0,1,0,7
stanley postcode,https://www.yourpropertyguide.com.au/suburbs/stanley-tas-7331,0,5,0,7
stanley supermarket,https://www.yourpropertyguide.com.au/suburbs/stanley-tas-7331,0,1,0,3
stanley tas postcode,https://www.yourpropertyguide.com.au/suburbs/stanley-tas-7331,0,3,0,7
stanley tasmania population,https://www.yourpropertyguide.com.au/suburbs/stanley-tas-7331,0,1,0,43
stanley tasmania postcode,https://www.yourpropertyguide.com.au/suburbs/stanley-tas-7331,0,7,0,8.1
stanmore buyers agent,https://www.yourpropertyguide.com.au/suburbs/stanmore-nsw-2048/agents,0,4,0,29
stanmore postcode,https://www.yourpropertyguide.com.au/suburbs/stanmore-nsw-2048,0,3,0,8.3
stanthorpe real estate agents,https://www.yourpropertyguide.com.au/suburbs/stanthorpe-qld-4380/agents,0,2,0,44.5
steps for buying property,https://www.yourpropertyguide.com.au/guides/buying-property-australia,0,1,0,81
steps in buying a house australia,https://www.yourpropertyguide.com.au/guides/buying-property-australia,0,2,0,76.5
steps in buying property,https://www.yourpropertyguide.com.au/guides/buying-property-australia,0,1,0,78
steps of buying a property,https://www.yourpropertyguide.com.au/guides/buying-property-australia,0,2,0,86.5
steps to buy,https://www.yourpropertyguide.com.au/guides/buying-property-australia,0,1,0,80
steps to buy a house in australia,https://www.yourpropertyguide.com.au/guides/buying-property-australia,0,2,0,70.5
steps to buying a house australia,https://www.yourpropertyguide.com.au/guides/buying-property-australia,0,1,0,84
steps to buying a property,https://www.yourpropertyguide.com.au/guides/buying-property-australia,0,17,0,91.5
steps to buying an apartment,https://www.yourpropertyguide.com.au/guides/buying-property-australia,0,1,0,60
steps to buying property,https://www.yourpropertyguide.com.au/guides/buying-property-australia,0,16,0,71.7
steps to purchasing a property,https://www.yourpropertyguide.com.au/guides/buying-property-australia,0,1,0,80
steps to sell house,https://www.yourpropertyguide.com.au/guides/sell-your-house-privately-australia,0,3,0,2
sterling median home price,https://www.yourpropertyguide.com.au/suburbs/stirling-sa-5152,0,1,0,8
stirling rent estimate,https://www.yourpropertyguide.com.au/suburbs/mount-stirling-wa-6383/rental-market,0,1,0,23
stockrington,https://www.yourpropertyguide.com.au/suburbs/stockrington-nsw-2322,0,3,0,31
stockrington nsw,https://www.yourpropertyguide.com.au/suburbs/stockrington-nsw-2322,0,1,0,11
stockton postcode nsw,https://www.yourpropertyguide.com.au/suburbs/newcastle-east-nsw-2300,0,1,0,99
stony head,https://www.yourpropertyguide.com.au/suburbs/stony-head-tas-7252/vs/lefroy-tas-7252,0,1,0,27
str in burwood east,https://www.yourpropertyguide.com.au/suburbs/burwood-east-vic-3151/rental-market,0,46,0,40.9
stradbroke island postcode,https://www.yourpropertyguide.com.au/suburbs/north-stradbroke-island-qld-4183,0,26,0,9.7
stradbroke postcode,https://www.yourpropertyguide.com.au/suburbs/north-stradbroke-island-qld-4183,0,11,0,9.6
strata title property settlements,https://www.yourpropertyguide.com.au/glossary/strata-title,0,2,0,91.5
strathalbyn geraldton,https://www.yourpropertyguide.com.au/suburbs/strathalbyn-wa-6530,0,2,0,18.5
strathalbyn post code,https://www.yourpropertyguide.com.au/suburbs/strathalbyn-wa-6530,0,6,0,8
strathalbyn postcode,https://www.yourpropertyguide.com.au/suburbs/strathalbyn-wa-6530,0,31,0,8.5
strathalbyn wa,https://www.yourpropertyguide.com.au/suburbs/strathalbyn-wa-6530,0,2,0,20.5
strathfield girl high school catchment,https://www.yourpropertyguide.com.au/schools/strathfield-girls-high-school-41556,0,12,0,15.3
strathfield girls high school catchment,https://www.yourpropertyguide.com.au/schools/strathfield-girls-high-school-41556,0,17,0,13
strathmore postcode,https://www.yourpropertyguide.com.au/suburbs/strathmore-vic-3041,0,1,0,8
stream hill post code,https://www.yourpropertyguide.com.au/suburbs/kembla-grange-nsw-2526,0,8,0,10.9
stream hill postcode,https://www.yourpropertyguide.com.au/suburbs/kembla-grange-nsw-2526,0,18,0,10.5
stretton post code,https://www.yourpropertyguide.com.au/postcodes/4116,0,10,0,10.3
stretton postcode,https://www.yourpropertyguide.com.au/postcodes/4116,0,45,0,9.8
sturt public school wagga,https://www.yourpropertyguide.com.au/schools/sturt-public-school-42678,0,1,0,32
subiaco postcode,https://www.yourpropertyguide.com.au/suburbs/subiaco-wa-6008,0,2,0,9
suburb,https://www.yourpropertyguide.com.au/suburbs/silent-grove-nsw-2372,0,1,0,8
suburb advice,https://www.yourpropertyguide.com.au/best-suburbs,0,2,0,44.5
suburb growth rates wa,https://www.yourpropertyguide.com.au/best-suburbs/highest-growth/wa,0,24,0,32.5
suburb growth rates wa,https://www.yourpropertyguide.com.au/market-reports/wa,0,15,0,71.9
suburb guide,https://www.yourpropertyguide.com.au/,0,3,0,18
suburb guide,https://www.yourpropertyguide.com.au/best-suburbs,0,1,0,71
suburb median price,https://www.yourpropertyguide.com.au/price-guide,0,1,0,50
suburb price guide,https://www.yourpropertyguide.com.au/,0,1,0,15
suburb price guide,https://www.yourpropertyguide.com.au/price-guide,0,1,0,58
suburb pricing tool,https://www.yourpropertyguide.com.au/tools,0,2,0,48
suburb ranking,https://www.yourpropertyguide.com.au/best-suburbs,0,1,0,46
suburb ratings,https://www.yourpropertyguide.com.au/best-suburbs,0,1,0,81
suburbs,https://www.yourpropertyguide.com.au/guides/best-brisbane-suburbs-for-families-2026,0,1,0,13
suburbs in moreton bay,https://www.yourpropertyguide.com.au/guides/top-5-suburbs-families-moreton-bay,0,1,0,28
suburbs near browns plains,https://www.yourpropertyguide.com.au/suburbs/browns-plains-bc-qld-4118,0,1,0,40
suburbs near frankston,https://www.yourpropertyguide.com.au/suburbs/frankston-vic-3199,0,1,0,69
suburbs near frankston,https://www.yourpropertyguide.com.au/suburbs/skye-vic-3977/vs/frankston-north-vic-3200,0,1,0,23
suburbs near hawthorn,https://www.yourpropertyguide.com.au/suburbs/hawthorn-east-vic-3123,0,1,0,29
suburbs near homebush,https://www.yourpropertyguide.com.au/suburbs/homebush-south-nsw-2140,0,2,0,44.5
suburbs near surfers paradise,https://www.yourpropertyguide.com.au/suburbs/surfers-paradise-qld-4217,0,1,0,19
suburbs near toorak,https://www.yourpropertyguide.com.au/suburbs/toorak-vic-3142,0,1,0,13
suburbs to avoid in rockhampton,https://www.yourpropertyguide.com.au/suburbs/north-rockhampton-qld-4701,0,2,0,37
sufers paradise postcode,https://www.yourpropertyguide.com.au/suburbs/surfers-paradise-qld-4217,0,6,0,5.8
summer hill buyers agent,https://www.yourpropertyguide.com.au/suburbs/summer-hill-nsw-2130/agents,0,1,0,27
sunbury median house price,https://www.yourpropertyguide.com.au/suburbs/sunbury-vic-3429/rental-market,0,2,0,59.5
sunbury median house price,https://www.yourpropertyguide.com.au/suburbs/sunbury-vic-3429/vs/bulla-vic-3428,0,1,0,55
sunbury postcode,https://www.yourpropertyguide.com.au/suburbs/sunbury-vic-3429,0,1,0,7
sunbury postcode 3428,https://www.yourpropertyguide.com.au/suburbs/sunbury-vic-3429/vs/bulla-vic-3428,0,1,0,36
sunnybank postcode,https://www.yourpropertyguide.com.au/suburbs/sunnybank-qld-4109,0,2,0,8
sunshine coast schools,https://www.yourpropertyguide.com.au/suburbs/sunshine-beach-qld-4567/schools,0,1,0,89
surface paradise post code,https://www.yourpropertyguide.com.au/suburbs/surfers-paradise-qld-4217,0,1,0,7
surfer paradise post code,https://www.yourpropertyguide.com.au/suburbs/surfers-paradise-qld-4217,0,16,0,7.8
surfer paradise postcode,https://www.yourpropertyguide.com.au/suburbs/surfers-paradise-qld-4217,0,57,0,8.8
surfers paradise 4217 australia,https://www.yourpropertyguide.com.au/suburbs/surfers-paradise-qld-4217,0,3,0,39
surfers paradise area code,https://www.yourpropertyguide.com.au/suburbs/surfers-paradise-qld-4217,0,11,0,10
surfers paradise boulevard,https://www.yourpropertyguide.com.au/suburbs/surfers-paradise-qld-4217,0,1,0,73
surfers paradise gold coast postcode,https://www.yourpropertyguide.com.au/suburbs/surfers-paradise-qld-4217,0,40,0,6.6
surfers paradise population,https://www.yourpropertyguide.com.au/suburbs/surfers-paradise-qld-4217,0,19,0,10.5
surfers paradise post code,https://www.yourpropertyguide.com.au/suburbs/surfers-paradise-qld-4217,0,562,0,6.9
surfers paradise postal code,https://www.yourpropertyguide.com.au/suburbs/surfers-paradise-qld-4217,0,42,0,7.6
surfers paradise postcode,https://www.yourpropertyguide.com.au/suburbs/surfers-paradise-qld-4217,0,1759,0,7.5
surfers paradise postcode 4217,https://www.yourpropertyguide.com.au/suburbs/surfers-paradise-qld-4217,0,9,0,9
surfers paradise property market,https://www.yourpropertyguide.com.au/suburbs/surfers-paradise-qld-4217,0,1,0,37
surfers paradise qld 4217,https://www.yourpropertyguide.com.au/suburbs/surfers-paradise-qld-4217,0,18,0,15.4
surfers paradise qld 4217 australia,https://www.yourpropertyguide.com.au/suburbs/surfers-paradise-qld-4217,0,10,0,19.6
surfers paradise qld postcode,https://www.yourpropertyguide.com.au/suburbs/surfers-paradise-qld-4217,0,31,0,7.9
surfers paradise queensland 4217 australia,https://www.yourpropertyguide.com.au/suburbs/surfers-paradise-qld-4217,0,1,0,19
surfers paradise queensland postcode,https://www.yourpropertyguide.com.au/suburbs/surfers-paradise-qld-4217,0,1,0,8
surfers paradise suburbs,https://www.yourpropertyguide.com.au/suburbs/surfers-paradise-qld-4217,0,1,0,88
surfers paradise zip code,https://www.yourpropertyguide.com.au/suburbs/surfers-paradise-qld-4217,0,38,0,8.8
surfers post code,https://www.yourpropertyguide.com.au/suburbs/surfers-paradise-qld-4217,0,68,0,6.2
surfers postcode,https://www.yourpropertyguide.com.au/suburbs/surfers-paradise-qld-4217,0,149,0,7.5
surrey hills median house price,https://www.yourpropertyguide.com.au/suburbs/surrey-hills-vic-3127/rental-market,0,1,0,43
surry hills real estate agents,https://www.yourpropertyguide.com.au/suburbs/surry-hills-nsw-2010/agents,0,8,0,5.9
sutherland post code,https://www.yourpropertyguide.com.au/postcodes/2232,0,1,0,72
sutherland post code,https://www.yourpropertyguide.com.au/suburbs/taren-point-nsw-2229,0,1,0,49
svensson heights postcode,https://www.yourpropertyguide.com.au/suburbs/santa-fe-heights-qld-4670,0,1,0,46
swan hill post code,https://www.yourpropertyguide.com.au/suburbs/sandhill-lake-vic-3579,0,1,0,97
swanbourne rent estimate,https://www.yourpropertyguide.com.au/suburbs/swanbourne-wa-6010/rental-market,0,1,0,26
sydenham buyers agent,https://www.yourpropertyguide.com.au/suburbs/sydenham-nsw-2044/agents,0,1,0,4
sydenham buyers agent,https://www.yourpropertyguide.com.au/suburbs/sydenham-vic-3037/agents,0,4,0,15.8
sydney banksia,https://www.yourpropertyguide.com.au/suburbs/banksia-nsw-2216,0,1,0,48
sydney claymore,https://www.yourpropertyguide.com.au/suburbs/claymore-nsw-2559,0,3,0,34.3
sydney house prices by suburb,https://www.yourpropertyguide.com.au/price-guide,0,2,0,75.5
sydney house prices by suburb map,https://www.yourpropertyguide.com.au/price-guide,0,2,0,67.5
sydney median house price 2026,https://www.yourpropertyguide.com.au/guides/sydney-property-market-2026,0,1,0,60
sydney median house price by suburb,https://www.yourpropertyguide.com.au/price-guide,0,2,0,57.5
sydney property market forecast 2026,https://www.yourpropertyguide.com.au/guides/sydney-property-market-2026,0,1,0,69
sydney real estate agent commission,https://www.yourpropertyguide.com.au/real-estate-commission-calculator,0,3,0,64.3
sydney real estate commission,https://www.yourpropertyguide.com.au/guides/real-estate-commission-nsw,0,1,0,28
sydney suburbs by median house price,https://www.yourpropertyguide.com.au/price-guide,0,1,0,74
taigum,https://www.yourpropertyguide.com.au/suburbs/taigum-qld-4018,0,1,0,3
taigum 4018,https://www.yourpropertyguide.com.au/suburbs/taigum-qld-4018,0,1,0,19
taigum australia,https://www.yourpropertyguide.com.au/suburbs/taigum-qld-4018,0,1,0,56
taigum brisbane,https://www.yourpropertyguide.com.au/suburbs/taigum-qld-4018,0,3,0,40.7
taigum post code,https://www.yourpropertyguide.com.au/suburbs/taigum-qld-4018,0,100,0,6.2
taigum postcode,https://www.yourpropertyguide.com.au/suburbs/taigum-qld-4018,0,609,0,7.2
taigum qld,https://www.yourpropertyguide.com.au/suburbs/taigum-qld-4018,0,6,0,41
taigum qld 4018,https://www.yourpropertyguide.com.au/suburbs/taigum-qld-4018,0,3,0,23.3
taigum qld postcode,https://www.yourpropertyguide.com.au/suburbs/taigum-qld-4018,0,21,0,7.7
taigum suburb profile,https://www.yourpropertyguide.com.au/suburbs/taigum-qld-4018,0,1,0,24
talbot post code,https://www.yourpropertyguide.com.au/postcodes/6302,0,1,0,11
talgarno postcode,https://www.yourpropertyguide.com.au/suburbs/talgarno-vic-3691,0,2,0,6
talgarno vic,https://www.yourpropertyguide.com.au/suburbs/talgarno-vic-3691,0,1,0,19
tallawong postcode,https://www.yourpropertyguide.com.au/suburbs/tallawong-nsw-2762,0,1,0,13
tambar springs postcode,https://www.yourpropertyguide.com.au/suburbs/tambar-springs-nsw-2381,0,1,0,8
taminda postcode,https://www.yourpropertyguide.com.au/suburbs/east-tamworth-nsw-2340,0,1,0,26
tamworth 2340,https://www.yourpropertyguide.com.au/suburbs/east-tamworth-nsw-2340,0,2,0,65
tamworth east,https://www.yourpropertyguide.com.au/suburbs/east-tamworth-nsw-2340,0,1,0,50
tamworth nsw 2340,https://www.yourpropertyguide.com.au/suburbs/east-tamworth-nsw-2340,0,1,0,69
tamworth nsw 2340,https://www.yourpropertyguide.com.au/suburbs/north-tamworth-nsw-2340,0,1,0,45
tamworth nsw 2340 australia,https://www.yourpropertyguide.com.au/suburbs/east-tamworth-nsw-2340,0,1,0,53
tamworth nsw postcode,https://www.yourpropertyguide.com.au/suburbs/east-tamworth-nsw-2340,0,1,0,10
tamworth postcode,https://www.yourpropertyguide.com.au/suburbs/east-tamworth-nsw-2340,0,2,0,12
tangambalanga postcode,https://www.yourpropertyguide.com.au/postcodes/3091,0,1,0,26
tanilba bay real estate agents,https://www.yourpropertyguide.com.au/suburbs/tanilba-bay-nsw-2319/agents,0,1,0,17
tara qld postcode,https://www.yourpropertyguide.com.au/suburbs/tara-qld-4421,0,1,0,7
taragala,https://www.yourpropertyguide.com.au/suburbs/taralga-nsw-2580,0,1,0,5
taralga nsw 2580,https://www.yourpropertyguide.com.au/suburbs/taralga-nsw-2580,0,1,0,22
taralga population,https://www.yourpropertyguide.com.au/suburbs/taralga-nsw-2580,0,10,0,10.3
taralga post code,https://www.yourpropertyguide.com.au/suburbs/taralga-nsw-2580,0,1,0,7
taralga postcode,https://www.yourpropertyguide.com.au/suburbs/taralga-nsw-2580,0,38,0,7.2
taree postcode,https://www.yourpropertyguide.com.au/suburbs/taree-nsw-2430,0,2,0,7
taree postcode nsw,https://www.yourpropertyguide.com.au/suburbs/taree-nsw-2430,0,1,0,9
taren point,https://www.yourpropertyguide.com.au/suburbs/taren-point-nsw-2229,0,11,0,63.7
taren point 2229,https://www.yourpropertyguide.com.au/suburbs/taren-point-nsw-2229,0,1,0,29
taren point australia,https://www.yourpropertyguide.com.au/suburbs/taren-point-nsw-2229,0,2,0,48
taren point map,https://www.yourpropertyguide.com.au/suburbs/taren-point-nsw-2229,0,1,0,47
taren point new south wales,https://www.yourpropertyguide.com.au/suburbs/taren-point-nsw-2229,0,1,0,47
taren point nsw,https://www.yourpropertyguide.com.au/suburbs/taren-point-nsw-2229,0,12,0,44.4
taren point nsw 2229,https://www.yourpropertyguide.com.au/suburbs/taren-point-nsw-2229,0,3,0,31
taren point nsw postcode,https://www.yourpropertyguide.com.au/suburbs/taren-point-nsw-2229,0,3,0,11.3
taren point post code,https://www.yourpropertyguide.com.au/suburbs/taren-point-nsw-2229,0,68,0,7.1
taren point postcode,https://www.yourpropertyguide.com.au/suburbs/taren-point-nsw-2229,0,283,0,9.3
taren point rd,https://www.yourpropertyguide.com.au/suburbs/taren-point-nsw-2229,0,1,0,53
taren point sydney,https://www.yourpropertyguide.com.au/suburbs/taren-point-nsw-2229,0,3,0,50.3
taren point sydney nsw,https://www.yourpropertyguide.com.au/suburbs/taren-point-nsw-2229,0,2,0,45.5
tarleton postcode,https://www.yourpropertyguide.com.au/suburbs/tarleton-tas-7310,0,1,0,7
tarneit rental yield,https://www.yourpropertyguide.com.au/suburbs/herne-hill-vic-3218/rental-market,0,4,0,76.2
tarneit schools,https://www.yourpropertyguide.com.au/suburbs/tarneit-vic-3029/schools,0,5,0,82.6
taroom postcode,https://www.yourpropertyguide.com.au/suburbs/taroom-qld-4420,0,1,0,8
tarren point,https://www.yourpropertyguide.com.au/suburbs/taren-point-nsw-2229,0,1,0,67
tawonga south postcode,https://www.yourpropertyguide.com.au/postcodes/3698,0,30,0,8.4
tax for rental income calculator,https://www.yourpropertyguide.com.au/rental-yield-calculator,0,1,0,59
tea tree gully postcode,https://www.yourpropertyguide.com.au/suburbs/tea-tree-gully-sa-5091,0,1,0,10
telegraph point nsw 2441,https://www.yourpropertyguide.com.au/suburbs/telegraph-point-nsw-2441,0,2,0,20
telegraph point post code,https://www.yourpropertyguide.com.au/suburbs/telegraph-point-nsw-2441,0,10,0,8.5
telegraph point postcode,https://www.yourpropertyguide.com.au/suburbs/telegraph-point-nsw-2441,0,21,0,9.0
tell me about scaddan?,https://www.yourpropertyguide.com.au/suburbs/scaddan-wa-6447,0,11,0,19.6
tenant screening canberra,https://www.yourpropertyguide.com.au/guides/renters-rights-act,0,17,0,61.7
tenant victoria australia,https://www.yourpropertyguide.com.au/guides/renters-rights-vic,0,5,0,32.6
tenants rights queensland australia,https://www.yourpropertyguide.com.au/guides/renters-rights-qld,0,1,0,54
teneriffe brisbane postcode,https://www.yourpropertyguide.com.au/postcodes/4005,0,8,0,10.1
teneriffe post code,https://www.yourpropertyguide.com.au/postcodes/4005,0,42,0,9.7
teneriffe postcode,https://www.yourpropertyguide.com.au/postcodes/4005,0,28,0,10.8
teneriffe postcode,https://www.yourpropertyguide.com.au/suburbs/teneriffe-qld-4005,0,1,0,8
teneriffe qld postcode,https://www.yourpropertyguide.com.au/postcodes/4005,0,11,0,10.6
tennyson point postcode,https://www.yourpropertyguide.com.au/suburbs/mortlake-nsw-2137,0,1,0,94
tenterfield postcode,https://www.yourpropertyguide.com.au/suburbs/tenterfield-nsw-2372,0,1,0,10
termination fee real estate,https://www.yourpropertyguide.com.au/guides,0,1,0,75
terms to know when buying a house,https://www.yourpropertyguide.com.au/glossary,0,20,0,83.0
terrigal real estate agents,https://www.yourpropertyguide.com.au/suburbs/terrigal-nsw-2260/agents,0,6,0,6.3
the 4217 surfers paradise,https://www.yourpropertyguide.com.au/suburbs/surfers-paradise-qld-4217,0,1,0,23
the gap queensland 4061,https://www.yourpropertyguide.com.au/suburbs/the-gap-qld-4061,0,2,0,34
the ins and outs of rent collection in surfers paradise,https://www.yourpropertyguide.com.au/suburbs/surfers-paradise-qld-4217/rental-market,0,4,0,44.2
the junction newcastle postcode,https://www.yourpropertyguide.com.au/suburbs/the-junction-nsw-2291,0,10,0,9.5
the junction nsw,https://www.yourpropertyguide.com.au/suburbs/the-junction-nsw-2291,0,4,0,31
the junction nsw 2291,https://www.yourpropertyguide.com.au/suburbs/the-junction-nsw-2291,0,3,0,23.7
the junction nsw postcode,https://www.yourpropertyguide.com.au/suburbs/the-junction-nsw-2291,0,18,0,7.2
the junction post code,https://www.yourpropertyguide.com.au/suburbs/the-junction-nsw-2291,0,15,0,7.1
the junction postcode,https://www.yourpropertyguide.com.au/suburbs/the-junction-nsw-2291,0,101,0,8.0
the patch post code,https://www.yourpropertyguide.com.au/suburbs/the-patch-vic-3792,0,9,0,7.3
the patch postcode,https://www.yourpropertyguide.com.au/suburbs/the-patch-vic-3792,0,21,0,8.4
the patch vic,https://www.yourpropertyguide.com.au/suburbs/the-patch-vic-3792,0,1,0,22
the ponds high school catchment for rent,https://www.yourpropertyguide.com.au/suburbs/the-ponds-nsw-2769/rental-market,0,10,0,27.5
the ponds median house price,https://www.yourpropertyguide.com.au/suburbs/the-ponds-nsw-2769/rental-market,0,1,0,31
the ponds post code,https://www.yourpropertyguide.com.au/suburbs/the-ponds-nsw-2769,0,1,0,9
the ponds postcode,https://www.yourpropertyguide.com.au/suburbs/the-ponds-nsw-2769,0,1,0,9
the ponds suburb profile,https://www.yourpropertyguide.com.au/suburbs/the-ponds-nsw-2769/rental-market,0,2,0,56
the property guide,https://www.yourpropertyguide.com.au/,0,1,0,1
the real estate commission,https://www.yourpropertyguide.com.au/guides/real-estate-commission-vic,0,1,0,13
three springs population,https://www.yourpropertyguide.com.au/suburbs/three-springs-wa-6519,0,2,0,10.5
three springs post code,https://www.yourpropertyguide.com.au/suburbs/three-springs-wa-6519,0,32,0,7.4
three springs postcode,https://www.yourpropertyguide.com.au/suburbs/three-springs-wa-6519,0,15,0,8.7
tindarey,https://www.yourpropertyguide.com.au/suburbs/gunderbooka-nsw-2840/vs/tindarey-nsw-2835,0,2,0,16
tintinara postcode,https://www.yourpropertyguide.com.au/suburbs/tintinara-sa-5266,0,1,0,4
title insurance rates by state,https://www.yourpropertyguide.com.au/states,0,1,0,75
to renovate a house,https://www.yourpropertyguide.com.au/renovating,0,1,0,68
tom price property management,https://www.yourpropertyguide.com.au/suburbs/tom-price-wa-6751/rental-market,0,3,0,83.7
tomalla,https://www.yourpropertyguide.com.au/suburbs/tomalla-nsw-2337/vs/mernot-nsw-2422,0,1,0,92
toobeah postcode,https://www.yourpropertyguide.com.au/postcodes/4498,0,6,0,11.2
toogoolawah postcode,https://www.yourpropertyguide.com.au/postcodes/4313,0,2,0,9.5
toorak,https://www.yourpropertyguide.com.au/suburbs/toorak-vic-3142,0,11,0,59
toorak 3142,https://www.yourpropertyguide.com.au/suburbs/toorak-vic-3142,0,2,0,41
toorak australia,https://www.yourpropertyguide.com.au/suburbs/toorak-vic-3142,0,6,0,65.3
toorak average house price,https://www.yourpropertyguide.com.au/suburbs/toorak-vic-3142,0,5,0,16.4
toorak crime rate,https://www.yourpropertyguide.com.au/suburbs/toorak-vic-3142,0,2,0,16
toorak demographics,https://www.yourpropertyguide.com.au/suburbs/toorak-vic-3142,0,1,0,11
toorak gardens postcode,https://www.yourpropertyguide.com.au/suburbs/toorak-vic-3142,0,2,0,49
toorak house prices,https://www.yourpropertyguide.com.au/suburbs/toorak-vic-3142,0,1,0,21
toorak meaning,https://www.yourpropertyguide.com.au/suburbs/toorak-vic-3142,0,1,0,37
toorak median house price,https://www.yourpropertyguide.com.au/suburbs/toorak-vic-3142,0,4,0,15
toorak melbourne,https://www.yourpropertyguide.com.au/suburbs/toorak-vic-3142,0,14,0,63.7
toorak melbourne australia,https://www.yourpropertyguide.com.au/suburbs/toorak-vic-3142,0,3,0,60.7
toorak melbourne house prices,https://www.yourpropertyguide.com.au/suburbs/toorak-vic-3142,0,3,0,18.3
toorak melbourne map,https://www.yourpropertyguide.com.au/suburbs/toorak-vic-3142,0,1,0,73
toorak melbourne postcode,https://www.yourpropertyguide.com.au/suburbs/toorak-vic-3142,0,13,0,7.2
toorak of the north,https://www.yourpropertyguide.com.au/suburbs/toorak-vic-3142,0,1,0,24
toorak population,https://www.yourpropertyguide.com.au/suburbs/toorak-vic-3142,0,2,0,17
toorak post code,https://www.yourpropertyguide.com.au/suburbs/toorak-vic-3142,0,319,0,7.0
toorak postal code,https://www.yourpropertyguide.com.au/suburbs/toorak-vic-3142,0,12,0,8.2
toorak postcode 3142,https://www.yourpropertyguide.com.au/suburbs/toorak-vic-3142,0,8,0,9.2
toorak postcode melbourne,https://www.yourpropertyguide.com.au/suburbs/toorak-vic-3142,0,3,0,8.7
toorak postcode vic,https://www.yourpropertyguide.com.au/suburbs/toorak-vic-3142,0,16,0,8
toorak property prices,https://www.yourpropertyguide.com.au/suburbs/toorak-vic-3142,0,2,0,24.5
toorak road toorak,https://www.yourpropertyguide.com.au/suburbs/toorak-vic-3142,0,1,0,58
toorak streets,https://www.yourpropertyguide.com.au/suburbs/toorak-vic-3142,0,1,0,68
toorak suburb,https://www.yourpropertyguide.com.au/suburbs/toorak-vic-3142,0,2,0,73.5
toorak suburb profile,https://www.yourpropertyguide.com.au/suburbs/toorak-vic-3142,0,1,0,24
toorak vic,https://www.yourpropertyguide.com.au/suburbs/toorak-vic-3142,0,12,0,48
toorak vic 3142,https://www.yourpropertyguide.com.au/suburbs/toorak-vic-3142,0,2,0,42.5
toorak vic australia,https://www.yourpropertyguide.com.au/suburbs/toorak-vic-3142,0,1,0,49
toorak vic postcode,https://www.yourpropertyguide.com.au/suburbs/toorak-vic-3142,0,36,0,8.3
toorak victoria,https://www.yourpropertyguide.com.au/suburbs/toorak-vic-3142,0,8,0,55.4
toorak victoria australia,https://www.yourpropertyguide.com.au/suburbs/toorak-vic-3142,0,5,0,51.4
toorak zip code,https://www.yourpropertyguide.com.au/suburbs/toorak-vic-3142,0,25,0,8.3
toormina real estate agents,https://www.yourpropertyguide.com.au/suburbs/toormina-nsw-2452/agents,0,1,0,29
tootak,https://www.yourpropertyguide.com.au/suburbs/toorak-vic-3142,0,1,0,63
toowong real estate agents,https://www.yourpropertyguide.com.au/suburbs/toowong-qld-4066/agents,0,1,0,29
top agent rouse hill,https://www.yourpropertyguide.com.au/suburbs/rouse-hill-nsw-2155/agents,0,1,0,41
top performing suburbs,https://www.yourpropertyguide.com.au/best-suburbs/highest-growth/sa,0,2,0,27
top schools in mount gambier for large families,https://www.yourpropertyguide.com.au/suburbs/mount-gambier-sa-5291/schools,0,2,0,10
top selling agent rouse hill,https://www.yourpropertyguide.com.au/suburbs/rouse-hill-nsw-2155/agents,0,1,0,33
top suburbs in adelaide,https://www.yourpropertyguide.com.au/best-suburbs/highest-growth/sa,0,2,0,71
top suburbs in australia,https://www.yourpropertyguide.com.au/best-suburbs,0,4,0,39.2
toukley real estate agents,https://www.yourpropertyguide.com.au/suburbs/toukley-nsw-2263/agents,0,2,0,19
trafalgar postcode,https://www.yourpropertyguide.com.au/suburbs/trafalgar-vic-3824,0,1,0,9
tranby college fees,https://www.yourpropertyguide.com.au/schools/sheoak-grove-primary-school-52656/vs/tranby-college-49111,0,1,0,74
transaction data affordability assessment,https://www.yourpropertyguide.com.au/affordability-calculator,0,1,0,80
travancore postcode,https://www.yourpropertyguide.com.au/suburbs/travancore-vic-3032,0,1,0,9
treeby conveyancing,https://www.yourpropertyguide.com.au/suburbs/canning-vale-wa-6155/vs/treeby-wa-6164,0,3,0,95.3
triabunna population,https://www.yourpropertyguide.com.au/suburbs/triabunna-tas-7190,0,10,0,10.3
triabunna post code,https://www.yourpropertyguide.com.au/suburbs/triabunna-tas-7190,0,1,0,10
triabunna postcode,https://www.yourpropertyguide.com.au/suburbs/triabunna-tas-7190,0,5,0,9.4
trinity catholic college fees,https://www.yourpropertyguide.com.au/schools/trinity-catholic-college-43322,0,1,0,51
trinity catholic college school suburb state australia address,https://www.yourpropertyguide.com.au/schools/trinity-catholic-college-43322,0,88,0,10.6
trusted real estate agents rouse hill,https://www.yourpropertyguide.com.au/suburbs/rouse-hill-nsw-2155/agents,0,2,0,45
tuart hill median house price,https://www.yourpropertyguide.com.au/price-guide,0,1,0,46
tuart hill rent estimate,https://www.yourpropertyguide.com.au/suburbs/tuart-hill-wa-6060/rental-market,0,1,0,27
tuggeranong postcode,https://www.yourpropertyguide.com.au/suburbs/tuggeranong-act-2900,0,3,0,7.3
tulka south australia,https://www.yourpropertyguide.com.au/suburbs/tulka-north-sa-5607,0,1,0,38
tullamarine postcode,https://www.yourpropertyguide.com.au/suburbs/tullamarine-vic-3043,0,2,0,8
tullimbar,https://www.yourpropertyguide.com.au/suburbs/tullimbar-nsw-2527,0,5,0,44.8
tullimbar nsw,https://www.yourpropertyguide.com.au/suburbs/tullimbar-nsw-2527,0,1,0,33
tullimbar nsw 2527,https://www.yourpropertyguide.com.au/suburbs/tullimbar-nsw-2527,0,3,0,25.7
tullimbar post code,https://www.yourpropertyguide.com.au/suburbs/tullimbar-nsw-2527,0,27,0,5.8
tullimbar postcode,https://www.yourpropertyguide.com.au/suburbs/tullimbar-nsw-2527,0,188,0,6.4
tullimbar postcode nsw,https://www.yourpropertyguide.com.au/suburbs/tullimbar-nsw-2527,0,11,0,7.1
tuncurry postcode,https://www.yourpropertyguide.com.au/suburbs/tuncurry-nsw-2428,0,1,0,6
tungamah postcode,https://www.yourpropertyguide.com.au/postcodes/3728,0,8,0,10.1
turill nsw,https://www.yourpropertyguide.com.au/suburbs/turill-nsw-2850,0,3,0,12
turner postcode act,https://www.yourpropertyguide.com.au/suburbs/turner-act-2612,0,1,0,11
turramurra real estate agents,https://www.yourpropertyguide.com.au/suburbs/north-turramurra-nsw-2074/agents,0,2,0,26
tweed heads nsw,https://www.yourpropertyguide.com.au/guides/real-estate-commission-nsw,0,1,0,3
tweed heads property market,https://www.yourpropertyguide.com.au/suburbs/tweed-heads-nsw-2485/rental-market,0,2,0,51
typical agent commission,https://www.yourpropertyguide.com.au/guides/real-estate-commission-vic,0,1,0,58
typical agent fees,https://www.yourpropertyguide.com.au/guides/real-estate-commission-vic,0,2,0,50
typical agent fees when selling a house,https://www.yourpropertyguide.com.au/guides/real-estate-commission-vic,0,2,0,41
typical buyers agent fee,https://www.yourpropertyguide.com.au/guides/real-estate-commission-nsw,0,3,0,40.3
typical commission for real estate agent,https://www.yourpropertyguide.com.au/guides/real-estate-commission-vic,0,1,0,63
typical commission for realtor,https://www.yourpropertyguide.com.au/guides/real-estate-commission-vic,0,1,0,57
typical commission rates,https://www.yourpropertyguide.com.au/guides/real-estate-commission-vic,0,1,0,60
typical estate agent commission,https://www.yourpropertyguide.com.au/guides/real-estate-commission-vic,0,1,0,51
typical estate agent fees,https://www.yourpropertyguide.com.au/guides/real-estate-commission-vic,0,1,0,35
typical real estate agent commission,https://www.yourpropertyguide.com.au/guides/real-estate-commission-vic,0,1,0,39
typical real estate agent fee,https://www.yourpropertyguide.com.au/guides/real-estate-commission-vic,0,1,0,38
typical real estate agent fees,https://www.yourpropertyguide.com.au/guides/real-estate-commission-nsw,0,3,0,59.7
typical real estate agent fees,https://www.yourpropertyguide.com.au/guides/real-estate-commission-vic,0,9,0,39.4
typical real estate broker commission,https://www.yourpropertyguide.com.au/guides/real-estate-commission-vic,0,2,0,66.5
typical real estate broker fee,https://www.yourpropertyguide.com.au/guides/real-estate-commission-vic,0,1,0,37
typical real estate commission,https://www.yourpropertyguide.com.au/guides/real-estate-commission-vic,0,4,0,31.2
typical realtor commission,https://www.yourpropertyguide.com.au/guides/real-estate-commission-vic,0,3,0,64.7
typical realtor commission,https://www.yourpropertyguide.com.au/real-estate-commission-calculator,0,1,0,64
typical selling agent commission,https://www.yourpropertyguide.com.au/guides/real-estate-commission-vic,0,1,0,11
ubank borrowing calculator,https://www.yourpropertyguide.com.au/borrowing-power-calculator,0,1,0,79
ulverstone postcode,https://www.yourpropertyguide.com.au/suburbs/ulverstone-tas-7315,0,1,0,6
unanderra nsw,https://www.yourpropertyguide.com.au/suburbs/unanderra-dc-nsw-2526,0,3,0,59.7
unanderra nsw 2526,https://www.yourpropertyguide.com.au/suburbs/unanderra-dc-nsw-2526,0,3,0,42
unanderra nsw 2526 australia,https://www.yourpropertyguide.com.au/suburbs/unanderra-dc-nsw-2526,0,1,0,46
unanderra post code,https://www.yourpropertyguide.com.au/suburbs/unanderra-dc-nsw-2526,0,12,0,14.1
unanderra postcode,https://www.yourpropertyguide.com.au/suburbs/unanderra-dc-nsw-2526,0,32,0,9.9
unanderra wollongong,https://www.yourpropertyguide.com.au/suburbs/unanderra-dc-nsw-2526,0,1,0,56
under offer vs under contract,https://www.yourpropertyguide.com.au/guides/contract-of-sale-wa,0,5,0,6
understanding capital gains tax on an investment property,https://www.yourpropertyguide.com.au/glossary/capital-gains-tax-cgt,0,4,0,96.8
university park primary,https://www.yourpropertyguide.com.au/schools/university-park-primary-school-44929/vs/kings-park-primary-school-45103,0,2,0,32.5
university park primary,https://www.yourpropertyguide.com.au/schools/university-park-primary-school-44929/vs/victoria-university-secondary-college-45621,0,1,0,54
university park primary school,https://www.yourpropertyguide.com.au/schools/university-park-primary-school-44929/vs/kings-park-primary-school-45103,0,1,0,30
university park ps,https://www.yourpropertyguide.com.au/schools/university-park-primary-school-44929/vs/kings-park-primary-school-45103,0,1,0,36
unley park postcode,https://www.yourpropertyguide.com.au/postcodes/5061,0,3,0,23.3
unley post code,https://www.yourpropertyguide.com.au/postcodes/5061,0,30,0,10
unley postcode,https://www.yourpropertyguide.com.au/postcodes/5061,0,18,0,12.2
unley sa postcode,https://www.yourpropertyguide.com.au/postcodes/5061,0,4,0,10.5
up and coming suburbs adelaide,https://www.yourpropertyguide.com.au/best-suburbs/highest-growth/sa,0,1,0,49
upgrade or downsize your home,https://www.yourpropertyguide.com.au/upgrading,0,23,0,55.6
upgrading,https://www.yourpropertyguide.com.au/upgrading,0,2,0,48.5
upper burnie,https://www.yourpropertyguide.com.au/suburbs/upper-burnie-tas-7320,0,1,0,57
upper coomera crime rate,https://www.yourpropertyguide.com.au/suburbs/upper-coomera-qld-4209/rental-market,0,1,0,62
upper coomera median house price,https://www.yourpropertyguide.com.au/suburbs/upper-coomera-qld-4209/rental-market,0,1,0,39
upper coomera suburb profile,https://www.yourpropertyguide.com.au/suburbs/upper-coomera-qld-4209/rental-market,0,1,0,54
upper duroby,https://www.yourpropertyguide.com.au/suburbs/upper-horton-nsw-2347,0,1,0,36
upper ferntree gully postcode,https://www.yourpropertyguide.com.au/postcodes/3156,0,5,0,11
upper horton,https://www.yourpropertyguide.com.au/suburbs/trevallyn-nsw-2421/vs/upper-horton-nsw-2347,0,3,0,31.7
upper horton nsw,https://www.yourpropertyguide.com.au/suburbs/trevallyn-nsw-2421/vs/upper-horton-nsw-2347,0,2,0,38.5
upper horton nsw,https://www.yourpropertyguide.com.au/suburbs/upper-horton-nsw-2347,0,2,0,14.5
upper lockyer postcode,https://www.yourpropertyguide.com.au/suburbs/lockyer-qld-4344,0,17,0,9.6
upper mount gravatt,https://www.yourpropertyguide.com.au/suburbs/upper-mount-gravatt-bc-qld-4122,0,4,0,67.8
upper mount gravatt australia,https://www.yourpropertyguide.com.au/suburbs/upper-mount-gravatt-bc-qld-4122,0,2,0,59.5
upper mount gravatt brisbane,https://www.yourpropertyguide.com.au/suburbs/upper-mount-gravatt-bc-qld-4122,0,1,0,56
upper mount gravatt post code,https://www.yourpropertyguide.com.au/suburbs/upper-mount-gravatt-bc-qld-4122,0,37,0,11.6
upper mount gravatt postcode,https://www.yourpropertyguide.com.au/suburbs/upper-mount-gravatt-bc-qld-4122,0,192,0,10.5
upper mount gravatt qld,https://www.yourpropertyguide.com.au/suburbs/upper-mount-gravatt-bc-qld-4122,0,3,0,63.7
upper mount gravatt qld 4122,https://www.yourpropertyguide.com.au/suburbs/upper-mount-gravatt-bc-qld-4122,0,3,0,54.3
upper mt gravatt,https://www.yourpropertyguide.com.au/suburbs/upper-mount-gravatt-bc-qld-4122,0,1,0,70
upper mt gravatt post code,https://www.yourpropertyguide.com.au/suburbs/upper-mount-gravatt-bc-qld-4122,0,16,0,11.8
upper mt gravatt postcode,https://www.yourpropertyguide.com.au/suburbs/upper-mount-gravatt-bc-qld-4122,0,40,0,11.0
upper orara,https://www.yourpropertyguide.com.au/suburbs/upper-orara-nsw-2450,0,1,0,51
upper orara nsw,https://www.yourpropertyguide.com.au/suburbs/upper-orara-nsw-2450,0,1,0,46
upper orara postcode,https://www.yourpropertyguide.com.au/suburbs/upper-orara-nsw-2450,0,5,0,8.6
urana population,https://www.yourpropertyguide.com.au/suburbs/urana-nsw-2645,0,1,0,14
urana postcode,https://www.yourpropertyguide.com.au/suburbs/urana-nsw-2645,0,29,0,8.1
urangan 4655,https://www.yourpropertyguide.com.au/suburbs/urangan-qld-4655,0,3,0,39
urangan hervey bay postcode,https://www.yourpropertyguide.com.au/suburbs/urangan-qld-4655,0,1,0,11
urangan post code,https://www.yourpropertyguide.com.au/suburbs/urangan-qld-4655,0,4,0,14.8
urangan postcode,https://www.yourpropertyguide.com.au/suburbs/urangan-qld-4655,0,119,0,10.3
urangan postcode qld,https://www.yourpropertyguide.com.au/suburbs/urangan-qld-4655,0,5,0,10.8
urangan qld,https://www.yourpropertyguide.com.au/suburbs/urangan-qld-4655,0,3,0,61.3
urangan qld postcode,https://www.yourpropertyguide.com.au/suburbs/urangan-qld-4655,0,2,0,13
urangan suburb profile,https://www.yourpropertyguide.com.au/suburbs/urangan-qld-4655,0,2,0,26.5
urrbrae post code,https://www.yourpropertyguide.com.au/suburbs/urrbrae-sa-5064,0,4,0,7.2
urrbrae postcode,https://www.yourpropertyguide.com.au/suburbs/urrbrae-sa-5064,0,44,0,7.2
useless loop postcode,https://www.yourpropertyguide.com.au/postcodes/6537,0,10,0,8.5
usual commission for real estate agents,https://www.yourpropertyguide.com.au/guides/real-estate-commission-vic,0,1,0,67
usual real estate agent commission,https://www.yourpropertyguide.com.au/guides/real-estate-commission-vic,0,1,0,59
usual real estate commission,https://www.yourpropertyguide.com.au/guides/real-estate-commission-vic,0,2,0,75
usual real estate commission,https://www.yourpropertyguide.com.au/real-estate-commission-calculator,0,1,0,71
usual realtor commission,https://www.yourpropertyguide.com.au/guides/real-estate-commission-vic,0,1,0,67
vacancy rate property manager petrie,https://www.yourpropertyguide.com.au/suburbs/petrie-qld-4502/rental-market,0,9,0,46.6
vacation rental property management rates,https://www.yourpropertyguide.com.au/guides/property-management-fees-australia,0,1,0,96
vale view,https://www.yourpropertyguide.com.au/suburbs/preston-qld-4352/vs/vale-view-qld-4352,0,3,0,35.3
valentine nsw postcode,https://www.yourpropertyguide.com.au/suburbs/bolton-point-nsw-2283,0,1,0,67
valley view post code,https://www.yourpropertyguide.com.au/suburbs/valley-view-sa-5093,0,4,0,10.8
valley view postcode,https://www.yourpropertyguide.com.au/suburbs/valley-view-sa-5093,0,55,0,6.0
valley view postcode sa,https://www.yourpropertyguide.com.au/suburbs/valley-view-sa-5093,0,1,0,7
valley view sa postcode,https://www.yourpropertyguide.com.au/suburbs/valley-view-sa-5093,0,7,0,6.6
vantage pacific paradise,https://www.yourpropertyguide.com.au/suburbs/pacific-paradise-qld-4564,0,1,0,3
vaucluse average house price,https://www.yourpropertyguide.com.au/price-guide,0,19,0,79.8
vaucluse median house price,https://www.yourpropertyguide.com.au/price-guide,0,4,0,77.5
vendor leads,https://www.yourpropertyguide.com.au/for-agents,0,18,0,45.3
vendor's statement,https://www.yourpropertyguide.com.au/guides/section-32-vendor-statement-victoria,0,2,0,91.5
vic 3019,https://www.yourpropertyguide.com.au/suburbs/braybrook-north-vic-3019,0,1,0,48
vic 3123,https://www.yourpropertyguide.com.au/suburbs/hawthorn-east-vic-3123,0,1,0,18
vic 3140,https://www.yourpropertyguide.com.au/postcodes/3140,0,2,0,22
vic 3142,https://www.yourpropertyguide.com.au/suburbs/toorak-vic-3142,0,3,0,9.3
vic 3156,https://www.yourpropertyguide.com.au/postcodes/3156,0,1,0,22
vic 3167,https://www.yourpropertyguide.com.au/postcodes/3167,0,1,0,8
vic 3167,https://www.yourpropertyguide.com.au/suburbs/oakleigh-south-vic-3167,0,2,0,24
vic 3202,https://www.yourpropertyguide.com.au/postcodes/3202,0,2,0,8
vic 3500,https://www.yourpropertyguide.com.au/suburbs/mildura-east-vic-3500,0,1,0,24
vic 3690,https://www.yourpropertyguide.com.au/postcodes/3690,0,1,0,35
vic 3754,https://www.yourpropertyguide.com.au/postcodes/3754,0,1,0,8
victoria heights,https://www.yourpropertyguide.com.au/suburbs/victory-heights-wa-6432,0,3,0,62.3
victoria hill qld,https://www.yourpropertyguide.com.au/suburbs/victoria-hill-qld-4361,0,4,0,15.2
victoria rental reform laws renter protections,https://www.yourpropertyguide.com.au/guides/renters-rights-vic,0,1,0,47
victory heights,https://www.yourpropertyguide.com.au/suburbs/victory-heights-wa-6432,0,5,0,19.4
victory heights postcode,https://www.yourpropertyguide.com.au/suburbs/victory-heights-wa-6432,0,4,0,7
victory heights wa,https://www.yourpropertyguide.com.au/suburbs/victory-heights-wa-6432,0,3,0,14.3
wa 6018,https://www.yourpropertyguide.com.au/suburbs/karrinyup-wa-6018,0,2,0,41.5
wa 6103,https://www.yourpropertyguide.com.au/postcodes/6103,0,2,0,10.5
wa 6210 australia,https://www.yourpropertyguide.com.au/suburbs/mandurah-dc-wa-6210,0,2,0,26.5
wa postcodes,https://www.yourpropertyguide.com.au/suburbs/surfers-paradise-qld-4217,0,2,0,2.5
wa property market,https://www.yourpropertyguide.com.au/market-reports/wa,0,31,0,51.8
wa property prices,https://www.yourpropertyguide.com.au/market-reports/wa,0,1,0,57
wagin postcode,https://www.yourpropertyguide.com.au/suburbs/wagin-wa-6315,0,1,0,7
wahroonga median house price,https://www.yourpropertyguide.com.au/price-guide,0,2,0,55
wahroonga median house price,https://www.yourpropertyguide.com.au/suburbs/wahroonga-nsw-2076/rental-market,0,2,0,41.5
wahroonga postcode,https://www.yourpropertyguide.com.au/suburbs/wahroonga-nsw-2076,0,1,0,10
wahroonga real estate agents,https://www.yourpropertyguide.com.au/suburbs/wahroonga-nsw-2076/agents,0,1,0,14
wahroonga suburb profile,https://www.yourpropertyguide.com.au/suburbs/wahroonga-nsw-2076/rental-market,0,1,0,65
waive cooling off period qld,https://www.yourpropertyguide.com.au/guides/contract-of-sale-qld,0,1,0,29
wakefield high,https://www.yourpropertyguide.com.au/suburbs/port-wakefield-sa-5550/schools,0,1,0,23
wakerley median house price,https://www.yourpropertyguide.com.au/price-guide,0,1,0,40
wales postcode,https://www.yourpropertyguide.com.au/suburbs/surfers-paradise-qld-4217,0,1,0,3
wallan postcode,https://www.yourpropertyguide.com.au/suburbs/wallan-vic-3756,0,1,0,7
wallaroo rentals,https://www.yourpropertyguide.com.au/suburbs/wallaroo-sa-5556/rental-market,0,1,0,37
wamuran state school,https://www.yourpropertyguide.com.au/schools/wamuran-state-school-47241,0,1,0,24
wandering post code,https://www.yourpropertyguide.com.au/suburbs/wandering-wa-6308,0,4,0,10.8
wandering wa,https://www.yourpropertyguide.com.au/suburbs/wandering-wa-6308,0,3,0,2.7
wandin north postcode,https://www.yourpropertyguide.com.au/postcodes/3139,0,5,0,10
wandin post code,https://www.yourpropertyguide.com.au/postcodes/3139,0,2,0,11
wandin postcode,https://www.yourpropertyguide.com.au/postcodes/3139,0,6,0,13
wangara postcode,https://www.yourpropertyguide.com.au/suburbs/wangara-wa-6065,0,1,0,6
wangaratta population 2026,https://www.yourpropertyguide.com.au/suburbs/east-wangaratta-vic-3678,0,1,0,96
wangaratta population 2026,https://www.yourpropertyguide.com.au/suburbs/north-wangaratta-vic-3678,0,1,0,83
wanneroo rental investment,https://www.yourpropertyguide.com.au/suburbs/wanneroo-wa-6065/rental-market,0,8,0,28.8
wantirna postcode,https://www.yourpropertyguide.com.au/suburbs/wantirna-vic-3152,0,1,0,7
warawarrup,https://www.yourpropertyguide.com.au/suburbs/warawarrup-wa-6220,0,1,0,12
warburton post code,https://www.yourpropertyguide.com.au/postcodes/3799,0,14,0,11.4
warburton postcode,https://www.yourpropertyguide.com.au/postcodes/3799,0,4,0,10.8
wareemba buyers agent,https://www.yourpropertyguide.com.au/suburbs/wareemba-nsw-2046/agents,0,1,0,19
warick post code,https://www.yourpropertyguide.com.au/suburbs/warwick-wa-6024,0,6,0,6.3
warick postcode,https://www.yourpropertyguide.com.au/suburbs/warwick-wa-6024,0,5,0,6.4
warilla nsw postcode,https://www.yourpropertyguide.com.au/suburbs/warilla-nsw-2528,0,1,0,11
warranwood median house price,https://www.yourpropertyguide.com.au/price-guide,0,1,0,41
warrawee postcode,https://www.yourpropertyguide.com.au/suburbs/warrawee-nsw-2074,0,2,0,7.5
warrawong 2502,https://www.yourpropertyguide.com.au/postcodes/2502,0,1,0,53
warrawong nsw 2502,https://www.yourpropertyguide.com.au/postcodes/2502,0,2,0,53
warrawong nsw postcode,https://www.yourpropertyguide.com.au/postcodes/2502,0,11,0,9.7
warrawong post code,https://www.yourpropertyguide.com.au/postcodes/2502,0,33,0,10.4
warrawong postcode,https://www.yourpropertyguide.com.au/postcodes/2502,0,71,0,9.9
warrawong postcode,https://www.yourpropertyguide.com.au/suburbs/warrawong-nsw-2502,0,1,0,7
warrell creek nsw,https://www.yourpropertyguide.com.au/suburbs/warrell-creek-nsw-2447,0,3,0,16.3
warrick post code,https://www.yourpropertyguide.com.au/suburbs/warwick-wa-6024,0,1,0,6
warrick postcode,https://www.yourpropertyguide.com.au/suburbs/warwick-wa-6024,0,1,0,6
warriewood postcode,https://www.yourpropertyguide.com.au/suburbs/warriewood-nsw-2102,0,2,0,9
warrill view,https://www.yourpropertyguide.com.au/suburbs/warrill-view-qld-4307,0,2,0,25
warrnambool real estate agents,https://www.yourpropertyguide.com.au/suburbs/warrnambool-vic-3280/agents,0,1,0,45
warrnambool schools,https://www.yourpropertyguide.com.au/suburbs/warrnambool-east-vic-3280/schools,0,1,0,95
warroo nsw,https://www.yourpropertyguide.com.au/suburbs/warroo-nsw-2871,0,5,0,11.6
warwick 6024,https://www.yourpropertyguide.com.au/suburbs/warwick-wa-6024,0,1,0,17
warwick median house price,https://www.yourpropertyguide.com.au/suburbs/warwick-wa-6024,0,1,0,25
warwick perth,https://www.yourpropertyguide.com.au/suburbs/warwick-wa-6024,0,4,0,48
warwick perth wa,https://www.yourpropertyguide.com.au/suburbs/warwick-wa-6024,0,2,0,31
warwick post code,https://www.yourpropertyguide.com.au/suburbs/warwick-wa-6024,0,65,0,7.5
warwick postcode,https://www.yourpropertyguide.com.au/suburbs/warwick-wa-6024,0,233,0,7.3
warwick postcode wa,https://www.yourpropertyguide.com.au/suburbs/warwick-wa-6024,0,24,0,8.5
warwick rent estimate,https://www.yourpropertyguide.com.au/suburbs/warwick-qld-4370/rental-market,0,1,0,30
warwick suburb profile,https://www.yourpropertyguide.com.au/suburbs/warwick-wa-6024,0,1,0,30
warwick wa,https://www.yourpropertyguide.com.au/suburbs/warwick-wa-6024,0,4,0,50.8
warwick wa 6024,https://www.yourpropertyguide.com.au/suburbs/warwick-wa-6024,0,1,0,29
warwick wa postcode,https://www.yourpropertyguide.com.au/suburbs/warwick-wa-6024,0,65,0,7.5
warwick western australia,https://www.yourpropertyguide.com.au/suburbs/warwick-wa-6024,0,1,0,41
waterloo postcode,https://www.yourpropertyguide.com.au/suburbs/waterloo-vic-3373,0,10,0,6.8
waterloo postcode,https://www.yourpropertyguide.com.au/suburbs/waterloo-wa-6228,0,76,0,9.2
waterloo victoria,https://www.yourpropertyguide.com.au/suburbs/waterloo-vic-3373,0,1,0,20
waterloo wa,https://www.yourpropertyguide.com.au/suburbs/waterloo-wa-6228,0,2,0,14
waterloo western australia,https://www.yourpropertyguide.com.au/suburbs/waterloo-wa-6228,0,3,0,13.3
waterview heights nsw,https://www.yourpropertyguide.com.au/suburbs/waterview-heights-nsw-2460,0,1,0,15
waterview postcode,https://www.yourpropertyguide.com.au/suburbs/waterview-heights-nsw-2460,0,1,0,8
waterways postcode,https://www.yourpropertyguide.com.au/suburbs/waterways-vic-3195,0,1,0,11
watsons bay buyers agent,https://www.yourpropertyguide.com.au/suburbs/watsons-bay-nsw-2030/agents,0,1,0,21
watsons bay median house price,https://www.yourpropertyguide.com.au/price-guide,0,1,0,35
wattle camp postcode,https://www.yourpropertyguide.com.au/suburbs/wattle-camp-qld-4615,0,8,0,8.4
wattlebank qld,https://www.yourpropertyguide.com.au/suburbs/wattlebank-qld-4704,0,1,0,13
wattleup,https://www.yourpropertyguide.com.au/suburbs/wattleup-wa-6166,0,1,0,12
wattleup post code,https://www.yourpropertyguide.com.au/suburbs/wattleup-wa-6166,0,2,0,7.5
wattleup postcode,https://www.yourpropertyguide.com.au/suburbs/wattleup-wa-6166,0,30,0,5.5
waurn ponds,https://www.yourpropertyguide.com.au/suburbs/waurn-ponds-vic-3216,0,1,0,2
waurn ponds post code,https://www.yourpropertyguide.com.au/suburbs/waurn-ponds-vic-3216,0,26,0,9.1
waurn ponds postcode,https://www.yourpropertyguide.com.au/suburbs/waurn-ponds-vic-3216,0,256,0,9.3
waurn ponds postcode vic,https://www.yourpropertyguide.com.au/suburbs/waurn-ponds-vic-3216,0,1,0,28
wavell heights postcode,https://www.yourpropertyguide.com.au/suburbs/wavell-heights-qld-4012,0,2,0,6
waverley public selective stream,https://www.yourpropertyguide.com.au/schools/waverley-public-school-41080,0,1,0,28
wayville postcode,https://www.yourpropertyguide.com.au/suburbs/wayville-sa-5034,0,1,0,7
weather burra,https://www.yourpropertyguide.com.au/suburbs/burra-sa-5417,0,1,0,6
wellington point real estate agents,https://www.yourpropertyguide.com.au/suburbs/wellington-point-qld-4160/agents,0,1,0,28
wellsford post code,https://www.yourpropertyguide.com.au/suburbs/wellsford-vic-3551,0,1,0,9
wellsford postcode,https://www.yourpropertyguide.com.au/suburbs/wellsford-vic-3551,0,2,0,8.5
wellsford vic,https://www.yourpropertyguide.com.au/suburbs/wellsford-vic-3551,0,1,0,35
wentworth point suburb profile,https://www.yourpropertyguide.com.au/suburbs/melrose-park-nsw-2114/vs/wentworth-point-nsw-2127,0,1,0,36
werombi postcode,https://www.yourpropertyguide.com.au/suburbs/werombi-nsw-2570,0,8,0,6.5
werribee house price growth,https://www.yourpropertyguide.com.au/suburbs/werribee-vic-3030/vs/werribee-south-vic-3030,0,2,0,21.5
werribee house prices,https://www.yourpropertyguide.com.au/suburbs/werribee-vic-3030/vs/werribee-south-vic-3030,0,1,0,46
werribee median house price,https://www.yourpropertyguide.com.au/suburbs/werribee-vic-3030/vs/hoppers-crossing-vic-3029,0,5,0,20.4
werribee median house price,https://www.yourpropertyguide.com.au/suburbs/werribee-vic-3030/vs/point-cook-vic-3030,0,5,0,25.4
werribee median house price,https://www.yourpropertyguide.com.au/suburbs/werribee-vic-3030/vs/werribee-south-vic-3030,0,7,0,22.4
werribee south postcode,https://www.yourpropertyguide.com.au/suburbs/werribee-south-vic-3030,0,1,0,12
wesburn postcode,https://www.yourpropertyguide.com.au/suburbs/wesburn-vic-3799,0,2,0,9.5
west beach postcode,https://www.yourpropertyguide.com.au/suburbs/west-beach-sa-5024,0,1,0,6
west gosford postcode,https://www.yourpropertyguide.com.au/postcodes/2250,0,1,0,20
west lakes post code,https://www.yourpropertyguide.com.au/postcodes/5020,0,1,0,10
west lakes postcode,https://www.yourpropertyguide.com.au/postcodes/5020,0,7,0,8.1
west lakes postcode sa,https://www.yourpropertyguide.com.au/postcodes/5020,0,1,0,9
west lakes sa postcode,https://www.yourpropertyguide.com.au/postcodes/5020,0,3,0,11
west lakes shore post code,https://www.yourpropertyguide.com.au/postcodes/5020,0,1,0,11
west lakes shore postcode,https://www.yourpropertyguide.com.au/postcodes/5020,0,4,0,8.2
west mackay postcode,https://www.yourpropertyguide.com.au/suburbs/mackay-south-qld-4740,0,1,0,35
west moonah,https://www.yourpropertyguide.com.au/suburbs/west-moonah-tas-7009,0,1,0,56
west moonah post code,https://www.yourpropertyguide.com.au/suburbs/west-moonah-tas-7009,0,4,0,10
west moonah postcode,https://www.yourpropertyguide.com.au/suburbs/west-moonah-tas-7009,0,32,0,10.8
west moonah tasmania,https://www.yourpropertyguide.com.au/suburbs/west-moonah-tas-7009,0,1,0,49
west pinjarra postcode,https://www.yourpropertyguide.com.au/suburbs/pinjarra-wa-6208,0,10,0,10.4
west preston postcode,https://www.yourpropertyguide.com.au/suburbs/preston-west-vic-3072,0,7,0,6
west ryde,https://www.yourpropertyguide.com.au/suburbs/ryde-nsw-2112/vs/west-ryde-nsw-2114,0,1,0,73
west ryde median house price,https://www.yourpropertyguide.com.au/price-guide,0,2,0,61.5
west ryde nsw australia,https://www.yourpropertyguide.com.au/suburbs/ryde-nsw-2112/vs/west-ryde-nsw-2114,0,1,0,88
west ulverstone,https://www.yourpropertyguide.com.au/suburbs/ulverstone-tas-7315/vs/west-ulverstone-tas-7315,0,1,0,49
west wodonga post code,https://www.yourpropertyguide.com.au/postcodes/3690,0,4,0,8.8
west wodonga postcode,https://www.yourpropertyguide.com.au/postcodes/3690,0,15,0,16.1
westbrook nsw,https://www.yourpropertyguide.com.au/suburbs/westbrook-nsw-2330/rental-market,0,1,0,81
western australia property market,https://www.yourpropertyguide.com.au/market-reports/wa,0,10,0,58.5
western australia real estate market,https://www.yourpropertyguide.com.au/market-reports/wa,0,1,0,53
western flat,https://www.yourpropertyguide.com.au/suburbs/western-flat-sa-5268/vs/mundulla-sa-5270,0,2,0,31
westmere median house prices,https://www.yourpropertyguide.com.au/suburbs/westmere-vic-3351,0,2,0,42
westpac borrowing calculator,https://www.yourpropertyguide.com.au/borrowing-power-calculator,0,1,0,79
westpac how much can i borrow calculator,https://www.yourpropertyguide.com.au/borrowing-power-calculator,0,1,0,70
what about hornsby,https://www.yourpropertyguide.com.au/suburbs/hornsby-heights-nsw-2077,0,1,0,3
what about paradise,https://www.yourpropertyguide.com.au/suburbs/dernancourt-sa-5075/vs/paradise-sa-5075,0,1,0,4
what amount of house can i afford,https://www.yourpropertyguide.com.au/affordability-calculator,0,1,0,85
what apartment can i afford calculator,https://www.yourpropertyguide.com.au/affordability-calculator,0,1,0,87
what are estate agents fees for selling a house,https://www.yourpropertyguide.com.au/guides/real-estate-commission-vic,0,1,0,48
what are real estate agent fees,https://www.yourpropertyguide.com.au/guides/real-estate-commission-vic,0,4,0,65.8
what are real estate agents commission,https://www.yourpropertyguide.com.au/guides/real-estate-commission-vic,0,2,0,52
what are realtor commission rates,https://www.yourpropertyguide.com.au/guides/real-estate-commission-vic,0,1,0,67
what are realtor fees,https://www.yourpropertyguide.com.au/guides/real-estate-commission-vic,0,1,0,58
what are repayments on 500k mortgage,https://www.yourpropertyguide.com.au/mortgage-calculator,0,1,0,93
what are selling costs when selling a house,https://www.yourpropertyguide.com.au/selling-costs-calculator,0,1,0,76
what are the average real estate fees,https://www.yourpropertyguide.com.au/guides/real-estate-commission-vic,0,1,0,52
what are the cheapest suburbs in act for first home buyers,https://www.yourpropertyguide.com.au/best-suburbs/most-affordable/act,0,1,0,10
what are the cheapest suburbs in act for first home buyers,https://www.yourpropertyguide.com.au/property-market/canberra,0,1,0,14
what are the costs associated with home staging in sydney?,https://www.yourpropertyguide.com.au/guides/home-staging-cost-australia,0,1,0,65
what are the monthly repayments on a 500k mortgage,https://www.yourpropertyguide.com.au/mortgage-calculator,0,1,0,86
what are the mortgage repayments on 500k,https://www.yourpropertyguide.com.au/mortgage-calculator,0,1,0,83
what are the most affordable suburbs to buy in perth,https://www.yourpropertyguide.com.au/best-suburbs/most-affordable/wa,0,7,0,38.6
what are the regions of australia,https://www.yourpropertyguide.com.au/regions,0,1,0,56
what are the repayments on a 400k mortgage,https://www.yourpropertyguide.com.au/mortgage-calculator,0,4,0,81.2
what are the repayments on a 500k mortgage,https://www.yourpropertyguide.com.au/mortgage-calculator,0,1,0,84
what are the repayments on a 600k mortgage,https://www.yourpropertyguide.com.au/mortgage-calculator,0,2,0,83.5
what are the typical costs for full property staging in sydney?,https://www.yourpropertyguide.com.au/guides/home-staging-cost-australia,0,4,0,61.8
what can i afford based on salary,https://www.yourpropertyguide.com.au/affordability-calculator,0,1,0,87
what can i afford calculator,https://www.yourpropertyguide.com.au/affordability-calculator,0,1,0,77
what can i afford mortgage loan calculator,https://www.yourpropertyguide.com.au/affordability-calculator,0,1,0,87
what can i afford to buy house,https://www.yourpropertyguide.com.au/affordability-calculator,0,1,0,89
what can i borrow calculator,https://www.yourpropertyguide.com.au/borrowing-power-calculator,0,1,0,98
what can i qualify for mortgage calculator,https://www.yourpropertyguide.com.au/affordability-calculator,0,1,0,81
what can we afford mortgage calculator,https://www.yourpropertyguide.com.au/affordability-calculator,0,1,0,88
what can we afford mortgage calculator,https://www.yourpropertyguide.com.au/borrowing-power-calculator,0,1,0,82
what commission do estate agents charge,https://www.yourpropertyguide.com.au/guides/real-estate-commission-vic,0,1,0,48
what commission do estate agents get,https://www.yourpropertyguide.com.au/guides/real-estate-commission-vic,0,2,0,50
what commission do real estate agents charge,https://www.yourpropertyguide.com.au/guides/real-estate-commission-vic,0,1,0,54
what commission do real estate agents get,https://www.yourpropertyguide.com.au/guides/real-estate-commission-vic,0,2,0,72
what commission do real estate agents make in australia,https://www.yourpropertyguide.com.au/guides/real-estate-commission-nsw,0,3,0,68
what commission do real estate agents make in australia,https://www.yourpropertyguide.com.au/guides/real-estate-commission-vic,0,9,0,79.1
what commission do realtors get,https://www.yourpropertyguide.com.au/guides/real-estate-commission-vic,0,1,0,65
what commission do realtors make,https://www.yourpropertyguide.com.au/guides/real-estate-commission-vic,0,1,0,65
what commission does a realtor get,https://www.yourpropertyguide.com.au/guides/real-estate-commission-vic,0,2,0,41.5
what commission for real estate agents,https://www.yourpropertyguide.com.au/guides/real-estate-commission-nsw,0,1,0,62
what commission for real estate agents,https://www.yourpropertyguide.com.au/guides/real-estate-commission-vic,0,1,0,74
what cost house can i afford,https://www.yourpropertyguide.com.au/affordability-calculator,0,1,0,83
what could i afford for a house,https://www.yourpropertyguide.com.au/affordability-calculator,0,1,0,86
what do real estate agents charge,https://www.yourpropertyguide.com.au/guides/real-estate-commission-nsw,0,4,0,73.2
what do real estate agents charge,https://www.yourpropertyguide.com.au/guides/real-estate-commission-vic,0,46,0,25.9
what do real estate agents charge to sell a house,https://www.yourpropertyguide.com.au/guides/real-estate-commission-vic,0,2,0,45.5
what do real estate agents get for commission,https://www.yourpropertyguide.com.au/guides/real-estate-commission-nsw,0,1,0,73
what do real estate agents get for commission,https://www.yourpropertyguide.com.au/guides/real-estate-commission-vic,0,2,0,44.5
what do realtors charge for selling a house,https://www.yourpropertyguide.com.au/guides/real-estate-commission-vic,0,1,0,51
what do realtors charge to sell a house,https://www.yourpropertyguide.com.au/guides/real-estate-commission-vic,0,1,0,54
what do you need to buy a house in australia,https://www.yourpropertyguide.com.au/guides/buying-property-australia,0,1,0,80
what does a real estate agent charge,https://www.yourpropertyguide.com.au/guides/real-estate-commission-nsw,0,1,0,73
what does a real estate agent charge,https://www.yourpropertyguide.com.au/guides/real-estate-commission-vic,0,1,0,50
what does a realtor charge,https://www.yourpropertyguide.com.au/guides/real-estate-commission-vic,0,2,0,50
what fees are involved in selling a house,https://www.yourpropertyguide.com.au/selling-costs-calculator,0,1,0,83
what fees do real estate agents charge,https://www.yourpropertyguide.com.au/guides/real-estate-commission-nsw,0,1,0,82
what fees do real estate agents charge,https://www.yourpropertyguide.com.au/guides/real-estate-commission-vic,0,3,0,57.3
what home can i afford,https://www.yourpropertyguide.com.au/affordability-calculator,0,1,0,85
what home can i afford calculator,https://www.yourpropertyguide.com.au/affordability-calculator,0,1,0,80
what home can you afford,https://www.yourpropertyguide.com.au/affordability-calculator,0,1,0,77
what home loan can i afford,https://www.yourpropertyguide.com.au/borrowing-power-calculator,0,1,0,100
what home loan can i afford calculator,https://www.yourpropertyguide.com.au/borrowing-power-calculator,0,1,0,95
what home loan can i get,https://www.yourpropertyguide.com.au/borrowing-power-calculator,0,1,0,93
what home mortgage can i afford,https://www.yourpropertyguide.com.au/affordability-calculator,0,1,0,88
what home mortgage can i afford,https://www.yourpropertyguide.com.au/borrowing-power-calculator,0,1,0,93
what house can i afford,https://www.yourpropertyguide.com.au/affordability-calculator,0,1,0,81
what house can i afford calculator,https://www.yourpropertyguide.com.au/affordability-calculator,0,1,0,82
what house can you afford,https://www.yourpropertyguide.com.au/affordability-calculator,0,1,0,93
what house loan can i afford,https://www.yourpropertyguide.com.au/borrowing-power-calculator,0,1,0,100
what house mortgage can i afford,https://www.yourpropertyguide.com.au/affordability-calculator,0,1,0,84
what house payment can i afford,https://www.yourpropertyguide.com.au/affordability-calculator,0,1,0,88
what house price can i afford,https://www.yourpropertyguide.com.au/affordability-calculator,0,1,0,82
what house price can i afford,https://www.yourpropertyguide.com.au/borrowing-power-calculator,0,1,0,96
what if i don t have earnest money,https://www.yourpropertyguide.com.au/guides,0,1,0,72
what if i don't have earnest money,https://www.yourpropertyguide.com.au/guides,0,1,0,69
what is a real estate agent commission,https://www.yourpropertyguide.com.au/guides/real-estate-commission-nsw,0,1,0,82
what is a real estate agent commission,https://www.yourpropertyguide.com.au/guides/real-estate-commission-vic,0,1,0,40
what is a real estate agents commission,https://www.yourpropertyguide.com.au/guides/real-estate-commission-nsw,0,1,0,48
what is a real estate agents commission,https://www.yourpropertyguide.com.au/guides/real-estate-commission-vic,0,3,0,68.7
what is a realtor commission,https://www.yourpropertyguide.com.au/guides/real-estate-commission-nsw,0,1,0,42
what is a realtor commission,https://www.yourpropertyguide.com.au/guides/real-estate-commission-vic,0,1,0,83
what is a realtors commission,https://www.yourpropertyguide.com.au/guides/real-estate-commission-vic,0,2,0,44
what is a reserve price,https://www.yourpropertyguide.com.au/guides/reserve-price-auction,0,2,0,52
what is a section 32,https://www.yourpropertyguide.com.au/guides/section-32-vendor-statement-victoria,0,1,0,91
what is a section 32 in victoria,https://www.yourpropertyguide.com.au/guides/cost-of-selling-a-house-vic,0,1,0,3
what is a section 32 in victoria,https://www.yourpropertyguide.com.au/guides/section-32-vendor-statement-victoria,0,3,0,54.7
what is a seller disclosure statement,https://www.yourpropertyguide.com.au/guides/contract-of-sale-qld,0,1,0,93
what is a typical commission for a real estate agent,https://www.yourpropertyguide.com.au/guides/real-estate-commission-vic,0,1,0,69
what is a typical real estate agent commission,https://www.yourpropertyguide.com.au/guides/real-estate-commission-vic,0,1,0,30
what is a typical realtor commission,https://www.yourpropertyguide.com.au/guides/real-estate-commission-vic,0,1,0,38
what is an average commission for a realtor,https://www.yourpropertyguide.com.au/guides/real-estate-commission-vic,0,1,0,69
what is average commission for real estate agent,https://www.yourpropertyguide.com.au/guides/real-estate-commission-vic,0,2,0,63.5
what is average real estate agent commission,https://www.yourpropertyguide.com.au/guides/real-estate-commission-vic,0,1,0,61
what is average real estate commission,https://www.yourpropertyguide.com.au/guides/real-estate-commission-vic,0,1,0,28
what is buderim postcode,https://www.yourpropertyguide.com.au/suburbs/buderim-qld-4556,0,3,0,9.7
what is cash rate,https://www.yourpropertyguide.com.au/rba-cash-rate,0,1,0,79
what is cash rate rba,https://www.yourpropertyguide.com.au/rba-cash-rate,0,2,0,92.5
what is classified as dual occupancy,https://www.yourpropertyguide.com.au/glossary/dual-occupancy,0,1,0,84
what is commission for real estate agents,https://www.yourpropertyguide.com.au/guides/real-estate-commission-nsw,0,1,0,77
what is commission for real estate agents,https://www.yourpropertyguide.com.au/guides/real-estate-commission-vic,0,1,0,52
what is commission on selling a house,https://www.yourpropertyguide.com.au/guides/real-estate-commission-vic,0,1,0,42
what is commission rate,https://www.yourpropertyguide.com.au/guides/real-estate-commission-vic,0,1,0,66
what is gross yield,https://www.yourpropertyguide.com.au/rental-yield-calculator,0,1,0,90
what is morayfield postcode,https://www.yourpropertyguide.com.au/suburbs/morayfield-qld-4506,0,1,0,9
what is my borrowing capacity,https://www.yourpropertyguide.com.au/borrowing-power-calculator,0,2,0,89
what is my borrowing power,https://www.yourpropertyguide.com.au/borrowing-power-calculator,0,1,0,98
what is my house worth buderim,https://www.yourpropertyguide.com.au/suburbs/buderim-qld-4556,0,4,0,28
what is my house worth hawkesbury,https://www.yourpropertyguide.com.au/suburbs/hawkesbury-heights-nsw-2777/agents,0,1,0,33
what is rba cash rate,https://www.yourpropertyguide.com.au/rba-cash-rate,0,1,0,93
what is real estate agent commission,https://www.yourpropertyguide.com.au/guides/real-estate-commission-nsw,0,1,0,19
what is real estate agent commission,https://www.yourpropertyguide.com.au/guides/real-estate-commission-vic,0,2,0,66
what is real estate agents commission,https://www.yourpropertyguide.com.au/guides/real-estate-commission-vic,0,1,0,76
what is real estate commission,https://www.yourpropertyguide.com.au/guides/real-estate-commission-nsw,0,1,0,84
what is real estate commission,https://www.yourpropertyguide.com.au/guides/real-estate-commission-vic,0,3,0,55.7
what is realtor's commission,https://www.yourpropertyguide.com.au/guides/real-estate-commission-vic,0,1,0,50
what is rentvesting,https://www.yourpropertyguide.com.au/guides/rentvesting-australia,0,45,0,95.0
what is rentvesting australia,https://www.yourpropertyguide.com.au/guides/rentvesting-australia,0,13,0,76.5
what is rentvesting in australia,https://www.yourpropertyguide.com.au/guides/rentvesting-australia,0,17,0,77.3
what is section 32,https://www.yourpropertyguide.com.au/guides/section-32-vendor-statement-victoria,0,1,0,80
what is standard commission for a realtor,https://www.yourpropertyguide.com.au/guides/real-estate-commission-vic,0,1,0,68
what is standard commission for real estate agent,https://www.yourpropertyguide.com.au/guides/real-estate-commission-vic,0,1,0,57
what is the agent fee for selling a house,https://www.yourpropertyguide.com.au/guides/real-estate-commission-vic,0,1,0,38
what is the average commission for a real estate agent,https://www.yourpropertyguide.com.au/guides/real-estate-commission-vic,0,1,0,68
what is the average commission for real estate,https://www.yourpropertyguide.com.au/guides/real-estate-commission-vic,0,1,0,69
what is the average commission for real estate agents,https://www.yourpropertyguide.com.au/guides/real-estate-commission-vic,0,1,0,63
what is the average commission for selling a house,https://www.yourpropertyguide.com.au/guides/real-estate-commission-vic,0,1,0,67
what is the average commission of a realtor,https://www.yourpropertyguide.com.au/guides/real-estate-commission-vic,0,1,0,50
what is the average real estate agent commission in nsw,https://www.yourpropertyguide.com.au/guides/real-estate-commission-nsw,0,6,0,19.7
what is the average real estate agent commission in nsw,https://www.yourpropertyguide.com.au/real-estate-commission-calculator,0,21,0,69.2
what is the average real estate agent commission in victoria,https://www.yourpropertyguide.com.au/guides/cost-of-selling-a-house-vic,0,1,0,16
what is the average real estate agent commission in victoria,https://www.yourpropertyguide.com.au/guides/real-estate-commission-vic,0,28,0,29.5
what is the average real estate agent commission in victoria,https://www.yourpropertyguide.com.au/real-estate-commission-calculator,0,16,0,85.9
what is the average realtor commission,https://www.yourpropertyguide.com.au/guides/real-estate-commission-vic,0,1,0,82
what is the average realtor commission,https://www.yourpropertyguide.com.au/real-estate-commission-calculator,0,1,0,63
what is the capital growth of surfers paradise,https://www.yourpropertyguide.com.au/suburbs/surfers-paradise-qld-4217,0,8,0,21
what is the cash rate rba,https://www.yourpropertyguide.com.au/rba-cash-rate,0,2,0,84
what is the commission for a real estate agent,https://www.yourpropertyguide.com.au/guides/real-estate-commission-nsw,0,1,0,69
what is the commission for a real estate agent,https://www.yourpropertyguide.com.au/guides/real-estate-commission-vic,0,1,0,79
what is the commission for a real estate broker,https://www.yourpropertyguide.com.au/guides/real-estate-commission-vic,0,2,0,77
what is the commission for real estate agents,https://www.yourpropertyguide.com.au/guides/real-estate-commission-vic,0,2,0,69
what is the commission for selling a house,https://www.yourpropertyguide.com.au/guides/real-estate-commission-vic,0,1,0,57
what is the commission on selling a house,https://www.yourpropertyguide.com.au/guides/real-estate-commission-nsw,0,1,0,29
what is the commission on selling a house,https://www.yourpropertyguide.com.au/guides/real-estate-commission-vic,0,3,0,33.3
what is the commission rate for real estate agents,https://www.yourpropertyguide.com.au/guides/real-estate-commission-vic,0,1,0,58
what is the current commission rate for realtors,https://www.yourpropertyguide.com.au/guides/real-estate-commission-nsw,0,1,0,7
what is the current real estate commission rate,https://www.yourpropertyguide.com.au/guides/real-estate-commission-vic,0,1,0,77
what is the current real estate commission rate,https://www.yourpropertyguide.com.au/real-estate-commission-calculator,0,1,0,59
what is the fee for real estate agent,https://www.yourpropertyguide.com.au/guides/real-estate-commission-vic,0,1,0,59
what is the going rate for real estate commission,https://www.yourpropertyguide.com.au/guides/real-estate-commission-nsw,0,1,0,10
what is the going rate for real estate commission,https://www.yourpropertyguide.com.au/guides/real-estate-commission-vic,0,1,0,57
what is the going rate for real estate commission,https://www.yourpropertyguide.com.au/real-estate-commission-calculator,0,1,0,76
what is the median house and unit price in canberra?,https://www.yourpropertyguide.com.au/suburbs/barton-act-2600,0,1,0,4
what is the normal commission for a real estate agent,https://www.yourpropertyguide.com.au/guides/real-estate-commission-vic,0,1,0,69
what is the normal commission for real estate agents,https://www.yourpropertyguide.com.au/guides/real-estate-commission-vic,0,1,0,67
what is the normal commission for selling a house,https://www.yourpropertyguide.com.au/guides/real-estate-commission-vic,0,1,0,70
what is the normal real estate commission,https://www.yourpropertyguide.com.au/guides/real-estate-commission-vic,0,1,0,67
what is the percentage a real estate agent gets,https://www.yourpropertyguide.com.au/guides/real-estate-commission-vic,0,1,0,58
what is the postcode for liverpool,https://www.yourpropertyguide.com.au/postcodes/2170,0,2,0,11.5
what is the procedure for buying a house,https://www.yourpropertyguide.com.au/guides/buying-property-australia,0,1,0,96
what is the process of buying a house in australia,https://www.yourpropertyguide.com.au/guides/buying-property-australia,0,1,0,74
what is the process to buy a house,https://www.yourpropertyguide.com.au/guides/buying-property-australia,0,1,0,97
what is the rba cash rate,https://www.yourpropertyguide.com.au/rba-cash-rate,0,12,0,85.8
what is the real estate agent commission,https://www.yourpropertyguide.com.au/guides/real-estate-commission-nsw,0,1,0,60
what is the real estate agent commission,https://www.yourpropertyguide.com.au/guides/real-estate-commission-vic,0,2,0,55
what is the realtor commission,https://www.yourpropertyguide.com.au/guides/real-estate-commission-vic,0,1,0,75
what is the rent,https://www.yourpropertyguide.com.au/suburbs/broken-hill-west-nsw-2880/rental-market,0,1,0,12
what is the repayment on a 500k mortgage,https://www.yourpropertyguide.com.au/mortgage-calculator,0,1,0,88
what is the standard commission for a real estate agent,https://www.yourpropertyguide.com.au/guides/real-estate-commission-vic,0,1,0,56
what is the standard commission for selling a house,https://www.yourpropertyguide.com.au/guides/real-estate-commission-vic,0,2,0,57
what is the standard real estate commission,https://www.yourpropertyguide.com.au/guides/real-estate-commission-vic,0,1,0,65
what is the standard realtor fee for selling a house,https://www.yourpropertyguide.com.au/guides/real-estate-commission-nsw,0,1,0,11
what is the typical commission for selling a house,https://www.yourpropertyguide.com.au/guides/real-estate-commission-vic,0,1,0,45
what is the typical real estate agent commission,https://www.yourpropertyguide.com.au/guides/real-estate-commission-vic,0,1,0,49
what is the typical realtor commission for selling a house,https://www.yourpropertyguide.com.au/guides/real-estate-commission-vic,0,1,0,50
what is typical real estate commission,https://www.yourpropertyguide.com.au/guides/real-estate-commission-vic,0,1,0,64
what is yield on property,https://www.yourpropertyguide.com.au/rental-yield-calculator,0,1,0,93
what monthly mortgage can i afford,https://www.yourpropertyguide.com.au/affordability-calculator,0,1,0,87
what mortgage can i afford,https://www.yourpropertyguide.com.au/affordability-calculator,0,2,0,91
what mortgage can i afford calculator,https://www.yourpropertyguide.com.au/affordability-calculator,0,2,0,86.5
what mortgage can i afford calculator,https://www.yourpropertyguide.com.au/borrowing-power-calculator,0,1,0,99
what mortgage could i afford,https://www.yourpropertyguide.com.au/affordability-calculator,0,4,0,89
what mortgage could i afford calculator,https://www.yourpropertyguide.com.au/affordability-calculator,0,1,0,81
what mortgage loan can i get,https://www.yourpropertyguide.com.au/borrowing-power-calculator,0,2,0,82.5
what percent do agents get,https://www.yourpropertyguide.com.au/guides/real-estate-commission-nsw,0,1,0,73
what percent do agents get,https://www.yourpropertyguide.com.au/guides/real-estate-commission-vic,0,1,0,57
what percent do real estate agents get,https://www.yourpropertyguide.com.au/guides/real-estate-commission-vic,0,1,0,49
what percentage do estate agents charge,https://www.yourpropertyguide.com.au/guides/real-estate-commission-vic,0,1,0,53
what percentage do estate agents charge for selling a house,https://www.yourpropertyguide.com.au/guides/real-estate-commission-vic,0,1,0,54
what percentage do real estate agents charge,https://www.yourpropertyguide.com.au/guides/real-estate-commission-vic,0,1,0,66
what percentage do real estate agents charge in nsw,https://www.yourpropertyguide.com.au/guides/real-estate-commission-nsw,0,4,0,28.2
what percentage do real estate agents get,https://www.yourpropertyguide.com.au/guides/real-estate-commission-vic,0,2,0,61
what percentage do real estate agents take,https://www.yourpropertyguide.com.au/guides/real-estate-commission-nsw,0,1,0,79
what percentage do real estate agents take,https://www.yourpropertyguide.com.au/guides/real-estate-commission-vic,0,23,0,63.7
what percentage do realtors get,https://www.yourpropertyguide.com.au/guides/real-estate-commission-vic,0,1,0,60
what percentage do realtors take,https://www.yourpropertyguide.com.au/guides/real-estate-commission-vic,0,1,0,61
what percentage does a real estate agent make,https://www.yourpropertyguide.com.au/guides/real-estate-commission-vic,0,1,0,45
what percentage does a real estate agent take,https://www.yourpropertyguide.com.au/guides/real-estate-commission-vic,0,1,0,69
what percentage does real estate agent take,https://www.yourpropertyguide.com.au/guides/real-estate-commission-vic,0,1,0,44
what percentage is real estate commission,https://www.yourpropertyguide.com.au/guides/real-estate-commission-vic,0,1,0,1
what percentage of a house sale does a realtor get,https://www.yourpropertyguide.com.au/guides/real-estate-commission-vic,0,2,0,55
what percentage of sales do real estate agents get,https://www.yourpropertyguide.com.au/guides/real-estate-commission-vic,0,2,0,54.5
what postcode is 2043,https://www.yourpropertyguide.com.au/postcodes/2043,0,9,0,6.9
what postcode is 2170,https://www.yourpropertyguide.com.au/postcodes/2170,0,11,0,9.5
what postcode is highgate,https://www.yourpropertyguide.com.au/suburbs/highgate-wa-6003,0,2,0,6.5
what postcode is liverpool,https://www.yourpropertyguide.com.au/postcodes/2170,0,5,0,9.2
what price home can i afford,https://www.yourpropertyguide.com.au/affordability-calculator,0,1,0,85
what price house can i afford,https://www.yourpropertyguide.com.au/affordability-calculator,0,1,0,83
what price house can we afford,https://www.yourpropertyguide.com.au/affordability-calculator,0,1,0,86
what price house can you afford,https://www.yourpropertyguide.com.au/affordability-calculator,0,1,0,90
what price range house can i afford,https://www.yourpropertyguide.com.au/affordability-calculator,0,1,0,85
what priced home can i afford,https://www.yourpropertyguide.com.au/affordability-calculator,0,1,0,84
what real estate commission should i pay,https://www.yourpropertyguide.com.au/guides/real-estate-commission-vic,0,1,0,73
what real estate commission should i pay,https://www.yourpropertyguide.com.au/real-estate-commission-calculator,0,1,0,63
what schools are near riverfield estate,https://www.yourpropertyguide.com.au/suburbs/clyde-vic-3978/schools,0,16,0,51.1
what suburbs have good family homes near schools,https://www.yourpropertyguide.com.au/best-suburbs/for-families/nsw,0,2,0,64
what would the repayments be on a 600k mortgage,https://www.yourpropertyguide.com.au/mortgage-calculator,0,1,0,87
what's a real estate agent's commission,https://www.yourpropertyguide.com.au/guides/real-estate-commission-vic,0,1,0,47
what's the average commission a real estate agent,https://www.yourpropertyguide.com.au/guides/real-estate-commission-vic,0,1,0,66
what's the average commission for a real estate agent,https://www.yourpropertyguide.com.au/guides/real-estate-commission-vic,0,1,0,70
when do real estate agents get paid their commission,https://www.yourpropertyguide.com.au/guides/real-estate-commission-vic,0,1,0,59
when is appraisal fee paid,https://www.yourpropertyguide.com.au/guides,0,1,0,70
"where are postcodes 2170, 2150 and 2155",https://www.yourpropertyguide.com.au/postcodes/2170,0,1,0,11
where can i access buyer guides and property buying advice?. my location is australia.,https://www.yourpropertyguide.com.au/,0,1,0,18
where is annandale,https://www.yourpropertyguide.com.au/suburbs/annandale-nsw-2038,0,2,0,34
where is annandale nsw,https://www.yourpropertyguide.com.au/suburbs/annandale-nsw-2038,0,1,0,35
where is arundel qld,https://www.yourpropertyguide.com.au/suburbs/arundel-qld-4214,0,1,0,22
where is aspendale,https://www.yourpropertyguide.com.au/suburbs/aspendale-vic-3195,0,1,0,73
where is badagarang,https://www.yourpropertyguide.com.au/suburbs/badagarang-nsw-2540,0,3,0,10.7
where is badagarang nsw,https://www.yourpropertyguide.com.au/suburbs/badagarang-nsw-2540,0,6,0,11.3
where is banksia nsw,https://www.yourpropertyguide.com.au/suburbs/banksia-nsw-2216,0,1,0,20
where is bolton point,https://www.yourpropertyguide.com.au/suburbs/bolton-point-nsw-2283,0,1,0,42
where is bonnyrigg nsw,https://www.yourpropertyguide.com.au/suburbs/bonnyrigg-nsw-2177,0,1,0,35
where is braybrook,https://www.yourpropertyguide.com.au/suburbs/braybrook-north-vic-3019,0,1,0,59
where is braybrook in melbourne,https://www.yourpropertyguide.com.au/suburbs/braybrook-north-vic-3019,0,2,0,60
where is braybrook vic,https://www.yourpropertyguide.com.au/suburbs/braybrook-north-vic-3019,0,1,0,83
where is browns plains qld,https://www.yourpropertyguide.com.au/suburbs/browns-plains-bc-qld-4118,0,1,0,55
where is buderim,https://www.yourpropertyguide.com.au/suburbs/buderim-qld-4556,0,3,0,24.3
where is buderim qld,https://www.yourpropertyguide.com.au/suburbs/buderim-qld-4556,0,1,0,25
where is bulleen,https://www.yourpropertyguide.com.au/suburbs/bulleen-vic-3105,0,1,0,63
where is camberwell victoria,https://www.yourpropertyguide.com.au/suburbs/camberwell-north-vic-3124,0,1,0,68
where is catherine field nsw,https://www.yourpropertyguide.com.au/suburbs/catherine-field-nsw-2557,0,1,0,54
where is chipping norton nsw,https://www.yourpropertyguide.com.au/suburbs/chipping-norton-nsw-2170,0,2,0,37
where is colo heights,https://www.yourpropertyguide.com.au/suburbs/colo-heights-nsw-2756,0,1,0,26
where is coolum beach queensland,https://www.yourpropertyguide.com.au/suburbs/coolum-beach-qld-4573,0,1,0,84
where is cromer nsw,https://www.yourpropertyguide.com.au/suburbs/cromer-heights-nsw-2099,0,3,0,36
where is daisy hill victoria,https://www.yourpropertyguide.com.au/suburbs/daisy-hill-vic-3465,0,2,0,18
where is davoren park,https://www.yourpropertyguide.com.au/suburbs/davoren-park-south-sa-5113,0,2,0,48.5
where is davoren park sa,https://www.yourpropertyguide.com.au/suburbs/davoren-park-south-sa-5113,0,1,0,47
where is deepdene victoria,https://www.yourpropertyguide.com.au/suburbs/deepdene-vic-3103,0,1,0,50
where is drouin victoria,https://www.yourpropertyguide.com.au/suburbs/drouin-vic-3818,0,1,0,48
where is dubbo nsw,https://www.yourpropertyguide.com.au/suburbs/dubbo-nsw-2830,0,1,0,57
where is elderslie,https://www.yourpropertyguide.com.au/suburbs/elderslie-nsw-2570,0,2,0,36
where is elderslie nsw,https://www.yourpropertyguide.com.au/suburbs/elderslie-nsw-2570,0,1,0,27
where is fairlight nsw,https://www.yourpropertyguide.com.au/suburbs/fairlight-nsw-2094,0,2,0,21
where is flinders view,https://www.yourpropertyguide.com.au/suburbs/flinders-view-qld-4305,0,2,0,38
where is forestville nsw,https://www.yourpropertyguide.com.au/postcodes/2087,0,2,0,70.5
where is frankston victoria,https://www.yourpropertyguide.com.au/suburbs/frankston-vic-3199,0,1,0,64
where is glenorchy tasmania,https://www.yourpropertyguide.com.au/suburbs/glenorchy-tas-7010,0,1,0,63
where is greendale,https://www.yourpropertyguide.com.au/suburbs/greendale-nsw-2550,0,2,0,15.5
where is greenfield park nsw,https://www.yourpropertyguide.com.au/suburbs/greenfield-park-nsw-2176,0,1,0,34
where is gwandalan nsw,https://www.yourpropertyguide.com.au/suburbs/gwandalan-nsw-2259,0,1,0,52
where is highgate,https://www.yourpropertyguide.com.au/suburbs/highgate-wa-6003,0,2,0,21
where is homebush in sydney,https://www.yourpropertyguide.com.au/suburbs/homebush-south-nsw-2140,0,2,0,62
where is horfield,https://www.yourpropertyguide.com.au/suburbs/horfield-vic-3567,0,1,0,8
where is inglewood qld,https://www.yourpropertyguide.com.au/suburbs/inglewood-qld-4387,0,1,0,27
where is kenmore qld,https://www.yourpropertyguide.com.au/suburbs/kenmore-east-qld-4069,0,1,0,63
where is kulnura nsw,https://www.yourpropertyguide.com.au/suburbs/kulnura-nsw-2250,0,1,0,48
where is langley,https://www.yourpropertyguide.com.au/suburbs/langley-vic-3444,0,2,0,6.5
where is laverton vic,https://www.yourpropertyguide.com.au/suburbs/laverton-vic-3028,0,1,0,39
where is laverton victoria,https://www.yourpropertyguide.com.au/suburbs/laverton-vic-3028,0,1,0,60
where is little mountain,https://www.yourpropertyguide.com.au/suburbs/little-mountain-qld-4551,0,1,0,45
where is little mountain qld,https://www.yourpropertyguide.com.au/suburbs/little-mountain-qld-4551,0,2,0,39.5
where is maitland sa,https://www.yourpropertyguide.com.au/suburbs/maitland-sa-5573,0,1,0,3
where is monterey nsw,https://www.yourpropertyguide.com.au/suburbs/monterey-nsw-2217,0,1,0,29
where is moorebank,https://www.yourpropertyguide.com.au/suburbs/moorebank-nsw-2170,0,2,0,33
where is moorebank nsw,https://www.yourpropertyguide.com.au/suburbs/moorebank-nsw-2170,0,1,0,33
where is morayfield qld,https://www.yourpropertyguide.com.au/suburbs/morayfield-qld-4506,0,1,0,35
where is morayfield queensland,https://www.yourpropertyguide.com.au/suburbs/morayfield-qld-4506,0,1,0,34
where is mortlake nsw,https://www.yourpropertyguide.com.au/suburbs/mortlake-nsw-2137,0,4,0,24.2
where is mount hutton nsw,https://www.yourpropertyguide.com.au/suburbs/mount-hutton-nsw-2290,0,1,0,49
where is murarrie qld,https://www.yourpropertyguide.com.au/suburbs/murarrie-qld-4172,0,1,0,40
where is nebo qld,https://www.yourpropertyguide.com.au/suburbs/nebo-qld-4742,0,1,0,39
where is onkaparinga heights,https://www.yourpropertyguide.com.au/suburbs/onkaparinga-heights-sa-5163,0,1,0,32
where is pooraka,https://www.yourpropertyguide.com.au/suburbs/pooraka-sa-5095,0,1,0,31
where is pooraka sa,https://www.yourpropertyguide.com.au/suburbs/pooraka-sa-5095,0,1,0,26
where is postcode 2043,https://www.yourpropertyguide.com.au/postcodes/2043,0,7,0,8.7
where is ravensbourne,https://www.yourpropertyguide.com.au/suburbs/ravensbourne-qld-4352,0,1,0,27
where is ravenswood wa,https://www.yourpropertyguide.com.au/suburbs/ravenswood-wa-6208,0,1,0,48
where is roseville nsw,https://www.yourpropertyguide.com.au/suburbs/roseville-chase-nsw-2069,0,1,0,55
where is skye victoria,https://www.yourpropertyguide.com.au/suburbs/skye-vic-3977/vs/frankston-north-vic-3200,0,1,0,55
where is spring farm,https://www.yourpropertyguide.com.au/suburbs/spring-farm-nsw-2570,0,2,0,47.5
where is spring farm nsw,https://www.yourpropertyguide.com.au/suburbs/spring-farm-nsw-2570,0,2,0,50.5
where is springwood nsw,https://www.yourpropertyguide.com.au/suburbs/springwood-nsw-2777,0,1,0,68
where is taigum,https://www.yourpropertyguide.com.au/suburbs/taigum-qld-4018,0,3,0,21.3
where is taigum in brisbane,https://www.yourpropertyguide.com.au/suburbs/taigum-qld-4018,0,1,0,27
where is taigum qld,https://www.yourpropertyguide.com.au/suburbs/taigum-qld-4018,0,1,0,28
where is taralga,https://www.yourpropertyguide.com.au/suburbs/taralga-nsw-2580,0,3,0,30
where is taralga nsw,https://www.yourpropertyguide.com.au/suburbs/taralga-nsw-2580,0,2,0,24
where is taren point,https://www.yourpropertyguide.com.au/suburbs/taren-point-nsw-2229,0,1,0,51
where is taren point nsw,https://www.yourpropertyguide.com.au/suburbs/taren-point-nsw-2229,0,1,0,51
where is three springs wa,https://www.yourpropertyguide.com.au/suburbs/three-springs-wa-6519,0,1,0,45
where is toorak,https://www.yourpropertyguide.com.au/suburbs/toorak-vic-3142,0,1,0,40
where is valley view,https://www.yourpropertyguide.com.au/suburbs/valley-view-sa-5093,0,1,0,45
where is victory heights,https://www.yourpropertyguide.com.au/suburbs/victory-heights-wa-6432,0,2,0,5
where is warwick wa,https://www.yourpropertyguide.com.au/suburbs/warwick-wa-6024,0,2,0,48
where is wingfield sa,https://www.yourpropertyguide.com.au/suburbs/wingfield-sa-5013,0,1,0,30
where is woodvale,https://www.yourpropertyguide.com.au/suburbs/woodvale-wa-6026,0,2,0,45
where is woolloongabba,https://www.yourpropertyguide.com.au/suburbs/woolloongabba-qld-4102,0,1,0,35
which brisbane suburbs have good schools and family homes,https://www.yourpropertyguide.com.au/guides/best-brisbane-suburbs-for-families-2026,0,4,0,32.5
which clyde estate has the best schools,https://www.yourpropertyguide.com.au/suburbs/clyde-vic-3978/schools,0,20,0,44.4
which mortgage calculator,https://www.yourpropertyguide.com.au/mortgage-calculator,0,1,0,84
which perth suburbs have high rental yield,https://www.yourpropertyguide.com.au/best-suburbs/best-rental-yield/wa,0,8,0,50.4
which rate is better fixed or variable,https://www.yourpropertyguide.com.au/guides/fixed-vs-variable-rate-guide,0,6,0,90.8
which sydney suburbs are best for families,https://www.yourpropertyguide.com.au/best-suburbs/for-families/nsw,0,1,0,85
white hills primary school,https://www.yourpropertyguide.com.au/schools/white-hills-primary-school-44381,0,1,0,81
whitehill primary,https://www.yourpropertyguide.com.au/schools/white-hills-primary-school-44381,0,2,0,52
whitehills primary,https://www.yourpropertyguide.com.au/schools/white-hills-primary-school-44381,0,1,0,41
whittlesea post code,https://www.yourpropertyguide.com.au/suburbs/whittlesea-vic-3757,0,7,0,8.4
whittlesea postcode,https://www.yourpropertyguide.com.au/suburbs/whittlesea-vic-3757,0,29,0,9.7
who is the founder?,https://www.yourpropertyguide.com.au/about,0,1,0,1
who pays commission when selling a house,https://www.yourpropertyguide.com.au/guides/real-estate-commission-vic,0,2,0,40
who pays for real estate commission,https://www.yourpropertyguide.com.au/guides/real-estate-commission-vic,0,1,0,65
who should i sell my house with,https://www.yourpropertyguide.com.au/find-an-expert,0,1,0,75
why do real estate agents underquote,https://www.yourpropertyguide.com.au/guides/underquoting-laws-by-state,0,1,0,3
why is it so low,https://www.yourpropertyguide.com.au/suburbs/spring-farm-nsw-2570,0,1,0,3
wilberforce postcode,https://www.yourpropertyguide.com.au/suburbs/wilberforce-nsw-2756,0,1,0,9
wilby postcode,https://www.yourpropertyguide.com.au/suburbs/wilby-vic-3728,0,9,0,7.2
wilby vic,https://www.yourpropertyguide.com.au/suburbs/wilby-vic-3728,0,2,0,23.5
wilby victoria,https://www.yourpropertyguide.com.au/suburbs/wilby-vic-3728,0,2,0,26
will home renovation costs go down in 2023,https://www.yourpropertyguide.com.au/renovating,0,3,0,77
will home renovation costs go down in 2024,https://www.yourpropertyguide.com.au/renovating,0,1,0,83
willagee post code,https://www.yourpropertyguide.com.au/postcodes/6156,0,22,0,9.4
willagee postcode,https://www.yourpropertyguide.com.au/postcodes/6156,0,41,0,11
willagee rent estimate,https://www.yourpropertyguide.com.au/suburbs/willagee-wa-6156/rental-market,0,1,0,25
willagee wa postcode,https://www.yourpropertyguide.com.au/postcodes/6156,0,2,0,29
williamstown median house price,https://www.yourpropertyguide.com.au/suburbs/williamstown-vic-3016/rental-market,0,6,0,41.5
williamstown real estate agents,https://www.yourpropertyguide.com.au/suburbs/williamstown-north-vic-3016/agents,0,8,0,23.9
williamstown real estate agents,https://www.yourpropertyguide.com.au/suburbs/williamstown-vic-3016/agents,0,3,0,9.3
williamtown postcode,https://www.yourpropertyguide.com.au/suburbs/williamtown-nsw-2318,0,1,0,8
willoughby real estate agents,https://www.yourpropertyguide.com.au/suburbs/willoughby-east-nsw-2068/agents,0,3,0,24
willoughby real estate agents,https://www.yourpropertyguide.com.au/suburbs/willoughby-nsw-2068/agents,0,3,0,18
willowmavin,https://www.yourpropertyguide.com.au/suburbs/willowmavin-vic-3764,0,2,0,27.5
willowmavin postcode,https://www.yourpropertyguide.com.au/postcodes/3764,0,1,0,11
willowmavin postcode,https://www.yourpropertyguide.com.au/suburbs/willowmavin-vic-3764,0,8,0,7.2
willowmavin vic,https://www.yourpropertyguide.com.au/suburbs/willowmavin-vic-3764,0,1,0,27
willowmavin victoria,https://www.yourpropertyguide.com.au/suburbs/willowmavin-vic-3764,0,1,0,27
winchelsea post code,https://www.yourpropertyguide.com.au/suburbs/winchelsea-vic-3241,0,4,0,14
winchelsea postcode,https://www.yourpropertyguide.com.au/suburbs/winchelsea-vic-3241,0,2,0,18
windorah postcode,https://www.yourpropertyguide.com.au/suburbs/windorah-qld-4481,0,1,0,8
windsor median house price,https://www.yourpropertyguide.com.au/suburbs/windsor-vic-3181/rental-market,0,2,0,53
winellie post code,https://www.yourpropertyguide.com.au/suburbs/winnellie-nt-0822,0,6,0,10.5
winellie postcode,https://www.yourpropertyguide.com.au/suburbs/winnellie-nt-0822,0,1,0,10
wingello postcode,https://www.yourpropertyguide.com.au/suburbs/wingello-nsw-2579,0,1,0,6
wingfield 5013,https://www.yourpropertyguide.com.au/suburbs/wingfield-sa-5013,0,1,0,18
wingfield australia,https://www.yourpropertyguide.com.au/suburbs/wingfield-sa-5013,0,2,0,35.5
wingfield post code,https://www.yourpropertyguide.com.au/suburbs/wingfield-sa-5013,0,57,0,8.0
wingfield postcode,https://www.yourpropertyguide.com.au/suburbs/wingfield-sa-5013,0,448,0,6.2
wingfield postcode sa,https://www.yourpropertyguide.com.au/suburbs/wingfield-sa-5013,0,10,0,8
wingfield sa,https://www.yourpropertyguide.com.au/suburbs/wingfield-sa-5013,0,4,0,48
wingfield sa 5013,https://www.yourpropertyguide.com.au/suburbs/wingfield-sa-5013,0,2,0,13.5
wingfield sa postcode,https://www.yourpropertyguide.com.au/suburbs/wingfield-sa-5013,0,80,0,8.0
wingfield south australia,https://www.yourpropertyguide.com.au/suburbs/wingfield-sa-5013,0,2,0,47
winnellie northern territory,https://www.yourpropertyguide.com.au/suburbs/winnellie-nt-0822,0,1,0,66
winnellie nt postcode,https://www.yourpropertyguide.com.au/suburbs/winnellie-nt-0822,0,4,0,14
winnellie post code,https://www.yourpropertyguide.com.au/suburbs/winnellie-nt-0822,0,10,0,11.8
winnellie postcode,https://www.yourpropertyguide.com.au/suburbs/winnellie-nt-0822,0,65,0,11.1
winsford,https://www.yourpropertyguide.com.au/suburbs/winslow-vic-3281/vs/woodford-vic-3281,0,1,0,91
winslow postcode,https://www.yourpropertyguide.com.au/suburbs/winslow-vic-3281,0,17,0,7.7
winslow vic,https://www.yourpropertyguide.com.au/suburbs/winslow-vic-3281,0,1,0,42
winslow victoria,https://www.yourpropertyguide.com.au/suburbs/winslow-vic-3281,0,5,0,23.8
winston hills real estate agencies,https://www.yourpropertyguide.com.au/suburbs/winston-hills-nsw-2153/agents,0,1,0,35
wishart victoria,https://www.yourpropertyguide.com.au/suburbs/wishart-vic-3189,0,1,0,3
withdraw super for house deposit 2023,https://www.yourpropertyguide.com.au/guides/first-home-super-saver-scheme,0,2,0,80.5
woden postcode,https://www.yourpropertyguide.com.au/suburbs/woden-act-2606,0,2,0,7
wodonga 3690,https://www.yourpropertyguide.com.au/postcodes/3690,0,2,0,46
wodonga postcode 3690,https://www.yourpropertyguide.com.au/postcodes/3690,0,1,0,14
wodonga vic postcode,https://www.yourpropertyguide.com.au/postcodes/3690,0,1,0,9
wodonga west postcode,https://www.yourpropertyguide.com.au/postcodes/3690,0,2,0,15.5
wollert median house price,https://www.yourpropertyguide.com.au/suburbs/wollert-vic-3750/rental-market,0,3,0,51.3
wollert postcode,https://www.yourpropertyguide.com.au/suburbs/wollert-vic-3750,0,8,0,9.9
wollert property growth,https://www.yourpropertyguide.com.au/suburbs/wollert-vic-3750/rental-market,0,2,0,70
wollert suburb profile,https://www.yourpropertyguide.com.au/suburbs/wollert-vic-3750/rental-market,0,1,0,72
wollert suburb review,https://www.yourpropertyguide.com.au/suburbs/wollert-vic-3750/rental-market,0,1,0,80
wolli creek postcode,https://www.yourpropertyguide.com.au/suburbs/wolli-creek-nsw-2205,0,3,0,8.3
wollondilly postcode,https://www.yourpropertyguide.com.au/suburbs/nattai-nsw-2570,0,1,0,82
wollondilly postcode,https://www.yourpropertyguide.com.au/suburbs/spring-farm-nsw-2570,0,1,0,48
wollongabba post code,https://www.yourpropertyguide.com.au/suburbs/woolloongabba-qld-4102,0,7,0,10.3
wollongabba postcode,https://www.yourpropertyguide.com.au/suburbs/woolloongabba-qld-4102,0,7,0,8.9
wollongong rental market,https://www.yourpropertyguide.com.au/suburbs/wollongong-west-nsw-2500/rental-market,0,1,0,27
wongan hills population,https://www.yourpropertyguide.com.au/suburbs/wongan-hills-wa-6603,0,2,0,14
wongan hills post code,https://www.yourpropertyguide.com.au/suburbs/wongan-hills-wa-6603,0,8,0,9.8
wongan hills postcode,https://www.yourpropertyguide.com.au/suburbs/wongan-hills-wa-6603,0,26,0,8.8
wonthaggi real estate agents,https://www.yourpropertyguide.com.au/suburbs/north-wonthaggi-vic-3995/agents,0,1,0,32
woodcroft blacktown,https://www.yourpropertyguide.com.au/suburbs/blacktown-nsw-2148/vs/woodcroft-nsw-2767,0,1,0,49
woodfield,https://www.yourpropertyguide.com.au/suburbs/merton-vic-3715/vs/woodfield-vic-3715,0,3,0,28.3
woodford postcode qld,https://www.yourpropertyguide.com.au/suburbs/woodford-qld-4514,0,1,0,7
woodpark postcode,https://www.yourpropertyguide.com.au/suburbs/woodpark-nsw-2164,0,1,0,9
woodvale 6026,https://www.yourpropertyguide.com.au/suburbs/woodvale-wa-6026,0,2,0,37
woodvale australia,https://www.yourpropertyguide.com.au/suburbs/woodvale-wa-6026,0,2,0,47
woodvale perth,https://www.yourpropertyguide.com.au/suburbs/woodvale-wa-6026,0,3,0,54
woodvale perth wa,https://www.yourpropertyguide.com.au/suburbs/woodvale-wa-6026,0,1,0,50
woodvale post code,https://www.yourpropertyguide.com.au/suburbs/woodvale-wa-6026,0,60,0,8.3
woodvale postcode,https://www.yourpropertyguide.com.au/suburbs/woodvale-wa-6026,0,198,0,8.8
woodvale postcode wa,https://www.yourpropertyguide.com.au/suburbs/woodvale-wa-6026,0,14,0,9.7
woodvale wa,https://www.yourpropertyguide.com.au/suburbs/woodvale-wa-6026,0,3,0,48.3
woodvale wa 6026,https://www.yourpropertyguide.com.au/suburbs/woodvale-wa-6026,0,2,0,36
woodvale wa postcode,https://www.yourpropertyguide.com.au/suburbs/woodvale-wa-6026,0,6,0,11.8
woodvale waters,https://www.yourpropertyguide.com.au/suburbs/woodvale-wa-6026,0,2,0,44.5
woodvale western australia,https://www.yourpropertyguide.com.au/suburbs/woodvale-wa-6026,0,1,0,50
woodville gardens,https://www.yourpropertyguide.com.au/suburbs/woodville-gardens-sa-5012,0,1,0,5
woodville gardens postcode,https://www.yourpropertyguide.com.au/suburbs/woodville-gardens-sa-5012,0,1,0,11
woolgoolga real estate agencies,https://www.yourpropertyguide.com.au/suburbs/woolgoolga-nsw-2456/agents,0,1,0,27
woollongabba post code,https://www.yourpropertyguide.com.au/suburbs/woolloongabba-qld-4102,0,9,0,9
woollongabba postcode,https://www.yourpropertyguide.com.au/suburbs/woolloongabba-qld-4102,0,18,0,9.3
woolloogabba,https://www.yourpropertyguide.com.au/suburbs/woolloongabba-qld-4102,0,5,0,56.2
woolloomooloo postcode,https://www.yourpropertyguide.com.au/suburbs/woolloomooloo-nsw-2011,0,1,0,9
woolloongabba,https://www.yourpropertyguide.com.au/suburbs/woolloongabba-qld-4102,0,3,0,59.7
woolloongabba 4102,https://www.yourpropertyguide.com.au/suburbs/woolloongabba-qld-4102,0,1,0,41
woolloongabba post code,https://www.yourpropertyguide.com.au/suburbs/woolloongabba-qld-4102,0,230,0,8.1
woolloongabba postcode,https://www.yourpropertyguide.com.au/suburbs/woolloongabba-qld-4102,0,589,0,9.4
woolloongabba postcode 4102,https://www.yourpropertyguide.com.au/suburbs/woolloongabba-qld-4102,0,1,0,1
woolloongabba qld,https://www.yourpropertyguide.com.au/suburbs/woolloongabba-qld-4102,0,1,0,60
woolloongabba qld 4102,https://www.yourpropertyguide.com.au/suburbs/woolloongabba-qld-4102,0,3,0,37
woolloongabba qld postcode,https://www.yourpropertyguide.com.au/suburbs/woolloongabba-qld-4102,0,9,0,9.2
woolloongabba queensland,https://www.yourpropertyguide.com.au/suburbs/woolloongabba-qld-4102,0,1,0,71
woolloongabba queensland australia,https://www.yourpropertyguide.com.au/suburbs/woolloongabba-qld-4102,0,1,0,55
woolloongabba zip code,https://www.yourpropertyguide.com.au/suburbs/woolloongabba-qld-4102,0,5,0,10.8
woolloonggabba postcode,https://www.yourpropertyguide.com.au/suburbs/woolloongabba-qld-4102,0,14,0,9.6
woolongabba post code,https://www.yourpropertyguide.com.au/suburbs/woolloongabba-qld-4102,0,7,0,9
woolongabba postcode,https://www.yourpropertyguide.com.au/suburbs/woolloongabba-qld-4102,0,8,0,8.6
wooloongabba,https://www.yourpropertyguide.com.au/suburbs/woolloongabba-qld-4102,0,2,0,40
wooloongabba post code,https://www.yourpropertyguide.com.au/suburbs/woolloongabba-qld-4102,0,18,0,9.3
wooloongabba postcode,https://www.yourpropertyguide.com.au/suburbs/woolloongabba-qld-4102,0,29,0,8.9
woombye postcode,https://www.yourpropertyguide.com.au/suburbs/woombye-qld-4559,0,2,0,6
woorndoo postcode,https://www.yourpropertyguide.com.au/postcodes/3272,0,7,0,9
woorree,https://www.yourpropertyguide.com.au/suburbs/woorree-wa-6530,0,2,0,15
woorree wa,https://www.yourpropertyguide.com.au/suburbs/woorree-wa-6530,0,2,0,21.5
work out rental yield,https://www.yourpropertyguide.com.au/rental-yield-calculator,0,1,0,69
work out rental yield calculator,https://www.yourpropertyguide.com.au/rental-yield-calculator,0,17,0,81.8
working out rental yield,https://www.yourpropertyguide.com.au/rental-yield-calculator,0,1,0,88
wulagi darwin,https://www.yourpropertyguide.com.au/suburbs/wulagi-nt-0812,0,1,0,41
wulagi post code,https://www.yourpropertyguide.com.au/suburbs/wulagi-nt-0812,0,22,0,7.6
wulagi postcode,https://www.yourpropertyguide.com.au/suburbs/wulagi-nt-0812,0,80,0,7.3
wyndham vale median house price,https://www.yourpropertyguide.com.au/suburbs/wyndham-vale-vic-3024/rental-market,0,1,0,66
wyndham vale post code,https://www.yourpropertyguide.com.au/postcodes/3024,0,20,0,10.2
wyndham vale postcode,https://www.yourpropertyguide.com.au/postcodes/3024,0,8,0,10.6
wyndham vale property growth,https://www.yourpropertyguide.com.au/suburbs/wyndham-vale-vic-3024/rental-market,0,1,0,65
wyndham vale property market,https://www.yourpropertyguide.com.au/suburbs/werribee-vic-3030/vs/wyndham-vale-vic-3024,0,2,0,2.5
wyndham vale suburb profile,https://www.yourpropertyguide.com.au/suburbs/wyndham-vale-vic-3024/rental-market,0,1,0,72
wyndhamvale postcode,https://www.yourpropertyguide.com.au/postcodes/3024,0,2,0,9.5
wynyard tas postcode,https://www.yourpropertyguide.com.au/postcodes/7325,0,1,0,6
wyoming nsw postcode,https://www.yourpropertyguide.com.au/postcodes/2250,0,1,0,11
wyoming post code nsw,https://www.yourpropertyguide.com.au/postcodes/2250,0,4,0,9.8
wyoming postcode nsw,https://www.yourpropertyguide.com.au/postcodes/2250,0,3,0,11
wyreema postcode,https://www.yourpropertyguide.com.au/suburbs/wyreema-qld-4352,0,2,0,6
yagoona postcode,https://www.yourpropertyguide.com.au/suburbs/yagoona-nsw-2199,0,2,0,10
yamba median house price,https://www.yourpropertyguide.com.au/price-guide,0,1,0,51
yamba postcode,https://www.yourpropertyguide.com.au/suburbs/yamba-sa-5341,0,1,0,11
yannathan postcode,https://www.yourpropertyguide.com.au/postcodes/3981,0,2,0,11.5
yarrabilba postcode,https://www.yourpropertyguide.com.au/suburbs/yarrabilba-qld-4207,0,8,0,7
yarrambat post code,https://www.yourpropertyguide.com.au/postcodes/3091,0,1,0,8
yarrambat postcode,https://www.yourpropertyguide.com.au/postcodes/3091,0,26,0,11.3
yarrambat vic 3091,https://www.yourpropertyguide.com.au/postcodes/3091,0,1,0,46
yarraville postcode,https://www.yourpropertyguide.com.au/postcodes/3013,0,1,0,14
yarraville postcode vic,https://www.yourpropertyguide.com.au/postcodes/3013,0,1,0,6
yarrunga victoria,https://www.yourpropertyguide.com.au/suburbs/yarrunga-vic-3415,0,7,0,9.7
yeild calculator,https://www.yourpropertyguide.com.au/rental-yield-calculator,0,1,0,77
yennora postcode,https://www.yourpropertyguide.com.au/suburbs/yennora-nsw-2161,0,1,0,8
yeppoon postcode,https://www.yourpropertyguide.com.au/suburbs/yeppoon-qld-4703,0,1,0,10
yes,https://www.yourpropertyguide.com.au/guides/real-estate-commission-nsw,0,1,0,7
yes,https://www.yourpropertyguide.com.au/schools/sapphire-coast-anglican-college-43879/vs/bega-high-school-42907,0,1,0,9
yes,https://www.yourpropertyguide.com.au/suburbs/brookfield-vic-3338/vs/melton-south-vic-3338,0,1,0,6
yes,https://www.yourpropertyguide.com.au/suburbs/catherine-field-nsw-2557,0,1,0,17
yes,https://www.yourpropertyguide.com.au/suburbs/munno-para-sa-5115/rental-market,0,1,0,2
yes,https://www.yourpropertyguide.com.au/suburbs/st-albans-vic-3021/vs/kings-park-vic-3021,0,1,0,16
yes,https://www.yourpropertyguide.com.au/suburbs/whittlesea-vic-3757,0,1,0,1
yes please,https://www.yourpropertyguide.com.au/suburbs/badagarang-nsw-2540,0,1,0,11
yes please,https://www.yourpropertyguide.com.au/suburbs/narwee-nsw-2209/agents,0,1,0,7
yield cal,https://www.yourpropertyguide.com.au/rental-yield-calculator,0,1,0,69
yield calc,https://www.yourpropertyguide.com.au/rental-yield-calculator,0,1,0,80
yield calculation property,https://www.yourpropertyguide.com.au/rental-yield-calculator,0,8,0,91.4
yield calculator,https://www.yourpropertyguide.com.au/rental-yield-calculator,0,20,0,73.6
yield calculator investment,https://www.yourpropertyguide.com.au/rental-yield-calculator,0,1,0,57
yield on rental property calculator,https://www.yourpropertyguide.com.au/rental-yield-calculator,0,17,0,85.9
yield property calculator,https://www.yourpropertyguide.com.au/rental-yield-calculator,0,17,0,69.7
yokine postcode,https://www.yourpropertyguide.com.au/suburbs/yokine-wa-6060,0,2,0,9
york postcode,https://www.yourpropertyguide.com.au/postcodes/6302,0,14,0,10.8
york wa postcode,https://www.yourpropertyguide.com.au/postcodes/6302,0,2,0,9
young nsw postcode,https://www.yourpropertyguide.com.au/suburbs/young-nsw-2594,0,1,0,6
young real estate agents,https://www.yourpropertyguide.com.au/suburbs/young-nsw-2594/agents,0,1,0,34
your estate agents,https://www.yourpropertyguide.com.au/suburbs/young-nsw-2594/agents,0,1,0,45
your home hunter,https://www.yourpropertyguide.com.au/,0,1,0,28
your move contact number,https://www.yourpropertyguide.com.au/about,0,1,0,32
your move letting,https://www.yourpropertyguide.com.au/,0,1,0,32
your price real estate gawler,https://www.yourpropertyguide.com.au/suburbs/gawler-east-sa-5118/agents,0,2,0,33
your price real estate gawler,https://www.yourpropertyguide.com.au/suburbs/gawler-west-sa-5118/agents,0,1,0,17
your property,https://www.yourpropertyguide.com.au/,0,5,0,30.8
your property australia,https://www.yourpropertyguide.com.au/,0,1,0,7
your property australia,https://www.yourpropertyguide.com.au/about,0,1,0,44
your property guide,https://www.yourpropertyguide.com.au/about,0,1,0,5
your property guide,https://www.yourpropertyguide.com.au/buying-guide,0,12,0,8.2
your property guide,https://www.yourpropertyguide.com.au/find-your-suburb,0,2,0,10
your property guide,https://www.yourpropertyguide.com.au/selling-guide,0,1,0,8
your property magazine,https://www.yourpropertyguide.com.au/,0,1,0,13
your property specialists,https://www.yourpropertyguide.com.au/find-an-expert,0,1,0,42
your suburb,https://www.yourpropertyguide.com.au/find-your-suburb,0,1,0,18
yourproperty,https://www.yourpropertyguide.com.au/,0,13,0,9.2
yumali sa,https://www.yourpropertyguide.com.au/suburbs/yumali-sa-5261,0,2,0,22.5
zero commission real estate,https://www.yourpropertyguide.com.au/guides/real-estate-commission-vic,0,1,0,57
zillmere average property price,https://www.yourpropertyguide.com.au/suburbs/zillmere-qld-4034,0,1,0,18
zillmere postcode,https://www.yourpropertyguide.com.au/suburbs/zillmere-qld-4034,0,2,0,7.5
zillmere property growth,https://www.yourpropertyguide.com.au/suburbs/zillmere-qld-4034/rental-market,0,1,0,30
zillmere rental yield,https://www.yourpropertyguide.com.au/suburbs/zillmere-qld-4034/rental-market,0,3,0,23
zilmere postcode,https://www.yourpropertyguide.com.au/suburbs/zillmere-qld-4034,0,1,0,7
zilzie postcode,https://www.yourpropertyguide.com.au/suburbs/zilzie-qld-4710,0,1,0,8
zip code sydney,https://www.yourpropertyguide.com.au/suburbs/surfers-paradise-qld-4217,0,1,0,3
بگو,https://www.yourpropertyguide.com.au/suburbs/dandenong-vic-3175/rental-market,0,1,0,5
