family,query,impressions,position,page
houses for sale {suburb},how to buy a house in australia,61,67,/guides/buying-property-australia
houses for sale {suburb},how to buy a house australia,22,70,/guides/buying-property-australia
houses for sale {suburb},can i afford to buy a house,16,72,/affordability-calculator
houses for sale {suburb},how to buy a house,13,87,/guides/buying-property-australia
houses for sale {suburb},property for sale cassowary coast,8,18,/regions/cassowary-coast
houses for sale {suburb},how do i buy a house in australia,7,77,/guides/buying-property-australia
houses for sale {suburb},how to buy house in australia,6,79,/guides/buying-property-australia
houses for sale {suburb},how do you buy a house in australia,6,77,/guides/buying-property-australia
houses for sale {suburb},house for sale north lakes,6,32,/suburbs/north-lakes-qld-4509/houses
houses for sale {suburb},north lakes house for sale,4,30,/suburbs/north-lakes-qld-4509/houses
houses for sale {suburb},for sale north lakes,4,16,/suburbs/north-lakes-qld-4509/houses
houses for sale {suburb},steps to buy a house in australia,3,71,/guides/buying-property-australia
houses for sale {suburb},how do i buy a house,3,88,/guides/buying-property-australia
houses for sale {suburb},houses for sale north lakes,3,28,/suburbs/north-lakes-qld-4509/houses
houses for sale {suburb},homes for sale lord howe island nsw,3,24,/regions/lord-howe-island
houses for sale {suburb},how much can i borrow to buy a house,2,88,/borrowing-power-calculator
houses for sale {suburb},how do you buy a house,2,94,/guides/buying-property-australia
houses for sale {suburb},how can i buy a house in australia,2,78,/guides/buying-property-australia
houses for sale {suburb},houses for sale north lakes qld,2,30,/suburbs/north-lakes-qld-4509/houses
houses for sale {suburb},houses for sale in north lakes,2,28,/suburbs/north-lakes-qld-4509/houses
houses for sale {suburb},contract for sale of property,2,66,/glossary/contract-of-sale
houses for sale {suburb},christmas island houses for sale,2,29,/regions/christmas-island
houses for sale {suburb},can i afford to buy a house calculator,2,86,/affordability-calculator
houses for sale {suburb},what is the process to buy a house,1,97,/guides/buying-property-australia
houses for sale {suburb},what do you need to buy a house in australia,1,80,/guides/buying-property-australia
houses for sale {suburb},what can i afford to buy house,1,89,/affordability-calculator
houses for sale {suburb},what can i afford to buy a house calculator,1,85,/affordability-calculator
houses for sale {suburb},what are the most affordable suburbs to buy a house in melbourne,1,33,/best-suburbs/most-affordable/vic
houses for sale {suburb},schools for sale australia,1,28,/schools
houses for sale {suburb},requirements to buy a house in australia,1,71,/guides/buying-property-australia
houses for sale {suburb},rent to buy house cairns,1,52,/suburbs/cairns-qld-4870/rental-market
houses for sale {suburb},real estate leads for sale,1,73,/for-agents
houses for sale {suburb},process to buy a house in australia,1,77,/guides/buying-property-australia
houses for sale {suburb},procedure to buy a house,1,96,/guides/buying-property-australia
houses for sale {suburb},how to buy a house in australia step by step,1,45,/guides/buying-property-australia
houses for sale {suburb},how much can you afford to buy a house calculator,1,87,/affordability-calculator
houses for sale {suburb},how much can you afford to buy a house,1,78,/affordability-calculator
houses for sale {suburb},how much can we afford to buy a house,1,87,/affordability-calculator
houses for sale {suburb},how much can i afford to buy a house calculator,1,86,/affordability-calculator
houses for sale {suburb},how long does it take to buy a house,1,51,/guides/how-long-does-it-take-to-buy-a-house-australia
houses for sale {suburb},how can i buy a house,1,87,/guides/buying-property-australia
houses for sale {suburb},how buy a house,1,95,/guides/buying-property-australia
houses for sale {suburb},houses for sale in north lakes qld,1,24,/suburbs/north-lakes-qld-4509/houses
houses for sale {suburb},houses for sale christmas island,1,22,/regions/christmas-island
houses for sale {suburb},homes for sale newport qld,1,19,/suburbs/newport-qld-4020/houses
houses for sale {suburb},gst for sale of property,1,29,/glossary/gst-on-property
houses for sale {suburb},edens landing houses for sale,1,8,/suburbs/edens-landing-qld-4207
houses for sale {suburb},cheapest suburbs in victoria to buy a house,1,27,/best-suburbs/most-affordable/vic
houses for sale {suburb},capital gains tax calculation for sale of a property,1,95,/cgt-calculator
houses for sale {suburb},can i afford to buy a house on my own,1,63,/affordability-calculator
houses for sale {suburb},buy house in australia,1,70,/guides/buying-property-australia
houses for sale {suburb},buy a house australia,1,57,/guides/buying-property-australia
houses for sale {suburb},best time to buy a house in brisbane,1,50,/guides/best-time-to-buy-property-australia
houses for sale {suburb},best time to buy a house,1,24,/guides/best-time-to-buy-property-australia
houses for sale {suburb},best time of year to buy a house,1,40,/guides/best-time-to-buy-property-australia
houses for sale {suburb},best time of the year to buy house,1,39,/guides/best-time-to-buy-property-australia
houses for sale {suburb},best time in the year to buy a house,1,27,/guides/best-time-to-buy-property-australia
house prices {suburb},home price guide,135,27,/
house prices {suburb},vaucluse average house price,51,75,/price-guide
house prices {suburb},melbourne vs australia house price growth,46,53,/guides/sydney-vs-melbourne-property-market
house prices {suburb},boondall average property price,34,24,/suburbs/boondall-qld-4034
house prices {suburb},toorak average house price,18,20,/suburbs/toorak-vic-3142
house prices {suburb},frankston house prices,18,37,/suburbs/frankston-vic-3199
house prices {suburb},bankstown property prices,17,54,/suburbs/bankstown-nsw-2200/rental-market
house prices {suburb},bankstown house prices,14,48,/suburbs/bankstown-nsw-2200/rental-market
house prices {suburb},average house price toorak,11,17,/suburbs/toorak-vic-3142
house prices {suburb},average house price sydney by suburb,10,63,/price-guide
house prices {suburb},average house price in toorak,8,14,/suburbs/toorak-vic-3142
house prices {suburb},property price guide,6,23,/
house prices {suburb},perth property prices,6,48,/property-market/perth
house prices {suburb},main beach southport property prices rise 15% southport main beach southport property prices rise main beach median house,6,10,https://yourpropertyguide.com.au/suburbs/main-beach-qld-4217
house prices {suburb},toorak property prices,5,25,/suburbs/toorak-vic-3142
house prices {suburb},toorak house prices,5,21,/suburbs/toorak-vic-3142
house prices {suburb},perth house prices,5,45,/property-market/perth
house prices {suburb},toorak melbourne house prices,4,19,/suburbs/toorak-vic-3142
house prices {suburb},sydney house prices by suburb map,4,66,/price-guide
house prices {suburb},melbourne property prices,4,52,/property-market/melbourne
house prices {suburb},average house price nsw,4,63,/price-guide
house prices {suburb},average house price frenchs forest,4,57,/price-guide
house prices {suburb},average house price by suburb sydney,4,64,/price-guide
house prices {suburb},zillmere average property price,3,17,/suburbs/zillmere-qld-4034
house prices {suburb},what house price can i afford,3,86,/affordability-calculator
house prices {suburb},sydney house prices by suburb,3,72,/price-guide
house prices {suburb},perth house prices 2026,3,27,/guides/perth-property-market-2026
house prices {suburb},liverpool house price growth,3,5,/suburbs/liverpool-nsw-2170/vs/cartwright-nsw-2168
house prices {suburb},house price guide,3,26,/
house prices {suburb},chermside west average property price,3,18,/suburbs/chermside-west-qld-4032
house prices {suburb},chermside west average house price,3,58,/price-guide
house prices {suburb},chermside average property price,3,22,/suburbs/chermside-qld-4032
house prices {suburb},werribee house price growth,2,22,/suburbs/werribee-vic-3030/vs/werribee-south-vic-3030
house prices {suburb},pymble average house price,2,11,/suburbs/pymble-nsw-2073
house prices {suburb},portland average house price,2,14,/suburbs/portland-vic-3305
house prices {suburb},perth property price forecast 2026,2,46,/guides/perth-property-market-2026
house prices {suburb},nsw average house price,2,64,/price-guide
house prices {suburb},house prices canberra,2,48,/property-market/canberra
house prices {suburb},house price perth australia,2,49,/property-market/perth
house prices {suburb},home price affordability,2,58,/affordability-calculator
house prices {suburb},concord average house price,2,64,/price-guide
house prices {suburb},camberwell house price growth,2,4,/suburbs/camberwell-north-vic-3124
house prices {suburb},camberwell average house price,2,65,/suburbs/canterbury-vic-3126/vs/camberwell-north-vic-3124
house prices {suburb},boondall average house price,2,28,/suburbs/boondall-qld-4034/vs/geebung-qld-4034
house prices {suburb},bondi average house price,2,44,/suburbs/bondi-nsw-2026
house prices {suburb},blacktown house price growth,2,28,/suburbs/blacktown-nsw-2148/vs/marayong-nsw-2148
house prices {suburb},average house price sydney suburbs,2,67,/price-guide
house prices {suburb},average house price mosman,2,55,/suburbs/mosman-nsw-2088/rental-market
house prices {suburb},average house price in mosman,2,47,/suburbs/mosman-nsw-2088/rental-market
house prices {suburb},average house price in cairns,2,52,/suburbs/cairns-city-qld-4870/vs/cairns-central-qld-4870
house prices {suburb},average house price darwin,2,40,/property-market/darwin
house prices {suburb},average house price bondi,2,49,/suburbs/bondi-nsw-2026
house prices {suburb},austral house prices,2,46,/suburbs/austral-nsw-2179/rental-market
house prices {suburb},will house prices drop in perth 2026,1,40,/guides/perth-property-market-2026
house prices {suburb},what drives property prices alice springs nt,1,80,/suburbs/alice-springs-nt-0870/rental-market
house prices {suburb},werribee house prices,1,46,/suburbs/werribee-vic-3030/vs/werribee-south-vic-3030
house prices {suburb},wa property prices,1,57,/market-reports/wa
house prices {suburb},up my street property prices,1,81,/price-guide
house prices {suburb},tasmanian house prices,1,44,/market-reports/tas
house prices {suburb},sydney suburbs house prices,1,71,/price-guide
house prices {suburb},sydney property prices,1,40,/property-market/sydney
house prices {suburb},sydney property price,1,56,/property-market/sydney
house prices {suburb},sydney house prices predictions,1,1,/guides/house-price-forecasts-2026-2027-by-capital-city
house prices {suburb},sydney house prices graph,1,65,/property-market/sydney
house prices {suburb},sydney house prices chart 2026,1,78,/guides/sydney-property-market-2026
house prices {suburb},sydney house prices 2026 forecast,1,66,/guides/sydney-property-market-2026
house prices {suburb},sydney house prices 2026,1,42,/guides/sydney-property-market-2026
house prices {suburb},sydney house price graph,1,62,/property-market/sydney
house prices {suburb},sunbury house price,1,57,/suburbs/sunbury-vic-3429/vs/bulla-vic-3428
house prices {suburb},property prices sydney 2026,1,55,/guides/sydney-property-market-2026
house prices {suburb},property prices perth wa,1,55,/property-market/perth
house prices {suburb},property prices perth australia,1,39,/property-market/perth
house prices {suburb},property prices perth 2026,1,18,/guides/perth-property-market-2026
house prices {suburb},property price guides,1,30,/
house prices {suburb},property price caps for the first home guarantee by state,1,82,/guides/first-home-guarantee
house prices {suburb},perth property prices june 2026,1,40,/guides/perth-property-market-2026
house prices {suburb},perth property prices graph,1,67,/property-market/perth
house prices {suburb},perth house prices australia,1,55,/property-market/perth
house prices {suburb},penshurst house prices,1,28,/postcodes/2222
house prices {suburb},pakenham house price growth,1,79,/suburbs/pakenham-upper-vic-3810/rental-market
house prices {suburb},negotiating property prices,1,67,/guides/how-to-negotiate-property-price-australia
house prices {suburb},mosman average house price,1,52,/suburbs/mosman-nsw-2088/rental-market
house prices {suburb},morayfield house prices,1,10,/suburbs/morayfield-qld-4506
house prices {suburb},moonee ponds average house price,1,59,/price-guide
house prices {suburb},melbourne property prices by suburb,1,47,/property-market/melbourne
house prices {suburb},melbourne house prices graph,1,66,/property-market/melbourne
house prices {suburb},melbourne house price graph,1,59,/property-market/melbourne
house prices {suburb},medium house prices,1,65,/property-market/melbourne
house prices {suburb},kellyville average house price,1,67,/price-guide
house prices {suburb},house prices perth 2026,1,35,/guides/perth-property-market-2026
house prices {suburb},house prices perth,1,44,/property-market/perth
house prices {suburb},house prices by state australia,1,75,/states
house prices {suburb},house prices brisbane,1,44,/property-market/brisbane
house prices {suburb},house price in perth,1,29,/property-market/perth
house prices {suburb},house price affordability calculator,1,85,/affordability-calculator
house prices {suburb},hamilton house prices,1,39,/suburbs/hamilton-nsw-2303/rental-market
house prices {suburb},glen iris average house price,1,2,/suburbs/glen-iris-vic-3146/vs/malvern-vic-3144
house prices {suburb},frankston house price growth,1,56,/suburbs/frankston-vic-3199
house prices {suburb},frankston house price,1,34,/suburbs/frankston-vic-3199
house prices {suburb},everton park average house price,1,32,/suburbs/everton-park-qld-4053/rental-market
house prices {suburb},erskineville house prices,1,28,/suburbs/erskineville-nsw-2043/rental-market
house prices {suburb},devonport average house prices,1,52,/suburbs/devonport-tas-7310/rental-market
house prices {suburb},cremorne average house price,1,49,/suburbs/cremorne-junction-nsw-2090
house prices {suburb},cheltenham house price growth,1,6,/suburbs/cheltenham-sa-5014/vs/hendon-sa-5014
house prices {suburb},canterbury house price,1,46,/suburbs/canterbury-vic-3126/rental-market
house prices {suburb},canberra house prices graph,1,1,/property-market/canberra
house prices {suburb},canberra house prices by suburb,1,62,/price-guide
house prices {suburb},canberra house prices,1,33,/property-market/canberra
house prices {suburb},canberra house price,1,47,/property-market/canberra
house prices {suburb},burwood house price,1,88,/suburbs/burwood-east-vic-3151/rental-market
house prices {suburb},burwood average house price,1,62,/suburbs/burwood-east-vic-3151/rental-market
house prices {suburb},brisbane house prices by suburb,1,52,/property-market/brisbane
house prices {suburb},brisbane house prices 2026,1,28,/guides/brisbane-property-market-2026
house prices {suburb},bendigo average house price,1,56,/suburbs/bendigo-vic-3550/rental-market
house prices {suburb},balwyn north house prices,1,2,/suburbs/balwyn-north-vic-3104/vs/balwyn-vic-3103
house prices {suburb},balwyn average house price,1,38,/suburbs/balwyn-north-vic-3104/vs/balwyn-vic-3103
house prices {suburb},average property price southern river,1,25,/suburbs/southern-river-wa-6110/rental-market
house prices {suburb},average house prices melbourne,1,66,/property-market/melbourne
house prices {suburb},average house price vaucluse,1,70,/price-guide
house prices {suburb},average house price tasmania,1,41,/market-reports/tas
house prices {suburb},average house price melbourne suburbs,1,72,/price-guide
house prices {suburb},average house price in tasmania,1,1,/market-reports/tas
house prices {suburb},average house price in bel air,1,55,/price-guide
house prices {suburb},average house price frankston,1,75,/suburbs/frankston-heights-vic-3199/rental-market
house prices {suburb},average house price chatswood,1,51,/price-guide
house prices {suburb},average house price canberra,1,68,/property-market/canberra
house prices {suburb},average house price by state,1,70,/states
house prices {suburb},average house price by area,1,64,/price-guide
house prices {suburb},average house price bendigo,1,59,/suburbs/bendigo-vic-3550/rental-market
house prices {suburb},average house price belrose,1,14,/suburbs/belrose-nsw-2085/rental-market
house prices {suburb},average home price in bel air,1,42,/price-guide
house prices {suburb},australia melbourne property prices,1,55,/property-market/melbourne
house prices {suburb},aspley average house price,1,39,/suburbs/aspley-qld-4034/rental-market
house prices {suburb},arundel house prices,1,2,/suburbs/arundel-qld-4214
schools {suburb},centre of excellence in agricultural education school suburb state australia address,133,10,/schools/centre-of-excellence-in-agricultural-education-52933
schools {suburb},trinity catholic college school suburb state australia address,100,11,/schools/trinity-catholic-college-43322
schools {suburb},beverley hills primary school zone,46,23,/schools/beverley-hills-primary-school-44855
schools {suburb},"""albany senior high school"" ""boys enrolment""",45,4,/schools/albany-senior-high-school-48116/vs/albany-primary-school-48265
schools {suburb},ironside primary school catchment area,43,25,/schools/ironside-state-school-46479
schools {suburb},strathfield girls high school catchment,31,13,/schools/strathfield-girls-high-school-41556
schools {suburb},private school exam eastwood,31,59,/suburbs/eastwood-nsw-2122/schools
schools {suburb},"""albany senior high school"" ""student enrolments""",28,5,/schools/north-albany-senior-high-school-48227
schools {suburb},algester state school catchment,27,12,/schools/algester-state-school-47289
schools {suburb},which clyde estate has the best schools,22,45,/suburbs/clyde-vic-3978/schools
schools {suburb},private school entrance exam eastwood,22,42,/suburbs/eastwood-nsw-2122/schools
schools {suburb},strathfield girl high school catchment,20,15,/schools/strathfield-girls-high-school-41556
schools {suburb},campbell high school catchment area,20,26,/schools/campbell-high-school-49912
schools {suburb},epping boys high school catchment,19,29,/schools/denistone-east-public-school-41256/vs/epping-boys-high-school-41353
schools {suburb},gosford east public school catchment,18,19,/schools/gosford-east-public-school-42031
schools {suburb},what schools are near riverfield estate,16,51,/suburbs/clyde-vic-3978/schools
schools {suburb},what suburbs have good family homes near schools,15,56,/best-suburbs/for-families/sa
schools {suburb},springfield high school qld,15,34,/schools/springfield-central-state-high-school-50364/vs/springfield-central-state-school-50365
schools {suburb},"""albany-senior-high-school-48116""",15,2,/schools/albany-senior-high-school-48116/vs/albany-primary-school-48265
schools {suburb},primary schools in caversham,10,21,/suburbs/caversham-wa-6055/schools
schools {suburb},glenmore road public school catchment area,10,13,/schools/glenmore-road-public-school-41020
schools {suburb},bayview state school catchment area,10,16,/schools/bay-view-state-school-47267
schools {suburb},which brisbane suburbs have good schools and family homes,9,45,/guides/best-brisbane-suburbs-for-families-2026
schools {suburb},"""48116"" ""albany senior high school"" boys",9,6,/schools/albany-senior-high-school-48116/vs/albany-primary-school-48265
schools {suburb},templeton primary school zone,8,13,/schools/templeton-primary-school-45078
schools {suburb},city beach high school perth,8,36,/suburbs/city-beach-wa-6015/schools
schools {suburb},brighton secondary school catchment property,8,24,/schools
schools {suburb},botanic ridge primary school,8,25,/suburbs/botanic-ridge-vic-3977/schools
schools {suburb},murray farm public school catchment,7,29,/schools/murray-farm-public-school-41298/vs/carlingford-west-public-school-41730
schools {suburb},mackenzie state school,7,27,/schools/mackenzie-state-primary-school-46812/vs/mackenzie-state-special-school-47589
schools {suburb},springfield high school,6,39,/schools/springfield-central-state-high-school-50364/vs/springfield-central-state-school-50365
schools {suburb},artarmon public school catchment,6,42,/suburbs/artarmon-nsw-2064/schools
schools {suburb},tarneit schools,5,83,/suburbs/tarneit-vic-3029/schools
schools {suburb},shelley primary school,5,34,/schools/shelley-primary-school-48610
schools {suburb},private school entrance exam ryde,5,36,/suburbs/ryde-nsw-2112/schools
schools {suburb},darcy road public school ranking,5,14,/schools/darcy-road-public-school-41712/vs/wentworthville-public-school-41677
schools {suburb},co-educational school ropeley,5,74,/suburbs/caffey-qld-4343
schools {suburb},"""ajuga school"" ""teaching staff""",5,10,/schools/ajuga-school-41548
schools {suburb},willaston primary school,4,8,/suburbs/willaston-sa-5118/schools
schools {suburb},wamuran state school,4,25,/schools/wamuran-state-school-47241
schools {suburb},rolling hills primary school,4,38,/schools/rolling-hills-primary-school-45107
schools {suburb},primary schools in rowville,4,16,/schools/rowville-primary-school-44961
schools {suburb},primary school helidon,4,21,/suburbs/helidon-qld-4344/schools
schools {suburb},pakenham lakeside primary school,4,14,/schools/beaconhills-college-46282/vs/pakenham-lakeside-primary-school-45262
schools {suburb},muslim girls grammar school school suburb state australia address,4,16,/schools/muslim-girls-grammar-school-52944
schools {suburb},greenwich schools,4,32,/suburbs/greenwich-nsw-2065/schools
schools {suburb},eight mile plains state school,4,25,/schools/eight-mile-plains-state-school-46420
schools {suburb},barham public school,4,16,/schools/barham-high-school-42710/vs/barham-public-school-42537
schools {suburb},"""henbury school"" ""teaching staff""",4,11,/schools/henbury-school-50069
schools {suburb},"""ajuga school"" ""full-time equivalent teaching staff""",4,2,/schools/ajuga-school-41548
schools {suburb},top schools in mount gambier for large families,3,18,/suburbs/mount-gambier-sa-5291/schools
schools {suburb},st joseph's catholic high school school suburb state australia address,3,10,/schools/st-joseph-s-catholic-high-school-43329
schools {suburb},shenton park school catchment area,3,37,/suburbs/shenton-park-wa-6008/schools
schools {suburb},schools in caversham,3,17,/suburbs/caversham-wa-6055/schools
schools {suburb},queens park schools,3,18,/suburbs/queens-park-nsw-2022/schools
schools {suburb},newbury primary schools,3,7,/schools/newbury-primary-school-52479/vs/mother-teresa-school-46124
schools {suburb},mortlake public school ranking,3,16,/schools/mortlake-public-school-41402/vs/concord-public-school-41379
schools {suburb},maryville public school,3,5,/suburbs/maryville-nsw-2293/schools
schools {suburb},kororoit creek primary school,3,19,/schools/kororoit-creek-primary-school-50284
schools {suburb},independent school glenore grove,3,23,/suburbs/glenore-grove-qld-4342/schools
schools {suburb},girraween public school catchment,3,11,/schools/girraween-public-school-41630
schools {suburb},evans high school school suburb state australia address,3,45,/schools/evans-high-school-41823
schools {suburb},epping west public school catchment,3,30,/schools/epping-heights-public-school-41274/vs/epping-west-public-school-41209
schools {suburb},bulleen heights school ranking,3,11,/suburbs/bulleen-south-vic-3105/schools
schools {suburb},broadway schools,3,8,/suburbs/broadway-nedlands-wa-6009/schools
schools {suburb},banum warrik primary school,3,27,/schools/banum-warrik-primary-school-53302/vs/gilgai-plains-primary-school-53063
schools {suburb},"""nemarluk school"" ""teaching staff""",3,10,/schools/nemarluk-school-50070
schools {suburb},woolwich primary school,2,1,/suburbs/woolwich-nsw-2110/schools
schools {suburb},welland primary school,2,11,/suburbs/welland-sa-5007/schools
schools {suburb},steiner school yarra junction,2,36,/schools/yarra-junction-primary-school-44573/vs/little-yarra-steiner-school-46313
schools {suburb},state schools toowoomba,2,67,/suburbs/toowoomba-qld-4350/schools
schools {suburb},st lawrence primary school geraldton,2,19,/schools/geraldton-senior-high-school-40727/vs/st-lawrence-s-primary-school-48872
schools {suburb},shorehaven primary school,2,23,/schools/alkimos-beach-primary-school-52262/vs/shorehaven-primary-school-52880
schools {suburb},secondary schools ballina,2,26,/suburbs/ballina-nsw-2478/schools
schools {suburb},schools in warragul,2,52,/suburbs/warragul-west-vic-3821/schools
schools {suburb},schools in toowoomba qld,2,61,/suburbs/toowoomba-qld-4350/schools
schools {suburb},schools in nowra nsw,2,28,/suburbs/nowra-north-nsw-2541/schools
schools {suburb},schools in newcastle,2,65,/suburbs/newcastle-east-nsw-2300/schools
schools {suburb},schools in greenwich,2,16,/suburbs/greenwich-nsw-2065/schools
schools {suburb},schools in emerald,2,28,/suburbs/emerald-qld-4720/schools
schools {suburb},school spring creek,2,21,/suburbs/spring-creek-qld-4343/schools
schools {suburb},school glenore grove,2,20,/suburbs/glenore-grove-qld-4342/schools
schools {suburb},ruskin park primary school ranking,2,20,/schools/ruskin-park-primary-school-44908
schools {suburb},rowville primary schools,2,32,/schools/rowville-primary-school-44961
schools {suburb},rowville primary school,2,34,/schools/rowville-primary-school-44961
schools {suburb},radford school holidays,2,38,/schools/radford-college-49996
schools {suburb},primary schools rowville,2,32,/schools/rowville-primary-school-44961
schools {suburb},primary schools north lakes qld,2,50,/suburbs/north-lakes-qld-4509/schools
schools {suburb},orana primary school,2,30,/schools/orana-catholic-primary-school-48976
schools {suburb},north kellyville public school ranking,2,32,/suburbs/north-kellyville-nsw-2155/schools
schools {suburb},murray farm public school ranking,2,20,/schools/murray-farm-public-school-41298/vs/carlingford-west-public-school-41730
schools {suburb},mornington peninsula schools,2,63,/suburbs/mornington-vic-3931/schools
schools {suburb},melton south primary school,2,30,/schools/melton-south-primary-school-44647
schools {suburb},maitland schools,2,36,/suburbs/maitland-nsw-2320/schools
schools {suburb},kingsway schools,2,30,/suburbs/kingsway-wa-6065/schools
schools {suburb},junee north public school,2,14,/schools/junee-high-school-42698/vs/junee-north-public-school-42588
schools {suburb},huntley public school,2,9,/suburbs/huntley-nsw-2530/schools
schools {suburb},high schools liverpool,2,48,/suburbs/liverpool-nsw-2170/schools
schools {suburb},high schools in toowoomba,2,74,/suburbs/toowoomba-qld-4350/schools
schools {suburb},fairfield school,2,9,/suburbs/fairfield-qld-4103/schools
schools {suburb},eight miles plains state school,2,22,/schools/eight-mile-plains-state-school-46420
schools {suburb},darcy road public school catchment,2,52,/schools/darcy-road-public-school-41712/vs/wentworthville-public-school-41677
schools {suburb},cromehurst school,2,26,/schools/cromehurst-school-41309/vs/lindfield-public-school-41222
schools {suburb},coffs harbour schools,2,62,/suburbs/coffs-harbour-nsw-2450/schools
schools {suburb},bromley primary school,2,10,/suburbs/bromley-vic-3472/schools
schools {suburb},beverly hills primary school,2,43,/schools/beverley-hills-primary-school-44855
schools {suburb},beverley hills primary school,2,30,/schools/beverley-hills-primary-school-44855
schools {suburb},best schools in toowoomba,2,50,/suburbs/toowoomba-qld-4350/schools
schools {suburb},bendigo schools,2,76,/suburbs/bendigo-vic-3550/schools
schools {suburb},bayview public school,2,9,/suburbs/bayview-nsw-2104/schools
schools {suburb},balwyn north primary school ranking,2,40,/suburbs/balwyn-north-vic-3104/vs/balwyn-vic-3103
schools {suburb},balmain school,2,32,/suburbs/balmain-nsw-2041/schools
schools {suburb},aldridge state high school,2,28,/schools/aldridge-state-high-school-47419/vs/maryborough-special-school-47592
schools {suburb},"""the industry school - brisbane"" ""spring hill""",2,42,/schools/the-industry-school-brisbane-53103/vs/brisbane-central-state-school-46557
schools {suburb},"""henbury school"" ""non-teaching staff""",2,6,/schools/henbury-school-50069
schools {suburb},"""albany senior high school"" ""enrolments"" ""boys""",2,11,/schools/north-albany-senior-high-school-48227
schools {suburb},"""48116"" ""albany senior high school"" ""boys""",2,6,/schools/albany-senior-high-school-48116/vs/albany-primary-school-48265
schools {suburb},woolbrook public school,1,18,/suburbs/woolbrook-nsw-2354/schools
schools {suburb},wivenhoe primary school,1,8,/suburbs/wivenhoe-hill-qld-4311/schools
schools {suburb},wirlinga public school,1,11,/suburbs/wirlinga-nsw-2640/schools
schools {suburb},windsor primary schools,1,59,/suburbs/windsor-sa-5501/schools
schools {suburb},wimbledon schools,1,16,/suburbs/wimbledon-nsw-2795/schools
schools {suburb},williams landing primary school,1,14,/suburbs/williams-landing-vic-3027/schools
schools {suburb},white hills primary school,1,81,/schools/white-hills-primary-school-44381
schools {suburb},what is the closest school,1,10,/suburbs/henty-nsw-2658/schools
schools {suburb},westmead public school catchment,1,27,/suburbs/westmead-nsw-2145/schools
schools {suburb},west gladstone state school maps,1,32,/schools/gladstone-west-state-school-46874
schools {suburb},werribee schools,1,79,/suburbs/werribee-south-vic-3030/schools
schools {suburb},warrnambool schools,1,95,/suburbs/warrnambool-east-vic-3280/schools
schools {suburb},warrington schools,1,42,/schools
schools {suburb},wallsend south public school,1,29,/suburbs/wallsend-south-nsw-2287/schools
schools {suburb},wahroonga public school,1,40,/schools/wahroonga-public-school-41253/vs/wahroonga-adventist-school-44007
schools {suburb},wahroonga adventist school,1,36,/schools/wahroonga-public-school-41253/vs/wahroonga-adventist-school-44007
schools {suburb},villa maria catholic primary school,1,32,/schools/villa-maria-catholic-primary-school-43413/vs/hunters-hill-public-school-41219
schools {suburb},university park primary school,1,30,/schools/university-park-primary-school-44929/vs/kings-park-primary-school-45103
schools {suburb},toowoomba schools,1,82,/suburbs/toowoomba-qld-4350/schools
schools {suburb},toowoomba primary schools,1,62,/suburbs/toowoomba-east-qld-4350/schools
schools {suburb},tirranna public school,1,30,/suburbs/tirrannaville-nsw-2580/schools
schools {suburb},sutton primary schools,1,24,/suburbs/sutton-nsw-2620/schools
schools {suburb},sunshine coast schools,1,89,/suburbs/sunshine-beach-qld-4567/schools
schools {suburb},sturt public school wagga,1,32,/schools/sturt-public-school-42678
schools {suburb},stradbroke school,1,3,/suburbs/north-stradbroke-island-qld-4183/schools
schools {suburb},state schools in toowoomba,1,70,/suburbs/toowoomba-qld-4350/schools
schools {suburb},st marys primary school sale,1,15,/schools/st-mary-s-primary-school-45662/vs/sale-primary-school-44103
schools {suburb},st john paul ii primary school,1,50,/schools/st-john-paul-ii-catholic-primary-school-43888/vs/banksia-grove-primary-school-48744
schools {suburb},st ives schools,1,87,/suburbs/st-ives-nsw-2075/schools
schools {suburb},st ives north public school catchment,1,52,/suburbs/st-ives-nsw-2075/schools
schools {suburb},st helena schools,1,34,/suburbs/st-helena-vic-3088/schools
schools {suburb},st francis xavier catholic primary school lurnea,1,23,/schools/st-francis-xavier-s-catholic-primary-school-43423/vs/lurnea-high-school-41587
schools {suburb},springfield central high school,1,25,/schools/springfield-central-state-high-school-50364/vs/springfield-central-state-school-50365
schools {suburb},south morang schools,1,57,/suburbs/morang-south-vic-3752/schools
schools {suburb},south morang primary school,1,39,/suburbs/south-morang-vic-3752/schools
schools {suburb},silverton public school,1,13,/suburbs/silverton-nsw-2880/schools
schools {suburb},seven oaks schools,1,25,/suburbs/seven-oaks-nsw-2440/schools
schools {suburb},semaphore schools,1,12,/suburbs/semaphore-park-sa-5019/schools
schools {suburb},seabird school,1,1,/suburbs/seabird-wa-6042/schools
schools {suburb},schools south east melbourne,1,72,/suburbs/south-melbourne-dc-vic-3205/schools
schools {suburb},schools near box hill,1,53,/suburbs/box-hill-central-vic-3128/schools
schools {suburb},schools mentone,1,77,/suburbs/mentone-vic-3194/schools
schools {suburb},schools in wollert,1,49,/suburbs/wollert-vic-3750/schools
schools {suburb},schools in williamstown,1,82,/suburbs/williamstown-wa-6430/schools
schools {suburb},schools in warrnambool,1,95,/suburbs/warrnambool-east-vic-3280/schools
schools {suburb},schools in toowoomba,1,75,/suburbs/toowoomba-qld-4350/schools
schools {suburb},schools in sandhurst,1,12,/suburbs/sandhurst-vic-3977/schools
schools {suburb},schools in rowville,1,32,/schools/rowville-primary-school-44961
schools {suburb},schools in rouse hill,1,30,/suburbs/rouse-hill-nsw-2155/schools
schools {suburb},schools in queens park,1,6,/suburbs/queens-park-nsw-2022/schools
schools {suburb},schools in pimpama,1,57,/suburbs/pimpama-qld-4209/schools
schools {suburb},schools in parramatta,1,50,/suburbs/parramatta-nsw-2150/schools
schools {suburb},schools in orange nsw,1,38,/suburbs/orange-east-nsw-2800/schools
schools {suburb},schools in noosa,1,35,/suburbs/noosa-north-shore-qld-4565/schools
schools {suburb},schools in mount waverley,1,42,/suburbs/mount-waverley-vic-3149/schools
schools {suburb},schools in mosman,1,26,/suburbs/mosman-nsw-2088/schools
schools {suburb},schools in mitcham,1,40,/suburbs/mitcham-vic-3132/schools
schools {suburb},schools in marion,1,11,/suburbs/marion-sa-5043/schools
schools {suburb},schools in lilydale,1,34,/suburbs/lilydale-vic-3140/schools
schools {suburb},schools in keysborough,1,42,/suburbs/keysborough-vic-3173/schools
schools {suburb},schools in hastings,1,6,/suburbs/hastings-wa-6308/schools
schools {suburb},schools in glendale,1,11,/suburbs/glendale-nsw-2285/schools
schools {suburb},schools in gladstone qld,1,57,/suburbs/gladstone-central-qld-4680/schools
schools {suburb},schools in frankston,1,50,/suburbs/frankston-vic-3199/schools
schools {suburb},schools in fairfield,1,16,/suburbs/fairfield-vic-3078/schools
schools {suburb},schools in echuca,1,30,/suburbs/echuca-south-vic-3564/schools
schools {suburb},schools in diamond creek,1,25,/suburbs/diamond-creek-vic-3089/schools
schools {suburb},schools in burwood,1,35,/suburbs/burwood-nsw-2134/schools
schools {suburb},schools in burton,1,13,/suburbs/burton-sa-5110/schools
schools {suburb},schools in bundaberg queensland,1,51,/suburbs/bundaberg-qld-4670/schools
schools {suburb},schools in bundaberg,1,55,/suburbs/bundaberg-central-qld-4670/schools
schools {suburb},schools in box hill,1,54,/suburbs/box-hill-central-vic-3128/schools
schools {suburb},schools in bendigo vic,1,61,/suburbs/bendigo-vic-3550/schools
schools {suburb},schools in ashfield,1,12,/suburbs/ashfield-nsw-2131/schools
schools {suburb},schools in ashby,1,8,/suburbs/ashby-wa-6065/schools
schools {suburb},schools charters towers,1,50,/suburbs/charters-towers-qld-4820/schools
schools {suburb},schools,1,10,/suburbs/kardinya-wa-6163/schools
schools {suburb},school reno,1,15,/suburbs/reno-nsw-2722/schools
schools {suburb},school garfield,1,39,/suburbs/garfield-vic-3814/schools
schools {suburb},sassafras primary school,1,30,/suburbs/sassafras-vic-3787/schools
schools {suburb},rockhampton flexible school,1,25,/schools/rockhampton-flexible-school-51500/vs/the-rockhampton-grammar-school-48038
schools {suburb},rockhampton flexi school,1,26,/schools/rockhampton-flexible-school-51500/vs/the-rockhampton-grammar-school-48038
schools {suburb},rhodes high school,1,12,/suburbs/rhodes-nsw-2138/schools
schools {suburb},renmark west primary school,1,11,/schools/renmark-west-primary-school-49292/vs/renmark-primary-school-49290
schools {suburb},redcliffe primary school,1,44,/suburbs/redcliffe-wa-6104/schools
schools {suburb},red cliffs east primary school,1,23,/schools/red-cliffs-east-primary-school-44709
schools {suburb},ramsay state school,1,21,/schools/ramsay-state-school-46415
schools {suburb},primary schools south melbourne,1,95,/suburbs/south-melbourne-dc-vic-3205/schools
schools {suburb},primary schools in woodlands,1,25,/suburbs/woodlands-wa-6018/schools
schools {suburb},primary schools in windermere,1,20,/suburbs/windermere-nsw-2321/schools
schools {suburb},primary schools in the basin,1,24,/suburbs/the-basin-vic-3154/schools
schools {suburb},primary schools in southern suburbs,1,51,/suburbs/southern-cross-vic-3283/schools
schools {suburb},primary schools in maribyrnong,1,26,/suburbs/maribyrnong-vic-3032/schools
schools {suburb},primary schools in frankston,1,55,/suburbs/frankston-vic-3199/schools
schools {suburb},primary schools in banyule,1,26,/suburbs/banyule-vic-3084/schools
schools {suburb},primary schools eastwood,1,21,/suburbs/eastwood-nsw-2122/schools
schools {suburb},primary school,1,3,/suburbs/brigadoon-wa-6069/schools
schools {suburb},preston west primary school zone,1,50,/suburbs/preston-west-vic-3072
schools {suburb},pioneer village primary school,1,32,/schools/pioneer-village-school-49051/vs/armadale-primary-school-48272
schools {suburb},picnic point public school catchment,1,31,/suburbs/picnic-point-nsw-2213/schools
schools {suburb},philip neri school,1,30,/schools/st-philip-neri-catholic-primary-school-43251/vs/northbridge-public-school-41232
schools {suburb},one school illawarra,1,29,/schools/oneschool-global-nsw-illawarra-43911
schools {suburb},olympic park public school,1,12,/suburbs/sydney-olympic-park-nsw-2127/schools
schools {suburb},ocean grove primary schools,1,47,/suburbs/ocean-grove-vic-3226/schools
schools {suburb},oakleigh state school,1,33,/schools/oakleigh-state-school-46637/vs/ashgrove-state-school-46544
schools {suburb},oakey primary school,1,20,/suburbs/oakey-park-nsw-2790/schools
schools {suburb},nowra schools,1,33,/suburbs/south-nowra-nsw-2541/schools
schools {suburb},nowra hill public school,1,27,/suburbs/nowra-hill-nsw-2540/schools
schools {suburb},norfolk village state school,1,25,/schools/norfolk-village-state-school-47249
schools {suburb},norfolk state school,1,28,/schools/norfolk-village-state-school-47249
schools {suburb},nords wharf public school,1,21,/schools/nords-wharf-public-school-41950
schools {suburb},newcastle schools,1,68,/suburbs/newcastle-nsw-2300/schools
schools {suburb},new gisborne primary school,1,44,/schools/holy-cross-primary-school-46099/vs/new-gisborne-primary-school-44091
schools {suburb},nea schools,1,4,/suburbs/nea-nsw-2381/schools
schools {suburb},nambucca christian school,1,35,/schools/nambucca-valley-christian-community-school-43744/vs/nambucca-heads-public-school-42265
schools {suburb},murrumbeena high school,1,36,/suburbs/murrumbeena-vic-3163/schools
schools {suburb},murray farm public school catchment map,1,33,/schools/murray-farm-public-school-41298/vs/carlingford-west-public-school-41730
schools {suburb},murray farm public school catchment area,1,33,/schools/murray-farm-public-school-41298/vs/carlingford-west-public-school-41730
schools {suburb},muirhead primary school,1,8,/suburbs/muirhead-nt-0810/schools
schools {suburb},mount olive public schools,1,4,/suburbs/mount-olive-nsw-2787/schools
schools {suburb},mother teresa public school,1,18,/schools/mother-teresa-primary-school-50385/vs/westmead-public-school-41684
schools {suburb},mornington schools,1,76,/suburbs/mornington-vic-3931/schools
schools {suburb},morley senior high school staff,1,13,/schools/morley-senior-high-school-48154
schools {suburb},morley senior high school,1,50,/schools/morley-senior-high-school-48154
schools {suburb},morley high schools,1,37,/schools/morley-senior-high-school-48154
schools {suburb},moorook primary school,1,26,/suburbs/moorook-sa-5332/schools
schools {suburb},moorebank high school,1,3,/suburbs/moorebank-nsw-2170
schools {suburb},mitcham primary school ranking,1,30,/suburbs/mitcham-vic-3132/schools
schools {suburb},minerva schools ranking,1,64,/schools/sutherland-north-public-school-41068/vs/minerva-school-41124
schools {suburb},mildura high schools,1,65,/suburbs/mildura-south-vic-3501/schools
schools {suburb},mildura high school,1,54,/suburbs/mildura-south-vic-3501/schools
schools {suburb},mentone schools,1,39,/suburbs/mentone-east-vic-3194/schools
schools {suburb},meningie area school,1,24,/suburbs/meningie-west-sa-5264/schools
schools {suburb},melton south primary school reviews,1,29,/schools/melton-south-primary-school-44647
schools {suburb},mayfield city schools,1,33,/suburbs/mayfield-nsw-2787/schools
schools {suburb},maryville public schools,1,5,/suburbs/maryville-nsw-2293/schools
schools {suburb},maryland public schools,1,41,/suburbs/maryland-nsw-4377/schools
schools {suburb},martins gully public school,1,30,/schools/the-armidale-waldorf-school-43755/vs/martins-gully-public-school-42454
schools {suburb},marsden state high school ranking,1,59,/suburbs/marsden-qld-4132/schools
schools {suburb},marie bashir public school reviews,1,33,/schools/marie-bashir-public-school-50705/vs/strathfield-south-public-school-41420
schools {suburb},marie bashir public school,1,39,/schools/marie-bashir-public-school-50705/vs/meriden-school-43913
schools {suburb},maningrida school,1,33,/suburbs/maningrida-nt-0822/schools
schools {suburb},lynbrook high school,1,25,/suburbs/lynbrook-vic-3975/schools
schools {suburb},lutheran school glenore grove,1,16,/suburbs/glenore-grove-qld-4342/schools
schools {suburb},lockington school,1,33,/schools/lockington-consolidated-school-45305
schools {suburb},local school,1,25,/suburbs/badagarang-nsw-2540
schools {suburb},labrador schools,1,21,/suburbs/labrador-qld-4215/schools
schools {suburb},kilsyth primary school reviews,1,34,/suburbs/kilsyth-vic-3137/schools
schools {suburb},kalkallo primary school,1,26,/schools/banum-warrik-primary-school-53302/vs/gilgai-plains-primary-school-53063
schools {suburb},kairi state school,1,22,/suburbs/kairi-qld-4872/schools
schools {suburb},kairi school,1,35,/suburbs/kairi-qld-4872/schools
schools {suburb},johnsonville schools,1,7,/suburbs/johnsonville-vic-3902/schools
schools {suburb},is there a school,1,7,/suburbs/armatree-nsw-2831/schools
schools {suburb},ipswich schools,1,65,/suburbs/ipswich-qld-4305/schools
schools {suburb},iona schools,1,23,/suburbs/iona-vic-3815/schools
schools {suburb},inverloch high school,1,12,/suburbs/inverloch-vic-3996/schools
schools {suburb},independent school tenthill,1,19,/suburbs/lower-tenthill-qld-4343/schools
schools {suburb},independent school tarampa,1,90,/suburbs/mount-tarampa-qld-4311/schools
schools {suburb},how many students in each school,1,14,/schools/padua-college-45713/vs/benton-junior-college-45254
schools {suburb},hope island schools,1,10,/suburbs/hope-island-qld-4212/schools
schools {suburb},holy cross primary school gisborne,1,30,/schools/holy-cross-primary-school-46099/vs/new-gisborne-primary-school-44091
schools {suburb},hillsdale school,1,11,/suburbs/hillsdale-nsw-2036/schools
schools {suburb},high schools preston,1,56,/suburbs/preston-vic-3072/schools
schools {suburb},high schools on the mornington peninsula,1,64,/suburbs/mornington-vic-3931/schools
schools {suburb},high schools in keysborough,1,43,/suburbs/keysborough-vic-3173/schools
schools {suburb},helensvale state high school,1,27,/schools/helensvale-state-school-47342/vs/helensvale-state-high-school-47561
schools {suburb},helensvale high school map,1,47,/schools/helensvale-state-school-47342/vs/helensvale-state-high-school-47561
schools {suburb},helensvale high school,1,31,/schools/helensvale-state-school-47342/vs/helensvale-state-high-school-47561
schools {suburb},hazelwood secondary school,1,10,/suburbs/hazelwood-north-vic-3840/schools
schools {suburb},greenwich public school catchment,1,48,/suburbs/greenwich-nsw-2065/schools
schools {suburb},greenwich high school,1,29,/suburbs/greenwich-nsw-2065/schools
schools {suburb},greenwich elementary schools,1,38,/suburbs/greenwich-nsw-2065/schools
schools {suburb},green valley schools,1,22,/suburbs/green-valley-nsw-2168/schools
schools {suburb},granville state school,1,35,/suburbs/granville-qld-4650/schools
schools {suburb},governor stirling senior high school,1,25,/schools/governor-stirling-senior-high-school-48129
schools {suburb},goldsborough school,1,7,/suburbs/goldsborough-qld-4865/schools
schools {suburb},glenwood public school,1,25,/schools/glenwood-public-school-41502/vs/glenfield-public-school-41386
schools {suburb},glenrock schools,1,8,/suburbs/glenrock-nsw-2337/schools
schools {suburb},glenore grove state school,1,25,/suburbs/glenore-grove-qld-4342/schools
schools {suburb},glenburn schools,1,6,/suburbs/glenburn-vic-3717/schools
schools {suburb},glen iris primary school ranking,1,28,/schools/st-roch-s-school-45831/vs/glen-iris-primary-school-44218
schools {suburb},glebe school,1,39,/suburbs/glebe-nsw-2037/schools
schools {suburb},girraween high school catchment area,1,40,/schools/girraween-public-school-41630
schools {suburb},girrakool school,1,58,/suburbs/fernances-nsw-2775/schools
schools {suburb},geurie public school,1,23,/suburbs/geurie-nsw-2831/schools
schools {suburb},galungara public school ranking,1,19,/schools/galungara-public-school-52927/vs/schofields-public-school-41670
schools {suburb},galston public school,1,32,/schools/galston-high-school-41345/vs/galston-public-school-41212
schools {suburb},galston high school,1,27,/schools/galston-high-school-41345/vs/galston-public-school-41212
schools {suburb},fraser park primary school,1,28,/schools/fraser-park-primary-school-49639/vs/murray-bridge-north-school-49251
schools {suburb},frankston schools,1,50,/suburbs/frankston-vic-3199/schools
schools {suburb},frankston high school zone 2021,1,25,/schools/frankston-high-school-45390
schools {suburb},fortitude valley school,1,11,/schools/fortitude-valley-state-secondary-college-52802
schools {suburb},find my catholic school,1,64,/schools
schools {suburb},everton park state high school reviews,1,34,/schools/everton-park-state-school-47055/vs/everton-park-state-high-school-47454
schools {suburb},everton park schools,1,37,/suburbs/everton-park-qld-4053/schools
schools {suburb},epping boys high school ranking,1,30,/schools/denistone-east-public-school-41256/vs/epping-boys-high-school-41353
schools {suburb},endeavour hills schools,1,45,/suburbs/endeavour-hills-vic-3802/schools
schools {suburb},eleebana public school,1,5,/suburbs/eleebana-nsw-2282
schools {suburb},eight mile plains school,1,25,/schools/eight-mile-plains-state-school-46420
schools {suburb},eglinton high school,1,20,/suburbs/eglinton-wa-6034/schools
schools {suburb},eastwood public school ranking,1,37,/suburbs/eastwood-nsw-2122/schools
schools {suburb},eastwood public school catchment,1,30,/suburbs/eastwood-nsw-2122/schools
schools {suburb},east lynne school,1,3,/suburbs/east-lynne-nsw-2536/schools
schools {suburb},east bentleigh primary school ranking,1,28,/schools/east-bentleigh-primary-school-44864/vs/coatesville-primary-school-44804
schools {suburb},durong south state school,1,19,/suburbs/durong-south-qld-4610/schools
schools {suburb},drouin schools,1,59,/suburbs/drouin-west-vic-3818/schools
schools {suburb},dover heights high school,1,19,/suburbs/dover-heights-nsw-2030/schools
schools {suburb},doreen primary school,1,28,/schools/doreen-primary-school-44169
schools {suburb},donnybrook school,1,12,/suburbs/donnybrook-qld-4510/schools
schools {suburb},darcy road public school reviews,1,22,/schools/darcy-road-public-school-41712/vs/wentworthville-public-school-41677
schools {suburb},croydon primary schools,1,78,/suburbs/croydon-south-vic-3136/schools
schools {suburb},creswick north primary school,1,26,/suburbs/creswick-north-vic-3363/schools
schools {suburb},crestwood high school catchment,1,24,/schools/crestwood-high-school-41839/vs/baulkham-hills-high-school-41828
schools {suburb},concord public schools,1,29,/schools/concord-public-school-41379
schools {suburb},concord high school catchment,1,21,/schools/concord-public-school-41379
schools {suburb},cobram and district specialist school,1,51,/schools/cobram-and-district-specialist-school-45048/vs/cobram-anglican-grammar-school-46356
schools {suburb},cobains primary school,1,15,/suburbs/cobains-vic-3851/schools
schools {suburb},coatesville primary school ranking,1,25,/schools/st-peter-s-school-45677/vs/coatesville-primary-school-44804
schools {suburb},co-educational school tenthill,1,61,/schools/tent-hill-lower-state-school-46477
schools {suburb},christian schools albany,1,11,/schools/albany-senior-high-school-48116/vs/bethel-christian-school-49054
schools {suburb},cheltenham primary schools,1,43,/suburbs/cheltenham-north-vic-3192/schools
schools {suburb},charles darwin schools,1,30,/suburbs/charles-darwin-nt-0820/schools
schools {suburb},castlerock school,1,5,/suburbs/castle-rock-nsw-2333/schools
schools {suburb},carrum downs primary school,1,32,/suburbs/carrum-downs-vic-3201/schools
schools {suburb},carlton schools,1,3,/suburbs/carlton-tas-7173/schools
schools {suburb},carlingford west public school catchment area,1,30,/schools/murray-farm-public-school-41298/vs/carlingford-west-public-school-41730
schools {suburb},cardigan primary school,1,9,/suburbs/cardigan-village-vic-3352/schools
schools {suburb},canterbury high schools,1,49,/suburbs/canterbury-nsw-2193/schools
schools {suburb},camooweal state school,1,24,/suburbs/camooweal-qld-4828/schools
schools {suburb},cambooya state school,1,26,/suburbs/cambooya-qld-4358/schools
schools {suburb},camberwell primary school zone,1,15,/schools/camberwell-primary-school-44164
schools {suburb},calingiri primary school,1,13,/suburbs/calingiri-wa-6569/schools
schools {suburb},burwood schools,1,73,/suburbs/burwood-nsw-2134/schools
schools {suburb},bull creek primary school ranking,1,29,/suburbs/bull-creek-wa-6149/schools
schools {suburb},bruthen primary school,1,24,/suburbs/bruthen-vic-3885/schools
schools {suburb},bromley schools,1,11,/suburbs/bromley-vic-3472/schools
schools {suburb},botanic ridge primary school reviews,1,32,/suburbs/botanic-ridge-vic-3977/schools
schools {suburb},biloela schools,1,29,/suburbs/biloela-qld-4715/schools
schools {suburb},bethel senior high school,1,9,/schools/albany-senior-high-school-48116/vs/bethel-christian-school-49054
schools {suburb},bethany catholic primary school fees,1,40,/schools/bethany-catholic-primary-school-43204/vs/nangamay-public-school-53155
schools {suburb},best schools near me,1,1,/suburbs/carabooda-wa-6033/schools
schools {suburb},best schools in logan,1,57,/suburbs/glenlogan-qld-4280/schools
schools {suburb},best school near me,1,19,/suburbs/worrigee-nsw-2540/schools
schools {suburb},bella vista public school,1,48,/suburbs/bella-vista-nsw-2153/schools
schools {suburb},bell primary school,1,37,/schools/bell-primary-school-44738
schools {suburb},belconnen primary schools,1,58,/suburbs/belconnen-act-2617/schools
schools {suburb},beenleigh schools,1,52,/suburbs/beenleigh-qld-4207/schools
schools {suburb},beecher prep school,1,22,/suburbs/beecher-qld-4680/schools
schools {suburb},beaudesert state high school,1,4,/schools/beaudesert-state-high-school-47468
schools {suburb},bayview primary school,1,11,/suburbs/bayview-nsw-2104/schools
schools {suburb},bayside high school kogarah,1,67,/suburbs/kogarah-bay-nsw-2217/schools
schools {suburb},batemans bay high school,1,57,/schools/batemans-bay-high-school-42935
schools {suburb},bandiana primary school,1,24,/suburbs/bandiana-vic-3694/schools
schools {suburb},ballina high schools,1,51,/suburbs/ballina-nsw-2478/schools
schools {suburb},ballarat north primary school,1,30,/schools/ballarat-north-primary-school-44790
schools {suburb},ashby secondary school,1,10,/suburbs/ashby-wa-6065/schools
schools {suburb},albion primary school,1,15,/schools/albion-primary-school-44732
schools {suburb},adventist school wahroonga,1,28,/schools/wahroonga-public-school-41253/vs/wahroonga-adventist-school-44007
schools {suburb},abandoned schools near me,1,54,/schools
schools {suburb},"""nemarluk school"" ""non-teaching staff""",1,4,/schools/nemarluk-school-50070
schools {suburb},"""nemarluk school"" ""full-time equivalent non-teaching staff""",1,4,/schools/nemarluk-school-50070
schools {suburb},"""kellyville public school"" ""icsea 1136""",1,8,/schools/sherwood-ridge-public-school-41787
schools {suburb},"""biala special school"" ""teaching staff""",1,11,/schools/biala-special-school-43736
schools {suburb},"""aspect south east sydney school"" ""teaching staff""",1,11,/schools/aspect-south-east-sydney-school-43927
schools {suburb},"""albany senior high school"" ""enrolment"" ""boys""",1,8,/schools/albany-senior-high-school-48116/vs/albany-primary-school-48265
real estate agent(s) {suburb},real estate agent goodna dc,84,22,/suburbs/goodna-dc-qld-4300
real estate agent(s) {suburb},how to find a real estate agent buyer,52,79,/find-an-expert
real estate agent(s) {suburb},what percentage do real estate agents take,27,65,/guides/real-estate-commission-vic
real estate agent(s) {suburb},how much commission does a real estate agent make,23,44,/guides/real-estate-commission-vic
real estate agent(s) {suburb},how much commission do real estate agents get,22,63,/guides/real-estate-commission-vic
real estate agent(s) {suburb},real estate agent cost,19,57,/guides/real-estate-commission-vic
real estate agent(s) {suburb},fitzroy real estate agents,16,12,/suburbs/fitzroy-vic-3065/agents
real estate agent(s) {suburb},lane cove real estate agents,14,11,/suburbs/lane-cove-nsw-2066/agents
real estate agent(s) {suburb},real estate agent carindale,13,18,/suburbs/carindale-qld-4152/agents
real estate agent(s) {suburb},real estate agents carindale,12,5,/suburbs/carindale-qld-4152/agents
real estate agent(s) {suburb},williamstown real estate agents,11,20,/suburbs/williamstown-north-vic-3016/agents
real estate agent(s) {suburb},real estate agents malvern,11,11,/suburbs/malvern-vic-3144/agents
real estate agent(s) {suburb},real estate agent fee,11,59,/guides/real-estate-commission-vic
real estate agent(s) {suburb},kiama real estate agents,11,19,/suburbs/kiama-nsw-2533/agents
real estate agent(s) {suburb},what commission do real estate agents make in australia,10,75,/guides/real-estate-commission-vic
real estate agent(s) {suburb},real estate agents south melbourne,10,8,/suburbs/south-melbourne-vic-3205/agents
real estate agent(s) {suburb},real estate agents north melbourne,10,9,/suburbs/north-melbourne-vic-3051/agents
real estate agent(s) {suburb},real estate agents kiama,10,22,/suburbs/kiama-nsw-2533/agents
real estate agent(s) {suburb},real estate agents fitzroy,10,8,/suburbs/fitzroy-vic-3065/agents
real estate agent(s) {suburb},how much commission do real estate agents make,10,62,/guides/real-estate-commission-vic
real estate agent(s) {suburb},goulburn real estate agents,10,16,/suburbs/goulburn-nsw-2580/agents
real estate agent(s) {suburb},orange real estate agents,9,5,/suburbs/orange-nsw-2800/agents
real estate agent(s) {suburb},surry hills real estate agents,8,6,/suburbs/surry-hills-nsw-2010/agents
real estate agent(s) {suburb},scarborough real estate agents,8,8,/suburbs/scarborough-nsw-2515/agents
real estate agent(s) {suburb},real estate agents lindfield,8,7,/suburbs/east-lindfield-nsw-2070/agents
real estate agent(s) {suburb},real estate agents lane cove,8,5,/suburbs/lane-cove-west-nsw-2066/agents
real estate agent(s) {suburb},real estate agent flat fee,8,51,/guides/real-estate-commission-vic
real estate agent(s) {suburb},kyogle real estate agents,8,16,/suburbs/kyogle-nsw-2474/agents
real estate agent(s) {suburb},kew real estate agents,8,12,/suburbs/kew-vic-3101/agents
real estate agent(s) {suburb},real estate agents yangebup,7,8,/suburbs/yangebup-wa-6164/agents
real estate agent(s) {suburb},real estate agents goulburn,7,20,/suburbs/goulburn-nsw-2580/agents
real estate agent(s) {suburb},real estate agent selling fees,7,61,/guides/real-estate-commission-vic
real estate agent(s) {suburb},real estate agent cost to sell home,7,61,/guides/real-estate-commission-vic
real estate agent(s) {suburb},griffith real estate agents,7,8,/suburbs/griffith-nsw-2680/agents
real estate agent(s) {suburb},grafton real estate agents,7,9,/suburbs/south-grafton-nsw-2460/agents
real estate agent(s) {suburb},elwood real estate agents,7,22,/suburbs/elwood-vic-3184/agents
real estate agent(s) {suburb},terrigal real estate agents,6,6,/suburbs/terrigal-nsw-2260/agents
real estate agent(s) {suburb},real estate agents rhodes,6,10,/suburbs/rhodes-nsw-2138/agents
real estate agent(s) {suburb},real estate agents kyogle,6,15,/suburbs/kyogle-nsw-2474/agents
real estate agent(s) {suburb},real estate agents kensington,6,24,/suburbs/kensington-vic-3031/agents
real estate agent(s) {suburb},real estate agents ambarvale,6,3,/suburbs/ambarvale-nsw-2560/agents
real estate agent(s) {suburb},real estate agents,6,3,/suburbs/springdale-heights-nsw-2641/agents
real estate agent(s) {suburb},real estate agent lane cove,6,9,/suburbs/lane-cove-west-nsw-2066/agents
real estate agent(s) {suburb},prahran real estate agents,6,18,/suburbs/prahran-vic-3181/agents
real estate agent(s) {suburb},echuca real estate agents,6,16,/suburbs/echuca-vic-3564/agents
real estate agent(s) {suburb},real estate agents pymble,5,10,/suburbs/pymble-nsw-2073/agents
real estate agent(s) {suburb},real estate agents prahran,5,4,/suburbs/prahran-vic-3143/agents
real estate agent(s) {suburb},real estate agents moree,5,16,/suburbs/moree-nsw-2400/agents
real estate agent(s) {suburb},real estate agents in yangebup,5,10,/suburbs/yangebup-wa-6164/agents
real estate agent(s) {suburb},real estate agents griffith,5,8,/suburbs/griffith-nsw-2680/agents
real estate agent(s) {suburb},real estate agents echuca,5,5,/suburbs/echuca-vic-3564/agents
real estate agent(s) {suburb},real estate agents bandiana,5,6,/suburbs/bandiana-vic-3691/agents
real estate agent(s) {suburb},real estate agent percentage,5,84,/guides/real-estate-commission-vic
real estate agent(s) {suburb},real estate agent leads,5,74,/for-agents
real estate agent(s) {suburb},real estate agent bandiana,5,3,/suburbs/bandiana-vic-3691/agents
real estate agent(s) {suburb},real estate agent,5,5,/suburbs/bandiana-vic-3691/agents
real estate agent(s) {suburb},pymble real estate agents,5,3,/suburbs/pymble-nsw-2073/agents
real estate agent(s) {suburb},how to find a real estate agent,5,61,/find-an-expert
real estate agent(s) {suburb},flat fee real estate agent,5,69,/guides/real-estate-commission-vic
real estate agent(s) {suburb},fixed fee real estate agents,5,53,/guides/real-estate-commission-vic
real estate agent(s) {suburb},finding a real estate agent to buy a house,5,77,/find-an-expert
real estate agent(s) {suburb},dubbo real estate agents,5,45,/suburbs/dubbo-nsw-2830/agents
real estate agent(s) {suburb},commission charged by real estate agents,5,65,/guides/real-estate-commission-vic
real estate agent(s) {suburb},willoughby real estate agents,4,20,/suburbs/willoughby-east-nsw-2068/agents
real estate agent(s) {suburb},what is the normal commission for real estate agents,4,48,/glossary/commission-agent
real estate agent(s) {suburb},south yarra real estate agents,4,28,/suburbs/south-yarra-vic-3141/agents
real estate agent(s) {suburb},real estate agents woolgoolga,4,38,/suburbs/woolgoolga-nsw-2456/agents
real estate agent(s) {suburb},real estate agents rouse hill,4,3,/suburbs/rouse-hill-nsw-2155/agents
real estate agent(s) {suburb},real estate agents rockingham,4,40,/suburbs/rockingham-wa-6168/agents
real estate agent(s) {suburb},real estate agents kew,4,7,/suburbs/kew-vic-3101/agents
real estate agent(s) {suburb},real estate agents in mudgee,4,33,/suburbs/mudgee-nsw-2850/agents
real estate agent(s) {suburb},real estate agents in harrisdale,4,19,/suburbs/harrisdale-wa-6112/agents
real estate agent(s) {suburb},real estate agents in coolbellup,4,8,/suburbs/coolbellup-wa-6163/agents
real estate agent(s) {suburb},real estate agents goodna,4,21,/suburbs/goodna-qld-4300/agents
real estate agent(s) {suburb},real estate agents camberwell,4,29,/suburbs/camberwell-vic-3124/agents
real estate agent(s) {suburb},real estate agents buxton,4,26,/suburbs/buxton-nsw-2571/agents
real estate agent(s) {suburb},real estate agents bull creek,4,14,/suburbs/bull-creek-wa-6149/agents
real estate agent(s) {suburb},real estate agents bathurst,4,28,/suburbs/bathurst-nsw-2795/agents
real estate agent(s) {suburb},real estate agent selling fees canberra,4,33,/guides/real-estate-commission-act
real estate agent(s) {suburb},real estate agent sales commission,4,46,/guides/real-estate-commission-vic
real estate agent(s) {suburb},real estate agent near me thurgoona,4,10,/suburbs/thurgoona-nsw-2640/agents
real estate agent(s) {suburb},real estate agent glenhaven,4,2,/suburbs/glenhaven-nsw-2156/agents
real estate agent(s) {suburb},moree real estate agents,4,47,/suburbs/moree-nsw-2400/agents
real estate agent(s) {suburb},lindfield real estate agents,4,14,/suburbs/east-lindfield-nsw-2070/agents
real estate agent(s) {suburb},kensington real estate agents,4,36,/suburbs/kensington-vic-3031/agents
real estate agent(s) {suburb},how much do real estate agents make per sale,4,60,/guides/real-estate-commission-vic
real estate agent(s) {suburb},glenelg real estate agents,4,12,/suburbs/glenelg-north-sa-5045/agents
real estate agent(s) {suburb},deepdene real estate agents,4,11,/suburbs/deepdene-vic-3103/agents
real estate agent(s) {suburb},commission fees for real estate agents,4,35,/guides/real-estate-commission-vic
real estate agent(s) {suburb},camberwell real estate agents,4,24,/suburbs/camberwell-vic-3124/agents
real estate agent(s) {suburb},batemans bay real estate agents,4,40,/suburbs/north-batemans-bay-nsw-2536/agents
real estate agent(s) {suburb},bardwell park real estate agents,4,29,/suburbs/bardwell-park-nsw-2207/agents
real estate agent(s) {suburb},average commission for real estate agent,4,66,/guides/real-estate-commission-vic
real estate agent(s) {suburb},what is the commission for real estate agents,3,58,/guides/real-estate-commission-vic
real estate agent(s) {suburb},real estate agents woodpark,3,4,/suburbs/woodpark-nsw-2164/agents
real estate agent(s) {suburb},real estate agents winthrop,3,20,/suburbs/winthrop-wa-6150/agents
real estate agent(s) {suburb},real estate agents willoughby,3,19,/suburbs/willoughby-east-nsw-2068/agents
real estate agent(s) {suburb},real estate agents unley,3,7,/suburbs/unley-sa-5061/agents
real estate agent(s) {suburb},real estate agents st helens park,3,9,/suburbs/st-helens-park-nsw-2560/agents
real estate agent(s) {suburb},real estate agents north coogee,3,20,/suburbs/north-coogee-wa-6163/agents
real estate agent(s) {suburb},real estate agents melville,3,20,/suburbs/melville-wa-6156/agents
real estate agent(s) {suburb},real estate agents mansfield,3,22,/suburbs/mansfield-vic-3722/agents
real estate agent(s) {suburb},real estate agents kotara nsw,3,1,/suburbs/kotara-nsw-2289/agents
real estate agent(s) {suburb},real estate agents kalgoorlie,3,34,/suburbs/kalgoorlie-wa-6430/agents
real estate agent(s) {suburb},real estate agents in willeton,3,24,/suburbs/willetton-wa-6155/agents
real estate agent(s) {suburb},real estate agents in kiama,3,36,/suburbs/kiama-nsw-2533/agents
real estate agent(s) {suburb},real estate agents in byron bay,3,47,/suburbs/byron-bay-nsw-2481/agents
real estate agent(s) {suburb},real estate agents guildford,3,5,/suburbs/guildford-nsw-2161/agents
real estate agent(s) {suburb},real estate agents forster,3,7,/suburbs/forster-nsw-2428/agents
real estate agent(s) {suburb},real estate agents elwood,3,19,/suburbs/elwood-vic-3184/agents
real estate agent(s) {suburb},real estate agents dubbo,3,47,/suburbs/dubbo-nsw-2830/agents
real estate agent(s) {suburb},real estate agents belconnen act,3,3,/suburbs/belconnen-act-2617/agents
real estate agent(s) {suburb},real estate agents ballina,3,40,/suburbs/ballina-nsw-2478/agents
real estate agent(s) {suburb},real estate agents atherton,3,37,/suburbs/atherton-qld-4883/agents
real estate agent(s) {suburb},real estate agent sale fees,3,67,/guides/real-estate-commission-vic
real estate agent(s) {suburb},real estate agent sale commission,3,40,/guides/real-estate-commission-vic
real estate agent(s) {suburb},real estate agent near me bandiana,3,10,/suburbs/bandiana-vic-3691/agents
real estate agent(s) {suburb},real estate agent mansfield,3,39,/suburbs/mansfield-vic-3722/agents
real estate agent(s) {suburb},real estate agent mambourin,3,23,/suburbs/mambourin-vic-3024/agents
real estate agent(s) {suburb},real estate agent kiama,3,38,/suburbs/kiama-nsw-2533/agents
real estate agent(s) {suburb},real estate agent comparison tool,3,67,/find-an-expert
real estate agent(s) {suburb},real estate agent camberwell,3,34,/suburbs/camberwell-vic-3124/agents
real estate agent(s) {suburb},port macquarie real estate agents,3,48,/suburbs/port-macquarie-nsw-2444/agents
real estate agent(s) {suburb},north melbourne real estate agents,3,29,/suburbs/north-melbourne-vic-3051/agents
real estate agent(s) {suburb},malvern real estate agents,3,39,/suburbs/malvern-vic-3144/agents
real estate agent(s) {suburb},leichhardt real estate agents,3,12,/suburbs/leichhardt-nsw-2040/agents
real estate agent(s) {suburb},leads for real estate agents,3,85,/for-agents
real estate agent(s) {suburb},kogarah real estate agents,3,23,/suburbs/kogarah-nsw-2217/agents
real estate agent(s) {suburb},kalgoorlie real estate agents,3,31,/suburbs/kalgoorlie-wa-6430/agents
real estate agent(s) {suburb},how much does real estate agents make per sale,3,71,/guides/real-estate-commission-nsw
real estate agent(s) {suburb},how much do real estate agents earn per sale,3,67,/guides/real-estate-commission-nsw
real estate agent(s) {suburb},how much commission to real estate agent,3,72,/guides/real-estate-commission-vic
real estate agent(s) {suburb},how much commission does real estate agent get,3,72,/guides/real-estate-commission-vic
real estate agent(s) {suburb},how much commission does a real estate agent earn,3,68,/guides/real-estate-commission-vic
real estate agent(s) {suburb},how do i compare real estate agents in my area?. my location is australia.,3,72,/find-an-expert
real estate agent(s) {suburb},docklands real estate agents,3,11,/suburbs/docklands-vic-3008/agents
real estate agent(s) {suburb},commission real estate agents,3,58,/glossary/commission-agent
real estate agent(s) {suburb},commission paid to real estate agents,3,41,/glossary/commission-agent
real estate agent(s) {suburb},boat selling agents,3,37,/suburbs/boat-harbour-nsw-2316/agents
real estate agent(s) {suburb},bathurst real estate agents,3,49,/suburbs/bathurst-nsw-2795/agents
real estate agent(s) {suburb},bacchus marsh real estate agents,3,38,/suburbs/bacchus-marsh-vic-3340/agents
real estate agent(s) {suburb},average commission for a real estate agent,3,62,/guides/real-estate-commission-vic
real estate agent(s) {suburb},what to ask real estate agent when buying,2,84,/guides/questions-to-ask-a-real-estate-agent
real estate agent(s) {suburb},what percentage of sales do real estate agents get,2,54,/guides/real-estate-commission-vic
real estate agent(s) {suburb},what percentage does real estate agent take,2,40,/glossary/commission-agent
real estate agent(s) {suburb},what percentage do real estate agents get,2,61,/guides/real-estate-commission-vic
real estate agent(s) {suburb},what is average commission for real estate agent,2,64,/guides/real-estate-commission-vic
real estate agent(s) {suburb},what do real estate agents get for commission,2,44,/guides/real-estate-commission-vic
real estate agent(s) {suburb},what commission do real estate agents get,2,72,/guides/real-estate-commission-vic
real estate agent(s) {suburb},turramurra real estate agents,2,26,/suburbs/north-turramurra-nsw-2074/agents
real estate agent(s) {suburb},trusted real estate agents rouse hill,2,45,/suburbs/rouse-hill-nsw-2155/agents
real estate agent(s) {suburb},toukley real estate agents,2,19,/suburbs/toukley-nsw-2263/agents
real estate agent(s) {suburb},stanthorpe real estate agents,2,44,/suburbs/stanthorpe-qld-4380/agents
real estate agent(s) {suburb},st ives real estate agents,2,3,/suburbs/st-ives-chase-nsw-2075/agents
real estate agent(s) {suburb},south melbourne real estate agents,2,30,/suburbs/south-melbourne-vic-3205/agents
real estate agent(s) {suburb},rye real estate agents,2,36,/suburbs/rye-vic-3941/agents
real estate agent(s) {suburb},roma real estate agents,2,18,/suburbs/roma-qld-4455/agents
real estate agent(s) {suburb},redcliffe 4020 real estate agent,2,38,/suburbs/redcliffe-qld-4020/agents
real estate agent(s) {suburb},recommended real estate agents rouse hill,2,42,/suburbs/rouse-hill-nsw-2155/agents
real estate agent(s) {suburb},realtor real estate agent springdale heights,2,12,/suburbs/springdale-heights-nsw-2641/agents
real estate agent(s) {suburb},realtor real estate agent lavington,2,28,/suburbs/lavington-nsw-2641/agents
real estate agent(s) {suburb},real estate agents williamstown,2,24,/suburbs/williamstown-vic-3016/agents
real estate agent(s) {suburb},real estate agents walkerville,2,15,/suburbs/walkerville-sa-5081/agents
real estate agent(s) {suburb},real estate agents travancore,2,19,/suburbs/travancore-vic-3032/agents
real estate agent(s) {suburb},real estate agents toormina,2,26,/suburbs/toormina-nsw-2452/agents
real estate agent(s) {suburb},real estate agents thornbury,2,29,/suburbs/thornbury-vic-3071/agents
real estate agent(s) {suburb},real estate agents strathmore heights,2,13,/suburbs/strathmore-heights-vic-3041/agents
real estate agent(s) {suburb},real estate agents stanthorpe,2,42,/suburbs/stanthorpe-qld-4380/agents
real estate agent(s) {suburb},real estate agents springdale heights,2,10,/suburbs/springdale-heights-nsw-2641/agents
real estate agent(s) {suburb},real estate agents redland bay,2,38,/suburbs/redland-bay-qld-4165/agents
real estate agent(s) {suburb},real estate agents redcliffe,2,48,/suburbs/redcliffe-qld-4020/agents
real estate agent(s) {suburb},real estate agents preston,2,34,/suburbs/preston-vic-3072/agents
real estate agent(s) {suburb},real estate agents oran park,2,38,/suburbs/oran-park-nsw-2570/agents
real estate agent(s) {suburb},real estate agents narooma,2,8,/suburbs/narooma-nsw-2546/agents
real estate agent(s) {suburb},real estate agents macquarie fields,2,5,/suburbs/macquarie-fields-nsw-2564/agents
real estate agent(s) {suburb},real estate agents leppington,2,19,/suburbs/leppington-nsw-2179/agents
real estate agent(s) {suburb},real estate agents lavington,2,3,/suburbs/lavington-nsw-2641/agents
real estate agent(s) {suburb},real estate agents kyneton,2,30,/suburbs/kyneton-vic-3444/agents
real estate agent(s) {suburb},real estate agents kogarah,2,32,/suburbs/kogarah-nsw-2217/agents
real estate agent(s) {suburb},real estate agents klemzig,2,14,/suburbs/klemzig-sa-5087/agents
real estate agent(s) {suburb},real estate agents kandos,2,2,/suburbs/kandos-nsw-2848/agents
real estate agent(s) {suburb},real estate agents in newton,2,27,/suburbs/newton-sa-5074/agents
real estate agent(s) {suburb},real estate agents in horsham,2,34,/suburbs/horsham-vic-3400/agents
real estate agent(s) {suburb},real estate agents in goulburn,2,44,/suburbs/goulburn-nsw-2580/agents
real estate agent(s) {suburb},real estate agents in glen huntly,2,19,/suburbs/glen-huntly-vic-3163/agents
real estate agent(s) {suburb},real estate agents in dubbo,2,43,/suburbs/dubbo-nsw-2830/agents
real estate agent(s) {suburb},real estate agents horsham,2,29,/suburbs/horsham-vic-3401/agents
real estate agent(s) {suburb},real estate agents granville,2,16,/suburbs/south-granville-nsw-2142/agents
real estate agent(s) {suburb},real estate agents glenfield,2,2,/suburbs/glenfield-nsw-2167/agents
real estate agent(s) {suburb},real estate agents glen waverley,2,31,/suburbs/glen-waverley-vic-3150/agents
real estate agent(s) {suburb},real estate agents frenchs forest,2,36,/suburbs/frenchs-forest-nsw-2086/agents
real estate agent(s) {suburb},real estate agents five dock,2,20,/suburbs/five-dock-nsw-2046/agents
real estate agent(s) {suburb},real estate agents erina,2,36,/suburbs/erina-nsw-2250/agents
real estate agent(s) {suburb},real estate agents deagon,2,14,/suburbs/deagon-qld-4017/agents
real estate agent(s) {suburb},real estate agents coorparoo,2,40,/suburbs/coorparoo-qld-4151/agents
real estate agent(s) {suburb},real estate agents chadstone,2,16,/suburbs/chadstone-vic-3148/agents
real estate agent(s) {suburb},real estate agents carina,2,40,/suburbs/carina-qld-4152/agents
real estate agent(s) {suburb},real estate agents byron bay,2,46,/suburbs/byron-bay-nsw-2481/agents
real estate agent(s) {suburb},real estate agents budgewoi,2,24,/suburbs/budgewoi-nsw-2262/agents
real estate agent(s) {suburb},real estate agents braybrook,2,15,/suburbs/braybrook-vic-3019/agents
real estate agent(s) {suburb},real estate agents botany,2,28,/suburbs/botany-nsw-2019/agents
real estate agent(s) {suburb},real estate agents birmingham gardens nsw,2,8,/suburbs/birmingham-gardens-nsw-2287/agents
real estate agent(s) {suburb},real estate agents ashwood,2,10,/suburbs/ashwood-vic-3147/agents
real estate agent(s) {suburb},real estate agents ashfield,2,22,/suburbs/ashfield-nsw-2131/agents
real estate agent(s) {suburb},real estate agents albert park,2,40,/suburbs/albert-park-vic-3206/agents
real estate agent(s) {suburb},real estate agent st kilda west,2,11,/suburbs/st-kilda-west-vic-3182/agents
real estate agent(s) {suburb},real estate agent selling fees victoria,2,30,/guides/real-estate-commission-vic
real estate agent(s) {suburb},real estate agent seaford,2,20,/suburbs/seaford-vic-3198/agents
real estate agent(s) {suburb},real estate agent port douglas,2,38,/suburbs/port-douglas-qld-4877/agents
real estate agent(s) {suburb},real estate agent north albury,2,6,/suburbs/north-albury-nsw-2640/agents
real estate agent(s) {suburb},real estate agent low commission,2,66,/guides/real-estate-commission-vic
real estate agent(s) {suburb},real estate agent kooyong,2,10,/suburbs/kooyong-vic-3144/agents
real estate agent(s) {suburb},real estate agent in weir views,2,14,/suburbs/weir-views-vic-3338/agents
real estate agent(s) {suburb},real estate agent gosnells,2,30,/suburbs/gosnells-wa-6110/agents
real estate agent(s) {suburb},real estate agent east albury,2,2,/suburbs/east-albury-nsw-2640/agents
real estate agent(s) {suburb},real estate agent brokerage fees,2,55,/guides/real-estate-commission-vic
real estate agent(s) {suburb},real estate agent ashtonfield,2,14,/suburbs/ashtonfield-nsw-2323/agents
real estate agent(s) {suburb},questions to ask real estate agent when buying,2,89,/guides/questions-to-ask-a-real-estate-agent
real estate agent(s) {suburb},preston real estate agents,2,34,/suburbs/preston-vic-3072/agents
real estate agent(s) {suburb},port douglas real estate agents,2,36,/suburbs/port-douglas-qld-4877/agents
real estate agent(s) {suburb},murwillumbah real estate agents,2,36,/suburbs/murwillumbah-nsw-2484/agents
real estate agent(s) {suburb},mudgee real estate agents,2,33,/suburbs/mudgee-nsw-2850/agents
real estate agent(s) {suburb},mosman real estate agents,2,20,/suburbs/mosman-nsw-2088/agents
real estate agent(s) {suburb},morphett vale real estate agents,2,34,/suburbs/morphett-vale-sa-5162/agents
real estate agent(s) {suburb},melville real estate agent,2,17,/suburbs/melville-wa-6156/agents
real estate agent(s) {suburb},mansfield real estate agents,2,42,/suburbs/mansfield-vic-3722/agents
real estate agent(s) {suburb},low commission real estate agents,2,57,/guides/real-estate-commission-vic
real estate agent(s) {suburb},local real estate agents rouse hill,2,25,/suburbs/rouse-hill-nsw-2155/agents
real estate agent(s) {suburb},local real estate agents deagon,2,18,/suburbs/deagon-qld-4017/agents
real estate agent(s) {suburb},lismore real estate agents,2,42,/suburbs/lismore-nsw-2480/agents
real estate agent(s) {suburb},kyneton real estate agents,2,26,/suburbs/kyneton-vic-3444/agents
real estate agent(s) {suburb},killarney vale real estate agents,2,26,/suburbs/killarney-vale-nsw-2261/agents
real estate agent(s) {suburb},kallangur real estate agents,2,18,/suburbs/kallangur-qld-4503/agents
real estate agent(s) {suburb},ingleburn real estate agents,2,28,/suburbs/ingleburn-nsw-2565/agents
real estate agent(s) {suburb},how to find a broker as a real estate agent,2,56,/find-an-expert
real estate agent(s) {suburb},how much does a real estate agent make in commission,2,78,/guides/real-estate-commission-nsw
real estate agent(s) {suburb},how much do you pay a real estate agent,2,58,/guides/real-estate-commission-vic
real estate agent(s) {suburb},how much do real estate agents make on a sale,2,65,/guides/real-estate-commission-vic
real estate agent(s) {suburb},how much do real estate agents make from a sale,2,61,/guides/real-estate-commission-vic
real estate agent(s) {suburb},how much do real estate agents cost,2,61,/guides/real-estate-commission-vic
real estate agent(s) {suburb},how much do real estate agents,2,58,/guides/real-estate-commission-vic
real estate agent(s) {suburb},how much commission does a real estate agent get,2,32,/guides/real-estate-commission-vic
real estate agent(s) {suburb},horsham real estate agents,2,40,/suburbs/horsham-vic-3400/agents
real estate agent(s) {suburb},hawthorn east real estate agents,2,10,/suburbs/hawthorn-east-vic-3123/agents
real estate agent(s) {suburb},goodna real estate agents,2,22,/suburbs/goodna-qld-4300/agents
real estate agent(s) {suburb},frenchs forest real estate agents,2,40,/suburbs/frenchs-forest-nsw-2086/agents
real estate agent(s) {suburb},frankston real estate agents,2,38,/suburbs/frankston-south-vic-3199/agents
real estate agent(s) {suburb},forster real estate agents,2,40,/suburbs/forster-nsw-2428/agents
real estate agent(s) {suburb},flat rate commission real estate agent,2,66,/guides/real-estate-commission-nsw
real estate agent(s) {suburb},five dock real estate agents,2,18,/suburbs/five-dock-nsw-2046/agents
real estate agent(s) {suburb},finding real estate agent,2,69,/find-an-expert
real estate agent(s) {suburb},finding a real estate agent to sell your home,2,73,/find-an-expert
real estate agent(s) {suburb},finding a real estate agent to sell,2,72,/find-an-expert
real estate agent(s) {suburb},finding a real estate agent,2,65,/find-an-expert
real estate agent(s) {suburb},ellenbrook real estate agents,2,40,/suburbs/ellenbrook-wa-6069/agents
real estate agent(s) {suburb},devonport real estate agents,2,46,/suburbs/east-devonport-tas-7310/agents
real estate agent(s) {suburb},concord real estate agents,2,39,/suburbs/concord-nsw-2137/agents
real estate agent(s) {suburb},commission of real estate agents,2,50,/guides/real-estate-commission-nsw
real estate agent(s) {suburb},commission for real estate agents,2,45,/glossary/commission-agent
real estate agent(s) {suburb},clayton real estate agents,2,13,/suburbs/clayton-south-vic-3169/agents
real estate agent(s) {suburb},caulfield south real estate agents,2,5,/suburbs/caulfield-south-vic-3162/agents
real estate agent(s) {suburb},carindale real estate agents,2,25,/suburbs/carindale-qld-4152/agents
real estate agent(s) {suburb},canley heights real estate agents,2,20,/suburbs/canley-heights-nsw-2166/agents
real estate agent(s) {suburb},cameron park real estate agents,2,13,/suburbs/cameron-park-nsw-2285/agents
real estate agent(s) {suburb},byron bay real estate agents,2,46,/suburbs/byron-bay-nsw-2481/agents
real estate agent(s) {suburb},budgewoi real estate agents,2,20,/suburbs/budgewoi-nsw-2262/agents
real estate agent(s) {suburb},braybrook real estate agents,2,14,/suburbs/braybrook-vic-3019/agents
real estate agent(s) {suburb},box hill real estate agents,2,6,/suburbs/box-hill-vic-3128/agents
real estate agent(s) {suburb},botany real estate agents,2,30,/suburbs/botany-nsw-2019/agents
real estate agent(s) {suburb},blacktown real estate agents,2,38,/suburbs/blacktown-nsw-2148/agents
real estate agent(s) {suburb},best real estate agents kensington park,2,17,/suburbs/kensington-park-sa-5068/agents
real estate agent(s) {suburb},best real estate agents aberfeldie,2,18,/suburbs/aberfeldie-vic-3040/agents
real estate agent(s) {suburb},average commission of real estate agent,2,66,/guides/real-estate-commission-vic
real estate agent(s) {suburb},average commission of a real estate agent,2,62,/guides/real-estate-commission-vic
real estate agent(s) {suburb},average commission for real estate agents nsw,2,66,/real-estate-commission-calculator
real estate agent(s) {suburb},ashfield real estate agents,2,34,/suburbs/ashfield-nsw-2131/agents
real estate agent(s) {suburb},young real estate agents,1,34,/suburbs/young-nsw-2594/agents
real estate agent(s) {suburb},wonthaggi real estate agents,1,32,/suburbs/north-wonthaggi-vic-3995/agents
real estate agent(s) {suburb},why do real estate agents underquote,1,3,/guides/underquoting-laws-by-state
real estate agent(s) {suburb},when do real estate agents get paid their commission,1,59,/guides/real-estate-commission-vic
real estate agent(s) {suburb},what's the average commission for a real estate agent,1,70,/guides/real-estate-commission-vic
real estate agent(s) {suburb},what's the average commission a real estate agent,1,66,/guides/real-estate-commission-vic
real estate agent(s) {suburb},what's a real estate agent's commission,1,47,/guides/real-estate-commission-vic
real estate agent(s) {suburb},what to ask a real estate agent when buying,1,84,/guides/questions-to-ask-a-real-estate-agent
real estate agent(s) {suburb},what percentage does a real estate agent take,1,69,/guides/real-estate-commission-vic
real estate agent(s) {suburb},what percentage does a real estate agent make,1,45,/guides/real-estate-commission-vic
real estate agent(s) {suburb},what percent do real estate agents get,1,49,/guides/real-estate-commission-vic
real estate agent(s) {suburb},what is the standard commission for a real estate agent,1,56,/guides/real-estate-commission-vic
real estate agent(s) {suburb},what is the percentage a real estate agent gets,1,58,/guides/real-estate-commission-vic
real estate agent(s) {suburb},what is the normal commission for a real estate agent,1,69,/guides/real-estate-commission-vic
real estate agent(s) {suburb},what is the fee for real estate agent,1,59,/guides/real-estate-commission-vic
real estate agent(s) {suburb},what is the commission rate for real estate agents,1,58,/guides/real-estate-commission-vic
real estate agent(s) {suburb},what is the commission for a real estate agent,1,69,/guides/real-estate-commission-nsw
real estate agent(s) {suburb},what is the average commission for real estate agents,1,63,/guides/real-estate-commission-vic
real estate agent(s) {suburb},what is the average commission for a real estate agent,1,68,/guides/real-estate-commission-vic
real estate agent(s) {suburb},what is standard commission for real estate agent,1,57,/guides/real-estate-commission-vic
real estate agent(s) {suburb},what is commission for real estate agents,1,52,/guides/real-estate-commission-nsw
real estate agent(s) {suburb},what is a typical commission for a real estate agent,1,69,/guides/real-estate-commission-vic
real estate agent(s) {suburb},what commission for real estate agents,1,62,/guides/real-estate-commission-nsw
real estate agent(s) {suburb},wellington point real estate agents,1,28,/suburbs/wellington-point-qld-4160/agents
real estate agent(s) {suburb},warrnambool real estate agents,1,45,/suburbs/warrnambool-vic-3280/agents
real estate agent(s) {suburb},wahroonga real estate agents,1,14,/suburbs/wahroonga-nsw-2076/agents
real estate agent(s) {suburb},usual commission for real estate agents,1,67,/guides/real-estate-commission-vic
real estate agent(s) {suburb},typical real estate agent fee,1,38,/guides/real-estate-commission-vic
real estate agent(s) {suburb},typical commission for real estate agent,1,63,/guides/real-estate-commission-vic
real estate agent(s) {suburb},top selling agent rouse hill,1,33,/suburbs/rouse-hill-nsw-2155/agents
real estate agent(s) {suburb},toowong real estate agents,1,29,/suburbs/toowong-qld-4066/agents
real estate agent(s) {suburb},toormina real estate agents,1,29,/suburbs/toormina-nsw-2452/agents
real estate agent(s) {suburb},tanilba bay real estate agents,1,17,/suburbs/tanilba-bay-nsw-2319/agents
real estate agent(s) {suburb},standard real estate agent fee,1,67,/guides/real-estate-commission-vic
real estate agent(s) {suburb},standard commission for real estate agents,1,59,/guides/real-estate-commission-vic
real estate agent(s) {suburb},standard commission for real estate agent,1,62,/guides/real-estate-commission-vic
real estate agent(s) {suburb},st huberts island real estate agents,1,23,/suburbs/st-huberts-island-nsw-2257/agents
real estate agent(s) {suburb},springvale real estate agents,1,25,/suburbs/springvale-vic-3171/agents
real estate agent(s) {suburb},sorrento real estate agents vic,1,33,/suburbs/sorrento-vic-3943/agents
real estate agent(s) {suburb},sorrento real estate agents,1,32,/suburbs/sorrento-vic-3943/agents
real estate agent(s) {suburb},shellharbour real estate agents,1,6,/suburbs/shellharbour-nsw-2529/agents
real estate agent(s) {suburb},selling agent fee,1,53,/guides/real-estate-commission-vic
real estate agent(s) {suburb},sawtell real estate agents,1,10,/suburbs/sawtell-nsw-2452/agents
real estate agent(s) {suburb},sans souci real estate agents,1,33,/suburbs/sans-souci-nsw-2219/agents
real estate agent(s) {suburb},rhodes real estate agents,1,33,/suburbs/rhodes-nsw-2138/agents
real estate agent(s) {suburb},redland bay real estate agents,1,36,/suburbs/redland-bay-qld-4165/agents
real estate agent(s) {suburb},redcliffe real estate agents,1,45,/suburbs/redcliffe-qld-4020/agents
real estate agent(s) {suburb},realtor real estate agent south albury,1,37,/suburbs/south-albury-nsw-2640/agents
real estate agent(s) {suburb},realtor real estate agent bandiana,1,9,/suburbs/bandiana-vic-3691/agents
real estate agent(s) {suburb},real estate agents wonthaggi,1,27,/suburbs/north-wonthaggi-vic-3995/agents
real estate agent(s) {suburb},real estate agents warwick,1,43,/suburbs/warwick-qld-4370/agents
real estate agent(s) {suburb},real estate agents warrnambool,1,41,/suburbs/warrnambool-vic-3280/agents
real estate agent(s) {suburb},real estate agents thurgoona,1,2,/suburbs/thurgoona-nsw-2640/agents
real estate agent(s) {suburb},real estate agents the ponds,1,14,/suburbs/saumarez-ponds-nsw-2350/agents
real estate agent(s) {suburb},real estate agents strathmore,1,11,/suburbs/strathmore-vic-3041/agents
real estate agent(s) {suburb},real estate agents strathfield,1,95,/suburbs/north-strathfield-nsw-2137/agents
real estate agent(s) {suburb},real estate agents st ives,1,6,/suburbs/st-ives-chase-nsw-2075/agents
real estate agent(s) {suburb},real estate agents springvale,1,25,/suburbs/springvale-vic-3171/agents
real estate agent(s) {suburb},real estate agents sans souci,1,31,/suburbs/sans-souci-nsw-2219/agents
real estate agent(s) {suburb},real estate agents rosebery,1,28,/suburbs/rosebery-nsw-2018/agents
real estate agent(s) {suburb},real estate agents pyrmont,1,34,/suburbs/pyrmont-nsw-2009/agents
real estate agent(s) {suburb},real estate agents prospect,1,28,/suburbs/prospect-nsw-2148/agents
real estate agent(s) {suburb},real estate agents potts point,1,17,/suburbs/potts-point-nsw-2011/agents
real estate agent(s) {suburb},real estate agents port adelaide,1,28,/suburbs/port-adelaide-sa-5015/agents
real estate agent(s) {suburb},real estate agents payneham,1,16,/suburbs/payneham-sa-5070/agents
real estate agent(s) {suburb},real estate agents paradise,1,1,/suburbs/paradise-sa-5075/agents
real estate agent(s) {suburb},real estate agents orange nsw,1,49,/suburbs/orange-nsw-2800/agents
real estate agent(s) {suburb},real estate agents north lakes,1,16,/suburbs/north-lakes-qld-4509/agents
real estate agent(s) {suburb},real estate agents niddrie,1,24,/suburbs/niddrie-vic-3042/agents
real estate agent(s) {suburb},real estate agents narangba,1,4,/suburbs/narangba-qld-4504/agents
real estate agent(s) {suburb},real estate agents murwillumbah,1,34,/suburbs/murwillumbah-nsw-2484/agents
real estate agent(s) {suburb},real estate agents mudgee,1,37,/suburbs/mudgee-nsw-2850/agents
real estate agent(s) {suburb},real estate agents mosman,1,41,/suburbs/mosman-nsw-2088/agents
real estate agent(s) {suburb},real estate agents moe,1,22,/suburbs/moe-vic-3825/agents
real estate agent(s) {suburb},real estate agents mile end,1,20,/suburbs/mile-end-sa-5031/agents
real estate agent(s) {suburb},real estate agents lismore,1,41,/suburbs/lismore-nsw-2480/agents
real estate agent(s) {suburb},real estate agents lilyfield,1,10,/suburbs/lilyfield-nsw-2040/agents
real estate agent(s) {suburb},real estate agents lemon tree passage,1,22,/suburbs/lemon-tree-passage-nsw-2319/agents
real estate agent(s) {suburb},real estate agents leads,1,80,/for-agents
real estate agent(s) {suburb},real estate agents kojonup,1,17,/suburbs/kojonup-wa-6395/agents
real estate agent(s) {suburb},real estate agents killarney vale,1,23,/suburbs/killarney-vale-nsw-2261/agents
real estate agent(s) {suburb},real estate agents kearns,1,3,/suburbs/kearns-nsw-2558/agents
real estate agent(s) {suburb},real estate agents katoomba,1,40,/suburbs/katoomba-nsw-2780/agents
real estate agent(s) {suburb},real estate agents kalkallo,1,4,/suburbs/kalkallo-vic-3064/agents
real estate agent(s) {suburb},real estate agents ingleburn,1,37,/suburbs/ingleburn-nsw-2565/agents
real estate agent(s) {suburb},real estate agents in warrnambool,1,42,/suburbs/warrnambool-vic-3280/agents
real estate agent(s) {suburb},real estate agents in thornlie,1,26,/suburbs/thornlie-wa-6108/agents
real estate agent(s) {suburb},real estate agents in port macquarie,1,50,/suburbs/port-macquarie-nsw-2444/agents
real estate agent(s) {suburb},real estate agents in port douglas,1,38,/suburbs/port-douglas-qld-4877/agents
real estate agent(s) {suburb},real estate agents in orange,1,46,/suburbs/orange-nsw-2800/agents
real estate agent(s) {suburb},real estate agents in north coogee,1,24,/suburbs/north-coogee-wa-6163/agents
real estate agent(s) {suburb},real estate agents in huntingdale,1,25,/suburbs/huntingdale-vic-3166/agents
real estate agent(s) {suburb},real estate agents in gosnells,1,28,/suburbs/gosnells-wa-6110/agents
real estate agent(s) {suburb},real estate agents in echuca,1,34,/suburbs/echuca-vic-3564/agents
real estate agent(s) {suburb},real estate agents in deepdene,1,5,/suburbs/deepdene-vic-3103/agents
real estate agent(s) {suburb},real estate agents in bathurst,1,49,/suburbs/bathurst-nsw-2795/agents
real estate agent(s) {suburb},real estate agents in ballina,1,37,/suburbs/ballina-nsw-2478/agents
real estate agent(s) {suburb},real estate agents highgate,1,14,/suburbs/highgate-sa-5063/agents
real estate agent(s) {suburb},real estate agents harrisdale,1,18,/suburbs/harrisdale-wa-6112/agents
real estate agent(s) {suburb},real estate agents gunnedah,1,38,/suburbs/gunnedah-nsw-2380/agents
real estate agent(s) {suburb},real estate agents goodwood,1,15,/suburbs/goodwood-sa-5034/agents
real estate agent(s) {suburb},real estate agents glenroy,1,5,/suburbs/glenroy-vic-3046/agents
real estate agent(s) {suburb},real estate agents glebe,1,27,/suburbs/glebe-nsw-2037/agents
real estate agent(s) {suburb},real estate agents forestville,1,25,/suburbs/forestville-nsw-2087/agents
real estate agent(s) {suburb},real estate agents findon,1,14,/suburbs/findon-sa-5023/agents
real estate agent(s) {suburb},real estate agents emerald,1,12,/suburbs/emerald-vic-3782/agents
real estate agent(s) {suburb},real estate agents ellenbrook,1,37,/suburbs/ellenbrook-wa-6069/agents
real estate agent(s) {suburb},real estate agents east albury,1,10,/suburbs/east-albury-nsw-2640/agents
real estate agent(s) {suburb},real estate agents duncraig,1,4,/suburbs/duncraig-wa-6023/agents
real estate agent(s) {suburb},real estate agents dromana,1,4,/suburbs/dromana-vic-3936/agents
real estate agent(s) {suburb},real estate agents coolbellup,1,13,/suburbs/coolbellup-wa-6163/agents
real estate agent(s) {suburb},real estate agents commision,1,25,/guides/real-estate-commission-vic
real estate agent(s) {suburb},real estate agents coburg north,1,7,/suburbs/coburg-north-vic-3058/agents
real estate agent(s) {suburb},real estate agents carlton,1,12,/suburbs/carlton-vic-3000/agents
real estate agent(s) {suburb},real estate agents booral,1,11,/suburbs/booral-nsw-2425/agents
real estate agent(s) {suburb},real estate agents blacktown,1,37,/suburbs/blacktown-nsw-2148/agents
real estate agent(s) {suburb},real estate agents blackburn,1,31,/suburbs/blackburn-vic-3130/agents
real estate agent(s) {suburb},real estate agents beulah park,1,16,/suburbs/beulah-park-sa-5067/agents
real estate agent(s) {suburb},real estate agents bellingen,1,28,/suburbs/bellingen-nsw-2454/agents
real estate agent(s) {suburb},real estate agents bardwell park,1,18,/suburbs/bardwell-park-nsw-2207/agents
real estate agent(s) {suburb},real estate agents balaclava,1,20,/suburbs/balaclava-vic-3183/agents
real estate agent(s) {suburb},real estate agents avondale heights,1,28,/suburbs/avondale-heights-vic-3034/agents
real estate agent(s) {suburb},real estate agents annandale,1,36,/suburbs/annandale-nsw-2038/agents
real estate agent(s) {suburb},real estate agents albert park melbourne,1,50,/suburbs/albert-park-vic-3206/agents
real estate agent(s) {suburb},real estate agents albany creek,1,49,/suburbs/albany-creek-qld-4035/agents
real estate agent(s) {suburb},real estate agents aberfeldie,1,6,/suburbs/aberfeldie-vic-3040/agents
real estate agent(s) {suburb},real estate agent's commission on sale of property,1,59,/guides/real-estate-commission-vic
real estate agent(s) {suburb},real estate agent warrnambool,1,45,/suburbs/warrnambool-vic-3280/agents
real estate agent(s) {suburb},real estate agent thurgoona,1,3,/suburbs/thurgoona-nsw-2640/agents
real estate agent(s) {suburb},real estate agent surrey hills,1,2,/suburbs/surrey-hills-vic-3127/agents
real estate agent(s) {suburb},real estate agent standard commission,1,52,/guides/real-estate-commission-vic
real estate agent(s) {suburb},real estate agent somers,1,20,/suburbs/somers-vic-3927/agents
real estate agent(s) {suburb},real estate agent selling their own home commission,1,37,/guides/real-estate-commission-vic
real estate agent(s) {suburb},real estate agent rockingham,1,40,/suburbs/rockingham-wa-6168/agents
real estate agent(s) {suburb},real estate agent rates,1,56,/guides/real-estate-commission-vic
real estate agent(s) {suburb},real estate agent rate,1,63,/guides/real-estate-commission-vic
real estate agent(s) {suburb},real estate agent randwick,1,36,/suburbs/randwick-nsw-2031/agents
real estate agent(s) {suburb},real estate agent prices,1,51,/guides/real-estate-commission-vic
real estate agent(s) {suburb},real estate agent payment,1,54,/guides/real-estate-commission-vic
real estate agent(s) {suburb},real estate agent near me north albury,1,45,/suburbs/north-albury-nsw-2640/agents
real estate agent(s) {suburb},real estate agent near me east albury,1,3,/suburbs/east-albury-nsw-2640/agents
real estate agent(s) {suburb},real estate agent malvern,1,3,/suburbs/malvern-east-vic-3145/agents
real estate agent(s) {suburb},real estate agent malveren,1,7,/suburbs/malvern-east-vic-3145/agents
real estate agent(s) {suburb},real estate agent lavington,1,19,/suburbs/lavington-nsw-2641/agents
real estate agent(s) {suburb},real estate agent huntingdale,1,14,/suburbs/huntingdale-vic-3166/agents
real estate agent(s) {suburb},real estate agent how much commission,1,49,/guides/real-estate-commission-nsw
real estate agent(s) {suburb},real estate agent goodna,1,25,/suburbs/goodna-qld-4300/agents
real estate agent(s) {suburb},real estate agent fee percentage,1,52,/guides/real-estate-commission-vic
real estate agent(s) {suburb},real estate agent fee for selling house,1,66,/guides/real-estate-commission-vic
real estate agent(s) {suburb},real estate agent fee for buyer,1,78,/guides/buyers-agent-cost-australia
real estate agent(s) {suburb},real estate agent fee calculator,1,80,/guides/real-estate-commission-vic
real estate agent(s) {suburb},real estate agent deagon,1,14,/suburbs/deagon-qld-4017/agents
real estate agent(s) {suburb},real estate agent dakabin,1,14,/suburbs/dakabin-qld-4503/agents
real estate agent(s) {suburb},real estate agent crows nest,1,39,/suburbs/crows-nest-nsw-2065/agents
real estate agent(s) {suburb},real estate agent costs selling,1,48,/guides/real-estate-commission-vic
real estate agent(s) {suburb},real estate agent costs,1,48,/guides/real-estate-commission-vic
real estate agent(s) {suburb},real estate agent cost for seller,1,58,/guides/buyers-agent-cost-australia
real estate agent(s) {suburb},real estate agent cost for buyer,1,95,/guides/real-estate-commission-nsw
real estate agent(s) {suburb},real estate agent comparison tool​ victoria,1,57,/find-an-expert
real estate agent(s) {suburb},real estate agent carina,1,62,/suburbs/carina-qld-4152/agents
real estate agent(s) {suburb},real estate agent canterbury,1,22,/suburbs/canterbury-vic-3126/agents
real estate agent(s) {suburb},real estate agent broker fees,1,60,/guides/real-estate-commission-vic
real estate agent(s) {suburb},real estate agent average commission,1,58,/guides/real-estate-commission-vic
real estate agent(s) {suburb},real estate agent appraisal modbury,1,19,/suburbs/modbury-sa-5092/agents
real estate agent(s) {suburb},quirindi real estate agents,1,14,/suburbs/quirindi-nsw-2343/agents
real estate agent(s) {suburb},questions to ask real estate agent,1,69,/guides/questions-to-ask-a-real-estate-agent
real estate agent(s) {suburb},questions to ask a real estate agent,1,73,/guides/questions-to-ask-a-real-estate-agent
real estate agent(s) {suburb},port adelaide real estate agents,1,22,/suburbs/port-adelaide-sa-5015/agents
real estate agent(s) {suburb},percentage real estate agents make,1,59,/guides/real-estate-commission-vic
real estate agent(s) {suburb},north sydney real estate agents,1,40,/suburbs/north-sydney-nsw-2060/agents
real estate agent(s) {suburb},north lakes real estate agents,1,36,/suburbs/north-lakes-qld-4509/agents
real estate agent(s) {suburb},north adelaide real estate agents,1,22,/suburbs/north-adelaide-sa-5006/agents
real estate agent(s) {suburb},normal commission for real estate agent,1,65,/guides/real-estate-commission-vic
real estate agent(s) {suburb},no commission real estate agents,1,48,/guides/real-estate-commission-vic
real estate agent(s) {suburb},morisset real estate agents,1,2,/suburbs/morisset-nsw-2264/agents
real estate agent(s) {suburb},mollymook real estate agents,1,32,/suburbs/mollymook-beach-nsw-2539/agents
real estate agent(s) {suburb},merimbula real estate agents,1,50,/suburbs/merimbula-nsw-2548/agents
real estate agent(s) {suburb},mayfield real estate agents,1,24,/suburbs/mayfield-nsw-2304/agents
real estate agent(s) {suburb},lower commission real estate agents,1,60,/guides/real-estate-commission-vic
real estate agent(s) {suburb},low commission real estate agent,1,61,/guides/real-estate-commission-vic
real estate agent(s) {suburb},local real estate agent in greenwith,1,16,/suburbs/greenwith-sa-5125/agents
real estate agent(s) {suburb},leads real estate agents,1,74,/for-agents
real estate agent(s) {suburb},lead for real estate agent,1,84,/for-agents
real estate agent(s) {suburb},lara real estate agents,1,2,/suburbs/lara-vic-3212/agents
real estate agent(s) {suburb},kurralta park real estate agents,1,25,/suburbs/kurralta-park-sa-5037/agents
real estate agent(s) {suburb},kojonup real estate agents,1,17,/suburbs/kojonup-wa-6395/agents
real estate agent(s) {suburb},kingaroy real estate agents,1,37,/suburbs/kingaroy-qld-4610/agents
real estate agent(s) {suburb},kenmore real estate agents,1,24,/suburbs/kenmore-qld-4069/agents
real estate agent(s) {suburb},katoomba real estate agents,1,3,/suburbs/katoomba-nsw-2780/agents
real estate agent(s) {suburb},ivanhoe real estate agents,1,2,/suburbs/ivanhoe-east-vic-3079/agents
real estate agent(s) {suburb},huskisson real estate agents,1,4,/suburbs/huskisson-nsw-2540/agents
real estate agent(s) {suburb},how to look for a real estate agent,1,73,/find-an-expert
real estate agent(s) {suburb},how to find a real estate agent for buying,1,84,/find-an-expert
real estate agent(s) {suburb},how to compare real estate agents,1,74,/find-an-expert
real estate agent(s) {suburb},how much to real estate agents make on a sale,1,63,/guides/real-estate-commission-vic
real estate agent(s) {suburb},how much is the commission of a real estate agent,1,59,/guides/real-estate-commission-vic
real estate agent(s) {suburb},how much is a real estate agent,1,54,/guides/buyers-agent-cost-australia
real estate agent(s) {suburb},how much does real estate agent make on a sale,1,58,/guides/real-estate-commission-vic
real estate agent(s) {suburb},how much does a real estate agent cost,1,58,/guides/real-estate-commission-vic
real estate agent(s) {suburb},how much does a real estate agent,1,61,/guides/real-estate-commission-vic
real estate agent(s) {suburb},how much do you pay a real estate agent to sell your house,1,11,/guides/real-estate-commission-nsw
real estate agent(s) {suburb},how much do real estate agents make on commission,1,72,/guides/real-estate-commission-vic
real estate agent(s) {suburb},how much do real estate agents make in commission,1,68,/guides/real-estate-commission-vic
real estate agent(s) {suburb},how much do real estate agents make commission,1,51,/guides/real-estate-commission-nsw
real estate agent(s) {suburb},how much do real estate agents get in commission,1,49,/guides/real-estate-commission-nsw
real estate agent(s) {suburb},how much do real estate agents get,1,60,/guides/real-estate-commission-vic
real estate agent(s) {suburb},how much do real estate agents earn per sale australia,1,72,/guides/real-estate-commission-nsw
real estate agent(s) {suburb},how much do real estate agents earn commission,1,55,/guides/real-estate-commission-vic
real estate agent(s) {suburb},how much commission real estate agent,1,67,/guides/real-estate-commission-vic
real estate agent(s) {suburb},how much commission do commercial real estate agents make,1,67,/guides/real-estate-commission-vic
real estate agent(s) {suburb},how do real estate agents get paid,1,64,/glossary/commission-agent
real estate agent(s) {suburb},glen waverley real estate agents,1,44,/suburbs/glen-waverley-vic-3150/agents
real estate agent(s) {suburb},gledswood hills real estate agents,1,21,/suburbs/gledswood-hills-nsw-2557/agents
real estate agent(s) {suburb},glebe real estate agents,1,22,/suburbs/glebe-nsw-2037/agents
real estate agent(s) {suburb},fixed price real estate agents,1,57,/guides/real-estate-commission-vic
real estate agent(s) {suburb},fixed fee real estate agent,1,71,/guides/real-estate-commission-vic
real estate agent(s) {suburb},experienced real estate agents rouse hill,1,45,/suburbs/rouse-hill-nsw-2155/agents
real estate agent(s) {suburb},erina real estate agents,1,3,/suburbs/erina-nsw-2250/agents
real estate agent(s) {suburb},epping real estate agents,1,34,/suburbs/epping-nsw-2121/agents
real estate agent(s) {suburb},emerald real estate agents,1,13,/suburbs/emerald-vic-3782/agents
real estate agent(s) {suburb},do real estate agents get commission,1,50,/guides/real-estate-commission-vic
real estate agent(s) {suburb},deagon real estate agents,1,12,/suburbs/deagon-qld-4017/agents
real estate agent(s) {suburb},dakabin real estate agents,1,1,/suburbs/dakabin-qld-4503/agents
real estate agent(s) {suburb},currumbin selling agent,1,61,/suburbs/currumbin-waters-qld-4223/agents
real estate agent(s) {suburb},cost of real estate agent,1,42,/guides/real-estate-commission-nsw
real estate agent(s) {suburb},compare real estate agents melbourne,1,66,/suburbs/melbourne-vic-3000/agents
real estate agent(s) {suburb},commissions for real estate agents,1,47,/glossary/commission-agent
real estate agent(s) {suburb},commission real estate agent,1,50,/guides/real-estate-commission-vic
real estate agent(s) {suburb},commission rates for real estate agents,1,56,/guides/real-estate-commission-vic
real estate agent(s) {suburb},commission for a real estate agent,1,71,/guides/real-estate-commission-vic
real estate agent(s) {suburb},christies beach real estate agents,1,24,/suburbs/christies-beach-sa-5165/agents
real estate agent(s) {suburb},carina real estate agents,1,36,/suburbs/carina-qld-4152/agents
real estate agent(s) {suburb},capped commission real estate agents,1,69,/guides/real-estate-commission-vic
real estate agent(s) {suburb},campbelltown real estate agents,1,3,/suburbs/campbelltown-nsw-2560/agents
real estate agent(s) {suburb},burpengary real estate agents,1,6,/suburbs/burpengary-qld-4505/agents
real estate agent(s) {suburb},blackburn real estate agents,1,12,/suburbs/blackburn-vic-3130/agents
real estate agent(s) {suburb},best way to find a real estate agent,1,66,/find-an-expert
real estate agent(s) {suburb},best real estate agents travancore,1,14,/suburbs/travancore-vic-3032/agents
real estate agent(s) {suburb},best real estate agents oak park,1,34,/suburbs/oak-park-vic-3046/agents
real estate agent(s) {suburb},best real estate agents niddrie,1,32,/suburbs/niddrie-vic-3042/agents
real estate agent(s) {suburb},best real estate agents moonee ponds,1,36,/suburbs/moonee-ponds-vic-3039/agents
real estate agent(s) {suburb},best real estate agents klemzig,1,14,/suburbs/klemzig-sa-5087/agents
real estate agent(s) {suburb},best real estate agents keilor east,1,32,/suburbs/keilor-east-vic-3033/agents
real estate agent(s) {suburb},best real estate agents in thornlie,1,28,/suburbs/thornlie-wa-6108/agents
real estate agent(s) {suburb},best real estate agents in roleystone,1,27,/suburbs/roleystone-wa-6111/agents
real estate agent(s) {suburb},best real estate agents in mundingburra,1,15,/suburbs/mundingburra-qld-4812/agents
real estate agent(s) {suburb},best real estate agents in harrisdale,1,23,/suburbs/harrisdale-wa-6112/agents
real estate agent(s) {suburb},best real estate agents in byford,1,31,/suburbs/byford-wa-6122/agents
real estate agent(s) {suburb},best real estate agents essendon north,1,24,/suburbs/essendon-north-vic-3041/agents
real estate agent(s) {suburb},best real estate agent in ridgehaven,1,18,/suburbs/ridgehaven-sa-5097/agents
real estate agent(s) {suburb},balwyn north real estate agents,1,30,/suburbs/balwyn-north-vic-3104/agents
real estate agent(s) {suburb},average real estate agent fee,1,53,/guides/real-estate-commission-vic
real estate agent(s) {suburb},average commission for real estate agents qld,1,79,/real-estate-commission-calculator
real estate agent(s) {suburb},average commission for real estate agents,1,66,/guides/real-estate-commission-vic
real estate agent(s) {suburb},atherton real estate agents,1,37,/suburbs/atherton-qld-4883/agents
real estate agent(s) {suburb},ashtonfield real estate agent,1,6,/suburbs/ashtonfield-nsw-2323/agents
real estate agent(s) {suburb},annandale real estate agents,1,32,/suburbs/annandale-nsw-2038/agents
real estate agent(s) {suburb},alstonville real estate agents,1,28,/suburbs/alstonville-nsw-2477/agents
real estate agent(s) {suburb},albany creek real estate agents,1,38,/suburbs/albany-creek-qld-4035/agents
real estate agent(s) {suburb},abbotsford real estate agents,1,17,/suburbs/abbotsford-vic-3067/agents
real estate agent(s) {suburb},6 commission for real estate agent,1,66,/guides/real-estate-commission-nsw
real estate agent(s) {suburb},1 commission real estate agent,1,74,/guides/real-estate-commission-vic
commission / agent fees,real estate commission,76,53,/guides/real-estate-commission-vic
commission / agent fees,real estate agent fees,67,31,/guides/real-estate-commission-vic
commission / agent fees,how much does a real estate agent charge,50,24,/guides/real-estate-commission-vic
commission / agent fees,real estate agents fees,42,31,/guides/real-estate-commission-nsw
commission / agent fees,what is the average real estate agent commission in victoria,39,40,/guides/real-estate-commission-vic
commission / agent fees,how much commission does a realtor make in australia,37,76,/real-estate-commission-calculator
commission / agent fees,what is the average real estate agent commission in nsw,36,59,/real-estate-commission-calculator
commission / agent fees,real estate agent commission,36,59,/guides/real-estate-commission-vic
commission / agent fees,how much commission does a realtor make nsw,29,64,/real-estate-commission-calculator
commission / agent fees,how much commission does a realtor make,26,66,/guides/real-estate-commission-vic
commission / agent fees,real estate agent fees nsw,24,25,/guides/real-estate-commission-nsw
commission / agent fees,flat fee commissions,24,76,/guides/real-estate-commission-vic
commission / agent fees,how much is real estate agent commission,23,58,/guides/real-estate-commission-vic
commission / agent fees,agent fees for selling house,23,32,/guides/real-estate-commission-nsw
commission / agent fees,real estate commission qld,22,79,/real-estate-commission-calculator
commission / agent fees,qld real estate commission table,19,73,/real-estate-commission-calculator
commission / agent fees,estate agent fees,18,32,/guides/real-estate-commission-vic
commission / agent fees,compare real estate agent commissions,18,73,/guides/real-estate-commission-vic
commission / agent fees,commission on selling a house,18,47,/guides/real-estate-commission-vic
commission / agent fees,real estate commission nsw,17,34,/real-estate-commission-calculator
commission / agent fees,standard real estate commission,16,58,/guides/real-estate-commission-vic
commission / agent fees,real estate commission new south wales,16,18,/guides/real-estate-commission-nsw
commission / agent fees,low commission real estate,16,74,/guides/real-estate-commission-vic
commission / agent fees,how much commission real estate nsw,16,72,/guides/real-estate-commission-nsw
commission / agent fees,commission on selling a house brighton,16,70,/real-estate-commission-calculator
commission / agent fees,real estate agent fees for selling,15,55,/guides/real-estate-commission-vic
commission / agent fees,real estate commission fees,14,60,/guides/real-estate-commission-vic
commission / agent fees,agent fees for selling a house,13,37,/guides/real-estate-commission-vic
commission / agent fees,real estate sales commission,12,63,/guides/real-estate-commission-vic
commission / agent fees,real estate commission calculator nsw,12,47,/real-estate-commission-calculator
commission / agent fees,nsw real estate commission,12,29,/guides/real-estate-commission-nsw
commission / agent fees,commission real estate,12,69,/guides/real-estate-commission-vic
commission / agent fees,typical real estate agent fees,11,42,/guides/real-estate-commission-vic
commission / agent fees,average real estate agent fees,11,43,/guides/real-estate-commission-vic
commission / agent fees,real estate commissions,10,82,/guides/real-estate-commission-vic
commission / agent fees,real estate agent fees victoria,10,36,/guides/real-estate-commission-vic
commission / agent fees,real estate agent fees melbourne,10,48,/guides/real-estate-commission-vic
commission / agent fees,real estate agent commission percentage nsw,10,50,/guides/real-estate-commission-nsw
commission / agent fees,how much is commission for selling a house,10,48,/guides/real-estate-commission-vic
commission / agent fees,commission real estate nsw,10,40,/guides/real-estate-commission-nsw
commission / agent fees,commission on selling a house bracken ridge,10,63,/real-estate-commission-calculator
commission / agent fees,real estate commission calculator,9,81,/real-estate-commission-calculator
commission / agent fees,real estate agent fees calculator,9,83,/real-estate-commission-calculator
commission / agent fees,real estate agent commission nsw,9,23,/guides/real-estate-commission-nsw
commission / agent fees,commission on real estate sales,9,70,/guides/real-estate-commission-vic
commission / agent fees,commission for selling a house,9,65,/guides/real-estate-commission-vic
commission / agent fees,average real estate commission,9,57,/guides/real-estate-commission-vic
commission / agent fees,real estate commission qld calculator,8,73,/real-estate-commission-calculator
commission / agent fees,real estate agent commissions,8,59,/guides/real-estate-commission-vic
commission / agent fees,queensland real estate commission,8,82,/real-estate-commission-calculator
commission / agent fees,commission calculator,8,80,/real-estate-commission-calculator
commission / agent fees,agent fees,8,31,/guides/real-estate-commission-vic
commission / agent fees,realestate agent fees,7,52,/guides/real-estate-commission-vic
commission / agent fees,real estate commission rates australia,7,83,/real-estate-commission-calculator
commission / agent fees,real estate commission rates,7,63,/real-estate-commission-calculator
commission / agent fees,qld real estate commission,7,72,/real-estate-commission-calculator
commission / agent fees,listing agent commission,7,49,/guides/real-estate-commission-vic
commission / agent fees,how much is realtor commission,7,72,/guides/real-estate-commission-vic
commission / agent fees,how much is real estate commission,7,65,/guides/real-estate-commission-vic
commission / agent fees,how much does real estate agent charge,7,50,/guides/real-estate-commission-vic
commission / agent fees,how much commission to sell house,7,68,/guides/real-estate-commission-vic
commission / agent fees,how much commission to sell a house,7,64,/guides/real-estate-commission-vic
commission / agent fees,commission estimator,7,82,/real-estate-commission-calculator
commission / agent fees,agents fees selling house melbourne,7,69,/guides/real-estate-commission-vic
commission / agent fees,agent fees canberra,7,38,/guides/real-estate-commission-act
commission / agent fees,agent commission victoria,7,27,/guides/real-estate-commission-vic
commission / agent fees,what is a real estate agents commission,6,49,/glossary/commission-agent
commission / agent fees,real estate agents fees calculator,6,82,/guides/real-estate-commission-vic
commission / agent fees,nsw real estate commission calculator,6,26,/guides/real-estate-commission-nsw
commission / agent fees,average real estate commission nsw,6,61,/real-estate-commission-calculator
commission / agent fees,agent fees hobart,6,28,/guides/real-estate-commission-tas
commission / agent fees,selling agent fees,5,29,/guides/real-estate-commission-nsw
commission / agent fees,real estate commission calculator qld,5,62,/real-estate-commission-calculator
commission / agent fees,real estate commission australia,5,63,/real-estate-commission-calculator
commission / agent fees,real estate agents commission nsw,5,30,/guides/real-estate-commission-nsw
commission / agent fees,real estate agents commission,5,65,/guides/real-estate-commission-vic
commission / agent fees,real estate agent fees sa,5,56,/real-estate-commission-calculator
commission / agent fees,real estate agent commission victoria,5,36,/guides/real-estate-commission-vic
commission / agent fees,real estate agent commission percentage,5,57,/guides/real-estate-commission-vic
commission / agent fees,real estate agent commission calculator,5,67,/guides/real-estate-commission-vic
commission / agent fees,no commission real estate,5,35,/guides/real-estate-commission-vic
commission / agent fees,melbourne real estate agent fees,5,59,/guides/real-estate-commission-vic
commission / agent fees,listing agent commission rate,5,68,/guides/real-estate-commission-vic
commission / agent fees,how much real estate commission,5,77,/real-estate-commission-calculator
commission / agent fees,how much is a real estate commission,5,73,/guides/real-estate-commission-vic
commission / agent fees,how much agent charge for selling house,5,34,/guides/real-estate-commission-vic
commission / agent fees,home sale commission,5,57,/guides/real-estate-commission-vic
commission / agent fees,fixed commission real estate,5,63,/guides/real-estate-commission-vic
commission / agent fees,commission rate real estate,5,57,/guides/real-estate-commission-vic
commission / agent fees,commission on house sale,5,39,/guides/real-estate-commission-vic
commission / agent fees,commission house sale,5,45,/guides/real-estate-commission-vic
commission / agent fees,commission for selling house,5,60,/guides/real-estate-commission-vic
commission / agent fees,average real estate agent commission,5,47,/guides/real-estate-commission-vic
commission / agent fees,average listing agent commission,5,61,/guides/real-estate-commission-vic
commission / agent fees,agents fees for selling property,5,49,/guides/real-estate-commission-vic
commission / agent fees,agents fees for selling a house,5,48,/guides/real-estate-commission-vic
commission / agent fees,agents commission calculator nsw,5,36,/guides/real-estate-commission-nsw
commission / agent fees,agent fees nsw,5,20,/guides/real-estate-commission-nsw
commission / agent fees,agent fees for selling property,5,38,/guides/real-estate-commission-vic
commission / agent fees,what is the real estate agent commission,4,52,/guides/real-estate-commission-vic
commission / agent fees,what is the commission on selling a house,4,32,/guides/real-estate-commission-vic
commission / agent fees,what is real estate commission,4,53,/guides/real-estate-commission-vic
commission / agent fees,what is real estate agent commission,4,38,/glossary/commission-agent
commission / agent fees,what are real estate agents commission,4,48,/glossary/commission-agent
commission / agent fees,what are real estate agent fees,4,66,/guides/real-estate-commission-vic
commission / agent fees,typical real estate commission,4,31,/guides/real-estate-commission-vic
commission / agent fees,settlement agent fees calculator wa,4,80,/real-estate-commission-calculator
commission / agent fees,seller commission real estate,4,38,/guides/real-estate-commission-vic
commission / agent fees,realtor commission rates,4,70,/guides/real-estate-commission-vic
commission / agent fees,real estate commission split comparison,4,59,/guides/real-estate-commission-nsw
commission / agent fees,real estate commission fees nsw,4,32,/guides/real-estate-commission-nsw
commission / agent fees,real estate commission canberra,4,61,/real-estate-commission-calculator
commission / agent fees,real estate agent commission rate,4,65,/guides/real-estate-commission-vic
commission / agent fees,nsw real estate agent fees,4,20,/guides/real-estate-commission-nsw
commission / agent fees,nsw real estate agent commission,4,24,/guides/real-estate-commission-nsw
commission / agent fees,lowest commission real estate,4,72,/guides/real-estate-commission-vic
commission / agent fees,house sale commission,4,51,/guides/real-estate-commission-vic
commission / agent fees,compare real estate agent fees,4,43,/guides/real-estate-commission-nsw
commission / agent fees,commission on selling a house deagon,4,49,/guides/real-estate-commission-qld
commission / agent fees,commission kickback rate,4,76,/guides/real-estate-commission-nsw
commission / agent fees,commission fee,4,68,/guides/real-estate-commission-vic
commission / agent fees,agents fees to sell a house,4,55,/guides/real-estate-commission-vic
commission / agent fees,agents commission nsw,4,24,/guides/real-estate-commission-nsw
commission / agent fees,agent fees for selling,4,48,/guides/real-estate-commission-vic
commission / agent fees,agent commission nsw,4,22,/guides/real-estate-commission-nsw
commission / agent fees,what is the commission for a real estate broker,3,64,/guides/real-estate-commission-vic
commission / agent fees,what commission do estate agents get,3,47,/guides/real-estate-commission-vic
commission / agent fees,usual realtor commission,3,74,/guides/real-estate-commission-vic
commission / agent fees,typical realtor commission,3,58,/guides/real-estate-commission-vic
commission / agent fees,typical agent fees when selling a house,3,46,/guides/real-estate-commission-vic
commission / agent fees,sydney real estate agent commission,3,64,/real-estate-commission-calculator
commission / agent fees,standard real estate commission qld,3,81,/real-estate-commission-calculator
commission / agent fees,standard real estate agent commission,3,48,/guides/real-estate-commission-vic
commission / agent fees,realtor commission rate,3,65,/guides/real-estate-commission-vic
commission / agent fees,realtor commission percentage,3,68,/guides/real-estate-commission-vic
commission / agent fees,realtor commission,3,71,/guides/real-estate-commission-vic
commission / agent fees,real estate salesperson commission,3,56,/guides/real-estate-commission-vic
commission / agent fees,real estate commission wa calculator,3,74,/real-estate-commission-calculator
commission / agent fees,real estate commission victoria,3,23,/guides/real-estate-commission-vic
commission / agent fees,real estate commission nsw calculator,3,25,/guides/real-estate-commission-nsw
commission / agent fees,real estate commission calculator australia,3,77,/guides/real-estate-commission-vic
commission / agent fees,real estate agent fees and commission,3,48,/guides/real-estate-commission-vic
commission / agent fees,real estate agent charges,3,32,/guides/real-estate-commission-vic
commission / agent fees,how much commission for selling a house,3,78,/guides/real-estate-commission-vic
commission / agent fees,housing agent commission,3,48,/guides/real-estate-commission-vic
commission / agent fees,estate agent charges,3,70,/guides/buyers-agent-cost-australia
commission / agent fees,commission selling house,3,42,/guides/real-estate-commission-nsw
commission / agent fees,commission on sale of property,3,46,/glossary/commission-agent
commission / agent fees,commission on real estate,3,60,/guides/real-estate-commission-vic
commission / agent fees,broker real estate commission,3,52,/guides/real-estate-commission-vic
commission / agent fees,average real estate broker commission,3,58,/guides/real-estate-commission-vic
commission / agent fees,average real estate agent commission sydney,3,83,/real-estate-commission-calculator
commission / agent fees,agents fees to sell house,3,72,/guides/cost-of-selling-a-house-australia
commission / agent fees,agents fees for selling,3,74,/guides/real-estate-agent-fees-australia
commission / agent fees,agents fees,3,47,/guides/real-estate-commission-vic
commission / agent fees,agents commission qld,3,74,/real-estate-commission-calculator
commission / agent fees,agent fees when selling a house,3,46,/guides/real-estate-commission-vic
commission / agent fees,agent fees 2016,3,64,/guides/real-estate-agent-fees-australia
commission / agent fees,agent commission,3,32,/glossary/commission-agent
commission / agent fees,who pays commission when selling a house,2,40,/guides/real-estate-commission-vic
commission / agent fees,what is the standard commission for selling a house,2,57,/guides/real-estate-commission-vic
commission / agent fees,what is the going rate for real estate commission,2,34,/guides/real-estate-commission-nsw
commission / agent fees,what is a realtors commission,2,44,/guides/real-estate-commission-vic
commission / agent fees,what commission does a realtor get,2,42,/guides/real-estate-commission-vic
commission / agent fees,usual real estate commission,2,70,/guides/real-estate-commission-vic
commission / agent fees,typical real estate broker commission,2,66,/guides/real-estate-commission-vic
commission / agent fees,typical agent fees,2,50,/guides/real-estate-commission-vic
commission / agent fees,standard real estate agent fees,2,64,/guides/real-estate-commission-vic
commission / agent fees,standard commission for realtors,2,59,/guides/real-estate-commission-vic
commission / agent fees,selling home realtor commission,2,52,/guides/real-estate-commission-vic
commission / agent fees,selling commission real estate,2,55,/guides/real-estate-commission-vic
commission / agent fees,reduced commission real estate,2,70,/guides/real-estate-commission-vic
commission / agent fees,real estate listing commission,2,67,/guides/real-estate-commission-nsw
commission / agent fees,real estate commission wa,2,58,/real-estate-commission-calculator
commission / agent fees,real estate commission tasmania,2,68,/real-estate-commission-calculator
commission / agent fees,real estate commission sydney,2,70,/real-estate-commission-calculator
commission / agent fees,real estate commission rate,2,41,/guides/real-estate-commission-vic
commission / agent fees,real estate commission fees wa,2,64,/real-estate-commission-calculator
commission / agent fees,real estate commission fees sa,2,74,/real-estate-commission-calculator
commission / agent fees,real estate commission calculator vic,2,79,/real-estate-commission-calculator
commission / agent fees,real estate brokerage commissions,2,57,/guides/real-estate-commission-nsw
commission / agent fees,real estate agents fees victoria,2,32,/guides/real-estate-commission-vic
commission / agent fees,real estate agents commission victoria,2,33,/guides/real-estate-commission-vic
commission / agent fees,real estate agents commission rates,2,53,/guides/real-estate-commission-vic
commission / agent fees,real estate agents commission calculator,2,76,/real-estate-commission-calculator
commission / agent fees,real estate agent commission rates sydney,2,75,/guides/real-estate-commission-nsw
commission / agent fees,real estate agent commission rates,2,52,/guides/real-estate-commission-vic
commission / agent fees,real estate agent commission qld,2,78,/glossary/commission-agent
commission / agent fees,real estate agent commission average,2,64,/guides/real-estate-commission-vic
commission / agent fees,real estate agent commission australia,2,68,/real-estate-commission-calculator
commission / agent fees,real estate agency commission,2,44,/glossary/commission-agent
commission / agent fees,queensland real estate commission calculator,2,76,/real-estate-commission-calculator
commission / agent fees,qld real estate commission calculator,2,58,/real-estate-commission-calculator
commission / agent fees,property sales agent commission,2,58,/guides/real-estate-commission-vic
commission / agent fees,how much is commission on selling a house,2,50,/guides/real-estate-commission-vic
commission / agent fees,how much commission real estate,2,76,/guides/real-estate-commission-vic
commission / agent fees,how much commission do realtors make,2,46,/guides/real-estate-commission-vic
commission / agent fees,estate agents fees for selling a house,2,36,/guides/real-estate-commission-vic
commission / agent fees,estate agent fees for selling a house,2,36,/guides/real-estate-commission-vic
commission / agent fees,estate agent commission fees,2,54,/guides/real-estate-commission-vic
commission / agent fees,estate agent commission,2,46,/glossary/commission-agent
commission / agent fees,compare real estate agents fees,2,45,/guides/real-estate-commission-vic
commission / agent fees,common real estate commission,2,68,/guides/real-estate-commission-vic
commission / agent fees,commission when selling a house,2,32,/guides/real-estate-commission-nsw
commission / agent fees,commission to sell house,2,38,/guides/real-estate-commission-vic
commission / agent fees,commission to sell a house,2,46,/guides/real-estate-commission-vic
commission / agent fees,commission on selling house,2,44,/guides/real-estate-commission-vic
commission / agent fees,commission on sale of house,2,36,/guides/real-estate-commission-vic
commission / agent fees,commission calculator real estate,2,76,/real-estate-commission-calculator
commission / agent fees,average real estate commission qld,2,76,/real-estate-commission-calculator
commission / agent fees,average real estate agent commission qld,2,74,/real-estate-commission-calculator
commission / agent fees,average real estate agent commission nsw,2,29,/guides/real-estate-commission-nsw
commission / agent fees,average real estate agent commission melbourne,2,60,/guides/real-estate-commission-vic
commission / agent fees,average estate agent fees,2,58,/guides/buyers-agent-cost-australia
commission / agent fees,agents fees for selling house,2,41,/guides/real-estate-commission-nsw
commission / agent fees,agents commission calculator,2,76,/real-estate-commission-calculator
commission / agent fees,agent commission calculator,2,76,/real-estate-commission-calculator
commission / agent fees,zero commission real estate,1,57,/guides/real-estate-commission-vic
commission / agent fees,who pays for real estate commission,1,65,/guides/real-estate-commission-vic
commission / agent fees,what real estate commission should i pay,1,63,/guides/real-estate-commission-vic
commission / agent fees,what percentage is real estate commission,1,1,/guides/real-estate-commission-vic
commission / agent fees,what is typical real estate commission,1,64,/guides/real-estate-commission-vic
commission / agent fees,what is the typical realtor commission for selling a house,1,50,/guides/real-estate-commission-vic
commission / agent fees,what is the typical real estate agent commission,1,49,/guides/real-estate-commission-vic
commission / agent fees,what is the typical commission for selling a house,1,45,/guides/real-estate-commission-vic
commission / agent fees,what is the standard real estate commission,1,65,/guides/real-estate-commission-vic
commission / agent fees,what is the realtor commission,1,75,/guides/real-estate-commission-vic
commission / agent fees,what is the normal real estate commission,1,67,/guides/real-estate-commission-vic
commission / agent fees,what is the normal commission for selling a house,1,70,/guides/real-estate-commission-vic
commission / agent fees,what is the current real estate commission rate,1,59,/guides/real-estate-commission-vic
commission / agent fees,what is the current commission rate for realtors,1,7,/guides/real-estate-commission-nsw
commission / agent fees,what is the commission for selling a house,1,57,/guides/real-estate-commission-vic
commission / agent fees,what is the average realtor commission,1,63,/guides/real-estate-commission-vic
commission / agent fees,what is the average commission of a realtor,1,50,/guides/real-estate-commission-vic
commission / agent fees,what is the average commission for selling a house,1,67,/guides/real-estate-commission-vic
commission / agent fees,what is the average commission for real estate,1,69,/guides/real-estate-commission-vic
commission / agent fees,what is standard commission for a realtor,1,68,/guides/real-estate-commission-vic
commission / agent fees,what is realtor's commission,1,50,/guides/real-estate-commission-vic
commission / agent fees,what is real estate agents commission,1,76,/guides/real-estate-commission-vic
commission / agent fees,what is commission rate,1,66,/guides/real-estate-commission-vic
commission / agent fees,what is commission on selling a house,1,42,/guides/real-estate-commission-vic
commission / agent fees,what is average real estate commission,1,28,/guides/real-estate-commission-vic
commission / agent fees,what is average real estate agent commission,1,61,/guides/real-estate-commission-vic
commission / agent fees,what is an average commission for a realtor,1,69,/guides/real-estate-commission-vic
commission / agent fees,what is a typical realtor commission,1,38,/guides/real-estate-commission-vic
commission / agent fees,what is a typical real estate agent commission,1,30,/guides/real-estate-commission-vic
commission / agent fees,what is a realtor commission,1,42,/guides/real-estate-commission-nsw
commission / agent fees,what is a real estate agent commission,1,40,/guides/real-estate-commission-nsw
commission / agent fees,what does a real estate agent charge,1,50,/guides/real-estate-commission-nsw
commission / agent fees,what commission do realtors make,1,65,/guides/real-estate-commission-vic
commission / agent fees,what commission do realtors get,1,65,/guides/real-estate-commission-vic
commission / agent fees,what commission do real estate agents charge,1,54,/guides/real-estate-commission-vic
commission / agent fees,what commission do estate agents charge,1,48,/guides/real-estate-commission-vic
commission / agent fees,what are realtor commission rates,1,67,/guides/real-estate-commission-vic
commission / agent fees,what are estate agents fees for selling a house,1,48,/guides/real-estate-commission-vic
commission / agent fees,usual real estate agent commission,1,59,/guides/real-estate-commission-vic
commission / agent fees,typical selling agent commission,1,11,/guides/real-estate-commission-vic
commission / agent fees,typical real estate agent commission,1,39,/guides/real-estate-commission-vic
commission / agent fees,typical estate agent fees,1,35,/guides/real-estate-commission-vic
commission / agent fees,typical estate agent commission,1,51,/guides/real-estate-commission-vic
commission / agent fees,typical commission rates,1,60,/guides/real-estate-commission-vic
commission / agent fees,typical commission for realtor,1,57,/guides/real-estate-commission-vic
commission / agent fees,typical agent commission,1,58,/guides/real-estate-commission-vic
commission / agent fees,the real estate commission,1,13,/guides/real-estate-commission-vic
commission / agent fees,sydney real estate commission,1,28,/guides/real-estate-commission-nsw
commission / agent fees,standard realtor commission rate,1,61,/guides/real-estate-commission-vic
commission / agent fees,standard realtor commission,1,69,/guides/real-estate-commission-vic
commission / agent fees,standard real estate commission nsw,1,56,/real-estate-commission-calculator
commission / agent fees,standard listing agent commission,1,61,/guides/real-estate-commission-vic
commission / agent fees,standard commission for realtor,1,9,/guides/real-estate-commission-nsw
commission / agent fees,selling house commission,1,44,/guides/real-estate-commission-vic
commission / agent fees,selling commission,1,63,/guides/real-estate-commission-vic
commission / agent fees,selling agent commission,1,57,/guides/real-estate-commission-vic
commission / agent fees,seller's agent commission,1,9,/guides/real-estate-commission-nsw
commission / agent fees,seller realtor commission,1,46,/guides/real-estate-commission-vic
commission / agent fees,seller agent commission,1,58,/guides/real-estate-commission-vic
commission / agent fees,sales commission calculator qld,1,87,/real-estate-commission-calculator
commission / agent fees,sales agent fees,1,64,/guides/real-estate-commission-vic
commission / agent fees,sales agent commission,1,37,/guides/real-estate-commission-vic
commission / agent fees,sale commission calculator,1,90,/real-estate-commission-calculator
commission / agent fees,sale commission,1,57,/guides/real-estate-commission-vic
commission / agent fees,right at home realty commission rates,1,48,/guides/real-estate-commission-vic
commission / agent fees,reiq commission rates qld,1,73,/real-estate-commission-calculator
commission / agent fees,reiq commission rates,1,9,/guides/real-estate-commission-vic
commission / agent fees,reiq commission calculator,1,54,/real-estate-commission-calculator
commission / agent fees,realtor sales commission,1,73,/guides/real-estate-commission-vic
commission / agent fees,realtor commission on selling house,1,65,/guides/real-estate-commission-vic
commission / agent fees,realtor commission on 500k house,1,80,/real-estate-commission-calculator
commission / agent fees,realtor commission for selling a house,1,63,/guides/real-estate-commission-vic
commission / agent fees,realtor commission fees,1,60,/guides/real-estate-commission-vic
commission / agent fees,realtor commission calculator,1,76,/guides/real-estate-commission-vic
commission / agent fees,realtor agent commission calculator,1,76,/guides/real-estate-commission-vic
commission / agent fees,realestate commission,1,36,/glossary/commission-agent
commission / agent fees,realestate agent commission,1,44,/glossary/commission-agent
commission / agent fees,real estate seller commission,1,62,/guides/real-estate-commission-vic
commission / agent fees,real estate salesperson commission rate,1,49,/guides/real-estate-commission-vic
commission / agent fees,real estate sales commission calculator,1,82,/real-estate-commission-calculator
commission / agent fees,real estate percentage commission,1,7,/guides/real-estate-commission-nsw
commission / agent fees,real estate commission split calculator,1,73,/real-estate-commission-calculator
commission / agent fees,real estate commission queensland,1,73,/real-estate-commission-calculator
commission / agent fees,real estate commission qld 2024,1,71,/real-estate-commission-calculator
commission / agent fees,real estate commission percentage,1,68,/guides/real-estate-commission-vic
commission / agent fees,real estate commission on 1 million,1,63,/guides/real-estate-commission-vic
commission / agent fees,real estate commission melbourne,1,69,/guides/real-estate-commission-vic
commission / agent fees,real estate commission how does it work,1,42,/guides/real-estate-commission-vic
commission / agent fees,real estate commission fees tasmania,1,69,/real-estate-commission-calculator
commission / agent fees,real estate commission fees qld,1,72,/real-estate-commission-calculator
commission / agent fees,real estate commission breakdown,1,59,/guides/real-estate-commission-vic
commission / agent fees,real estate buyer's agent fees,1,68,/guides/real-estate-commission-nsw
commission / agent fees,real estate broker commissions,1,65,/guides/real-estate-commission-vic
commission / agent fees,real estate broker commission rates,1,68,/guides/real-estate-commission-vic
commission / agent fees,real estate broker commission percentage,1,64,/guides/real-estate-commission-vic
commission / agent fees,real estate broker commission calculator,1,78,/guides/real-estate-commission-vic
commission / agent fees,real estate broker commission,1,63,/guides/real-estate-commission-vic
commission / agent fees,real estate agent fees for selling a house,1,34,/guides/real-estate-commission-nsw
commission / agent fees,real estate agent fees for seller,1,44,/guides/real-estate-commission-vic
commission / agent fees,real estate agent fees for buyer,1,85,/guides/real-estate-commission-vic
commission / agent fees,real estate agent fees buyer,1,85,/guides/real-estate-commission-vic
commission / agent fees,real estate agent commission sydney,1,66,/real-estate-commission-calculator
commission / agent fees,real estate agent commission on 1 million dollar home,1,10,/guides/real-estate-commission-vic
commission / agent fees,real estate agent commission fees,1,60,/guides/real-estate-commission-nsw
commission / agent fees,real estate agent commission calculator qld,1,82,/real-estate-commission-calculator
commission / agent fees,queensland real estate agent commission,1,71,/glossary/commission-agent
commission / agent fees,property sale agent commission,1,58,/guides/real-estate-commission-vic
commission / agent fees,property agent fees,1,52,/guides/real-estate-commission-vic
commission / agent fees,property agent commission rate,1,59,/guides/real-estate-commission-vic
commission / agent fees,property agent commission,1,66,/guides/real-estate-commission-vic
commission / agent fees,pocket listing commission,1,75,/guides/real-estate-commission-vic
commission / agent fees,normal real estate commission percentage,1,11,/guides/real-estate-commission-vic
commission / agent fees,normal real estate commission,1,61,/guides/real-estate-commission-vic
commission / agent fees,normal real estate agent fees,1,58,/guides/real-estate-commission-vic
commission / agent fees,normal estate agent fees,1,65,/guides/buyers-agent-cost-australia
commission / agent fees,no commission property sales,1,45,/guides/real-estate-commission-vic
commission / agent fees,negotiate real estate commission rates,1,68,/guides/how-to-negotiate-real-estate-agent-commission
commission / agent fees,lowest estate agent fees,1,52,/guides/real-estate-commission-vic
commission / agent fees,lowest commission,1,73,/guides/real-estate-commission-vic
commission / agent fees,low commission real estate gladstone,1,20,/suburbs/west-gladstone-qld-4680/agents
commission / agent fees,life insurance agent commission calculator,1,78,/real-estate-commission-calculator
commission / agent fees,insurance agent commission calculator,1,89,/real-estate-commission-calculator
commission / agent fees,in real estate commission,1,74,/guides/real-estate-commission-vic
commission / agent fees,how to calculate real estate commission,1,90,/real-estate-commission-calculator
commission / agent fees,how to calculate insurance agent commission,1,79,/real-estate-commission-calculator
commission / agent fees,how real estate commissions work,1,50,/guides/real-estate-commission-vic
commission / agent fees,how much the real estate agent commission,1,62,/guides/real-estate-commission-vic
commission / agent fees,how much should a real estate agent charge,1,39,/guides/real-estate-commission-vic
commission / agent fees,how much realtor commission,1,60,/guides/real-estate-commission-nsw
commission / agent fees,how much real estate commission should i pay,1,59,/guides/real-estate-commission-vic
commission / agent fees,how much is the real estate agent commission,1,55,/guides/real-estate-commission-nsw
commission / agent fees,how much is the commission for selling a house,1,56,/guides/real-estate-commission-vic
commission / agent fees,how much is real estate commission in qld,1,71,/real-estate-commission-calculator
commission / agent fees,how much is real estate agent fees,1,47,/guides/real-estate-commission-vic
commission / agent fees,how much is commission on a house,1,44,/guides/real-estate-commission-vic
commission / agent fees,how much is agent commission when selling a house,1,49,/guides/real-estate-commission-vic
commission / agent fees,how much do realtors make in commission,1,46,/guides/real-estate-commission-vic
commission / agent fees,how much commissions do realtors make,1,49,/guides/real-estate-commission-vic
commission / agent fees,how much commission does a realtor get,1,63,/guides/real-estate-commission-vic
commission / agent fees,"how much commission do you get on a $300,000 house?",1,45,/guides/real-estate-commission-vic
commission / agent fees,how much commission do realtors get,1,61,/guides/real-estate-commission-vic
commission / agent fees,how much commission do realtors charge,1,60,/guides/real-estate-commission-vic
commission / agent fees,how much commission do real estate agents charge,1,57,/guides/real-estate-commission-vic
commission / agent fees,how much broker commission,1,70,/guides/real-estate-commission-vic
commission / agent fees,how much are real estate agent fees,1,50,/guides/real-estate-commission-vic
commission / agent fees,how much are real estate agent commissions,1,68,/guides/real-estate-commission-vic
commission / agent fees,how much are estate agent fees for selling a house,1,42,/guides/real-estate-commission-vic
commission / agent fees,how much are estate agent fees for selling,1,42,/guides/real-estate-commission-vic
commission / agent fees,how much are estate agent fees,1,68,/guides/buyers-agent-cost-australia
commission / agent fees,how much are agent fees when selling a house,1,41,/guides/real-estate-commission-vic
commission / agent fees,how much are agent fees for selling a house,1,40,/guides/real-estate-commission-vic
commission / agent fees,how does real estate commission work,1,52,/guides/real-estate-commission-vic
commission / agent fees,how do you find the commission,1,81,/real-estate-commission-calculator
commission / agent fees,how do you find commission rate,1,36,/guides/real-estate-commission-vic
commission / agent fees,house selling agent fees,1,68,/guides/real-estate-commission-vic
commission / agent fees,house sale commission calculator,1,83,/real-estate-commission-calculator
commission / agent fees,house sale agent commission,1,60,/guides/real-estate-commission-vic
commission / agent fees,house buying agent fees,1,88,/guides/buyers-agent-cost-australia
commission / agent fees,home selling commission,1,34,/guides/real-estate-commission-nsw
commission / agent fees,harcourts commission rates calculator,1,52,/real-estate-commission-calculator
commission / agent fees,going rate for real estate commission,1,76,/guides/real-estate-commission-vic
commission / agent fees,flat rate real estate commission,1,50,/guides/real-estate-commission-vic
commission / agent fees,flat fee real estate commission,1,62,/guides/real-estate-commission-vic
commission / agent fees,flat fee commission,1,64,/guides/real-estate-commission-vic
commission / agent fees,estate agents fees,1,32,/guides/real-estate-commission-vic
commission / agent fees,estate agents commission rates,1,51,/guides/real-estate-commission-vic
commission / agent fees,estate agents commission fees,1,54,/guides/real-estate-commission-vic
commission / agent fees,estate agents commission,1,50,/guides/real-estate-commission-nsw
commission / agent fees,estate agent fees when selling a house,1,41,/guides/real-estate-commission-vic
commission / agent fees,estate agent fees when selling,1,46,/guides/real-estate-commission-vic
commission / agent fees,estate agent fees for selling,1,49,/guides/real-estate-commission-vic
commission / agent fees,estate agent commission rates,1,70,/guides/real-estate-commission-vic
commission / agent fees,estate agent commission calculator,1,77,/guides/real-estate-commission-vic
commission / agent fees,estate agent charges for selling a house,1,44,/guides/real-estate-commission-vic
commission / agent fees,current real estate commission rates,1,58,/guides/real-estate-commission-vic
commission / agent fees,current real estate commission,1,45,/guides/real-estate-commission-vic
commission / agent fees,current real estate agent commission rates,1,47,/guides/real-estate-commission-vic
commission / agent fees,cost of estate agent fees,1,72,/guides/buyers-agent-cost-australia
commission / agent fees,compare estate agent fees,1,32,/guides/real-estate-commission-vic
commission / agent fees,commissions in real estate,1,64,/guides/real-estate-commission-nsw
commission / agent fees,commission real estate qld,1,77,/glossary/commission-agent
commission / agent fees,commission rates real estate,1,63,/guides/real-estate-commission-vic
commission / agent fees,commission rates for estate agents,1,59,/guides/real-estate-commission-vic
commission / agent fees,commission rates,1,64,/guides/real-estate-commission-vic
commission / agent fees,commission rate for selling a house,1,49,/guides/real-estate-commission-vic
commission / agent fees,commission rate for realtors,1,51,/guides/real-estate-commission-vic
commission / agent fees,commission rate,1,28,/guides/real-estate-commission-vic
commission / agent fees,commission percentage realtor,1,58,/guides/real-estate-commission-vic
commission / agent fees,commission on selling a house sandgate,1,92,/real-estate-commission-calculator
commission / agent fees,commission on selling a home,1,66,/guides/real-estate-commission-vic
commission / agent fees,commission on sale of property qld,1,80,/real-estate-commission-calculator
commission / agent fees,commission for selling property,1,42,/guides/real-estate-commission-vic
commission / agent fees,commission for a realtor,1,47,/guides/real-estate-commission-vic
commission / agent fees,commission fee real estate,1,58,/guides/real-estate-commission-vic
commission / agent fees,commission fee calculator,1,76,/real-estate-commission-calculator
commission / agent fees,commission calculator qld,1,75,/real-estate-commission-calculator
commission / agent fees,cheapest estate agent fees,1,42,/guides/real-estate-commission-vic
commission / agent fees,calculate real estate commission qld,1,64,/real-estate-commission-calculator
commission / agent fees,buyers commission real estate,1,68,/guides/real-estate-commission-vic
commission / agent fees,buyer real estate agent commission,1,46,/guides/real-estate-commission-nsw
commission / agent fees,buyer commission real estate,1,66,/guides/real-estate-commission-vic
commission / agent fees,broker commission rate,1,100,/guides/real-estate-commission-vic
commission / agent fees,barfoot and thompson commission rates,1,69,/guides/real-estate-commission-vic
commission / agent fees,average sales commission real estate,1,64,/guides/real-estate-commission-vic
commission / agent fees,average realtor commission for selling a house,1,63,/guides/real-estate-commission-vic
commission / agent fees,average realtor commission,1,62,/guides/real-estate-commission-vic
commission / agent fees,average real estate commission melbourne,1,68,/real-estate-commission-calculator
commission / agent fees,average real estate agent commission wa,1,68,/real-estate-commission-calculator
commission / agent fees,average estate agents fees for selling a house,1,60,/guides/buyers-agent-cost-australia
commission / agent fees,average estate agents fees,1,42,/guides/real-estate-commission-vic
commission / agent fees,average estate agent commission,1,57,/guides/real-estate-commission-vic
commission / agent fees,average commission on house sale,1,71,/guides/real-estate-commission-vic
commission / agent fees,average commission of a realtor,1,65,/guides/real-estate-commission-vic
commission / agent fees,average commission for selling a house,1,62,/guides/real-estate-commission-vic
commission / agent fees,average broker commission,1,61,/guides/real-estate-commission-vic
commission / agent fees,average agents fees for selling house,1,44,/guides/real-estate-commission-vic
commission / agent fees,average agent fees for selling house,1,40,/guides/real-estate-commission-vic
commission / agent fees,average agent commission,1,61,/guides/real-estate-commission-vic
commission / agent fees,australia real estate commission,1,88,/guides/real-estate-commission-vic
commission / agent fees,australia real estate agent commission,1,77,/real-estate-commission-calculator
commission / agent fees,agents fees on sale of property,1,46,/guides/real-estate-commission-vic
commission / agent fees,agents commission on selling a house,1,51,/guides/real-estate-commission-vic
commission / agent fees,agents commission on sale of property,1,49,/guides/real-estate-commission-vic
commission / agent fees,agents commission,1,97,/guides/real-estate-commission-vic
commission / agent fees,agent fees to sell a house,1,26,/guides/real-estate-commission-nsw
commission / agent fees,agent fees selling house,1,46,/guides/real-estate-commission-vic
commission / agent fees,agent fees on sale of property,1,51,/guides/real-estate-commission-vic
commission / agent fees,agent fees for buying a house,1,57,/guides/real-estate-commission-vic
commission / agent fees,agent fees calculator,1,72,/real-estate-commission-calculator
commission / agent fees,agent commission rates,1,35,/guides/real-estate-commission-vic
commission / agent fees,agent commission qld,1,85,/real-estate-commission-calculator
commission / agent fees,agent commission for selling house,1,63,/guides/real-estate-commission-vic
commission / agent fees,agent commission calculator qld,1,83,/real-estate-commission-calculator
commission / agent fees,100 commission real estate brokers,1,70,/guides/real-estate-commission-vic
calculator,borrowing power calculator,419,89,/borrowing-power-calculator
calculator,how much can i borrow calculator,124,54,/borrowing-power-calculator
calculator,property yield calculator,98,71,/rental-yield-calculator
calculator,home loan borrowing calculator,86,33,/borrowing-power-calculator
calculator,yield property calculator,82,69,/rental-yield-calculator
calculator,real estate yield calculator,80,70,/rental-yield-calculator
calculator,how to work out property yield calculator,78,84,/rental-yield-calculator
calculator,investment yield calculator,76,89,/rental-yield-calculator
calculator,mortgage borrowing calculator,72,37,/borrowing-power-calculator
calculator,yield calculator,69,67,/rental-yield-calculator
calculator,home loan eligibility calculator,63,93,/borrowing-power-calculator
calculator,investment property yield calculator,58,91,/rental-yield-calculator
calculator,renovation calculator australia,53,80,/renovating
calculator,rent yield calculator,52,70,/rental-yield-calculator
calculator,investment property return calculator,46,94,/rental-yield-calculator
calculator,personal loan borrowing power calculator,43,44,/borrowing-power-calculator
calculator,investment property affordability calculator,39,93,/affordability-calculator
calculator,investment property income calculator,34,95,/rental-yield-calculator
calculator,borrowing power calculator australia,34,73,/borrowing-power-calculator
calculator,real estate fees calculator queensland,30,70,/real-estate-commission-calculator
calculator,mortgage calculator,29,93,/mortgage-calculator
calculator,how much rent can i afford australia calculator,29,87,/affordability-calculator
calculator,borrowing calculator,29,42,/borrowing-power-calculator
calculator,borrowing capacity calculator,28,40,/borrowing-power-calculator
calculator,borrow power calculator,28,86,/borrowing-power-calculator
calculator,real estate income calculator,27,80,/rental-yield-calculator
calculator,investment property deductions calculator,26,88,/rental-yield-calculator
calculator,renovation cost calculator australia,25,84,/renovating
calculator,mortgage calculator australia,23,95,/mortgage-calculator
calculator,how much can i borrow home loan calculator,21,32,/borrowing-power-calculator
calculator,loan eligibility calculator,18,83,/borrowing-power-calculator
calculator,home loan borrowing power calculator,18,34,/borrowing-power-calculator
calculator,property growth calculator,17,78,/investing
calculator,mortgage calculator how much can i borrow,16,35,/borrowing-power-calculator
calculator,mortgage affordability calculator australia,16,44,/borrowing-power-calculator
calculator,mortgage power calculator,15,83,/borrowing-power-calculator
calculator,home loan borrowing calculator cba,14,74,/borrowing-power-calculator
calculator,home loan affordability calculator,14,42,/borrowing-power-calculator
calculator,borrowing power calculator brisbane,14,94,/borrowing-power-calculator
calculator,mortgage affordability calculator,13,92,/affordability-calculator
calculator,home loan eligibility calculator australia,13,59,/borrowing-power-calculator
calculator,home loan calculator how much can i borrow,13,25,/borrowing-power-calculator
calculator,home loan borrowing capacity calculator,13,20,/borrowing-power-calculator
calculator,nab home loan calculator how much can i borrow,12,74,/borrowing-power-calculator
calculator,investment property calculator australia,12,93,/rental-yield-calculator
calculator,how much can i borrow personal loan calculator,12,37,/borrowing-power-calculator
calculator,cba borrowing calculator,12,80,/borrowing-power-calculator
calculator,borrowing power calculator home loan,12,85,/borrowing-power-calculator
calculator,borrowing calculator home loan,12,20,/borrowing-power-calculator
calculator,borrowing calculator commonwealth,12,92,/borrowing-power-calculator
calculator,lending power calculator,11,97,/borrowing-power-calculator
calculator,investment property tax calculator,11,96,/rental-yield-calculator
calculator,home loan approval calculator,11,82,/borrowing-power-calculator
calculator,affordability calculator,11,104,/affordability-calculator
calculator,loan serviceability calculator,10,80,/borrowing-power-calculator
calculator,loan borrowing calculator,10,46,/borrowing-power-calculator
calculator,borrowing mortgage calculator,10,74,/borrowing-power-calculator
calculator,nab calculator how much can i borrow,9,95,/borrowing-power-calculator
calculator,mortgage eligibility calculator australia,9,71,/borrowing-power-calculator
calculator,mortgage borrowing power calculator,9,54,/borrowing-power-calculator
calculator,how much i can borrow calculator,9,55,/borrowing-power-calculator
calculator,how much can i borrow with deposit calculator,9,70,/borrowing-power-calculator
calculator,commbank borrowing calculator,9,72,/borrowing-power-calculator
calculator,buying power calculator,9,83,/borrowing-power-calculator
calculator,borrowing power calculator first home buyer,9,97,/borrowing-power-calculator
calculator,personal loan borrowing calculator,8,46,/borrowing-power-calculator
calculator,cost of selling a house in nsw calculator,8,22,/guides/cost-of-selling-a-house-vic
calculator,commercial real estate investment calculator,8,88,/rental-yield-calculator
calculator,what mortgage can i afford calculator,7,88,/affordability-calculator
calculator,rate of return calculator real estate,7,84,/rental-yield-calculator
calculator,pre approval calculator,7,96,/borrowing-power-calculator
calculator,home loan borrow calculator,7,24,/borrowing-power-calculator
calculator,gross yield calculator,7,65,/rental-yield-calculator
calculator,cba borrowing capacity calculator,7,71,/borrowing-power-calculator
calculator,borrowing calculator aussie,7,91,/borrowing-power-calculator
calculator,aussie borrowing calculator,7,76,/borrowing-power-calculator
calculator,real estate selling costs calculator,6,2,/selling-costs-calculator
calculator,mortgage serviceability calculator,6,78,/borrowing-power-calculator
calculator,mortgage loan approval calculator,6,86,/borrowing-power-calculator
calculator,mortgage interest calculator,6,99,/mortgage-calculator
calculator,lending calculator,6,85,/borrowing-power-calculator
calculator,how much could i borrow calculator,6,62,/borrowing-power-calculator
calculator,how much can i borrow mortgage calculator,6,44,/borrowing-power-calculator
calculator,housing loan affordability calculator,6,92,/affordability-calculator
calculator,home affordability calculator,6,84,/affordability-calculator
calculator,cost of selling a house in victoria calculator,6,35,/guides/cost-of-selling-a-house-vic
calculator,calculator for investment property,6,91,/rental-yield-calculator
calculator,your mortgage calculator,5,95,/mortgage-calculator
calculator,real estate fees selling house calculator,5,41,/selling-costs-calculator
calculator,nab borrowing calculator,5,64,/borrowing-power-calculator
calculator,mortgage loan borrowing calculator,5,34,/borrowing-power-calculator
calculator,mortgage calculator borrowing power,5,83,/borrowing-power-calculator
calculator,mortgage calculator aussie,5,75,/mortgage-calculator
calculator,loan affordability calculator,5,65,/borrowing-power-calculator
calculator,house loan borrowing calculator,5,35,/borrowing-power-calculator
calculator,house growth calculator,5,89,/investing
calculator,house affordability calculator,5,87,/affordability-calculator
calculator,home loan calculator,5,99,/mortgage-calculator
calculator,cost of selling a house calculator,5,21,/guides/cost-of-selling-a-house-vic
calculator,calculator borrowing power,5,66,/borrowing-power-calculator
calculator,borrowing power calculator nab,5,48,/borrowing-power-calculator
calculator,borrowing capacity calculator cba,5,91,/borrowing-power-calculator
calculator,borrowing calculator cba,5,92,/borrowing-power-calculator
calculator,borrow calculator,5,96,/borrowing-power-calculator
calculator,australian mortgage calculator,5,94,/mortgage-calculator
calculator,selling your home costs calculator,4,8,/selling-costs-calculator
calculator,selling house costs calculator,4,12,/guides/cost-of-selling-a-house-vic
calculator,property sale calculator,4,23,/selling-costs-calculator
calculator,property loan eligibility calculator,4,55,/borrowing-power-calculator
calculator,nab home loan borrowing calculator,4,90,/borrowing-power-calculator
calculator,nab borrowing power calculator,4,94,/borrowing-power-calculator
calculator,mtg rate calculator,4,92,/mortgage-calculator
calculator,moving house cost calculator,4,94,/tools
calculator,moving affordability calculator,4,110,/affordability-calculator
calculator,mortgage qualification calculator,4,86,/borrowing-power-calculator
calculator,mortgage lending calculator,4,77,/borrowing-power-calculator
calculator,mortgage eligibility calculator,4,95,/borrowing-power-calculator
calculator,mortgage capacity calculator,4,79,/borrowing-power-calculator
calculator,mortgage calculator interest rate,4,97,/mortgage-calculator
calculator,mortgage calculator how much could i borrow,4,39,/borrowing-power-calculator
calculator,mortgage calculator how much can i borrow australia,4,36,/borrowing-power-calculator
calculator,mortgage calculator for first home buyers,4,99,/mortgage-calculator
calculator,mortgage borrowing calculator australia,4,42,/borrowing-power-calculator
calculator,loan servicing calculator,4,96,/borrowing-power-calculator
calculator,loan eligibility calculator australia,4,77,/borrowing-power-calculator
calculator,loan approval calculator,4,90,/borrowing-power-calculator
calculator,how much can we borrow calculator,4,79,/borrowing-power-calculator
calculator,how much can i lend mortgage calculator,4,76,/borrowing-power-calculator
calculator,how much can i borrow calculator mortgage,4,59,/borrowing-power-calculator
calculator,housing loan eligibility calculator,4,91,/borrowing-power-calculator
calculator,home loan principal and interest calculator,4,94,/mortgage-calculator
calculator,home loan power calculator,4,77,/borrowing-power-calculator
calculator,home interest rate calculator,4,96,/mortgage-calculator
calculator,first home buyer borrowing calculator,4,77,/borrowing-power-calculator
calculator,commercial investment property calculator,4,100,/rental-yield-calculator
calculator,cba home loan borrowing calculator,4,80,/borrowing-power-calculator
calculator,borrowing power calculator personal loan,4,78,/borrowing-power-calculator
calculator,borrowing power calculator gross income,4,75,/borrowing-power-calculator
calculator,borrowing capacity calculator australia,4,58,/borrowing-power-calculator
calculator,borrowing calculator mortgage,4,18,/borrowing-power-calculator
calculator,borrow mortgage calculator,4,78,/borrowing-power-calculator
calculator,borrow money calculator,4,76,/borrowing-power-calculator
calculator,australia borrowing power calculator,4,94,/borrowing-power-calculator
calculator,aussie home loans borrowing calculator,4,80,/borrowing-power-calculator
calculator,anz calculator how much can i borrow,4,76,/borrowing-power-calculator
calculator,yield calculator real estate,3,51,/rental-yield-calculator
calculator,what house can i afford calculator,3,83,/affordability-calculator
calculator,transfer duty calculator qld,3,88,/guides/stamp-duty-qld
calculator,serviceability calculator,3,96,/borrowing-power-calculator
calculator,selling house calculator australia,3,16,/guides/cost-of-selling-a-house-vic
calculator,sell your house calculator,3,1,/selling-costs-calculator
calculator,rent affordability calculator australia,3,94,/affordability-calculator
calculator,real estate fees qld calculator,3,61,/real-estate-commission-calculator
calculator,property growth calculator australia,3,83,/investing
calculator,osr duty calculator qld,3,85,/guides/stamp-duty-qld
calculator,osr calculator qld,3,63,/guides/stamp-duty-qld
calculator,net yield calculator,3,84,/rental-yield-calculator
calculator,nab mortgage borrowing calculator,3,89,/borrowing-power-calculator
calculator,nab calculator borrowing power,3,84,/borrowing-power-calculator
calculator,mortgage rate calculator,3,99,/mortgage-calculator
calculator,mortgage pre approval calculator,3,96,/borrowing-power-calculator
calculator,mortgage payment calculator,3,57,/mortgage-calculator
calculator,mortgage loan eligibility calculator,3,44,/borrowing-power-calculator
calculator,mortgage in australia calculator,3,86,/mortgage-calculator
calculator,mortgage house loan calculator,3,93,/mortgage-calculator
calculator,mortgage calculator mortgage calculator,3,98,/mortgage-calculator
calculator,mortgage calculator melbourne,3,95,/mortgage-calculator
calculator,mortage calculator,3,99,/mortgage-calculator
calculator,interest rates calculator mortgage,3,98,/mortgage-calculator
calculator,interest calculator mortgage,3,99,/mortgage-calculator
calculator,how much rent can i afford calculator australia,3,87,/affordability-calculator
calculator,housing affordability calculator,3,85,/affordability-calculator
calculator,home renovation calculator,3,90,/renovating
calculator,home mortgage calculator,3,56,/mortgage-calculator
calculator,home loan lending calculator,3,21,/borrowing-power-calculator
calculator,home loan capacity calculator,3,19,/borrowing-power-calculator
calculator,home loan calculator borrowing power,3,46,/borrowing-power-calculator
calculator,home loan calculator affordability,3,88,/affordability-calculator
calculator,home loan borrowing calculator nab,3,89,/borrowing-power-calculator
calculator,home loan borrowing calculator australia,3,71,/borrowing-power-calculator
calculator,costs of selling a house calculator,3,20,/guides/cost-of-selling-a-house-vic
calculator,commonwealth borrowing calculator,3,87,/borrowing-power-calculator
calculator,commonwealth bank borrowing calculator,3,63,/borrowing-power-calculator
calculator,commbank borrowing power calculator,3,93,/borrowing-power-calculator
calculator,borrowing power calculator cba,3,64,/borrowing-power-calculator
calculator,borrowing capacity calculator nab,3,90,/borrowing-power-calculator
calculator,borrowing capacity calculator commbank,3,84,/borrowing-power-calculator
calculator,borrowing calculator suncorp,3,92,/borrowing-power-calculator
calculator,borrowing calculator commbank,3,75,/borrowing-power-calculator
calculator,borrowing calculator australia,3,40,/borrowing-power-calculator
calculator,aussie home loan borrowing calculator,3,79,/borrowing-power-calculator
calculator,aussie borrowing power calculator,3,93,/borrowing-power-calculator
calculator,asic mortgage repayment calculator,3,89,/mortgage-calculator
calculator,affordable mortgage calculator,3,82,/affordability-calculator
calculator,affordable home calculator,3,85,/affordability-calculator
calculator,affordability calculator home loan,3,89,/affordability-calculator
calculator,40 year mortgage loan calculator,3,94,/mortgage-calculator
calculator,yield calculator investment,2,73,/rental-yield-calculator
calculator,what home loan can i afford calculator,2,57,/borrowing-power-calculator
calculator,what home can i afford calculator,2,80,/affordability-calculator
calculator,westpac home loan borrowing calculator,2,83,/borrowing-power-calculator
calculator,standard mortgage calculator,2,95,/mortgage-calculator
calculator,shared ownership calculator,2,80,/tools
calculator,selling costs calculator,2,1,/selling-costs-calculator
calculator,roi calculator property,2,86,/rental-yield-calculator
calculator,rocket mortgage affordability calculator,2,64,/affordability-calculator
calculator,rent calculator - how much can i afford,2,92,/affordability-calculator
calculator,realtor cost calculator,2,80,/real-estate-commission-calculator
calculator,real estate fees calculator,2,78,/real-estate-commission-calculator
calculator,real estate fee calculator,2,85,/real-estate-commission-calculator
calculator,rate of return on real estate investment calculator,2,91,/rental-yield-calculator
calculator,property loan calculator,2,94,/mortgage-calculator
calculator,pre-approval calculator,2,86,/borrowing-power-calculator
calculator,positive gearing calculator,2,82,/rental-yield-calculator
calculator,online borrowing power calculator,2,98,/borrowing-power-calculator
calculator,nab lending calculator,2,52,/borrowing-power-calculator
calculator,nab borrowing capacity calculator,2,81,/borrowing-power-calculator
calculator,my borrowing power calculator,2,97,/borrowing-power-calculator
calculator,mortgage repayment calculator melbourne,2,98,/mortgage-calculator
calculator,mortgage rate calculator australia,2,100,/mortgage-calculator
calculator,mortgage mortgage calculator,2,68,/mortgage-calculator
calculator,mortgage loan calculator,2,100,/mortgage-calculator
calculator,mortgage loan affordability calculator,2,52,/affordability-calculator
calculator,mortgage interest rate calculator,2,100,/mortgage-calculator
calculator,mortgage i can afford calculator,2,79,/affordability-calculator
calculator,mortgage how much can i afford calculator,2,91,/affordability-calculator
calculator,mortgage calculator tool,2,100,/mortgage-calculator
calculator,mortgage calculator payment,2,98,/mortgage-calculator
calculator,mortgage calculator how much house can i afford,2,88,/affordability-calculator
calculator,mortgage calculator how much home can i afford,2,89,/affordability-calculator
calculator,mortgage calculator house,2,58,/mortgage-calculator
calculator,mortgage calculator for australia,2,88,/mortgage-calculator
calculator,mortgage calculator can i afford,2,84,/affordability-calculator
calculator,mortgage calculator borrowing,2,99,/borrowing-power-calculator
calculator,mortgage calculator australia how much can i borrow,2,99,/borrowing-power-calculator
calculator,mortgage borrow calculator,2,57,/borrowing-power-calculator
calculator,mortgage approval estimate calculator,2,82,/affordability-calculator
calculator,monthly mortgage payment calculator,2,97,/mortgage-calculator
calculator,monthly mortgage interest calculator,2,98,/mortgage-calculator
calculator,loan power calculator,2,98,/borrowing-power-calculator
calculator,loan capacity calculator,2,19,/borrowing-power-calculator
calculator,loan calculator home,2,93,/mortgage-calculator
calculator,loan calculator borrowing power,2,18,/borrowing-power-calculator
calculator,lending calculator australia,2,51,/borrowing-power-calculator
calculator,investment property tax deductions calculator,2,100,/rental-yield-calculator
calculator,investment home calculator,2,95,/rental-yield-calculator
calculator,ing yield calculator,2,85,/rental-yield-calculator
calculator,hsbc borrowing calculator,2,58,/borrowing-power-calculator
calculator,how much mortgage i can afford calculator,2,84,/affordability-calculator
calculator,how much mortgage can i afford calculator,2,91,/affordability-calculator
calculator,how much i can borrow for home loan calculator,2,54,/borrowing-power-calculator
calculator,how much house could i afford calculator,2,85,/affordability-calculator
calculator,how much house can you afford calculator,2,85,/affordability-calculator
calculator,how much house can we afford calculator,2,84,/affordability-calculator
calculator,how much house can i really afford calculator,2,82,/affordability-calculator
calculator,how much house can i afford calculator,2,90,/affordability-calculator
calculator,how much house afford calculator,2,78,/affordability-calculator
calculator,how much home can i afford calculator,2,84,/affordability-calculator
calculator,how much home calculator,2,88,/affordability-calculator
calculator,how much home afford calculator,2,84,/affordability-calculator
calculator,how much could i borrow mortgage calculator,2,90,/borrowing-power-calculator
calculator,how much can i borrow mortgage calculator australia,2,90,/borrowing-power-calculator
calculator,how much can i borrow calculator home loan,2,20,/borrowing-power-calculator
calculator,how much can i afford mortgage loan calculator,2,89,/affordability-calculator
calculator,how expensive of a house can i afford calculator,2,85,/affordability-calculator
calculator,how expensive of a home can i afford calculator,2,84,/affordability-calculator
calculator,how big of a mortgage can i afford calculator,2,95,/affordability-calculator
calculator,housing budget calculator,2,92,/affordability-calculator
calculator,house selling cost calculator,2,10,/guides/cost-of-selling-a-house-vic
calculator,house sale fees calculator,2,15,/guides/cost-of-selling-a-house-vic
calculator,house loan borrow calculator,2,20,/borrowing-power-calculator
calculator,house loan affordability calculator,2,90,/affordability-calculator
calculator,house cost calculator,2,30,/selling-costs-calculator
calculator,house budget calculator,2,92,/affordability-calculator
calculator,house borrowing calculator,2,59,/borrowing-power-calculator
calculator,home loans nab calculator,2,86,/borrowing-power-calculator
calculator,home loans borrowing calculator,2,18,/borrowing-power-calculator
calculator,home loan serviceability calculator,2,59,/borrowing-power-calculator
calculator,home loan mortgage calculator australia,2,90,/mortgage-calculator
calculator,home loan calculator borrow,2,56,/borrowing-power-calculator
calculator,home loan borrowing calculator qld,2,98,/borrowing-power-calculator
calculator,home loan affordability calculator australia,2,46,/borrowing-power-calculator
calculator,cost of borrowing calculator,2,100,/borrowing-power-calculator
calculator,commonwealth calculator borrow,2,88,/borrowing-power-calculator
calculator,commercial yield calculator,2,78,/rental-yield-calculator
calculator,commercial property yield calculator,2,72,/rental-yield-calculator
calculator,commbank mortgage borrowing calculator,2,44,/borrowing-power-calculator
calculator,commbank lending calculator,2,62,/borrowing-power-calculator
calculator,cba mortgage borrowing calculator,2,82,/borrowing-power-calculator
calculator,cba borrowing power calculator,2,90,/borrowing-power-calculator
calculator,car loan borrowing power calculator,2,32,/borrowing-power-calculator
calculator,can i afford a home calculator,2,83,/affordability-calculator
calculator,calculator home mortgage,2,100,/mortgage-calculator
calculator,buying power calculator home,2,88,/borrowing-power-calculator
calculator,borrowing power calculator tool,2,92,/borrowing-power-calculator
calculator,borrowing calculator westpac,2,80,/borrowing-power-calculator
calculator,borrow calculator mortgage,2,98,/borrowing-power-calculator
calculator,borrow calculator home loan,2,18,/borrowing-power-calculator
calculator,bank australia borrowing calculator,2,50,/borrowing-power-calculator
calculator,aussie home loan calculator how much can i borrow,2,72,/borrowing-power-calculator
calculator,aussie home loan calculator,2,58,/mortgage-calculator
calculator,asic mortgage calculator,2,88,/mortgage-calculator
calculator,anz borrowing calculator,2,93,/borrowing-power-calculator
calculator,affordability calculator rent,2,82,/affordability-calculator
calculator,affordability calculator mortgage,2,94,/affordability-calculator
calculator,afford a mortgage calculator,2,90,/affordability-calculator
calculator,500 000 mortgage calculator,2,94,/mortgage-calculator
calculator,30-year mortgage calculator,2,92,/mortgage-calculator
calculator,30 fixed mortgage calculator,2,56,/mortgage-calculator
calculator,yourmortgage calculator,1,99,/mortgage-calculator
calculator,yeild calculator,1,77,/rental-yield-calculator
calculator,which mortgage calculator,1,84,/mortgage-calculator
calculator,whats my mortgage calculator,1,99,/mortgage-calculator
calculator,what price house can i afford calculator,1,80,/affordability-calculator
calculator,what mortgage could i afford calculator,1,81,/affordability-calculator
calculator,what house payment can i afford calculator,1,82,/affordability-calculator
calculator,what house can we afford calculator,1,86,/affordability-calculator
calculator,what can we afford mortgage calculator,1,82,/affordability-calculator
calculator,what can i qualify for mortgage calculator,1,81,/affordability-calculator
calculator,what can i borrow calculator,1,98,/borrowing-power-calculator
calculator,what can i afford mortgage loan calculator,1,87,/affordability-calculator
calculator,what can i afford house calculator,1,85,/affordability-calculator
calculator,what can i afford calculator,1,77,/affordability-calculator
calculator,what apartment can i afford calculator,1,87,/affordability-calculator
calculator,westpac how much can i borrow calculator,1,70,/borrowing-power-calculator
calculator,westpac borrowing calculator,1,79,/borrowing-power-calculator
calculator,up home loan calculator,1,95,/mortgage-calculator
calculator,ubank borrowing calculator,1,79,/borrowing-power-calculator
calculator,transfer duty nsw calculator,1,72,/guides/stamp-duty-nsw
calculator,suncorp borrowing calculator,1,89,/borrowing-power-calculator
calculator,st george borrowing power calculator,1,86,/borrowing-power-calculator
calculator,sorted home loan calculator,1,93,/mortgage-calculator
calculator,simple borrowing power calculator,1,95,/borrowing-power-calculator
calculator,shared ownership eligibility calculator,1,60,/tools
calculator,selling house fees calculator,1,2,/guides/cost-of-selling-a-house-vic
calculator,sell house calculator,1,14,/guides/cost-of-selling-a-house-vic
calculator,salary house calculator,1,87,/affordability-calculator
calculator,return on investment property calculator,1,94,/rental-yield-calculator
calculator,rent return calculator,1,74,/rental-yield-calculator
calculator,rent investment calculator,1,88,/rental-yield-calculator
calculator,rent calculator affordability,1,92,/affordability-calculator
calculator,renovation costs calculator,1,85,/renovating
calculator,renovation cost calculator,1,86,/renovating
calculator,realtor fees calculator,1,70,/real-estate-commission-calculator
calculator,realtor fee calculator,1,70,/real-estate-commission-calculator
calculator,realtor com mortgage calculator,1,91,/mortgage-calculator
calculator,real estate selling fees nsw calculator,1,66,/real-estate-commission-calculator
calculator,real estate referral fee calculator,1,73,/real-estate-commission-calculator
calculator,real estate fee calculator qld,1,71,/real-estate-commission-calculator
calculator,real estate borrowing calculator,1,19,/borrowing-power-calculator
calculator,real estate affordability calculator,1,89,/affordability-calculator
calculator,rate calculator mortgage,1,98,/mortgage-calculator
calculator,rams home loan repayment calculator,1,88,/mortgage-calculator
calculator,qro transfer duty calculator home concession 1.1 million,1,81,/stamp-duty-calculator
calculator,purchasing power calculator,1,92,/borrowing-power-calculator
calculator,property roi calculator,1,99,/rental-yield-calculator
calculator,property return calculator,1,92,/rental-yield-calculator
calculator,property mortgage calculator,1,100,/mortgage-calculator
calculator,property interest calculator,1,89,/mortgage-calculator
calculator,property budget calculator,1,81,/affordability-calculator
calculator,property affordability calculator,1,16,/affordability-calculator
calculator,price of home i can afford calculator,1,82,/affordability-calculator
calculator,pre qualification calculator,1,85,/borrowing-power-calculator
calculator,pre approval calculator mortgage,1,89,/borrowing-power-calculator
calculator,potential loan calculator,1,84,/borrowing-power-calculator
calculator,personal loan eligibility calculator,1,100,/borrowing-power-calculator
calculator,personal loan approval calculator,1,89,/borrowing-power-calculator
calculator,percentage ownership of property calculator,1,81,/tools
calculator,paying mortgage calculator,1,100,/mortgage-calculator
calculator,part ownership calculator,1,76,/tools
calculator,online mortgage affordability calculator,1,81,/affordability-calculator
calculator,online home affordability calculator,1,76,/affordability-calculator
calculator,nsw duty calculator,1,73,/guides/stamp-duty-nsw
calculator,negative gearing tax calculator,1,90,/guides/negative-gearing-australia
calculator,negative gearing calculator australia,1,88,/guides/negative-gearing-australia
calculator,nab serviceability calculator,1,86,/borrowing-power-calculator
calculator,nab home loan calculator borrow,1,83,/borrowing-power-calculator
calculator,nab borrowing calculator home loan,1,95,/borrowing-power-calculator
calculator,mtg rates calculator,1,88,/mortgage-calculator
calculator,mtg loan calculator,1,97,/mortgage-calculator
calculator,mortgages rate calculator,1,93,/mortgage-calculator
calculator,mortgage repayment calculator south australia,1,88,/mortgage-calculator
calculator,mortgage repayment calculator months,1,100,/mortgage-calculator
calculator,mortgage repayment calculator brisbane,1,99,/mortgage-calculator
calculator,mortgage repayment calculator australia,1,88,/mortgage-calculator
calculator,mortgage repayment calculator au,1,77,/mortgage-calculator
calculator,mortgage rates mortgage calculator,1,95,/mortgage-calculator
calculator,mortgage rates calculator,1,95,/mortgage-calculator
calculator,mortgage rates and calculator,1,98,/mortgage-calculator
calculator,mortgage quote calculator,1,98,/mortgage-calculator
calculator,mortgage loan qualify calculator,1,80,/affordability-calculator
calculator,mortgage loan qualification calculator,1,84,/borrowing-power-calculator
calculator,mortgage loan monthly calculator,1,100,/mortgage-calculator
calculator,mortgage loan calculator how much can i borrow,1,20,/borrowing-power-calculator
calculator,mortgage loan calculator how much can i afford,1,89,/affordability-calculator
calculator,mortgage loan calculator based on income,1,91,/borrowing-power-calculator
calculator,mortgage loan calculator affordability,1,86,/affordability-calculator
calculator,mortgage loan borrow calculator,1,18,/borrowing-power-calculator
calculator,mortgage limit calculator,1,87,/borrowing-power-calculator
calculator,mortgage interest paid calculator,1,97,/mortgage-calculator
calculator,mortgage interest calculator by year,1,99,/mortgage-calculator
calculator,mortgage house calculator,1,94,/mortgage-calculator
calculator,mortgage deposit calculator,1,97,/mortgage-calculator
calculator,mortgage cost calculator australia,1,96,/mortgage-calculator
calculator,mortgage cost calculator,1,100,/mortgage-calculator
calculator,mortgage calculator year by year,1,98,/mortgage-calculator
calculator,mortgage calculator with interest and principal breakdown,1,77,/mortgage-calculator
calculator,mortgage calculator with down payment,1,90,/mortgage-calculator
calculator,mortgage calculator what can i borrow,1,96,/borrowing-power-calculator
calculator,mortgage calculator what can i afford,1,84,/affordability-calculator
calculator,mortgage calculator victoria,1,99,/mortgage-calculator
calculator,mortgage calculator variable rate,1,88,/mortgage-calculator
calculator,mortgage calculator second mortgage,1,88,/mortgage-calculator
calculator,mortgage calculator schedule,1,96,/mortgage-calculator
calculator,mortgage calculator repayments australia,1,85,/mortgage-calculator
calculator,mortgage calculator propertyguru,1,98,/mortgage-calculator
calculator,mortgage calculator principal and interest breakdown,1,93,/mortgage-calculator
calculator,mortgage calculator principal and interest,1,100,/mortgage-calculator
calculator,mortgage calculator per year,1,100,/mortgage-calculator
calculator,mortgage calculator payment schedule,1,98,/mortgage-calculator
calculator,mortgage calculator mortgage calculator mortgage calculator,1,100,/mortgage-calculator
calculator,mortgage calculator mortgage,1,99,/mortgage-calculator
calculator,mortgage calculator months,1,98,/mortgage-calculator
calculator,mortgage calculator monthly cost,1,98,/mortgage-calculator
calculator,mortgage calculator monthly breakdown,1,82,/mortgage-calculator
calculator,mortgage calculator month by month,1,99,/mortgage-calculator
calculator,mortgage calculator interest,1,100,/mortgage-calculator
calculator,mortgage calculator how much i can borrow,1,18,/borrowing-power-calculator
calculator,mortgage calculator how much can you afford,1,81,/affordability-calculator
calculator,mortgage calculator how much can i afford,1,82,/affordability-calculator
calculator,mortgage calculator how much afford,1,89,/affordability-calculator
calculator,mortgage calculator how,1,98,/mortgage-calculator
calculator,mortgage calculator eligibility,1,94,/borrowing-power-calculator
calculator,mortgage calculator different interest rates,1,97,/mortgage-calculator
calculator,mortgage calculator calculator,1,100,/mortgage-calculator
calculator,mortgage calculator breakdown,1,85,/mortgage-calculator
calculator,mortgage calculator borrow,1,95,/borrowing-power-calculator
calculator,mortgage calculator based on monthly payment,1,96,/mortgage-calculator
calculator,mortgage calculator aus,1,84,/mortgage-calculator
calculator,mortgage calculator and interest,1,98,/mortgage-calculator
calculator,mortgage calculator 5 year fixed,1,89,/mortgage-calculator
calculator,mortgage calculator 40 years,1,72,/mortgage-calculator
calculator,mortgage calculator 40 year,1,69,/mortgage-calculator
calculator,mortgage calculator 2026,1,19,/mortgage-calculator
calculator,mortgage borrowing capacity calculator,1,18,/borrowing-power-calculator
calculator,mortgage borrowing calculator nationwide,1,26,/borrowing-power-calculator
calculator,mortgage borrow calculator australia,1,18,/borrowing-power-calculator
calculator,mortgage based on monthly payment calculator,1,100,/mortgage-calculator
calculator,mortgage australia calculator,1,88,/mortgage-calculator
calculator,mortgage approval calculator,1,96,/borrowing-power-calculator
calculator,mortgage amount calculator,1,95,/mortgage-calculator
calculator,mortgage affordability calculator income,1,92,/affordability-calculator
calculator,morgage calculator australia,1,99,/mortgage-calculator
calculator,morgage calculator,1,99,/mortgage-calculator
calculator,monthly payment calculator mortgage loan,1,99,/mortgage-calculator
calculator,monthly payment calculator mortgage,1,94,/mortgage-calculator
calculator,monthly payment calculator house,1,100,/mortgage-calculator
calculator,monthly mortgage loan calculator,1,97,/mortgage-calculator
calculator,monthly mortgage cost calculator,1,100,/mortgage-calculator
calculator,monthly mortgage calculator,1,96,/mortgage-calculator
calculator,monthly home mortgage calculator,1,99,/mortgage-calculator
calculator,melbourne mortgage calculator,1,98,/mortgage-calculator
calculator,maximum mortgage calculator,1,87,/borrowing-power-calculator
calculator,maximum loan calculator,1,98,/borrowing-power-calculator
calculator,max mortgage calculator,1,90,/borrowing-power-calculator
calculator,max loan calculator,1,18,/borrowing-power-calculator
calculator,macquarie borrowing calculator,1,86,/borrowing-power-calculator
calculator,low income mortgage calculator,1,88,/borrowing-power-calculator
calculator,logan council rates calculator,1,61,/suburbs/logan-central-qld-4114/rental-market
calculator,loans home calculator,1,99,/mortgage-calculator
calculator,loan limit calculator,1,93,/borrowing-power-calculator
calculator,loan income calculator,1,19,/borrowing-power-calculator
calculator,loan calculator how much can i afford,1,93,/borrowing-power-calculator
calculator,loan calculator house,1,93,/mortgage-calculator
calculator,loan calculator eligibility,1,89,/borrowing-power-calculator
calculator,loan borrowing capacity calculator,1,19,/borrowing-power-calculator
calculator,loan availability calculator,1,100,/borrowing-power-calculator
calculator,joint home loan eligibility calculator,1,83,/borrowing-power-calculator
calculator,investment property tax return calculator,1,94,/rental-yield-calculator
calculator,investment property tax calculator australia,1,90,/rental-yield-calculator
calculator,investment property calculator free,1,95,/rental-yield-calculator
calculator,investment property borrowing calculator,1,98,/borrowing-power-calculator
calculator,investment loan borrowing power calculator,1,90,/borrowing-power-calculator
calculator,interest rates mortgage calculator,1,93,/mortgage-calculator
calculator,interest rate on a mortgage calculator,1,97,/mortgage-calculator
calculator,interest rate mortgage calculator,1,99,/mortgage-calculator
calculator,interest mortgage calculator,1,100,/mortgage-calculator
calculator,ing home loan borrowing calculator,1,87,/borrowing-power-calculator
calculator,ing borrowing calculator,1,76,/borrowing-power-calculator
calculator,income vs mortgage calculator,1,88,/affordability-calculator
calculator,income qualification for mortgage calculator,1,85,/borrowing-power-calculator
calculator,income mortgage calculator,1,19,/borrowing-power-calculator
calculator,income house calculator,1,86,/affordability-calculator
calculator,income for mortgage calculator,1,82,/affordability-calculator
calculator,income based mortgage calculator,1,90,/affordability-calculator
calculator,how to mortgage calculator,1,100,/mortgage-calculator
calculator,how much you can borrow calculator,1,97,/borrowing-power-calculator
calculator,how much will the bank loan me calculator,1,87,/borrowing-power-calculator
calculator,how much will my mortgage go up calculator,1,97,/mortgage-calculator
calculator,how much to spend on a house calculator,1,92,/affordability-calculator
calculator,how much mortgage will i qualify for calculator,1,83,/mortgage-calculator
calculator,how much mortgage payment can i afford calculator,1,92,/affordability-calculator
calculator,how much mortgage can i qualify for calculator,1,97,/borrowing-power-calculator
calculator,how much mortgage can i be approved for calculator,1,90,/affordability-calculator
calculator,how much mortgage can i afford on my salary calculator,1,81,/affordability-calculator
calculator,how much mortgage calculator,1,93,/mortgage-calculator
calculator,how much line of credit can i get calculator,1,89,/borrowing-power-calculator
calculator,how much is a mortgage calculator,1,95,/mortgage-calculator
calculator,how much house payment can i afford calculator,1,82,/affordability-calculator
calculator,how much house do i qualify for calculator,1,83,/affordability-calculator
calculator,how much house can i qualify for calculator,1,90,/affordability-calculator
calculator,how much house can i buy calculator,1,91,/affordability-calculator
calculator,how much house calculator,1,90,/affordability-calculator
calculator,how much home do i qualify for calculator,1,83,/affordability-calculator
calculator,how much home can i buy calculator,1,88,/affordability-calculator
calculator,how much can you afford mortgage calculator,1,80,/affordability-calculator
calculator,how much can you afford calculator,1,76,/affordability-calculator
calculator,how much can we afford mortgage calculator,1,96,/affordability-calculator
calculator,how much can we afford calculator,1,90,/affordability-calculator
calculator,how much can i spend on a house calculator,1,85,/affordability-calculator
calculator,how much can i get pre approved for calculator,1,87,/affordability-calculator
calculator,how much can i borrow for mortgage calculator,1,99,/borrowing-power-calculator
calculator,how much can i borrow for a home loan calculator,1,20,/borrowing-power-calculator
calculator,how much can i borrow calculator australia,1,84,/borrowing-power-calculator
calculator,how much can i afford for a home calculator,1,88,/affordability-calculator
calculator,how much can i afford calculator,1,88,/affordability-calculator
calculator,how much can house can i afford calculator,1,84,/affordability-calculator
calculator,how much apartment can i afford calculator,1,89,/affordability-calculator
calculator,how mortgage calculator,1,97,/mortgage-calculator
calculator,how big of a house can i afford calculator,1,86,/affordability-calculator
calculator,housing to income ratio calculator,1,71,/affordability-calculator
calculator,housing mortgage calculator,1,98,/mortgage-calculator
calculator,housing loan calculator,1,99,/mortgage-calculator
calculator,housing income calculator,1,72,/affordability-calculator
calculator,house size calculator australia,1,78,/tools
calculator,house selling costs calculator,1,15,/guides/cost-of-selling-a-house-vic
calculator,house payments calculator,1,100,/mortgage-calculator
calculator,house much house can i afford calculator,1,88,/affordability-calculator
calculator,house mortgage rate calculator,1,100,/mortgage-calculator
calculator,house mortgage calculator australia,1,91,/mortgage-calculator
calculator,house mortgage calculator,1,100,/mortgage-calculator
calculator,house loan rates calculator,1,85,/mortgage-calculator
calculator,house loan pre approval calculator,1,97,/borrowing-power-calculator
calculator,house loan calculator australia,1,92,/mortgage-calculator
calculator,house loan calculator,1,92,/mortgage-calculator
calculator,house approval calculator,1,83,/affordability-calculator
calculator,homeloan repayment calculator,1,99,/mortgage-calculator
calculator,homeloan calculator,1,96,/mortgage-calculator
calculator,home.loan calculator,1,98,/mortgage-calculator
calculator,home purchase affordability calculator,1,73,/affordability-calculator
calculator,home much home can i afford calculator,1,88,/affordability-calculator
calculator,home mortgage loans calculator,1,35,/mortgage-calculator
calculator,home mortgage interest rate calculator,1,98,/mortgage-calculator
calculator,home mortgage approval calculator,1,83,/affordability-calculator
calculator,home loans australia calculator,1,100,/mortgage-calculator
calculator,home loan repayment calculator australia,1,97,/mortgage-calculator
calculator,home loan pre approval calculator,1,99,/borrowing-power-calculator
calculator,home loan how much can i borrow calculator,1,98,/borrowing-power-calculator
calculator,home loan calculator qld,1,95,/mortgage-calculator
calculator,home loan calculator mortgage,1,100,/mortgage-calculator
calculator,home loan calculator borrowing,1,20,/borrowing-power-calculator
calculator,home loan calculator australia,1,76,/mortgage-calculator
calculator,home loan buying power calculator,1,87,/borrowing-power-calculator
calculator,home loan borrowing power calculator australia,1,19,/borrowing-power-calculator
calculator,home loan borrowing capacity calculator australia,1,93,/borrowing-power-calculator
calculator,home loan borrowing calculator anz,1,86,/borrowing-power-calculator
calculator,home loan australia calculator,1,95,/mortgage-calculator
calculator,home buying power calculator,1,93,/affordability-calculator
calculator,home buying budget calculator,1,88,/affordability-calculator
calculator,home buying affordability calculator,1,72,/affordability-calculator
calculator,home borrowing calculator,1,20,/borrowing-power-calculator
calculator,home borrow calculator,1,17,/borrowing-power-calculator
calculator,home approval calculator,1,83,/affordability-calculator
calculator,hem living expenses calculator,1,94,/borrowing-power-calculator
calculator,hem calculator australia,1,94,/borrowing-power-calculator
calculator,help to buy affordability calculator,1,84,/affordability-calculator
calculator,gross rent calculator,1,86,/rental-yield-calculator
calculator,google mortgage payment calculator,1,89,/mortgage-calculator
calculator,free borrowing power calculator,1,98,/borrowing-power-calculator
calculator,first home owners grant wa calculator,1,82,/guides/stamp-duty-wa
calculator,first buyer mortgage calculator,1,91,/mortgage-calculator
calculator,estimated mortgage calculator,1,100,/mortgage-calculator
calculator,estimated mortgage approval calculator,1,80,/affordability-calculator
calculator,estimated monthly mortgage calculator,1,96,/mortgage-calculator
calculator,estimated home loan approval calculator,1,96,/borrowing-power-calculator
calculator,dwellings per hectare calculator,1,58,/tools
calculator,detailed home affordability calculator,1,73,/affordability-calculator
calculator,current mortgage rates calculator,1,92,/mortgage-calculator
calculator,current mortgage calculator,1,96,/mortgage-calculator
calculator,cost of selling house calculator,1,8,/guides/cost-of-selling-a-house-vic
calculator,cost in selling a house calculator,1,16,/guides/cost-of-selling-a-house-vic
calculator,commonwealth borrowing calculator home loan,1,76,/borrowing-power-calculator
calculator,commonwealth bank lending calculator,1,87,/borrowing-power-calculator
calculator,commonwealth bank home loan calculator how much can i borrow,1,74,/borrowing-power-calculator
calculator,commonwealth bank home loan borrowing calculator,1,72,/borrowing-power-calculator
calculator,commonwealth bank borrowing power calculator,1,90,/borrowing-power-calculator
calculator,commonwealth bank borrowing capacity calculator,1,90,/borrowing-power-calculator
calculator,commonwealth bank borrow calculator,1,83,/borrowing-power-calculator
calculator,comm bank borrowing calculator,1,75,/borrowing-power-calculator
calculator,cba mortgage calculator how much can i borrow,1,74,/borrowing-power-calculator
calculator,cba home loan calculator how much can i borrow,1,76,/borrowing-power-calculator
calculator,cba borrowing repayment calculator,1,75,/borrowing-power-calculator
calculator,can i afford to live on my own calculator,1,84,/affordability-calculator
calculator,can i afford my mortgage calculator,1,82,/affordability-calculator
calculator,can i afford it calculator,1,78,/affordability-calculator
calculator,can i afford a second home calculator,1,79,/affordability-calculator
calculator,can i afford a house calculator,1,87,/affordability-calculator
calculator,calculator.net mortgage calculator,1,95,/mortgage-calculator
calculator,calculator to see if i can afford a house,1,86,/affordability-calculator
calculator,calculator to determine how much mortgage i can afford,1,84,/affordability-calculator
calculator,calculator mortgage,1,100,/mortgage-calculator
calculator,calculator how much can i borrow,1,97,/borrowing-power-calculator
calculator,calculator a mortgage,1,98,/mortgage-calculator
calculator,buying power calculator australia,1,92,/borrowing-power-calculator
calculator,buy to let yield calculator,1,72,/rental-yield-calculator
calculator,buy to let affordability calculator,1,96,/affordability-calculator
calculator,borrowing.power calculator,1,99,/borrowing-power-calculator
calculator,borrowing power calculator with hecs,1,94,/borrowing-power-calculator
calculator,borrowing power calculator westpac,1,88,/borrowing-power-calculator
calculator,borrowing power calculator suncorp,1,90,/borrowing-power-calculator
calculator,borrowing power calculator ing,1,84,/borrowing-power-calculator
calculator,borrowing power calculator commbank,1,89,/borrowing-power-calculator
calculator,borrowing loan calculator,1,16,/borrowing-power-calculator
calculator,borrowing home loan calculator,1,18,/borrowing-power-calculator
calculator,borrowing capacity calculator macquarie,1,96,/borrowing-power-calculator
calculator,borrowing capacity calculator anz,1,87,/borrowing-power-calculator
calculator,borrowing calculator with deposit,1,97,/borrowing-power-calculator
calculator,borrowing calculator nab,1,93,/borrowing-power-calculator
calculator,borrowing calculator anz,1,95,/borrowing-power-calculator
calculator,borrow home loan calculator,1,19,/borrowing-power-calculator
calculator,best mortgage calculator australia,1,91,/mortgage-calculator
calculator,best mortgage affordability calculator,1,84,/affordability-calculator
calculator,best home affordability calculator,1,87,/affordability-calculator
calculator,best borrowing power calculator,1,99,/borrowing-power-calculator
calculator,bendigo council rates calculator,1,71,/suburbs/bendigo-vic-3550/rental-market
calculator,banyule rates calculator,1,40,/suburbs/banyule-vic-3084/rental-market
calculator,bankwest borrowing power calculator,1,85,/borrowing-power-calculator
calculator,bankwest borrowing calculator,1,89,/borrowing-power-calculator
calculator,bankrate calculator mortgage,1,76,/mortgage-calculator
calculator,bank borrowing calculator,1,97,/borrowing-power-calculator
calculator,average mortgage payment calculator,1,97,/mortgage-calculator
calculator,australian mortgage payment calculator,1,100,/mortgage-calculator
calculator,australian mortgage loan calculator,1,97,/mortgage-calculator
calculator,australian home loans calculator,1,93,/mortgage-calculator
calculator,australia mortgage payment calculator,1,84,/mortgage-calculator
calculator,australia mortgage calculator,1,100,/mortgage-calculator
calculator,aussie mortgage repayment calculator,1,89,/mortgage-calculator
calculator,aussie mortgage calculator,1,80,/mortgage-calculator
calculator,aussie free borrowing calculator,1,89,/borrowing-power-calculator
calculator,anz borrowing power calculator,1,85,/borrowing-power-calculator
calculator,annual mortgage calculator,1,99,/mortgage-calculator
calculator,agent fee calculator,1,74,/real-estate-commission-calculator
calculator,actual mortgage calculator,1,97,/mortgage-calculator
calculator,a mortgage loan calculator,1,100,/mortgage-calculator
calculator,a mortgage calculator,1,99,/mortgage-calculator
calculator,7 year mortgage calculator,1,98,/mortgage-calculator
calculator,650000 mortgage calculator,1,84,/mortgage-calculator
calculator,600000 mortgage calculator,1,80,/mortgage-calculator
calculator,500000 mortgage calculator,1,90,/mortgage-calculator
calculator,500 000 mortgage 30 years calculator,1,84,/mortgage-calculator
calculator,50 year mortgage calculator,1,90,/mortgage-calculator
calculator,5 year fixed rate mortgage calculator,1,66,/mortgage-calculator
calculator,5 mortgage calculator,1,82,/mortgage-calculator
calculator,400000 mortgage calculator,1,84,/mortgage-calculator
calculator,40 year mortgage payment calculator,1,95,/mortgage-calculator
calculator,350000 mortgage calculator,1,87,/mortgage-calculator
calculator,30 years mortgage calculator,1,87,/mortgage-calculator
calculator,30 year mortgage rate calculator,1,88,/mortgage-calculator
calculator,30 year mortgage calculator,1,86,/mortgage-calculator
calculator,30 year house loan calculator,1,97,/mortgage-calculator
calculator,30 year fixed mortgage rate calculator,1,86,/mortgage-calculator
calculator,30 mortgage calculator,1,93,/mortgage-calculator
calculator,3 year mortgage calculator,1,92,/mortgage-calculator
calculator,2026 mortgage calculator,1,18,/mortgage-calculator
calculator,20 year fixed mortgage calculator,1,88,/mortgage-calculator
calculator,15-year mortgage calculator,1,92,/mortgage-calculator
calculator,15 year mortgage rates calculator,1,87,/mortgage-calculator
calculator,15 year mortgage rate calculator,1,89,/mortgage-calculator
calculator,15 year mortgage calculator,1,92,/mortgage-calculator
calculator,15 year fixed mortgage rate calculator,1,87,/mortgage-calculator
calculator,12 year mortgage calculator,1,88,/mortgage-calculator
stamp duty,how much is stamp duty wa,86,45,/stamp-duty-calculator
stamp duty,qld stamp duty calculator first home buyer,59,93,/stamp-duty-calculator
stamp duty,stamp duty qld,35,96,/guides/stamp-duty-queensland-what-you-need-to-know
stamp duty,stamp duty in qld,29,92,/guides/stamp-duty-queensland-what-you-need-to-know
stamp duty,qld stamp duty,21,98,/guides/stamp-duty-queensland-what-you-need-to-know
stamp duty,stamp duty by state,18,84,/stamp-duty-calculator
stamp duty,queensland property stamp duty,18,98,/guides/stamp-duty-queensland-what-you-need-to-know
stamp duty,how much is stamp duty in qld,17,89,/guides/stamp-duty-queensland-what-you-need-to-know
stamp duty,queensland stamp duty,15,98,/guides/stamp-duty-queensland-what-you-need-to-know
stamp duty,when is stamp duty payable qld,12,79,/guides/stamp-duty-qld
stamp duty,stamp duty australia,11,73,/stamp-duty-calculator
stamp duty,free stamp duty calculator online in brighton,11,97,/stamp-duty-calculator
stamp duty,stamp duty in queensland on investment property,9,95,/guides/stamp-duty-queensland-what-you-need-to-know
stamp duty,stamp duty calculator australia,9,64,/stamp-duty-calculator
stamp duty,stamp duty calculator qld,7,92,/guides/stamp-duty-qld
stamp duty,stamp duty qld calculator,6,92,/guides/stamp-duty-qld
stamp duty,stamp duty on investment property qld,6,98,/guides/stamp-duty-queensland-what-you-need-to-know
stamp duty,stamp duty in qld for investment property,6,98,/guides/stamp-duty-qld
stamp duty,brisbane stamp duty,6,100,/guides/stamp-duty-queensland-what-you-need-to-know
stamp duty,stamp duty australia calculator,5,86,/stamp-duty-calculator
stamp duty,queensland stamp duty on property,5,99,/guides/stamp-duty-queensland-what-you-need-to-know
stamp duty,queensland stamp duty investment property,5,96,/guides/stamp-duty-queensland-what-you-need-to-know
stamp duty,qld stamp duty concession,5,88,/guides/stamp-duty-qld
stamp duty,qld stamp duty calculator osr,5,87,/guides/stamp-duty-qld
stamp duty,qld stamp duty calculator,5,92,/guides/stamp-duty-qld
stamp duty,osr stamp duty calculator qld,5,87,/guides/stamp-duty-qld
stamp duty,stamp duty queensland,4,74,/guides/stamp-duty-qld
stamp duty,stamp duty qld property,4,98,/guides/stamp-duty-queensland-what-you-need-to-know
stamp duty,stamp duty payable in qld,4,96,/guides/stamp-duty-qld
stamp duty,stamp duty on commercial property qld,4,79,/guides/stamp-duty-qld
stamp duty,stamp duty in australia,4,77,/stamp-duty-calculator
stamp duty,stamp duty calculator victoria,4,88,/guides/stamp-duty-vic
stamp duty,stamp duty calculator qld osr,4,88,/guides/stamp-duty-qld
stamp duty,stamp duty calc qld,4,95,/guides/stamp-duty-qld
stamp duty,queensland stamp duty calculator,4,93,/guides/stamp-duty-qld
stamp duty,gst on stamp duty,4,30,/glossary/gst-on-property
stamp duty,first home buyers grant qld stamp duty,4,80,/guides/stamp-duty-qld
stamp duty,first home buyer nsw stamp duty,4,79,/guides/stamp-duty-nsw
stamp duty,commercial property stamp duty calculator qld,4,93,/guides/stamp-duty-qld
stamp duty,western australia stamp duty calculator,3,84,/guides/stamp-duty-wa
stamp duty,stamp duty rates australia,3,98,/stamp-duty-calculator
stamp duty,stamp duty calculator vic,3,85,/guides/stamp-duty-vic
stamp duty,stamp duty calculator queensland,3,94,/guides/stamp-duty-qld
stamp duty,stamp duty calculator qld nab,3,81,/stamp-duty-calculator
stamp duty,stamp duty calculator macquarie,3,60,/stamp-duty-calculator
stamp duty,qld stamp duty rates,3,95,/guides/stamp-duty-queensland-what-you-need-to-know
stamp duty,nab stamp duty,3,60,/stamp-duty-calculator
stamp duty,first home buyer stamp duty calculator,3,44,/stamp-duty-calculator
stamp duty,australia stamp duty,3,71,/stamp-duty-calculator
stamp duty,australia property stamp duty,3,77,/stamp-duty-calculator
stamp duty,who pays stamp duty in qld,2,82,/guides/stamp-duty-queensland-what-you-need-to-know
stamp duty,stamp duty state by state,2,82,/stamp-duty-calculator
stamp duty,stamp duty queensland house,2,100,/guides/stamp-duty-qld
stamp duty,stamp duty qld commercial property,2,90,/guides/stamp-duty-qld
stamp duty,stamp duty percentage qld,2,98,/guides/stamp-duty-queensland-what-you-need-to-know
stamp duty,stamp duty on transfer of property,2,72,/glossary/stamp-duty-transfer-duty
stamp duty,stamp duty on qld property,2,98,/guides/stamp-duty-queensland-what-you-need-to-know
stamp duty,stamp duty nab,2,86,/stamp-duty-calculator
stamp duty,stamp duty first home buyer calculator,2,55,/stamp-duty-calculator
stamp duty,stamp duty first home buyer,2,20,/guides/first-home-buyer-tas
stamp duty,stamp duty concession qld,2,94,/guides/stamp-duty-qld
stamp duty,stamp duty calculator wa,2,90,/guides/stamp-duty-wa
stamp duty,stamp duty calculator victoria 2025,2,76,/stamp-duty-calculator
stamp duty,stamp duty calculator nsw,2,92,/guides/stamp-duty-nsw
stamp duty,stamp duty calculator 2025,2,91,/stamp-duty-calculator
stamp duty,stamp duty and transfer duty advice queensland,2,34,/blog/stamp-duty-queensland-what-you-need-to-know
stamp duty,qld stamp duty on cars,2,61,/guides/stamp-duty-queensland-what-you-need-to-know
stamp duty,qld property stamp duty,2,97,/guides/stamp-duty-qld
stamp duty,pensioner concession stamp duty calculator,2,89,/stamp-duty-calculator
stamp duty,office of state revenue stamp duty calculator nsw,2,68,/guides/stamp-duty-nsw
stamp duty,office of state revenue qld stamp duty,2,48,/guides/stamp-duty-queensland-what-you-need-to-know
stamp duty,nsw stamp duty calculator,2,92,/guides/stamp-duty-nsw
stamp duty,new south wales property stamp duty,2,88,/guides/stamp-duty-nsw
stamp duty,how much is stamp duty in australia,2,76,/stamp-duty-calculator
stamp duty,first home buyer qld stamp duty,2,88,/guides/stamp-duty-qld
stamp duty,australian stamp duty,2,62,/stamp-duty-calculator
stamp duty,when is stamp duty payable nsw,1,66,/guides/stamp-duty-nsw
stamp duty,what stamp duty on second home,1,96,/stamp-duty-calculator
stamp duty,what is the stamp duty on a 800k house,1,99,/stamp-duty-calculator
stamp duty,what is stamp duty victoria,1,94,/guides/stamp-duty-vic
stamp duty,wa stamp duty calculator,1,89,/guides/stamp-duty-wa
stamp duty,victorian stamp duty rates,1,18,/guides/stamp-duty-vic
stamp duty,victoria stamp duty,1,17,/guides/stamp-duty-vic
stamp duty,vic stamp duty calculator house,1,92,/guides/stamp-duty-vic
stamp duty,vic stamp duty calculator,1,86,/guides/stamp-duty-vic
stamp duty,sydney stamp duty,1,90,/guides/stamp-duty-nsw
stamp duty,stamp duty tasmania first home buyers,1,94,/guides/first-home-buyer-tas
stamp duty,stamp duty stamp duty,1,72,/glossary/stamp-duty-transfer-duty
stamp duty,stamp duty rates in australia,1,63,/stamp-duty-calculator
stamp duty,stamp duty qld first home buyer,1,78,/guides/stamp-duty-qld
stamp duty,stamp duty perth,1,98,/guides/stamp-duty-wa
stamp duty,stamp duty paid on purchase of property,1,95,/guides/stamp-duty-nsw
stamp duty,stamp duty on second home,1,92,/stamp-duty-calculator
stamp duty,stamp duty on property nsw,1,20,/guides/stamp-duty-nsw
stamp duty,stamp duty on house purchase,1,89,/stamp-duty-calculator
stamp duty,stamp duty on 2m house,1,86,/stamp-duty-calculator
stamp duty,stamp duty on 1.2 million,1,94,/stamp-duty-calculator
stamp duty,stamp duty nsw first home buyer,1,33,/guides/stamp-duty-nsw
stamp duty,stamp duty nsw,1,88,/guides/stamp-duty-nsw
stamp duty,stamp duty levels,1,88,/guides/stamp-duty-nsw
stamp duty,stamp duty investment property qld,1,99,/guides/stamp-duty-queensland-what-you-need-to-know
stamp duty,stamp duty in new south wales,1,97,/guides/stamp-duty-nsw
stamp duty,stamp duty for first time buyers,1,43,/guides/stamp-duty-vic
stamp duty,stamp duty first home buyers vic,1,100,/guides/stamp-duty-vic
stamp duty,stamp duty first home buyer qld,1,34,/guides/stamp-duty-qld
stamp duty,stamp duty concessions victoria,1,67,/guides/stamp-duty-vic
stamp duty,stamp duty concession victoria,1,70,/guides/stamp-duty-vic
stamp duty,stamp duty calculator wa first home buyer,1,92,/stamp-duty-calculator
stamp duty,stamp duty calculator qld first home buyer,1,92,/stamp-duty-calculator
stamp duty,stamp duty calculator for first home buyers,1,96,/stamp-duty-calculator
stamp duty,stamp duty calculator for first home buyer,1,98,/stamp-duty-calculator
stamp duty,stamp duty calculator canberra,1,39,/stamp-duty-calculator
stamp duty,stamp duty calculator au,1,37,/stamp-duty-calculator
stamp duty,stamp duty calculation qld,1,62,/stamp-duty-calculator
stamp duty,stamp duty by state australia,1,86,/stamp-duty-calculator
stamp duty,stamp duty australia rates,1,96,/stamp-duty-calculator
stamp duty,stamp duty aus,1,73,/stamp-duty-calculator
stamp duty,queensland stamp duty rates,1,100,/guides/stamp-duty-queensland-what-you-need-to-know
stamp duty,queensland stamp duty first home buyer,1,98,/guides/stamp-duty-qld
stamp duty,qld stamp duty on property,1,97,/guides/stamp-duty-qld
stamp duty,qld stamp duty first home buyers,1,93,/guides/stamp-duty-qld
stamp duty,qld stamp duty first home buyer,1,94,/guides/stamp-duty-qld
stamp duty,qld home stamp duty calculator,1,88,/guides/stamp-duty-qld
stamp duty,property stamp duty qld,1,94,/guides/stamp-duty-queensland-what-you-need-to-know
stamp duty,osr qld stamp duty,1,64,/guides/stamp-duty-queensland-what-you-need-to-know
stamp duty,osr nsw stamp duty calculator,1,75,/guides/stamp-duty-nsw
stamp duty,nsw state revenue stamp duty calculator,1,62,/guides/stamp-duty-nsw
stamp duty,nsw stamp duty,1,85,/guides/stamp-duty-nsw
stamp duty,nsw property stamp duty,1,18,/guides/stamp-duty-nsw
stamp duty,macquarie stamp duty,1,89,/stamp-duty-calculator
stamp duty,land stamp duty calculator wa,1,83,/guides/stamp-duty-wa
stamp duty,knight frank stamp duty,1,87,/guides/stamp-duty-vic
stamp duty,is stamp duty payable when selling a property,1,72,/glossary/stamp-duty-transfer-duty
stamp duty,how much is stamp duty in nsw,1,87,/guides/stamp-duty-nsw
stamp duty,how much is stamp duty for first home buyers in victoria,1,82,/stamp-duty-calculator
stamp duty,how much is stamp duty australia,1,61,/stamp-duty-calculator
stamp duty,house stamp duty nsw,1,87,/guides/stamp-duty-nsw
stamp duty,foreign buyer stamp duty queensland,1,98,/guides/stamp-duty-queensland-what-you-need-to-know
stamp duty,foreign buyer stamp duty calculator,1,15,/stamp-duty-calculator
stamp duty,first home owner stamp duty victoria,1,87,/guides/stamp-duty-vic
stamp duty,first home buyers stamp duty qld,1,78,/guides/stamp-duty-qld
stamp duty,first home buyers qld stamp duty,1,98,/guides/stamp-duty-qld
stamp duty,first home buyer stamp duty victoria,1,92,/guides/stamp-duty-vic
stamp duty,first home buyer stamp duty exemption threshold australia 2026,1,60,/stamp-duty-calculator
stamp duty,first home buyer queensland stamp duty,1,100,/guides/stamp-duty-qld
stamp duty,commonwealth bank stamp duty calculator,1,89,/stamp-duty-calculator
stamp duty,buying a second home stamp duty calculator,1,67,/stamp-duty-calculator
stamp duty,buying a house stamp duty calculator,1,100,/stamp-duty-calculator
stamp duty,australian stamp duty calculator,1,89,/stamp-duty-calculator
stamp duty,ato stamp duty calculator,1,85,/stamp-duty-calculator
stamp duty,1st home buyers stamp duty victoria,1,94,/guides/stamp-duty-vic
rentals {suburb},rental report brisbane,221,65,/suburbs/brisbane-city-qld-4000/rental-market
rentals {suburb},rental income yield calculator,80,74,/rental-yield-calculator
rentals {suburb},rental property yield calculator,77,75,/rental-yield-calculator
rentals {suburb},rental profit calculator,75,88,/rental-yield-calculator
rentals {suburb},dapto rental market,71,24,/suburbs/dapto-nsw-2530/rental-market
rentals {suburb},yield on rental property calculator,69,85,/rental-yield-calculator
rentals {suburb},rental income calculator,68,74,/rental-yield-calculator
rentals {suburb},rental return calculator,63,78,/rental-yield-calculator
rentals {suburb},rental house investment calculator,56,90,/rental-yield-calculator
rentals {suburb},calculate rental return,52,94,/rental-yield-calculator
rentals {suburb},appraisal for rent canberra,50,59,/suburbs/canberra-act-2600/rental-market
rentals {suburb},rental property costs calculator,48,94,/rental-yield-calculator
rentals {suburb},rental property profit calculator,46,92,/rental-yield-calculator
rentals {suburb},calculate rental income,43,92,/rental-yield-calculator
rentals {suburb},rental property calculator,40,82,/rental-yield-calculator
rentals {suburb},rental return on investment calculator,31,98,/rental-yield-calculator
rentals {suburb},real estate rental calculator,31,79,/rental-yield-calculator
rentals {suburb},everton park rental growth,25,24,/suburbs/everton-park-qld-4053/rental-market
rentals {suburb},rental calculator investment property,24,96,/rental-yield-calculator
rentals {suburb},buying rental property calculator,20,93,/rental-yield-calculator
rentals {suburb},affordability calculator for rent,19,86,/affordability-calculator
rentals {suburb},rental property review hobart,15,39,/suburbs/hobart-tas-7000/rental-market
rentals {suburb},rental appraisals strathpine,15,13,/suburbs/strathpine-qld-4500/rental-market
rentals {suburb},high-yield rental suburbs adelaide,11,46,/best-suburbs/best-rental-yield/sa
rentals {suburb},the ponds high school catchment for rent,10,28,/suburbs/the-ponds-nsw-2769/rental-market
rentals {suburb},rental property calculator australia,10,89,/rental-yield-calculator
rentals {suburb},rental income calculator australia,10,77,/rental-yield-calculator
rentals {suburb},chermside west rental growth,10,29,/suburbs/chermside-west-qld-4032/rental-market
rentals {suburb},rental report,9,66,/suburbs/brisbane-qld-4000/rental-market
rentals {suburb},how to work out rental return,9,84,/rental-yield-calculator
rentals {suburb},tax on rental income calculator australia,8,86,/rental-yield-calculator
rentals {suburb},compare current rental prices for properties in melbourne.,8,54,/suburbs/melbourne-vic-3000/rental-market
rentals {suburb},melbourne rental returns,7,62,/suburbs/melbourne-vic-3004/rental-market
rentals {suburb},rental return melbourne,6,77,/suburbs/melbourne-vic-3000/rental-market
rentals {suburb},rental management tom price,6,25,/suburbs/tom-price-wa-6751/rental-market
rentals {suburb},rental appraisals petrie,6,20,/suburbs/petrie-qld-4502/rental-market
rentals {suburb},rentals north geelong,5,23,/suburbs/north-geelong-vic-3215/rental-market
rentals {suburb},rental property advice norwood sa,5,51,/suburbs/norwood-sa-5067/rental-market
rentals {suburb},rental managers kirwan,5,45,/suburbs/kirwan-qld-4817/rental-market
rentals {suburb},rental city,5,43,/suburbs/brisbane-city-qld-4000/rental-market
rentals {suburb},geelong rental market,5,23,/suburbs/north-geelong-vic-3215/rental-market
rentals {suburb},wollongong rental market,4,35,/suburbs/wollongong-nsw-2500/rental-market
rentals {suburb},rental market melbourne,4,24,/suburbs/melbourne-vic-3000/rental-market
rentals {suburb},investment rental calculator,4,96,/rental-yield-calculator
rentals {suburb},townsville rental market,3,63,/suburbs/townsville-city-qld-4810/rental-market
rentals {suburb},the rental managers townsville,3,54,/suburbs/townsville-city-qld-4810/rental-market
rentals {suburb},tax for rental income calculator,3,77,/rental-yield-calculator
rentals {suburb},rental eunanoreenya,3,27,/suburbs/eunanoreenya-nsw-2650
rentals {suburb},rental agents woodpark,3,6,/suburbs/woodpark-nsw-2164/agents
rentals {suburb},queanbeyan rental market,3,30,/suburbs/bunyan-nsw-2630/rental-market
rentals {suburb},mount gambier rental vacancy rate 2026,3,65,/suburbs/mount-gambier-dc-sa-5290/rental-market
rentals {suburb},hobart rental market,3,15,/suburbs/north-hobart-tas-7000/rental-market
rentals {suburb},gold coast rental market,3,60,/suburbs/gold-coast-mc-qld-4217/rental-market
rentals {suburb},boondall rental growth,3,21,/suburbs/boondall-qld-4034/rental-market
rentals {suburb},aspley rental growth,3,63,/suburbs/pleystowe-qld-4741/rental-market
rentals {suburb},what is a rental bond,2,82,/glossary/bond-rental
rentals {suburb},victoria rental reform laws renter protections,2,47,/guides/renters-rights-vic
rentals {suburb},toowoomba rental market,2,39,/suburbs/toowoomba-mc-qld-4352/rental-market
rentals {suburb},rental uranquinty,2,15,/suburbs/uranquinty-nsw-2652/rental-market
rentals {suburb},rental returns melbourne,2,90,/suburbs/melbourne-vic-3000/rental-market
rentals {suburb},rental return calculator australia,2,80,/rental-yield-calculator
rentals {suburb},rental property market analysis melbourne,2,76,/suburbs/melbourne-vic-3004/rental-market
rentals {suburb},rental prices,2,11,/suburbs/mount-victoria-nsw-2786/rental-market
rentals {suburb},rental market,2,16,/suburbs/melbourne-vic-3004/rental-market
rentals {suburb},rental lawyers canberra,2,78,/guides/renters-rights-act
rentals {suburb},rental appraisals warner,2,21,/suburbs/warner-qld-4500/rental-market
rentals {suburb},rental appraisals bridgeman downs,2,24,/suburbs/bridgeman-downs-qld-4035/rental-market
rentals {suburb},qld rental laws,2,64,/guides/renters-rights-qld
rentals {suburb},melbourne rental market,2,72,/suburbs/melbourne-vic-3004/rental-market
rentals {suburb},gst for rent,2,43,/glossary/gst-on-property
rentals {suburb},gross rental,2,90,/rental-yield-calculator
rentals {suburb},gold coast rental prices,2,50,/suburbs/gold-coast-mc-qld-4217/rental-market
rentals {suburb},calculate rental yeild,2,82,/rental-yield-calculator
rentals {suburb},best rental returns,2,20,/best-suburbs/best-rental-yield/sa
rentals {suburb},bendigo rental market,2,2,/suburbs/bendigo-vic-3550/rental-market
rentals {suburb},zillmere rental growth,1,18,/suburbs/zillmere-qld-4034
rentals {suburb},what is a bond for rent,1,88,/glossary/bond-rental
rentals {suburb},wallaroo rentals,1,37,/suburbs/wallaroo-sa-5556/rental-market
rentals {suburb},toowoomba rental vacancy rate,1,39,/suburbs/toowoomba-mc-qld-4352/rental-market
rentals {suburb},toolern vale rentals,1,15,/suburbs/toolern-vale-vic-3337/rental-market
rentals {suburb},tax calculation on rental income,1,80,/rental-yield-calculator
rentals {suburb},tasmanian rental laws,1,70,/guides/renters-rights-tas
rentals {suburb},sydney rental market,1,20,/suburbs/sydney-sa-2000/rental-market
rentals {suburb},snug rental,1,39,/suburbs/snug-tas-7054/rental-market
rentals {suburb},selling rental property calculator,1,86,/rental-yield-calculator
rentals {suburb},return on rental property calculator,1,96,/rental-yield-calculator
rentals {suburb},rentals wolvi,1,14,/suburbs/wolvi-qld-4570/rental-market
rentals {suburb},rentals pomona,1,24,/suburbs/pomona-qld-4568/rental-market
rentals {suburb},rentals in yackandandah,1,34,/suburbs/yackandandah-vic-3749/rental-market
rentals {suburb},rentals in wallaroo,1,34,/suburbs/wallaroo-sa-5556/rental-market
rentals {suburb},rental yeild calculator,1,77,/rental-yield-calculator
rentals {suburb},rental values,1,81,/suburbs/calamvale-qld-4116/rental-market
rentals {suburb},rental tenant rights,1,77,/guides/renters-rights-nsw
rentals {suburb},rental tax calculator,1,83,/rental-yield-calculator
rentals {suburb},rental rules list,1,87,/guides/renters-rights-nsw
rentals {suburb},rental results,1,32,/suburbs/glenquarry-nsw-2576/rental-market
rentals {suburb},rental property terminology,1,86,/glossary
rentals {suburb},rental property tax deductions calculator,1,93,/rental-yield-calculator
rentals {suburb},rental property sale tax calculator,1,91,/rental-yield-calculator
rentals {suburb},rental property sa,1,59,/guides/renters-rights-sa
rentals {suburb},rental property rights,1,79,/guides/renters-rights-nsw
rentals {suburb},rental property rates,1,90,/suburbs/kingston-qld-4114/rental-market
rentals {suburb},rental property mortgage calculator,1,83,/rental-yield-calculator
rentals {suburb},rental property income calculator,1,89,/rental-yield-calculator
rentals {suburb},rental property data,1,66,/suburbs/research-vic-3095/rental-market
rentals {suburb},rental property cost calculator,1,84,/rental-yield-calculator
rentals {suburb},rental properties 2024,1,93,/suburbs/number-one-nsw-2424/rental-market
rentals {suburb},rental prices in perth australia,1,51,/suburbs/perth-wa-6000/rental-market
rentals {suburb},rental pomona,1,24,/suburbs/pomona-qld-4568/rental-market
rentals {suburb},rental percentage yield calculator,1,74,/rental-yield-calculator
rentals {suburb},rental market canberra,1,46,/suburbs/university-of-canberra-act-2617/rental-market
rentals {suburb},rental market adelaide,1,23,/suburbs/adelaide-lead-vic-3465/rental-market
rentals {suburb},rental income tax calculator,1,89,/rental-yield-calculator
rentals {suburb},rental in pomona,1,26,/suburbs/pomona-qld-4568/rental-market
rentals {suburb},rental cost,1,56,/suburbs/mornington-vic-3931/rental-market
rentals {suburb},rental comps,1,70,/suburbs/moonee-nsw-2259/rental-market
rentals {suburb},rental commission calculator,1,62,/real-estate-commission-calculator
rentals {suburb},rental brokerage fee,1,73,/guides
rentals {suburb},rental breach,1,78,/guides/renters-rights-nsw
rentals {suburb},rental agreement rights,1,99,/guides/renters-rights-qld
rentals {suburb},rental agents greystanes,1,10,/suburbs/greystanes-nsw-2145/agents
rentals {suburb},rental agents greenwith,1,20,/suburbs/greenwith-sa-5125/agents
rentals {suburb},rental agents commission,1,68,/glossary/commission-agent
rentals {suburb},rental,1,11,/suburbs/gracemere-qld-4702/rental-market
rentals {suburb},pomona rentals,1,26,/suburbs/pomona-qld-4568/rental-market
rentals {suburb},perth rental market,1,50,/suburbs/perth-wa-6000/rental-market
rentals {suburb},orbost real estate rentals,1,29,/suburbs/orbost-vic-3888/rental-market
rentals {suburb},nt rental laws,1,37,/guides/renters-rights-nt
rentals {suburb},newton rentals,1,6,/suburbs/newton-sa-5074/rental-market
rentals {suburb},net rental income calculator,1,89,/rental-yield-calculator
rentals {suburb},net rental income,1,96,/rental-yield-calculator
rentals {suburb},net rental,1,30,/rental-yield-calculator
rentals {suburb},murdoch rental managers,1,22,/suburbs/murdoch-wa-6150/rental-market
rentals {suburb},mortgage affordability calculator with rental income,1,81,/affordability-calculator
rentals {suburb},melbourne rental prices by suburb,1,53,/suburbs/melbourne-vic-3004/rental-market
rentals {suburb},mc rental,1,86,/suburbs/gold-coast-mc-qld-4217/rental-market
rentals {suburb},liverpool rental market,1,22,/suburbs/liverpool-westfield-nsw-2170/rental-market
rentals {suburb},kapaldo qld 4630 property market rental demand,1,2,/suburbs/kapaldo-qld-4630/rental-market
rentals {suburb},how to work out percentage yield on rental property,1,87,/rental-yield-calculator
rentals {suburb},how to check rental prices in my area,1,8,/suburbs/wollongong-nsw-2500/rental-market
rentals {suburb},how to calculate rental yeild,1,97,/rental-yield-calculator
rentals {suburb},how to calculate rental return,1,98,/rental-yield-calculator
rentals {suburb},how to calculate rental income,1,82,/rental-yield-calculator
rentals {suburb},how to calculate net rental income,1,92,/rental-yield-calculator
rentals {suburb},how much to charge for rent back,1,62,/guides
rentals {suburb},how much rental income,1,8,/suburbs/biggera-waters-qld-4216/rental-market
rentals {suburb},how much is agent commission for rental,1,52,/guides/real-estate-commission-vic
rentals {suburb},how is rental bond calculated,1,60,/glossary/bond-rental
rentals {suburb},how do you calculate yield on a rental property,1,85,/rental-yield-calculator
rentals {suburb},houses for rent orbost,1,29,/suburbs/orbost-vic-3888/rental-market
rentals {suburb},houses for rent in terang,1,38,/suburbs/terang-vic-3264/rental-market
rentals {suburb},houses for rent in moura,1,27,/suburbs/moura-qld-4718/rental-market
rentals {suburb},houses for rent in blyth,1,28,/suburbs/blyth-sa-5462/rental-market
rentals {suburb},house rental value,1,98,/suburbs/sydney-nsw-2000/rental-market
rentals {suburb},gladstone rental market,1,63,/suburbs/livingstone-nt-0822/rental-market
rentals {suburb},give me the top search results for rental cbd listings.,1,29,/suburbs/kuranda-qld-4881/rental-market
rentals {suburb},gin gin rentals,1,29,/suburbs/gin-gin-qld-4671/rental-market
rentals {suburb},darwin rental market,1,22,/suburbs/charles-darwin-nt-0820/rental-market
rentals {suburb},current rental market,1,7,/suburbs/dubbo-nsw-2830/rental-market
rentals {suburb},christmas island houses for rent,1,11,/regions/christmas-island
rentals {suburb},chermside rental growth,1,36,/suburbs/chermside-qld-4032/rental-market
rentals {suburb},calculate tax on rental income,1,75,/rental-yield-calculator
rentals {suburb},calculate rental income tax,1,67,/rental-yield-calculator
rentals {suburb},bli bli rental market,1,24,/suburbs/bli-bli-qld-4560/rental-market
rentals {suburb},ap realty forest lake rentals,1,36,/suburbs/forest-lake-qld-4078/rental-market
rentals {suburb},act suburbs with best rental returns,1,29,/best-suburbs/best-rental-yield/act
property market {suburb},morayfield property market,103,22,/suburbs/morayfield-qld-4506
property market {suburb},canberra property market value report,79,63,/market-reports/act
property market {suburb},airlie beach property market,54,28,/suburbs/airlie-beach-qld-4802
property market {suburb},wa property market,31,52,/market-reports/wa
property market {suburb},wollongong property market,30,62,/suburbs/wollongong-nsw-2500/rental-market
property market {suburb},tweed heads real estate market,17,49,/suburbs/tweed-heads-south-dc-nsw-2486/rental-market
property market {suburb},the property market claremont,17,60,/suburbs/claremont-tas-7011/rental-market
property market {suburb},buderim property market,17,35,/suburbs/buderim-qld-4556
property market {suburb},brisbane property market forecast 2026,17,43,/guides/brisbane-property-market-2026
property market {suburb},grafton property market,15,40,/suburbs/grafton-nsw-2460/rental-market
property market {suburb},western australia property market,10,58,/market-reports/wa
property market {suburb},north sydney property market,8,39,/suburbs/north-sydney-nsw-2055/rental-market
property market {suburb},buderim real estate market,8,29,/suburbs/buderim-qld-4556
property market {suburb},property market reports australia,6,58,/market-reports
property market {suburb},wellington property market,5,55,/suburbs/wellington-park-tas-7054/rental-market
property market {suburb},kingston property market,5,28,/suburbs/kingston-qld-4114/rental-market
property market {suburb},kiama property market,5,50,/suburbs/kiama-downs-nsw-2533/rental-market
property market {suburb},erskine park real estate market,5,33,/suburbs/erskine-park-nsw-2759/rental-market
property market {suburb},deception bay property market,5,36,/suburbs/deception-bay-qld-4508/rental-market
property market {suburb},byron bay real estate market,5,46,/suburbs/byron-bay-nsw-2481/rental-market
property market {suburb},berry property market,5,35,/suburbs/berry-park-nsw-2321/rental-market
property market {suburb},wollongong real estate market,4,52,/suburbs/wollongong-nsw-2500/rental-market
property market {suburb},tweed heads property market,4,52,/suburbs/tweed-heads-nsw-2485/rental-market
property market {suburb},tugun property market,4,28,/suburbs/tugun-qld-4224/rental-market
property market {suburb},sydney property market forecast 2026,4,62,/guides/sydney-property-market-2026
property market {suburb},rockingham property market,4,70,/suburbs/buckingham-wa-6225/rental-market
property market {suburb},piara waters property market,4,28,/suburbs/piara-waters-wa-6112/rental-market
property market {suburb},perth property market forecast 2026,4,42,/guides/perth-property-market-2026
property market {suburb},kalgoorlie property market 2018,4,26,/suburbs/kalgoorlie-wa-6430
property market {suburb},griffin property market,4,24,/suburbs/griffin-qld-4503/rental-market
property market {suburb},byron bay property market,4,62,/suburbs/byron-bay-nsw-2481/rental-market
property market {suburb},pascoe vale property market,3,30,/suburbs/pascoe-vale-south-vic-3044
property market {suburb},north lakes property market,3,37,/suburbs/northlakes-nt-0812/rental-market
property market {suburb},mount gambier property market,3,46,/suburbs/mount-gambier-dc-sa-5290/rental-market
property market {suburb},morwell property market,3,27,/suburbs/morwell-vic-3840/rental-market
property market {suburb},horsham property market,3,21,/suburbs/horsham-vic-3401
property market {suburb},gracemere property market,3,27,/suburbs/gracemere-qld-4702/rental-market
property market {suburb},googong property market,3,29,/suburbs/googong-nsw-2620/rental-market
property market {suburb},coomera property market,3,50,/suburbs/upper-coomera-qld-4209/rental-market
property market {suburb},cessnock real estate market,3,24,/suburbs/cessnock-nsw-2325
property market {suburb},brighton sa property market,3,36,/suburbs/brighton-sa-5048/rental-market
property market {suburb},bendigo property market,3,77,/suburbs/bendigo-vic-3550/rental-market
property market {suburb},bendigo housing market,3,92,/suburbs/bendigo-vic-3550/rental-market
property market {suburb},belgrave property market,3,28,/suburbs/belgrave-vic-3160/rental-market
property market {suburb},wyndham vale property market,2,2,/suburbs/werribee-vic-3030/vs/wyndham-vale-vic-3024
property market {suburb},wodonga property market,2,56,/suburbs/west-wodonga-vic-3690/rental-market
property market {suburb},thirroul property market,2,22,/suburbs/thirroul-nsw-2515/rental-market
property market {suburb},st lucia property market,2,20,/suburbs/st-lucia-qld-4067/rental-market
property market {suburb},rainbow beach property market,2,28,/suburbs/rainbow-beach-qld-4581/rental-market
property market {suburb},queanbeyan property market trends,2,51,/suburbs/queanbeyan-nsw-2620/rental-market
property market {suburb},perth real estate market,2,59,/property-market/perth
property market {suburb},perth property market june 2026,2,32,/guides/perth-property-market-2026
property market {suburb},perth property market 2026,2,28,/guides/perth-property-market-2026
property market {suburb},nsw property market trends,2,32,/market-reports/nsw
property market {suburb},moranbah property market,2,28,/suburbs/moranbah-qld-4744/rental-market
property market {suburb},melton south property market,2,4,/suburbs/brookfield-vic-3338/vs/melton-south-vic-3338
property market {suburb},ipswich property market,2,76,/suburbs/ipswich-qld-4305/rental-market
property market {suburb},housing market downturn agent tactics,2,3,/guides/best-time-to-sell-a-house-australia
property market {suburb},harrisdale property market,2,34,/suburbs/harrisdale-wa-6112/rental-market
property market {suburb},gerringong property market,2,28,/suburbs/gerringong-nsw-2534/rental-market
property market {suburb},dubbo property market,2,62,/suburbs/dubbo-nsw-2830/rental-market
property market {suburb},doveton property market,2,26,/suburbs/doveton-vic-3177/rental-market
property market {suburb},canberra property market,2,64,/market-reports/act
property market {suburb},caboolture property market,2,54,/suburbs/caboolture-qld-4510/rental-market
property market {suburb},brisbane property market 2026,2,26,/guides/brisbane-property-market-2026
property market {suburb},brighton sa 5048 property market,2,36,/suburbs/brighton-sa-5048/rental-market
property market {suburb},bray park property market,2,44,/suburbs/bray-park-nsw-2484/rental-market
property market {suburb},bendigo real estate market,2,58,/suburbs/bendigo-vic-3550/rental-market
property market {suburb},ayr property market,2,28,/suburbs/ayr-qld-4807/rental-market
property market {suburb},wollongong property market forecast 2021,1,76,/suburbs/wollongong-nsw-2500/rental-market
property market {suburb},western australia real estate market,1,53,/market-reports/wa
property market {suburb},wellington real estate market,1,51,/suburbs/wellington-sa-5259/rental-market
property market {suburb},tarneit property market,1,24,/suburbs/tarneit-vic-3029/rental-market
property market {suburb},sydney property market outlook 2026,1,19,/guides/sydney-property-market-2026
property market {suburb},sydney property market 2026,1,17,/guides/sydney-property-market-2026
property market {suburb},sydney housing market update 2026,1,18,/guides/sydney-property-market-2026
property market {suburb},surry hills property market,1,49,/suburbs/surry-hills-nsw-2010/rental-market
property market {suburb},surfers paradise property market,1,37,/suburbs/surfers-paradise-qld-4217
property market {suburb},scarborough property market,1,26,/suburbs/scarborough-wa-6019/rental-market
property market {suburb},reservoir property market,1,26,/suburbs/reservoir-east-vic-3073/rental-market
property market {suburb},property market reports,1,52,/market-reports
property market {suburb},property market nsw,1,35,/market-reports/nsw
property market {suburb},property market insights perth,1,64,/property-market/perth
property market {suburb},petrie property market,1,40,/suburbs/petrie-terrace-qld-4000/rental-market
property market {suburb},perth property market predictions 2026,1,42,/guides/perth-property-market-2026
property market {suburb},pakenham property market,1,50,/suburbs/pakenham-upper-vic-3810/rental-market
property market {suburb},orange nsw property market,1,53,/suburbs/orange-nsw-2800/rental-market
property market {suburb},nsw property market,1,40,/market-reports/nsw
property market {suburb},nowra property market,1,63,/suburbs/wapra-nsw-2422/rental-market
property market {suburb},mornington peninsula property market 2018,1,18,/regions/mornington-peninsula
property market {suburb},mildura property market,1,57,/suburbs/mildura-vic-3500/rental-market
property market {suburb},mernda property market,1,29,/suburbs/mernda-vic-3754/rental-market
property market {suburb},melton property market,1,17,/suburbs/melton-vic-3337/rental-market
property market {suburb},marsden park property market,1,28,/suburbs/marsden-park-nsw-2765/rental-market
property market {suburb},maitland property market,1,56,/suburbs/south-maitland-nsw-2320/rental-market
property market {suburb},logan property market,1,65,/suburbs/logan-central-qld-4114/rental-market
property market {suburb},lalor property market,1,27,/suburbs/lalor-plaza-vic-3075/rental-market
property market {suburb},kew property market,1,27,/suburbs/kew-vic-3101/rental-market
property market {suburb},kalgoorlie real estate market,1,26,/suburbs/kalgoorlie-wa-6430/rental-market
property market {suburb},housing market,1,2,/guides/best-time-to-sell-a-house-australia
property market {suburb},hobart property market,1,75,/suburbs/hobart-tas-7000/rental-market
property market {suburb},high wycombe property market,1,30,/suburbs/high-wycombe-wa-6057/rental-market
property market {suburb},hamilton real estate market,1,44,/suburbs/hamilton-nsw-2303/rental-market
property market {suburb},gosford property market,1,58,/suburbs/west-gosford-nsw-2250/rental-market
property market {suburb},fremantle property market trends 2026,1,60,/suburbs/fremantle-wa-6160/rental-market
property market {suburb},frankston property market,1,59,/suburbs/frankston-vic-3199
property market {suburb},devonport property market,1,23,/suburbs/devonport-tas-7310/rental-market
property market {suburb},clayton south property market,1,42,/suburbs/clayton-bay-sa-5256/rental-market
property market {suburb},cessnock property market,1,57,/suburbs/cumnock-nsw-2867/rental-market
property market {suburb},brisbane property market trends 2026,1,30,/guides/brisbane-property-market-2026
property market {suburb},brisbane property market 2026 growth risks recession olympics,1,15,/guides/brisbane-property-market-2026
property market {suburb},braybrook property market,1,46,/suburbs/braybrook-north-vic-3019
property market {suburb},brabham property market,1,33,/suburbs/brabham-wa-6055/rental-market
property market {suburb},bayswater property market,1,58,/suburbs/bayswater-north-vic-3153
property market {suburb},ballarat property market,1,82,/suburbs/ballarat-central-vic-3350/rental-market
median house price {suburb},hawthorn median house price,112,21,/suburbs/hawthorn-east-vic-3123
median house price {suburb},bondi median house price,82,45,/suburbs/bondi-nsw-2026
median house price {suburb},canberra suburbs median property prices latest,81,41,/property-market/canberra
median house price {suburb},median house price hawthorn,80,22,/suburbs/hawthorn-east-vic-3123
median house price {suburb},morayfield median house price,54,9,/suburbs/morayfield-qld-4506
median house price {suburb},mount waverley median house price,43,29,/suburbs/glen-waverley-vic-3150/vs/mount-waverley-vic-3149
median house price {suburb},chatswood median house price,35,51,/price-guide
median house price {suburb},kellyville median house price,29,52,/suburbs/kellyville-nsw-2155/rental-market
median house price {suburb},median house price chatswood,27,51,/price-guide
median house price {suburb},reservoir median house price,25,31,/suburbs/reservoir-south-vic-3073
median house price {suburb},hurstville median house price,24,31,/suburbs/hurstville-nsw-2220/vs/south-hurstville-nsw-2221
median house price {suburb},devonport median house prices,24,51,/suburbs/devonport-tas-7310/rental-market
median house price {suburb},median house price kellyville,22,50,/suburbs/kellyville-nsw-2155/rental-market
median house price {suburb},toorak median house price,21,19,/suburbs/toorak-vic-3142
median house price {suburb},nsw median house price,20,52,/price-guide
median house price {suburb},cronulla median house price,20,18,/suburbs/cronulla-nsw-2230
median house price {suburb},st kilda median house price,19,53,/suburbs/melbourne-vic-3004/vs/st-kilda-road-central-vic-3004
median house price {suburb},median house price williamstown,18,35,/suburbs/williamstown-vic-3016/rental-market
median house price {suburb},camberwell median house price,18,49,/suburbs/canterbury-vic-3126/vs/camberwell-north-vic-3124
median house price {suburb},median house price frankston,17,39,/suburbs/frankston-vic-3199/vs/frankston-north-vic-3200
median house price {suburb},median house price toorak,15,17,/suburbs/toorak-vic-3142
median house price {suburb},median house price bayswater,14,26,/suburbs/bayswater-wa-6053
median house price {suburb},dee why median house price,14,56,/suburbs/dee-why-nsw-2099/vs/dee-why-beach-nsw-2099
median house price {suburb},werribee median house price,13,28,/suburbs/werribee-vic-3030/vs/werribee-south-vic-3030
median house price {suburb},median house price essendon,13,19,/suburbs/essendon-vic-3040/vs/moonee-ponds-vic-3039
median house price {suburb},median house price dandenong,13,13,/suburbs/dandenong-vic-3175/rental-market
median house price {suburb},frankston median house price,13,28,/suburbs/frankston-vic-3199/vs/frankston-north-vic-3200
median house price {suburb},median house price fitzroy,11,68,/suburbs/fitzroy-north-vic-3068/rental-market
median house price {suburb},median house price camberwell,11,55,/suburbs/camberwell-vic-3124/rental-market
median house price {suburb},median house price werribee,10,22,/suburbs/werribee-vic-3030/vs/hoppers-crossing-vic-3029
median house price {suburb},median house price south yarra,10,27,/suburbs/melbourne-vic-3004/vs/south-yarra-vic-3141
median house price {suburb},blacktown median house price,10,13,/suburbs/blacktown-nsw-2148/rental-market
median house price {suburb},balwyn north median house price,10,18,/suburbs/balwyn-north-vic-3104/vs/balwyn-vic-3103
median house price {suburb},williamstown median house price,9,44,/suburbs/williamstown-vic-3016/rental-market
median house price {suburb},vaucluse median house price,9,74,/price-guide
median house price {suburb},preston median house price,9,49,/suburbs/preston-vic-3072/rental-market
median house price {suburb},mount victoria median house prices,9,39,/suburbs/mount-victoria-nsw-2786/rental-market
median house price {suburb},median house price st kilda,9,53,/suburbs/melbourne-vic-3004/vs/st-kilda-road-central-vic-3004
median house price {suburb},median house price kew,9,36,/suburbs/kew-east-vic-3102
median house price {suburb},kew median house price,9,41,/suburbs/kew-vic-3101/rental-market
median house price {suburb},north melbourne median house price,8,27,/suburbs/north-melbourne-vic-3051/rental-market
median house price {suburb},median house price preston,8,30,https://yourpropertyguide.com.au/suburbs/preston-south-vic-3072
median house price {suburb},median house price by suburb,8,60,/price-guide
median house price {suburb},median house price blacktown,8,15,/suburbs/blacktown-nsw-2148/rental-market
median house price {suburb},lorne median house price,8,28,/suburbs/lorne-vic-3232/rental-market
median house price {suburb},lane cove median house price,8,44,/suburbs/lane-cove-north-nsw-2066/rental-market
median house price {suburb},sydney median house price by suburb,7,55,/price-guide
median house price {suburb},median house price parramatta,7,62,/suburbs/parramatta-nsw-2150/rental-market
median house price {suburb},median house price buderim,7,25,/suburbs/buderim-qld-4556
median house price {suburb},median house price blackburn,7,24,/suburbs/blackburn-vic-3130
median house price {suburb},median house price berwick,7,48,/suburbs/berwick-vic-3806/rental-market
median house price {suburb},hawthorn east median house price,7,11,/suburbs/hawthorn-east-vic-3123
median house price {suburb},dandenong median house price,7,24,/suburbs/dandenong-vic-3175/rental-market
median house price {suburb},balwyn median house price,7,34,/suburbs/balwyn-north-vic-3104/vs/balwyn-vic-3103
median house price {suburb},wahroonga median house price,6,46,/price-guide
median house price {suburb},richmond median house price,6,38,/suburbs/richmond-vic-3121/rental-market
median house price {suburb},pymble median house price,6,41,/price-guide
median house price {suburb},pascoe vale south median house price,6,30,/suburbs/essendon-vic-3040/vs/pascoe-vale-south-vic-3044
median house price {suburb},median house price nsw,6,57,/price-guide
median house price {suburb},median house price narre warren,6,66,/suburbs/narre-warren-north-vic-3804/rental-market
median house price {suburb},median house price lane cove,6,45,/suburbs/lane-cove-north-nsw-2066/rental-market
median house price {suburb},kings langley nsw median house price 2026,6,10,/suburbs/kings-langley-nsw-2147
median house price {suburb},kensington median house price,6,35,/suburbs/kensington-nsw-2033/rental-market
median house price {suburb},forestville median house price,6,15,/postcodes/2087
median house price {suburb},canterbury median house price,6,40,/suburbs/canterbury-vic-3126/rental-market
median house price {suburb},brighton sa median house price,6,33,/suburbs/brighton-sa-5048/rental-market
median house price {suburb},berwick median house price,6,47,/suburbs/berwick-vic-3806/rental-market
median house price {suburb},baulkham hills median house price,6,48,/suburbs/baulkham-hills-nsw-2153/rental-market
median house price {suburb},south melbourne median house price,5,33,/suburbs/melbourne-vic-3004/vs/south-yarra-vic-3141
median house price {suburb},median house prices by suburb,5,58,/price-guide
median house price {suburb},median house price hervey bay,5,35,/suburbs/hervey-bay-dc-qld-4655
median house price {suburb},median house price australia by state,5,67,/states
median house price {suburb},liverpool median house price,5,22,/suburbs/liverpool-nsw-2170/vs/cartwright-nsw-2168
median house price {suburb},frenchs forest median house price,5,55,/price-guide
median house price {suburb},coomera median house price,5,46,/suburbs/upper-coomera-qld-4209/rental-market
median house price {suburb},carlton median house price,5,25,/suburbs/carlton-vic-3000
median house price {suburb},brighton median house price,5,55,/suburbs/brighton-vic-3186
median house price {suburb},blackburn median house price,5,26,/suburbs/blackburn-vic-3130
median house price {suburb},strathfield median house price,4,33,/suburbs/strathfield-nsw-2135/rental-market
median house price {suburb},property.com.au albion 3020 median house price 2026,4,9,/suburbs/albion-vic-3020
median house price {suburb},northcote median house price,4,41,/suburbs/northcote-vic-3070/rental-market
median house price {suburb},moonee ponds median house price,4,48,/price-guide
median house price {suburb},median house price sydney suburbs,4,65,/price-guide
median house price {suburb},median house price sydney by suburb,4,67,/price-guide
median house price {suburb},median house price strathfield,4,30,/suburbs/strathfield-nsw-2135/rental-market
median house price {suburb},median house price perth,4,68,/property-market/perth
median house price {suburb},median house price pakenham,4,61,/suburbs/pakenham-upper-vic-3810/rental-market
median house price {suburb},median house price in toorak,4,16,/suburbs/toorak-vic-3142
median house price {suburb},median house price glen waverley,4,47,/suburbs/glen-waverley-vic-3150/vs/syndal-vic-3149
median house price {suburb},median house price castle hill,4,45,/suburbs/castle-hill-nsw-2154/rental-market
median house price {suburb},median house price by state australia,4,73,/states
median house price {suburb},median house price brighton,4,70,/suburbs/brighton-qld-4017/rental-market
median house price {suburb},median house price balwyn,4,36,/suburbs/balwyn-north-vic-3104/vs/balwyn-vic-3103
median house price {suburb},malvern median house price,4,49,/suburbs/malvern-sa-5061/rental-market
median house price {suburb},ferntree gully median house price,4,54,/price-guide
median house price {suburb},elwood median house price,4,24,/suburbs/elwood-vic-3184/rental-market
median house price {suburb},deception bay median house price,4,25,/suburbs/deception-bay-qld-4508/rental-market
median house price {suburb},concord median house price,4,48,/price-guide
median house price {suburb},castle hill median house price,4,43,/suburbs/castle-hill-nsw-2154/rental-market
median house price {suburb},wollert median house price,3,51,/suburbs/wollert-vic-3750/rental-market
median house price {suburb},willoughby median house price,3,51,/price-guide
median house price {suburb},west ryde median house price,3,58,/price-guide
median house price {suburb},toorak median price,3,11,/suburbs/toorak-vic-3142
median house price {suburb},sunbury median house price,3,58,/suburbs/sunbury-vic-3429/rental-market
median house price {suburb},suburb median house price,3,62,/price-guide
median house price {suburb},st peters median house price,3,10,/suburbs/st-peters-sa-5069
median house price {suburb},st lucia median house price,3,42,/suburbs/st-lucia-qld-4067/rental-market
median house price {suburb},south yarra median house price,3,52,/suburbs/south-yarra-vic-3141/rental-market
median house price {suburb},somerville median house price,3,10,/suburbs/somerville-vic-3912
median house price {suburb},roseville median house price,3,33,/suburbs/roseville-chase-nsw-2069
median house price {suburb},punchbowl median house price,3,49,/price-guide
median house price {suburb},property.com.au thomastown 3074 median house price 2026,3,11,/suburbs/thomastown-vic-3074
median house price {suburb},property.com.au albion vic 3020 median house price 2026,3,9,/suburbs/albion-vic-3020
median house price {suburb},prahran median house price,3,38,/suburbs/prahran-east-vic-3181/rental-market
median house price {suburb},ocean grove median house price,3,18,/suburbs/ocean-grove-vic-3226/rental-market
median house price {suburb},narre warren south median house price,3,39,/suburbs/narre-warren-south-vic-3805/rental-market
median house price {suburb},mount gambier median house price 2026,3,60,/suburbs/mount-gambier-east-sa-5291/rental-market
median house price {suburb},mosman median house price,3,54,/suburbs/mosman-nsw-2088/rental-market
median house price {suburb},median house price vaucluse,3,77,/price-guide
median house price {suburb},median house price tasmania,3,44,/market-reports/tas
median house price {suburb},median house price richmond,3,28,/suburbs/richmond-vic-3121/rental-market
median house price {suburb},median house price northcote,3,48,/suburbs/northcote-vic-3070/rental-market
median house price {suburb},median house price maroubra,3,53,/price-guide
median house price {suburb},median house price balwyn north,3,27,/suburbs/balwyn-north-vic-3104/vs/balwyn-vic-3103
median house price {suburb},manly median house price,3,72,/suburbs/manly-nsw-2095/rental-market
median house price {suburb},lysterfield median house price,3,39,/suburbs/lysterfield-south-vic-3156
median house price {suburb},kirribilli median house price,3,50,/price-guide
median house price {suburb},kenmore median house price,3,29,/suburbs/kenmore-east-qld-4069
median house price {suburb},karrinyup median house price,3,22,/suburbs/karrinyup-wa-6018
median house price {suburb},homebush median house price,3,49,/price-guide
median house price {suburb},glen waverley median house price,3,50,/suburbs/glen-waverley-vic-3150/vs/burwood-east-vic-3151
median house price {suburb},geebung median house price,3,21,/suburbs/boondall-qld-4034/vs/geebung-qld-4034
median house price {suburb},fitzroy median house price,3,65,/suburbs/fitzroy-sa-5082/rental-market
median house price {suburb},essendon median house price,3,48,/suburbs/essendon-vic-3040/vs/moonee-ponds-vic-3039
median house price {suburb},collingwood median house price,3,20,/suburbs/collingwood-north-vic-3066
median house price {suburb},clifton hill median house price,3,25,/suburbs/clifton-hill-vic-3068/rental-market
median house price {suburb},chapel hill median house price,3,47,/price-guide
median house price {suburb},carine median house price,3,24,/suburbs/carine-wa-6020/rental-market
median house price {suburb},cairns median house price,3,75,/suburbs/cairns-qld-4870/rental-market
median house price {suburb},burwood median house price,3,59,/suburbs/burwood-east-vic-3151/rental-market
median house price {suburb},bulleen median house price,3,29,/suburbs/bulleen-vic-3105
median house price {suburb},bowral median house price,3,49,/price-guide
median house price {suburb},bentleigh vic median house price 2026,3,9,/suburbs/bentleigh-vic-3204
median house price {suburb},bayswater median house price,3,44,/suburbs/bayswater-north-vic-3153
median house price {suburb},windsor median house price,2,53,/suburbs/windsor-vic-3181/rental-market
median house price {suburb},westmere median house prices,2,42,/suburbs/westmere-vic-3351
median house price {suburb},victoria median house price,2,42,/market-reports/vic
median house price {suburb},tweed heads median house price,2,62,/suburbs/tweed-heads-nsw-2485/rental-market
median house price {suburb},toowong median house price,2,24,/suburbs/toowong-qld-4066/rental-market
median house price {suburb},thornbury median house price,2,60,/price-guide
median house price {suburb},sydney suburbs by median house price,2,80,/price-guide
median house price {suburb},sydney median house price 2026,2,58,/guides/sydney-property-market-2026
median house price {suburb},rosebud median house price,2,27,https://yourpropertyguide.com.au/suburbs/rosebud-west-vic-3940
median house price {suburb},ripley median house price,2,56,/suburbs/ripley-qld-4306/rental-market
median house price {suburb},red hill median house price,2,13,/suburbs/red-hill-act-2603
median house price {suburb},parramatta median house price,2,72,/suburbs/parramatta-nsw-2150/rental-market
median house price {suburb},paddington median house price,2,70,/suburbs/paddington-nsw-2021/rental-market
median house price {suburb},nundah median house price,2,54,/price-guide
median house price {suburb},narrabeen median house price,2,52,/price-guide
median house price {suburb},morayfield qld median house price 2026,2,8,/suburbs/morayfield-qld-4506
median house price {suburb},melton median house price,2,50,/suburbs/melton-west-vic-3337/rental-market
median house price {suburb},median house price willoughby,2,62,/price-guide
median house price {suburb},median house price wahroonga,2,46,/price-guide
median house price {suburb},median house price tweed heads,2,52,/suburbs/tweed-heads-south-nsw-2486/rental-market
median house price {suburb},median house price toowong,2,62,/market-reports
median house price {suburb},median house price rosebud,2,34,https://yourpropertyguide.com.au/suburbs/rosebud-west-vic-3940
median house price {suburb},median house price port melbourne,2,21,/suburbs/port-melbourne-vic-3207/rental-market
median house price {suburb},median house price port macquarie,2,50,/suburbs/port-macquarie-nsw-2444/rental-market
median house price {suburb},median house price perth 2026,2,16,/guides/perth-property-market-2026
median house price {suburb},median house price mooroolbark,2,30,/suburbs/mooroolbark-vic-3138/rental-market
median house price {suburb},median house price manly,2,70,/suburbs/manly-nsw-2095/rental-market
median house price {suburb},median house price karrinyup,2,16,/suburbs/karrinyup-wa-6018
median house price {suburb},median house price frenchs forest,2,54,/price-guide
median house price {suburb},median house price frankston north,2,47,/suburbs/frankston-north-vic-3200/vs/karingal-centre-vic-3199
median house price {suburb},median house price darwin,2,22,/property-market/darwin
median house price {suburb},median house price caringbah,2,58,/price-guide
median house price {suburb},median house price burwood,2,54,/suburbs/burwood-east-vic-3151/rental-market
median house price {suburb},median house price bentleigh,2,49,/suburbs/bentleigh-east-vic-3165/rental-market
median house price {suburb},maroubra median house price,2,53,/price-guide
median house price {suburb},lismore median house price,2,62,/price-guide
median house price {suburb},lidcombe median house price,2,46,/price-guide
median house price {suburb},lalor vic median house price 2026 property.com.au,2,10,/suburbs/lalor-vic-3075
median house price {suburb},kingsgrove median house price,2,48,/suburbs/kingswood-nsw-2340/rental-market
median house price {suburb},killara median house price,2,26,/suburbs/killara-nsw-2071/rental-market
median house price {suburb},iluka median house price,2,44,/price-guide
median house price {suburb},hamilton east median house prices,2,45,/suburbs/hamilton-east-nsw-2303/rental-market
median house price {suburb},glenelg median house price,2,11,/suburbs/glenelg-south-sa-5045
median house price {suburb},ermington nsw median house price 2026,2,8,/suburbs/ermington-nsw-2115
median house price {suburb},ellenbrook median house price,2,50,/suburbs/ellenbrook-wa-6069/vs/belhus-wa-6069
median house price {suburb},east killara median house price,2,28,/price-guide
median house price {suburb},denistone median house price,2,38,/price-guide
median house price {suburb},daylesford median house price,2,39,/suburbs/daylesford-vic-3460/rental-market
median house price {suburb},darlinghurst median house price,2,49,/suburbs/darling-point-nsw-2027
median house price {suburb},coogee median house price,2,50,/suburbs/coogee-nsw-2034
median house price {suburb},clontarf median house price,2,42,/price-guide
median house price {suburb},chermside west median house price,2,54,/price-guide
median house price {suburb},cashmere median house prices,2,48,/suburbs/cashmere-qld-4500/rental-market
median house price {suburb},campsie median house price,2,29,/suburbs/campsie-nsw-2194/rental-market
median house price {suburb},buderim median house price,2,24,/suburbs/buderim-qld-4556
median house price {suburb},bentleigh east median house price,2,41,/suburbs/bentleigh-east-vic-3165/rental-market
median house price {suburb},bendigo median house price,2,66,/suburbs/bendigo-vic-3550/rental-market
median house price {suburb},beaumont hills median house price,2,46,/price-guide
median house price {suburb},beaconsfield median house price,2,36,/suburbs/beaconsfield-qld-4740/rental-market
median house price {suburb},aubin grove median house price,2,35,/price-guide
median house price {suburb},aspendale median house price,2,30,/suburbs/aspendale-vic-3195/vs/aspendale-gardens-vic-3195
median house price {suburb},are median property prices in canberra expected to rise or fall next year?,2,8,/guides/house-price-forecasts-2026-2027-by-capital-city
median house price {suburb},annandale median house price,2,34,/suburbs/annandale-nsw-2038
median house price {suburb},alphington median house price,2,29,/suburbs/alphington-vic-3078/rental-market
median house price {suburb},yamba median house price,1,51,/price-guide
median house price {suburb},wynnum median house price,1,51,/suburbs/wynnum-west-qld-4178
median house price {suburb},wyndham vale median house price,1,66,/suburbs/wyndham-vale-vic-3024/rental-market
median house price {suburb},winston hills median house price,1,7,/suburbs/winston-hills-nsw-2153
median house price {suburb},what is median house price,1,73,/glossary/median-price
median house price {suburb},what is a median house price,1,74,/glossary/median-price
median house price {suburb},waverton median house price,1,46,/price-guide
median house price {suburb},watsons bay median house price,1,35,/price-guide
median house price {suburb},warwick median house price,1,25,/suburbs/warwick-wa-6024
median house price {suburb},warrnambool median house price,1,57,/suburbs/warrnambool-west-vic-3280/rental-market
median house price {suburb},warranwood median house price,1,41,/price-guide
median house price {suburb},warrandyte median house price,1,39,/suburbs/north-warrandyte-vic-3113/rental-market
median house price {suburb},wakerley median house price,1,40,/price-guide
median house price {suburb},upper coomera median house price,1,39,/suburbs/upper-coomera-qld-4209/rental-market
median house price {suburb},unley park median house price,1,10,/suburbs/unley-park-sa-5061
median house price {suburb},umina beach median house price,1,51,/price-guide
median house price {suburb},tuart hill median house price,1,46,/price-guide
median house price {suburb},toorak vic median house price 2026,1,11,/suburbs/toorak-vic-3142
median house price {suburb},toongabbie median house price,1,29,/suburbs/toongabbie-nsw-2146/rental-market
median house price {suburb},thomastown vic 3074 median house price 2025 2026,1,10,/suburbs/thomastown-vic-3074
median house price {suburb},thirroul median house price,1,13,/suburbs/thirroul-nsw-2515
median house price {suburb},the ponds median house price,1,31,/suburbs/the-ponds-nsw-2769/rental-market
median house price {suburb},tarneit median house price,1,48,/suburbs/tarneit-vic-3029/rental-market
median house price {suburb},surrey hills median house price,1,43,/suburbs/surrey-hills-vic-3127/rental-market
median house price {suburb},suburb median price,1,50,/price-guide
median house price {suburb},sterling median home price,1,8,/suburbs/stirling-sa-5152
median house price {suburb},stanmore median house price,1,11,/suburbs/stanmore-nsw-2048
median house price {suburb},st ives median house price,1,33,/suburbs/st-ives-chase-nsw-2075
median house price {suburb},st clair median house price,1,44,/suburbs/lake-st-clair-tas-7140/rental-market
median house price {suburb},st albans median house price,1,51,/suburbs/st-albans-vic-3021/rental-market
median house price {suburb},springwood median house price,1,39,/suburbs/springwood-nsw-2777/rental-market
median house price {suburb},springfield lakes median house price,1,26,/suburbs/springfield-lakes-qld-4300/rental-market
median house price {suburb},sebastopol median house price,1,28,/suburbs/sebastopol-vic-3356/agents
median house price {suburb},sandringham median house price,1,10,/suburbs/sandringham-nsw-2219
median house price {suburb},salter point median house price,1,43,/price-guide
median house price {suburb},salisbury median house price,1,75,/price-guide
median house price {suburb},ryde median house price,1,37,/suburbs/ryde-nsw-2112/vs/west-ryde-nsw-2114
median house price {suburb},rosebery median house price,1,29,/suburbs/rosebery-vic-3395/rental-market
median house price {suburb},ringwood median house price,1,60,/suburbs/ringwood-vic-3134/rental-market
median house price {suburb},realestate.com.au morayfield qld median house price 2026,1,9,/suburbs/morayfield-qld-4506
median house price {suburb},portland median house price,1,7,/suburbs/portland-vic-3305
median house price {suburb},port melbourne median house price,1,36,/suburbs/port-melbourne-vic-3207/rental-market
median house price {suburb},point piper median house price,1,50,/price-guide
median house price {suburb},perth median house price 2026,1,40,/guides/perth-property-market-2026
median house price {suburb},penrith median house price,1,35,/suburbs/penrith-south-nsw-2750
median house price {suburb},oakleigh median house price,1,37,/suburbs/oakleigh-south-vic-3167
median house price {suburb},northmead nsw median house price 2026,1,9,/suburbs/northmead-nsw-2152
median house price {suburb},northgate median house price,1,29,/postcodes/4013
median house price {suburb},northbridge median house price,1,20,/suburbs/northbridge-nsw-2063/rental-market
median house price {suburb},north rocks nsw median house price 2026,1,10,/suburbs/north-rocks-nsw-2151
median house price {suburb},north perth wa median house price,1,27,https://yourpropertyguide.com.au/suburbs/north-perth-wa-6006
median house price {suburb},north kellyville median house price,1,50,/price-guide
median house price {suburb},newport median house price,1,64,/suburbs/newport-qld-4020/houses
median house price {suburb},new farm median house price,1,48,/suburbs/new-farm-qld-4005/vs/norman-park-qld-4170
median house price {suburb},neutral bay median house price,1,55,/price-guide
median house price {suburb},mt druitt median house price,1,46,/price-guide
median house price {suburb},mount pleasant mackay median house price,1,37,/suburbs/mount-pleasant-qld-4740/vs/mackay-north-qld-4740
median house price {suburb},mount druitt median house price,1,51,/price-guide
median house price {suburb},mordialloc median house price,1,29,/suburbs/aspendale-vic-3195/vs/mordialloc-vic-3195
median house price {suburb},mooroolbark median house price,1,33,/suburbs/mooroolbark-vic-3138/rental-market
median house price {suburb},moorooka median house price,1,46,/price-guide
median house price {suburb},miranda median house price,1,12,/suburbs/miranda-nsw-2228/rental-market
median house price {suburb},mildura median house price,1,56,/suburbs/mildura-vic-3500/rental-market
median house price {suburb},melbourne suburbs by median house price,1,60,/price-guide
median house price {suburb},melbourne median home price,1,50,/property-market/melbourne
median house price {suburb},median unit price sydney,1,65,/market-reports/nsw
median house price {suburb},median price,1,26,/glossary/median-price
median house price {suburb},median house prices by state,1,67,/states
median house price {suburb},median house price yarraville,1,54,/suburbs/tarraville-vic-3971/rental-market
median house price {suburb},median house price yamba,1,54,/price-guide
median house price {suburb},median house price wollongong,1,76,/suburbs/wollongong-dc-nsw-2500/rental-market
median house price {suburb},median house price wollert,1,54,/suburbs/wollert-vic-3750/rental-market
median house price {suburb},median house price victoria,1,47,/property-market/melbourne
median house price {suburb},median house price townsville,1,72,/suburbs/townsville-city-qld-4810/rental-market
median house price {suburb},median house price thirroul,1,23,/suburbs/thirroul-nsw-2515
median house price {suburb},median house price pymble,1,9,/suburbs/pymble-nsw-2073
median house price {suburb},median house price north kellyville,1,53,/price-guide
median house price {suburb},median house price newtown,1,52,/suburbs/newtown-nsw-2042/rental-market
median house price {suburb},median house price new farm,1,50,/suburbs/new-farm-qld-4005/vs/norman-park-qld-4170
median house price {suburb},median house price mount waverley,1,38,/suburbs/glen-waverley-vic-3150/vs/mount-waverley-vic-3149
median house price {suburb},median house price mosman,1,27,/suburbs/mosman-nsw-2088/rental-market
median house price {suburb},median house price moonee ponds,1,26,/suburbs/essendon-vic-3040/vs/moonee-ponds-vic-3039
median house price {suburb},median house price mildura,1,6,/suburbs/mildura-vic-3500/rental-market
median house price {suburb},median house price melbourne,1,72,/property-market/melbourne
median house price {suburb},median house price maryborough qld,1,50,/suburbs/maryborough-dc-qld-4650/rental-market
median house price {suburb},median house price malvern,1,45,/suburbs/malvern-vic-3144/rental-market
median house price {suburb},median house price in sydney,1,42,/property-market/sydney
median house price {suburb},median house price hobart,1,69,/suburbs/hobart-tas-7000/rental-market
median house price {suburb},median house price hawthorn east,1,17,/suburbs/hawthorn-east-vic-3123
median house price {suburb},median house price gosford,1,65,/price-guide
median house price {suburb},median house price ferntree gully,1,60,/price-guide
median house price {suburb},median house price fairfield,1,54,/suburbs/fairfield-east-nsw-2165/rental-market
median house price {suburb},median house price ellenbrook,1,50,/suburbs/ellenbrook-wa-6069/vs/belhus-wa-6069
median house price {suburb},median house price echuca,1,52,/price-guide
median house price {suburb},median house price cottesloe,1,11,/suburbs/cottesloe-wa-6011
median house price {suburb},median house price coomera,1,52,/suburbs/upper-coomera-qld-4209/rental-market
median house price {suburb},median house price concord,1,33,/price-guide
median house price {suburb},median house price by suburb sydney,1,60,/price-guide
median house price {suburb},median house price by state,1,78,/states
median house price {suburb},median house price bulleen,1,26,/suburbs/bulleen-vic-3105
median house price {suburb},median house price bentleigh east,1,47,/suburbs/bentleigh-east-vic-3165/rental-market
median house price {suburb},median house price bendigo,1,50,/suburbs/bendigo-vic-3550/rental-market
median house price {suburb},median house price beaumaris,1,10,/suburbs/beaumaris-vic-3193
median house price {suburb},median house price baulkham hills,1,18,/suburbs/baulkham-hills-nsw-2153/rental-market
median house price {suburb},median house price bathurst nsw 2023,1,68,/suburbs/bathurst-nsw-2795/rental-market
median house price {suburb},marrickville median house price,1,11,/suburbs/marrickville-nsw-2204/rental-market
median house price {suburb},maroochydore median house price,1,48,/suburbs/maroochydore-qld-4558/rental-market
median house price {suburb},landsdale median house price,1,11,/suburbs/landsdale-wa-6065
median house price {suburb},lalor vic 3075 median house price 2026,1,10,/suburbs/lalor-vic-3075
median house price {suburb},lakemba median house price,1,23,/suburbs/lakemba-nsw-2195/rental-market
median house price {suburb},kogarah median house price,1,48,/suburbs/kogarah-bay-nsw-2217/rental-market
median house price {suburb},kingsford median house price,1,33,/suburbs/kingsford-nsw-2032/rental-market
median house price {suburb},kellyville ridge median house price,1,49,/suburbs/kellyville-nsw-2155/vs/kellyville-ridge-nsw-2155
median house price {suburb},keilor median house price,1,44,/suburbs/keilor-east-vic-3033/rental-market
median house price {suburb},keilor east median house price,1,47,/suburbs/keilor-east-vic-3033/rental-market
median house price {suburb},jindabyne median house price,1,54,/price-guide
median house price {suburb},ivanhoe median house price,1,39,/suburbs/ivanhoe-north-vic-3079
median house price {suburb},inala median house price,1,54,/price-guide
median house price {suburb},hornsby median house price,1,33,/suburbs/hornsby-heights-nsw-2077
median house price {suburb},hoppers crossing median house price,1,28,/suburbs/werribee-vic-3030/vs/hoppers-crossing-vic-3029
median house price {suburb},hamilton median house price,1,55,/suburbs/hamilton-nsw-2303/rental-market
median house price {suburb},greenacre median house price,1,27,/suburbs/greenacre-nsw-2190/rental-market
median house price {suburb},grange median house price,1,37,/suburbs/grange-qld-4051/rental-market
median house price {suburb},gosford median house price,1,62,/price-guide
median house price {suburb},glenmore park median house price,1,34,https://yourpropertyguide.com.au/suburbs/glenmore-nsw-2570
median house price {suburb},glen waverley median house price 2026,1,11,/suburbs/glen-waverley-vic-3150
median house price {suburb},freshwater median house price,1,33,/suburbs/freshwater-nsw-2096/rental-market
median house price {suburb},frankston south median house price,1,64,/suburbs/frankston-vic-3199
median house price {suburb},frankston north median house price,1,42,/suburbs/frankston-vic-3199
median house price {suburb},five dock median house price,1,11,/suburbs/five-dock-nsw-2046/rental-market
median house price {suburb},epping median house price,1,80,/suburbs/epping-nsw-2121/rental-market
median house price {suburb},eight mile plains median house price,1,32,/suburbs/eight-mile-plains-qld-4113/rental-market
median house price {suburb},eastwood median house price,1,37,/suburbs/eastwood-nsw-2122/vs/denistone-nsw-2114
median house price {suburb},east ryde median house price,1,51,/price-guide
median house price {suburb},drummoyne median house price,1,28,/suburbs/drummoyne-nsw-2047/rental-market
median house price {suburb},drouin median house price,1,16,/suburbs/drouin-vic-3818
median house price {suburb},dover heights median house price,1,53,/price-guide
median house price {suburb},double bay median house price,1,36,/suburbs/double-bay-nsw-2028/rental-market
median house price {suburb},domain suburb profile lalor vic median house price 2026,1,11,/suburbs/lalor-vic-3075
median house price {suburb},devonport median house price,1,30,/suburbs/devonport-tas-7310
median house price {suburb},deer park median house price,1,17,/suburbs/deer-park-vic-3023
median house price {suburb},deepdene median house price,1,21,/suburbs/deepdene-dc-vic-3103/rental-market
median house price {suburb},darling point median house price,1,30,/suburbs/darling-point-nsw-2027
median house price {suburb},daisy hill median house price,1,27,/suburbs/daisy-hill-vic-3465
median house price {suburb},cremorne median house price,1,38,/suburbs/cremorne-junction-nsw-2090
median house price {suburb},cranbourne median house price,1,53,/suburbs/cranbourne-vic-3977/rental-market
median house price {suburb},craigieburn median house price,1,36,/suburbs/craigieburn-vic-3064/vs/donnybrook-vic-3064
median house price {suburb},coburg vic median house price 2026,1,11,/suburbs/coburg-vic-3058
median house price {suburb},coatesville median house prices,1,34,/schools/east-bentleigh-primary-school-44864/vs/coatesville-primary-school-44804
median house price {suburb},clayton median house price,1,47,/suburbs/clayton-south-vic-3169/rental-market
median house price {suburb},chermside median house price,1,27,/suburbs/chermside-south-qld-4032
median house price {suburb},cheltenham median house price,1,38,/suburbs/cheltenham-north-vic-3192/vs/cheltenham-vic-3192
median house price {suburb},cessnock nsw median house price 2026,1,11,/suburbs/cessnock-nsw-2325
median house price {suburb},castlecrag median house price,1,35,/price-guide
median house price {suburb},cartwright median house price,1,31,/price-guide
median house price {suburb},carnegie vic median house price 2026,1,8,/suburbs/carnegie-vic-3163
median house price {suburb},carlingford median house price,1,61,/suburbs/carlingford-court-nsw-2118/rental-market
median house price {suburb},canberra median house price,1,11,/suburbs/canberra-act-2600
median house price {suburb},calamvale median house price,1,22,/suburbs/calamvale-qld-4116/rental-market
median house price {suburb},burpengary median house price,1,18,/suburbs/burpengary-qld-4505/rental-market
median house price {suburb},bundaberg median house price 2021,1,11,/suburbs/bundaberg-south-qld-4670
median house price {suburb},brunswick vic median house price 2026,1,10,/suburbs/brunswick-vic-3056
median house price {suburb},brunswick median house price,1,46,/suburbs/brunswick-vic-3056/rental-market
median house price {suburb},broken hill median house price,1,60,/price-guide
median house price {suburb},broadmeadows median house price,1,48,/suburbs/broadmeadow-nsw-2292/rental-market
median house price {suburb},brisbane median house prices,1,64,/property-market/brisbane
median house price {suburb},brisbane median house price june 2026,1,78,/guides/home-values-biggest-monthly-fall-june-2026
median house price {suburb},brighton east vic median house price 2026,1,10,/suburbs/brighton-east-vic-3187
median house price {suburb},booragoon median house price,1,4,/postcodes/6954
median house price {suburb},bentleigh median house price,1,48,/suburbs/bentleigh-east-vic-3165/rental-market
median house price {suburb},bellevue hill median house price,1,30,/suburbs/bellevue-hill-nsw-2023/rental-market
median house price {suburb},bellbowrie median house price,1,57,/market-reports
median house price {suburb},bella vista median house price,1,48,/price-guide
median house price {suburb},bankstown median house price,1,11,/suburbs/bankstown-nsw-2200/rental-market
median house price {suburb},avalon median house price,1,61,/price-guide
median house price {suburb},austral median house price,1,84,/price-guide
median house price {suburb},ashbury median house price,1,43,/price-guide
median house price {suburb},alice springs median house price september 2024,1,64,/suburbs/alice-springs-nt-0870/rental-market
median house price {suburb},alice springs median house price 2019,1,68,/suburbs/alice-springs-nt-0872/rental-market
median house price {suburb},albury median house price,1,64,/price-guide
median house price {suburb},airport west median house price,1,38,/suburbs/airport-west-vic-3042/rental-market
suburb profile,south lake suburb profile,60,39,/suburbs/south-lake-wa-6164/rental-market
suburb profile,morayfield suburb profile,54,20,/suburbs/morayfield-qld-4506
suburb profile,mount gambier suburb profile,25,61,/suburbs/mount-gambier-dc-sa-5290/vs/mount-gambier-sa-5291
suburb profile,rockingham suburb profile,22,43,/suburbs/rockingham-dc-wa-6168
suburb profile,parkwood suburb profile,20,38,/suburbs/parkwood-wa-6147
suburb profile,rocklea suburb profile,16,39,/suburbs/rocklea-qld-4106/rental-market
suburb profile,hilbert suburb profile,16,51,/suburbs/hilbert-wa-6112/rental-market
suburb profile,reservoir suburb profile,13,56,/suburbs/reservoir-south-vic-3073
suburb profile,flinders view suburb profile,12,19,/suburbs/flinders-view-qld-4305
suburb profile,st helena suburb profile,10,42,/suburbs/st-helena-vic-3088/rental-market
suburb profile,haynes suburb profile,9,40,/suburbs/haynes-wa-6112/rental-market
suburb profile,aubin grove suburb profile,9,38,/suburbs/aubin-grove-wa-6164/rental-market
suburb profile,hilton suburb profile,8,23,/suburbs/hilton-wa-6163
suburb profile,harrisdale suburb profile,8,33,/suburbs/harrisdale-wa-6112/rental-market
suburb profile,rothbury suburb profile,7,24,/suburbs/rothbury-nsw-2320
suburb profile,lake coogee suburb profile,7,46,/suburbs/lake-coogee-wa-6166/rental-market
suburb profile,yangebup suburb profile,6,40,/suburbs/yangebup-wa-6164/rental-market
suburb profile,toorak suburb profile,5,26,/suburbs/toorak-vic-3142
suburb profile,taigum suburb profile,5,32,/suburbs/taigum-qld-4018
suburb profile,property suburb report,5,75,/market-reports/wa
suburb profile,point cook suburb profile,5,84,/suburbs/point-cook-vic-3030/rental-market
suburb profile,hamilton hill suburb profile,5,34,/suburbs/hamilton-hill-wa-6163/rental-market
suburb profile,davoren park suburb profile,5,28,/suburbs/davoren-park-south-sa-5113
suburb profile,suburb review,4,82,/best-suburbs
suburb profile,suburb guide,4,20,/
suburb profile,springwood suburb profile,4,32,/suburbs/springwood-nsw-2777
suburb profile,red hill suburb profile,4,39,/suburbs/red-hill-act-2603
suburb profile,preston suburb profile,4,27,/suburbs/preston-west-vic-3072
suburb profile,merrimac suburb review,4,43,https://yourpropertyguide.com.au/suburbs/merrimac-qld-4226
suburb profile,killara suburb profile,4,30,https://yourpropertyguide.com.au/suburbs/killara-nsw-2071
suburb profile,joondanna suburb review,4,45,/suburbs/joondanna-wa-6060/rental-market
suburb profile,hawthorn suburb profile,4,38,/suburbs/hawthorn-east-vic-3123
suburb profile,austral suburb profile,4,70,/states
suburb profile,arana hills suburb profile,4,54,/suburbs/arana-hills-qld-4054/rental-market
suburb profile,wollert suburb profile,3,72,/suburbs/wollert-vic-3750/rental-market
suburb profile,wandi suburb review,3,30,/suburbs/wandi-wa-6167/rental-market
suburb profile,urangan suburb profile,3,24,/suburbs/urangan-qld-4655
suburb profile,upper coomera suburb profile,3,62,/suburbs/upper-coomera-qld-4209/rental-market
suburb profile,rose bay suburb profile,3,52,/suburbs/rose-bay-north-nsw-2030/rental-market
suburb profile,piara waters suburb profile,3,45,/suburbs/piara-waters-wa-6112/rental-market
suburb profile,pascoe vale south suburb profile,3,38,/suburbs/essendon-vic-3040/vs/pascoe-vale-south-vic-3044
suburb profile,pakenham suburb review,3,47,/suburbs/pakenham-vic-3810/vs/pakenham-upper-vic-3810
suburb profile,pakenham suburb profile,3,67,/suburbs/pakenham-vic-3810/vs/pakenham-upper-vic-3810
suburb profile,newcastle suburb profile,3,30,/suburbs/newcastle-east-nsw-2300
suburb profile,kenmore suburb profile,3,31,/suburbs/kenmore-east-qld-4069
suburb profile,frankston north suburb profile,3,70,/suburbs/frankston-vic-3199
suburb profile,ellenbrook suburb profile,3,63,/suburbs/ellenbrook-east-wa-6069/rental-market
suburb profile,deception bay suburb profile,3,51,/suburbs/deception-bay-qld-4508/rental-market
suburb profile,dalyellup suburb profile,3,28,/suburbs/gelorup-wa-6230/vs/dalyellup-wa-6230
suburb profile,bondi beach suburb profile,3,73,/suburbs/bondi-nsw-2026
suburb profile,bibra lake suburb profile,3,33,/suburbs/bibra-lake-wa-6163/rental-market
suburb profile,berwick suburb profile,3,90,/suburbs/berwick-vic-3806/rental-market
suburb profile,atwell suburb profile,3,38,/suburbs/atwell-wa-6164
suburb profile,willetton suburb profile,2,31,/suburbs/willetton-wa-6155
suburb profile,tingalpa suburb profile,2,28,/suburbs/tingalpa-bc-qld-4173
suburb profile,the ponds suburb profile,2,56,/suburbs/the-ponds-nsw-2769/rental-market
suburb profile,success suburb profile,2,43,/suburbs/success-wa-6164/rental-market
suburb profile,smithfield suburb profile,2,48,/suburbs/smithfield-west-nsw-2164
suburb profile,rutherford suburb profile,2,52,/suburbs/rutherford-nsw-2320/rental-market
suburb profile,queanbeyan suburb profile,2,32,/suburbs/queanbeyan-nsw-2620
suburb profile,penshurst suburb profile,2,52,/postcodes/2222
suburb profile,penrith suburb profile,2,40,/suburbs/penrith-south-nsw-2750
suburb profile,parkinson qld suburb profile,2,62,/suburbs/parkinson-qld-4115/rental-market
suburb profile,noble park suburb profile,2,66,/suburbs/noble-park-vic-3174/rental-market
suburb profile,murrumba downs suburb profile,2,77,/suburbs
suburb profile,mudgeeraba suburb profile,2,64,/suburbs/mudgeeraba-qld-4213/vs/robina-qld-4226
suburb profile,mount lawley suburb profile,2,68,/suburbs/mount-lawley-wa-6050/rental-market
suburb profile,mildura suburb profile,2,30,/suburbs/mildura-east-vic-3500
suburb profile,manning suburb profile,2,27,/suburbs/manning-wa-6152/vs/mount-pleasant-wa-6153
suburb profile,lovedale suburb profile,2,16,/suburbs/lovedale-nsw-2325
suburb profile,kingsford suburb profile,2,43,/suburbs/kingsford-nsw-2032/rental-market
suburb profile,kew suburb profile,2,52,/suburbs/kew-east-vic-3102
suburb profile,kellyville ridge suburb profile,2,51,/suburbs/kellyville-nsw-2155/vs/kellyville-ridge-nsw-2155
suburb profile,karrinyup suburb profile,2,36,/suburbs/karrinyup-wa-6018/rental-market
suburb profile,hampton park suburb profile,2,62,/suburbs/hampton-park-vic-3976/rental-market
suburb profile,geebung suburb profile,2,44,/suburbs/boondall-qld-4034/vs/geebung-qld-4034
suburb profile,enfield suburb profile,2,33,/suburbs/enfield-plaza-sa-5085/vs/enfield-sa-5085
suburb profile,dubbo suburb profile,2,43,/suburbs/dubbo-nsw-2830
suburb profile,daisy hill suburb profile,2,30,/suburbs/chatswood-hills-qld-4127/vs/daisy-hill-qld-4127
suburb profile,cremorne suburb profile,2,44,/suburbs/cremorne-junction-nsw-2090
suburb profile,coogee suburb profile,2,61,/suburbs/coogee-nsw-2034
suburb profile,cockburn central suburb profile,2,48,/suburbs/cockburn-central-wa-6164/rental-market
suburb profile,chermside suburb profile,2,52,/suburbs/chermside-south-qld-4032
suburb profile,chatswood suburb profile,2,76,/suburbs/chatsbury-nsw-2580
suburb profile,camberwell suburb profile,2,40,/suburbs/camberwell-north-vic-3124
suburb profile,buderim suburb profile,2,26,/suburbs/buderim-qld-4556
suburb profile,braybrook suburb profile,2,53,/suburbs/braybrook-north-vic-3019
suburb profile,beeliar suburb profile,2,42,/suburbs/beeliar-wa-6164/rental-market
suburb profile,balwyn north suburb profile,2,38,/suburbs/balwyn-north-vic-3104/vs/balwyn-vic-3103
suburb profile,arundel suburb profile,2,16,/suburbs/arundel-qld-4214
suburb profile,annandale suburb profile,2,33,/suburbs/annandale-nsw-2038
suburb profile,alphington suburb profile,2,50,/suburbs/alphington-vic-3078/rental-market
suburb profile,wynnum suburb profile,1,43,/suburbs/wynnum-west-qld-4178
suburb profile,wyndham vale suburb profile,1,72,/suburbs/wyndham-vale-vic-3024/rental-market
suburb profile,wollert suburb review,1,80,/suburbs/wollert-vic-3750/rental-market
suburb profile,werrington suburb profile,1,42,https://yourpropertyguide.com.au/suburbs/werrington-downs-nsw-2747
suburb profile,werribee suburb profile,1,74,/suburbs/werribee-south-vic-3030
suburb profile,wentworth point suburb profile,1,36,/suburbs/melrose-park-nsw-2114/vs/wentworth-point-nsw-2127
suburb profile,wellard suburb profile,1,48,/suburbs/wellard-wa-6170/rental-market
suburb profile,warwick suburb profile,1,30,/suburbs/warwick-wa-6024
suburb profile,warrnambool suburb profile,1,59,/suburbs/berrambool-vic-3379
suburb profile,wahroonga suburb profile,1,65,/suburbs/wahroonga-nsw-2076/rental-market
suburb profile,upper kedron suburb profile,1,54,/suburbs/kedron-upper-qld-4055/rental-market
suburb profile,tweed heads suburb profile,1,67,/suburbs/tweed-heads-south-nsw-2486/rental-market
suburb profile,toowong suburb profile,1,71,/suburbs/toowong-qld-4066/rental-market
suburb profile,thornton suburb profile,1,31,/suburbs/thornton-qld-4341
suburb profile,surfers paradise suburb profile,1,20,/suburbs/surfers-paradise-qld-4217
suburb profile,subiaco suburb profile,1,51,/suburbs/subiaco-wa-6008/rental-market
suburb profile,st lucia suburb profile,1,70,/suburbs/st-lucia-south-qld-4067/rental-market
suburb profile,st ives suburb profile,1,43,/suburbs/st-ives-chase-nsw-2075
suburb profile,spearwood suburb profile,1,34,/suburbs/spearwood-wa-6163/rental-market
suburb profile,slacks creek suburb profile,1,80,/suburbs
suburb profile,shenton park suburb profile,1,49,/suburbs/shenton-park-wa-6008/rental-market
suburb profile,seaton suburb profile,1,43,/suburbs/seaton-sa-5023/vs/findon-sa-5023
suburb profile,roseville suburb profile,1,42,/suburbs/roseville-chase-nsw-2069
suburb profile,rosebud suburb profile,1,46,https://yourpropertyguide.com.au/suburbs/rosebud-west-vic-3940
suburb profile,riverwood suburb profile,1,45,/suburbs/riverview-nsw-2066
suburb profile,ripley suburb profile,1,97,/suburbs/ripley-qld-4306/rental-market
suburb profile,redbank plains suburb profile,1,65,/suburbs/redbank-plains-qld-4301/rental-market
suburb profile,port kennedy suburb profile,1,39,/suburbs/port-kennedy-wa-6172/rental-market
suburb profile,parmelia suburb profile,1,38,/suburbs/orelia-wa-6167/vs/parmelia-wa-6167
suburb profile,parkside suburb profile,1,28,/suburbs/parkside-sa-5063/rental-market
suburb profile,paradise suburb profile,1,27,/suburbs/paradise-tas-7306/rental-market
suburb profile,oxenford suburb profile,1,46,/suburbs/oxenford-qld-4210/rental-market
suburb profile,north sydney suburb profile,1,43,/suburbs/north-sydney-nsw-2055/rental-market
suburb profile,north bondi suburb profile,1,60,/suburbs/bondi-nsw-2026
suburb profile,newport suburb profile,1,54,/suburbs/newport-nsw-2106/rental-market
suburb profile,new farm suburb profile,1,49,/suburbs/new-farm-qld-4005/vs/norman-park-qld-4170
suburb profile,mount pleasant suburb profile,1,48,/suburbs/mount-pleasant-wa-6153
suburb profile,mount louisa suburb profile,1,63,/suburbs
suburb profile,mount hawthorn suburb profile,1,27,/suburbs/mount-hawthorn-wa-6016/vs/leederville-wa-6900
suburb profile,mortlake suburb profile,1,16,/suburbs/mortlake-nsw-2137
suburb profile,moorooka suburb profile,1,87,/suburbs
suburb profile,mickleham suburb profile,1,39,/suburbs/mickleham-vic-3064
suburb profile,marrickville suburb profile,1,37,/suburbs/marrickville-south-nsw-2204
suburb profile,maroubra suburb profile,1,57,/suburbs/maroubra-nsw-2035/rental-market
suburb profile,logan suburb profile,1,9,/suburbs/loganholme-bc-qld-4129
suburb profile,lockridge suburb profile,1,42,/suburbs/lockridge-wa-6054
suburb profile,leopold suburb profile,1,33,/suburbs/wallington-vic-3221/vs/leopold-vic-3224
suburb profile,leeming suburb profile,1,39,/suburbs/leeming-wa-6149/rental-market
suburb profile,laverton suburb profile,1,4,/suburbs/laverton-vic-3028
suburb profile,kingswood suburb profile,1,46,/suburbs/kingswood-nsw-2340/rental-market
suburb profile,kewdale suburb profile,1,38,/suburbs/kewdale-wa-6105/rental-market
suburb profile,kennington suburb profile,1,32,/suburbs/kennington-vic-3550/rental-market
suburb profile,ivanhoe suburb profile,1,52,/suburbs/ivanhoe-north-vic-3079
suburb profile,homebush west suburb profile,1,43,/suburbs/homebush-south-nsw-2140
suburb profile,homebush suburb profile,1,29,/suburbs/homebush-bay-nsw-2127
suburb profile,holland park suburb profile,1,45,/suburbs/holland-park-qld-4121
suburb profile,hervey bay suburb profile,1,18,/suburbs/hervey-bay-dc-qld-4655
suburb profile,henley brook suburb profile,1,37,/suburbs/ellenbrook-wa-6069/vs/henley-brook-wa-6055
suburb profile,hammond park suburb profile,1,44,/suburbs/hammond-park-wa-6164/rental-market
suburb profile,hamilton suburb profile,1,30,/suburbs/hamilton-qld-4007
suburb profile,griffin suburb profile,1,63,/suburbs/griffin-qld-4503/houses
suburb profile,graceville suburb profile,1,19,/suburbs/graceville-east-qld-4075
suburb profile,gracemere suburb profile,1,7,/suburbs/gracemere-qld-4702
suburb profile,glenroy suburb profile,1,65,/suburbs/glenroy-vic-3046/rental-market
suburb profile,glen waverley suburb profile,1,75,/suburbs/burwood-heights-vic-3151/vs/glen-waverley-vic-3150
suburb profile,frenchville suburb profile,1,67,/suburbs
suburb profile,frankston suburb profile,1,56,/suburbs/frankston-vic-3199
suburb profile,frankston south suburb profile,1,79,/suburbs/frankston-vic-3199
suburb profile,forestville suburb profile,1,35,https://yourpropertyguide.com.au/suburbs/forestville-nsw-2087
suburb profile,fairfield suburb profile,1,43,/suburbs/fairfield-east-nsw-2165/rental-market
suburb profile,epping vic suburb profile,1,79,/suburbs/epping-vic-3076/rental-market
suburb profile,elizabeth downs suburb profile,1,44,/suburbs/elizabeth-downs-sa-5113/vs/elizabeth-park-sa-5113
suburb profile,eight mile plains suburb profile,1,56,/suburbs/eight-mile-plains-qld-4113/rental-market
suburb profile,eglinton wa suburb profile,1,43,/suburbs/eglinton-wa-6034/rental-market
suburb profile,durack suburb profile,1,32,/suburbs/durack-wa-6743
suburb profile,devonport suburb profile,1,38,/suburbs/devonport-tas-7310
suburb profile,deer park suburb profile,1,54,/suburbs/deer-park-north-vic-3023/rental-market
suburb profile,dee why suburb profile,1,71,/suburbs/dee-why-nsw-2099/vs/dee-why-beach-nsw-2099
suburb profile,darlinghurst suburb profile,1,71,/suburbs/darling-point-nsw-2027
suburb profile,cronulla suburb profile,1,28,/suburbs/cronulla-nsw-2230
suburb profile,collingwood suburb profile,1,41,/suburbs/collingwood-north-vic-3066
suburb profile,colac suburb profile,1,37,/suburbs/colac-east-vic-3250/vs/colac-vic-3250
suburb profile,cloverdale suburb profile,1,22,/suburbs/cloverdale-wa-6105/rental-market
suburb profile,clayton south suburb profile,1,36,/suburbs/clayton-south-vic-3169/rental-market
suburb profile,city of onkaparinga flagstaff hill suburb profile,1,8,/suburbs/flagstaff-hill-sa-5159
suburb profile,charlestown suburb profile,1,25,/suburbs/charlestown-nsw-2290
suburb profile,cessnock suburb profile,1,65,/suburbs/cessnock-nsw-2325/rental-market
suburb profile,carrum downs suburb profile,1,51,/suburbs/carrum-downs-vic-3201/rental-market
suburb profile,carine suburb profile,1,32,/suburbs/carine-wa-6020/rental-market
suburb profile,capalaba suburb profile,1,71,/suburbs
suburb profile,california gully suburb profile,1,31,/suburbs/long-gully-vic-3550/vs/california-gully-vic-3556
suburb profile,calamvale suburb profile,1,43,/suburbs/calamvale-sa-4116
suburb profile,burwood east suburb profile,1,55,/suburbs/burwood-east-vic-3151/rental-market
suburb profile,bulleen suburb profile,1,36,/suburbs/bulleen-vic-3105
suburb profile,box hill suburb profile,1,87,/suburbs/box-hill-south-vic-3128/rental-market
suburb profile,bondi junction suburb profile,1,35,/suburbs/bondi-nsw-2026
suburb profile,berriedale suburb profile,1,27,/suburbs/berriedale-tas-7011/rental-market
suburb profile,bell park suburb profile,1,38,/suburbs/bell-park-vic-3215/rental-market
suburb profile,ballarat east suburb profile,1,34,/suburbs/ballarat-north-vic-3350/vs/ballarat-east-vic-3350
suburb profile,baldivis suburb profile,1,72,/suburbs/baldivis-wa-6171/rental-market
suburb profile,balaclava suburb profile,1,45,/suburbs/st-kilda-east-vic-3183/vs/balaclava-vic-3183
suburb profile,armstrong creek suburb profile,1,83,/suburbs/armstrong-vic-3377
suburb profile,alexander heights suburb profile,1,26,/suburbs/alexander-heights-wa-6064/vs/darch-wa-6065
buyers agent {suburb},buyers agent roseville,8,7,/suburbs/roseville-nsw-2069/agents
buyers agent {suburb},buyers agent cost brisbane,8,80,/guides/buyers-agent-cost-australia
buyers agent {suburb},buyers agent fees melbourne,6,89,/guides/buyers-agent-cost-australia
buyers agent {suburb},buyers agent brisbane fee,6,82,/guides/buyers-agent-cost-australia
buyers agent {suburb},how much do buyers agents charge,5,86,/guides/buyers-agent-cost-australia
buyers agent {suburb},sydenham buyers agent,4,16,/suburbs/sydenham-vic-3037/agents
buyers agent {suburb},stanmore buyers agent,4,29,/suburbs/stanmore-nsw-2048/agents
buyers agent {suburb},home buyer agent fees,4,80,/guides/buyers-agent-cost-australia
buyers agent {suburb},fixed fee buyers agent,4,98,/guides/buyers-agent-cost-australia
buyers agent {suburb},buyers agent summer hill,4,10,/suburbs/summer-hill-nsw-2130/agents
buyers agent {suburb},buyers agent sandringham,4,39,/suburbs/sandringham-vic-3191/agents
buyers agent {suburb},buyers agent riverview,4,15,/suburbs/riverview-qld-4303/agents
buyers agent {suburb},buyers agent lismore,4,59,/suburbs/lismore-nsw-2480/agents
buyers agent {suburb},buyer agent commission percentage,4,70,/guides/real-estate-commission-vic
buyers agent {suburb},typical buyers agent fee,3,40,/guides/real-estate-commission-nsw
buyers agent {suburb},lewisham buyers agent,3,23,/suburbs/lewisham-nsw-2049/agents
buyers agent {suburb},house buyer agent commission,3,63,/guides/real-estate-commission-vic
buyers agent {suburb},buyers agent woodville,3,8,/suburbs/woodville-north-sa-5012/agents
buyers agent {suburb},buyers agent naremburn,3,11,/suburbs/naremburn-nsw-2065/agents
buyers agent {suburb},buyers agent gold coast fees,3,94,/guides/buyers-agent-cost-australia
buyers agent {suburb},buyers agent fees perth,3,90,/guides/buyers-agent-cost-australia
buyers agent {suburb},buyers agent fees gold coast,3,89,/guides/buyers-agent-cost-australia
buyers agent {suburb},buyers agent elwood,3,49,/suburbs/elwood-vic-3184/agents
buyers agent {suburb},buyers agent commission rate,3,85,/guides/real-estate-commission-vic
buyers agent {suburb},buyers agent city beach,3,16,/suburbs/city-beach-wa-6015/agents
buyers agent {suburb},buyers agent brisbane fees,3,86,/guides/buyers-agent-cost-australia
buyers agent {suburb},redfern buyers agent,2,26,/suburbs/redfern-nsw-2016/agents
buyers agent {suburb},buyers agent zetland,2,50,/suburbs/zetland-nsw-2017/agents
buyers agent {suburb},buyers agent surrey hills,2,34,/suburbs/surrey-hills-vic-3127/agents
buyers agent {suburb},buyers agent semaphore,2,44,/suburbs/semaphore-park-sa-5019/agents
buyers agent {suburb},buyers agent rozelle,2,61,/suburbs/rozelle-nsw-2039/agents
buyers agent {suburb},buyers agent perth fees,2,99,/guides/buyers-agent-cost-australia
buyers agent {suburb},buyers agent hallam,2,24,/suburbs/hallam-vic-3803/agents
buyers agent {suburb},buyers agent geebung,2,8,/suburbs/geebung-qld-4034/agents
buyers agent {suburb},buyers agent forest lodge,2,32,/suburbs/forest-lodge-nsw-2037/agents
buyers agent {suburb},buyers agent five dock,2,26,/suburbs/five-dock-nsw-2046/agents
buyers agent {suburb},buyers agent fees australia,2,58,/guides/buyers-agent-cost-australia
buyers agent {suburb},buyers agent drummoyne,2,62,/suburbs/drummoyne-nsw-2047/agents
buyers agent {suburb},buyers agent canterbury,2,66,/suburbs/canterbury-vic-3126/agents
buyers agent {suburb},buyers agent camperdown,2,34,/suburbs/camperdown-vic-3260/agents
buyers agent {suburb},buyers agent blairgowrie,2,40,/suburbs/blairgowrie-vic-3942/agents
buyers agent {suburb},buyers agent balmain east,2,32,/suburbs/balmain-east-nsw-2041/agents
buyers agent {suburb},balmain east buyers agent,2,53,/suburbs/balmain-east-nsw-2041/agents
buyers agent {suburb},average buyers agent fee,2,51,/guides/buyers-agent-cost-australia
buyers agent {suburb},watsons bay buyers agent,1,21,/suburbs/watsons-bay-nsw-2030/agents
buyers agent {suburb},wareemba buyers agent,1,19,/suburbs/wareemba-nsw-2046/agents
buyers agent {suburb},typical buyer agent commission,1,61,/guides/buyers-agent-cost-australia
buyers agent {suburb},summer hill buyers agent,1,27,/suburbs/summer-hill-nsw-2130/agents
buyers agent {suburb},rodd point buyers agent,1,24,/suburbs/rodd-point-nsw-2046/agents
buyers agent {suburb},lilyfield buyers agent,1,23,/suburbs/lilyfield-nsw-2040/agents
buyers agent {suburb},independent buyers agent lismore,1,67,/suburbs/north-lismore-nsw-2480/agents
buyers agent {suburb},independent buyers agent ballina,1,66,/suburbs/ballina-nsw-2478/agents
buyers agent {suburb},how much is a buyers agent fee,1,77,/guides/buyers-agent-cost-australia
buyers agent {suburb},how much does buyers agent cost,1,85,/guides/buyers-agent-cost-australia
buyers agent {suburb},how much does a buyers agent cost in noosa,1,66,/guides/buyers-agent-cost-australia
buyers agent {suburb},how much does a buyers agent cost,1,97,/guides/buyers-agent-cost-australia
buyers agent {suburb},how much are buyers agents,1,84,/guides/buyers-agent-cost-australia
buyers agent {suburb},glebe buyers agent,1,39,/suburbs/glebe-nsw-2037/agents
buyers agent {suburb},forest lodge buyers agent,1,16,/suburbs/forest-lodge-nsw-2037/agents
buyers agent {suburb},five dock buyers agent,1,21,/suburbs/five-dock-nsw-2046/agents
buyers agent {suburb},dulwich hill buyers agent,1,22,/suburbs/dulwich-hill-nsw-2203/agents
buyers agent {suburb},drummoyne buyers agent,1,51,/suburbs/drummoyne-nsw-2047/agents
buyers agent {suburb},canterbury buyers agent,1,65,/suburbs/canterbury-vic-3126/agents
buyers agent {suburb},canada bay buyers agent,1,22,/suburbs/canada-bay-nsw-2046/agents
buyers agent {suburb},buyers agents fees,1,67,/guides/buyers-agent-cost-australia
buyers agent {suburb},buyers agent wareemba,1,38,/suburbs/wareemba-nsw-2046/agents
buyers agent {suburb},buyers agent sydney fees,1,96,/guides/buyers-agent-cost-australia
buyers agent {suburb},buyers agent st ives,1,13,/suburbs/st-ives-nsw-2075/agents
buyers agent {suburb},buyers agent sorrento,1,36,/suburbs/sorrento-vic-3943/agents
buyers agent {suburb},buyers agent seven hills,1,37,/suburbs/seven-hills-nsw-2147/agents
buyers agent {suburb},buyers agent rodd point,1,13,/suburbs/rodd-point-nsw-2046/agents
buyers agent {suburb},buyers agent pymble,1,19,/suburbs/pymble-nsw-2073/agents
buyers agent {suburb},buyers agent preston,1,71,/suburbs/preston-vic-3072/agents
buyers agent {suburb},buyers agent perth cost,1,96,/guides/buyers-agent-cost-australia
buyers agent {suburb},buyers agent penrith,1,54,/suburbs/penrith-nsw-2750/agents
buyers agent {suburb},buyers agent mulgrave,1,24,/suburbs/mulgrave-vic-3170/agents
buyers agent {suburb},buyers agent middle cove,1,90,/suburbs/castle-cove-nsw-2069/agents
buyers agent {suburb},buyers agent melbourne fees,1,96,/guides/buyers-agent-cost-australia
buyers agent {suburb},buyers agent little bay,1,15,/suburbs/little-bay-nsw-2036/agents
buyers agent {suburb},buyers agent lilyfield,1,11,/suburbs/lilyfield-nsw-2040/agents
buyers agent {suburb},buyers agent lewisham,1,31,/suburbs/lewisham-nsw-2049/agents
buyers agent {suburb},buyers agent heidelberg,1,23,/suburbs/heidelberg-vic-3084/agents
buyers agent {suburb},buyers agent hampton,1,34,/suburbs/hampton-vic-3188/agents
buyers agent {suburb},buyers agent glebe,1,43,/suburbs/glebe-nsw-2037/agents
buyers agent {suburb},buyers agent fitzroy,1,49,/suburbs/fitzroy-vic-3065/agents
buyers agent {suburb},buyers agent dulwich hill,1,64,/suburbs/dulwich-hill-nsw-2203/agents
buyers agent {suburb},buyers agent darlington,1,26,/suburbs/darlington-nsw-2330/agents
buyers agent {suburb},buyers agent cost,1,87,/guides/buyers-agent-cost-australia
buyers agent {suburb},buyers agent commission,1,74,/guides/buyers-agent-cost-australia
buyers agent {suburb},buyers agent brisbane prices,1,79,/guides/buyers-agent-cost-australia
buyers agent {suburb},buyers agent brisbane cost,1,94,/guides/buyers-agent-cost-australia
buyers agent {suburb},buyers agent bonnet bay,1,21,/suburbs/bonnet-bay-nsw-2226/agents
buyers agent {suburb},buyers agent birchgrove,1,29,/suburbs/birchgrove-nsw-2041/agents
buyers agent {suburb},buyers agent bardwell park,1,8,/suburbs/bardwell-park-nsw-2207/agents
buyers agent {suburb},buyers agent adelaide cost,1,89,/guides/buyers-agent-cost-australia
buyers agent {suburb},buyers advocate wareemba,1,49,/suburbs/wareemba-nsw-2046/agents
buyers agent {suburb},buyers advocate melbourne cost,1,88,/guides
buyers agent {suburb},buyer agent cost,1,79,/guides/buyers-agent-cost-australia
buyers agent {suburb},buyer advocate fees,1,76,/guides/buyers-agent-cost-australia
buyers agent {suburb},birchgrove buyers agent,1,5,/suburbs/birchgrove-nsw-2041/agents
buyers agent {suburb},annandale buyers agent,1,42,/suburbs/annandale-nsw-2038/agents
rental yield {suburb},rental yield calculation,137,84,/rental-yield-calculator
rental yield {suburb},calculate rental yield,120,78,/rental-yield-calculator
rental yield {suburb},rental yield calculator australia,88,73,/rental-yield-calculator
rental yield {suburb},brighton sa rental yield,84,29,/suburbs/brighton-sa-5048/rental-market
rental yield {suburb},net rental yield calculator,76,86,/rental-yield-calculator
rental yield {suburb},calculate rental yield australia,74,86,/rental-yield-calculator
rental yield {suburb},"rental yields in mount gambier, sa",69,51,/suburbs/mount-gambier-east-sa-5291/rental-market
rental yield {suburb},rental yield calculator,68,62,/rental-yield-calculator
rental yield {suburb},work out rental yield calculator,66,76,/rental-yield-calculator
rental yield {suburb},calculate rental yield perth,64,85,/rental-yield-calculator
rental yield {suburb},high rental yields in geraldton,63,33,/suburbs/geraldton-wa-6530/rental-market
rental yield {suburb},chermside west rental yield,32,26,/suburbs/chermside-west-qld-4032/rental-market
rental yield {suburb},sydney rental yields by suburb,31,65,/best-suburbs/best-rental-yield/nsw
rental yield {suburb},which perth suburbs have high rental yield,20,56,/best-suburbs/best-rental-yield/wa
rental yield {suburb},gross rental yield calculator,15,90,/rental-yield-calculator
rental yield {suburb},south melbourne rental yield,13,63,/suburbs/south-melbourne-vic-3205/rental-market
rental yield {suburb},port melbourne rental yield,12,62,/suburbs/melbourne-vic-3000/rental-market
rental yield {suburb},gross rental yield,12,76,/glossary/gross-rental-yield
rental yield {suburb},calculating rental yield,12,88,/rental-yield-calculator
rental yield {suburb},zillmere rental yield,9,50,/suburbs/broadmere-qld-4420/rental-market
rental yield {suburb},rental yield melbourne,9,73,/suburbs/melbourne-vic-3004/rental-market
rental yield {suburb},how to calculate rental yield australia,8,20,/rental-yield-calculator
rental yield {suburb},rental yield calculation for property,6,58,/rental-yield-calculator
rental yield {suburb},melbourne rental yield,6,86,/suburbs/melbourne-vic-3000/rental-market
rental yield {suburb},boondall rental yield,6,40,/suburbs/boondall-qld-4034/vs/geebung-qld-4034
rental yield {suburb},working out rental yield,4,96,/rental-yield-calculator
rental yield {suburb},tarneit rental yield,4,76,/suburbs/herne-hill-vic-3218/rental-market
rental yield {suburb},ing rental yield calculator,4,82,/rental-yield-calculator
rental yield {suburb},how to calculate rental yield on property,4,87,/rental-yield-calculator
rental yield {suburb},best rental yield gold coast,4,56,/suburbs/gold-coast-mc-qld-4217/rental-market
rental yield {suburb},aspley rental yields,4,36,/suburbs/aspley-qld-4034/rental-market
rental yield {suburb},work out rental yield,3,77,/rental-yield-calculator
rental yield {suburb},rental yields in melbourne,3,89,/suburbs/melbourne-vic-3000/rental-market
rental yield {suburb},rental yield calculator with mortgage,3,59,/rental-yield-calculator
rental yield {suburb},rental yield,3,57,/rental-yield-calculator
rental yield {suburb},net rental yield,3,19,/rental-yield-calculator
rental yield {suburb},rental yields calculator,2,67,/rental-yield-calculator
rental yield {suburb},how to work out a rental yield,2,78,/rental-yield-calculator
rental yield {suburb},chelsea rental yield,2,12,/suburbs/chelsea-heights-vic-3196/rental-market
rental yield {suburb},calculate gross rental yield,2,98,/rental-yield-calculator
rental yield {suburb},brisbane rental yield,2,92,/suburbs/brisbane-qld-4000/rental-market
rental yield {suburb},which suburbs have high rental yield,1,72,/best-suburbs/best-rental-yield/sa
rental yield {suburb},what is a good rental yield in melbourne,1,90,/rental-yield-calculator
rental yield {suburb},what is a good rental yield in australia,1,94,/rental-yield-calculator
rental yield {suburb},sydney rental yield by suburb,1,93,/suburbs/sydney-sa-2000/rental-market
rental yield {suburb},sydney rental yield,1,99,/suburbs/sydney-nsw-2000/rental-market
rental yield {suburb},rental yields,1,8,/suburbs/evanston-gardens-sa-5116/rental-market
rental yield {suburb},rental yield equation,1,89,/rental-yield-calculator
rental yield {suburb},rental yield calc,1,69,/rental-yield-calculator
rental yield {suburb},redbank plains qld median house price rental yield 2026,1,8,/suburbs/redbank-plains-qld-4301/rental-market
rental yield {suburb},property rental yield calculator,1,70,/rental-yield-calculator
rental yield {suburb},musk vic 3461 median house price rental yield,1,8,/suburbs/musk-vic-3461/rental-market
rental yield {suburb},how to calculate net rental yield,1,100,/rental-yield-calculator
rental yield {suburb},geelong rental yield,1,41,/suburbs/north-geelong-vic-3215/rental-market
rental yield {suburb},formula for rental yield,1,83,/rental-yield-calculator
rental yield {suburb},commercial rental yield calculator,1,65,/rental-yield-calculator
rental yield {suburb},calculation for rental yield,1,95,/rental-yield-calculator
rental yield {suburb},calculate net rental yield,1,189,/rental-yield-calculator
rental yield {suburb},average rental yield melbourne,1,19,/suburbs/melbourne-vic-3004/rental-market
rental yield {suburb},average rental yield,1,92,/suburbs/number-one-nsw-2424/rental-market
best suburbs,best suburbs in moreton bay region,322,31,/guides/top-5-suburbs-families-moreton-bay
best suburbs,best suburbs in australia,90,29,/best-suburbs
best suburbs,australia best suburbs,40,29,/best-suburbs
best suburbs,best suburbs to live in australia,38,49,/best-suburbs
best suburbs,best suburbs in brisbane for families,37,63,/guides/best-brisbane-suburbs-for-families-2026
best suburbs,best suburbs australia,37,36,/best-suburbs
best suburbs,best suburbs for families brisbane,16,69,/guides/best-brisbane-suburbs-for-families-2026
best suburbs,best suburb in brisbane for families,16,72,/guides/best-brisbane-suburbs-for-families-2026
best suburbs,best suburb in australia,11,36,/best-suburbs
best suburbs,brisbane best suburbs for families,9,60,/guides/best-brisbane-suburbs-for-families-2026
best suburbs,best suburbs for families in brisbane,9,69,/guides/best-brisbane-suburbs-for-families-2026
best suburbs,best suburb to live in brisbane for families,6,72,/guides/best-brisbane-suburbs-for-families-2026
best suburbs,best suburb to live in australia,4,51,/best-suburbs
best suburbs,best suburbs to live in brisbane for families,3,75,/guides/best-brisbane-suburbs-for-families-2026
best suburbs,best suburbs to invest in victoria 2020,2,32,/best-suburbs/highest-growth/vic
best suburbs,best suburbs to invest in adelaide 2020,2,52,/best-suburbs/highest-growth/sa
best suburbs,best suburbs,2,29,/best-suburbs
best suburbs,best suburbs to live in,1,69,/best-suburbs
best suburbs,best suburbs to invest in adelaide 2025,1,52,/best-suburbs/highest-growth/sa
best suburbs,best suburbs in victoria,1,29,/best-suburbs/highest-growth/vic
best suburbs,best suburbs in south australia,1,70,/best-suburbs/highest-growth/sa
best suburbs,best suburbs for families in springfield,1,6,/guides/best-brisbane-suburbs-for-families-2026
property managers {suburb},property management murdoch,65,39,/suburbs/murdoch-wa-6150/rental-market
property managers {suburb},property management haynes,40,44,/suburbs/haynes-wa-6112/rental-market
property managers {suburb},vacancy rate property manager petrie,11,47,/suburbs/petrie-qld-4502/rental-market
property managers {suburb},tom price property management,10,65,/suburbs/tom-price-wa-6751/rental-market
property managers {suburb},property management magill,7,39,/suburbs/magill-sa-5072/rental-market
property managers {suburb},horsham property management,7,44,/suburbs/horsham-vic-3401/rental-market
property managers {suburb},miles property management,5,39,/suburbs/miles-qld-4415/rental-market
property managers {suburb},northcote property management,4,53,/suburbs/northcote-vic-3070/rental-market
property managers {suburb},property management griffith,3,55,/suburbs/griffith-act-2603/rental-market
property managers {suburb},property management alfred cove,3,57,/suburbs/alfred-cove-wa-6154/rental-market
property managers {suburb},preston property management,3,57,/suburbs/preston-vic-3072/rental-market
property managers {suburb},cost of property management canberra,3,59,/guides/property-management-fees-australia
property managers {suburb},queanbeyan investment property manager,2,56,/suburbs/queanbeyan-nsw-2620/rental-market
property managers {suburb},property manager grange,2,71,/suburbs/grange-qld-4051/rental-market
property managers {suburb},property management macquarie links,2,44,/suburbs/macquarie-links-nsw-2565/rental-market
property managers {suburb},property management harrisdale,2,42,/suburbs/harrisdale-wa-6112/agents
property managers {suburb},northgate property management,2,30,/suburbs/northgate-qld-4013/rental-market
property managers {suburb},kensington property management,2,46,/suburbs/kensington-nsw-2033/rental-market
property managers {suburb},australia property management market,2,68,/market-reports
property managers {suburb},vacation rental property management rates,1,96,/guides/property-management-fees-australia
property managers {suburb},torquay property management,1,50,/suburbs/torquay-vic-3228/rental-market
property managers {suburb},sinagra property management,1,46,/suburbs/sinagra-wa-6065/rental-market
property managers {suburb},shortland property management,1,33,/suburbs/shortland-nsw-2307/rental-market
property managers {suburb},property managers woodpark,1,38,/suburbs/woodpark-nsw-2164/rental-market
property managers {suburb},property management newton,1,12,/suburbs/newton-sa-5074/rental-market
property managers {suburb},property management marden,1,68,/suburbs/marden-sa-5070/rental-market
property managers {suburb},property management greenbank,1,49,/suburbs/greenbank-qld-4124/rental-market
property managers {suburb},property management collinswood,1,57,/suburbs/collinswood-sa-5081/rental-market
property managers {suburb},property management bulahdelah,1,43,/suburbs/bulahdelah-nsw-2423/rental-market
property managers {suburb},orana property management,1,37,/suburbs/orana-wa-6330/rental-market
property managers {suburb},newtown property management,1,69,/suburbs/newtown-nsw-2042/rental-market
property managers {suburb},doubleview property management,1,35,/suburbs/doubleview-wa-6018/rental-market
property investment {suburb},property investment yield calculator,72,87,/rental-yield-calculator
property investment {suburb},morayfield property investment,67,21,/suburbs/morayfield-qld-4506
property investment {suburb},property investment return calculator,23,92,/rental-yield-calculator
property investment {suburb},rental property investment calculator,10,92,/rental-yield-calculator
property investment {suburb},australian property investment losses,9,78,/guides/negative-gearing-australia
property investment {suburb},port melbourne property investment,6,38,/suburbs/port-melbourne-vic-3207/rental-market
property investment {suburb},mount gambier property investment,5,57,/suburbs/mount-gambier-sa-5291/rental-market
property investment {suburb},average return on property investment australia,2,74,/investing
property investment {suburb},return on property investment calculator,1,97,/rental-yield-calculator
property investment {suburb},rental property investment australia,1,84,/guides/rentvesting-australia
property investment {suburb},property investment tax calculator,1,93,/rental-yield-calculator
property investment {suburb},dubbo property investment,1,56,/suburbs/dubbo-nsw-2830/rental-market
property appraisal/valuation {suburb},bankstown property appraisal,89,57,/suburbs/bankstown-square-nsw-2200/rental-market
property appraisal/valuation {suburb},canberra property value estimate,70,76,/property-market/canberra
property appraisal/valuation {suburb},property value ipswich qld,22,51,/regions/ipswich
property appraisal/valuation {suburb},free property appraisal wollert,19,41,/suburbs/wollert-vic-3750/rental-market
property appraisal/valuation {suburb},house appraisal cost,12,42,/selling
property appraisal/valuation {suburb},property valuation castle hill,11,37,https://yourpropertyguide.com.au/suburbs/castle-hill-nsw-2154
property appraisal/valuation {suburb},property valuation glenmore park,10,36,/suburbs/glenmore-park-nsw-2745/rental-market
property appraisal/valuation {suburb},house valuation flinders view,10,30,/suburbs/flinders-view-qld-4305
property appraisal/valuation {suburb},house valuation wingecarribee shire,9,33,/regions/wingecarribee
property appraisal/valuation {suburb},brisbane home value,8,62,/property-market/brisbane
property appraisal/valuation {suburb},property valuation oran park,7,51,/suburbs/oran-park-nsw-2570/rental-market
property appraisal/valuation {suburb},property valuation marrickville,7,54,/suburbs/marrickville-nsw-2204/rental-market
property appraisal/valuation {suburb},property value vic,6,58,/market-reports/vic
property appraisal/valuation {suburb},property valuation campsie,6,36,/suburbs/campsie-nsw-2194/rental-market
property appraisal/valuation {suburb},property appraisal hawkesbury,6,6,/suburbs/hawkesbury-heights-nsw-2777/agents
property appraisal/valuation {suburb},property value guide,5,29,/
property appraisal/valuation {suburb},property value perth,4,74,/property-market/perth
property appraisal/valuation {suburb},house valuation bankstown,4,74,/suburbs/bankstown-nsw-2200/rental-market
property appraisal/valuation {suburb},house appraisal tips,4,88,/guides/how-to-prepare-for-a-property-appraisal
property appraisal/valuation {suburb},what is a property appraisal,3,84,/glossary/appraisal
property appraisal/valuation {suburb},property value canberra,3,67,/property-market/canberra
property appraisal/valuation {suburb},property value brisbane,3,57,/property-market/brisbane
property appraisal/valuation {suburb},property valuation north richmond,3,31,/suburbs/north-richmond-nsw-2754
property appraisal/valuation {suburb},property valuation manly,3,65,/suburbs/manly-vale-nsw-2093/rental-market
property appraisal/valuation {suburb},property appraisal naremburn,3,1,/suburbs/naremburn-nsw-2065/agents
property appraisal/valuation {suburb},property appraisal crows nest,3,3,/suburbs/crows-nest-nsw-2065/agents
property appraisal/valuation {suburb},property appraisal artarmon,3,19,/suburbs/artarmon-nsw-2064/rental-market
property appraisal/valuation {suburb},house valuation campbelltown,3,67,/suburbs/campbelltown-nsw-2560/rental-market
property appraisal/valuation {suburb},free property appraisal medowie,3,7,/suburbs/medowie-nsw-2318/agents
property appraisal/valuation {suburb},commercial property valuation marrickville,3,64,/suburbs/marrickville-nsw-2204/rental-market
property appraisal/valuation {suburb},rental property valuation canberra,2,54,/suburbs/canberra-act-2600/rental-market
property appraisal/valuation {suburb},property valuation strathfield,2,50,/suburbs/strathfield-south-nsw-2136/rental-market
property appraisal/valuation {suburb},property valuation gosnells,2,27,/suburbs/gosnells-wa-6110/agents
property appraisal/valuation {suburb},property valuation glen waverley,2,60,/suburbs/glen-waverley-vic-3150/rental-market
property appraisal/valuation {suburb},property valuation ashfield,2,38,/suburbs/ashfield-nsw-2131/rental-market
property appraisal/valuation {suburb},property appraisal thurgoona,2,12,/suburbs/thurgoona-nsw-2640/agents
property appraisal/valuation {suburb},property appraisal rouse hill,2,14,/suburbs/rouse-hill-nsw-2155/agents
property appraisal/valuation {suburb},property appraisal lewiston,2,28,/suburbs/lewiston-sa-5501/rental-market
property appraisal/valuation {suburb},property appraisal east albury,2,12,/suburbs/east-albury-nsw-2640/agents
property appraisal/valuation {suburb},property appraisal davoren park,2,28,/suburbs/davoren-park-sa-5113/rental-market
property appraisal/valuation {suburb},property appraisal angle vale,2,33,/suburbs/angle-vale-sa-5117/rental-market
property appraisal/valuation {suburb},house valuation oran park,2,48,/suburbs/oran-park-nsw-2570/rental-market
property appraisal/valuation {suburb},commercial property valuation oran park,2,79,/suburbs/oran-park-nsw-2570/rental-market
property appraisal/valuation {suburb},selling home appraisal modbury north,1,12,/suburbs/modbury-north-sa-5092/agents
property appraisal/valuation {suburb},real estate property appraisal fairview park,1,16,/suburbs/fairview-park-sa-5126/agents
property appraisal/valuation {suburb},property value calculator bella vista,1,53,/suburbs/bella-vista-nsw-2153/rental-market
property appraisal/valuation {suburb},property value based on rental income calculator,1,79,/rental-yield-calculator
property appraisal/valuation {suburb},property valuation toorak,1,22,/suburbs/toorak-vic-3142
property appraisal/valuation {suburb},property valuation tool,1,79,/tools
property appraisal/valuation {suburb},property valuation campbelltown,1,59,/suburbs/campbelltown-nsw-2560/rental-market
property appraisal/valuation {suburb},property valuation camberwell,1,72,/suburbs/camberwell-vic-3124/agents
property appraisal/valuation {suburb},property appraisal north albury,1,2,/suburbs/north-albury-nsw-2640/agents
property appraisal/valuation {suburb},property appraisal greenwith,1,15,/suburbs/greenwith-sa-5125/agents
property appraisal/valuation {suburb},property appraisal glenroy,1,13,/suburbs/glenroy-vic-3046/agents
property appraisal/valuation {suburb},property appraisal fee,1,1,/selling
property appraisal/valuation {suburb},property appraisal cost,1,64,/selling
property appraisal/valuation {suburb},property appraisal chatswood,1,3,/suburbs/chatswood-nsw-2067/agents
property appraisal/valuation {suburb},property appraisal cammeray,1,4,/suburbs/cammeray-nsw-2062
property appraisal/valuation {suburb},property appraisal bandiana,1,4,/suburbs/bandiana-vic-3691/agents
property appraisal/valuation {suburb},house valuation calculator by postcode,1,78,/suburbs/arundel-qld-4214
property appraisal/valuation {suburb},home appraisal cost,1,54,/selling
property appraisal/valuation {suburb},fremantle property valuation,1,54,/suburbs/east-fremantle-wa-6158/rental-market
property appraisal/valuation {suburb},free property appraisal greenbank,1,76,/suburbs/greenbank-qld-4124/rental-market
property appraisal/valuation {suburb},cost for home appraisal,1,39,/selling
capital growth {suburb},morayfield capital growth,72,19,/suburbs/morayfield-qld-4506
capital growth {suburb},brighton sa capital growth 5 years,31,43,/best-suburbs/highest-growth/sa
capital growth {suburb},buderim capital growth,20,27,/suburbs/buderim-qld-4556
capital growth {suburb},capital growth rate,16,75,/investing
capital growth {suburb},what is the capital growth of surfers paradise,12,21,/suburbs/surfers-paradise-qld-4217
capital growth {suburb},brighton sa capital growth,12,53,/best-suburbs/highest-growth/sa
capital growth {suburb},upper coomera capital growth,2,20,/suburbs/upper-coomera-qld-4209/rental-market
capital growth {suburb},suburbs with highest capital growth,1,27,/best-suburbs/highest-growth/sa
capital growth {suburb},st albans capital growth,1,64,/suburbs/st-albans-vic-3021/rental-market
capital growth {suburb},property capital growth calculator,1,93,/investing
investment property,granny flat investment property queensland,14,71,/guides/granny-flat-guide-qld
investment property,calculate investment property,14,98,/rental-yield-calculator
investment property,investment property calculations,9,88,/rental-yield-calculator
investment property,understanding capital gains tax on an investment property,8,95,/glossary/capital-gains-tax-cgt
investment property,cgt investment property,8,98,/glossary/capital-gains-tax-cgt
investment property,capital gain on investment property,7,97,/glossary/capital-gains-tax-cgt
investment property,mount gambier investment property,5,50,/suburbs/mount-gambier-sa-5291/rental-market
investment property,capital gains tax on investment property,5,98,/glossary/capital-gains-tax-cgt
investment property,second dwelling investment property queensland,4,84,/guides/granny-flat-guide-qld
investment property,investment property dubbo,4,49,/suburbs/dubbo-nsw-2830/rental-market
investment property,capital gains on investment property,4,98,/glossary/capital-gains-tax-cgt
investment property,investment property cgt,3,92,/glossary/capital-gains-tax-cgt
investment property,capital gains tax investment property,3,99,/glossary/capital-gains-tax-cgt
investment property,second dwelling investment property brisbane,2,80,/guides/granny-flat-guide-qld
investment property,how much do i need to buy an investment property in australia,2,88,/investing
investment property,capital gains tax for investment property,2,99,/glossary/capital-gains-tax-cgt
investment property,taxes when selling an investment property,1,58,/glossary/capital-gains-tax-cgt
investment property,selling investment property cgt,1,55,/glossary/capital-gains-tax-cgt
investment property,selling investment property capital gains tax,1,51,/glossary/capital-gains-tax-cgt
investment property,manage investment property in rossmoyne,1,23,/suburbs/rossmoyne-wa-6148/rental-market
investment property,investment property specialists,1,77,/find-an-expert?intent=investing
investment property,investment property shepparton,1,58,/suburbs/shepparton-vic-3630/rental-market
investment property,investment property capital gain,1,98,/glossary/capital-gain
investment property,how much investment property can i afford,1,79,/affordability-calculator
investment property,how much i can borrow for investment property,1,100,/borrowing-power-calculator
investment property,how much can i borrow investment property,1,96,/borrowing-power-calculator
investment property,how much can i borrow for investment property,1,93,/borrowing-power-calculator
investment property,cgt on investment property,1,100,/glossary/capital-gains-tax-cgt
investment property,cgt for investment property,1,100,/glossary/capital-gains-tax-cgt
investment property,capital gains tax australia investment property,1,99,/glossary/capital-gains-tax-cgt
investment property,capital gains for investment property,1,98,/glossary/capital-gains-tax-cgt
rental investment {suburb},rental investment calculator,95,91,/rental-yield-calculator
rental investment {suburb},nedlands rental investment,87,27,/suburbs/nedlands-wa-6909/rental-market
rental investment {suburb},darch rental investment,82,24,/suburbs/darch-wa-6065/rental-market
rental investment {suburb},floreat rental investment,77,27,/suburbs/floreat-wa-6014/rental-market
rental investment {suburb},landsdale rental investment,76,23,/suburbs/landsdale-wa-6065/rental-market
rental investment {suburb},joondalup rental investment,76,37,/suburbs/joondalup-wa-6027/rental-market
rental investment {suburb},churchlands rental investment,72,20,/suburbs/churchlands-wa-6018/rental-market
rental investment {suburb},innaloo rental investment,65,33,/suburbs/innaloo-wa-6018/rental-market
rental investment {suburb},ocean reef rental investment,61,41,/suburbs/ocean-reef-wa-6027/rental-market
rental investment {suburb},karrinyup rental investment,56,33,/suburbs/karrinyup-wa-6018/rental-market
rental investment {suburb},sinagra rental investment,49,26,/suburbs/sinagra-wa-6065/rental-market
rental investment {suburb},wanneroo rental investment,38,33,/suburbs/wanneroo-wa-6065/rental-market
rental investment {suburb},doubleview rental investment,32,23,/suburbs/doubleview-wa-6018/rental-market
rental investment {suburb},woodlands rental investment,4,12,/suburbs/woodlands-wa-6018/rental-market
rental investment {suburb},return on rental investment calculator,3,97,/rental-yield-calculator
rental investment {suburb},rental investment return calculator,1,93,/rental-yield-calculator
rental investment {suburb},east perth rental investment,1,34,/suburbs/east-perth-wa-6004/rental-market
conveyanc,conveyancer,51,64,/glossary/conveyancer-conveyancing
conveyanc,conveyancers kyalite,38,64,/suburbs/kyalite-nsw-2734/vs/goodnight-nsw-2736
conveyanc,conveyancer kronkup,10,35,/suburbs/bornholm-wa-6330/vs/kronkup-wa-6330
conveyanc,treeby conveyancing,5,90,/suburbs/canning-vale-wa-6155/vs/treeby-wa-6164
conveyanc,lease conveyancing enquiry,3,3,/guides/cost-of-selling-a-house-act
conveyanc,what is a conveyancer australia,2,86,/glossary/conveyancer-conveyancing
conveyanc,conveyancers manangatang,2,71,/suburbs/chinkapook-vic-3546/vs/gerahmin-vic-3546
conveyanc,conveyancer scotland island,2,28,/suburbs/clareville-nsw-2107/vs/scotland-island-nsw-2105
conveyanc,what is a conveyancer in wa?,1,99,/glossary/conveyancer-conveyancing
conveyanc,treeby conveyancer,1,90,/suburbs/piara-waters-wa-6112/vs/treeby-wa-6164
conveyanc,section 32 conveyancing,1,80,/guides/section-32-vendor-statement-victoria
conveyanc,meaning of conveyancer,1,93,/glossary/conveyancer-conveyancing
conveyanc,conveyancers cobden,1,49,/suburbs/bostocks-creek-vic-3260/vs/cobden-vic-3266
conveyanc,conveyancer section 32,1,65,/guides/section-32-vendor-statement-victoria
conveyanc,conveyancer australia,1,69,/glossary/conveyancer-conveyancing
rental appraisal {suburb},rental appraisal port hedland,101,26,/suburbs/port-hedland-wa-6721/rental-market
rental appraisal {suburb},rental estimate canberra,74,54,/suburbs/canberra-act-2600/rental-market
rental appraisal {suburb},rental appraisal act,57,47,/guides/renters-rights-act
rental appraisal {suburb},rental appraisal scarborough 4020,45,24,/suburbs/scarborough-qld-4020/rental-market
rental appraisal {suburb},rental appraisal newport 4020,24,20,/suburbs/newport-qld-4020/rental-market
rental appraisal {suburb},rental appraisal karratha,24,25,/suburbs/karratha-wa-6714/rental-market
rental appraisal {suburb},rental appraisal dandenong,21,66,/suburbs/dandenong-south-vic-3175/rental-market
rental appraisal {suburb},townsville rental appraisal,20,69,/suburbs/townsville-city-qld-4810/rental-market
rental appraisal {suburb},rental appraisal dampier,19,51,/suburbs/dampier-archipelago-wa-6713/rental-market
rental appraisal {suburb},rental appraisal medowie,17,17,/suburbs/medowie-nsw-2318/rental-market
rental appraisal {suburb},rental appraisal tom price,16,48,/suburbs/tom-price-wa-6751/rental-market
rental appraisal {suburb},rental appraisal drouin,13,50,/suburbs/drouin-south-vic-3818/rental-market
rental appraisal {suburb},rental appraisal cooktown,10,14,/suburbs/cooktown-qld-4895/rental-market
rental appraisal {suburb},rental appraisal bentley,10,15,/suburbs/bentley-dc-wa-6102/rental-market
rental appraisal {suburb},rental valuation stirling,8,20,/suburbs/stirling-estate-wa-6271/rental-market
rental appraisal {suburb},rental valuation maida vale,8,19,/suburbs/maida-vale-wa-6057/rental-market
rental appraisal {suburb},rental appraisal south hedland,8,22,/suburbs/south-hedland-wa-6722/agents
rental appraisal {suburb},rental appraisal point cook,8,36,/suburbs/point-cook-vic-3030/rental-market
rental appraisal {suburb},rental appraisal endeavour hills,8,31,/suburbs/endeavour-hills-vic-3802/rental-market
rental appraisal {suburb},rental appraisal carrum downs,8,37,/suburbs/carrum-downs-vic-3201/rental-market
rental appraisal {suburb},rental valuation shelley,7,18,/suburbs/shelley-wa-6148/rental-market
rental appraisal {suburb},rental valuation booragoon,7,13,/suburbs/booragoon-wa-6154/rental-market
rental appraisal {suburb},rental appraisal booragoon,7,16,/suburbs/booragoon-wa-6154/rental-market
rental appraisal {suburb},rental appraisal stirling,6,20,/suburbs/stirling-estate-wa-6271/rental-market
rental appraisal {suburb},rental appraisal port melbourne,6,42,/suburbs/port-melbourne-vic-3207/rental-market
rental appraisal {suburb},rental appraisal maida vale,6,17,/suburbs/maida-vale-wa-6057/rental-market
rental appraisal {suburb},rental valuation bentley,5,28,/suburbs/bentley-dc-wa-6102/rental-market
rental appraisal {suburb},rental appraisal shelley,5,20,/suburbs/shelley-wa-6148/rental-market
rental appraisal {suburb},rental appraisal eden hill,5,18,/suburbs/eden-hill-wa-6054/rental-market
rental appraisal {suburb},rental appraisal wantirna south,4,36,/suburbs/wantirna-south-vic-3152/rental-market
rental appraisal {suburb},rental appraisal meaning,4,90,/glossary/appraisal
rental appraisal {suburb},rental appraisal bankstown,4,32,/suburbs/bankstown-square-nsw-2200/rental-market
rental appraisal {suburb},home rental appraisal modbury,4,43,/suburbs/modbury-sa-5092/rental-market
rental appraisal {suburb},rental appraisal willagee,3,25,/suburbs/willagee-wa-6156/rental-market
rental appraisal {suburb},rental appraisal duncraig,3,13,/suburbs/duncraig-wa-6023/rental-market
rental appraisal {suburb},rental valuation rossmoyne,2,28,/suburbs/rossmoyne-wa-6148/rental-market
rental appraisal {suburb},rental valuation fremantle,2,16,/suburbs/south-fremantle-wa-6162/rental-market
rental appraisal {suburb},rental appraisal berwick,2,28,/suburbs/berwick-vic-3806/rental-market
rental appraisal {suburb},rental valuation mosman park,1,28,/suburbs/mosman-park-wa-6012/rental-market
rental appraisal {suburb},rental valuation kingsley,1,29,/suburbs/kingsley-wa-6026/rental-market
rental appraisal {suburb},rental valuation duncraig,1,18,/suburbs/duncraig-wa-6023/rental-market
rental appraisal {suburb},rental appraisal spearwood,1,25,/suburbs/spearwood-wa-6163/rental-market
rental appraisal {suburb},rental appraisal rossmoyne,1,23,/suburbs/rossmoyne-wa-6148/rental-market
rental appraisal {suburb},rental appraisal palmyra,1,13,/suburbs/palmyra-wa-6957/rental-market
rental appraisal {suburb},rental appraisal padbury,1,22,/suburbs/padbury-wa-6025/rental-market
rental appraisal {suburb},rental appraisal murdoch,1,30,/suburbs/murdoch-wa-6150/rental-market
rental appraisal {suburb},rental appraisal marangaroo,1,25,/suburbs/marangaroo-wa-6064/rental-market
rental appraisal {suburb},rental appraisal madeley,1,17,/suburbs/madeley-wa-6065/rental-market
rental appraisal {suburb},rental appraisal guildford,1,28,/suburbs/guildford-wa-6055/rental-market
rental appraisal {suburb},rental appraisal floreat,1,21,/suburbs/floreat-wa-6014/rental-market
rental appraisal {suburb},rental appraisal croydon,1,32,/suburbs/croydon-vic-3136/rental-market
rental appraisal {suburb},rental appraisal chelsea,1,22,/suburbs/chelsea-vic-3196/rental-market
rental appraisal {suburb},rental appraisal carine,1,21,/suburbs/carine-wa-6020/rental-market
rental appraisal {suburb},rental appraisal canberra,1,65,/suburbs/canberra-act-2600/rental-market
rental appraisal {suburb},rental appraisal bicton,1,20,/suburbs/bicton-wa-6157/rental-market
rental appraisal {suburb},rental appraisal aspley,1,12,/suburbs/aspley-qld-4034/rental-market
mortgage broker(s) {suburb},mortgage brokers baldersleigh,68,57,/suburbs/baldersleigh-nsw-2365
mortgage broker(s) {suburb},mortgage brokers atitjere,48,60,/suburbs/atitjere-nt-0872
mortgage broker(s) {suburb},mortgage brokers crooked brook,42,24,/suburbs/crooked-brook-wa-6236
mortgage broker(s) {suburb},mortgage brokers beemunnel,8,50,/suburbs/marthaguy-nsw-2824
mortgage broker(s) {suburb},mortgage brokers blanche harbor,7,19,/suburbs/blanche-harbor-sa-5700
mortgage broker(s) {suburb},mortgage brokers beebo,6,30,/best-suburbs/lowest-flood-risk/qld
mortgage broker(s) {suburb},mortgage brokers carrajung south,5,55,/suburbs/carrajung-south-vic-3874
mortgage broker(s) {suburb},mortgage brokers barjarg,5,76,/suburbs/barjarg-vic-3723
mortgage broker(s) {suburb},mortgage brokers campoona,4,46,/suburbs/campoona-sa-5640
mortgage broker(s) {suburb},mortgage brokers bedgerabong,4,40,/suburbs/bedgerabong-nsw-2871
mortgage broker(s) {suburb},mortgage brokers arrowsmith east,4,47,/suburbs/arrowsmith-east-wa-6519
mortgage broker(s) {suburb},mortgage brokers kurumbul,3,71,/suburbs/kurumbul-qld-4388
mortgage broker(s) {suburb},mortgage brokers ben bullen,3,20,/suburbs/ben-bullen-nsw-2790
mortgage broker(s) {suburb},mortgage brokers bargunyah,3,47,/suburbs/v-gate-qld-4465
mortgage broker(s) {suburb},mortgage brokers aldoga,3,27,/suburbs/aldoga-qld-4694
mortgage broker(s) {suburb},mortgage brokers beloka,2,68,/suburbs/beloka-nsw-2628
mortgage broker(s) {suburb},mortgage brokers beetaloo valley,2,87,/suburbs/gladstone-sa-5473
mortgage broker(s) {suburb},mortgage brokers bangham,2,78,/suburbs/bangham-sa-5268
mortgage broker(s) {suburb},mortgage broker meaning,2,82,/glossary/mortgage-broker
mortgage broker(s) {suburb},mortgage brokers torrumbarry,1,66,/suburbs/torrumbarry-vic-3562
mortgage broker(s) {suburb},mortgage brokers boorga,1,86,/suburbs/boorga-nsw-2652
mortgage broker(s) {suburb},mortgage brokers bellbird creek,1,18,/suburbs/bellbird-creek-vic-3889
mortgage broker(s) {suburb},mortgage brokers bellata,1,40,/best-suburbs/lowest-flood-risk/nsw
mortgage broker(s) {suburb},mortgage brokers barongarook,1,37,/suburbs/barongarook-vic-3249
mortgage broker(s) {suburb},mortgage brokers airville,1,36,/best-suburbs/lowest-flood-risk/qld
mortgage broker(s) {suburb},mortgage broker stanhope gardens,1,58,/suburbs/stanhope-gardens-nsw-2768/agents
property management fees {suburb},property management fees goodna,62,40,/suburbs/goodna-qld-4300/rental-market
property management fees {suburb},property management fees petrie,11,40,/suburbs/petrie-qld-4502/rental-market
property management fees {suburb},tully realty property management fees tully queensland,1,7,/suburbs/tully-qld-4854/rental-market
property management fees {suburb},property management fees redbank plains,1,61,/suburbs/redbank-plains-qld-4301/rental-market
rent reviews {suburb},rent reviews picton,58,37,/suburbs/picton-nsw-2571/rental-market
rent reviews {suburb},rent reviews davidson,57,29,/suburbs/davidson-nsw-2085/rental-market
rent reviews {suburb},rent reviews tahmoor,53,33,/suburbs/tahmoor-nsw-2573/rental-market
rent reviews {suburb},rent reviews wollongong,15,59,/suburbs/wollongong-nsw-2500/rental-market
rent reviews {suburb},rent reviews bankstown,10,44,/suburbs/bankstown-nsw-2200/rental-market
rent reviews {suburb},rent reviews campbelltown,3,52,/suburbs/campbelltown-nsw-2560/rental-market
rent reviews {suburb},rent reviews castle hill,2,32,/suburbs/castle-hill-nsw-2154/rental-market
rent reviews {suburb},rent reviews oran park,1,35,/suburbs/oran-park-nsw-2570/rental-market
