query,dfs_intent,dfs_prob,dfs_secondary,regex_intent,clicks,impressions,position
property guide,informational,0.6297,,informational,3,530,8.6
borrowing power calculator,transactional,0.5156,,transactional,0,419,88.5
best suburbs in moreton bay region,commercial,0.7697,,commercial,0,322,31.3
real estate guide,informational,0.6863,,informational,0,248,10.5
rental report brisbane,navigational,0.6152,,suburb research,0,221,64.9
buying property in australia,informational,0.4466,,informational,0,205,75.6
full house renovation,commercial,0.6182,,informational,0,187,80.1
renovation costs,informational,0.7101,,commercial,0,179,86.2
buying a house australia,transactional,0.8315,,informational,0,175,73.7
2043 postcode nsw,informational,0.5802,,informational,0,171,7.0
realestate guide,informational,0.7068,,informational,0,165,7.5
surfers paradise postal code,informational,0.6792,,informational,0,157,7.9
mandurah postcode wa,navigational,0.7482,,informational,0,152,10.3
selling a house,transactional,0.785,,commercial,0,144,77.2
rentvesting,commercial,0.4513,,informational,0,143,77.9
rental yield calculation,informational,0.8653,,commercial,0,137,84.2
home price guide,commercial,0.5802,,commercial,0,135,27.3
centre of excellence in agricultural education school suburb state australia address,informational,0.3884,,suburb research,0,133,9.5
morayfield postcode qld,navigational,0.5118,,informational,0,130,10.2
4118 postcode qld,informational,0.5751,,informational,0,129,8.4
dubbo postcode nsw,navigational,0.7062,,informational,0,129,8.9
how much can i borrow calculator,informational,0.8985,,transactional,0,124,54.1
rentvesting australia,commercial,0.5773,,informational,0,123,81.3
calculate rental yield,transactional,0.9021,,commercial,0,120,78.4
camillo median rent,informational,0.457,,suburb research,0,119,21.5
hawthorn median house price,informational,0.6568,,commercial,0,112,20.7
buying house australia,transactional,0.6807,,informational,0,111,73.7
liverpool postcode nsw,navigational,0.5356,,informational,0,105,10.8
morayfield property market,informational,0.475,,suburb research,0,103,22.3
highgate postcode wa,navigational,0.6977,,informational,0,102,8.0
rental appraisal port hedland,commercial,0.4135,,transactional,0,101,25.9
how much can i borrow,informational,0.9982,,commercial,0,100,32.0
trinity catholic college school suburb state australia address,navigational,0.7145,,suburb research,0,100,10.6
property yield calculator,informational,0.4628,,transactional,0,98,71.0
3a willowie road castle cove nsw 2069,commercial,0.726,,informational,0,97,14.6
rental investment calculator,commercial,0.4119,,transactional,0,95,90.5
gold coast postcode surfers paradise,informational,0.702,,informational,0,94,8.6
real estate selling fees,commercial,0.8917,,commercial,0,93,24.4
morayfield property growth,informational,0.5746,,suburb research,0,92,24.2
buderim postcode 4556,navigational,0.6127,,informational,0,91,11.1
suburb growth rates wa,informational,0.5578,,suburb research,0,91,30.0
best suburbs in australia,commercial,0.5525,,commercial,0,90,28.7
arundel postcode qld,navigational,0.528,,informational,0,89,8.2
bankstown property appraisal,commercial,0.781,,transactional,0,89,57.4
how much do real estate agents charge,informational,0.6071,,transactional,0,89,24.8
postcode 2043 nsw,informational,0.6111,,informational,0,89,6.9
how to buy property,informational,1,,commercial,0,88,69.2
rental yield calculator australia,navigational,0.7135,,transactional,0,88,73.4
nedlands rental investment,commercial,0.4391,,commercial,0,87,27.1
home loan borrowing calculator,informational,0.5634,,transactional,0,86,32.7
how much is stamp duty wa,informational,0.9513,,commercial,0,86,45.1
brighton sa rental yield,transactional,0.362,,commercial,0,84,29.4
real estate agent goodna dc,navigational,0.843,,commercial,0,84,22.2
bondi median house price,informational,0.5878,,commercial,0,82,44.9
darch rental investment,commercial,0.6086,,commercial,0,82,23.7
how much house can i afford?,informational,0.9997,,commercial,0,82,88.6
yield property calculator,transactional,0.5562,,transactional,0,82,68.8
2170 postcode nsw,informational,0.6466,,informational,0,81,9.6
canberra suburbs median property prices latest,commercial,0.6632,,commercial,0,81,41.4
median house price hawthorn,informational,0.6538,,commercial,0,80,21.7
real estate yield calculator,navigational,0.5038,,transactional,0,80,69.5
rental income yield calculator,navigational,0.5791,,transactional,0,80,74.4
selling your house,informational,0.736,,commercial,0,80,78.3
what is rentvesting,informational,1,,informational,0,80,95.0
canberra property market value report,commercial,0.4994,,commercial,0,79,63.1
real estate leads,commercial,0.7643,,transactional,0,79,75.7
how to buy a property,informational,1,,commercial,0,78,79.1
how to work out property yield calculator,informational,0.9929,,transactional,0,78,84.3
floreat rental investment,commercial,0.7164,,commercial,0,77,26.7
rental property yield calculator,navigational,0.6996,,transactional,0,77,75.2
balwyn north,informational,0.687,,informational,0,76,72.4
investment yield calculator,commercial,0.7654,,transactional,0,76,89.4
joondalup rental investment,commercial,0.7489,,commercial,0,76,37.2
landsdale rental investment,commercial,0.6401,,commercial,0,76,22.8
net rental yield calculator,navigational,0.7947,,transactional,0,76,85.7
real estate commission,informational,0.8693,,commercial,0,76,53.4
4506 postcode qld,navigational,0.6451,,informational,0,75,8.8
rental profit calculator,informational,0.3378,,transactional,0,75,87.5
calculate rental yield australia,transactional,0.5165,,commercial,0,74,86.1
first home buyer guide - nsw government schemes,commercial,0.7695,,informational,0,74,34.3
how to purchase property,informational,1,,commercial,0,74,68.9
rental estimate canberra,transactional,0.3086,,commercial,0,74,53.9
churchlands rental investment,commercial,0.9048,,commercial,0,72,20.2
morayfield capital growth,commercial,0.7556,,suburb research,0,72,19
mortgage borrowing calculator,informational,0.7275,,transactional,0,72,37.1
property investment yield calculator,commercial,0.5225,,transactional,0,72,87.4
dapto rental market,commercial,0.7264,,suburb research,0,71,24.3
moorebank nsw,navigational,0.4614,,informational,0,71,27.0
canberra property value estimate,informational,0.607,,commercial,0,70,75.6
fee structure for home staging,commercial,0.9704,,commercial,0,70,82.0
how much can i borrow home loan,informational,0.9544,,commercial,0,70,26.9
taralga population,informational,0.9804,,informational,0,70,10.5
"rental yields in mount gambier, sa",commercial,0.8275,,suburb research,0,69,51.1
yield calculator,transactional,0.8399,,transactional,0,69,67.1
yield on rental property calculator,navigational,0.4332,,transactional,0,69,85.4
1/68 coates street mount louisa qld 4814,navigational,0.4585,,informational,0,68,16.5
mortgage brokers baldersleigh,commercial,0.8934,,commercial,0,68,57.0
rental income calculator,navigational,0.7794,,transactional,0,68,73.9
rental yield calculator,navigational,0.7624,,transactional,0,68,61.8
1/19 gildan street balwyn north vic 3104,navigational,0.5236,,informational,0,67,16.4
morayfield property investment,commercial,0.5606,,commercial,0,67,21.4
property purchase process,informational,0.9359,,commercial,0,67,86.3
real estate agent fees,commercial,0.6985,,transactional,0,67,31.2
30000 renovation budget,commercial,0.5129,,informational,0,66,68.5
938 mountain ash road gundary nsw 2580,transactional,0.5393,,informational,0,66,8.2
how to sell my house,informational,0.999,,commercial,0,66,69.3
rentvesting strategy,commercial,0.8153,,informational,0,66,80.2
work out rental yield calculator,transactional,0.9464,,transactional,0,66,76.0
buying a house in australia,transactional,0.6844,,informational,0,65,71.6
innaloo rental investment,transactional,0.7022,,commercial,0,65,32.7
nsw 2026 postcode,informational,0.7367,,informational,0,65,9.6
property management murdoch,navigational,0.673,,informational,0,65,39.1
real estate charges to sell a house,transactional,0.6189,,commercial,0,65,78.3
terms to know when buying a house,informational,0.9991,,informational,0,65,89.6
calculate rental yield perth,transactional,0.5406,,commercial,0,64,85.2
how to sell a house,informational,1,,commercial,0,64,67.3
real estate definitions,informational,1,,informational,0,64,78.3
steps to buying a property,informational,0.6385,,informational,0,64,90.9
steps to buying property,informational,0.7622,,informational,0,64,77.5
10 obryans road hallston vic 3953,navigational,0.4961,,informational,0,63,10.8
114 shady hills view bullsbrook,informational,0.4612,,informational,0,63,9.7
2141 postcode nsw,informational,0.5218,,informational,0,63,7.0
goombungee,informational,0.9382,,informational,0,63,14
high rental yields in geraldton,commercial,0.7063,,suburb research,0,63,33.0
home loan eligibility calculator,navigational,0.689,,transactional,0,63,93.3
qld 4217,informational,0.8057,,informational,0,63,14.1
rental return calculator,navigational,0.5781,,transactional,0,63,78.2
114 shady hills bullsbrook,navigational,0.6161,,informational,0,62,10.5
property management fees goodna,commercial,0.7558,,commercial,0,62,40.4
how to buy a house in australia,informational,0.9999,,commercial,0,61,66.9
ocean reef rental investment,commercial,0.8955,,commercial,0,61,41.0
south lake suburb profile,informational,0.7141,,suburb research,0,60,38.9
investment secondary dwellings qld,commercial,0.5749,,commercial,0,59,62.9
purchasing property,informational,0.633,,informational,0,59,80.2
qld stamp duty calculator first home buyer,transactional,0.4195,,transactional,0,59,92.5
investment property yield calculator,commercial,0.5245,,transactional,0,58,91.2
prestons postcode nsw,informational,0.4832,,informational,0,58,9.9
rent reviews picton,informational,0.5791,,commercial,0,58,37.4
2283 postcode nsw,informational,0.5172,,informational,0,57,10.6
rent reviews davidson,commercial,0.451,,commercial,0,57,28.6
rental appraisal act,informational,0.9867,,transactional,0,57,47.3
yield calculation property,transactional,0.6059,,commercial,0,57,87.2
airlie beach population,informational,0.808,,informational,0,56,18.6
hawthorn east,informational,0.8495,,informational,0,56,76.8
karrinyup rental investment,commercial,0.4388,,commercial,0,56,33.2
rental house investment calculator,commercial,0.5124,,transactional,0,56,89.6
springwood postcode nsw,navigational,0.531,,informational,0,56,10.2
toorak postcode vic,informational,0.6408,,informational,0,56,8.1
basic real estate terms,informational,1,,informational,0,55,86.1
burra population,informational,0.9754,,informational,0,55,8.1
buying real estate australia,transactional,0.6406,,informational,0,55,63.0
maryland postcode nsw,informational,0.5899,,informational,0,55,8.0
moorebank postcode nsw,navigational,0.6378,,informational,0,55,8.1
renovating a house,informational,0.8965,,informational,0,55,76.9
airlie beach postal code,navigational,0.6126,,informational,0,54,9.1
airlie beach property market,commercial,0.5038,,suburb research,0,54,27.6
moorebank,commercial,0.3476,,informational,0,54,42.0
morayfield median house price,informational,0.4876,,commercial,0,54,9.5
morayfield suburb profile,informational,0.6281,,suburb research,0,54,19.6
real estate key terms,informational,0.9136,,informational,0,53,95.7
renovation calculator australia,informational,0.4133,,transactional,0,53,80.1
rent reviews tahmoor,informational,0.8449,,commercial,0,53,32.7
what is the process of buying a house in australia,informational,1,,informational,0,53,80.6
calculate rental return,transactional,0.9488,,commercial,0,52,93.9
how much can i borrow personal loan,informational,0.6925,,commercial,0,52,36.5
how to find a real estate agent buyer,informational,0.983,,transactional,0,52,78.8
mandurah dc,informational,0.6257,,informational,0,52,5.1
renovation estimator australia,commercial,0.6181,,transactional,0,52,88.5
rent yield calculator,navigational,0.7801,,transactional,0,52,69.8
conveyancer,commercial,0.8493,,transactional,0,51,63.8
how to find an agent for buying a house,informational,0.9919,,commercial,0,51,77.7
secondary dwelling sa,informational,0.6737,,informational,0,51,77.7
str in burwood east,navigational,0.7389,,informational,0,51,40.8
surfers paradise qld 4217,informational,0.6216,,informational,0,51,17
vaucluse average house price,commercial,0.627,,commercial,0,51,74.9
what do real estate agents charge,informational,0.8215,,transactional,0,51,26.9
4217 postcode australia,informational,0.5335,,informational,0,50,9.6
appraisal for rent canberra,commercial,0.4029,,transactional,0,50,59.2
how much does a real estate agent charge,informational,0.8573,,transactional,0,50,23.6
find the right property,transactional,0.9754,,informational,0,49,27.7
property buying process in victoria,commercial,0.3898,,informational,0,49,77.2
sinagra rental investment,commercial,0.698,,commercial,0,49,26.0
mortgage brokers atitjere,commercial,0.876,,commercial,0,48,60.0
rental property costs calculator,informational,0.4669,,transactional,0,48,93.6
suburb advice,informational,0.5921,,suburb research,0,48,48.4
dubbo postal code,informational,0.5511,,informational,0,47,9.3
beverley hills primary school zone,navigational,0.5276,,suburb research,0,46,22.6
buderim.postcode,navigational,0.6454,,informational,0,46,7.1
investment property return calculator,informational,0.4994,,transactional,0,46,93.6
melbourne vs australia house price growth,commercial,0.8898,,commercial,0,46,52.7
rental property profit calculator,informational,0.3934,,transactional,0,46,91.9
small house renovation cost,commercial,0.7743,,commercial,0,46,84.3
"""albany senior high school"" ""boys enrolment""",transactional,0.808,,suburb research,0,45,4.0
4217 qld,informational,0.6646,,informational,0,45,14.5
bondi postcode 2026,informational,0.6702,,informational,0,45,11.8
brighton sa days on market,commercial,0.6428,,suburb research,0,45,29.6
charlestown postcode nsw,navigational,0.7678,,informational,0,45,7.1
how to sell house,informational,0.9996,,commercial,0,45,66.3
kiwirrkurra population,informational,0.9939,,informational,0,45,11.2
rental appraisal scarborough 4020,navigational,0.3285,,transactional,0,45,24.4
surfers paradise postcode 4217,informational,0.4557,,informational,0,45,8.8
bridging loan,commercial,0.6026,,commercial,0,44,94.6
calculate rental income,transactional,0.6979,,commercial,0,43,92.2
hawthorn east vic 3123,navigational,0.5959,,informational,0,43,31.5
homebush postcode nsw,navigational,0.5382,,informational,0,43,11.4
how much do renovations cost australia,commercial,0.6623,,commercial,0,43,29.7
ironside primary school catchment area,navigational,0.7576,,suburb research,0,43,25.4
kenmore postcode qld,navigational,0.8493,,informational,0,43,9.3
leads for real estate,commercial,0.7143,,transactional,0,43,83.9
methods of selling a property,informational,0.9997,,commercial,0,43,83.4
mount waverley median house price,commercial,0.4191,,commercial,0,43,29
personal loan borrowing power calculator,informational,0.3692,,transactional,0,43,44.4
postal code surfers paradise,informational,0.8403,,informational,0,43,7.2
spring farm property growth,commercial,0.7665,,suburb research,0,43,17.6
property guide australia,informational,0.57,,informational,2,42,9.4
buying real estate in australia,transactional,0.6562,,informational,0,42,69.6
chermside postcode qld,navigational,0.6766,,informational,0,42,11.6
first home buyer house and land nsw,commercial,0.5627,,transactional,0,42,74.7
mortgage brokers crooked brook,commercial,0.5643,,commercial,0,42,24.1
negative gearing australia,commercial,0.6299,,informational,0,42,89.2
pinjarra postcode wa,informational,0.5541,,informational,0,42,8.3
real estate agents fees,commercial,0.6727,,transactional,0,42,30.6
springwood nsw 2777,navigational,0.3797,,informational,0,42,46.7
how much can i borrow mortgage,informational,0.9508,,commercial,0,41,21.9
rentvestment,commercial,0.4403,,informational,0,41,70.3
tenant screening canberra,navigational,0.6295,,informational,0,41,60.8
wynnum west,informational,0.5048,,informational,0,41,64.7
australia best suburbs,informational,0.6139,,commercial,0,40,28.8
dubbo postcode 2830,navigational,0.6798,,informational,0,40,10.7
postcode buderim 4556,navigational,0.5673,,informational,0,40,10.5
property guide sydney,informational,0.4513,,informational,0,40,20.1
property management haynes,commercial,0.4871,,informational,0,40,44.0
property yield,informational,0.6842,,commercial,0,40,77.3
realestate fees,informational,0.6619,,commercial,0,40,45.2
red hill postcode act,informational,0.5979,,informational,0,40,10.1
rental property calculator,navigational,0.8889,,transactional,0,40,81.7
steps to selling a house,informational,0.852,,commercial,0,40,81.4
what is rentvesting in australia,informational,0.9998,,informational,0,40,78.6
4498 postcode australia,navigational,0.4965,,informational,0,39,7.8
49 inkerman street burren junction nsw 2386,transactional,0.6151,,informational,0,39,19.3
how to find property buyers,informational,0.9776,,informational,0,39,72.6
how to vet a property developer australia,informational,0.5231,,informational,0,39,81.2
investment property affordability calculator,commercial,0.6822,,transactional,0,39,93.3
newstead postcode qld,informational,0.5403,,informational,0,39,10.2
nsw 2777,informational,0.6818,,informational,0,39,37.2
seller leads,informational,0.5534,,transactional,0,39,53.1
vendor leads,commercial,0.6737,,transactional,0,39,42.6
what is the average real estate agent commission in victoria,commercial,0.7129,,commercial,0,39,40.2
annandale postcode nsw,navigational,0.7082,,informational,0,38,9.8
best suburbs to live in australia,commercial,0.7611,,commercial,0,38,48.6
casula postcode nsw,navigational,0.5705,,informational,0,38,10.3
conveyancers kyalite,commercial,0.7484,,informational,0,38,64.5
home renovation cost,informational,0.5784,,commercial,0,38,92.3
toorak population,informational,0.9702,,informational,0,38,17.8
wanneroo rental investment,commercial,0.5857,,commercial,0,38,32.7
best suburbs australia,informational,0.5642,,commercial,0,37,35.9
best suburbs in brisbane for families,commercial,0.9531,,commercial,0,37,63.1
buying a property,transactional,0.9738,,informational,0,37,81.4
how much commission does a realtor make in australia,informational,0.9222,,commercial,0,37,76
how to find real estate buyers,informational,0.9935,,informational,0,37,74.3
selling a home,transactional,0.6899,,commercial,0,37,84.3
guide to selling your property,informational,0.9364,,commercial,0,36,66.3
real estate agent commission,informational,0.5453,,transactional,0,36,58.7
what is rentvesting australia,informational,0.984,,informational,0,36,83.2
what is the average real estate agent commission in nsw,commercial,0.8228,,commercial,0,36,58.6
1/1 bowen street st helens tas 7216,navigational,0.7333,,informational,0,35,18.1
buderim postal code,informational,0.649,,informational,0,35,9.2
chatswood median house price,informational,0.6474,,commercial,0,35,50.6
hawthorn east postcode victoria,navigational,0.7044,,informational,0,35,8.3
how to find buyers in real estate,informational,0.9993,,informational,0,35,74.7
morayfield qld,informational,0.7947,,informational,0,35,40.1
stamp duty qld,informational,0.7277,,commercial,0,35,95.7
2170 suburb,navigational,0.4997,,suburb research,0,34,11.1
appraisal leads,commercial,0.724,,transactional,0,34,82.1
boondall average property price,commercial,0.8281,,commercial,0,34,24.3
borrowing power calculator australia,informational,0.476,,transactional,0,34,72.9
investment property income calculator,commercial,0.6358,,transactional,0,34,95.5
real estate fees,informational,0.7785,,commercial,0,34,45.7
selling my house,informational,0.488,,commercial,0,34,74.7
toorak postal code,informational,0.6226,,informational,0,34,8.4
toorak postcode 3142,informational,0.6345,,informational,0,34,10.3
your property guide,informational,0.856,,navigational,12,33,1.1
borrowing power,informational,0.9957,,commercial,0,33,29.8
coogee postcode nsw,informational,0.5707,,informational,0,33,9.6
woodvale postcode wa,navigational,0.6796,,informational,0,33,9.8
203/81 harbour street haymarket nsw 2000,navigational,0.4619,,informational,0,32,28.5
3156 postcode victoria,navigational,0.5871,,informational,0,32,9.2
chermside west rental yield,navigational,0.8953,,commercial,0,32,26.2
doubleview rental investment,commercial,0.8571,,commercial,0,32,22.7
elderslie postcode nsw,navigational,0.5907,,informational,0,32,8.6
how to sell a property,informational,1,,commercial,0,32,63.9
logan postcode qld,navigational,0.7022,,informational,0,32,9.7
morayfield postcode 4506,navigational,0.7287,,informational,0,32,9.0
rentvesting trend australia,commercial,0.7451,,informational,0,32,76.3
surfers paradise population,informational,0.9418,,informational,0,32,11.2
no1 property guide,informational,0.645,,informational,1,31,16.8
average renovation cost,informational,0.7642,,commercial,0,31,84.8
brighton sa capital growth 5 years,commercial,0.6199,,suburb research,0,31,42.9
buderim population,informational,0.9646,,informational,0,31,11.2
gepps cross postcode sa,navigational,0.4994,,informational,0,31,9.9
private school exam eastwood,commercial,0.74,,suburb research,0,31,59.3
real estate rental calculator,navigational,0.7867,,transactional,0,31,79.5
rental return on investment calculator,commercial,0.4676,,transactional,0,31,97.7
strathfield girls high school catchment,navigational,0.5725,,suburb research,0,31,13.1
sydney rental yields by suburb,informational,0.6263,,suburb research,0,31,64.7
wa property market,commercial,0.5057,,suburb research,0,31,51.8
braybrook,informational,0.6212,,informational,0,30,66.2
kiama postcode nsw,informational,0.6399,,informational,0,30,8.6
real estate fees calculator queensland,informational,0.4102,,transactional,0,30,69.8
surfers paradise qld 4217 australia,informational,0.4464,,informational,0,30,22.8
wollongong property market,informational,0.5928,,suburb research,0,30,61.5
borrowing calculator,informational,0.4973,,transactional,0,29,42.2
bridging loans,commercial,0.9013,,commercial,0,29,95.3
codigo postal surfers paradise,informational,0.7432,,informational,0,29,10.5
how much commission does a realtor make nsw,commercial,0.8289,,commercial,0,29,64.1
how much rent can i afford australia calculator,informational,0.4955,,transactional,0,29,87.3
kellyville median house price,informational,0.5432,,commercial,0,29,52.4
mortgage calculator,informational,0.573,,transactional,0,29,93.3
northgate postcode qld,navigational,0.7646,,informational,0,29,9.7
regents park postcode qld,informational,0.5305,,informational,0,29,9.4
rentvesting strategy property purchase,transactional,0.9634,,commercial,0,29,85.0
stamp duty in qld,informational,0.8166,,commercial,0,29,92.4
badagarang,informational,0.967,,informational,2,28,17.0
"""albany senior high school"" ""student enrolments""",navigational,0.8869,,suburb research,0,28,5.2
4018 postcode brisbane,navigational,0.8072,,informational,0,28,7.2
borrow power calculator,transactional,0.9961,,transactional,0,28,86.0
borrowing capacity calculator,transactional,0.391,,transactional,0,28,39.6
bridging loans australia,commercial,0.9397,,commercial,0,28,90.8
browns plains postcode qld,navigational,0.5841,,informational,0,28,9.3
cost of renovating,informational,0.8307,,commercial,0,28,58.9
cost of renovating house,informational,0.687,,commercial,0,28,78.5
darling point postcode nsw,navigational,0.7687,,informational,0,28,10.2
erskineville postcode nsw,navigational,0.6023,,informational,0,28,8.6
real estate fees for selling a house,commercial,0.6668,,commercial,0,28,49.5
spring farm postcode nsw,informational,0.6809,,informational,0,28,8.4
warwick postcode wa,informational,0.5907,,informational,0,28,8.5
airlie beach postcode qld,navigational,0.6663,,informational,0,27,9.5
algester state school catchment,informational,0.5937,,suburb research,0,27,12.3
borrowing capacity,informational,0.9812,,commercial,0,27,24
graceville,informational,0.8953,,informational,0,27,45.4
home loan borrowing power,commercial,0.7985,,commercial,0,27,26.0
how much does a renovation cost,informational,0.9714,,commercial,0,27,66.9
how much i can borrow,informational,0.992,,commercial,0,27,22.9
humpybong qld,informational,0.8169,,informational,0,27,11.4
loganholme postcode qld,navigational,0.8033,,informational,0,27,9.7
median house price chatswood,informational,0.6076,,commercial,0,27,50.8
postcode 2026 nsw,informational,0.7772,,informational,0,27,9.6
real estate income calculator,informational,0.6696,,transactional,0,27,80.4
rent or buy property north shore,transactional,0.9975,,commercial,0,27,35.7
what percentage do real estate agents take,commercial,0.7454,,transactional,0,27,65.3
what postcode is 2170,informational,0.8734,,informational,0,27,7.8
4/49 tulip lane buderim qld 4556,navigational,0.5354,,informational,0,26,15.8
4114 postcode qld,navigational,0.5605,,informational,0,26,8.3
4214 postcode australia,informational,0.6581,,informational,0,26,9.8
albury postcode nsw,navigational,0.6961,,informational,0,26,9.2
buderim 4556,informational,0.6497,,informational,0,26,18.9
camberwell postcode vic,navigational,0.6387,,informational,0,26,11.1
home buying guide australia,commercial,0.4461,,informational,0,26,80.1
how much commission does a realtor make,informational,0.985,,commercial,0,26,66.4
how much do real estate agents charge to sell a house,commercial,0.7657,,commercial,0,26,36.4
investment property deductions calculator,informational,0.5134,,transactional,0,26,87.9
personal loan borrowing power,commercial,0.9578,,commercial,0,26,25.3
postcode 2170 nsw,informational,0.7211,,informational,0,26,9.7
postcode 4217 qld,informational,0.6463,,informational,0,26,9.7
property buying process,informational,0.9053,,informational,0,26,90.5
qld first home buyer property,commercial,0.5671,,informational,0,26,80.3
dubbo.postcode,navigational,0.8559,,informational,0,25,8.0
everton park rental growth,transactional,0.357,,suburb research,0,25,24.3
morayfield population,informational,0.9205,,informational,0,25,10
mount gambier suburb profile,navigational,0.5315,,suburb research,0,25,60.6
renovation cost calculator australia,commercial,0.6239,,transactional,0,25,83.6
reservoir median house price,informational,0.5813,,commercial,0,25,31.3
toorak melbourne,navigational,0.4323,,informational,0,25,66.3
toorak vic,informational,0.5079,,informational,0,25,46.6
$30 000 home renovation,commercial,0.719,,informational,0,24,68.5
devonport median house prices,commercial,0.8782,,commercial,0,24,50.9
dual occupancy,informational,0.9842,,informational,0,24,29.6
flat fee commissions,commercial,0.9937,,commercial,0,24,75.9
how to sell your house,informational,0.9999,,commercial,0,24,79
hurstville median house price,commercial,0.489,,commercial,0,24,31.5
real estate agent fees nsw,commercial,0.6202,,commercial,0,24,24.8
real estate percentage of sale,informational,0.8619,,informational,0,24,30.2
rental appraisal karratha,informational,0.444,,transactional,0,24,25.1
rental appraisal newport 4020,navigational,0.4019,,transactional,0,24,20.5
rental calculator investment property,commercial,0.6147,,transactional,0,24,96.4
rockingham postcode wa,navigational,0.6507,,informational,0,24,11.3
site:www.yourpropertyguide.com.au,informational,0.6721,,navigational,0,24,20.6
upgrade or downsize your home,transactional,0.9984,,informational,0,24,55.3
wynnum west dt,navigational,0.5557,,informational,0,24,79.6
2026 postcode nsw,informational,0.7361,,informational,0,23,11.6
agent fees for selling house,commercial,0.855,,commercial,0,23,31.7
gawler postcode sa,navigational,0.6462,,informational,0,23,9.8
gst property specialist,commercial,0.9103,,informational,0,23,26.7
how do you buy property,informational,1,,commercial,0,23,79.6
how much commission does a real estate agent make,informational,0.9301,,transactional,0,23,44.3
how much is real estate agent commission,informational,0.8018,,transactional,0,23,57.6
is morayfield a good suburb,commercial,0.5156,,informational,0,23,30.2
junee postcode nsw,informational,0.5185,,informational,0,23,8.6
monterey postcode nsw,navigational,0.7052,,informational,0,23,8.1
mortgage calculator australia,informational,0.5281,,transactional,0,23,95.3
property investment return calculator,informational,0.691,,transactional,0,23,92.4
arundel qld,informational,0.8351,,informational,0,22,33.8
beerwah postcode qld,navigational,0.5161,,informational,0,22,11.5
buying a house with unpaid property taxes,transactional,0.9982,,informational,0,22,72.8
cost of selling house,informational,0.7131,,commercial,0,22,12.5
"hamilton, qld postcode",informational,0.6245,,informational,0,22,10.0
how much commission do real estate agents get,informational,0.8457,,transactional,0,22,63.0
how to buy a house australia,informational,0.9917,,commercial,0,22,70.4
kingsville vic 3012 australia,navigational,0.7679,,informational,0,22,20.3
median house price kellyville,commercial,0.4498,,commercial,0,22,50.1
pooraka,informational,0.989,,informational,0,22,34.4
postcode 2830 nsw,informational,0.5897,,informational,0,22,9.9
private school entrance exam eastwood,transactional,0.486,,suburb research,0,22,41.8
property value ipswich qld,navigational,0.5312,,commercial,0,22,51.3
real estate commission qld,informational,0.5302,,commercial,0,22,78.6
real estate fees for seller,commercial,0.8854,,commercial,0,22,44.6
rockingham suburb profile,informational,0.6322,,suburb research,0,22,42.6
selling home,transactional,0.4912,,commercial,0,22,65.1
top suburbs,informational,0.582,,commercial,0,22,24.7
what are the most affordable suburbs to buy in perth,commercial,0.8712,,commercial,0,22,46.5
which clyde estate has the best schools,commercial,0.7958,,commercial,0,22,44.6
3099 postcode victoria,informational,0.4994,,informational,0,21,10.1
badagarang nsw 2540,informational,0.7642,,informational,0,21,11
hamilton postcode qld,informational,0.5658,,informational,0,21,8.4
homesguide com au,navigational,0.729,,informational,0,21,44
how much can i borrow home loan calculator,commercial,0.3709,,transactional,0,21,32.0
how to buy a home in australia,informational,0.9997,,commercial,0,21,65.1
kilmore property growth,informational,0.5937,,suburb research,0,21,25.2
qld stamp duty,informational,0.8328,,commercial,0,21,98.0
real estate brokerage fee,commercial,0.7714,,commercial,0,21,45.4
real estate charges,informational,0.6842,,commercial,0,21,39.8
real estate fees nsw,commercial,0.7207,,commercial,0,21,21.2
rental appraisal dandenong,informational,0.5469,,transactional,0,21,66.3
section 32 victoria,navigational,0.5079,,informational,0,21,42.0
toorak median house price,informational,0.6019,,commercial,0,21,18.7
where is postcode 2043,informational,0.9115,,informational,0,21,7.4
arundel qld 4214,navigational,0.6338,,informational,0,20,15.8
buderim capital growth,commercial,0.7662,,suburb research,0,20,26.9
buying rental property calculator,transactional,0.799,,transactional,0,20,93.4
campbell high school catchment area,informational,0.5177,,suburb research,0,20,26.2
cronulla median house price,commercial,0.4349,,commercial,0,20,17.8
goodwood postcode sa,navigational,0.6578,,informational,0,20,8.3
mortlake postcode vic,navigational,0.5129,,informational,0,20,10.1
nsw median house price,informational,0.6713,,commercial,0,20,51.5
owners title insurance cost,commercial,0.9873,,commercial,0,20,82.2
parkwood suburb profile,navigational,0.5023,,suburb research,0,20,38.2
property leads,commercial,0.5304,,transactional,0,20,72.1
strathfield girl high school catchment,navigational,0.532,,suburb research,0,20,15.2
townsville rental appraisal,informational,0.4458,,transactional,0,20,68.8
what is a principal and interest loan,informational,0.9993,,commercial,0,20,95.8
what is the postcode for liverpool,informational,0.9739,,informational,0,20,9.6
where is badagarang nsw,informational,0.5527,,informational,0,20,11.6
which perth suburbs have high rental yield,commercial,0.8248,,commercial,0,20,55.9
45 murray farm road carlingford nsw 2118,transactional,0.4445,,informational,0,19,18.8
affordability calculator for rent,commercial,0.6392,,transactional,0,19,86
bayswater postcode wa,informational,0.5294,,informational,0,19,10.1
bondi postcode nsw,navigational,0.5987,,informational,0,19,10.3
bridging finance,commercial,0.8782,,informational,0,19,70.3
brighton postcode vic,navigational,0.553,,informational,0,19,8.2
calculate borrowing power,transactional,0.9332,,commercial,0,19,61.2
clyde north postal code,navigational,0.6623,,informational,0,19,10.4
east toowoomba,informational,0.8849,,informational,0,19,56.1
epping boys high school catchment,informational,0.7432,,suburb research,0,19,28.6
free property appraisal wollert,commercial,0.7128,,transactional,0,19,40.7
home renovation australia,commercial,0.7445,,informational,0,19,78.4
qld real estate commission table,informational,0.5179,,commercial,0,19,72.9
real estate agent cost,commercial,0.7618,,transactional,0,19,56.8
rental appraisal dampier,transactional,0.4501,,transactional,0,19,50.8
st kilda median house price,navigational,0.3734,,commercial,0,19,52.9
tenants rights queensland australia,informational,0.5882,,informational,0,19,52.5
yourproperty,navigational,0.8606,,informational,0,19,8.9
2026 nsw postcode,informational,0.755,,informational,0,18,8.2
2170 postcode australia,informational,0.6692,,informational,0,18,6.1
4556 qld,informational,0.5331,,informational,0,18,11.7
areas in australia,informational,0.9985,,informational,0,18,46.9
bondi postal code,informational,0.7596,,informational,0,18,10.2
buderim qld,informational,0.724,,informational,0,18,50.5
camberwell median house price,commercial,0.5246,,commercial,0,18,49.3
capital gains tax australia,informational,0.5497,,informational,0,18,70.7
cheltenham postcode vic,navigational,0.6012,,informational,0,18,9.7
commission on selling a house,informational,0.4525,,commercial,0,18,46.6
compare real estate agent commissions,commercial,0.9544,,transactional,0,18,73.2
cost of renovating a house,informational,0.779,,commercial,0,18,78.4
edinburgh postcode sa,informational,0.6384,,informational,0,18,9.7
estate agent fees,commercial,0.9197,,transactional,0,18,31.9
fixed interest rate,informational,0.9452,,informational,0,18,42
frankston house prices,commercial,0.5577,,commercial,0,18,37.4
gosford east public school catchment,navigational,0.6435,,suburb research,0,18,18.6
hawthorn east postal code,navigational,0.5483,,informational,0,18,8.1
home loan borrowing power calculator,informational,0.6254,,transactional,0,18,34.4
horfield victoria,informational,0.7523,,informational,0,18,10.7
how much can i borrow for a home loan,informational,0.9885,,commercial,0,18,27.8
how much can i borrow for home loan,informational,0.9334,,commercial,0,18,20.9
how much house can i afford,informational,0.9592,,commercial,0,18,87.2
how much mortgage can i afford,informational,0.92,,commercial,0,18,69.2
how to buy property in australia,informational,0.9997,,commercial,0,18,73.4
loan eligibility calculator,informational,0.5657,,transactional,0,18,83.2
mandurah postal code,navigational,0.5532,,informational,0,18,9.1
median house price williamstown,commercial,0.5271,,commercial,0,18,34.8
penshurst postcode nsw,navigational,0.6594,,informational,0,18,9.7
qld 4214,informational,0.7815,,informational,0,18,17.2
queensland property stamp duty,informational,0.911,,commercial,0,18,98
rate logan,informational,0.8726,,informational,0,18,37
real estate commision,informational,0.5964,,informational,0,18,68.3
rentvesting meaning,informational,0.964,,informational,0,18,84.2
selling a house in australia,transactional,0.8604,,commercial,0,18,44.3
stamp duty by state,informational,0.984,,commercial,0,18,84.5
toorak average house price,commercial,0.5042,,commercial,0,18,19.9
woolloongabba,informational,0.9884,,informational,0,18,40
3139 postcode victoria,informational,0.5334,,informational,0,17,10.2
3978 postcode victoria,navigational,0.6331,,informational,0,17,10.2
bankstown property prices,commercial,0.8073,,commercial,0,17,53.6
brisbane property market forecast 2026,commercial,0.5078,,suburb research,0,17,42.5
buderim property market,informational,0.5408,,suburb research,0,17,35.3
casuarina postcode nsw,navigational,0.5204,,informational,0,17,8.2
cost of selling a house,informational,0.84,,commercial,0,17,19.4
dale wa,informational,0.9046,,informational,0,17,13.1
dale western australia,informational,0.8629,,informational,0,17,12.3
devonport postcode tas,navigational,0.8054,,informational,0,17,11.1
dundas nsw,informational,0.668,,informational,0,17,34.8
finding a realtor for buying,transactional,0.8973,,informational,0,17,69.6
forestville postcode nsw,informational,0.6416,,informational,0,17,10.5
gawler east,informational,0.7178,,informational,0,17,56
how much is stamp duty in qld,informational,0.7865,,commercial,0,17,89.1
median house price frankston,commercial,0.5195,,commercial,0,17,38.6
morayfield crime rate,informational,0.9552,,suburb research,0,17,11.5
mortgage borrowing power,commercial,0.7989,,commercial,0,17,25.2
nebo population,informational,0.9822,,informational,0,17,11
north balwyn,informational,0.8253,,informational,0,17,74.9
parrearra qld,informational,0.6879,,informational,0,17,27.4
property growth calculator,commercial,0.4517,,transactional,0,17,78.2
real estate commission nsw,informational,0.6028,,commercial,0,17,34.1
renovation costs 2025,informational,0.6061,,commercial,0,17,64.5
rental appraisal medowie,transactional,0.3324,,transactional,0,17,17.3
riverview postcode nsw,navigational,0.6978,,informational,0,17,8.2
surfers paradise area code,informational,0.8511,,informational,0,17,14.9
the property market claremont,commercial,0.5135,,suburb research,0,17,60.4
toorak victoria,informational,0.7108,,informational,0,17,53.8
top suburbs in australia,informational,0.7301,,commercial,0,17,39.5
tweed heads real estate market,commercial,0.7348,,suburb research,0,17,48.9
2487 postcode nsw,informational,0.5301,,informational,0,16,9.6
bank australia borrowing power,informational,0.5429,,commercial,0,16,64.8
best suburb in brisbane for families,commercial,0.9478,,commercial,0,16,71.5
best suburbs for families brisbane,commercial,0.9451,,commercial,0,16,68.6
calculate my borrowing power,transactional,0.837,,commercial,0,16,77.8
can i afford to buy a house,transactional,0.7082,,commercial,0,16,72.3
capital gains tax property,informational,0.8712,,informational,0,16,44.8
capital growth rate,informational,0.8411,,suburb research,0,16,74.9
commission on selling a house brighton,transactional,0.8644,,commercial,0,16,69.8
fees for selling a house,commercial,0.5813,,commercial,0,16,15.9
financial affordability assessment,commercial,0.8673,,informational,0,16,93.2
firb approval meaning,informational,0.8738,,informational,0,16,33.4
fitzroy real estate agents,commercial,0.7293,,commercial,0,16,11.8
granny flat investment qld,transactional,0.572,,commercial,0,16,83.8
hilbert suburb profile,informational,0.4429,,suburb research,0,16,50.9
home buying blogs,commercial,0.5278,,informational,0,16,51
house selling costs,commercial,0.6326,,commercial,0,16,13.4
how do i sell my house,informational,0.9994,,commercial,0,16,59.2
how much can i borrow mortgage australia,commercial,0.7361,,commercial,0,16,95.7
how much commission real estate nsw,commercial,0.8625,,commercial,0,16,72.2
is fixed or variable better,informational,0.9125,,informational,0,16,75.5
kirrawee nsw,informational,0.6243,,informational,0,16,58.7
laverton postcode vic,navigational,0.5409,,informational,0,16,10.8
low commission real estate,commercial,0.8145,,commercial,0,16,73.5
mortgage affordability calculator australia,commercial,0.6337,,transactional,0,16,44.2
mortgage calculator how much can i borrow,commercial,0.3667,,transactional,0,16,34.6
nsw 2170,informational,0.8285,,informational,0,16,11.1
postcode 4118 suburb,informational,0.5838,,informational,0,16,10
qld 4556,informational,0.5539,,informational,0,16,15.4
real estate commission new south wales,informational,0.553,,commercial,0,16,18.2
remodel costs 2022,commercial,0.8333,,commercial,0,16,23.8
rental appraisal tom price,commercial,0.7614,,transactional,0,16,48.3
rocklea suburb profile,navigational,0.5803,,suburb research,0,16,38.9
selling a house process,informational,0.8,,commercial,0,16,84
standard real estate commission,informational,0.8201,,commercial,0,16,58.5
taigum qld,informational,0.9125,,informational,0,16,39.6
toorak.postcode,navigational,0.7064,,informational,0,16,7.1
what schools are near riverfield estate,commercial,0.789,,informational,0,16,51.1
"""albany-senior-high-school-48116""",commercial,0.6283,,suburb research,0,15,2
3221 postcode melbourne,navigational,0.6782,,informational,0,15,6
annandale nsw,informational,0.6832,,informational,0,15,35.4
bilgola plateau,informational,0.7776,,informational,0,15,82.4
bondi beach suburb score,informational,0.7297,,suburb research,0,15,72.7
bulleen postcode vic,informational,0.493,,informational,0,15,9.1
burnett heads population,informational,0.9354,,informational,0,15,10.6
burra population 2025,informational,0.8765,,informational,0,15,8.9
burra sa population,informational,0.9784,,informational,0,15,11.7
cgt australia property,navigational,0.6237,,informational,0,15,78.5
chipping norton lga,navigational,0.5109,,informational,0,15,7.9
cost to sell a house,informational,0.4881,,commercial,0,15,13.5
dubbo postcode 2852,navigational,0.871,,informational,0,15,9.5
first time home buyer mortgage interest rates,commercial,0.9633,,commercial,0,15,98.6
grafton property market,informational,0.5848,,suburb research,0,15,40.2
griffith dc,informational,0.8663,,informational,0,15,11.7
gross rental yield calculator,navigational,0.7211,,transactional,0,15,90.3
how much can i afford to borrow,informational,0.9801,,commercial,0,15,87.3
how much can mortgage can i afford,informational,0.6586,,commercial,0,15,96.5
how much do renovations cost,informational,0.9752,,commercial,0,15,93.1
joondalup dc,navigational,0.7911,,informational,0,15,8.1
kirra postcode queensland,informational,0.6612,,informational,0,15,9.6
median house price toorak,informational,0.6219,,commercial,0,15,16.9
mortgage power calculator,commercial,0.5856,,transactional,0,15,82.8
northbridge postcode wa,navigational,0.7304,,informational,0,15,9.9
nsw 2261,informational,0.5061,,informational,0,15,13.4
queensland stamp duty,informational,0.862,,commercial,0,15,98.5
real estate agent fees for selling,commercial,0.8308,,commercial,0,15,55.2
regional property markets in wa,commercial,0.6399,,informational,0,15,51.1
rent determination dandenong,informational,0.4262,,suburb research,0,15,59.2
rent reviews wollongong,informational,0.6206,,commercial,0,15,58.9
rental appraisals strathpine,commercial,0.65,,suburb research,0,15,13.5
rental property review hobart,commercial,0.4259,,commercial,0,15,38.6
springfield high school qld,informational,0.7914,,suburb research,0,15,34.1
str in melton,navigational,0.3992,,informational,0,15,42.9
taigum qld 4018,informational,0.4877,,informational,0,15,21.2
tell me about scaddan?,informational,1,,informational,0,15,19.9
toorak australia,informational,0.7456,,informational,0,15,62.3
what are landlords fixtures and fittings,informational,0.9982,,informational,0,15,86.9
what suburbs have good family homes near schools,commercial,0.8438,,informational,0,15,55.8
yes,informational,1,,informational,1,14,11.1
11 stockyard heights drive stockyard qld 4703,transactional,0.5725,,informational,0,14,22.1
2170 nsw,informational,0.696,,informational,0,14,22.1
5037 postcode sa,informational,0.5179,,informational,0,14,10
7 high street bugaldie nsw 2357,commercial,0.4268,,informational,0,14,11.6
bankstown house prices,commercial,0.7595,,commercial,0,14,47.9
borrowing power calculator brisbane,commercial,0.3132,,transactional,0,14,94.5
bridging loans guide,commercial,0.737,,commercial,0,14,96
buyers guide real estate,informational,0.5183,,informational,0,14,67.6
calculate investment property,transactional,0.8816,,commercial,0,14,97.5
capital gains tax,informational,0.9865,,informational,0,14,51.9
coogee postal code,informational,0.6163,,informational,0,14,9
dee why median house price,informational,0.7316,,commercial,0,14,55.7
granny flat investment property queensland,commercial,0.7025,,commercial,0,14,70.6
hervey bay postcode qld,navigational,0.5918,,informational,0,14,11.2
home loan affordability calculator,commercial,0.8392,,transactional,0,14,42.3
home loan borrowing calculator cba,navigational,0.6172,,transactional,0,14,74.4
how much can i borrow for a house,informational,0.9952,,commercial,0,14,20.8
how to work out yield on property,informational,1,,commercial,0,14,81.8
lane cove real estate agents,commercial,0.6511,,commercial,0,14,10.8
median house price bayswater,commercial,0.5767,,commercial,0,14,26.4
morayfield postal code,informational,0.6199,,informational,0,14,8.4
real estate commission fees,commercial,0.8789,,commercial,0,14,60.3
regions in australia,informational,0.9989,,informational,0,14,66.4
tenant rights after sale victoria,navigational,0.3743,,informational,0,14,56.4
tingalpa postcode qld,navigational,0.5567,,informational,0,14,9
agent fees for selling a house,commercial,0.7868,,commercial,0,13,36.8
arundel queensland 4214,navigational,0.7187,,informational,0,13,17.5
australian buying,transactional,0.4368,,informational,0,13,64.2
average cost to remodel kitchen and bathroom,commercial,0.9669,,commercial,0,13,46
bondi nsw,informational,0.5896,,informational,0,13,34.4
bridging loan australia,commercial,0.5085,,commercial,0,13,90.5
butler postcode wa,navigational,0.7646,,informational,0,13,9.3
capital gains and property,informational,0.6056,,informational,0,13,32.6
cba borrowing power,informational,0.7135,,commercial,0,13,77.5
cromer postcode nsw,navigational,0.5353,,informational,0,13,7.5
dalrymple heights,informational,0.5258,,informational,0,13,20.2
darling point,informational,0.7599,,informational,0,13,74.4
davoren park,informational,0.8438,,informational,0,13,58.7
depreciation negative gearing,commercial,0.536,,informational,0,13,85.5
dual occupancy separate title,transactional,0.83,,informational,0,13,82.5
fees for realtors,commercial,0.8715,,commercial,0,13,52.1
flinders view,informational,0.6857,,informational,0,13,21.1
frankston median house price,informational,0.5115,,commercial,0,13,27.7
greater college park,informational,0.8884,,informational,0,13,48
heatherton postcode vic,informational,0.5305,,informational,0,13,9.6
home affordability,informational,0.5159,,informational,0,13,68.4
home loan borrowing capacity calculator,navigational,0.6815,,transactional,0,13,19.8
home loan calculator how much can i borrow,commercial,0.475,,transactional,0,13,25.1
home loan eligibility calculator australia,navigational,0.6524,,transactional,0,13,58.9
how much can i borrow cba,informational,0.923,,commercial,0,13,86.9
how to buy a house,informational,1,,commercial,0,13,87.2
median house price dandenong,commercial,0.707,,commercial,0,13,13.5
median house price essendon,commercial,0.6034,,commercial,0,13,18.8
mortgage affordability calculator,commercial,0.7939,,transactional,0,13,92.5
negative gearing,commercial,0.5775,,informational,0,13,97.9
north rockhampton qld 4701,navigational,0.4444,,informational,0,13,7.5
personal loan how much can i borrow,commercial,0.8078,,commercial,0,13,26.7
portland postcode victoria,navigational,0.5522,,informational,0,13,6.9
postcode 2232 suburb,navigational,0.586,,informational,0,13,9
postcode 2250 nsw,informational,0.6665,,informational,0,13,9
postcode 4069 suburb,navigational,0.7606,,informational,0,13,11.5
prestons nsw postcode 2170,transactional,0.3313,,informational,0,13,12.8
property buying guide,informational,0.8264,,informational,0,13,69.6
real estate agent carindale,navigational,0.8814,,transactional,0,13,17.7
reid south australia,informational,0.6388,,informational,0,13,12
rental appraisal drouin,navigational,0.3312,,transactional,0,13,49.5
reservoir suburb profile,informational,0.6096,,suburb research,0,13,55.5
section 32,informational,0.9552,,informational,0,13,79.2
selling a house costs,informational,0.56,,commercial,0,13,4.1
south melbourne rental yield,navigational,0.6303,,commercial,0,13,62.5
tenant fixtures,transactional,0.5356,,informational,0,13,75.1
thirroul postcode nsw,navigational,0.8241,,informational,0,13,8.4
toorak,informational,0.9433,,informational,0,13,60.1
werribee median house price,informational,0.8439,,commercial,0,13,27.5
what postcode is 2043,informational,0.9509,,informational,0,13,6.5
2043 nsw postcode,informational,0.5989,,informational,0,12,7.3
2250 postcode nsw,informational,0.6569,,informational,0,12,10.2
2557 postcode nsw,informational,0.599,,informational,0,12,8.8
4217 australia,informational,0.8789,,informational,0,12,23.7
631 mardan road koorooman vic 3953,transactional,0.7677,,informational,0,12,18.6
average real estate fees,informational,0.5929,,commercial,0,12,29.7
balwyn north vic,informational,0.6546,,informational,0,12,63.5
belmont postcode qld,navigational,0.6023,,informational,0,12,8.9
bethania postcode qld,informational,0.5067,,informational,0,12,10.2
borrowing calculator commonwealth,navigational,0.6558,,transactional,0,12,91.8
borrowing calculator home loan,navigational,0.4549,,transactional,0,12,20.1
borrowing power calculator home loan,transactional,0.3922,,transactional,0,12,85.2
brighton sa capital growth,commercial,0.7108,,suburb research,0,12,52.6
buderim qld 4556,navigational,0.7036,,informational,0,12,16.5
calculating rental yield,informational,0.9109,,commercial,0,12,88.2
capital gains on selling property,commercial,0.6344,,commercial,0,12,40.2
cba borrowing calculator,transactional,0.5915,,transactional,0,12,79.5
commission real estate,commercial,0.5988,,commercial,0,12,68.7
fairlight nsw,informational,0.5219,,informational,0,12,16
flinders view suburb profile,informational,0.6496,,suburb research,0,12,19
glenorchy postcode tas,navigational,0.6829,,informational,0,12,8.5
gordonvale queensland,informational,0.6599,,informational,0,12,64.2
gross rental yield,commercial,0.5264,,commercial,0,12,76.5
highgate perth,navigational,0.6992,,informational,0,12,42.4
house appraisal cost,commercial,0.72,,transactional,0,12,42.2
house renovation cost,informational,0.5904,,commercial,0,12,89.8
how much can i borrow australia,informational,0.8817,,commercial,0,12,59
how much can i borrow personal loan calculator,commercial,0.6477,,transactional,0,12,37.1
how much mortgage can i get,informational,0.9679,,commercial,0,12,57.9
investment property calculator australia,informational,0.4553,,transactional,0,12,93.4
langley vale nsw,navigational,0.4722,,informational,0,12,12.2
mortgage repayments on 400k,commercial,0.8156,,commercial,0,12,82.7
nab home loan calculator how much can i borrow,commercial,0.6088,,transactional,0,12,73.8
negative gearing depreciation,informational,0.6268,,informational,0,12,84.4
northbridge wa 6865,navigational,0.6284,,informational,0,12,12.2
nsw real estate commission,informational,0.5425,,commercial,0,12,28.6
pacific paradise,informational,0.9786,,informational,0,12,9.6
port melbourne rental yield,informational,0.3759,,commercial,0,12,62.1
postcode 4575 queensland,navigational,0.5016,,informational,0,12,9.9
property advice,informational,0.6195,,informational,0,12,44.1
real estate agents carindale,commercial,0.6442,,transactional,0,12,4.7
real estate commission calculator nsw,informational,0.6123,,transactional,0,12,46.7
real estate fees qld,commercial,0.5619,,commercial,0,12,69.8
real estate sales commission,informational,0.5608,,commercial,0,12,62.7
regions of australia,informational,0.9975,,informational,0,12,66.7
reno cost,commercial,0.6471,,commercial,0,12,77.8
renovating your home,informational,0.9867,,informational,0,12,69.6
renovation cost per m2 melbourne,commercial,0.6643,,commercial,0,12,92.1
sell my home australia,transactional,0.9572,,commercial,0,12,44.6
selling your home,informational,0.513,,commercial,0,12,69.4
springwood nsw,informational,0.6831,,informational,0,12,65.8
suburb pricing tool,commercial,0.7262,,commercial,0,12,48.6
taree postcode nsw,informational,0.6189,,informational,0,12,7.8
taren point nsw,navigational,0.5099,,informational,0,12,44.4
tullimbar postcode nsw,navigational,0.5854,,informational,0,12,7.1
what is the capital growth of surfers paradise,informational,0.6314,,informational,0,12,21.3
what is the rba cash rate,informational,0.9968,,informational,0,12,85.8
what suburb is 5070?,informational,0.8083,,informational,0,12,11
when is stamp duty payable qld,informational,0.9736,,commercial,0,12,78.8
2500 postcode nsw,informational,0.6444,,informational,0,11,8.7
2539 postcode nsw,navigational,0.5804,,informational,0,11,10.6
2830 postcode nsw,informational,0.5526,,informational,0,11,7.9
30k renovation budget,informational,0.5441,,informational,0,11,94.2
450k mortgage repayments,commercial,0.6727,,commercial,0,11,91.8
affordability,commercial,0.7435,,informational,0,11,44.8
affordability calculator,commercial,0.71,,transactional,0,11,103.9
ashfield postcode wa,navigational,0.5123,,informational,0,11,7.6
australian capital gains tax,informational,0.7387,,informational,0,11,59.9
average house price toorak,informational,0.6034,,commercial,0,11,17.3
average real estate agent fees,commercial,0.8881,,transactional,0,11,42.8
banksia postcode nsw,navigational,0.5508,,informational,0,11,6.8
best family suburbs in brisbane,commercial,0.9157,,commercial,0,11,59.7
best suburb in australia,informational,0.6447,,commercial,0,11,36.4
blackbutt postcode qld,informational,0.5242,,informational,0,11,11.5
booragoon postcode wa,navigational,0.5199,,informational,0,11,10.6
brooklyn postcode vic,navigational,0.5618,,informational,0,11,7.6
capital gains on property,informational,0.7944,,informational,0,11,73.5
capital gains on residential property,informational,0.7119,,informational,0,11,40.5
cgt on property,informational,0.8258,,informational,0,11,84.5
cgt real estate,navigational,0.3934,,informational,0,11,59.4
college park postal code,informational,0.5635,,informational,0,11,9.5
drouin postcode vic,navigational,0.5532,,informational,0,11,10.2
erskineville property growth,informational,0.4622,,suburb research,0,11,65.7
first time buyer mortgage,transactional,0.5342,,commercial,0,11,88.4
free stamp duty calculator online in brighton,commercial,0.5508,,transactional,0,11,97
gundillion suburb,informational,0.5679,,suburb research,0,11,9.7
high-yield rental suburbs adelaide,commercial,0.6389,,commercial,0,11,45.6
home loan approval calculator,navigational,0.7428,,transactional,0,11,82.4
home loan how much can i borrow,informational,0.504,,commercial,0,11,20.5
how much home loan can i get,informational,0.8835,,commercial,0,11,41.5
how much i can borrow for mortgage,informational,0.9382,,commercial,0,11,26
how much money can i borrow,informational,0.9978,,commercial,0,11,19.4
how much to remodel a home,informational,0.9055,,commercial,0,11,72.3
investment property tax calculator,informational,0.892,,transactional,0,11,95.5
kenmore postal code,navigational,0.7066,,informational,0,11,10.3
kiama real estate agents,commercial,0.8519,,commercial,0,11,19
lending power calculator,commercial,0.5218,,transactional,0,11,96.5
lilydale postcode victoria,navigational,0.6987,,informational,0,11,11.6
lysterfield postcode australia,navigational,0.6453,,informational,0,11,10.9
median house price camberwell,commercial,0.5851,,commercial,0,11,55
median house price fitzroy,informational,0.6058,,commercial,0,11,67.5
morayfield brisbane,navigational,0.5038,,informational,0,11,32.7
penrith postcode nsw,navigational,0.5558,,informational,0,11,11.7
personal loans how much can i borrow,commercial,0.8937,,commercial,0,11,22
postal code 4217,informational,0.7504,,informational,0,11,17
property management fees petrie,commercial,0.8723,,commercial,0,11,39.6
property valuation castle hill,commercial,0.534,,transactional,0,11,37.3
propertyguide,commercial,0.5384,,informational,0,11,2.8
qld 4118,informational,0.6516,,informational,0,11,10.4
real estate agent fee,commercial,0.5788,,transactional,0,11,58.5
real estate agents malvern,commercial,0.7755,,transactional,0,11,10.6
real estate leads australia,commercial,0.7455,,transactional,0,11,82.3
region in australia,informational,0.9966,,informational,0,11,74.7
reservoir postcode vic,informational,0.5313,,informational,0,11,10
rivervale postcode wa,navigational,0.6195,,informational,0,11,9.6
rouse hill postcode nsw,navigational,0.5866,,informational,0,11,7.5
stamp duty australia,informational,0.8896,,commercial,0,11,72.5
taren point,informational,0.9406,,informational,0,11,63.7
typical real estate agent fees,commercial,0.7747,,transactional,0,11,42.2
vacancy rate property manager petrie,navigational,0.6137,,commercial,0,11,47.5
what are the typical costs for full property staging in sydney?,informational,0.782,,commercial,0,11,63.5
williamstown real estate agents,commercial,0.9532,,commercial,0,11,19.9
2222 postcode nsw,navigational,0.5021,,informational,0,10,8.7
3142 postcode victoria,navigational,0.4983,,informational,0,10,9.8
3978 australia postcode,informational,0.6854,,informational,0,10,7.8
500k mortgage repayments,commercial,0.4962,,commercial,0,10,84.9
au property report,informational,0.5291,,informational,0,10,54.8
aussie home loans borrowing power,commercial,0.7943,,commercial,0,10,79.6
australia regions,informational,0.9885,,informational,0,10,72.9
average house price sydney by suburb,informational,0.4601,,commercial,0,10,63.1
balwyn north median house price,commercial,0.5664,,commercial,0,10,18.4
bayview state school catchment area,navigational,0.5379,,suburb research,0,10,16.2
belmont qld,informational,0.7305,,informational,0,10,44.7
blacktown median house price,informational,0.4469,,commercial,0,10,13.1
body corporate,informational,0.9123,,informational,0,10,62.5
borrowing mortgage calculator,informational,0.6093,,transactional,0,10,73.8
bridging finance guide,commercial,0.6038,,informational,0,10,82.8
capital gain on sale of property,transactional,0.925,,informational,0,10,41.6
capital gains on a property,transactional,0.4529,,informational,0,10,35.3
cgt selling property,informational,0.4956,,commercial,0,10,38.1
chermside west rental growth,navigational,0.8873,,suburb research,0,10,28.6
commission on selling a house bracken ridge,transactional,0.7396,,commercial,0,10,63.2
commission real estate nsw,informational,0.4695,,commercial,0,10,40.4
compare borrowing power,commercial,0.9506,,commercial,0,10,65.3
conveyancer kronkup,navigational,0.4907,,transactional,0,10,35.1
craigmore postcode sa,navigational,0.8814,,informational,0,10,8.3
cromer nsw 2099,navigational,0.4257,,informational,0,10,24.7
deepdene,informational,0.6466,,informational,0,10,41.1
full house renovation cost,commercial,0.7222,,commercial,0,10,82.3
gatton postcode qld,informational,0.552,,informational,0,10,10.7
glenmore road public school catchment area,navigational,0.6964,,suburb research,0,10,12.8
goulburn real estate agents,commercial,0.9282,,commercial,0,10,15.9
highgate postal code,navigational,0.7201,,informational,0,10,6.9
hornsby postcode nsw,navigational,0.7334,,informational,0,10,9
house valuation flinders view,informational,0.3291,,transactional,0,10,30.4
how much can i afford,informational,0.9763,,commercial,0,10,66.7
how much can i borrow brisbane,commercial,0.695,,commercial,0,10,95.2
how much commission do real estate agents make,informational,0.6898,,transactional,0,10,61.8
how much house can i afford australia,commercial,0.6171,,commercial,0,10,80.8
how much is commission for selling a house,informational,0.6033,,commercial,0,10,47.8
how much of a mortgage can i afford,informational,0.9335,,commercial,0,10,36.6
killara nsw,informational,0.5502,,informational,0,10,39.9
lidcombe 2141,navigational,0.6366,,informational,0,10,21.2
loan borrowing calculator,transactional,0.4228,,transactional,0,10,45.8
loan serviceability calculator,commercial,0.6141,,transactional,0,10,80.4
median house price south yarra,informational,0.462,,commercial,0,10,26.7
median house price werribee,informational,0.7615,,commercial,0,10,22.5
morayfield qld 4506,navigational,0.6938,,informational,0,10,23.6
mortgage estimator australia,commercial,0.6018,,transactional,0,10,87.6
nab borrowing power,transactional,0.9364,,commercial,0,10,57.3
nab how much can i borrow,informational,0.5106,,commercial,0,10,66.3
newcastle postcode 2300,informational,0.6201,,informational,0,10,8.9
nsw 2170 suburb,informational,0.4445,,suburb research,0,10,7.8
payneham postcode sa,navigational,0.6677,,informational,0,10,7.8
postcode 2137 suburb,informational,0.5732,,informational,0,10,10
postcode 2283 nsw,informational,0.5452,,informational,0,10,10.9
primary schools in caversham,commercial,0.6861,,suburb research,0,10,21.3
property and capital gains tax,informational,0.6579,,informational,0,10,50.7
property valuation glenmore park,commercial,0.6582,,transactional,0,10,36.4
ravenswood postcode wa,navigational,0.7297,,informational,0,10,8.2
real estate agent commission percentage nsw,commercial,0.7805,,commercial,0,10,49.5
real estate agent fees melbourne,commercial,0.4694,,commercial,0,10,48.4
real estate agent fees victoria,commercial,0.542,,commercial,0,10,35.6
real estate agents fitzroy,commercial,0.4514,,transactional,0,10,7.8
real estate agents kiama,commercial,0.7454,,transactional,0,10,22.5
real estate agents north melbourne,commercial,0.5703,,commercial,0,10,9.4
real estate agents south melbourne,commercial,0.4995,,commercial,0,10,8.4
real estate commissions,commercial,0.7527,,informational,0,10,82.3
remodeling cost,commercial,0.6551,,commercial,0,10,74.8
rent reviews bankstown,commercial,0.4925,,commercial,0,10,44.3
rental appraisal bentley,navigational,0.4641,,transactional,0,10,15.4
rental appraisal cooktown,commercial,0.3784,,transactional,0,10,14
rental income calculator australia,navigational,0.6492,,transactional,0,10,76.8
rental property calculator australia,navigational,0.8288,,transactional,0,10,88.9
rental property investment calculator,commercial,0.3535,,transactional,0,10,92
repayments on 400k mortgage,commercial,0.7338,,commercial,0,10,92.3
residential property capital gains,informational,0.7447,,informational,0,10,60.6
residential property settlements,informational,0.6297,,informational,0,10,77.9
section 32 vendor statement,navigational,0.5193,,informational,0,10,72.4
sell house in australia,transactional,0.9946,,commercial,0,10,65.7
selling house australia,transactional,0.5374,,commercial,0,10,43.5
selling house costs,commercial,0.7436,,commercial,0,10,7.7
south penrith,informational,0.847,,informational,0,10,59
st helena suburb profile,informational,0.6234,,suburb research,0,10,41.7
suburb comparison australia,commercial,0.6637,,commercial,0,10,58.7
taxable australian property,informational,0.8187,,informational,0,10,45.8
the ins and outs of rent collection in surfers paradise,informational,0.5317,,suburb research,0,10,48.5
the ponds high school catchment for rent,transactional,0.9175,,suburb research,0,10,27.5
tom price property management,commercial,0.7859,,commercial,0,10,65.2
triabunna population,informational,0.9894,,informational,0,10,10.3
western australia property market,informational,0.5075,,suburb research,0,10,58.5
what commission do real estate agents make in australia,informational,0.8644,,commercial,0,10,75.3
what mortgage could i afford,informational,0.5813,,commercial,0,10,91
what postcode is liverpool,informational,0.9595,,informational,0,10,10.2
wingfield postcode sa,navigational,0.5402,,informational,0,10,8
morayfield,informational,0.7962,,informational,1,9,3.6
"""48116"" ""albany senior high school"" boys",navigational,0.5806,,suburb research,0,9,6.1
2099 postcode nsw,informational,0.6198,,informational,0,9,8.9
2a moulder street orange nsw 2800,transactional,0.546,,informational,0,9,67.3
3500 postcode australia,informational,0.8031,,informational,0,9,10.8
4217 surfers paradise,informational,0.7273,,informational,0,9,23.1
aubin grove suburb profile,navigational,0.6831,,suburb research,0,9,37.7
aussie borrowing power,informational,0.8956,,commercial,0,9,85.6
australia capital gains tax,informational,0.7222,,informational,0,9,71.6
australian property investment losses,commercial,0.6095,,commercial,0,9,78
average real estate commission,commercial,0.5796,,commercial,0,9,56.9
balmoral postcode nsw,navigational,0.6313,,informational,0,9,9.3
balwyn north melbourne,navigational,0.5342,,informational,0,9,68.6
bankwest how much can i borrow,transactional,0.4831,,commercial,0,9,71.1
barton postcode act,informational,0.9362,,informational,0,9,9.9
bathurst postcode nsw,navigational,0.5483,,informational,0,9,8.8
best family suburbs brisbane,commercial,0.9151,,commercial,0,9,58.1
best suburbs for families in brisbane,commercial,0.9471,,commercial,0,9,69.2
borrowing power calculator first home buyer,commercial,0.5536,,transactional,0,9,97
bridging finance rates,commercial,0.9908,,informational,0,9,81.3
brisbane best suburbs for families,commercial,0.9436,,commercial,0,9,60.2
buderim town,informational,0.8492,,informational,0,9,72.9
buying power calculator,transactional,0.7362,,transactional,0,9,83.3
capital gains on property australia,transactional,0.334,,informational,0,9,90.3
capital gains tax and real estate,commercial,0.8827,,informational,0,9,63.3
capital gains tax for real estate,informational,0.6995,,informational,0,9,58.1
cba how much can i borrow,informational,0.6576,,commercial,0,9,72.9
cgt for residential property,informational,0.7934,,informational,0,9,43.9
cgt on sale of property,transactional,0.7097,,informational,0,9,33.4
commbank borrowing calculator,navigational,0.649,,transactional,0,9,72.1
commission for selling a house,transactional,0.5152,,commercial,0,9,65.1
commission on real estate sales,commercial,0.6419,,commercial,0,9,69.6
cromer heights nsw,informational,0.397,,informational,0,9,11.3
downsizing homes australi,commercial,0.7212,,informational,0,9,79.9
estate agent selling fees,commercial,0.9015,,commercial,0,9,51.2
exmouth postcode wa,navigational,0.7378,,informational,0,9,8.4
fixed real estate,informational,0.5691,,informational,0,9,61.8
flinders view ipswich,navigational,0.5898,,informational,0,9,58.8
general renovation costs,commercial,0.6155,,commercial,0,9,79.1
haynes suburb profile,informational,0.67,,suburb research,0,9,39.7
heatherbrae dt,informational,0.7587,,informational,0,9,96.6
helens hill qld,informational,0.667,,informational,0,9,11.9
hoppers crossing property growth,transactional,0.3973,,suburb research,0,9,14.3
house valuation wingecarribee shire,commercial,0.7279,,transactional,0,9,32.6
how much can i borrow with deposit calculator,commercial,0.7572,,transactional,0,9,70.3
how much could i lend,informational,0.9637,,commercial,0,9,97.7
how much i can borrow calculator,informational,0.7572,,transactional,0,9,54.8
how much is my house worth bankstown,commercial,0.6012,,transactional,0,9,48.9
how much should you borrow for a mortgage,informational,0.9957,,commercial,0,9,19.9
how to check out a builder in australia,informational,0.9917,,commercial,0,9,54.4
how to sell a house in queensland,informational,0.9785,,commercial,0,9,78.6
how to sell your home,informational,1,,commercial,0,9,68.7
how to work out rental return,informational,1,,informational,0,9,84.4
investment property calculations,commercial,0.504,,commercial,0,9,88
karrinyup postcode wa,navigational,0.6828,,informational,0,9,12.2
kew median house price,informational,0.4802,,commercial,0,9,40.9
kororoit creek catchment,informational,0.7693,,informational,0,9,13.8
little mountain postcode qld,informational,0.5315,,informational,0,9,7.3
median house price kew,informational,0.4852,,commercial,0,9,36.4
median house price st kilda,informational,0.3502,,commercial,0,9,53.2
mickleham,informational,0.6897,,informational,0,9,32.8
mortgage borrowing power calculator,informational,0.6817,,transactional,0,9,54
mortgage eligibility calculator australia,navigational,0.56,,transactional,0,9,70.7
"mount hutton,",informational,0.9435,,informational,0,9,17.2
mount victoria median house prices,informational,0.5372,,commercial,0,9,39.4
nab calculator how much can i borrow,commercial,0.6627,,transactional,0,9,94.9
narre warren north,informational,0.9028,,informational,0,9,46.2
nsw 2141,informational,0.6814,,informational,0,9,17.2
orange real estate agents,informational,0.5497,,commercial,0,9,5.3
postal code 4118,informational,0.8193,,informational,0,9,7
postcode 2099 suburb,informational,0.5876,,informational,0,9,7.6
postcode 3066 victoria,navigational,0.5988,,informational,0,9,9
postcode 6210 western australia,navigational,0.5632,,informational,0,9,10.7
preston median house price,informational,0.5965,,commercial,0,9,49.3
process of selling a house,informational,0.97,,commercial,0,9,83.2
property sales leads,commercial,0.7824,,transactional,0,9,77.9
real estate agent commission nsw,navigational,0.5084,,commercial,0,9,23.4
real estate agent fees calculator,navigational,0.5457,,transactional,0,9,82.9
real estate commission calculator,navigational,0.5971,,transactional,0,9,81.2
real estate listing fees,commercial,0.8523,,commercial,0,9,30.7
real estate property gains tax,informational,0.9756,,informational,0,9,59.2
renovation cost,informational,0.7584,,commercial,0,9,79.9
rental report,informational,0.4206,,suburb research,0,9,66.4
rental yield melbourne,navigational,0.5644,,commercial,0,9,73.1
secondary houses coolum beach,informational,0.4416,,informational,0,9,20.3
smithfield postcode cairns,navigational,0.6361,,informational,0,9,9
st peters postcode sa,informational,0.5753,,informational,0,9,8.4
stamp duty calculator australia,navigational,0.4484,,transactional,0,9,64
stamp duty in queensland on investment property,commercial,0.6478,,commercial,0,9,95.4
stirling rent estimate,informational,0.3674,,commercial,0,9,23.3
subject to sale clause,transactional,0.9718,,informational,0,9,57.8
surfers paradise postcode queensland,navigational,0.552,,informational,0,9,8.2
tenant victoria australia,navigational,0.8493,,informational,0,9,34.7
vaucluse median house price,commercial,0.6019,,commercial,0,9,74.2
werrington downs,informational,0.9377,,informational,0,9,45
what are the repayments on a 400k mortgage,informational,0.9369,,commercial,0,9,77.9
what's my house worth flinders view,navigational,0.4405,,transactional,0,9,12.7
where is taralga nsw,informational,0.6989,,informational,0,9,35.4
which brisbane suburbs have good schools and family homes,commercial,0.9183,,informational,0,9,45.1
williamstown median house price,commercial,0.4954,,commercial,0,9,44
woolloogabba,informational,0.9878,,informational,0,9,51.6
zillmere rental yield,informational,0.4343,,commercial,0,9,49.7
"""4 ritchie drive"" kangaroo flat vic 3555",navigational,0.6768,,informational,0,8,6
2170 australia,informational,0.9324,,informational,0,8,24.9
2261 nsw,navigational,0.5818,,informational,0,8,14
6/3 shortland close north richmond nsw 2754,navigational,0.3848,,informational,0,8,14.4
61 zenith way wattleup wa 6166,navigational,0.6885,,informational,0,8,15
agent fees,commercial,0.9553,,transactional,0,8,31.4
average house price in toorak,informational,0.4756,,commercial,0,8,14
balwyn north victoria,informational,0.4819,,informational,0,8,70
bellbird postcode nsw,navigational,0.5379,,informational,0,8,9.4
bondi nsw 2026,informational,0.726,,informational,0,8,41.4
botanic ridge primary school,navigational,0.5874,,suburb research,0,8,25.4
bridging finance australia,commercial,0.8689,,informational,0,8,91.9
brighton secondary school catchment property,navigational,0.6584,,suburb research,0,8,23.9
brisbane home value,navigational,0.4305,,commercial,0,8,62.1
buderim qld 4556 australia,navigational,0.7625,,informational,0,8,25.1
buderim real estate market,informational,0.6022,,suburb research,0,8,29
buderim sunshine coast,informational,0.9167,,informational,0,8,53.4
"buderim, qld 4556",navigational,0.7171,,informational,0,8,11.9
buyers agency lilyfield,commercial,0.573,,commercial,0,8,30.1
buyers agent cost brisbane,commercial,0.8527,,transactional,0,8,80
buyers agent roseville,navigational,0.5381,,transactional,0,8,6.8
buying property australia,transactional,0.7395,,informational,0,8,67.9
calculate home loan borrowing power,transactional,0.9108,,commercial,0,8,18.5
capital gain on property,informational,0.576,,informational,0,8,87.1
capital gain tax on sale of property,transactional,0.8922,,informational,0,8,46.5
capital gains on real estate,commercial,0.6112,,informational,0,8,48.1
capital gains property australia,commercial,0.491,,informational,0,8,97.4
capital gains tax australia property,commercial,0.5255,,informational,0,8,94.8
capital gains tax for property,informational,0.8892,,informational,0,8,70.5
capital gains tax for residential property,informational,0.6562,,informational,0,8,58.6
capital gains tax on property australia,informational,0.4248,,informational,0,8,98.2
capital gains tax on residential property,informational,0.8765,,informational,0,8,38.2
capital gains tax on sale of property,transactional,0.754,,informational,0,8,45.9
capital gains tax property australia,commercial,0.6884,,informational,0,8,94.5
capital gains tax selling property,transactional,0.9625,,commercial,0,8,48.9
cgt investment property,commercial,0.5149,,commercial,0,8,98.5
cgt on property australia,informational,0.6177,,informational,0,8,91.8
cgt on property sale,transactional,0.7207,,informational,0,8,51.6
cgt on residential property,informational,0.954,,informational,0,8,37.6
chermside postal code,navigational,0.6094,,informational,0,8,8.8
city beach high school perth,informational,0.6385,,suburb research,0,8,36.5
commercial real estate investment calculator,navigational,0.3357,,transactional,0,8,88.1
commission calculator,informational,0.3245,,transactional,0,8,80
compare current rental prices for properties in melbourne.,commercial,0.9524,,commercial,0,8,54.2
cost of selling a house in nsw calculator,commercial,0.4765,,transactional,0,8,21.5
costs to sell house,commercial,0.6147,,commercial,0,8,3.9
deepdene vic 3103,transactional,0.5176,,informational,0,8,13.1
donnybrook and mickleham price trends,commercial,0.8508,,commercial,0,8,16.1
encumbrances on property,informational,0.9951,,informational,0,8,76.4
fern bay postcode nsw,informational,0.51,,informational,0,8,10
glenelg postcode sa,navigational,0.5085,,informational,0,8,9.1
guide properties,commercial,0.5115,,informational,0,8,6.9
harrisdale suburb profile,navigational,0.5972,,suburb research,0,8,33.4
hill herne,informational,0.551,,informational,0,8,52.2
hilton suburb profile,navigational,0.5691,,suburb research,0,8,22.8
home loan borrowing capacity,commercial,0.7466,,commercial,0,8,19.4
home staging cost australia,commercial,0.874,,commercial,0,8,81.2
house selling process,informational,0.8224,,commercial,0,8,81.5
how much can i borrow for a home,informational,0.9944,,commercial,0,8,29.1
how much does it cost to renovate a house,informational,0.9281,,commercial,0,8,79
how much is my house worth ipswich,commercial,0.4331,,transactional,0,8,61.1
how much to spend on renovation,informational,0.9525,,commercial,0,8,77.2
how to calculate rental yield australia,informational,0.9968,,commercial,0,8,20
how to start a renovation business in australia,informational,0.9999,,informational,0,8,79
is surfers paradise a good place to live,informational,0.6482,,informational,0,8,46.6
kellyville ridge,informational,0.7643,,informational,0,8,52.8
kenmore east,navigational,0.8202,,informational,0,8,5.5
kensington postcode vic,informational,0.5597,,informational,0,8,11
kew real estate agents,commercial,0.714,,commercial,0,8,11.8
kingsford postcode nsw,navigational,0.5758,,informational,0,8,9.6
kyogle real estate agents,commercial,0.7863,,commercial,0,8,16.2
lane cove median house price,informational,0.4026,,commercial,0,8,44.4
lilydale postcode vic,navigational,0.5468,,informational,0,8,11.8
listing leads,commercial,0.5293,,transactional,0,8,74.4
living in gladstone queensland australia,commercial,0.6696,,informational,0,8,38.4
loan affordability calculation,commercial,0.8096,,commercial,0,8,65.1
lorne median house price,informational,0.6627,,commercial,0,8,28
lutana postcode tas,informational,0.585,,informational,0,8,8.2
"macquarie hills,",informational,0.9387,,informational,0,8,34.8
median house price blacktown,informational,0.5057,,commercial,0,8,15.1
median house price by suburb,informational,0.7492,,commercial,0,8,59.9
median house price preston,commercial,0.4482,,commercial,0,8,29.5
morayfield queensland,informational,0.7243,,informational,0,8,39.5
mortgage brokers beemunnel,commercial,0.9598,,commercial,0,8,50.2
mortgage how much can i borrow,informational,0.6327,,commercial,0,8,23.1
mount gambier property growth,informational,0.6453,,suburb research,0,8,54.8
nelson bay property growth,informational,0.7464,,suburb research,0,8,18.6
north bondi postcode nsw,navigational,0.6874,,informational,0,8,49.6
north melbourne median house price,informational,0.4162,,commercial,0,8,27.4
north sydney property market,informational,0.6079,,suburb research,0,8,38.6
nsw 2137,informational,0.7735,,informational,0,8,9.9
paradise postcode sa,informational,0.7093,,informational,0,8,10
personal loan borrowing calculator,informational,0.3547,,transactional,0,8,46.4
population of bondi,informational,0.9709,,informational,0,8,34.5
property capital gains,informational,0.5784,,informational,0,8,73.8
property for sale cassowary coast,transactional,0.9634,,transactional,0,8,18.2
property gain tax,informational,0.9939,,informational,0,8,92.8
property gains tax australia,informational,0.7684,,informational,0,8,95.8
queensland real estate commission,informational,0.6513,,commercial,0,8,81.5
real estate agent commissions,commercial,0.5327,,transactional,0,8,59.4
real estate agent flat fee,commercial,0.6762,,commercial,0,8,51
real estate agents lane cove,navigational,0.6315,,commercial,0,8,4.9
real estate agents lindfield,commercial,0.6509,,transactional,0,8,7.4
real estate commission qld calculator,informational,0.5064,,transactional,0,8,72.9
real estate fees ipswich,commercial,0.4127,,commercial,0,8,62.6
red hill canberra,informational,0.4891,,informational,0,8,49.5
rent estimate,informational,0.7884,,commercial,0,8,60.4
rental appraisal carrum downs,commercial,0.501,,transactional,0,8,36.6
rental appraisal endeavour hills,commercial,0.7162,,transactional,0,8,31.2
rental appraisal point cook,transactional,0.7831,,transactional,0,8,36
rental appraisal south hedland,transactional,0.4344,,transactional,0,8,21.9
rental valuation maida vale,commercial,0.4548,,transactional,0,8,19.4
rental valuation stirling,commercial,0.4247,,transactional,0,8,20.2
scarborough real estate agents,commercial,0.8919,,commercial,0,8,8.2
sell your house privately,transactional,1,,commercial,0,8,24.4
selling a house in qld,transactional,0.4546,,commercial,0,8,85.8
singleton postcode nsw,navigational,0.5793,,informational,0,8,13.4
south perth postcode wa,navigational,0.545,,informational,0,8,10.4
spring farm 2570,informational,0.4892,,informational,0,8,13
spring farm nsw,informational,0.5061,,informational,0,8,42.9
steps to selling your house,transactional,0.6465,,commercial,0,8,80.9
surry hills real estate agents,commercial,0.8381,,commercial,0,8,5.9
tax on rental income calculator australia,informational,0.7554,,transactional,0,8,86.2
templeton primary school zone,navigational,0.6005,,suburb research,0,8,12.9
understanding capital gains tax on an investment property,informational,0.878,,commercial,0,8,95.4
warner property growth,informational,0.6043,,suburb research,0,8,25.4
what is a capital gain tax on property,informational,1,,informational,0,8,82.2
what is capital gains tax on property,informational,1,,informational,0,8,83.4
what is cgt on property,informational,1,,informational,0,8,82.5
where is highgate,informational,0.5837,,informational,0,8,26.9
whole home renovation cost,commercial,0.7763,,commercial,0,8,75.8
woodford postcode qld,informational,0.5295,,informational,0,8,6.9
woolloongabba qld 4102,informational,0.577,,informational,0,8,36.6
yarrunga victoria,informational,0.8764,,informational,0,8,10
2038 postcode nsw,informational,0.5989,,informational,0,7,7.9
3310 postal code,informational,0.8004,,informational,0,7,5.9
3981 postcode victoria,navigational,0.5962,,informational,0,7,9.7
4118 qld,informational,0.5691,,informational,0,7,12.3
4506 qld,informational,0.7233,,informational,0,7,14.1
4551 postcode qld,navigational,0.6281,,informational,0,7,9.4
7 yield on property,transactional,0.4345,,commercial,0,7,89.3
affordability checking,commercial,0.7816,,informational,0,7,93.6
agent commission victoria,navigational,0.8904,,commercial,0,7,26.7
agent fees canberra,commercial,0.9156,,commercial,0,7,38.4
agents fees selling house melbourne,commercial,0.815,,commercial,0,7,69.4
are bridging loans expensive,commercial,0.7074,,commercial,0,7,77.4
ato negative gearing,informational,0.6374,,informational,0,7,86.1
aussie borrowing calculator,informational,0.7982,,transactional,0,7,76.3
aussie home loans how much can i borrow,commercial,0.8365,,commercial,0,7,72.6
australia postal code,informational,0.9119,,informational,0,7,2.7
average cost of apartments in rhodes,commercial,0.9112,,commercial,0,7,32.6
average cost to remodel a kitchen in 2022,commercial,0.8992,,commercial,0,7,34.3
badagarang nsw,informational,0.828,,informational,0,7,16.1
balwyn median house price,commercial,0.5867,,commercial,0,7,34.4
balwyn north australia,informational,0.7184,,informational,0,7,54
bathroom and kitchen remodel cost,commercial,0.9171,,commercial,0,7,35.4
borrowing calculator aussie,transactional,0.6889,,transactional,0,7,90.6
bridging loan costs australia,commercial,0.993,,commercial,0,7,73.3
bridging loan interest rate,commercial,0.9208,,commercial,0,7,83.4
brisbane family suburbs,informational,0.7491,,suburb research,0,7,62.3
brisbane postcode 4000,navigational,0.7879,,informational,0,7,13.7
browns plains qld,informational,0.7261,,informational,0,7,68
buying a property in australia,transactional,0.9144,,informational,0,7,70.3
campsie property growth,informational,0.7223,,suburb research,0,7,27
capital gain on investment property,transactional,0.8384,,commercial,0,7,97
capital gain tax on property,informational,0.8234,,informational,0,7,76.4
capital gains on property sold,commercial,0.4976,,informational,0,7,67.9
capital gains tax on property in australia,informational,0.6066,,informational,0,7,67.1
capital gains tax on real estate,informational,0.861,,informational,0,7,51.1
caraban wa,informational,0.9329,,informational,0,7,12
cba borrowing capacity calculator,navigational,0.4212,,transactional,0,7,70.6
cgt property,navigational,0.5121,,informational,0,7,86
chipping norton nsw australia,commercial,0.4855,,informational,0,7,53.4
christmas island real estate,informational,0.6092,,informational,0,7,24
commbank borrowing power,transactional,0.4363,,commercial,0,7,77.9
commission estimator,commercial,0.9598,,transactional,0,7,81.9
cost to remodel house,informational,0.5536,,commercial,0,7,84.4
dakabin property growth,informational,0.5675,,suburb research,0,7,24.6
dandenong median house price,commercial,0.5745,,commercial,0,7,24.1
devon borough downs,informational,0.8159,,informational,0,7,11.7
dubbo nsw 2830,informational,0.4084,,informational,0,7,37
dural postcode nsw,informational,0.5142,,informational,0,7,8
eden hill rent estimate,navigational,0.5615,,commercial,0,7,23.3
edenhope population,informational,0.6736,,informational,0,7,10.7
elwood real estate agents,commercial,0.8289,,commercial,0,7,22
encumbrance on a property title,informational,0.942,,informational,0,7,80
find local property expert,transactional,0.8346,,informational,0,7,53
gosford postcode nsw,navigational,0.5861,,informational,0,7,12
grafton real estate agents,commercial,0.8733,,commercial,0,7,9.1
greenwald victoria,informational,0.8233,,informational,0,7,12.9
griffith real estate agents,commercial,0.4296,,commercial,0,7,7.6
gross yield calculator,transactional,0.4607,,transactional,0,7,64.7
gundagai population 2026,informational,0.935,,informational,0,7,9.3
hawthorn east median house price,commercial,0.5487,,commercial,0,7,11
highest growth subhurb western australia,informational,0.7117,,suburb research,0,7,39.3
home loan borrow calculator,informational,0.4112,,transactional,0,7,23.9
horsham property management,navigational,0.3933,,informational,0,7,44.4
how do i buy a house in australia,informational,0.9999,,commercial,0,7,76.9
how much are repayments on a 500k mortgage,informational,0.6602,,commercial,0,7,91.9
how much can i borrow car loan,commercial,0.5554,,commercial,0,7,92.7
how much can i borrow on 150k salary in australia,commercial,0.5583,,commercial,0,7,97.1
how much can i loan for a house,informational,0.9876,,commercial,0,7,21
how much can j,informational,0.9966,,commercial,0,7,74.4
how much can we borrow,informational,0.9997,,commercial,0,7,29.6
how much commission to sell a house,informational,0.5593,,commercial,0,7,63.6
how much commission to sell house,commercial,0.559,,commercial,0,7,67.7
how much does real estate agent charge,informational,0.5919,,transactional,0,7,49.9
how much is real estate commission,informational,0.9404,,commercial,0,7,65.4
how much is realtor commission,informational,0.9565,,commercial,0,7,72
how much money can i borrow for a mortgage,informational,0.9146,,commercial,0,7,20.3
how much will it cost to renovate a house,informational,0.8974,,commercial,0,7,84.4
humpybong australia,informational,0.9036,,informational,0,7,10.9
kingswood property growth,informational,0.3332,,suburb research,0,7,20.9
lake coogee suburb profile,informational,0.6476,,suburb research,0,7,46
listing agent commission,informational,0.4688,,transactional,0,7,49.3
living in moreton bay,informational,0.813,,informational,0,7,41.7
lysterfield south,informational,0.5608,,informational,0,7,20.3
mackenzie state school,informational,0.892,,suburb research,0,7,27.3
median house price berwick,commercial,0.4143,,commercial,0,7,48
median house price blackburn,informational,0.5308,,commercial,0,7,24.4
median house price buderim,informational,0.5508,,commercial,0,7,25.3
median house price parramatta,commercial,0.4668,,commercial,0,7,62.1
melbourne rental returns,informational,0.4436,,suburb research,0,7,61.7
monterey nsw,informational,0.5902,,informational,0,7,26.9
moorebank 2170,navigational,0.6578,,informational,0,7,15.6
moorebank nsw 2170,commercial,0.3589,,informational,0,7,19.7
moorebank sydney,navigational,0.6774,,informational,0,7,44.9
morayfield qld 4506 australia,informational,0.3951,,informational,0,7,21.4
mortgage brokers blanche harbor,commercial,0.9421,,commercial,0,7,19.1
mt pleasant postcode wa,navigational,0.8221,,informational,0,7,9.1
murray farm public school catchment,navigational,0.5493,,suburb research,0,7,28.9
nelson bay population,informational,0.9722,,informational,0,7,9.7
pooraka postcode sa,informational,0.7519,,informational,0,7,9.6
population burra sa,informational,0.9672,,informational,0,7,10.4
postal code 2170,informational,0.6199,,informational,0,7,5
postcode 2400 nsw,informational,0.5365,,informational,0,7,10.4
postcode 2540 nsw,informational,0.5326,,informational,0,7,8.4
pre approval calculator,transactional,0.9408,,transactional,0,7,96.1
principal and interest loan,commercial,0.6738,,commercial,0,7,97.4
procedure for buying a house,informational,0.9866,,informational,0,7,94.1
process of buying land in australia,informational,0.9051,,informational,0,7,70.1
property cgt,informational,0.7802,,informational,0,7,88.1
property gain tax australia,informational,0.8371,,informational,0,7,93.6
property management magill,informational,0.8497,,informational,0,7,39
property valuation marrickville,commercial,0.5991,,transactional,0,7,54.4
property valuation oran park,commercial,0.6588,,transactional,0,7,51.1
qld real estate commission,informational,0.6558,,commercial,0,7,72.3
queanbeyan postcode australia,navigational,0.53,,informational,0,7,11.3
rate of return calculator real estate,commercial,0.5271,,transactional,0,7,83.9
real estate agencies ingleburn,commercial,0.9478,,commercial,0,7,5.7
real estate agent cost to sell home,commercial,0.8395,,commercial,0,7,61.1
real estate agent selling fees,commercial,0.8783,,commercial,0,7,60.6
real estate agents goulburn,commercial,0.8779,,transactional,0,7,19.7
real estate agents yangebup,commercial,0.7218,,transactional,0,7,7.7
real estate capital gains tax,informational,0.957,,informational,0,7,81.6
real estate commission rates,commercial,0.8132,,commercial,0,7,63.1
real estate commission rates australia,commercial,0.8846,,commercial,0,7,82.6
realestate agent fees,commercial,0.7886,,transactional,0,7,51.9
rental appraisal booragoon,transactional,0.4976,,transactional,0,7,15.7
rental valuation booragoon,informational,0.5715,,transactional,0,7,12.6
rental valuation shelley,navigational,0.3304,,transactional,0,7,18
renting out property in australia,commercial,0.3775,,informational,0,7,73.1
repayments on 500k mortgage australia,commercial,0.7136,,commercial,0,7,84.6
repayments on 600k mortgage,commercial,0.8762,,commercial,0,7,90.7
rothbury suburb profile,navigational,0.4676,,suburb research,0,7,24.3
sale postcode vic,informational,0.5533,,informational,0,7,10.4
search new home builder,commercial,0.5472,,commercial,0,7,68
secondary houses coolum,informational,0.5637,,informational,0,7,15.9
sell house australia,transactional,0.9618,,commercial,0,7,55.3
sellers title insurance cost,commercial,0.9702,,commercial,0,7,84.9
selling houses in australia,transactional,0.5,,commercial,0,7,54.1
stamp duty calculator qld,informational,0.435,,transactional,0,7,92.3
sydney median house price by suburb,informational,0.5737,,commercial,0,7,54.6
thirroul population,informational,0.9311,,informational,0,7,10.1
toorak vic 3142,transactional,0.7419,,informational,0,7,51.9
what are the repayments on a 600k mortgage,informational,0.9684,,commercial,0,7,86.4
what mortgage can i afford calculator,commercial,0.4989,,transactional,0,7,87.6
where is badagarang,informational,0.9379,,informational,0,7,11.3
where is taigum qld,informational,0.7085,,informational,0,7,28.4
will home renovation costs go down in 2023,commercial,0.7716,,commercial,0,7,72.9
yea population,informational,0.9894,,informational,0,7,10.4
%site.logan.qld.gov.au browns plains suburb,navigational,0.7614,,suburb research,0,6,2.2
1 rouse avenue cambewarra village nsw 2540,commercial,0.3157,,informational,0,6,70.7
2/2 braemar road buderim qld 4556,navigational,0.8695,,informational,0,6,24.5
2141 nsw,informational,0.4868,,informational,0,6,15.7
2400 postcode nsw,informational,0.5161,,informational,0,6,11.5
400000 mortgage repayments,commercial,0.4955,,commercial,0,6,85.2
500 000 mortgage repayments,commercial,0.7421,,commercial,0,6,91.2
5114 postcode sa,navigational,0.6393,,informational,0,6,9.8
acacia ridge postcode qld,navigational,0.5177,,informational,0,6,9.5
agency property guides,commercial,0.6627,,commercial,0,6,9.2
agent fee for selling property,transactional,0.5324,,commercial,0,6,35
agent fees hobart,commercial,0.9136,,commercial,0,6,28.2
airlie beach population 2026,informational,0.9045,,informational,0,6,10.2
airlie beach queensland 4802 australia,navigational,0.3352,,informational,0,6,31
annandale sydney,informational,0.6036,,informational,0,6,64.8
apartment renovation cost,commercial,0.626,,commercial,0,6,79.3
artarmon public school catchment,navigational,0.7949,,suburb research,0,6,42
austral property growth,informational,0.7851,,suburb research,0,6,30
australian capital gains tax on property,informational,0.7113,,informational,0,6,90.7
average real estate commission nsw,commercial,0.6431,,commercial,0,6,61
banksia 2216,informational,0.5864,,informational,0,6,11.8
banksia nsw,informational,0.4925,,informational,0,6,28.3
baulkham hills median house price,commercial,0.7115,,commercial,0,6,48
berwick median house price,commercial,0.4121,,commercial,0,6,47.2
best suburb to live in brisbane for families,commercial,0.9424,,commercial,0,6,72.5
bondi population,informational,0.9862,,informational,0,6,35
boondall rental yield,commercial,0.4362,,commercial,0,6,40.2
bridging loan interest rates,commercial,0.9913,,commercial,0,6,82.3
bridging mortgage,commercial,0.6765,,commercial,0,6,92.8
brighton sa median house price,commercial,0.7615,,commercial,0,6,33
brisbane stamp duty,informational,0.745,,commercial,0,6,99.7
buyers agent brisbane fee,commercial,0.5431,,transactional,0,6,81.5
buyers agent fees melbourne,commercial,0.7228,,transactional,0,6,89.3
"buying a property for dummies, australian edition",informational,0.6303,,informational,0,6,38.5
calculator for investment property,commercial,0.5942,,transactional,0,6,91.3
camberwell postcode melbourne,navigational,0.8194,,informational,0,6,17.7
cannington rent estimate,navigational,0.7063,,commercial,0,6,28.2
canterbury median house price,informational,0.6906,,commercial,0,6,40
capital gain tax for residential property,informational,0.6323,,informational,0,6,77
capital gains tax on property sale,transactional,0.815,,informational,0,6,72.8
capital gains tax real estate,commercial,0.8019,,informational,0,6,72.2
carcoar,informational,0.4673,,informational,0,6,3
casuarina nsw,informational,0.826,,informational,0,6,36
cgt and property,informational,0.5074,,informational,0,6,62.7
chillagoe population,informational,0.6674,,informational,0,6,11.7
chipping norton postal code,transactional,0.6129,,informational,0,6,8
claymore nsw,informational,0.3925,,informational,0,6,36
compulsory acquisition,informational,0.7707,,informational,0,6,60
contract of sale,transactional,0.9448,,informational,0,6,20.2
cost of selling a house in victoria calculator,commercial,0.5622,,transactional,0,6,34.7
east hawthorn melbourne,informational,0.5477,,informational,0,6,70
echuca real estate agents,commercial,0.8423,,commercial,0,6,15.7
eight mile plains,informational,0.9254,,informational,0,6,39
elwood real estate agencies,commercial,0.9131,,commercial,0,6,3.5
fees when selling a house,commercial,0.5686,,commercial,0,6,16.8
ferntree gully postcode 3158,informational,0.4876,,informational,0,6,8.2
first home buyer land releases qld,transactional,0.9317,,informational,0,6,34.2
fixed fee real estate,commercial,0.693,,commercial,0,6,63.3
forestville median house price,informational,0.5871,,commercial,0,6,14.7
form 2 business sale,transactional,0.9935,,informational,0,6,8.2
full house remodel cost,commercial,0.9452,,commercial,0,6,78.5
gregory hills postcode nsw,navigational,0.7448,,informational,0,6,17.7
harrismith postal code,navigational,0.7345,,informational,0,6,7.3
hawthorn postcode vic,informational,0.5753,,informational,0,6,10.8
home affordability calculator,commercial,0.6195,,transactional,0,6,84.3
home buyer's guide,informational,0.6978,,informational,0,6,55.3
home renovation costs,informational,0.602,,commercial,0,6,89
home sale appraisal,commercial,0.5646,,transactional,0,6,72
house affordability,informational,0.522,,informational,0,6,47.7
house for sale north lakes,transactional,0.4595,,transactional,0,6,31.5
house renovation costs,informational,0.5923,,commercial,0,6,81.7
housing loan affordability calculator,commercial,0.7577,,transactional,0,6,92.2
how do you buy a house in australia,informational,1,,commercial,0,6,76.7
how much am i able to borrow for a mortgage,informational,0.9477,,commercial,0,6,71.3
how much are repayments on a 600k mortgage,informational,0.7506,,commercial,0,6,87.7
how much can i borrow for a mortgage in australia,informational,0.8889,,commercial,0,6,83.3
how much can i borrow loan personal,commercial,0.6602,,commercial,0,6,21.7
how much can i borrow mortgage calculator,informational,0.461,,transactional,0,6,44.2
how much can i borrow self employed,commercial,0.7778,,commercial,0,6,99.3
how much could i borrow calculator,informational,0.6033,,transactional,0,6,61.8
how much home can we afford,informational,0.9439,,commercial,0,6,78.8
how much house could i afford,informational,0.8107,,commercial,0,6,88
how much i can borrow personal loan,commercial,0.5184,,commercial,0,6,19.5
how much money can i borrow for a home loan,informational,0.9288,,commercial,0,6,19.8
how to buy house in australia,informational,0.9996,,commercial,0,6,79
how to calculate mortgage,informational,1,,commercial,0,6,99
how to figure out yield,informational,1,,commercial,0,6,76.3
how to rentvest,informational,0.9998,,informational,0,6,68.7
how to sell a house privately,informational,0.997,,commercial,0,6,30.5
how to sell property brisbane,informational,0.5323,,commercial,0,6,85.3
is cessnock a good place to invest,commercial,0.9205,,commercial,0,6,77.3
isabella plains,informational,0.9269,,informational,0,6,41
jordanville,informational,0.8945,,informational,0,6,37.3
kangaroo island real estate,navigational,0.298,,informational,0,6,28.5
kensington median house price,informational,0.5739,,commercial,0,6,34.8
kings langley nsw median house price 2026,commercial,0.6559,,commercial,0,6,10.3
lakemba property growth,informational,0.528,,suburb research,0,6,25.3
lapstone,informational,0.6296,,informational,0,6,17.3
lending calculator,commercial,0.484,,transactional,0,6,84.7
lidcombe postal code,navigational,0.5442,,informational,0,6,11.3
lidcombe postcode nsw,navigational,0.7037,,informational,0,6,10.5
loan borrowing power,informational,0.5404,,commercial,0,6,19.5
main beach southport property prices rise 15% southport main beach southport property prices rise main beach median house,commercial,0.9129,,commercial,0,6,10.5
maitland sa,informational,0.663,,informational,0,6,17
median house price lane cove,commercial,0.5635,,commercial,0,6,45.3
median house price narre warren,informational,0.4369,,commercial,0,6,65.8
median house price nsw,informational,0.6332,,commercial,0,6,57.2
melbourne rental yield,navigational,0.4881,,commercial,0,6,85.7
midvale postcode wa,navigational,0.6711,,informational,0,6,9.2
monthly repayments on 600k mortgage,commercial,0.8774,,commercial,0,6,81.5
morayfield 4506,navigational,0.6993,,informational,0,6,21.3
morayfield qld map,informational,0.537,,informational,0,6,65.3
moreton bay suburbs,informational,0.86,,suburb research,0,6,38.5
mortgage brokers beebo,commercial,0.6008,,commercial,0,6,30.5
mortgage interest calculator,informational,0.4942,,transactional,0,6,98.8
mortgage loan affordability,commercial,0.9221,,commercial,0,6,89.2
mortgage loan approval calculator,navigational,0.823,,transactional,0,6,86
mortgage repayments on 500k,commercial,0.7479,,commercial,0,6,91
mortgage serviceability calculator,commercial,0.5054,,transactional,0,6,78
mount hutton,informational,0.9174,,informational,0,6,16.7
nab borrowing capacity,transactional,0.9625,,commercial,0,6,70.8
narellan vale,informational,0.666,,informational,0,6,62.8
negative gearing in australia,informational,0.5959,,informational,0,6,88.7
nsw real estate commission calculator,informational,0.6465,,transactional,0,6,26
oatlands postcode nsw,informational,0.5518,,informational,0,6,8.3
ocean grove real estate growth,informational,0.4644,,suburb research,0,6,29.2
pascoe vale south,informational,0.5258,,informational,0,6,56.2
pascoe vale south median house price,commercial,0.6499,,commercial,0,6,30.5
pascoe vale to essendon,transactional,0.8379,,informational,0,6,16.7
perth property prices,informational,0.4818,,commercial,0,6,48.2
population of morayfield,informational,0.7931,,informational,0,6,12.2
port melbourne property investment,commercial,0.661,,commercial,0,6,37.8
portland postcode vic,informational,0.5735,,informational,0,6,10.3
postcode 2557 suburb,navigational,0.6368,,informational,0,6,6.8
postcode 3124 victoria,informational,0.503,,informational,0,6,9.5
postcode 3142 victoria,navigational,0.5275,,informational,0,6,10
postcode 4005 queensland,navigational,0.5369,,informational,0,6,8.7
postcode 4122 suburb,navigational,0.5625,,informational,0,6,10.8
postcode mickleham 3064,navigational,0.724,,informational,0,6,10.5
prahran real estate agents,commercial,0.7183,,commercial,0,6,17.5
property appraisal hawkesbury,commercial,0.5756,,transactional,0,6,5.7
property expert directory,commercial,0.735,,informational,0,6,95.3
property guides,commercial,0.694,,informational,0,6,3.5
property market reports australia,commercial,0.5399,,suburb research,0,6,58.5
property price guide,informational,0.5233,,commercial,0,6,22.8
property valuation campsie,commercial,0.6693,,transactional,0,6,36.5
property value vic,informational,0.7302,,commercial,0,6,57.7
pymble median house price,informational,0.4099,,commercial,0,6,41
queensland first home buyers guide,commercial,0.7027,,informational,0,6,65.8
radford term dates,informational,0.8648,,informational,0,6,42.3
real estate agent lane cove,navigational,0.7973,,commercial,0,6,9
real estate agents,informational,0.6011,,commercial,0,6,2.7
real estate agents ambarvale,commercial,0.7672,,transactional,0,6,2.7
real estate agents fees calculator,commercial,0.3766,,transactional,0,6,81.7
real estate agents kensington,commercial,0.6363,,transactional,0,6,24.3
real estate agents kyogle,informational,0.4401,,transactional,0,6,14.7
real estate agents rhodes,commercial,0.5529,,transactional,0,6,10.5
real estate fee,informational,0.6658,,commercial,0,6,44.5
real estate fees for selling,commercial,0.827,,commercial,0,6,60.7
real estate fees victoria,commercial,0.3617,,commercial,0,6,40.3
real estate rates for selling,commercial,0.9204,,commercial,0,6,39.3
real estate selling costs calculator,commercial,0.6114,,transactional,0,6,1.8
real estate tax capital gains,informational,0.9175,,informational,0,6,83.8
renovation cost melbourne,commercial,0.6214,,commercial,0,6,89.3
rent yield,informational,0.6826,,commercial,0,6,65
rental appraisal maida vale,transactional,0.565,,transactional,0,6,17.3
rental appraisal port melbourne,commercial,0.3412,,transactional,0,6,42.3
rental appraisal stirling,navigational,0.3654,,transactional,0,6,20.5
rental appraisals petrie,commercial,0.3211,,suburb research,0,6,20.5
rental management tom price,commercial,0.9538,,commercial,0,6,25
rental return melbourne,navigational,0.744,,suburb research,0,6,77
rental yield calculation for property,transactional,0.4281,,commercial,0,6,58.5
repayments on 600k mortgage australia,commercial,0.7831,,commercial,0,6,87.2
richmond median house price,informational,0.7927,,commercial,0,6,38.3
roseville nsw,informational,0.5898,,informational,0,6,67.5
sale of land act s32,informational,0.5445,,informational,0,6,19.3
sale of property capital gains tax,transactional,0.9591,,informational,0,6,52
section 32 statement,informational,0.7714,,informational,0,6,68.5
sell my house goodna,transactional,0.9989,,commercial,0,6,1.5
selling a house in queensland,transactional,0.6594,,commercial,0,6,79.5
selling a house real estate fees,transactional,0.6717,,commercial,0,6,51.5
selling costs for a house,commercial,0.5499,,commercial,0,6,11.3
selling property in australia,transactional,0.5533,,commercial,0,6,76.8
somerville postcode victoria,navigational,0.6627,,informational,0,6,7.8
springfield high school,informational,0.9138,,suburb research,0,6,38.8
stamp duty in qld for investment property,commercial,0.7383,,commercial,0,6,97.5
stamp duty on investment property qld,transactional,0.5064,,commercial,0,6,98.5
stamp duty qld calculator,informational,0.4824,,transactional,0,6,91.8
stockton postcode nsw,informational,0.5365,,informational,0,6,23
subdivision jamestown,informational,0.7485,,informational,0,6,77.3
sunnyside sa,informational,0.8405,,informational,0,6,11.5
surfers paradise 4217 australia,informational,0.5861,,informational,0,6,35.5
surfers paradise population 2026,informational,0.8861,,informational,0,6,11.7
terrigal real estate agents,informational,0.6101,,commercial,0,6,6.3
three springs population,informational,0.9949,,informational,0,6,10.2
toorak vic australia,informational,0.4229,,informational,0,6,45.8
tullimbar,informational,0.8233,,informational,0,6,44.3
tumbi umbi,informational,0.958,,informational,0,6,27.2
unley postcode sa,navigational,0.5415,,informational,0,6,9.3
upgrading or downsizing real estate,commercial,0.8037,,informational,0,6,19.5
vic 3142,transactional,0.6276,,informational,0,6,19.3
wahroonga median house price,informational,0.5481,,commercial,0,6,46.5
what can i borrow mortgage,informational,0.9985,,commercial,0,6,21.8
what does body corporate cover,informational,0.9754,,informational,0,6,88.7
what is a real estate agents commission,informational,0.9999,,transactional,0,6,49.3
what is section 32,informational,0.9959,,informational,0,6,76.3
what mortgage can i afford,informational,0.8725,,commercial,0,6,55.7
where is buderim,informational,0.8581,,informational,0,6,34.7
where is taigum,informational,0.9668,,informational,0,6,21.3
where is taigum in brisbane,informational,0.4165,,informational,0,6,23
which rate is better fixed or variable,commercial,0.7451,,informational,0,6,90.8
yangebup suburb profile,informational,0.5738,,suburb research,0,6,40.5
your property,informational,0.9748,,informational,0,6,26.5
"""ajuga school"" ""teaching staff""",informational,0.566,,suburb research,0,5,10
$200k renovation before and after,informational,0.6223,,informational,0,5,26.8
12 burnt bridge road burnt bridge nsw 2440,informational,0.4506,,informational,0,5,21.8
2232 postcode nsw,informational,0.5751,,informational,0,5,12.4
2620 postcode nsw,informational,0.5418,,informational,0,5,12.2
3752 postcode victoria,navigational,0.5393,,informational,0,5,10.6
5000 postcode australia,informational,0.7365,,informational,0,5,10
agency fee real estate,commercial,0.6026,,commercial,0,5,58.2
agent fees for selling property,commercial,0.9225,,commercial,0,5,38.2
agent fees nsw,commercial,0.9187,,commercial,0,5,20.4
agent selling fees,commercial,0.894,,commercial,0,5,59.4
agents commission calculator nsw,commercial,0.6967,,transactional,0,5,35.8
agents fee for selling house,commercial,0.7169,,commercial,0,5,36.6
agents fees for selling a house,commercial,0.8539,,commercial,0,5,48
agents fees for selling property,commercial,0.9556,,commercial,0,5,49.4
agents selling fees,commercial,0.9666,,commercial,0,5,16
australian mortgage calculator,informational,0.6937,,transactional,0,5,93.8
australian regions,informational,0.9954,,informational,0,5,68.2
average listing agent commission,commercial,0.7311,,transactional,0,5,60.8
average property tax rates by state,informational,0.9385,,informational,0,5,80.4
average real estate agent commission,commercial,0.7485,,transactional,0,5,47.2
average rent in perth australia,informational,0.3674,,suburb research,0,5,66.4
average repayments on 500k mortgage,commercial,0.8647,,commercial,0,5,71.6
baldivis postcode wa,navigational,0.6109,,informational,0,5,12.8
balwyn north vic 3104,informational,0.4924,,informational,0,5,50.4
banksia nsw 2216,navigational,0.7277,,informational,0,5,15.2
bayswater postcode perth,navigational,0.6183,,informational,0,5,9.4
beard act,informational,0.9975,,informational,0,5,11.4
berry property market,commercial,0.6122,,suburb research,0,5,34.8
blackburn median house price,informational,0.5228,,commercial,0,5,25.8
bondi postcode sydney,navigational,0.632,,informational,0,5,16.4
bondi suburb,informational,0.7391,,suburb research,0,5,67.8
borrow calculator,transactional,0.9977,,transactional,0,5,96
borrowing calculator cba,transactional,0.7778,,transactional,0,5,92
borrowing capacity anz,informational,0.7194,,commercial,0,5,95.2
borrowing capacity calculator cba,navigational,0.4609,,transactional,0,5,90.8
borrowing power calculator nab,transactional,0.9505,,transactional,0,5,48.4
boulia population,informational,0.9768,,informational,0,5,13.6
bredbo population,informational,0.9249,,informational,0,5,11
bridging loan cost,commercial,0.9609,,commercial,0,5,75.4
brighton median house price,informational,0.3402,,commercial,0,5,55
brisbane 4000 postcode,navigational,0.7662,,informational,0,5,11.2
brookvale postcode australia,navigational,0.7332,,informational,0,5,9
browns plains 4118,informational,0.4342,,informational,0,5,46.4
browns plains brisbane,informational,0.5716,,informational,0,5,66
burra sa,informational,0.9614,,informational,0,5,2.4
buy property in australia,transactional,0.9997,,commercial,0,5,63.6
buying a,transactional,0.9789,,informational,0,5,49.8
buying australian,transactional,0.9954,,informational,0,5,60.8
buying house in australia,informational,0.4819,,informational,0,5,73.6
byron bay real estate market,informational,0.5697,,suburb research,0,5,46
cairns postcode 4870,navigational,0.6638,,informational,0,5,16.8
calculate yield on property,transactional,0.9699,,commercial,0,5,65.2
calculator borrowing power,transactional,0.7581,,transactional,0,5,66.4
capital gains and real estate,commercial,0.8697,,informational,0,5,81.2
capital gains tax exemptions on property,commercial,0.838,,informational,0,5,43.6
capital gains tax on investment property,transactional,0.3982,,commercial,0,5,97.8
capital gains tax on selling property,transactional,0.6409,,commercial,0,5,35.8
carlton median house price,navigational,0.4999,,commercial,0,5,24.6
cavan postcode sa,informational,0.5249,,informational,0,5,10.6
christmas island houses,informational,0.7358,,informational,0,5,29.2
claymore sydney,informational,0.7429,,informational,0,5,38.6
co-educational school ropeley,informational,0.4568,,suburb research,0,5,74
commission charged by real estate agents,commercial,0.8605,,commercial,0,5,64.6
commission for selling house,transactional,0.4856,,commercial,0,5,60
commission house sale,transactional,0.9458,,commercial,0,5,45
commission on house sale,transactional,0.3273,,commercial,0,5,39
commission rate real estate,commercial,0.889,,commercial,0,5,57.4
common mistakes first home buyers make,informational,0.6734,,informational,0,5,97
complete house renovation cost,commercial,0.7765,,commercial,0,5,83.6
coomera median house price,informational,0.5014,,commercial,0,5,45.8
cootamundra,informational,0.8778,,informational,0,5,2.6
cost of renovation,informational,0.7852,,commercial,0,5,92.8
cost of selling a house calculator,commercial,0.4861,,transactional,0,5,21.2
cowes postcode vic,informational,0.5516,,informational,0,5,9
darcy road public school ranking,informational,0.7426,,suburb research,0,5,14.2
davoren park suburb profile,informational,0.6216,,suburb research,0,5,27.8
deception bay property market,commercial,0.5888,,suburb research,0,5,36.4
define dual occupancy,informational,1,,informational,0,5,73.4
dual occupancy dwelling,informational,0.8992,,informational,0,5,82.2
dubbo real estate agents,commercial,0.9151,,commercial,0,5,45.2
elderslie nsw,informational,0.7369,,informational,0,5,39.8
erskine park real estate market,informational,0.4279,,suburb research,0,5,33.2
estate agent costs,commercial,0.9668,,transactional,0,5,53
estimate borrowing power,informational,0.6326,,commercial,0,5,81.8
estimate realtor fees,commercial,0.4903,,commercial,0,5,82.6
fees of selling a house,informational,0.6793,,commercial,0,5,13
find an agent to sell my house,transactional,0.9999,,commercial,0,5,65.4
finding a real estate agent to buy a house,transactional,0.996,,commercial,0,5,77.4
first home gurantee,informational,0.5373,,informational,0,5,54.8
fixed commission real estate,commercial,0.7586,,commercial,0,5,63
fixed fee real estate agents,commercial,0.9394,,commercial,0,5,53.2
fixtures and fittings,commercial,0.44,,informational,0,5,68.8
flat fee real estate agent,commercial,0.5139,,commercial,0,5,68.8
flemington postcode vic,informational,0.4929,,informational,0,5,7.8
forestville nsw 2087,informational,0.5636,,informational,0,5,34.6
frankston property growth,informational,0.7245,,suburb research,0,5,70.8
frankston vic 3199,navigational,0.6055,,informational,0,5,32.6
frenchs forest median house price,commercial,0.5027,,commercial,0,5,55.4
geebung property growth,informational,0.5559,,suburb research,0,5,28.2
geelong rental market,commercial,0.7816,,suburb research,0,5,22.8
greenfield park nsw,informational,0.4727,,informational,0,5,39
gst and property,commercial,0.7095,,informational,0,5,37.6
hamilton hill suburb profile,informational,0.6748,,suburb research,0,5,34.2
hawthorn east vic,informational,0.6751,,informational,0,5,57.6
hazelmere postcode wa,navigational,0.5797,,informational,0,5,8.2
hem,navigational,0.5813,,informational,0,5,42.8
highgate wa 6003,navigational,0.6388,,informational,0,5,18.4
home appraisals huntingdale,commercial,0.7227,,informational,0,5,13.6
home loan calculator,informational,0.7605,,transactional,0,5,98.8
home sale commission,commercial,0.3634,,commercial,0,5,57
horningsea park,informational,0.6722,,informational,0,5,14.4
house affordability calculator,commercial,0.5571,,transactional,0,5,87.4
house growth calculator,commercial,0.3894,,transactional,0,5,88.6
house guide,informational,0.7286,,informational,0,5,10.2
house loan affordability,commercial,0.902,,commercial,0,5,96.2
house loan borrowing calculator,informational,0.4708,,transactional,0,5,35.2
how expensive of a home can i afford,informational,0.9683,,commercial,0,5,88
how expensive of a house can i afford,informational,0.9844,,commercial,0,5,89
how much agent charge for selling house,commercial,0.7434,,commercial,0,5,34.2
how much borrow,informational,0.9983,,commercial,0,5,22.8
how much can borrow,informational,0.9997,,commercial,0,5,21.8
how much can i borrow for a personal loan,informational,0.8574,,commercial,0,5,19.6
how much can i borrow from centrelink,commercial,0.7263,,commercial,0,5,85
how much can i borrow on 150k salary,commercial,0.5177,,commercial,0,5,67.6
how much can i borrow with 200k income australia,commercial,0.8143,,commercial,0,5,80.6
how much could i borrow home loan,informational,0.7221,,commercial,0,5,22
how much could i borrow personal loan,commercial,0.7385,,commercial,0,5,37.8
how much do buyers agents charge,commercial,0.8633,,transactional,0,5,85.8
how much does it cost to renovate,informational,0.9531,,commercial,0,5,69.4
how much is a mortgage,informational,0.9998,,commercial,0,5,95.6
how much is a real estate commission,informational,0.9583,,commercial,0,5,73
how much loan will i get,informational,0.7276,,commercial,0,5,33.2
how much real estate commission,informational,0.9733,,commercial,0,5,76.8
how much to sell a house,informational,0.9887,,commercial,0,5,94.8
how much will the bank loan me,informational,0.6626,,commercial,0,5,48
how much would a bank lend me,informational,0.7595,,commercial,0,5,38.8
how to buy land in australia,informational,0.9997,,commercial,0,5,80
how to find a real estate agent,informational,0.9996,,commercial,0,5,60.8
is essendon a good suburb,informational,0.532,,informational,0,5,55.8
karnup postcode wa,navigational,0.6547,,informational,0,5,9
kenmore qld,navigational,0.8133,,informational,0,5,71.8
kiama property market,commercial,0.526,,suburb research,0,5,49.6
kingston property market,informational,0.608,,suburb research,0,5,27.6
kippa ring qld,informational,0.5503,,informational,0,5,63.4
kirrawee,informational,0.7447,,informational,0,5,49.2
lamington kalgoorlie,informational,0.5165,,informational,0,5,9.4
lenders mortgage insurance,commercial,0.9797,,commercial,0,5,72.4
listing agent commission rate,commercial,0.6944,,commercial,0,5,67.6
liverpool 2170,informational,0.9166,,informational,0,5,30.2
liverpool median house price,informational,0.61,,commercial,0,5,22.4
loan affordability calculator,commercial,0.8944,,transactional,0,5,65
maitland sa population,informational,0.9129,,informational,0,5,14
malak postcode nt,informational,0.7146,,informational,0,5,10.8
marangaroo rent estimate,informational,0.4597,,commercial,0,5,28.6
market rent valuation,commercial,0.5283,,transactional,0,5,95.6
maryland nsw 2287,informational,0.6137,,informational,0,5,20
median house price australia by state,informational,0.7071,,commercial,0,5,66.8
median house price hervey bay,commercial,0.5649,,commercial,0,5,35.4
median house prices by suburb,informational,0.7316,,commercial,0,5,57.8
medindie,informational,0.9199,,informational,0,5,28
melbourne real estate agent fees,commercial,0.6785,,transactional,0,5,58.8
merrimac,informational,0.9103,,informational,0,5,55.4
mickleham vic,navigational,0.5073,,informational,0,5,59.4
miles property management,navigational,0.5118,,informational,0,5,38.8
moorebank australia,navigational,0.5631,,informational,0,5,54
"morayfield, qld 4506",navigational,0.553,,informational,0,5,18.6
mortgage affordability formula,commercial,0.636,,commercial,0,5,87.2
mortgage brokers barjarg,commercial,0.6295,,commercial,0,5,76.4
mortgage brokers carrajung south,commercial,0.9121,,commercial,0,5,54.8
mortgage calculator aussie,informational,0.6012,,transactional,0,5,75.2
mortgage calculator borrowing power,informational,0.4363,,transactional,0,5,83
mortgage loan borrowing calculator,informational,0.5847,,transactional,0,5,34.2
mortlake nsw,informational,0.7071,,informational,0,5,26
mosman park rent estimate,transactional,0.334,,commercial,0,5,27.6
moulamein population,informational,0.9838,,informational,0,5,11.4
mount gambier investment property,navigational,0.3539,,commercial,0,5,50.4
mount gambier property investment,informational,0.4138,,commercial,0,5,56.6
mount pleasant postcode wa,navigational,0.726,,informational,0,5,8.2
murwillumbah postcode nsw,navigational,0.6142,,informational,0,5,9.2
nab borrowing calculator,transactional,0.9593,,transactional,0,5,64.2
nelson bay postcode nsw,navigational,0.5754,,informational,0,5,8
net yield,informational,0.6317,,commercial,0,5,93.2
new farm postcode qld,informational,0.6509,,informational,0,5,9.6
no commission real estate,commercial,0.7818,,commercial,0,5,35
northbridge postcode perth,navigational,0.8496,,informational,0,5,8
nowra dt,informational,0.8941,,informational,0,5,86.2
nsw 2027 postcode,informational,0.7177,,informational,0,5,10.2
osr stamp duty calculator qld,informational,0.4811,,transactional,0,5,86.6
parrearra qld 4575,navigational,0.5716,,informational,0,5,13.4
payneham,informational,0.5441,,informational,0,5,34.6
penrith 2750,navigational,0.4613,,informational,0,5,49.6
perth house prices,informational,0.4159,,commercial,0,5,45
point cook suburb profile,commercial,0.4435,,suburb research,0,5,84.2
pooraka sa,informational,0.9514,,informational,0,5,45.4
postcode 3072 victoria,informational,0.5156,,informational,0,5,10
postcode 3073 victoria,informational,0.5554,,informational,0,5,10.6
postcode 3156 suburb,informational,0.4471,,informational,0,5,9
postcode 4551 qld,navigational,0.5342,,informational,0,5,10.6
price guide property,commercial,0.8696,,commercial,0,5,23.4
pricing a renovation,commercial,0.7548,,commercial,0,5,83.2
private school entrance exam ryde,commercial,0.5131,,suburb research,0,5,35.8
property capital gains tax,informational,0.9656,,informational,0,5,92.6
property portfolio bankstown,commercial,0.663,,informational,0,5,84.8
property renovation australia,commercial,0.645,,informational,0,5,77.2
property reports australia,informational,0.7849,,informational,0,5,62
property suburb report,informational,0.8047,,suburb research,0,5,75.2
property value guide,informational,0.8687,,commercial,0,5,29.2
purchasing property in australia,informational,0.5807,,informational,0,5,82.4
pymble real estate agents,commercial,0.789,,commercial,0,5,3.4
qld stamp duty calculator,informational,0.505,,transactional,0,5,92
qld stamp duty calculator osr,informational,0.4515,,transactional,0,5,87.4
qld stamp duty concession,transactional,0.8854,,commercial,0,5,87.8
queanbeyan postcode nsw,navigational,0.5846,,informational,0,5,13.2
queensland 4217,informational,0.7802,,informational,0,5,12.6
queensland contract of sale,transactional,0.5809,,informational,0,5,55.2
queensland stamp duty investment property,commercial,0.5489,,commercial,0,5,95.6
queensland stamp duty on property,informational,0.8496,,commercial,0,5,99.2
rate estate agents,commercial,0.6625,,commercial,0,5,30.8
real estate agent,informational,0.5517,,commercial,0,5,5
real estate agent bandiana,navigational,0.6756,,transactional,0,5,3
real estate agent commission calculator,navigational,0.6503,,transactional,0,5,67.2
real estate agent commission percentage,commercial,0.7174,,commercial,0,5,56.8
real estate agent commission victoria,navigational,0.8201,,commercial,0,5,35.8
real estate agent fees sa,commercial,0.7411,,commercial,0,5,56.2
real estate agent leads,informational,0.4448,,transactional,0,5,74.4
real estate agent percentage,informational,0.756,,transactional,0,5,84
real estate agents bandiana,commercial,0.8388,,transactional,0,5,6.4
real estate agents commission,informational,0.6715,,transactional,0,5,65.2
real estate agents commission nsw,commercial,0.7065,,commercial,0,5,30.4
real estate agents echuca,commercial,0.7847,,transactional,0,5,5.2
real estate agents griffith,navigational,0.5593,,transactional,0,5,7.6
real estate agents in yangebup,commercial,0.8478,,transactional,0,5,9.6
real estate agents moree,commercial,0.837,,transactional,0,5,16.4
real estate agents prahran,commercial,0.7547,,transactional,0,5,4
real estate agents pymble,commercial,0.5721,,transactional,0,5,10
real estate commission australia,informational,0.697,,commercial,0,5,63.2
real estate commission calculator qld,navigational,0.5144,,transactional,0,5,62.4
real estate fees melbourne,commercial,0.5104,,commercial,0,5,48
real estate fees selling house calculator,commercial,0.3757,,transactional,0,5,41.4
real estate fees when selling,informational,0.5881,,commercial,0,5,56
real estate leads for new agents australia,commercial,0.8729,,transactional,0,5,85.2
real estate selling fees nsw,commercial,0.8076,,commercial,0,5,26.4
red hill act,informational,0.9925,,informational,0,5,31.8
remodeling entire house cost,commercial,0.7228,,commercial,0,5,71
renovation budget,informational,0.6645,,informational,0,5,85.8
renovation costs gold coast,commercial,0.9088,,commercial,0,5,88.8
rental appraisal eden hill,navigational,0.5098,,transactional,0,5,18.2
rental appraisal shelley,navigational,0.5082,,transactional,0,5,20.4
rental city,informational,0.5987,,suburb research,0,5,43.4
rental managers kirwan,commercial,0.7748,,suburb research,0,5,45.4
rental property advice norwood sa,commercial,0.6481,,suburb research,0,5,51
rental valuation bentley,commercial,0.379,,transactional,0,5,27.6
rentals north geelong,transactional,0.7259,,informational,0,5,22.6
reservoir suburb,informational,0.8824,,suburb research,0,5,84.6
restrictive covenant,informational,0.8879,,informational,0,5,78.8
riverglades sa,informational,0.7751,,informational,0,5,12.2
rockingham dc,informational,0.783,,informational,0,5,9
rosebud property growth,commercial,0.6047,,suburb research,0,5,33.4
sale of land act section 32,informational,0.5625,,informational,0,5,40.6
sell house agent fee,transactional,0.9247,,transactional,0,5,54.8
sell my house australia,transactional,0.9411,,commercial,0,5,40
seller agent fee,commercial,0.7639,,transactional,0,5,42
selling agent fees,transactional,0.7163,,transactional,0,5,29
selling property and capital gains tax,commercial,0.8066,,commercial,0,5,40.8
shelley primary school,navigational,0.5996,,suburb research,0,5,33.6
shelley rent estimate,navigational,0.557,,commercial,0,5,22.4
should i fix my home loan or stay variable in 2026?,informational,0.5339,,commercial,0,5,9
south melbourne median house price,commercial,0.4188,,commercial,0,5,32.8
springfield postcode qld,informational,0.6581,,informational,0,5,8.6
stamp duty australia calculator,informational,0.5718,,transactional,0,5,86.2
strata title property settlements,commercial,0.7509,,informational,0,5,93.8
taigum brisbane,informational,0.4997,,informational,0,5,40.2
taigum suburb profile,informational,0.8296,,suburb research,0,5,32.2
tarneit schools,informational,0.5258,,suburb research,0,5,82.6
the bluff qld,informational,0.826,,informational,0,5,12
to sell a house,transactional,0.9981,,commercial,0,5,70.2
tomakin postcode nsw,navigational,0.5385,,informational,0,5,9
toorak 3142,informational,0.6387,,informational,0,5,42.2
toorak house prices,informational,0.5393,,commercial,0,5,21
toorak property prices,informational,0.5566,,commercial,0,5,24.8
toorak suburb,informational,0.7768,,suburb research,0,5,65.6
toorak suburb profile,informational,0.7309,,suburb research,0,5,26.4
toorak victoria australia,informational,0.6186,,informational,0,5,51.4
treeby conveyancing,commercial,0.4922,,commercial,0,5,90.4
under offer vs under contract,informational,0.9977,,commercial,0,5,6
upgrading,informational,0.5233,,informational,0,5,42
urangan postcode qld,informational,0.6019,,informational,0,5,10.8
vic 3167,transactional,0.7206,,informational,0,5,21
victory heights,informational,0.8648,,informational,0,5,19.4
warroo nsw,informational,0.8274,,informational,0,5,11.6
wellington property market,informational,0.6881,,suburb research,0,5,55.2
werrington downs nsw,informational,0.7949,,informational,0,5,28.6
what home loan can i afford,informational,0.6225,,commercial,0,5,66.4
what house can i afford australia,commercial,0.7475,,informational,0,5,56.6
what is my borrowing capacity,informational,0.9994,,commercial,0,5,47.6
where is arundel qld,informational,0.9153,,informational,0,5,32.6
where is cromer nsw,informational,0.4672,,informational,0,5,36.8
where is morayfield queensland,commercial,0.563,,informational,0,5,37
where is mortlake nsw,informational,0.7294,,informational,0,5,20.6
which suburbs are the cheapest to buy in australia,commercial,0.8839,,commercial,0,5,48
whole house remodel cost,commercial,0.9471,,commercial,0,5,90.8
winslow victoria,informational,0.6756,,informational,0,5,23.8
woodstock postcode vic,informational,0.6321,,informational,0,5,8.8
woodvale perth,navigational,0.6766,,informational,0,5,54.6
woodvale wa,informational,0.6365,,informational,0,5,48.2
woodvale wa 6026,navigational,0.5794,,informational,0,5,35.6
yield on a property,transactional,0.8016,,commercial,0,5,61.2
your mortgage calculator,navigational,0.6158,,transactional,0,5,95
"""ajuga school"" ""full-time equivalent teaching staff""",commercial,0.8706,,suburb research,0,4,1.8
"""henbury school"" ""teaching staff""",informational,0.6948,,suburb research,0,4,11
1050 schoolhouse lane ladys pass vic 3523,navigational,0.8035,,informational,0,4,27
115 lilli pilli point road lilli pilli nsw 2229,transactional,0.5597,,informational,0,4,27.8
12-32 oxford street burwood nsw 2134,commercial,0.533,,informational,0,4,14.2
2/15 oxford street kingscliff nsw 2487,transactional,0.416,,informational,0,4,22.8
206 sandy flat road brodribb river vic 3888,transactional,0.7197,,informational,0,4,23
2140 nsw,informational,0.5649,,informational,0,4,9.2
2140 postcode nsw,informational,0.5655,,informational,0,4,9.8
2170 sydney,navigational,0.5475,,informational,0,4,55
3232 postcode victoria,informational,0.5424,,informational,0,4,10.2
4000 postcode qld,informational,0.6477,,informational,0,4,8.8
4116 qld,informational,0.6478,,informational,0,4,20.5
4214 qld,informational,0.7717,,informational,0,4,15.2
4701 qld,informational,0.6742,,informational,0,4,4.2
4860 postcode qld,informational,0.5411,,informational,0,4,9.8
500 000 mortgage payment,commercial,0.4193,,commercial,0,4,93.5
600 000 mortgage repayments,commercial,0.8687,,commercial,0,4,87
6148 postcode wa,informational,0.5687,,informational,0,4,10.5
acacia ridge postal code,informational,0.667,,informational,0,4,18.2
agent commission nsw,navigational,0.4692,,commercial,0,4,22.5
agent fees for selling,commercial,0.8299,,commercial,0,4,48.2
agents commission nsw,commercial,0.3862,,commercial,0,4,24
agents fees to sell a house,transactional,0.6658,,commercial,0,4,55.2
agents selling fee,commercial,0.9279,,commercial,0,4,52
and call clause house contracts,transactional,0.9955,,informational,0,4,65.8
annandale crime rate,informational,0.9771,,suburb research,0,4,11
annandale nsw australia,informational,0.5436,,informational,0,4,56.5
anz calculator how much can i borrow,informational,0.5002,,transactional,0,4,76.2
appraisal,informational,0.602,,transactional,0,4,84.8
arana hills suburb profile,commercial,0.4565,,suburb research,0,4,54.2
ardrossan population,informational,0.9872,,informational,0,4,11.5
arundel population,informational,0.9744,,informational,0,4,10
aspley rental yields,informational,0.4982,,suburb research,0,4,36.5
aussie home loans borrowing calculator,informational,0.685,,transactional,0,4,79.5
austral suburb profile,informational,0.766,,suburb research,0,4,69.5
australia borrowing power calculator,informational,0.4797,,transactional,0,4,93.8
australia negative gearing,commercial,0.6235,,informational,0,4,78.5
average commission for real estate agent,commercial,0.8699,,commercial,0,4,65.5
average house price by suburb sydney,informational,0.5579,,commercial,0,4,64
average house price frenchs forest,commercial,0.4639,,commercial,0,4,56.8
average house price nsw,informational,0.6072,,commercial,0,4,63
average mortgage repayments,commercial,0.7627,,commercial,0,4,97.8
balywn north,navigational,0.719,,informational,0,4,82.5
bardwell park real estate agents,commercial,0.8628,,commercial,0,4,29
barham public school,informational,0.5585,,suburb research,0,4,16
barton act,informational,0.9982,,informational,0,4,27.8
batemans bay real estate agents,commercial,0.8971,,commercial,0,4,39.8
beaconsfield population,informational,0.9335,,informational,0,4,10.2
beaconsfield tasmania population,informational,0.6628,,informational,0,4,18.5
belmore river,informational,0.8969,,informational,0,4,19.8
best australian suburbs,informational,0.5645,,commercial,0,4,38.8
best rental yield gold coast,commercial,0.9426,,commercial,0,4,56.5
best suburb to live in australia,commercial,0.6832,,commercial,0,4,51
bondi junction postal code,navigational,0.5657,,informational,0,4,26.8
borrow money calculator,transactional,0.9595,,transactional,0,4,76
borrow mortgage calculator,transactional,0.8737,,transactional,0,4,77.5
borrow power,informational,0.7582,,commercial,0,4,36.5
borrowing calculator mortgage,informational,0.3753,,transactional,0,4,18
borrowing capacity calculator australia,navigational,0.483,,transactional,0,4,58.2
borrowing capacity nab,transactional,0.475,,commercial,0,4,96
borrowing power calcualtor,informational,0.7519,,commercial,0,4,58.8
borrowing power calculatir,informational,0.6704,,commercial,0,4,99.5
borrowing power calculator gross income,commercial,0.4733,,transactional,0,4,75.2
borrowing power calculator personal loan,transactional,0.5792,,transactional,0,4,78.2
borrowing power nab,transactional,0.7075,,commercial,0,4,77.2
braybrook vic,navigational,0.5755,,informational,0,4,86.5
bridging home loan,commercial,0.4799,,commercial,0,4,92.2
bridging loan interest rates australia,commercial,0.9944,,commercial,0,4,82
bridging loan terms,commercial,0.8641,,commercial,0,4,69.5
brighton sa property values 2026,commercial,0.6904,,informational,0,4,40.8
broken hill nsw 2880 australia,navigational,0.5962,,informational,0,4,48.8
browns plains postal code,informational,0.5522,,informational,0,4,9.2
buderim qld australia,informational,0.486,,informational,0,4,44.8
buderim qld map,navigational,0.5357,,informational,0,4,68.2
building renovation costs,informational,0.5246,,commercial,0,4,83.2
bulleen vic australia,informational,0.49,,informational,0,4,64.8
burra postcode sa,informational,0.6627,,informational,0,4,7.2
buyer agent commission percentage,informational,0.5359,,transactional,0,4,70.2
buyers agency fee,commercial,0.5335,,commercial,0,4,84.8
buyers agent lismore,navigational,0.6132,,transactional,0,4,59
buyers agent riverview,navigational,0.5781,,transactional,0,4,14.8
buyers agent sandringham,navigational,0.5059,,transactional,0,4,39
buyers agent summer hill,navigational,0.5185,,transactional,0,4,10.5
byron bay property growth,informational,0.6569,,suburb research,0,4,61.8
byron bay property market,informational,0.6179,,suburb research,0,4,61.8
cairns north,informational,0.7425,,informational,0,4,88
calculate affordability,transactional,0.7757,,commercial,0,4,81
calculate borrowing capacity,transactional,0.9661,,commercial,0,4,18.5
calculate mortgage,transactional,0.8566,,commercial,0,4,83.8
calculate my borrowing capacity,transactional,0.9506,,commercial,0,4,18.8
calculate yield,transactional,0.9695,,commercial,0,4,81
camberwell real estate agents,commercial,0.8647,,commercial,0,4,24.2
camberwell victoria 3124,navigational,0.4336,,informational,0,4,39.8
can i afford to buy a home,transactional,0.8638,,commercial,0,4,77.8
cape portland tasmania,informational,0.4856,,informational,0,4,3.2
capital gain,informational,0.8487,,informational,0,4,56.8
capital gain tax australia,informational,0.4902,,informational,0,4,60
capital gains,informational,0.8135,,informational,0,4,72.8
capital gains on investment property,commercial,0.6202,,commercial,0,4,98
capital gains tax for property sale,transactional,0.7882,,informational,0,4,70
capital gains tax on property,informational,0.9533,,informational,0,4,75
carina postcode qld,navigational,0.6115,,informational,0,4,10.5
carlisle postcode wa,navigational,0.9098,,informational,0,4,14.5
carmoo,informational,0.5593,,informational,0,4,13.2
cash rate australia history,informational,0.7605,,informational,0,4,60.8
castle hill median house price,commercial,0.3772,,commercial,0,4,43.2
cba borrowing capacity,informational,0.6319,,commercial,0,4,73
cba home loan borrowing calculator,navigational,0.6405,,transactional,0,4,79.8
cgt calculated on properties,informational,0.6003,,informational,0,4,82.8
chermside qld 4032 australia,navigational,0.6536,,informational,0,4,47.8
coffs harbour nsw 2450 australia,navigational,0.4159,,informational,0,4,64.5
college park,informational,0.86,,informational,0,4,34.8
commercial investment property calculator,commercial,0.7002,,transactional,0,4,99.5
commercial property stamp duty calculator qld,navigational,0.7089,,transactional,0,4,93.2
commission fee,commercial,0.9479,,commercial,0,4,68.2
commission fees for real estate agents,commercial,0.9737,,commercial,0,4,35.2
commission kickback rate,commercial,0.995,,commercial,0,4,75.8
commission on selling a house deagon,transactional,0.828,,commercial,0,4,48.8
commonwealth bank borrowing power,informational,0.7714,,commercial,0,4,86.5
compare cities,informational,0.7198,,commercial,0,4,83
compare real estate agent fees,commercial,0.9309,,transactional,0,4,43.2
compulsory acquisition australia,transactional,0.9188,,informational,0,4,57.8
concord median house price,informational,0.6843,,commercial,0,4,47.8
corbie hill,informational,0.7413,,informational,0,4,12
cost of selling a house through an estate agent,commercial,0.9001,,commercial,0,4,76.5
cost of selling property,informational,0.6907,,commercial,0,4,6.2
cowes property growth,informational,0.4999,,suburb research,0,4,19.2
craigmore sa,navigational,0.8362,,informational,0,4,44.5
cromer heights,informational,0.5775,,informational,0,4,16.5
cromer nsw,navigational,0.4511,,informational,0,4,39
cronulla postcode nsw,navigational,0.6323,,informational,0,4,8.8
dale district,informational,0.9115,,informational,0,4,12
deception bay median house price,commercial,0.6829,,commercial,0,4,24.8
deepdene melbourne,navigational,0.5483,,informational,0,4,56.5
deepdene real estate agents,commercial,0.8718,,commercial,0,4,11.2
denham court,informational,0.8374,,informational,0,4,39.5
doreen postal code,informational,0.6595,,informational,0,4,12.5
easement,transactional,0.6021,,informational,0,4,72.2
east killara australia,informational,0.888,,informational,0,4,50
eight mile plains state school,informational,0.7685,,suburb research,0,4,25.2
elwood median house price,informational,0.5318,,commercial,0,4,24.2
estate agent rates,commercial,0.7935,,transactional,0,4,56
fairlight 2094,informational,0.7152,,informational,0,4,14.2
ferntree gully median house price,commercial,0.3557,,commercial,0,4,53.8
find property expert,transactional,0.968,,informational,0,4,59.5
first home buyer australia,informational,0.422,,informational,0,4,67
first home buyer borrowing calculator,transactional,0.3807,,transactional,0,4,77
first home buyer nsw stamp duty,transactional,0.8637,,commercial,0,4,78.8
first home buyers grant qld stamp duty,transactional,0.9425,,commercial,0,4,80
first home guarantee 2023-24,commercial,0.8368,,commercial,0,4,70
fixed fee buyers agent,commercial,0.5338,,transactional,0,4,98.5
fixed interest,informational,0.946,,informational,0,4,57
for sale north lakes,transactional,0.5457,,transactional,0,4,16.5
foreign investment review board,commercial,0.6937,,commercial,0,4,62.5
forestville nsw,informational,0.6606,,informational,0,4,33.2
frankston 3199,informational,0.4739,,informational,0,4,38.5
full home renovation cost,commercial,0.751,,commercial,0,4,86
glenelg real estate agents,commercial,0.6909,,commercial,0,4,11.8
goombungee population,informational,0.99,,informational,0,4,13
goombungee qld,informational,0.8236,,informational,0,4,37.2
greendale nsw,informational,0.6759,,informational,0,4,23.8
greenwich schools,informational,0.82,,suburb research,0,4,32.5
griffin property market,informational,0.5151,,suburb research,0,4,24.2
gross yield calculation,informational,0.7931,,commercial,0,4,93.2
gst on stamp duty,informational,0.8232,,commercial,0,4,29.5
guanaba gold coast,informational,0.8532,,informational,0,4,41.5
guanaba qld,informational,0.8798,,informational,0,4,21.2
gumly gumly,informational,0.767,,informational,0,4,17.5
gumly gumly nsw,informational,0.4041,,informational,0,4,21
hawthorn property growth,informational,0.593,,suburb research,0,4,29
hawthorn suburb profile,informational,0.7411,,suburb research,0,4,38.2
herdsman wa,informational,0.7761,,informational,0,4,51.5
highgate western australia,navigational,0.6524,,informational,0,4,38
hilltown sa,informational,0.5602,,informational,0,4,11.8
holder act,informational,0.5208,,informational,0,4,17
home buyer agent fees,commercial,0.7204,,transactional,0,4,79.5
home interest rate calculator,informational,0.6112,,transactional,0,4,96
home loan affordability,commercial,0.9148,,commercial,0,4,96.2
home loan power calculator,commercial,0.6478,,transactional,0,4,77.2
home loan principal and interest calculator,commercial,0.7178,,transactional,0,4,93.8
home remodel cost,commercial,0.8346,,commercial,0,4,87.5
home rental appraisal modbury,navigational,0.4372,,transactional,0,4,42.8
homebush postal code,informational,0.5758,,informational,0,4,13.8
house appraisal tips,commercial,0.5888,,transactional,0,4,88.5
house sale commission,commercial,0.439,,commercial,0,4,51
house valuation bankstown,commercial,0.6801,,transactional,0,4,73.5
housing loan eligibility calculator,navigational,0.8144,,transactional,0,4,91.2
how do you work out yield,informational,1,,commercial,0,4,83
how much are repayments on a 400k mortgage,informational,0.602,,commercial,0,4,88.8
how much can i borrow calculator mortgage,commercial,0.6509,,transactional,0,4,59.2
how much can i borrow for a house loan,informational,0.9713,,commercial,0,4,24.2
how much can i borrow for a mortgage,informational,0.9893,,commercial,0,4,19.8
how much can i borrow for a mortgage australia,informational,0.5559,,commercial,0,4,36.8
how much can i lend mortgage,informational,0.9575,,commercial,0,4,19.5
how much can i lend mortgage calculator,informational,0.578,,transactional,0,4,76.2
how much can i loan,informational,0.9989,,commercial,0,4,19
how much can we borrow calculator,informational,0.9712,,transactional,0,4,79
how much can you borrow,informational,0.9999,,commercial,0,4,21.5
how much do real estate agents make per sale,informational,0.6832,,commercial,0,4,59.8
how much does a buyer&#039 s agent cost,commercial,0.7978,,transactional,0,4,89
how much does apartment renovation cost,informational,0.5323,,commercial,0,4,83.5
how much does negative gearing cost australia,commercial,0.9521,,commercial,0,4,87.8
how much does renovating a house cost,informational,0.9672,,commercial,0,4,78.2
how much home afford,informational,0.9323,,commercial,0,4,87.5
how much house payment can i afford,informational,0.7564,,commercial,0,4,91.5
how much i could borrow,informational,0.9634,,commercial,0,4,59.2
how much is the median rent for a unit in sydney?,informational,0.9997,,commercial,0,4,74
how much loan can i get for home,informational,0.839,,commercial,0,4,39.2
how much loan i will get on my salary,commercial,0.6567,,commercial,0,4,79.2
how much mortgage afford,informational,0.7042,,commercial,0,4,88.8
how much mortgage can i borrow australia,commercial,0.72,,commercial,0,4,72.2
how much mortgage payment can i afford,informational,0.8217,,commercial,0,4,89.5
how much to knock down and rebuild a house,commercial,0.8116,,commercial,0,4,24.2
how to buy a property in australia,informational,0.9998,,commercial,0,4,71.8
how to calculate property yield,informational,1,,commercial,0,4,23.5
how to calculate rental yield on property,informational,0.9999,,commercial,0,4,87
how to find a buyer's agent,informational,0.9994,,commercial,0,4,76.2
hughes act,informational,0.9974,,informational,0,4,30.5
ing how much can i borrow,informational,0.8628,,commercial,0,4,68.2
ing rental yield calculator,navigational,0.8275,,transactional,0,4,82.2
ingham population,informational,0.9452,,informational,0,4,33.8
investment property dubbo,commercial,0.6773,,commercial,0,4,49
investment rental calculator,commercial,0.5938,,transactional,0,4,95.5
is pascoe vale south a good suburb,commercial,0.5734,,informational,0,4,59.8
joondanna suburb review,informational,0.8109,,commercial,0,4,45.2
kalgoorlie property market 2018,commercial,0.5254,,suburb research,0,4,25.8
kanpa australia,informational,0.6871,,informational,0,4,12
kensington real estate agents,commercial,0.7546,,commercial,0,4,36
killara nsw 2071 australia,navigational,0.7166,,informational,0,4,37
killara suburb profile,navigational,0.5871,,suburb research,0,4,29.5
kilmore postcode 3764,navigational,0.704,,informational,0,4,10.2
leichhardt postcode qld,navigational,0.758,,informational,0,4,7
lidcombe nsw 2141,navigational,0.7097,,informational,0,4,53.5
lien on a title,informational,0.7584,,informational,0,4,57.8
lindfield real estate agents,commercial,0.8196,,commercial,0,4,13.5
lisarow postcode nsw,navigational,0.6004,,informational,0,4,8.5
loan approval calculator,transactional,0.4531,,transactional,0,4,90.5
loan eligibility calculator australia,navigational,0.5535,,transactional,0,4,77
loan servicing calculator,commercial,0.5455,,transactional,0,4,95.8
logan city dc,informational,0.5527,,informational,0,4,6.8
long term property gain tax,informational,0.7908,,informational,0,4,77.5
louth park,informational,0.8537,,informational,0,4,19
lowest commission real estate,commercial,0.9526,,commercial,0,4,71.5
madeley rent estimate,navigational,0.6077,,commercial,0,4,26.2
maida vale rent estimate,transactional,0.5657,,commercial,0,4,18.5
malvern median house price,commercial,0.518,,commercial,0,4,48.8
marcoola postcode australia,navigational,0.7395,,informational,0,4,9.5
median house price balwyn,commercial,0.5368,,commercial,0,4,35.5
median house price brighton,commercial,0.4408,,commercial,0,4,69.8
median house price by state australia,informational,0.7536,,commercial,0,4,73.2
median house price castle hill,commercial,0.5429,,commercial,0,4,45.2
median house price glen waverley,informational,0.3607,,commercial,0,4,47.2
median house price in toorak,informational,0.5569,,commercial,0,4,15.5
median house price pakenham,commercial,0.4663,,commercial,0,4,61.2
median house price perth,informational,0.5399,,commercial,0,4,68
median house price strathfield,commercial,0.3613,,commercial,0,4,30.5
median house price sydney by suburb,informational,0.5186,,commercial,0,4,67.2
median house price sydney suburbs,commercial,0.4854,,commercial,0,4,64.8
melbourne property prices,informational,0.5859,,commercial,0,4,52
merrimac suburb review,informational,0.8735,,commercial,0,4,43.2
moonee ponds median house price,commercial,0.8177,,commercial,0,4,47.5
morayfield queensland australia,informational,0.5872,,informational,0,4,48.8
moree real estate agents,commercial,0.9019,,commercial,0,4,47
morningside property growth,commercial,0.5272,,suburb research,0,4,24
mortgage affordability calc,commercial,0.6736,,commercial,0,4,92
mortgage borrowing calculator australia,informational,0.6266,,transactional,0,4,41.5
mortgage brokers arrowsmith east,commercial,0.8872,,commercial,0,4,47.2
mortgage brokers bedgerabong,commercial,0.6758,,commercial,0,4,40.5
mortgage brokers campoona,commercial,0.9225,,commercial,0,4,46
mortgage calculator for first home buyers,commercial,0.7361,,transactional,0,4,98.8
mortgage calculator how much can i borrow australia,commercial,0.5739,,transactional,0,4,35.5
mortgage calculator how much could i borrow,commercial,0.4125,,transactional,0,4,39
mortgage calculator interest rate,commercial,0.6641,,transactional,0,4,96.8
mortgage capacity calculator,navigational,0.7138,,transactional,0,4,79.2
mortgage costs,commercial,0.6904,,commercial,0,4,81
mortgage eligibility calculator,navigational,0.4947,,transactional,0,4,95.2
mortgage lending calculator,informational,0.4829,,transactional,0,4,77
mortgage payment on 1 million,transactional,0.9596,,commercial,0,4,91.5
mortgage qualification calculator,informational,0.5306,,transactional,0,4,86.2
mother teresa westmead,informational,0.9417,,informational,0,4,39.5
moving affordability calculator,commercial,0.6354,,transactional,0,4,110.2
moving house cost calculator,commercial,0.7847,,transactional,0,4,94.5
mtg rate calculator,informational,0.6295,,transactional,0,4,92.5
muslim girls grammar school school suburb state australia address,navigational,0.4697,,suburb research,0,4,15.5
my borrowing capacity,informational,0.4472,,commercial,0,4,21.2
nab borrowing power calculator,transactional,0.9153,,transactional,0,4,94.2
nab home loan borrowing calculator,navigational,0.5442,,transactional,0,4,89.5
nab home loan borrowing power,transactional,0.993,,commercial,0,4,75.8
naplan preparation plumpton,commercial,0.5661,,informational,0,4,68.8
narara postcode nsw,informational,0.537,,informational,0,4,9.2
narre warren north 3804,informational,0.5799,,informational,0,4,36.8
nedlands rent estimate,informational,0.6411,,commercial,0,4,29.2
newstead qld,informational,0.7566,,informational,0,4,73.5
north lakes house for sale,transactional,0.6243,,transactional,0,4,30.5
north stradbroke island population,informational,0.806,,informational,0,4,43
northcote median house price,commercial,0.5687,,commercial,0,4,41
northcote property management,navigational,0.3802,,informational,0,4,53.2
nsw real estate agent commission,navigational,0.5152,,transactional,0,4,23.5
nsw real estate agent fees,commercial,0.7488,,transactional,0,4,20.2
oakleigh south,informational,0.5198,,informational,0,4,73.5
pakenham lakeside primary school,navigational,0.5346,,suburb research,0,4,13.8
perth highgate,navigational,0.6387,,informational,0,4,48.2
perth property market forecast 2026,informational,0.5355,,suburb research,0,4,42
piara waters property market,commercial,0.6819,,suburb research,0,4,27.8
population of ingham,informational,0.7924,,informational,0,4,19.8
population of junee nsw,informational,0.8922,,informational,0,4,17.8
port hacking,informational,0.9587,,informational,0,4,49.5
postcode 4556 qld,navigational,0.5535,,informational,0,4,10.2
preston suburb profile,informational,0.7974,,suburb research,0,4,27
price bidder australia,commercial,0.9001,,commercial,0,4,54.5
primary school helidon,informational,0.8046,,suburb research,0,4,20.8
primary schools in rowville,commercial,0.5161,,suburb research,0,4,15.8
principal and interest,informational,0.8876,,informational,0,4,89
principle and interest,informational,0.93,,informational,0,4,90.2
procedure for selling a house,informational,0.8008,,commercial,0,4,65
property easement,transactional,0.9772,,informational,0,4,91
property experts,commercial,0.7923,,informational,0,4,66.8
property information australia,informational,0.6345,,informational,0,4,36.5
property listings by suburb,navigational,0.4863,,suburb research,0,4,38.8
property loan eligibility calculator,navigational,0.5393,,transactional,0,4,55.2
property sale calculator,informational,0.6327,,transactional,0,4,23
property selling costs,commercial,0.7961,,commercial,0,4,15
property value perth,navigational,0.5004,,commercial,0,4,74.2
property.com.au albion 3020 median house price 2026,navigational,0.4078,,navigational,0,4,9
qld 4102,informational,0.7774,,informational,0,4,31.2
queensland stamp duty calculator,informational,0.5534,,transactional,0,4,92.8
ravenswood wa,informational,0.5625,,informational,0,4,28.5
real estate agent commission rate,commercial,0.5674,,commercial,0,4,64.8
real estate agent glenhaven,navigational,0.8228,,transactional,0,4,2.2
real estate agent near me thurgoona,transactional,0.8931,,transactional,0,4,10.2
real estate agent sales commission,informational,0.4934,,commercial,0,4,46
real estate agent selling fees canberra,commercial,0.684,,commercial,0,4,33
real estate agents bathurst,commercial,0.8564,,transactional,0,4,28.5
real estate agents bull creek,commercial,0.6514,,commercial,0,4,13.5
real estate agents buxton,commercial,0.665,,transactional,0,4,25.5
real estate agents camberwell,commercial,0.7945,,transactional,0,4,29
real estate agents goodna,commercial,0.8144,,transactional,0,4,21
real estate agents in coolbellup,commercial,0.8662,,transactional,0,4,8.5
real estate agents in harrisdale,commercial,0.8922,,transactional,0,4,18.8
real estate agents in mudgee,commercial,0.9001,,transactional,0,4,33.2
real estate agents kew,commercial,0.5465,,transactional,0,4,6.8
real estate agents rockingham,commercial,0.8475,,transactional,0,4,40
real estate agents rouse hill,commercial,0.6592,,commercial,0,4,3
real estate agents woolgoolga,commercial,0.7851,,transactional,0,4,37.5
real estate commission canberra,informational,0.5201,,commercial,0,4,61
real estate commission fees nsw,commercial,0.8146,,commercial,0,4,32.5
real estate commission split comparison,commercial,0.9694,,commercial,0,4,59
real estate gains tax,informational,0.9793,,informational,0,4,87
real estate listing fee,commercial,0.4649,,commercial,0,4,30.8
real estate terms,informational,0.9997,,informational,0,4,79.2
realtor commission rates,commercial,0.8523,,commercial,0,4,70.5
red hill suburb profile,informational,0.5477,,suburb research,0,4,39
regions australia,informational,0.9816,,informational,0,4,75
renovation cost estimator,commercial,0.7781,,transactional,0,4,93.8
rent determination frankston,navigational,0.4289,,suburb research,0,4,62.8
rental appraisal bankstown,commercial,0.5785,,transactional,0,4,32.2
rental appraisal meaning,informational,0.9962,,transactional,0,4,89.5
rental appraisal wantirna south,transactional,0.9523,,transactional,0,4,35.8
rental market melbourne,commercial,0.4293,,suburb research,0,4,24.5
repayment on 500 000 mortgage,transactional,0.9154,,commercial,0,4,90
repayments on 400000 mortgage,commercial,0.756,,commercial,0,4,90
repayments on 400k mortgage australia,commercial,0.6682,,commercial,0,4,84
repayments on 650 000 mortgage,commercial,0.8318,,commercial,0,4,91.5
reservoir vic,informational,0.3986,,informational,0,4,68
restrictive covenants property,informational,0.6579,,informational,0,4,48.2
riverside education support centre,commercial,0.6735,,informational,0,4,11.5
riverview nsw,informational,0.5432,,informational,0,4,41.8
riverview suburb,informational,0.6271,,suburb research,0,4,41
rockhampton 4701,informational,0.5531,,informational,0,4,11.5
rockingham property market,informational,0.5127,,suburb research,0,4,70.2
rolling hills primary school,informational,0.5553,,suburb research,0,4,38
rosebud west vic,navigational,0.6517,,informational,0,4,27.8
roseville chase,informational,0.953,,informational,0,4,34.2
roseville sydney nsw,navigational,0.5931,,informational,0,4,60.5
seaford heights,informational,0.7711,,informational,0,4,49.5
second dwelling investment property queensland,commercial,0.609,,commercial,0,4,84.5
sell my house hawkesbury,transactional,0.8472,,commercial,0,4,29.5
sell my house privately australia,transactional,0.9977,,commercial,0,4,43.2
sell your own house australia,transactional,0.9855,,commercial,0,4,30
seller commission real estate,commercial,0.4765,,commercial,0,4,37.5
selling house costs calculator,commercial,0.562,,transactional,0,4,12.2
selling house in australia,transactional,0.7567,,commercial,0,4,42.8
selling property tax,transactional,0.5909,,commercial,0,4,98.5
selling your home costs calculator,informational,0.4654,,transactional,0,4,7.8
settlement agent fees calculator wa,commercial,0.6788,,transactional,0,4,79.5
shelbourne vic,informational,0.5314,,informational,0,4,25
south mackay,informational,0.8619,,informational,0,4,50.2
south mackay qld,informational,0.9067,,informational,0,4,48
south yarra real estate agents,commercial,0.7686,,commercial,0,4,28.5
spring farm,informational,0.7532,,informational,0,4,3
springwood suburb profile,informational,0.5651,,suburb research,0,4,32.5
st peters postcode adelaide,navigational,0.5193,,informational,0,4,7
stafford dc,informational,0.8367,,informational,0,4,7.2
stamp duty calc qld,informational,0.6613,,commercial,0,4,94.8
stamp duty calculator qld osr,navigational,0.4544,,transactional,0,4,88
stamp duty calculator victoria,navigational,0.5531,,transactional,0,4,87.5
stamp duty in australia,informational,0.9519,,commercial,0,4,77
stamp duty on commercial property qld,informational,0.4301,,commercial,0,4,78.8
stamp duty payable in qld,transactional,0.9332,,commercial,0,4,95.5
stamp duty qld property,informational,0.6769,,commercial,0,4,98
stamp duty queensland,informational,0.5397,,commercial,0,4,74.5
stanmore buyers agent,navigational,0.8082,,transactional,0,4,29
steps in buying a house australia,transactional,0.5126,,informational,0,4,80.8
steps to buying a house australia,transactional,0.669,,informational,0,4,83.5
strathfield median house price,informational,0.3766,,commercial,0,4,33.2
suburb guide,informational,0.777,,suburb research,0,4,20.5
suburb review,informational,0.7034,,commercial,0,4,81.5
surfers paradise 4217,informational,0.6355,,informational,0,4,15
surfers paradise queensland 4217 australia,informational,0.4153,,informational,0,4,17.8
sydenham buyers agent,navigational,0.6973,,transactional,0,4,15.8
sydney house prices by suburb map,commercial,0.4514,,commercial,0,4,66.5
sydney property market forecast 2026,informational,0.5694,,suburb research,0,4,62.2
tarneit rental yield,informational,0.3306,,commercial,0,4,76.2
teneriffe postcode 4005,informational,0.5677,,informational,0,4,8.2
the junction nsw,informational,0.5573,,informational,0,4,31
the junction nsw 2291,navigational,0.6603,,informational,0,4,25.2
toorak crime rate,informational,0.9866,,suburb research,0,4,22.8
toorak demographics,informational,0.954,,suburb research,0,4,17
toorak melbourne australia,navigational,0.6481,,informational,0,4,61.5
toorak melbourne house prices,commercial,0.5995,,commercial,0,4,19.2
townsville 4810,informational,0.5636,,informational,0,4,27
transfer duty qld,transactional,0.6846,,informational,0,4,68
tresco population,informational,0.9922,,informational,0,4,8.8
trunding qld,informational,0.729,,informational,0,4,13
tuart hill rent estimate,transactional,0.4984,,commercial,0,4,28
tugun property market,commercial,0.5238,,suburb research,0,4,28
turrella nsw,informational,0.5528,,informational,0,4,23.2
tweed heads property market,commercial,0.7336,,suburb research,0,4,52.2
typical real estate commission,informational,0.7298,,commercial,0,4,31.2
upper mount gravatt,informational,0.7013,,informational,0,4,67.8
vic 3500,transactional,0.879,,informational,0,4,29
victoria hill qld,informational,0.678,,informational,0,4,15.2
wahroonga postcode nsw,navigational,0.5931,,informational,0,4,7.8
walkerville postcode sa,navigational,0.7043,,informational,0,4,9.8
wamuran state school,informational,0.9008,,suburb research,0,4,25.2
warrell creek nsw,informational,0.777,,informational,0,4,17.2
warwick perth,navigational,0.4981,,informational,0,4,48
warwick wa,informational,0.7804,,informational,0,4,50.8
west creek,informational,0.8452,,informational,0,4,26.8
west end suburb,informational,0.6449,,suburb research,0,4,10.8
what are real estate agent fees,informational,0.9991,,transactional,0,4,65.8
what are real estate agents commission,informational,0.9992,,transactional,0,4,47.8
what are the costs associated with home staging in sydney?,informational,0.9496,,commercial,0,4,69
what does sold by private treaty mean,informational,0.9999,,informational,0,4,74
what fees do real estate agents charge,informational,0.5934,,transactional,0,4,63.5
what is a dual key property,informational,0.9999,,informational,0,4,89.8
what is a section 32,informational,0.9954,,informational,0,4,73
what is dual occupancy,informational,1,,informational,0,4,56.8
what is dual occupancy homes,informational,0.989,,informational,0,4,72.2
what is my house worth buderim,informational,0.9328,,transactional,0,4,28
what is my house worth to rent,informational,0.9886,,transactional,0,4,79.8
what is real estate agent commission,informational,0.9999,,transactional,0,4,38.2
what is real estate commission,informational,1,,commercial,0,4,53
what is the commission on selling a house,informational,0.9994,,commercial,0,4,32.2
what is the median house and unit price in canberra?,informational,0.9903,,commercial,0,4,7.5
what is the normal commission for real estate agents,informational,0.992,,commercial,0,4,48.5
what is the real estate agent commission,informational,0.9999,,transactional,0,4,51.8
what mortgage can i get,informational,0.9731,,commercial,0,4,18
what percentage do real estate agents charge in nsw,commercial,0.9265,,commercial,0,4,28.2
what price house can i afford,informational,0.5951,,commercial,0,4,86.5
when do you pay capital gains on a property,informational,1,,informational,0,4,54.8
where can i access buyer guides and property buying advice?. my location is australia.,informational,0.9762,,informational,0,4,15.8
where is buderim qld,informational,0.6901,,informational,0,4,38.2
where is morayfield qld,informational,0.5404,,informational,0,4,34.8
where is spring farm nsw,commercial,0.6843,,informational,0,4,50.8
whyalla norrie,informational,0.991,,informational,0,4,35
wilby vic,informational,0.93,,informational,0,4,26
willaston primary school,informational,0.4665,,suburb research,0,4,8.5
willoughby real estate agents,commercial,0.8182,,commercial,0,4,19.5
windsor gardens postcode sa,navigational,0.6604,,informational,0,4,8.5
wingfield sa,informational,0.5125,,informational,0,4,48
withdraw super for house deposit 2023,transactional,0.992,,commercial,0,4,80.8
wollongong real estate market,informational,0.5427,,suburb research,0,4,51.8
wollongong rental market,commercial,0.5262,,suburb research,0,4,34.8
woodlands rental investment,commercial,0.7741,,commercial,0,4,12.5
woodvale australia,informational,0.6008,,informational,0,4,46
woolloongabba qld australia,informational,0.8997,,informational,0,4,62.2
wooloongabba,informational,0.9847,,informational,0,4,37.5
working out rental yield,informational,0.4037,,commercial,0,4,96
wyoming post code nsw,informational,0.7142,,informational,0,4,9.8
yandina creek,informational,0.9148,,informational,0,4,58.8
yes please,transactional,0.9839,,informational,0,4,9.5
zeehan tasmania population,informational,0.8815,,informational,0,4,17.2
brahma lodge,navigational,0.4427,,informational,1,3,4
little mountain,informational,0.9174,,informational,1,3,4
"""nemarluk school"" ""teaching staff""",informational,0.8808,,suburb research,0,3,10.3
$100k renovation before and after australia,informational,0.5614,,informational,0,3,45.3
105 lilli pilli point road lilli pilli nsw 2229,transactional,0.4524,,informational,0,3,29.3
13 hope street griffin qld 4503,navigational,0.8095,,informational,0,3,29
13 semmes street ashford nsw 2361,transactional,0.5629,,informational,0,3,33.7
13 stockyard heights drive stockyard qld 4703,transactional,0.5904,,informational,0,3,26.3
15 naylor street carcoar nsw 2791,transactional,0.9417,,informational,0,3,47.7
2076 postcode nsw,informational,0.6365,,informational,0,3,10.7
2113 postcode sydney,navigational,0.7162,,informational,0,3,10
2117 nsw,navigational,0.5629,,informational,0,3,17.3
2137 postcode nsw,informational,0.6242,,informational,0,3,10.7
2170 postal code,informational,0.6729,,informational,0,3,8.3
2300 postcode nsw,informational,0.6259,,informational,0,3,7.7
2316 zip code,navigational,0.6299,,informational,0,3,1
2446 nsw,informational,0.6961,,informational,0,3,28.3
2540 postcode suburb name,navigational,0.6309,,informational,0,3,10.3
2a moulder street orange,navigational,0.5506,,informational,0,3,51.3
3019 postcode melbourne,navigational,0.7073,,informational,0,3,10
3024 suburb,transactional,0.408,,suburb research,0,3,9.3
3024 vic,informational,0.4575,,informational,0,3,22
3142 vic,informational,0.5828,,informational,0,3,16.7
3818 postcode victoria,navigational,0.5933,,informational,0,3,8.7
40 year mortgage loan calculator,navigational,0.5264,,transactional,0,3,94.3
400 000 mortgage payment,commercial,0.4088,,commercial,0,3,90.7
400 000 mortgage repayment,commercial,0.7544,,commercial,0,3,87.7
400k mortgage repayments,commercial,0.4861,,commercial,0,3,93.3
41 16,informational,0.6448,,informational,0,3,44.3
4118 postal code,informational,0.8131,,informational,0,3,7
4122 qld,informational,0.6211,,informational,0,3,36.3
4212 qld,informational,0.7737,,informational,0,3,6.3
446 swifts creek east road swifts creek vic 3896,transactional,0.9186,,informational,0,3,55.3
4556 buderim,informational,0.7793,,informational,0,3,15
4701 postcode australia,informational,0.5213,,informational,0,3,9.7
500000 mortgage repayments,commercial,0.6017,,commercial,0,3,91.7
5061 postcode adelaide,navigational,0.7084,,informational,0,3,8.3
600k mortgage monthly payment,commercial,0.7212,,commercial,0,3,83.7
600k mortgage repayments,commercial,0.7461,,commercial,0,3,89.3
6156 postcode wa,navigational,0.5135,,informational,0,3,10.3
628 swifts creek east road swifts creek vic 3896,transactional,0.9548,,informational,0,3,38
8 mile plains brisbane,navigational,0.5737,,informational,0,3,72.7
acheron victoria,informational,0.6334,,informational,0,3,51.3
act first home owners grant,informational,0.5503,,commercial,0,3,80.7
adf property guide,informational,0.7283,,informational,0,3,30
affordability calculator home loan,commercial,0.7996,,transactional,0,3,89.3
affordable home calculator,commercial,0.7824,,transactional,0,3,84.7
affordable mortgage calculator,commercial,0.8526,,transactional,0,3,82
agency greenwith,commercial,0.8061,,commercial,0,3,9.3
agent commission,commercial,0.6084,,transactional,0,3,32
agent fee for selling house,transactional,0.5323,,commercial,0,3,36.3
agent fees 2016,commercial,0.9615,,commercial,0,3,64.3
agent fees when selling a house,commercial,0.832,,commercial,0,3,46
agents commission qld,informational,0.4461,,commercial,0,3,74
agents fees,commercial,0.9796,,transactional,0,3,47.3
agents fees for selling,commercial,0.8821,,commercial,0,3,73.7
agents fees to sell house,commercial,0.5814,,commercial,0,3,72
airlie beach qld 4802 australia,navigational,0.4467,,informational,0,3,20.3
albion primary,navigational,0.3408,,informational,0,3,32
allambee south,informational,0.7527,,informational,0,3,28.3
angle vale postcode sa,navigational,0.6426,,informational,0,3,10.3
applecross rent estimate,navigational,0.5226,,commercial,0,3,27.7
appraisal of a property,informational,0.7037,,transactional,0,3,75
ardeer property growth,informational,0.7745,,suburb research,0,3,28
armstrong vic,informational,0.4407,,informational,0,3,12
asic mortgage repayment calculator,commercial,0.5707,,transactional,0,3,88.7
aspley rental growth,informational,0.4408,,suburb research,0,3,63
atwell suburb profile,navigational,0.3897,,suburb research,0,3,38.3
auction v's private treaty,informational,0.4849,,informational,0,3,59.7
aussie borrowing power calculator,informational,0.6659,,transactional,0,3,93
aussie home loan borrowing calculator,informational,0.6977,,transactional,0,3,78.7
australia property stamp duty,informational,0.9249,,commercial,0,3,77
australia stamp duty,informational,0.8988,,commercial,0,3,70.7
australian consumer law misleading conduct property sale water rights wa,commercial,0.9715,,informational,0,3,1.3
average commission for a real estate agent,commercial,0.8921,,commercial,0,3,61.7
average monthly mortgage repayments,commercial,0.8952,,commercial,0,3,97
average real estate agent commission sydney,commercial,0.5914,,commercial,0,3,82.7
average real estate broker commission,commercial,0.8763,,commercial,0,3,58.3
average rent in brisbane,commercial,0.3327,,suburb research,0,3,75.3
bacchus marsh real estate agents,commercial,0.8013,,commercial,0,3,37.7
baldivis postal code,informational,0.5093,,informational,0,3,10.7
balgowlah heights,informational,0.7566,,informational,0,3,69.3
banks postcode act,informational,0.9568,,informational,0,3,8.7
banksia new south wales,informational,0.8075,,informational,0,3,30
banksia suburb,informational,0.6711,,suburb research,0,3,23
banum warrik primary school,informational,0.8639,,suburb research,0,3,27.3
barmedman population,informational,0.9341,,informational,0,3,11.3
bathurst real estate agents,commercial,0.8879,,commercial,0,3,48.7
bayswater median house price,commercial,0.4802,,commercial,0,3,44.3
bayswater north,navigational,0.4906,,informational,0,3,71.7
beacon population,informational,0.9305,,informational,0,3,7.3
beenleigh postcode qld,navigational,0.577,,informational,0,3,17.7
belgrave property market,commercial,0.6425,,suburb research,0,3,28
bendigo housing market,commercial,0.4956,,suburb research,0,3,91.7
bendigo property market,commercial,0.5873,,suburb research,0,3,76.7
benger wa,informational,0.8369,,informational,0,3,22.3
bentleigh vic median house price 2026,commercial,0.5611,,commercial,0,3,9
bermagui real estate rent,commercial,0.5746,,suburb research,0,3,38.7
berwick suburb profile,informational,0.5891,,suburb research,0,3,90.3
best brisbane suburbs for families,commercial,0.9409,,commercial,0,3,56.7
best suburbs to live in brisbane for families,commercial,0.9419,,commercial,0,3,75.3
beverley hills primary,informational,0.741,,informational,0,3,43.7
bibra lake suburb profile,informational,0.6949,,suburb research,0,3,32.7
bilgola nsw,informational,0.5538,,informational,0,3,52.7
black rock suburb,informational,0.9042,,suburb research,0,3,38.7
blackbutt north,informational,0.7392,,informational,0,3,16.3
boat selling agents,commercial,0.5273,,commercial,0,3,37.3
body corporate company,informational,0.4372,,informational,0,3,76.3
body corporate valuer,commercial,0.8899,,commercial,0,3,23.7
bogangar,informational,0.8883,,informational,0,3,41
bokarina postcode qld,navigational,0.5638,,informational,0,3,11.3
bolton point australia,informational,0.5737,,informational,0,3,43
bolton point nsw 2283,navigational,0.4445,,informational,0,3,17
bondi beach suburb profile,informational,0.566,,suburb research,0,3,72.7
boondall rental growth,commercial,0.7093,,suburb research,0,3,21.3
booragoon rent estimate,informational,0.4577,,commercial,0,3,10.7
borrowing calc,informational,0.9745,,commercial,0,3,17.3
borrowing calculator australia,informational,0.3643,,transactional,0,3,40.3
borrowing calculator commbank,navigational,0.7545,,transactional,0,3,75
borrowing calculator suncorp,navigational,0.6029,,transactional,0,3,91.7
borrowing capacity calculator commbank,navigational,0.7551,,transactional,0,3,83.7
borrowing capacity calculator nab,transactional,0.6059,,transactional,0,3,90.3
borrowing capacity home loan,transactional,0.5451,,commercial,0,3,19.3
borrowing power cal,informational,0.9086,,commercial,0,3,99
borrowing power calculator cba,informational,0.3642,,transactional,0,3,64.3
borrowing power home loan,transactional,0.8506,,commercial,0,3,20.3
borrowing power mortgage,commercial,0.5254,,commercial,0,3,19.7
bowral median house price,informational,0.7273,,commercial,0,3,49
boyanup,informational,0.496,,informational,0,3,20
bridge loan,transactional,0.6537,,commercial,0,3,95.3
bridging finance rate,commercial,0.9076,,informational,0,3,80.3
bridging funding,commercial,0.8541,,informational,0,3,96.3
bridging loan rates,commercial,0.9801,,commercial,0,3,81
bridgingbrokers com au,navigational,0.7819,,informational,0,3,78.7
brighton sa property market,commercial,0.5959,,suburb research,0,3,35.7
brisbane 4006,navigational,0.4553,,informational,0,3,43.7
brisbane suburbs quiz,informational,0.7339,,suburb research,0,3,41.3
broadway schools,informational,0.8756,,suburb research,0,3,8.3
broker real estate commission,informational,0.5212,,commercial,0,3,52.3
browns plains qld 4118,transactional,0.3289,,informational,0,3,62.3
buderim queensland australia,navigational,0.5439,,informational,0,3,51.7
buderim queensland map,informational,0.6359,,informational,0,3,63.7
bull creek rent estimate,transactional,0.5202,,commercial,0,3,24.7
bulleen heights school ranking,informational,0.5992,,suburb research,0,3,11
bulleen median house price,commercial,0.52,,commercial,0,3,29
burwood median house price,commercial,0.5204,,commercial,0,3,58.7
buy first sell later home loan,transactional,0.9849,,commercial,0,3,71.7
buyers agent brisbane fees,commercial,0.7215,,transactional,0,3,85.7
buyers agent city beach,transactional,0.8921,,transactional,0,3,15.7
buyers agent commission rate,commercial,0.511,,transactional,0,3,85
buyers agent elwood,navigational,0.8045,,transactional,0,3,49
buyers agent fees gold coast,commercial,0.9601,,transactional,0,3,89
buyers agent fees perth,commercial,0.7507,,transactional,0,3,90.3
buyers agent gold coast fees,commercial,0.9563,,transactional,0,3,94
buyers agent naremburn,navigational,0.5226,,transactional,0,3,11
buyers agent woodville,navigational,0.7122,,transactional,0,3,7.7
buying a house procedure,transactional,0.6815,,informational,0,3,92.7
buying home in australia,informational,0.6173,,informational,0,3,61.7
buying power,transactional,0.7344,,informational,0,3,68
cairns median house price,informational,0.6564,,commercial,0,3,75
calculate affordable mortgage,transactional,0.9418,,commercial,0,3,83.3
calculate borrowing power home loan,transactional,0.9459,,commercial,0,3,25.3
caloundra qld 4551,navigational,0.8203,,informational,0,3,30.3
camberwell melbourne vic,navigational,0.6952,,informational,0,3,85
camberwell vic,navigational,0.435,,informational,0,3,87
cammeray,informational,0.5091,,informational,0,3,19.7
cammeray postcode nsw,navigational,0.5894,,informational,0,3,7.7
camp hill property growth,informational,0.6654,,suburb research,0,3,29
can i afford a house,informational,0.9738,,informational,0,3,67
canning vale property growth,transactional,0.5044,,suburb research,0,3,28.3
cannington postal code,informational,0.5606,,informational,0,3,8.3
cannington postcode wa,navigational,0.72,,informational,0,3,11
capital gains tax investment property,commercial,0.8698,,commercial,0,3,98.7
carapooee west,informational,0.8779,,informational,0,3,36.7
carina property growth,commercial,0.6476,,suburb research,0,3,28.7
carine median house price,informational,0.5661,,commercial,0,3,23.7
carinya tamworth,informational,0.4211,,informational,0,3,31.3
carlaminda nsw,informational,0.4528,,informational,0,3,10.3
casaurina nsw,informational,0.5578,,informational,0,3,23.7
cassowary coast realty,informational,0.5155,,informational,0,3,21.3
catherine hill bay,informational,0.843,,informational,0,3,2.7
catherine hill bay nsw 2281,navigational,0.6161,,informational,0,3,36
cba home loan borrowing power,commercial,0.4149,,commercial,0,3,39.3
cessnock real estate market,commercial,0.5789,,suburb research,0,3,24
cgt,informational,0.818,,informational,0,3,55.7
cgt meaning,informational,0.9997,,informational,0,3,90.3
chapel hill median house price,informational,0.4257,,commercial,0,3,47
cheltenham postcode victoria,navigational,0.7238,,informational,0,3,10.7
chermside 4032,navigational,0.4247,,informational,0,3,29
chermside average property price,informational,0.3542,,commercial,0,3,22.3
chermside west average house price,navigational,0.3805,,commercial,0,3,58
chermside west average property price,commercial,0.3265,,commercial,0,3,17.7
chipping norton postcode nsw,informational,0.4181,,informational,0,3,9.7
christmas island housing,informational,0.613,,informational,0,3,43.3
clearance certificate property,transactional,0.9212,,informational,0,3,57
clifton hill median house price,navigational,0.5322,,commercial,0,3,25
collingwood median house price,informational,0.3404,,commercial,0,3,20.3
collingwood postcode vic,navigational,0.6396,,informational,0,3,10.3
commbank borrowing capacity,commercial,0.2717,,commercial,0,3,79.7
commbank borrowing power calculator,navigational,0.6021,,transactional,0,3,92.7
commbank home loan borrowing power,transactional,0.5205,,commercial,0,3,76
commercial property valuation marrickville,commercial,0.8166,,transactional,0,3,64
commission on real estate,informational,0.7658,,commercial,0,3,60
commission on sale of property,commercial,0.5704,,commercial,0,3,45.7
commission paid to real estate agents,commercial,0.6371,,commercial,0,3,41.3
commission real estate agents,commercial,0.8774,,commercial,0,3,58.3
commission selling house,transactional,0.5434,,commercial,0,3,42.3
commonwealth bank borrowing calculator,navigational,0.6408,,transactional,0,3,63.3
commonwealth borrowing calculator,informational,0.4289,,transactional,0,3,86.7
compare suburbs,commercial,0.5771,,commercial,0,3,64.7
conder,informational,0.9427,,informational,0,3,66.7
contract of sale property,transactional,0.9725,,informational,0,3,67
contract of sales,transactional,0.9074,,informational,0,3,82.7
coomera property market,commercial,0.6227,,suburb research,0,3,49.7
cost of property management canberra,commercial,0.9009,,commercial,0,3,58.7
cost of renovation plans,commercial,0.7225,,commercial,0,3,88.3
cost of selling a house victoria,commercial,0.5721,,commercial,0,3,69.7
cost of selling your home,informational,0.6462,,commercial,0,3,64
cost to sell house,commercial,0.4952,,commercial,0,3,44.7
costs of selling a house calculator,commercial,0.6284,,transactional,0,3,20.3
covenant property,informational,0.7802,,informational,0,3,95
craigmore adelaide,navigational,0.7304,,informational,0,3,48
craigmore south australia,navigational,0.7817,,informational,0,3,41.3
cromer vic,navigational,0.4093,,informational,0,3,4.7
cronulla population,informational,0.9473,,informational,0,3,13.3
curramulka population,informational,0.9239,,informational,0,3,11.3
dalrymple heights qld,navigational,0.4891,,informational,0,3,37.3
dalyellup suburb profile,navigational,0.7209,,suburb research,0,3,28.3
darling point sydney australia,navigational,0.4852,,informational,0,3,69
darlinghurst postcode nsw,navigational,0.8072,,informational,0,3,31.7
deception bay property growth,commercial,0.5383,,suburb research,0,3,34.7
deception bay suburb profile,informational,0.6908,,suburb research,0,3,50.7
denham postcode wa,navigational,0.6433,,informational,0,3,9
disadvantages of house and land packages,commercial,0.9609,,transactional,0,3,74.7
docklands real estate agents,commercial,0.8241,,commercial,0,3,11
dundas valley nsw,informational,0.6749,,informational,0,3,73.7
eagleby property growth,informational,0.5851,,suburb research,0,3,28.3
east gosford,informational,0.7341,,informational,0,3,24.3
east killara,informational,0.8952,,informational,0,3,48.3
east lynne nsw,informational,0.7672,,informational,0,3,12
east tamworth,informational,0.7251,,informational,0,3,54.3
edenhope,informational,0.9135,,informational,0,3,3.3
edens landing,informational,0.9836,,informational,0,3,30
eight mile plains qld 4113 australia,informational,0.4361,,informational,0,3,45.3
elanora heights nsw 2101,navigational,0.7312,,informational,0,3,28.3
ellaswood,informational,0.6594,,informational,0,3,11
ellenbrook suburb profile,navigational,0.5117,,suburb research,0,3,63
enmore postcode nsw,navigational,0.6443,,informational,0,3,7
epping west public school catchment,navigational,0.7776,,suburb research,0,3,30
equity property,informational,0.8661,,informational,0,3,28
essendon median house price,informational,0.5772,,commercial,0,3,47.7
estate agent charges,commercial,0.834,,transactional,0,3,69.7
evans high school school suburb state australia address,navigational,0.8452,,suburb research,0,3,45.3
examples of liens on properties,informational,0.9984,,informational,0,3,89.3
fhog,informational,0.9082,,informational,0,3,87.7
firb,informational,0.7705,,informational,0,3,56.7
first home buyer guarantee,transactional,0.6068,,commercial,0,3,86.7
first home buyer stamp duty calculator,informational,0.6368,,transactional,0,3,44.3
first home buyers australia,informational,0.5778,,informational,0,3,74.3
first home buyers grant canberra 2021,transactional,0.4761,,commercial,0,3,65.7
first home guarantee scheme,informational,0.6471,,commercial,0,3,88.7
first home new home owners grant,commercial,0.6726,,commercial,0,3,69.7
first home owner grant australia 2026 rules eligibility amount,commercial,0.7554,,commercial,0,3,9.7
fisher act,informational,0.9954,,informational,0,3,60
fitzroy median house price,informational,0.6156,,commercial,0,3,64.7
fixed rate,informational,0.9298,,informational,0,3,64
flinders view qld,informational,0.7784,,informational,0,3,47.3
flinders view qld 4305,navigational,0.5803,,informational,0,3,18
fountain gate suburb,navigational,0.3404,,suburb research,0,3,7.3
frankston melbourne,navigational,0.6134,,informational,0,3,64.3
frankston north suburb profile,informational,0.3526,,suburb research,0,3,70
frankston vic,informational,0.5565,,informational,0,3,38
free property appraisal medowie,commercial,0.6504,,transactional,0,3,7.3
garran act,informational,0.9988,,informational,0,3,45
garran canberra,navigational,0.5037,,informational,0,3,39.7
geebung median house price,commercial,0.5003,,commercial,0,3,20.7
geraldton property growth,informational,0.7123,,suburb research,0,3,49.3
gingin postcode wa,informational,0.5105,,informational,0,3,7
girraween public school catchment,navigational,0.6704,,suburb research,0,3,11
glebe hobart,informational,0.5008,,informational,0,3,51.3
glen waverley median house price,informational,0.391,,commercial,0,3,50.3
gold coast rental market,commercial,0.9493,,suburb research,0,3,60.3
golden point vic,informational,0.4659,,informational,0,3,55
good suburbs in brisbane for families,commercial,0.8966,,suburb research,0,3,55.3
googong property market,informational,0.6274,,suburb research,0,3,29.3
gracemere property market,informational,0.6225,,suburb research,0,3,27
greenvale property growth,commercial,0.6418,,suburb research,0,3,21.3
gross vs net yield,commercial,0.7291,,commercial,0,3,89.7
gross yield,informational,0.5244,,commercial,0,3,89.3
grovedale property growth,commercial,0.4534,,suburb research,0,3,21.3
gst on property,informational,0.7246,,informational,0,3,47.7
gst property sale,transactional,0.9281,,informational,0,3,39
guanaba qld 4210,informational,0.6487,,informational,0,3,16
guide to selling your home,informational,0.9115,,commercial,0,3,74
gundillion,informational,0.6895,,informational,0,3,9.7
gwandalan,informational,0.8613,,informational,0,3,56.7
gymea bay,informational,0.7273,,informational,0,3,34.7
gymea nsw 2227 australia,navigational,0.5686,,informational,0,3,19.3
hawksburn,informational,0.869,,informational,0,3,58.3
hawthorn east melbourne,navigational,0.5396,,informational,0,3,66.3
hawthorn east victoria,informational,0.5914,,informational,0,3,53.7
heathcote postcode vic,informational,0.5198,,informational,0,3,10.7
heatherbrae nsw 2324,navigational,0.6003,,informational,0,3,36.7
heckenberg nsw australia,informational,0.4449,,informational,0,3,15.7
heidelberg west education,informational,0.848,,informational,0,3,28.3
highgate perth australia,navigational,0.8457,,informational,0,3,43.7
highgate wa,informational,0.437,,informational,0,3,28.3
highton property growth,informational,0.5414,,suburb research,0,3,29
historical rba cash rate,informational,0.9862,,informational,0,3,61.3
hobart rental market,commercial,0.6108,,suburb research,0,3,15
home appraisals mont albert north,commercial,0.3911,,informational,0,3,11.3
home loan borrowing calculator australia,informational,0.4883,,transactional,0,3,71.3
home loan borrowing calculator nab,navigational,0.5851,,transactional,0,3,89.3
home loan calculator affordability,commercial,0.8002,,transactional,0,3,88
home loan calculator borrowing power,informational,0.4562,,transactional,0,3,45.7
home loan capacity calculator,navigational,0.6797,,transactional,0,3,19.3
home loan lending calculator,informational,0.5379,,transactional,0,3,21.3
home mortgage calculator,informational,0.7279,,transactional,0,3,56.3
home renovation calculator,informational,0.5437,,transactional,0,3,89.7
home renovations australia,commercial,0.7702,,informational,0,3,81
homebush median house price,informational,0.5469,,commercial,0,3,49.3
homebush nsw,informational,0.5456,,informational,0,3,78.3
homes for sale lord howe island nsw,commercial,0.4624,,transactional,0,3,24.3
hornsby heights,informational,0.6096,,informational,0,3,87.3
horsham property market,commercial,0.4845,,suburb research,0,3,21
house buyer agent commission,commercial,0.39,,transactional,0,3,62.7
house buying process,informational,0.9669,,informational,0,3,98
house price guide,commercial,0.5926,,commercial,0,3,25.7
house renovations costs,informational,0.561,,commercial,0,3,79.3
house valuation campbelltown,commercial,0.4089,,transactional,0,3,66.7
houses for sale north lakes,transactional,0.3828,,transactional,0,3,28
housing affordability calculator,informational,0.4863,,transactional,0,3,85
housing agent commission,informational,0.4977,,transactional,0,3,48
how banks calculate borrowing capacity,informational,0.9991,,commercial,0,3,95
how do i buy a house,informational,1,,commercial,0,3,88.3
how do i compare real estate agents in my area?. my location is australia.,informational,0.9859,,transactional,0,3,72.3
how do you find a realtor,informational,1,,informational,0,3,87.7
how do you sale a house,informational,1,,informational,0,3,67
how do you sell a house,informational,1,,commercial,0,3,72.7
how does negative gearing work in australia,informational,1,,informational,0,3,94.7
how expensive house can i afford,informational,0.9556,,commercial,0,3,85.3
how is cgt calculated on property,informational,1,,informational,0,3,79.7
how much are real estate fees,informational,0.9967,,commercial,0,3,39
how much can borrow for a mortgage,informational,0.9994,,commercial,0,3,53.7
how much can borrow home loan,informational,0.9965,,commercial,0,3,52
how much can i afford?,informational,0.9999,,commercial,0,3,17.7
how much can i borro,informational,0.9928,,commercial,0,3,19.3
how much can i borrow calc,informational,0.9867,,commercial,0,3,72
how much can i borrow commbank,commercial,0.5536,,commercial,0,3,84
how much can i borrow for a home loan in australia based on my income?,informational,0.9999,,commercial,0,3,19.7
how much can i borrow for a home loan?,informational,1,,commercial,0,3,27.3
how much can i borrow for mortgage,informational,0.9552,,commercial,0,3,18.7
how much can i borrow home loan australia,commercial,0.819,,commercial,0,3,41
how much can i borrow nab,informational,0.9418,,commercial,0,3,95
how much can i borrow perth,informational,0.4276,,commercial,0,3,94.7
how much commission does a real estate agent earn,informational,0.8991,,transactional,0,3,68.3
how much commission does real estate agent get,informational,0.7342,,transactional,0,3,71.7
how much commission for selling a house,informational,0.6678,,commercial,0,3,78
how much commission to real estate agent,informational,0.7306,,commercial,0,3,71.7
how much cost to renovate house,informational,0.8863,,commercial,0,3,87.7
how much could we borrow mortgage,informational,0.8137,,commercial,0,3,19
how much do estate agents charge,commercial,0.8045,,transactional,0,3,51
how much do real estate agents earn per sale,informational,0.542,,commercial,0,3,67.3
how much does a realtor make per sale,informational,0.9835,,commercial,0,3,46
how much does a section 32 cost in victoria,commercial,0.94,,commercial,0,3,28.7
how much does it cost to renovate a home,informational,0.8912,,commercial,0,3,84.7
how much does real estate agents make per sale,informational,0.7633,,commercial,0,3,71
how much does renovation cost,informational,0.9773,,commercial,0,3,40
how much home can you afford,informational,0.9821,,commercial,0,3,90.7
how much home could i afford,informational,0.7885,,commercial,0,3,86.7
how much house loan can i afford,informational,0.6592,,commercial,0,3,46
how much house loan can i get,informational,0.8553,,commercial,0,3,93.3
how much i can borrow for a home loan,informational,0.9881,,commercial,0,3,72
how much i can borrow for home loan,informational,0.8521,,commercial,0,3,26
how much is it to renovate a house,informational,0.9643,,commercial,0,3,76
how much mortgage,informational,0.9944,,commercial,0,3,46
how much rent can i afford calculator australia,commercial,0.4779,,transactional,0,3,86.7
how much repayments on 500k mortgage,informational,0.715,,commercial,0,3,91
how much repayments on 600k mortgage,informational,0.7819,,commercial,0,3,88.7
how much will renovation cost,informational,0.8967,,commercial,0,3,69.3
how to calculate buying someone out of a house australia,informational,0.8481,,commercial,0,3,76.3
how to work out yield,informational,1,,commercial,0,3,97
hughes canberra,informational,0.7989,,informational,0,3,55.3
independent school glenore grove,navigational,0.5099,,suburb research,0,3,23
innaloo rent estimate,transactional,0.599,,commercial,0,3,27.7
innisfail property trends,informational,0.5629,,informational,0,3,50.7
interest calculator mortgage,commercial,0.6846,,transactional,0,3,99
interest rates calculator mortgage,commercial,0.922,,transactional,0,3,98
investment property cgt,commercial,0.7138,,commercial,0,3,92
is browns plains logan or brisbane,informational,0.6839,,informational,0,3,10
is fountain gate a suburb,commercial,0.5203,,informational,0,3,7.3
is jimboomba a good place to live,informational,0.7167,,informational,0,3,49.3
is strathmore a good suburb,commercial,0.4243,,informational,0,3,33
is toorak a good place to live,informational,0.9214,,informational,0,3,52
ivanhoe suburb,informational,0.5368,,suburb research,0,3,88
jaggan,informational,0.9738,,informational,0,3,12
jubilee pocket qld 4802,navigational,0.5406,,informational,0,3,32.7
jubilee suburb brisbane,navigational,0.4836,,suburb research,0,3,11
junction postal code,informational,0.5678,,informational,0,3,7
junee nsw population,informational,0.9019,,informational,0,3,21.3
kalgoorlie real estate agents,commercial,0.839,,commercial,0,3,30.7
kalkallo,informational,0.9319,,informational,0,3,49
karrinyup,navigational,0.4156,,informational,0,3,46.7
karrinyup median house price,commercial,0.4782,,commercial,0,3,22
karrinyup wa,informational,0.5841,,informational,0,3,48.7
karrinyup western australia,informational,0.6495,,informational,0,3,53.7
kenmore brisbane qld,navigational,0.916,,informational,0,3,56.3
kenmore median house price,navigational,0.5633,,commercial,0,3,28.7
kenmore suburb profile,navigational,0.7901,,suburb research,0,3,31
kensington postcode melbourne,navigational,0.6145,,informational,0,3,16.7
killara australia,informational,0.5622,,informational,0,3,62.7
killawarra,informational,0.9747,,informational,0,3,31.3
kindred property group,navigational,0.6158,,informational,0,3,40.7
kirrawee dc,informational,0.6891,,informational,0,3,8.7
kirribilli median house price,commercial,0.4943,,commercial,0,3,50
kogarah real estate agents,commercial,0.9192,,commercial,0,3,22.7
koorana education support centre,commercial,0.5713,,informational,0,3,18.7
kororoit creek primary school,navigational,0.5394,,suburb research,0,3,19
kumbarilla,informational,0.8554,,informational,0,3,43
kununurra wa 6743,informational,0.4987,,informational,0,3,26
lake haven dt,informational,0.8681,,informational,0,3,53.7
land transfer,informational,0.7364,,informational,0,3,31.7
lapstone nsw,informational,0.4472,,informational,0,3,28
lauristons,informational,0.9073,,informational,0,3,40.3
leads for real estate agents,commercial,0.804,,transactional,0,3,85
lease conveyancing enquiry,transactional,0.8651,,commercial,0,3,3
leichhardt real estate agents,commercial,0.7887,,commercial,0,3,12
lewisham buyers agent,navigational,0.7139,,transactional,0,3,22.7
lien against property,informational,0.708,,informational,0,3,71.7
lien protection,commercial,0.6897,,informational,0,3,92.3
lisarow,informational,0.5258,,informational,0,3,46.7
listing fee real estate,commercial,0.6062,,commercial,0,3,49.7
little mountain qld,informational,0.9042,,informational,0,3,45
liverpool house price growth,commercial,0.5421,,commercial,0,3,5.3
liverpool post code nsw,informational,0.5258,,informational,0,3,11
lockridge,informational,0.5366,,informational,0,3,45
louisa creek,informational,0.9708,,informational,0,3,21.3
lysterfield median house price,informational,0.3685,,commercial,0,3,39
mackay 4740,transactional,0.3916,,informational,0,3,26.3
maitland south australia,informational,0.7839,,informational,0,3,2.3
mallan nsw,informational,0.6369,,informational,0,3,11
malvern real estate agents,commercial,0.8219,,commercial,0,3,39
manahan nsw,informational,0.778,,informational,0,3,7
manapouri population,informational,0.9686,,informational,0,3,9.7
mandurah wa 6210,informational,0.7938,,informational,0,3,38.3
manly median house price,informational,0.8604,,commercial,0,3,71.7
manly vale,informational,0.4564,,informational,0,3,35.7
manly vale nsw,informational,0.3324,,informational,0,3,26
marketing agency deniliquin,commercial,0.958,,commercial,0,3,19.7
marrickville postcode nsw,navigational,0.7038,,informational,0,3,32.3
maryville public school,informational,0.7481,,suburb research,0,3,5.3
maylands rent estimate,informational,0.535,,commercial,0,3,28.7
median house price balwyn north,commercial,0.5736,,commercial,0,3,27.3
median house price maroubra,commercial,0.5951,,commercial,0,3,53.3
median house price northcote,commercial,0.5745,,commercial,0,3,48
median house price richmond,informational,0.7499,,commercial,0,3,28
median house price tasmania,commercial,0.6311,,commercial,0,3,44.3
median house price vaucluse,commercial,0.5869,,commercial,0,3,76.7
medindie adelaide,informational,0.8035,,informational,0,3,66.7
melbourne suburb quiz,informational,0.7966,,suburb research,0,3,26.7
melbourne suburbs quiz,informational,0.8317,,suburb research,0,3,26.7
meroo meadow,informational,0.9175,,informational,0,3,28.3
minto postcode nsw,navigational,0.5964,,informational,0,3,10.3
monthly repayments on 500k mortgage,commercial,0.8147,,commercial,0,3,90
morayfield area code,informational,0.8507,,informational,0,3,9.7
morayfield lga,navigational,0.502,,informational,0,3,11
mortage calculator,informational,0.6703,,transactional,0,3,98.7
mortgage borrow calc,informational,0.4636,,commercial,0,3,69.3
mortgage borrowing capacity,commercial,0.7733,,commercial,0,3,25
mortgage borrowing estimate,commercial,0.7117,,commercial,0,3,70.7
mortgage brokers aldoga,commercial,0.8368,,commercial,0,3,27
mortgage brokers bargunyah,commercial,0.9146,,commercial,0,3,47
mortgage brokers ben bullen,commercial,0.8884,,commercial,0,3,20.3
mortgage brokers kurumbul,commercial,0.8663,,commercial,0,3,71.3
mortgage calculator melbourne,navigational,0.6543,,transactional,0,3,94.7
mortgage calculator mortgage calculator,navigational,0.545,,transactional,0,3,98.3
mortgage house loan calculator,commercial,0.513,,transactional,0,3,93.3
mortgage how much could i borrow,commercial,0.6895,,commercial,0,3,68.3
mortgage in australia calculator,informational,0.7383,,transactional,0,3,86
mortgage loan eligibility calculator,navigational,0.7593,,transactional,0,3,44
mortgage on 500 000,commercial,0.5566,,commercial,0,3,84.3
mortgage on 500k,informational,0.4283,,commercial,0,3,85
mortgage payment calculator,informational,0.6899,,transactional,0,3,57.3
mortgage pre approval calculator,transactional,0.4327,,transactional,0,3,96.3
mortgage rate calculator,informational,0.6037,,transactional,0,3,99
mortgage repayments on $400 k australia,commercial,0.7855,,commercial,0,3,56
mortgage repayments on 300k,commercial,0.8778,,commercial,0,3,94
mortgagee in possession,informational,0.5919,,informational,0,3,46.7
mortlake public school ranking,informational,0.6515,,suburb research,0,3,16
mortlake sydney,informational,0.4976,,informational,0,3,44
morwell property market,commercial,0.5933,,suburb research,0,3,27.3
mosman median house price,informational,0.622,,commercial,0,3,54.3
mount gambier median house price 2026,commercial,0.5791,,commercial,0,3,60
mount gambier property market,informational,0.4802,,suburb research,0,3,46
mount gambier rental vacancy rate 2026,informational,0.3672,,suburb research,0,3,65
mount pleasant wa 6153,informational,0.4048,,informational,0,3,16.3
msot expensive states australia,commercial,0.7469,,commercial,0,3,78
mt ossa qld,informational,0.8663,,informational,0,3,17
mt perry,informational,0.9148,,informational,0,3,2
mullumbimby creek,informational,0.9493,,informational,0,3,41.3
murwillumbah nsw 2484,informational,0.5511,,informational,0,3,32.7
nab calculator borrowing power,transactional,0.9869,,transactional,0,3,84
nab mortgage borrowing calculator,informational,0.5242,,transactional,0,3,89
nab stamp duty,transactional,0.9926,,commercial,0,3,60
narre warren south median house price,commercial,0.4275,,commercial,0,3,39.3
negative gearing ato,informational,0.5039,,informational,0,3,83.7
negative gearing capital gains tax,commercial,0.7264,,informational,0,3,92.3
negative gearing rules,informational,0.5308,,informational,0,3,97
negative gesring,informational,0.9856,,informational,0,3,96.7
net rental yield,informational,0.5741,,commercial,0,3,18.7
net yield calculator,commercial,0.4078,,transactional,0,3,83.7
newbury primary schools,commercial,0.4939,,suburb research,0,3,7.3
newcastle east nsw,informational,0.7834,,informational,0,3,34.7
newcastle nsw 2300,informational,0.6217,,informational,0,3,44.7
newcastle suburb profile,informational,0.8035,,suburb research,0,3,30.3
newstead brisbane,informational,0.5725,,informational,0,3,83.3
newstead qld 4006,navigational,0.4686,,informational,0,3,54
noosaville postcode 4566,navigational,0.8187,,informational,0,3,12
north lakes property market,informational,0.673,,suburb research,0,3,37
north melbourne real estate agents,commercial,0.4079,,commercial,0,3,28.7
north rockhampton,informational,0.947,,informational,0,3,33.3
northcote south,informational,0.5236,,informational,0,3,18.7
nowra property growth,informational,0.6953,,suburb research,0,3,29
nsw 2170 australia,informational,0.7703,,informational,0,3,15.3
nsw 2250,informational,0.8656,,informational,0,3,17.7
nsw 2484,informational,0.7464,,informational,0,3,29
nsw 2500,informational,0.6433,,informational,0,3,36
nth balwyn,informational,0.5783,,informational,0,3,71.3
nudgee postcode qld,informational,0.5454,,informational,0,3,10.7
ocean grove median house price,navigational,0.4212,,commercial,0,3,18
oran park anglican college fees,commercial,0.8642,,commercial,0,3,54.7
osr calculator qld,informational,0.5488,,transactional,0,3,63.3
osr duty calculator qld,informational,0.5547,,transactional,0,3,84.7
pakenham suburb profile,informational,0.462,,suburb research,0,3,67
pakenham suburb review,informational,0.7558,,commercial,0,3,47
pakenham vs officer,informational,0.6722,,commercial,0,3,11
palmyra postcode wa,informational,0.5945,,informational,0,3,9.7
parkwood postcode wa,navigational,0.7593,,informational,0,3,9.3
pascoe vale postcode vic,informational,0.479,,informational,0,3,8.7
pascoe vale property market,commercial,0.6453,,suburb research,0,3,29.7
pascoe vale south suburb profile,informational,0.3199,,suburb research,0,3,38
penshurst new south wales,informational,0.5778,,informational,0,3,51.3
perth house prices 2026,informational,0.5682,,commercial,0,3,27
piara waters suburb profile,informational,0.5679,,suburb research,0,3,45.3
pine grove victoria,navigational,0.5154,,informational,0,3,7.7
pinjarra population,informational,0.9888,,informational,0,3,13.7
plumpton property growth,informational,0.4512,,suburb research,0,3,18
population helensburgh,informational,0.9377,,informational,0,3,11.7
population kununurra,informational,0.9779,,informational,0,3,20.7
population of surfers paradise,informational,0.9736,,informational,0,3,10.7
population of yarram,informational,0.9476,,informational,0,3,11
port kembla postcode nsw,navigational,0.7056,,informational,0,3,8.7
port lincoln south australia 5606,navigational,0.6234,,informational,0,3,25.3
port macquarie real estate agents,commercial,0.7326,,commercial,0,3,48.3
port pirie 5540,informational,0.5366,,informational,0,3,34
port pirie west south australia,informational,0.6055,,informational,0,3,41
postal code 4005,informational,0.6703,,informational,0,3,9.7
postal code australia,informational,0.875,,informational,0,3,3
postcode 2127 suburb,navigational,0.5128,,informational,0,3,10.7
prahran median house price,informational,0.7377,,commercial,0,3,38.3
preston postcode nsw,informational,0.4932,,informational,0,3,7.3
preston postcode victoria,navigational,0.5092,,informational,0,3,11.7
preston property management,informational,0.4583,,informational,0,3,57.3
prestons sydney,informational,0.5152,,informational,0,3,55.7
process of buying a house in australia,informational,0.9836,,informational,0,3,82.3
property appraisal artarmon,informational,0.5109,,transactional,0,3,18.7
property appraisal crows nest,commercial,0.6709,,transactional,0,3,3.3
property appraisal naremburn,commercial,0.6521,,transactional,0,3,1
property chattels,commercial,0.7053,,informational,0,3,55.3
property chattels meaning,informational,0.9504,,informational,0,3,86.3
property clearance certificate,transactional,0.9147,,informational,0,3,21
property covenants,informational,0.8456,,informational,0,3,86
property growth calculator australia,informational,0.4121,,transactional,0,3,83
property guide real estate,informational,0.5203,,informational,0,3,10.7
property inspection waiver,informational,0.7699,,informational,0,3,82.3
property management alfred cove,commercial,0.3811,,informational,0,3,57
property management griffith,navigational,0.6537,,informational,0,3,55.3
property purchase advice,informational,0.5125,,commercial,0,3,80.3
property refurbishment costs,commercial,0.7613,,commercial,0,3,78
property selling guide,informational,0.5821,,commercial,0,3,81.7
property valuation manly,commercial,0.5131,,transactional,0,3,64.7
property valuation north richmond,commercial,0.552,,transactional,0,3,30.7
property value brisbane,navigational,0.464,,commercial,0,3,56.7
property value canberra,informational,0.5327,,commercial,0,3,67
property.com.au albion vic 3020 median house price 2026,navigational,0.3172,,navigational,0,3,9
property.com.au thomastown 3074 median house price 2026,navigational,0.5348,,navigational,0,3,11
pullenvale property growth,commercial,0.6868,,suburb research,0,3,30
punchbowl median house price,commercial,0.7869,,commercial,0,3,49
put and call option property,transactional,0.9986,,informational,0,3,61
qld 4006,informational,0.6111,,informational,0,3,45
qld 4217 australia,informational,0.8053,,informational,0,3,18.7
qld 4564,informational,0.7646,,informational,0,3,1
qld stamp duty rates,commercial,0.5194,,commercial,0,3,95.3
queanbeyan rental market,commercial,0.4849,,suburb research,0,3,30
queens park schools,informational,0.5112,,suburb research,0,3,18.3
ravenswood western australia,informational,0.5159,,informational,0,3,35.7
rba historical cash rate,informational,0.9659,,informational,0,3,58
real estate abbreviations australia,informational,0.9293,,informational,0,3,84.3
real estate agent camberwell,navigational,0.7999,,transactional,0,3,34.3
real estate agent charges,commercial,0.3932,,transactional,0,3,32
real estate agent comparison tool,commercial,0.9633,,commercial,0,3,66.7
real estate agent fees and commission,commercial,0.9672,,commercial,0,3,47.7
real estate agent kiama,informational,0.4271,,transactional,0,3,37.7
real estate agent mambourin,navigational,0.4994,,transactional,0,3,22.7
real estate agent mansfield,navigational,0.7508,,transactional,0,3,38.7
real estate agent near me bandiana,transactional,0.6159,,transactional,0,3,10
real estate agent sale commission,commercial,0.381,,commercial,0,3,40.3
real estate agent sale fees,commercial,0.8787,,commercial,0,3,67.3
real estate agents atherton,commercial,0.5378,,transactional,0,3,37
real estate agents ballina,commercial,0.8826,,transactional,0,3,40
real estate agents belconnen act,informational,0.5885,,commercial,0,3,2.7
real estate agents dubbo,commercial,0.892,,transactional,0,3,47.3
real estate agents elwood,navigational,0.4582,,transactional,0,3,19.3
real estate agents forster,commercial,0.7967,,transactional,0,3,7
real estate agents guildford,commercial,0.9201,,transactional,0,3,5
real estate agents in byron bay,commercial,0.8287,,transactional,0,3,47.3
real estate agents in kiama,commercial,0.9181,,transactional,0,3,36.3
real estate agents in willeton,commercial,0.8418,,transactional,0,3,24.3
real estate agents kalgoorlie,commercial,0.8126,,transactional,0,3,33.7
real estate agents kotara nsw,commercial,0.8866,,commercial,0,3,1
real estate agents mansfield,commercial,0.8059,,transactional,0,3,22
real estate agents melville,commercial,0.6746,,transactional,0,3,19.7
real estate agents north coogee,commercial,0.5664,,commercial,0,3,20
real estate agents st helens park,commercial,0.6312,,commercial,0,3,9
real estate agents unley,commercial,0.6085,,transactional,0,3,7.3
real estate agents willoughby,commercial,0.747,,transactional,0,3,19
real estate agents winthrop,commercial,0.8082,,transactional,0,3,20
real estate agents woodpark,commercial,0.7354,,transactional,0,3,3.7
real estate broker fees,commercial,0.8423,,commercial,0,3,59.7
real estate commission calculator australia,informational,0.5025,,transactional,0,3,77
real estate commission nsw calculator,informational,0.6594,,transactional,0,3,25.3
real estate commission victoria,navigational,0.7526,,commercial,0,3,23.3
real estate commission wa calculator,navigational,0.5841,,transactional,0,3,74
real estate fees qld calculator,informational,0.5345,,transactional,0,3,61
real estate salesperson commission,informational,0.6317,,commercial,0,3,55.7
real estate terminology australia,informational,0.9864,,informational,0,3,79.7
realestate fees nsw,commercial,0.6583,,commercial,0,3,21
realtor commission,informational,0.7934,,commercial,0,3,71
realtor commission percentage,commercial,0.5925,,commercial,0,3,67.7
realtor commission rate,commercial,0.6411,,commercial,0,3,65
red hill post code act,informational,0.6362,,informational,0,3,9.7
redhill canberra,navigational,0.5444,,informational,0,3,60.3
reedy creek,informational,0.9477,,informational,0,3,72.7
regents park postal code,informational,0.5194,,informational,0,3,7.7
reid sa,informational,0.7901,,informational,0,3,16
reids creek,informational,0.9112,,informational,0,3,12.3
remodel cost,commercial,0.7524,,commercial,0,3,59.3
renovation budget guide,commercial,0.6698,,informational,0,3,81
renovation cost per m2 australia,commercial,0.7335,,commercial,0,3,82.7
renovation costs melbourne,commercial,0.6468,,commercial,0,3,75.7
renovations costs,informational,0.6161,,commercial,0,3,93
rent affordability calculator australia,commercial,0.4002,,transactional,0,3,94.3
rent back after settlement,transactional,0.9741,,suburb research,0,3,62.7
rent reviews campbelltown,informational,0.6509,,commercial,0,3,52.3
rent360 loganholme,navigational,0.8097,,informational,0,3,39.7
rental agents woodpark,commercial,0.6021,,transactional,0,3,6
rental appraisal duncraig,navigational,0.6293,,transactional,0,3,12.7
rental appraisal willagee,transactional,0.7098,,transactional,0,3,25.3
rental eunanoreenya,transactional,0.9947,,suburb research,0,3,27.3
rental yield,informational,0.6399,,commercial,0,3,57
rental yield calculator with mortgage,commercial,0.7982,,transactional,0,3,58.7
rental yields in melbourne,informational,0.5338,,suburb research,0,3,89.3
repayments 400k mortgage,commercial,0.8121,,commercial,0,3,92.3
repayments on 450k mortgage australia,commercial,0.655,,commercial,0,3,91
repayments on 500000 mortgage,commercial,0.7579,,commercial,0,3,98.3
residential lease greensborough,transactional,0.9524,,informational,0,3,34.3
restrictive covenants property law,informational,0.4969,,informational,0,3,90.7
return on rental investment calculator,commercial,0.612,,transactional,0,3,97.3
rochedale,informational,0.9393,,informational,0,3,24
rochedale postcode qld,navigational,0.5269,,informational,0,3,8.3
rose bay suburb profile,informational,0.6134,,suburb research,0,3,51.7
rosebud west victoria australia,navigational,0.4612,,informational,0,3,53.3
roseville 2069,informational,0.8562,,informational,0,3,51.7
roseville median house price,informational,0.5533,,commercial,0,3,33
roseville sydney,informational,0.5486,,informational,0,3,70.3
rouse hill.post code,informational,0.5412,,informational,0,3,7
rutherford suburb,informational,0.7482,,suburb research,0,3,64.7
s32 vendor statement,navigational,0.6213,,informational,0,3,52.7
saint teresa college,informational,0.824,,informational,0,3,29.3
sassafras vic 3787,transactional,0.5609,,informational,0,3,53
schools in caversham,commercial,0.4985,,suburb research,0,3,17.3
scotts creek nsw,informational,0.6352,,informational,0,3,20
seaford heights sa,informational,0.6827,,informational,0,3,46
seaford postcode sa,navigational,0.5879,,informational,0,3,18.7
seal rocks population,informational,0.9624,,informational,0,3,10.3
secondary houses noosa,informational,0.4498,,informational,0,3,27.3
section 32 property,informational,0.9329,,informational,0,3,76
seddon property growth,informational,0.5883,,suburb research,0,3,28.3
sell a house,transactional,0.9992,,commercial,0,3,54.3
sell my house oak park,transactional,0.9993,,commercial,0,3,17
sell your house calculator,transactional,0.933,,transactional,0,3,1
sell your own home australia,transactional,0.9825,,commercial,0,3,48
sell your own house,transactional,0.9973,,commercial,0,3,36
seller disclosure,informational,0.7522,,informational,0,3,97
selling a house privately,transactional,0.9727,,commercial,0,3,66.7
selling fees real estate,commercial,0.7459,,commercial,0,3,50
selling home privately,transactional,0.9358,,commercial,0,3,64
selling house,transactional,0.6435,,commercial,0,3,62.7
selling house calculator australia,informational,0.661,,transactional,0,3,15.7
selling house costs brighton,commercial,0.7806,,commercial,0,3,92
selling house privately,transactional,0.9348,,commercial,0,3,30.7
serviceability calculator,commercial,0.6055,,transactional,0,3,95.7
