keyword,vol,competition,comp_index,low_bid,high_bid,avg_cpc,monthly,close_variants
frankston vic 3199,165000,LOW,2,0.62,3.79,1.56,2025-SEPTEMBER:135000;2025-OCTOBER:135000;2025-NOVEMBER:135000;2025-DECEMBER:165000;2026-JANUARY:165000;2026-FEBRUARY:135000;2026-MARCH:165000;2026-APRIL:165000;2026-MAY:165000;2026-JUNE:135000;2026-JULY:135000;2026-AUGUST:135000,
frankston 3199,165000,LOW,2,0.62,3.77,1.55,2025-SEPTEMBER:135000;2025-OCTOBER:135000;2025-NOVEMBER:135000;2025-DECEMBER:165000;2026-JANUARY:165000;2026-FEBRUARY:135000;2026-MARCH:165000;2026-APRIL:165000;2026-MAY:165000;2026-JUNE:135000;2026-JULY:135000;2026-AUGUST:135000,
surfers paradise qld 4217,135000,LOW,13,0.66,2.97,2.3,2025-SEPTEMBER:135000;2025-OCTOBER:135000;2025-NOVEMBER:135000;2025-DECEMBER:165000;2026-JANUARY:165000;2026-FEBRUARY:110000;2026-MARCH:110000;2026-APRIL:135000;2026-MAY:110000;2026-JUNE:110000;2026-JULY:135000;2026-AUGUST:135000,
surfers paradise qld 4217 australia,135000,LOW,13,0.66,2.97,2.3,2025-SEPTEMBER:135000;2025-OCTOBER:135000;2025-NOVEMBER:135000;2025-DECEMBER:165000;2026-JANUARY:165000;2026-FEBRUARY:110000;2026-MARCH:110000;2026-APRIL:135000;2026-MAY:110000;2026-JUNE:110000;2026-JULY:135000;2026-AUGUST:135000,
real estate agents,135000,LOW,4,7.94,70.99,31.91,2025-SEPTEMBER:22200;2025-OCTOBER:60500;2025-NOVEMBER:27100;2025-DECEMBER:22200;2026-JANUARY:90500;2026-FEBRUARY:368000;2026-MARCH:550000;2026-APRIL:110000;2026-MAY:165000;2026-JUNE:40500;2026-JULY:14800;2026-AUGUST:90500,
surfers paradise 4217 australia,135000,LOW,13,0.66,2.98,2.3,2025-SEPTEMBER:135000;2025-OCTOBER:135000;2025-NOVEMBER:135000;2025-DECEMBER:165000;2026-JANUARY:165000;2026-FEBRUARY:110000;2026-MARCH:110000;2026-APRIL:135000;2026-MAY:110000;2026-JUNE:110000;2026-JULY:135000;2026-AUGUST:135000,
real estate agent,135000,LOW,4,7.94,70.99,31.91,2025-SEPTEMBER:22200;2025-OCTOBER:60500;2025-NOVEMBER:27100;2025-DECEMBER:22200;2026-JANUARY:90500;2026-FEBRUARY:368000;2026-MARCH:550000;2026-APRIL:110000;2026-MAY:165000;2026-JUNE:40500;2026-JULY:14800;2026-AUGUST:90500,
surfers paradise 4217,135000,LOW,13,0.65,2.96,2.29,2025-SEPTEMBER:135000;2025-OCTOBER:135000;2025-NOVEMBER:135000;2025-DECEMBER:165000;2026-JANUARY:165000;2026-FEBRUARY:110000;2026-MARCH:110000;2026-APRIL:135000;2026-MAY:110000;2026-JUNE:110000;2026-JULY:135000;2026-AUGUST:135000,
surfers paradise queensland 4217 australia,135000,LOW,13,0.65,2.96,2.29,2025-SEPTEMBER:135000;2025-OCTOBER:135000;2025-NOVEMBER:135000;2025-DECEMBER:165000;2026-JANUARY:165000;2026-FEBRUARY:110000;2026-MARCH:110000;2026-APRIL:135000;2026-MAY:110000;2026-JUNE:110000;2026-JULY:135000;2026-AUGUST:135000,
coffs harbour nsw 2450 australia,110000,LOW,5,0.57,3.67,2.79,2025-SEPTEMBER:110000;2025-OCTOBER:110000;2025-NOVEMBER:110000;2025-DECEMBER:135000;2026-JANUARY:135000;2026-FEBRUARY:110000;2026-MARCH:110000;2026-APRIL:110000;2026-MAY:110000;2026-JUNE:110000;2026-JULY:110000;2026-AUGUST:110000,
mortgage calculator,90500,MEDIUM,54,0.55,3.53,2.39,2025-SEPTEMBER:90500;2025-OCTOBER:110000;2025-NOVEMBER:90500;2025-DECEMBER:74000;2026-JANUARY:90500;2026-FEBRUARY:90500;2026-MARCH:110000;2026-APRIL:90500;2026-MAY:90500;2026-JUNE:74000;2026-JULY:74000;2026-AUGUST:74000,
airlie beach queensland 4802 australia,90500,LOW,15,0.6,2.8,2.38,2025-SEPTEMBER:110000;2025-OCTOBER:110000;2025-NOVEMBER:90500;2025-DECEMBER:90500;2026-JANUARY:110000;2026-FEBRUARY:74000;2026-MARCH:90500;2026-APRIL:90500;2026-MAY:90500;2026-JUNE:90500;2026-JULY:90500;2026-AUGUST:110000,
chermside qld 4032 australia,90500,LOW,3,1.21,5.0,2.29,2025-SEPTEMBER:74000;2025-OCTOBER:74000;2025-NOVEMBER:74000;2025-DECEMBER:90500;2026-JANUARY:74000;2026-FEBRUARY:74000;2026-MARCH:90500;2026-APRIL:90500;2026-MAY:90500;2026-JUNE:90500;2026-JULY:90500;2026-AUGUST:90500,
airlie beach qld 4802 australia,90500,LOW,15,0.6,2.79,2.37,2025-SEPTEMBER:110000;2025-OCTOBER:110000;2025-NOVEMBER:90500;2025-DECEMBER:90500;2026-JANUARY:110000;2026-FEBRUARY:74000;2026-MARCH:90500;2026-APRIL:90500;2026-MAY:90500;2026-JUNE:90500;2026-JULY:90500;2026-AUGUST:110000,
chermside 4032,90500,LOW,3,1.21,4.97,2.28,2025-SEPTEMBER:74000;2025-OCTOBER:74000;2025-NOVEMBER:74000;2025-DECEMBER:90500;2026-JANUARY:74000;2026-FEBRUARY:74000;2026-MARCH:90500;2026-APRIL:90500;2026-MAY:90500;2026-JUNE:90500;2026-JULY:90500;2026-AUGUST:90500,
home loan calculator,60500,HIGH,74,0.83,5.17,3.47,2025-SEPTEMBER:90500;2025-OCTOBER:74000;2025-NOVEMBER:60500;2025-DECEMBER:49500;2026-JANUARY:74000;2026-FEBRUARY:60500;2026-MARCH:60500;2026-APRIL:60500;2026-MAY:60500;2026-JUNE:49500;2026-JULY:49500;2026-AUGUST:49500,
moorebank nsw,49500,LOW,2,0.26,19.31,1.13,2025-SEPTEMBER:49500;2025-OCTOBER:60500;2025-NOVEMBER:49500;2025-DECEMBER:40500;2026-JANUARY:49500;2026-FEBRUARY:49500;2026-MARCH:60500;2026-APRIL:49500;2026-MAY:60500;2026-JUNE:49500;2026-JULY:49500;2026-AUGUST:49500,
moorebank,49500,LOW,2,0.26,19.31,1.13,2025-SEPTEMBER:49500;2025-OCTOBER:60500;2025-NOVEMBER:49500;2025-DECEMBER:40500;2026-JANUARY:49500;2026-FEBRUARY:49500;2026-MARCH:60500;2026-APRIL:49500;2026-MAY:60500;2026-JUNE:49500;2026-JULY:49500;2026-AUGUST:49500,
morayfield qld,49500,LOW,2,0.75,6.46,1.27,2025-SEPTEMBER:49500;2025-OCTOBER:49500;2025-NOVEMBER:49500;2025-DECEMBER:49500;2026-JANUARY:60500;2026-FEBRUARY:49500;2026-MARCH:49500;2026-APRIL:49500;2026-MAY:49500;2026-JUNE:49500;2026-JULY:60500;2026-AUGUST:60500,
toorak melbourne,49500,LOW,2,0.1,3.59,1.17,2025-SEPTEMBER:40500;2025-OCTOBER:49500;2025-NOVEMBER:49500;2025-DECEMBER:49500;2026-JANUARY:49500;2026-FEBRUARY:49500;2026-MARCH:49500;2026-APRIL:60500;2026-MAY:49500;2026-JUNE:49500;2026-JULY:49500;2026-AUGUST:49500,
toorak vic,49500,LOW,2,0.1,3.59,1.17,2025-SEPTEMBER:40500;2025-OCTOBER:49500;2025-NOVEMBER:49500;2025-DECEMBER:49500;2026-JANUARY:49500;2026-FEBRUARY:49500;2026-MARCH:49500;2026-APRIL:60500;2026-MAY:49500;2026-JUNE:49500;2026-JULY:49500;2026-AUGUST:49500,
woolloongabba,49500,LOW,2,1.35,5.26,1.57,2025-SEPTEMBER:49500;2025-OCTOBER:49500;2025-NOVEMBER:49500;2025-DECEMBER:49500;2026-JANUARY:49500;2026-FEBRUARY:40500;2026-MARCH:49500;2026-APRIL:49500;2026-MAY:49500;2026-JUNE:49500;2026-JULY:60500;2026-AUGUST:60500,
toorak victoria,49500,LOW,2,0.1,3.6,1.17,2025-SEPTEMBER:40500;2025-OCTOBER:49500;2025-NOVEMBER:49500;2025-DECEMBER:49500;2026-JANUARY:49500;2026-FEBRUARY:49500;2026-MARCH:49500;2026-APRIL:60500;2026-MAY:49500;2026-JUNE:49500;2026-JULY:49500;2026-AUGUST:49500,
toorak australia,49500,LOW,2,0.1,3.6,1.17,2025-SEPTEMBER:40500;2025-OCTOBER:49500;2025-NOVEMBER:49500;2025-DECEMBER:49500;2026-JANUARY:49500;2026-FEBRUARY:49500;2026-MARCH:49500;2026-APRIL:60500;2026-MAY:49500;2026-JUNE:49500;2026-JULY:49500;2026-AUGUST:49500,
toorak,49500,LOW,2,0.1,3.6,1.17,2025-SEPTEMBER:40500;2025-OCTOBER:49500;2025-NOVEMBER:49500;2025-DECEMBER:49500;2026-JANUARY:49500;2026-FEBRUARY:49500;2026-MARCH:49500;2026-APRIL:60500;2026-MAY:49500;2026-JUNE:49500;2026-JULY:49500;2026-AUGUST:49500,
morayfield,49500,LOW,2,0.75,6.47,1.27,2025-SEPTEMBER:49500;2025-OCTOBER:49500;2025-NOVEMBER:49500;2025-DECEMBER:49500;2026-JANUARY:60500;2026-FEBRUARY:49500;2026-MARCH:49500;2026-APRIL:49500;2026-MAY:49500;2026-JUNE:49500;2026-JULY:60500;2026-AUGUST:60500,
mickleham,49500,LOW,2,1.13,4.86,4.04,2025-SEPTEMBER:49500;2025-OCTOBER:49500;2025-NOVEMBER:49500;2025-DECEMBER:40500;2026-JANUARY:49500;2026-FEBRUARY:49500;2026-MARCH:49500;2026-APRIL:49500;2026-MAY:49500;2026-JUNE:49500;2026-JULY:49500;2026-AUGUST:49500,
woolloogabba,49500,LOW,2,1.36,5.26,1.57,2025-SEPTEMBER:49500;2025-OCTOBER:49500;2025-NOVEMBER:49500;2025-DECEMBER:49500;2026-JANUARY:49500;2026-FEBRUARY:40500;2026-MARCH:49500;2026-APRIL:49500;2026-MAY:49500;2026-JUNE:49500;2026-JULY:60500;2026-AUGUST:60500,
morayfield queensland,49500,LOW,2,0.75,6.47,1.27,2025-SEPTEMBER:49500;2025-OCTOBER:49500;2025-NOVEMBER:49500;2025-DECEMBER:49500;2026-JANUARY:60500;2026-FEBRUARY:49500;2026-MARCH:49500;2026-APRIL:49500;2026-MAY:49500;2026-JUNE:49500;2026-JULY:60500;2026-AUGUST:60500,
woolloongabba qld 4102,49500,LOW,2,1.36,5.26,1.57,2025-SEPTEMBER:49500;2025-OCTOBER:49500;2025-NOVEMBER:49500;2025-DECEMBER:49500;2026-JANUARY:49500;2026-FEBRUARY:40500;2026-MARCH:49500;2026-APRIL:49500;2026-MAY:49500;2026-JUNE:49500;2026-JULY:60500;2026-AUGUST:60500,
browns plains qld,49500,LOW,3,0.91,4.01,1.3,2025-SEPTEMBER:49500;2025-OCTOBER:49500;2025-NOVEMBER:49500;2025-DECEMBER:49500;2026-JANUARY:49500;2026-FEBRUARY:40500;2026-MARCH:49500;2026-APRIL:49500;2026-MAY:49500;2026-JUNE:40500;2026-JULY:49500;2026-AUGUST:49500,
moorebank 2170,49500,LOW,2,0.26,19.35,1.14,2025-SEPTEMBER:49500;2025-OCTOBER:60500;2025-NOVEMBER:49500;2025-DECEMBER:40500;2026-JANUARY:49500;2026-FEBRUARY:49500;2026-MARCH:60500;2026-APRIL:49500;2026-MAY:60500;2026-JUNE:49500;2026-JULY:49500;2026-AUGUST:49500,
moorebank nsw 2170,49500,LOW,2,0.26,19.35,1.14,2025-SEPTEMBER:49500;2025-OCTOBER:60500;2025-NOVEMBER:49500;2025-DECEMBER:40500;2026-JANUARY:49500;2026-FEBRUARY:49500;2026-MARCH:60500;2026-APRIL:49500;2026-MAY:60500;2026-JUNE:49500;2026-JULY:49500;2026-AUGUST:49500,
moorebank sydney,49500,LOW,2,0.26,19.35,1.14,2025-SEPTEMBER:49500;2025-OCTOBER:60500;2025-NOVEMBER:49500;2025-DECEMBER:40500;2026-JANUARY:49500;2026-FEBRUARY:49500;2026-MARCH:60500;2026-APRIL:49500;2026-MAY:60500;2026-JUNE:49500;2026-JULY:49500;2026-AUGUST:49500,
morayfield qld 4506 australia,49500,LOW,2,0.75,6.47,1.27,2025-SEPTEMBER:49500;2025-OCTOBER:49500;2025-NOVEMBER:49500;2025-DECEMBER:49500;2026-JANUARY:60500;2026-FEBRUARY:49500;2026-MARCH:49500;2026-APRIL:49500;2026-MAY:49500;2026-JUNE:49500;2026-JULY:60500;2026-AUGUST:60500,
toorak vic australia,49500,LOW,2,0.1,3.6,1.17,2025-SEPTEMBER:40500;2025-OCTOBER:49500;2025-NOVEMBER:49500;2025-DECEMBER:49500;2026-JANUARY:49500;2026-FEBRUARY:49500;2026-MARCH:49500;2026-APRIL:60500;2026-MAY:49500;2026-JUNE:49500;2026-JULY:49500;2026-AUGUST:49500,
browns plains 4118,49500,LOW,3,0.91,4.01,1.3,2025-SEPTEMBER:49500;2025-OCTOBER:49500;2025-NOVEMBER:49500;2025-DECEMBER:49500;2026-JANUARY:49500;2026-FEBRUARY:40500;2026-MARCH:49500;2026-APRIL:49500;2026-MAY:49500;2026-JUNE:40500;2026-JULY:49500;2026-AUGUST:49500,
browns plains brisbane,49500,LOW,3,0.91,4.01,1.3,2025-SEPTEMBER:49500;2025-OCTOBER:49500;2025-NOVEMBER:49500;2025-DECEMBER:49500;2026-JANUARY:49500;2026-FEBRUARY:40500;2026-MARCH:49500;2026-APRIL:49500;2026-MAY:49500;2026-JUNE:40500;2026-JULY:49500;2026-AUGUST:49500,
mickleham vic,49500,LOW,2,1.13,4.86,4.04,2025-SEPTEMBER:49500;2025-OCTOBER:49500;2025-NOVEMBER:49500;2025-DECEMBER:40500;2026-JANUARY:49500;2026-FEBRUARY:49500;2026-MARCH:49500;2026-APRIL:49500;2026-MAY:49500;2026-JUNE:49500;2026-JULY:49500;2026-AUGUST:49500,
moorebank australia,49500,LOW,2,0.26,19.35,1.14,2025-SEPTEMBER:49500;2025-OCTOBER:60500;2025-NOVEMBER:49500;2025-DECEMBER:40500;2026-JANUARY:49500;2026-FEBRUARY:49500;2026-MARCH:60500;2026-APRIL:49500;2026-MAY:60500;2026-JUNE:49500;2026-JULY:49500;2026-AUGUST:49500,
toorak victoria australia,49500,LOW,2,0.1,3.6,1.17,2025-SEPTEMBER:40500;2025-OCTOBER:49500;2025-NOVEMBER:49500;2025-DECEMBER:49500;2026-JANUARY:49500;2026-FEBRUARY:49500;2026-MARCH:49500;2026-APRIL:60500;2026-MAY:49500;2026-JUNE:49500;2026-JULY:49500;2026-AUGUST:49500,
morayfield queensland australia,49500,LOW,2,0.75,6.44,1.26,2025-SEPTEMBER:49500;2025-OCTOBER:49500;2025-NOVEMBER:49500;2025-DECEMBER:49500;2026-JANUARY:60500;2026-FEBRUARY:49500;2026-MARCH:49500;2026-APRIL:49500;2026-MAY:49500;2026-JUNE:49500;2026-JULY:60500;2026-AUGUST:60500,
toorak melbourne australia,49500,LOW,2,0.1,3.58,1.17,2025-SEPTEMBER:40500;2025-OCTOBER:49500;2025-NOVEMBER:49500;2025-DECEMBER:49500;2026-JANUARY:49500;2026-FEBRUARY:49500;2026-MARCH:49500;2026-APRIL:60500;2026-MAY:49500;2026-JUNE:49500;2026-JULY:49500;2026-AUGUST:49500,
woolloongabba qld australia,49500,LOW,2,1.35,5.24,1.56,2025-SEPTEMBER:49500;2025-OCTOBER:49500;2025-NOVEMBER:49500;2025-DECEMBER:49500;2026-JANUARY:49500;2026-FEBRUARY:40500;2026-MARCH:49500;2026-APRIL:49500;2026-MAY:49500;2026-JUNE:49500;2026-JULY:60500;2026-AUGUST:60500,
wooloongabba,49500,LOW,2,1.35,5.24,1.56,2025-SEPTEMBER:49500;2025-OCTOBER:49500;2025-NOVEMBER:49500;2025-DECEMBER:49500;2026-JANUARY:49500;2026-FEBRUARY:40500;2026-MARCH:49500;2026-APRIL:49500;2026-MAY:49500;2026-JUNE:49500;2026-JULY:60500;2026-AUGUST:60500,
negative gearing,40500,LOW,5,0.02,0.51,0.84,2025-SEPTEMBER:9900;2025-OCTOBER:9900;2025-NOVEMBER:6600;2025-DECEMBER:6600;2026-JANUARY:6600;2026-FEBRUARY:22200;2026-MARCH:18100;2026-APRIL:49500;2026-MAY:201000;2026-JUNE:60500;2026-JULY:33100;2026-AUGUST:14800,
eight mile plains,40500,LOW,3,1.02,4.78,1.17,2025-SEPTEMBER:40500;2025-OCTOBER:40500;2025-NOVEMBER:33100;2025-DECEMBER:33100;2026-JANUARY:33100;2026-FEBRUARY:33100;2026-MARCH:40500;2026-APRIL:40500;2026-MAY:40500;2026-JUNE:40500;2026-JULY:49500;2026-AUGUST:49500,
kirrawee,40500,LOW,2,0.0,0.0,1.0,2025-SEPTEMBER:33100;2025-OCTOBER:33100;2025-NOVEMBER:40500;2025-DECEMBER:33100;2026-JANUARY:33100;2026-FEBRUARY:33100;2026-MARCH:40500;2026-APRIL:33100;2026-MAY:33100;2026-JUNE:33100;2026-JULY:33100;2026-AUGUST:40500,
broken hill nsw 2880 australia,40500,LOW,2,0.09,1.95,1.36,2025-SEPTEMBER:40500;2025-OCTOBER:40500;2025-NOVEMBER:33100;2025-DECEMBER:33100;2026-JANUARY:40500;2026-FEBRUARY:40500;2026-MARCH:49500;2026-APRIL:40500;2026-MAY:40500;2026-JUNE:40500;2026-JULY:49500;2026-AUGUST:60500,
8 mile plains brisbane,40500,LOW,3,1.01,4.76,1.17,2025-SEPTEMBER:40500;2025-OCTOBER:40500;2025-NOVEMBER:33100;2025-DECEMBER:33100;2026-JANUARY:33100;2026-FEBRUARY:33100;2026-MARCH:40500;2026-APRIL:40500;2026-MAY:40500;2026-JUNE:40500;2026-JULY:49500;2026-AUGUST:49500,
stamp duty calculator nsw,33100,MEDIUM,36,0.12,0.92,0.89,2025-SEPTEMBER:40500;2025-OCTOBER:40500;2025-NOVEMBER:40500;2025-DECEMBER:27100;2026-JANUARY:33100;2026-FEBRUARY:33100;2026-MARCH:33100;2026-APRIL:27100;2026-MAY:27100;2026-JUNE:27100;2026-JULY:22200;2026-AUGUST:22200,
borrowing power calculator,33100,HIGH,76,0.81,5.41,3.92,2025-SEPTEMBER:40500;2025-OCTOBER:40500;2025-NOVEMBER:40500;2025-DECEMBER:27100;2026-JANUARY:40500;2026-FEBRUARY:33100;2026-MARCH:33100;2026-APRIL:33100;2026-MAY:40500;2026-JUNE:33100;2026-JULY:33100;2026-AUGUST:33100,borrow power calculator|calculate borrowing power
braybrook,33100,LOW,2,0.73,5.04,1.27,2025-SEPTEMBER:33100;2025-OCTOBER:33100;2025-NOVEMBER:33100;2025-DECEMBER:33100;2026-JANUARY:33100;2026-FEBRUARY:33100;2026-MARCH:40500;2026-APRIL:33100;2026-MAY:40500;2026-JUNE:33100;2026-JULY:40500;2026-AUGUST:40500,
buderim 4556,33100,LOW,3,0.33,2.31,1.65,2025-SEPTEMBER:33100;2025-OCTOBER:33100;2025-NOVEMBER:33100;2025-DECEMBER:33100;2026-JANUARY:33100;2026-FEBRUARY:27100;2026-MARCH:33100;2026-APRIL:33100;2026-MAY:33100;2026-JUNE:33100;2026-JULY:33100;2026-AUGUST:33100,
buderim qld,33100,LOW,3,0.33,2.32,1.66,2025-SEPTEMBER:33100;2025-OCTOBER:33100;2025-NOVEMBER:33100;2025-DECEMBER:33100;2026-JANUARY:33100;2026-FEBRUARY:27100;2026-MARCH:33100;2026-APRIL:33100;2026-MAY:33100;2026-JUNE:33100;2026-JULY:33100;2026-AUGUST:33100,
capital gains tax,33100,LOW,3,0.03,0.96,0.89,2025-SEPTEMBER:18100;2025-OCTOBER:18100;2025-NOVEMBER:14800;2025-DECEMBER:9900;2026-JANUARY:18100;2026-FEBRUARY:49500;2026-MARCH:49500;2026-APRIL:40500;2026-MAY:74000;2026-JUNE:40500;2026-JULY:18100;2026-AUGUST:18100,
killara nsw,33100,LOW,2,0.52,2.97,0.97,2025-SEPTEMBER:33100;2025-OCTOBER:33100;2025-NOVEMBER:33100;2025-DECEMBER:33100;2026-JANUARY:40500;2026-FEBRUARY:33100;2026-MARCH:40500;2026-APRIL:33100;2026-MAY:40500;2026-JUNE:33100;2026-JULY:33100;2026-AUGUST:40500,
buderim town,33100,LOW,3,0.33,2.32,1.66,2025-SEPTEMBER:33100;2025-OCTOBER:33100;2025-NOVEMBER:33100;2025-DECEMBER:33100;2026-JANUARY:33100;2026-FEBRUARY:27100;2026-MARCH:33100;2026-APRIL:33100;2026-MAY:33100;2026-JUNE:33100;2026-JULY:33100;2026-AUGUST:33100,
buderim qld 4556 australia,33100,LOW,3,0.33,2.32,1.66,2025-SEPTEMBER:33100;2025-OCTOBER:33100;2025-NOVEMBER:33100;2025-DECEMBER:33100;2026-JANUARY:33100;2026-FEBRUARY:27100;2026-MARCH:33100;2026-APRIL:33100;2026-MAY:33100;2026-JUNE:33100;2026-JULY:33100;2026-AUGUST:33100,
lending calculator,33100,MEDIUM,63,0.98,4.68,4.01,2025-SEPTEMBER:40500;2025-OCTOBER:40500;2025-NOVEMBER:40500;2025-DECEMBER:27100;2026-JANUARY:40500;2026-FEBRUARY:33100;2026-MARCH:33100;2026-APRIL:33100;2026-MAY:33100;2026-JUNE:27100;2026-JULY:27100;2026-AUGUST:27100,
borrowing power calcualtor,33100,HIGH,76,0.81,5.42,3.93,2025-SEPTEMBER:40500;2025-OCTOBER:40500;2025-NOVEMBER:40500;2025-DECEMBER:27100;2026-JANUARY:40500;2026-FEBRUARY:33100;2026-MARCH:33100;2026-APRIL:33100;2026-MAY:40500;2026-JUNE:33100;2026-JULY:33100;2026-AUGUST:33100,borrowing power calculatir
braybrook vic,33100,LOW,2,0.73,5.04,1.27,2025-SEPTEMBER:33100;2025-OCTOBER:33100;2025-NOVEMBER:33100;2025-DECEMBER:33100;2026-JANUARY:33100;2026-FEBRUARY:33100;2026-MARCH:40500;2026-APRIL:33100;2026-MAY:40500;2026-JUNE:33100;2026-JULY:40500;2026-AUGUST:40500,
buderim qld australia,33100,LOW,3,0.33,2.32,1.66,2025-SEPTEMBER:33100;2025-OCTOBER:33100;2025-NOVEMBER:33100;2025-DECEMBER:33100;2026-JANUARY:33100;2026-FEBRUARY:27100;2026-MARCH:33100;2026-APRIL:33100;2026-MAY:33100;2026-JUNE:33100;2026-JULY:33100;2026-AUGUST:33100,
bulleen vic australia,33100,LOW,3,0.0,0.0,1.06,2025-SEPTEMBER:27100;2025-OCTOBER:27100;2025-NOVEMBER:27100;2025-DECEMBER:27100;2026-JANUARY:27100;2026-FEBRUARY:27100;2026-MARCH:33100;2026-APRIL:40500;2026-MAY:40500;2026-JUNE:40500;2026-JULY:33100;2026-AUGUST:33100,
killara nsw 2071 australia,33100,LOW,2,0.51,2.96,0.96,2025-SEPTEMBER:33100;2025-OCTOBER:33100;2025-NOVEMBER:33100;2025-DECEMBER:33100;2026-JANUARY:40500;2026-FEBRUARY:33100;2026-MARCH:40500;2026-APRIL:33100;2026-MAY:40500;2026-JUNE:33100;2026-JULY:33100;2026-AUGUST:40500,
buderim queensland australia,33100,LOW,3,0.33,2.31,1.65,2025-SEPTEMBER:33100;2025-OCTOBER:33100;2025-NOVEMBER:33100;2025-DECEMBER:33100;2026-JANUARY:33100;2026-FEBRUARY:27100;2026-MARCH:33100;2026-APRIL:33100;2026-MAY:33100;2026-JUNE:33100;2026-JULY:33100;2026-AUGUST:33100,
balwyn north,27100,LOW,3,0.16,1.56,0.46,2025-SEPTEMBER:27100;2025-OCTOBER:27100;2025-NOVEMBER:27100;2025-DECEMBER:27100;2026-JANUARY:27100;2026-FEBRUARY:27100;2026-MARCH:27100;2026-APRIL:27100;2026-MAY:27100;2026-JUNE:27100;2026-JULY:27100;2026-AUGUST:27100,
north balwyn,27100,LOW,3,0.16,1.56,0.46,2025-SEPTEMBER:27100;2025-OCTOBER:27100;2025-NOVEMBER:27100;2025-DECEMBER:27100;2026-JANUARY:27100;2026-FEBRUARY:27100;2026-MARCH:27100;2026-APRIL:27100;2026-MAY:27100;2026-JUNE:27100;2026-JULY:27100;2026-AUGUST:27100,
balwyn north vic,27100,LOW,3,0.16,1.56,0.46,2025-SEPTEMBER:27100;2025-OCTOBER:27100;2025-NOVEMBER:27100;2025-DECEMBER:27100;2026-JANUARY:27100;2026-FEBRUARY:27100;2026-MARCH:27100;2026-APRIL:27100;2026-MAY:27100;2026-JUNE:27100;2026-JULY:27100;2026-AUGUST:27100,
balwyn north melbourne,27100,LOW,3,0.16,1.56,0.46,2025-SEPTEMBER:27100;2025-OCTOBER:27100;2025-NOVEMBER:27100;2025-DECEMBER:27100;2026-JANUARY:27100;2026-FEBRUARY:27100;2026-MARCH:27100;2026-APRIL:27100;2026-MAY:27100;2026-JUNE:27100;2026-JULY:27100;2026-AUGUST:27100,
balwyn north victoria,27100,LOW,3,0.16,1.56,0.46,2025-SEPTEMBER:27100;2025-OCTOBER:27100;2025-NOVEMBER:27100;2025-DECEMBER:27100;2026-JANUARY:27100;2026-FEBRUARY:27100;2026-MARCH:27100;2026-APRIL:27100;2026-MAY:27100;2026-JUNE:27100;2026-JULY:27100;2026-AUGUST:27100,
balwyn north australia,27100,LOW,3,0.16,1.56,0.46,2025-SEPTEMBER:27100;2025-OCTOBER:27100;2025-NOVEMBER:27100;2025-DECEMBER:27100;2026-JANUARY:27100;2026-FEBRUARY:27100;2026-MARCH:27100;2026-APRIL:27100;2026-MAY:27100;2026-JUNE:27100;2026-JULY:27100;2026-AUGUST:27100,
stamp duty calculator qld,27100,LOW,26,0.16,1.47,1.37,2025-SEPTEMBER:33100;2025-OCTOBER:33100;2025-NOVEMBER:33100;2025-DECEMBER:22200;2026-JANUARY:27100;2026-FEBRUARY:27100;2026-MARCH:27100;2026-APRIL:22200;2026-MAY:22200;2026-JUNE:22200;2026-JULY:18100;2026-AUGUST:18100,
stamp duty qld calculator,27100,LOW,26,0.16,1.47,1.37,2025-SEPTEMBER:33100;2025-OCTOBER:33100;2025-NOVEMBER:33100;2025-DECEMBER:22200;2026-JANUARY:27100;2026-FEBRUARY:27100;2026-MARCH:27100;2026-APRIL:22200;2026-MAY:22200;2026-JUNE:22200;2026-JULY:18100;2026-AUGUST:18100,qld stamp duty calculator
balywn north,27100,LOW,3,0.16,1.56,0.46,2025-SEPTEMBER:27100;2025-OCTOBER:27100;2025-NOVEMBER:27100;2025-DECEMBER:27100;2026-JANUARY:27100;2026-FEBRUARY:27100;2026-MARCH:27100;2026-APRIL:27100;2026-MAY:27100;2026-JUNE:27100;2026-JULY:27100;2026-AUGUST:27100,
queensland stamp duty calculator,27100,LOW,26,0.16,1.46,1.36,2025-SEPTEMBER:33100;2025-OCTOBER:33100;2025-NOVEMBER:33100;2025-DECEMBER:22200;2026-JANUARY:27100;2026-FEBRUARY:27100;2026-MARCH:27100;2026-APRIL:22200;2026-MAY:22200;2026-JUNE:22200;2026-JULY:18100;2026-AUGUST:18100,
stamp duty calc qld,27100,LOW,26,0.16,1.46,1.36,2025-SEPTEMBER:33100;2025-OCTOBER:33100;2025-NOVEMBER:33100;2025-DECEMBER:22200;2026-JANUARY:27100;2026-FEBRUARY:27100;2026-MARCH:27100;2026-APRIL:22200;2026-MAY:22200;2026-JUNE:22200;2026-JULY:18100;2026-AUGUST:18100,
conveyancer,22200,MEDIUM,58,8.51,31.65,31.01,2025-SEPTEMBER:27100;2025-OCTOBER:27100;2025-NOVEMBER:27100;2025-DECEMBER:18100;2026-JANUARY:22200;2026-FEBRUARY:22200;2026-MARCH:27100;2026-APRIL:22200;2026-MAY:22200;2026-JUNE:18100;2026-JULY:22200;2026-AUGUST:22200,
taren point nsw,22200,LOW,3,0.0,0.0,0.73,2025-SEPTEMBER:22200;2025-OCTOBER:22200;2025-NOVEMBER:22200;2025-DECEMBER:18100;2026-JANUARY:22200;2026-FEBRUARY:22200;2026-MARCH:27100;2026-APRIL:22200;2026-MAY:22200;2026-JUNE:22200;2026-JULY:22200;2026-AUGUST:22200,
taren point,22200,LOW,3,0.0,0.0,0.73,2025-SEPTEMBER:22200;2025-OCTOBER:22200;2025-NOVEMBER:22200;2025-DECEMBER:18100;2026-JANUARY:22200;2026-FEBRUARY:22200;2026-MARCH:27100;2026-APRIL:22200;2026-MAY:22200;2026-JUNE:22200;2026-JULY:22200;2026-AUGUST:22200,
cootamundra,22200,LOW,1,0.23,5.35,1.43,2025-SEPTEMBER:22200;2025-OCTOBER:22200;2025-NOVEMBER:22200;2025-DECEMBER:18100;2026-JANUARY:18100;2026-FEBRUARY:22200;2026-MARCH:22200;2026-APRIL:22200;2026-MAY:22200;2026-JUNE:18100;2026-JULY:18100;2026-AUGUST:22200,
liverpool 2170,22200,LOW,2,1.01,5.32,2.84,2025-SEPTEMBER:22200;2025-OCTOBER:22200;2025-NOVEMBER:22200;2025-DECEMBER:40500;2026-JANUARY:22200;2026-FEBRUARY:22200;2026-MARCH:27100;2026-APRIL:22200;2026-MAY:22200;2026-JUNE:22200;2026-JULY:22200;2026-AUGUST:22200,
denham court,22200,LOW,2,0.13,1.0,0.35,2025-SEPTEMBER:22200;2025-OCTOBER:27100;2025-NOVEMBER:22200;2025-DECEMBER:18100;2026-JANUARY:22200;2026-FEBRUARY:18100;2026-MARCH:22200;2026-APRIL:27100;2026-MAY:22200;2026-JUNE:22200;2026-JULY:18100;2026-AUGUST:22200,
cammeray,22200,LOW,3,22.44,28.5,3.73,2025-SEPTEMBER:22200;2025-OCTOBER:27100;2025-NOVEMBER:22200;2025-DECEMBER:22200;2026-JANUARY:22200;2026-FEBRUARY:22200;2026-MARCH:27100;2026-APRIL:22200;2026-MAY:27100;2026-JUNE:22200;2026-JULY:18100;2026-AUGUST:22200,
hawthorn east,18100,LOW,3,0.14,2.46,0.72,2025-SEPTEMBER:18100;2025-OCTOBER:18100;2025-NOVEMBER:18100;2025-DECEMBER:14800;2026-JANUARY:18100;2026-FEBRUARY:18100;2026-MARCH:22200;2026-APRIL:18100;2026-MAY:22200;2026-JUNE:18100;2026-JULY:18100;2026-AUGUST:18100,
east hawthorn melbourne,18100,LOW,3,0.14,2.47,0.72,2025-SEPTEMBER:18100;2025-OCTOBER:18100;2025-NOVEMBER:18100;2025-DECEMBER:14800;2026-JANUARY:18100;2026-FEBRUARY:18100;2026-MARCH:22200;2026-APRIL:18100;2026-MAY:22200;2026-JUNE:18100;2026-JULY:18100;2026-AUGUST:18100,
hawthorn east vic,18100,LOW,3,0.14,2.47,0.72,2025-SEPTEMBER:18100;2025-OCTOBER:18100;2025-NOVEMBER:18100;2025-DECEMBER:14800;2026-JANUARY:18100;2026-FEBRUARY:18100;2026-MARCH:22200;2026-APRIL:18100;2026-MAY:22200;2026-JUNE:18100;2026-JULY:18100;2026-AUGUST:18100,
penrith 2750,18100,LOW,2,1.46,5.22,1.78,2025-SEPTEMBER:18100;2025-OCTOBER:18100;2025-NOVEMBER:18100;2025-DECEMBER:14800;2026-JANUARY:14800;2026-FEBRUARY:14800;2026-MARCH:22200;2026-APRIL:18100;2026-MAY:18100;2026-JUNE:14800;2026-JULY:18100;2026-AUGUST:18100,
spring farm,18100,LOW,2,0.0,0.0,0.59,2025-SEPTEMBER:18100;2025-OCTOBER:18100;2025-NOVEMBER:18100;2025-DECEMBER:14800;2026-JANUARY:18100;2026-FEBRUARY:14800;2026-MARCH:18100;2026-APRIL:14800;2026-MAY:18100;2026-JUNE:18100;2026-JULY:14800;2026-AUGUST:14800,
turrella nsw,18100,LOW,2,0.0,0.0,0.78,2025-SEPTEMBER:18100;2025-OCTOBER:18100;2025-NOVEMBER:18100;2025-DECEMBER:18100;2026-JANUARY:18100;2026-FEBRUARY:18100;2026-MARCH:22200;2026-APRIL:18100;2026-MAY:18100;2026-JUNE:18100;2026-JULY:18100;2026-AUGUST:18100,
upper mount gravatt,18100,LOW,2,0.0,0.0,1.34,2025-SEPTEMBER:14800;2025-OCTOBER:14800;2025-NOVEMBER:14800;2025-DECEMBER:12100;2026-JANUARY:12100;2026-FEBRUARY:14800;2026-MARCH:14800;2026-APRIL:14800;2026-MAY:14800;2026-JUNE:14800;2026-JULY:27100;2026-AUGUST:27100,
stamp duty calculator wa,14800,LOW,19,0.22,1.8,1.61,2025-SEPTEMBER:18100;2025-OCTOBER:18100;2025-NOVEMBER:14800;2025-DECEMBER:12100;2026-JANUARY:14800;2026-FEBRUARY:14800;2026-MARCH:14800;2026-APRIL:12100;2026-MAY:14800;2026-JUNE:12100;2026-JULY:9900;2026-AUGUST:9900,
graceville,14800,LOW,2,0.0,0.0,0.45,2025-SEPTEMBER:12100;2025-OCTOBER:14800;2025-NOVEMBER:12100;2025-DECEMBER:12100;2026-JANUARY:12100;2026-FEBRUARY:12100;2026-MARCH:12100;2026-APRIL:14800;2026-MAY:14800;2026-JUNE:14800;2026-JULY:18100;2026-AUGUST:18100,
pooraka,14800,LOW,2,0.0,0.0,0.93,2025-SEPTEMBER:14800;2025-OCTOBER:14800;2025-NOVEMBER:14800;2025-DECEMBER:14800;2026-JANUARY:14800;2026-FEBRUARY:14800;2026-MARCH:18100;2026-APRIL:14800;2026-MAY:14800;2026-JUNE:14800;2026-JULY:14800;2026-AUGUST:14800,
darling point,14800,LOW,2,0.46,2.52,1.82,2025-SEPTEMBER:14800;2025-OCTOBER:14800;2025-NOVEMBER:14800;2025-DECEMBER:18100;2026-JANUARY:14800;2026-FEBRUARY:14800;2026-MARCH:14800;2026-APRIL:14800;2026-MAY:14800;2026-JUNE:12100;2026-JULY:12100;2026-AUGUST:14800,
how much can i borrow,12100,HIGH,75,0.91,5.25,4.45,2025-SEPTEMBER:14800;2025-OCTOBER:14800;2025-NOVEMBER:12100;2025-DECEMBER:9900;2026-JANUARY:14800;2026-FEBRUARY:12100;2026-MARCH:12100;2026-APRIL:9900;2026-MAY:9900;2026-JUNE:8100;2026-JULY:8100;2026-AUGUST:8100,how much i can borrow
borrowing capacity calculator,12100,HIGH,79,0.98,6.05,4.27,2025-SEPTEMBER:9900;2025-OCTOBER:12100;2025-NOVEMBER:9900;2025-DECEMBER:8100;2026-JANUARY:14800;2026-FEBRUARY:12100;2026-MARCH:12100;2026-APRIL:9900;2026-MAY:12100;2026-JUNE:9900;2026-JULY:12100;2026-AUGUST:12100,
davoren park,12100,LOW,1,0.09,1.41,0.24,2025-SEPTEMBER:12100;2025-OCTOBER:12100;2025-NOVEMBER:9900;2025-DECEMBER:9900;2026-JANUARY:9900;2026-FEBRUARY:14800;2026-MARCH:12100;2026-APRIL:12100;2026-MAY:12100;2026-JUNE:12100;2026-JULY:12100;2026-AUGUST:12100,
gordonvale queensland,12100,LOW,2,0.33,5.09,1.58,2025-SEPTEMBER:12100;2025-OCTOBER:12100;2025-NOVEMBER:9900;2025-DECEMBER:9900;2026-JANUARY:9900;2026-FEBRUARY:8100;2026-MARCH:9900;2026-APRIL:9900;2026-MAY:12100;2026-JUNE:12100;2026-JULY:12100;2026-AUGUST:14800,
how much could i lend,12100,HIGH,75,0.91,5.25,4.46,2025-SEPTEMBER:14800;2025-OCTOBER:14800;2025-NOVEMBER:12100;2025-DECEMBER:9900;2026-JANUARY:14800;2026-FEBRUARY:12100;2026-MARCH:12100;2026-APRIL:9900;2026-MAY:9900;2026-JUNE:8100;2026-JULY:8100;2026-AUGUST:8100,
sell house australia,12100,LOW,1,1.72,12.29,11.13,2025-SEPTEMBER:12100;2025-OCTOBER:14800;2025-NOVEMBER:14800;2025-DECEMBER:9900;2026-JANUARY:12100;2026-FEBRUARY:8100;2026-MARCH:12100;2026-APRIL:12100;2026-MAY:14800;2026-JUNE:14800;2026-JULY:12100;2026-AUGUST:6600,selling houses in australia
jordanville,12100,LOW,1,0.0,0.0,0.65,2025-SEPTEMBER:12100;2025-OCTOBER:12100;2025-NOVEMBER:12100;2025-DECEMBER:9900;2026-JANUARY:9900;2026-FEBRUARY:9900;2026-MARCH:14800;2026-APRIL:12100;2026-MAY:14800;2026-JUNE:12100;2026-JULY:12100;2026-AUGUST:12100,
how much can borrow,12100,HIGH,75,0.91,5.26,4.46,2025-SEPTEMBER:14800;2025-OCTOBER:14800;2025-NOVEMBER:12100;2025-DECEMBER:9900;2026-JANUARY:14800;2026-FEBRUARY:12100;2026-MARCH:12100;2026-APRIL:9900;2026-MAY:9900;2026-JUNE:8100;2026-JULY:8100;2026-AUGUST:8100,
calculate borrowing capacity,12100,HIGH,79,0.98,6.06,4.28,2025-SEPTEMBER:9900;2025-OCTOBER:12100;2025-NOVEMBER:9900;2025-DECEMBER:8100;2026-JANUARY:14800;2026-FEBRUARY:12100;2026-MARCH:12100;2026-APRIL:9900;2026-MAY:12100;2026-JUNE:9900;2026-JULY:12100;2026-AUGUST:12100,
calculate my borrowing capacity,12100,HIGH,79,0.98,6.06,4.28,2025-SEPTEMBER:9900;2025-OCTOBER:12100;2025-NOVEMBER:9900;2025-DECEMBER:8100;2026-JANUARY:14800;2026-FEBRUARY:12100;2026-MARCH:12100;2026-APRIL:9900;2026-MAY:12100;2026-JUNE:9900;2026-JULY:12100;2026-AUGUST:12100,
how much i could borrow,12100,HIGH,75,0.91,5.23,4.44,2025-SEPTEMBER:14800;2025-OCTOBER:14800;2025-NOVEMBER:12100;2025-DECEMBER:9900;2026-JANUARY:14800;2026-FEBRUARY:12100;2026-MARCH:12100;2026-APRIL:9900;2026-MAY:9900;2026-JUNE:8100;2026-JULY:8100;2026-AUGUST:8100,
oakleigh south,12100,LOW,2,0.14,1.95,1.01,2025-SEPTEMBER:12100;2025-OCTOBER:12100;2025-NOVEMBER:12100;2025-DECEMBER:9900;2026-JANUARY:12100;2026-FEBRUARY:12100;2026-MARCH:14800;2026-APRIL:12100;2026-MAY:12100;2026-JUNE:12100;2026-JULY:12100;2026-AUGUST:14800,
selling house in australia,12100,LOW,1,1.72,12.23,11.08,2025-SEPTEMBER:12100;2025-OCTOBER:14800;2025-NOVEMBER:14800;2025-DECEMBER:9900;2026-JANUARY:12100;2026-FEBRUARY:8100;2026-MARCH:12100;2026-APRIL:12100;2026-MAY:14800;2026-JUNE:14800;2026-JULY:12100;2026-AUGUST:6600,
catherine hill bay,12100,LOW,2,0.57,2.38,1.77,2025-SEPTEMBER:12100;2025-OCTOBER:14800;2025-NOVEMBER:12100;2025-DECEMBER:14800;2026-JANUARY:18100;2026-FEBRUARY:9900;2026-MARCH:9900;2026-APRIL:14800;2026-MAY:9900;2026-JUNE:9900;2026-JULY:9900;2026-AUGUST:9900,
mortgage calculator australia,9900,HIGH,72,0.87,3.87,3.25,2025-SEPTEMBER:12100;2025-OCTOBER:12100;2025-NOVEMBER:9900;2025-DECEMBER:8100;2026-JANUARY:12100;2026-FEBRUARY:9900;2026-MARCH:9900;2026-APRIL:8100;2026-MAY:9900;2026-JUNE:6600;2026-JULY:6600;2026-AUGUST:8100,
flinders view,9900,LOW,2,0.04,3.6,0.77,2025-SEPTEMBER:8100;2025-OCTOBER:9900;2025-NOVEMBER:9900;2025-DECEMBER:8100;2026-JANUARY:9900;2026-FEBRUARY:8100;2026-MARCH:9900;2026-APRIL:9900;2026-MAY:9900;2026-JUNE:9900;2026-JULY:9900;2026-AUGUST:9900,
mortgage estimator australia,9900,HIGH,72,0.87,3.88,3.26,2025-SEPTEMBER:12100;2025-OCTOBER:12100;2025-NOVEMBER:9900;2025-DECEMBER:8100;2026-JANUARY:12100;2026-FEBRUARY:9900;2026-MARCH:9900;2026-APRIL:8100;2026-MAY:9900;2026-JUNE:6600;2026-JULY:6600;2026-AUGUST:8100,
flinders view ipswich,9900,LOW,2,0.04,3.6,0.77,2025-SEPTEMBER:8100;2025-OCTOBER:9900;2025-NOVEMBER:9900;2025-DECEMBER:8100;2026-JANUARY:9900;2026-FEBRUARY:8100;2026-MARCH:9900;2026-APRIL:9900;2026-MAY:9900;2026-JUNE:9900;2026-JULY:9900;2026-AUGUST:9900,
pascoe vale south,9900,LOW,3,0.0,0.0,0.67,2025-SEPTEMBER:8100;2025-OCTOBER:9900;2025-NOVEMBER:8100;2025-DECEMBER:8100;2026-JANUARY:8100;2026-FEBRUARY:9900;2026-MARCH:9900;2026-APRIL:9900;2026-MAY:9900;2026-JUNE:8100;2026-JULY:9900;2026-AUGUST:9900,
australian mortgage calculator,9900,HIGH,72,0.87,3.88,3.26,2025-SEPTEMBER:12100;2025-OCTOBER:12100;2025-NOVEMBER:9900;2025-DECEMBER:8100;2026-JANUARY:12100;2026-FEBRUARY:9900;2026-MARCH:9900;2026-APRIL:8100;2026-MAY:9900;2026-JUNE:6600;2026-JULY:6600;2026-AUGUST:8100,
upgrading,9900,LOW,0,3.48,9.62,60.48,2025-SEPTEMBER:12100;2025-OCTOBER:12100;2025-NOVEMBER:9900;2025-DECEMBER:8100;2026-JANUARY:8100;2026-FEBRUARY:6600;2026-MARCH:8100;2026-APRIL:8100;2026-MAY:8100;2026-JUNE:9900;2026-JULY:8100;2026-AUGUST:8100,
bayswater north,9900,LOW,2,0.0,0.0,1.26,2025-SEPTEMBER:12100;2025-OCTOBER:9900;2025-NOVEMBER:9900;2025-DECEMBER:9900;2026-JANUARY:9900;2026-FEBRUARY:9900;2026-MARCH:12100;2026-APRIL:12100;2026-MAY:9900;2026-JUNE:9900;2026-JULY:9900;2026-AUGUST:12100,
camberwell vic,9900,LOW,2,0.69,7.3,0.65,2025-SEPTEMBER:9900;2025-OCTOBER:9900;2025-NOVEMBER:9900;2025-DECEMBER:8100;2026-JANUARY:8100;2026-FEBRUARY:9900;2026-MARCH:9900;2026-APRIL:9900;2026-MAY:9900;2026-JUNE:8100;2026-JULY:8100;2026-AUGUST:9900,
home loan borrowing calculator,8100,HIGH,79,1.28,6.44,5.62,2025-SEPTEMBER:8100;2025-OCTOBER:9900;2025-NOVEMBER:8100;2025-DECEMBER:6600;2026-JANUARY:9900;2026-FEBRUARY:8100;2026-MARCH:9900;2026-APRIL:6600;2026-MAY:8100;2026-JUNE:6600;2026-JULY:6600;2026-AUGUST:6600,
mortgage borrowing calculator,8100,HIGH,79,1.28,6.44,5.62,2025-SEPTEMBER:8100;2025-OCTOBER:9900;2025-NOVEMBER:8100;2025-DECEMBER:6600;2026-JANUARY:9900;2026-FEBRUARY:8100;2026-MARCH:9900;2026-APRIL:6600;2026-MAY:8100;2026-JUNE:6600;2026-JULY:6600;2026-AUGUST:6600,
how much can i borrow home loan,8100,HIGH,79,1.71,7.72,6.94,2025-SEPTEMBER:9900;2025-OCTOBER:12100;2025-NOVEMBER:8100;2025-DECEMBER:6600;2026-JANUARY:9900;2026-FEBRUARY:8100;2026-MARCH:8100;2026-APRIL:6600;2026-MAY:8100;2026-JUNE:6600;2026-JULY:5400;2026-AUGUST:5400,
how much can i borrow mortgage,8100,HIGH,79,1.71,7.72,6.94,2025-SEPTEMBER:9900;2025-OCTOBER:12100;2025-NOVEMBER:8100;2025-DECEMBER:6600;2026-JANUARY:9900;2026-FEBRUARY:8100;2026-MARCH:8100;2026-APRIL:6600;2026-MAY:8100;2026-JUNE:6600;2026-JULY:5400;2026-AUGUST:5400,
wynnum west,8100,LOW,3,0.0,0.0,0.39,2025-SEPTEMBER:9900;2025-OCTOBER:9900;2025-NOVEMBER:8100;2025-DECEMBER:8100;2026-JANUARY:8100;2026-FEBRUARY:8100;2026-MARCH:9900;2026-APRIL:8100;2026-MAY:8100;2026-JUNE:8100;2026-JULY:8100;2026-AUGUST:8100,
borrowing calculator,8100,HIGH,76,0.76,4.78,3.34,2025-SEPTEMBER:9900;2025-OCTOBER:9900;2025-NOVEMBER:8100;2025-DECEMBER:6600;2026-JANUARY:9900;2026-FEBRUARY:8100;2026-MARCH:9900;2026-APRIL:8100;2026-MAY:8100;2026-JUNE:6600;2026-JULY:6600;2026-AUGUST:6600,
how much can i borrow for a home loan,8100,HIGH,79,1.72,7.73,6.95,2025-SEPTEMBER:9900;2025-OCTOBER:12100;2025-NOVEMBER:8100;2025-DECEMBER:6600;2026-JANUARY:9900;2026-FEBRUARY:8100;2026-MARCH:8100;2026-APRIL:6600;2026-MAY:8100;2026-JUNE:6600;2026-JULY:5400;2026-AUGUST:5400,how much can i borrow for home loan|home loan how much can i borrow
borrowing calculator home loan,8100,HIGH,79,1.28,6.45,5.63,2025-SEPTEMBER:8100;2025-OCTOBER:9900;2025-NOVEMBER:8100;2025-DECEMBER:6600;2026-JANUARY:9900;2026-FEBRUARY:8100;2026-MARCH:9900;2026-APRIL:6600;2026-MAY:8100;2026-JUNE:6600;2026-JULY:6600;2026-AUGUST:6600,
how much i can borrow for mortgage,8100,HIGH,79,1.72,7.73,6.95,2025-SEPTEMBER:9900;2025-OCTOBER:12100;2025-NOVEMBER:8100;2025-DECEMBER:6600;2026-JANUARY:9900;2026-FEBRUARY:8100;2026-MARCH:8100;2026-APRIL:6600;2026-MAY:8100;2026-JUNE:6600;2026-JULY:5400;2026-AUGUST:5400,
borrowing mortgage calculator,8100,HIGH,79,1.28,6.45,5.63,2025-SEPTEMBER:8100;2025-OCTOBER:9900;2025-NOVEMBER:8100;2025-DECEMBER:6600;2026-JANUARY:9900;2026-FEBRUARY:8100;2026-MARCH:9900;2026-APRIL:6600;2026-MAY:8100;2026-JUNE:6600;2026-JULY:6600;2026-AUGUST:6600,
deepdene,8100,LOW,2,0.0,0.0,0.29,2025-SEPTEMBER:8100;2025-OCTOBER:8100;2025-NOVEMBER:8100;2025-DECEMBER:6600;2026-JANUARY:8100;2026-FEBRUARY:8100;2026-MARCH:8100;2026-APRIL:8100;2026-MAY:8100;2026-JUNE:6600;2026-JULY:8100;2026-AUGUST:8100,
hill herne,8100,LOW,2,0.0,0.0,2.63,2025-SEPTEMBER:8100;2025-OCTOBER:8100;2025-NOVEMBER:8100;2025-DECEMBER:8100;2026-JANUARY:9900;2026-FEBRUARY:8100;2026-MARCH:9900;2026-APRIL:9900;2026-MAY:9900;2026-JUNE:8100;2026-JULY:8100;2026-AUGUST:8100,
kellyville ridge,8100,LOW,2,0.44,2.67,1.1,2025-SEPTEMBER:8100;2025-OCTOBER:9900;2025-NOVEMBER:9900;2025-DECEMBER:8100;2026-JANUARY:8100;2026-FEBRUARY:8100;2026-MARCH:9900;2026-APRIL:8100;2026-MAY:9900;2026-JUNE:8100;2026-JULY:8100;2026-AUGUST:9900,
mortgage how much can i borrow,8100,HIGH,79,1.72,7.73,6.95,2025-SEPTEMBER:9900;2025-OCTOBER:12100;2025-NOVEMBER:8100;2025-DECEMBER:6600;2026-JANUARY:9900;2026-FEBRUARY:8100;2026-MARCH:8100;2026-APRIL:6600;2026-MAY:8100;2026-JUNE:6600;2026-JULY:5400;2026-AUGUST:5400,
home loan borrow calculator,8100,HIGH,79,1.28,6.45,5.63,2025-SEPTEMBER:8100;2025-OCTOBER:9900;2025-NOVEMBER:8100;2025-DECEMBER:6600;2026-JANUARY:9900;2026-FEBRUARY:8100;2026-MARCH:9900;2026-APRIL:6600;2026-MAY:8100;2026-JUNE:6600;2026-JULY:6600;2026-AUGUST:6600,
how much am i able to borrow for a mortgage,8100,HIGH,79,1.72,7.73,6.95,2025-SEPTEMBER:9900;2025-OCTOBER:12100;2025-NOVEMBER:8100;2025-DECEMBER:6600;2026-JANUARY:9900;2026-FEBRUARY:8100;2026-MARCH:8100;2026-APRIL:6600;2026-MAY:8100;2026-JUNE:6600;2026-JULY:5400;2026-AUGUST:5400,
tumbi umbi,8100,LOW,2,1.11,8.24,5.01,2025-SEPTEMBER:6600;2025-OCTOBER:6600;2025-NOVEMBER:6600;2025-DECEMBER:6600;2026-JANUARY:6600;2026-FEBRUARY:12100;2026-MARCH:8100;2026-APRIL:6600;2026-MAY:6600;2026-JUNE:6600;2026-JULY:6600;2026-AUGUST:6600,
borrow calculator,8100,HIGH,76,0.76,4.78,3.35,2025-SEPTEMBER:9900;2025-OCTOBER:9900;2025-NOVEMBER:8100;2025-DECEMBER:6600;2026-JANUARY:9900;2026-FEBRUARY:8100;2026-MARCH:9900;2026-APRIL:8100;2026-MAY:8100;2026-JUNE:6600;2026-JULY:6600;2026-AUGUST:6600,
house loan borrowing calculator,8100,HIGH,79,1.28,6.45,5.63,2025-SEPTEMBER:8100;2025-OCTOBER:9900;2025-NOVEMBER:8100;2025-DECEMBER:6600;2026-JANUARY:9900;2026-FEBRUARY:8100;2026-MARCH:9900;2026-APRIL:6600;2026-MAY:8100;2026-JUNE:6600;2026-JULY:6600;2026-AUGUST:6600,
how much could i borrow home loan,8100,HIGH,79,1.72,7.73,6.95,2025-SEPTEMBER:9900;2025-OCTOBER:12100;2025-NOVEMBER:8100;2025-DECEMBER:6600;2026-JANUARY:9900;2026-FEBRUARY:8100;2026-MARCH:8100;2026-APRIL:6600;2026-MAY:8100;2026-JUNE:6600;2026-JULY:5400;2026-AUGUST:5400,
merrimac,8100,LOW,2,0.0,0.0,0.82,2025-SEPTEMBER:8100;2025-OCTOBER:9900;2025-NOVEMBER:8100;2025-DECEMBER:8100;2026-JANUARY:8100;2026-FEBRUARY:6600;2026-MARCH:8100;2026-APRIL:8100;2026-MAY:8100;2026-JUNE:8100;2026-JULY:8100;2026-AUGUST:8100,
mortgage loan borrowing calculator,8100,HIGH,79,1.28,6.45,5.63,2025-SEPTEMBER:8100;2025-OCTOBER:9900;2025-NOVEMBER:8100;2025-DECEMBER:6600;2026-JANUARY:9900;2026-FEBRUARY:8100;2026-MARCH:9900;2026-APRIL:6600;2026-MAY:8100;2026-JUNE:6600;2026-JULY:6600;2026-AUGUST:6600,
borrow mortgage calculator,8100,HIGH,79,1.28,6.45,5.63,2025-SEPTEMBER:8100;2025-OCTOBER:9900;2025-NOVEMBER:8100;2025-DECEMBER:6600;2026-JANUARY:9900;2026-FEBRUARY:8100;2026-MARCH:9900;2026-APRIL:6600;2026-MAY:8100;2026-JUNE:6600;2026-JULY:6600;2026-AUGUST:6600,borrowing calculator mortgage
capital gain,8100,LOW,3,0.05,4.11,3.34,2025-SEPTEMBER:2400;2025-OCTOBER:2900;2025-NOVEMBER:1900;2025-DECEMBER:1600;2026-JANUARY:9900;2026-FEBRUARY:14800;2026-MARCH:22200;2026-APRIL:5400;2026-MAY:12100;2026-JUNE:22200;2026-JULY:6600;2026-AUGUST:3600,capital gains
how much can i borrow for a house loan,8100,HIGH,79,1.71,7.7,6.92,2025-SEPTEMBER:9900;2025-OCTOBER:12100;2025-NOVEMBER:8100;2025-DECEMBER:6600;2026-JANUARY:9900;2026-FEBRUARY:8100;2026-MARCH:8100;2026-APRIL:6600;2026-MAY:8100;2026-JUNE:6600;2026-JULY:5400;2026-AUGUST:5400,
how much can i borrow for a mortgage,8100,HIGH,79,1.71,7.7,6.92,2025-SEPTEMBER:9900;2025-OCTOBER:12100;2025-NOVEMBER:8100;2025-DECEMBER:6600;2026-JANUARY:9900;2026-FEBRUARY:8100;2026-MARCH:8100;2026-APRIL:6600;2026-MAY:8100;2026-JUNE:6600;2026-JULY:5400;2026-AUGUST:5400,
how much can i lend mortgage,8100,HIGH,79,1.71,7.7,6.92,2025-SEPTEMBER:9900;2025-OCTOBER:12100;2025-NOVEMBER:8100;2025-DECEMBER:6600;2026-JANUARY:9900;2026-FEBRUARY:8100;2026-MARCH:8100;2026-APRIL:6600;2026-MAY:8100;2026-JUNE:6600;2026-JULY:5400;2026-AUGUST:5400,
reservoir vic,8100,LOW,2,0.0,0.0,1.2,2025-SEPTEMBER:8100;2025-OCTOBER:8100;2025-NOVEMBER:8100;2025-DECEMBER:6600;2026-JANUARY:8100;2026-FEBRUARY:8100;2026-MARCH:9900;2026-APRIL:8100;2026-MAY:8100;2026-JUNE:8100;2026-JULY:8100;2026-AUGUST:8100,
bilgola nsw,8100,LOW,2,0.0,0.0,0.31,2025-SEPTEMBER:6600;2025-OCTOBER:9900;2025-NOVEMBER:9900;2025-DECEMBER:12100;2026-JANUARY:14800;2026-FEBRUARY:8100;2026-MARCH:6600;2026-APRIL:6600;2026-MAY:4400;2026-JUNE:4400;2026-JULY:3600;2026-AUGUST:4400,
borrowing calc,8100,HIGH,76,0.75,4.76,3.33,2025-SEPTEMBER:9900;2025-OCTOBER:9900;2025-NOVEMBER:8100;2025-DECEMBER:6600;2026-JANUARY:9900;2026-FEBRUARY:8100;2026-MARCH:9900;2026-APRIL:8100;2026-MAY:8100;2026-JUNE:6600;2026-JULY:6600;2026-AUGUST:6600,
cgt,8100,LOW,2,0.17,4.25,4.72,2025-SEPTEMBER:2900;2025-OCTOBER:2900;2025-NOVEMBER:2400;2025-DECEMBER:1900;2026-JANUARY:2900;2026-FEBRUARY:12100;2026-MARCH:6600;2026-APRIL:12100;2026-MAY:33100;2026-JUNE:14800;2026-JULY:5400;2026-AUGUST:4400,
first home buyer grant nsw,6600,MEDIUM,60,2.21,7.07,7.64,2025-SEPTEMBER:12100;2025-OCTOBER:8100;2025-NOVEMBER:6600;2025-DECEMBER:5400;2026-JANUARY:8100;2026-FEBRUARY:6600;2026-MARCH:8100;2026-APRIL:8100;2026-MAY:6600;2026-JUNE:5400;2026-JULY:4400;2026-AUGUST:4400,
arundel qld,6600,LOW,1,0.0,0.0,1.44,2025-SEPTEMBER:6600;2025-OCTOBER:6600;2025-NOVEMBER:6600;2025-DECEMBER:6600;2026-JANUARY:6600;2026-FEBRUARY:5400;2026-MARCH:6600;2026-APRIL:6600;2026-MAY:6600;2026-JUNE:6600;2026-JULY:5400;2026-AUGUST:6600,
arundel qld 4214,6600,LOW,1,0.0,0.0,1.44,2025-SEPTEMBER:6600;2025-OCTOBER:6600;2025-NOVEMBER:6600;2025-DECEMBER:6600;2026-JANUARY:6600;2026-FEBRUARY:5400;2026-MARCH:6600;2026-APRIL:6600;2026-MAY:6600;2026-JUNE:6600;2026-JULY:5400;2026-AUGUST:6600,
capital gains tax australia,6600,LOW,4,0.04,0.74,1.33,2025-SEPTEMBER:5400;2025-OCTOBER:6600;2025-NOVEMBER:4400;2025-DECEMBER:3600;2026-JANUARY:5400;2026-FEBRUARY:12100;2026-MARCH:5400;2026-APRIL:6600;2026-MAY:18100;2026-JUNE:5400;2026-JULY:3600;2026-AUGUST:3600,australian capital gains tax|australia capital gains tax
arundel queensland 4214,6600,LOW,1,0.0,0.0,1.44,2025-SEPTEMBER:6600;2025-OCTOBER:6600;2025-NOVEMBER:6600;2025-DECEMBER:6600;2026-JANUARY:6600;2026-FEBRUARY:5400;2026-MARCH:6600;2026-APRIL:6600;2026-MAY:6600;2026-JUNE:6600;2026-JULY:5400;2026-AUGUST:6600,
penrith postcode nsw,6600,LOW,0,0.0,0.0,0.0,2025-SEPTEMBER:6600;2025-OCTOBER:6600;2025-NOVEMBER:8100;2025-DECEMBER:8100;2026-JANUARY:6600;2026-FEBRUARY:6600;2026-MARCH:6600;2026-APRIL:6600;2026-MAY:6600;2026-JUNE:6600;2026-JULY:6600;2026-AUGUST:8100,
mount hutton,6600,LOW,2,0.0,0.0,1.93,2025-SEPTEMBER:6600;2025-OCTOBER:6600;2025-NOVEMBER:6600;2025-DECEMBER:6600;2026-JANUARY:6600;2026-FEBRUARY:6600;2026-MARCH:6600;2026-APRIL:6600;2026-MAY:6600;2026-JUNE:6600;2026-JULY:6600;2026-AUGUST:8100,"mount hutton,|mount hutton"
narre warren north,6600,LOW,2,0.05,0.5,0.22,2025-SEPTEMBER:6600;2025-OCTOBER:8100;2025-NOVEMBER:6600;2025-DECEMBER:5400;2026-JANUARY:5400;2026-FEBRUARY:5400;2026-MARCH:6600;2026-APRIL:5400;2026-MAY:6600;2026-JUNE:6600;2026-JULY:6600;2026-AUGUST:6600,
carcoar,6600,LOW,1,0.51,1.29,1.0,2025-SEPTEMBER:5400;2025-OCTOBER:8100;2025-NOVEMBER:8100;2025-DECEMBER:4400;2026-JANUARY:6600;2026-FEBRUARY:4400;2026-MARCH:9900;2026-APRIL:9900;2026-MAY:6600;2026-JUNE:8100;2026-JULY:5400;2026-AUGUST:5400,
horningsea park,6600,LOW,2,0.0,0.0,2.51,2025-SEPTEMBER:6600;2025-OCTOBER:6600;2025-NOVEMBER:6600;2025-DECEMBER:6600;2026-JANUARY:6600;2026-FEBRUARY:5400;2026-MARCH:6600;2026-APRIL:6600;2026-MAY:6600;2026-JUNE:6600;2026-JULY:8100;2026-AUGUST:6600,
payneham,6600,LOW,2,0.0,0.0,0.57,2025-SEPTEMBER:6600;2025-OCTOBER:6600;2025-NOVEMBER:6600;2025-DECEMBER:5400;2026-JANUARY:6600;2026-FEBRUARY:5400;2026-MARCH:6600;2026-APRIL:6600;2026-MAY:6600;2026-JUNE:6600;2026-JULY:6600;2026-AUGUST:6600,
capital gain tax australia,6600,LOW,4,0.04,0.74,1.33,2025-SEPTEMBER:5400;2025-OCTOBER:6600;2025-NOVEMBER:4400;2025-DECEMBER:3600;2026-JANUARY:5400;2026-FEBRUARY:12100;2026-MARCH:5400;2026-APRIL:6600;2026-MAY:18100;2026-JUNE:5400;2026-JULY:3600;2026-AUGUST:3600,
narre warren north 3804,6600,LOW,2,0.05,0.5,0.22,2025-SEPTEMBER:6600;2025-OCTOBER:8100;2025-NOVEMBER:6600;2025-DECEMBER:5400;2026-JANUARY:5400;2026-FEBRUARY:5400;2026-MARCH:6600;2026-APRIL:5400;2026-MAY:6600;2026-JUNE:6600;2026-JULY:6600;2026-AUGUST:6600,
newstead qld,6600,LOW,4,0.57,7.85,1.95,2025-SEPTEMBER:5400;2025-OCTOBER:5400;2025-NOVEMBER:5400;2025-DECEMBER:4400;2026-JANUARY:6600;2026-FEBRUARY:6600;2026-MARCH:6600;2026-APRIL:6600;2026-MAY:6600;2026-JUNE:5400;2026-JULY:6600;2026-AUGUST:6600,
rosebud west vic,6600,LOW,2,0.97,5.51,1.58,2025-SEPTEMBER:6600;2025-OCTOBER:8100;2025-NOVEMBER:6600;2025-DECEMBER:8100;2026-JANUARY:9900;2026-FEBRUARY:6600;2026-MARCH:8100;2026-APRIL:6600;2026-MAY:6600;2026-JUNE:6600;2026-JULY:6600;2026-AUGUST:6600,
little mountain,6600,LOW,3,0.0,0.0,1.36,2025-SEPTEMBER:6600;2025-OCTOBER:6600;2025-NOVEMBER:6600;2025-DECEMBER:6600;2026-JANUARY:6600;2026-FEBRUARY:6600;2026-MARCH:6600;2026-APRIL:6600;2026-MAY:6600;2026-JUNE:6600;2026-JULY:6600;2026-AUGUST:6600,
bridging loan,5400,MEDIUM,64,3.37,29.18,21.25,2025-SEPTEMBER:6600;2025-OCTOBER:6600;2025-NOVEMBER:5400;2025-DECEMBER:3600;2026-JANUARY:5400;2026-FEBRUARY:5400;2026-MARCH:6600;2026-APRIL:4400;2026-MAY:4400;2026-JUNE:4400;2026-JULY:4400;2026-AUGUST:4400,bridging loans
chermside postcode qld,5400,LOW,0,0.0,0.0,0.0,2025-SEPTEMBER:5400;2025-OCTOBER:5400;2025-NOVEMBER:6600;2025-DECEMBER:6600;2026-JANUARY:5400;2026-FEBRUARY:4400;2026-MARCH:5400;2026-APRIL:5400;2026-MAY:5400;2026-JUNE:5400;2026-JULY:4400;2026-AUGUST:6600,
bilgola plateau,5400,LOW,2,0.06,0.86,0.34,2025-SEPTEMBER:5400;2025-OCTOBER:5400;2025-NOVEMBER:5400;2025-DECEMBER:5400;2026-JANUARY:5400;2026-FEBRUARY:4400;2026-MARCH:5400;2026-APRIL:5400;2026-MAY:5400;2026-JUNE:4400;2026-JULY:4400;2026-AUGUST:5400,
section 32,5400,LOW,9,1.85,10.75,4.21,2025-SEPTEMBER:5400;2025-OCTOBER:6600;2025-NOVEMBER:5400;2025-DECEMBER:4400;2026-JANUARY:6600;2026-FEBRUARY:5400;2026-MARCH:5400;2026-APRIL:4400;2026-MAY:4400;2026-JUNE:4400;2026-JULY:4400;2026-AUGUST:4400,
tenant victoria australia,5400,LOW,2,0.82,7.68,5.17,2025-SEPTEMBER:5400;2025-OCTOBER:5400;2025-NOVEMBER:5400;2025-DECEMBER:4400;2026-JANUARY:5400;2026-FEBRUARY:5400;2026-MARCH:5400;2026-APRIL:5400;2026-MAY:5400;2026-JUNE:5400;2026-JULY:5400;2026-AUGUST:5400,
chipping norton nsw australia,5400,LOW,2,0.0,0.0,0.25,2025-SEPTEMBER:4400;2025-OCTOBER:5400;2025-NOVEMBER:5400;2025-DECEMBER:4400;2026-JANUARY:4400;2026-FEBRUARY:4400;2026-MARCH:5400;2026-APRIL:4400;2026-MAY:5400;2026-JUNE:5400;2026-JULY:5400;2026-AUGUST:5400,
narellan vale,5400,LOW,1,0.0,0.0,1.07,2025-SEPTEMBER:6600;2025-OCTOBER:5400;2025-NOVEMBER:5400;2025-DECEMBER:8100;2026-JANUARY:5400;2026-FEBRUARY:4400;2026-MARCH:5400;2026-APRIL:4400;2026-MAY:5400;2026-JUNE:5400;2026-JULY:4400;2026-AUGUST:4400,
lenders mortgage insurance,5400,LOW,9,1.61,8.76,7.09,2025-SEPTEMBER:8100;2025-OCTOBER:6600;2025-NOVEMBER:5400;2025-DECEMBER:3600;2026-JANUARY:5400;2026-FEBRUARY:5400;2026-MARCH:6600;2026-APRIL:4400;2026-MAY:4400;2026-JUNE:3600;2026-JULY:3600;2026-AUGUST:3600,
appraisal,5400,LOW,7,8.41,27.7,29.04,2025-SEPTEMBER:6600;2025-OCTOBER:6600;2025-NOVEMBER:5400;2025-DECEMBER:3600;2026-JANUARY:4400;2026-FEBRUARY:5400;2026-MARCH:6600;2026-APRIL:5400;2026-MAY:6600;2026-JUNE:5400;2026-JULY:5400;2026-AUGUST:5400,
property information australia,5400,LOW,10,0.1,5.5,1.39,2025-SEPTEMBER:2900;2025-OCTOBER:2400;2025-NOVEMBER:2900;2025-DECEMBER:1900;2026-JANUARY:2400;2026-FEBRUARY:2400;2026-MARCH:4400;2026-APRIL:27100;2026-MAY:3600;2026-JUNE:2900;2026-JULY:9900;2026-AUGUST:4400,
brahma lodge,5400,LOW,2,0.38,2.15,2.55,2025-SEPTEMBER:4400;2025-OCTOBER:8100;2025-NOVEMBER:4400;2025-DECEMBER:4400;2026-JANUARY:5400;2026-FEBRUARY:5400;2026-MARCH:5400;2026-APRIL:5400;2026-MAY:5400;2026-JUNE:4400;2026-JULY:5400;2026-AUGUST:5400,
balgowlah heights,5400,LOW,2,0.1,2.14,2.62,2025-SEPTEMBER:4400;2025-OCTOBER:5400;2025-NOVEMBER:5400;2025-DECEMBER:5400;2026-JANUARY:5400;2026-FEBRUARY:4400;2026-MARCH:5400;2026-APRIL:5400;2026-MAY:5400;2026-JUNE:5400;2026-JULY:4400;2026-AUGUST:5400,
boyanup,5400,LOW,1,0.32,5.24,2.48,2025-SEPTEMBER:4400;2025-OCTOBER:5400;2025-NOVEMBER:4400;2025-DECEMBER:4400;2026-JANUARY:5400;2026-FEBRUARY:4400;2026-MARCH:6600;2026-APRIL:5400;2026-MAY:5400;2026-JUNE:4400;2026-JULY:5400;2026-AUGUST:5400,
bridge loan,5400,MEDIUM,64,3.36,29.09,21.18,2025-SEPTEMBER:6600;2025-OCTOBER:6600;2025-NOVEMBER:5400;2025-DECEMBER:3600;2026-JANUARY:5400;2026-FEBRUARY:5400;2026-MARCH:6600;2026-APRIL:4400;2026-MAY:4400;2026-JUNE:4400;2026-JULY:4400;2026-AUGUST:4400,
how much is my house worth,4400,MEDIUM,65,1.07,3.83,3.03,2025-SEPTEMBER:3600;2025-OCTOBER:4400;2025-NOVEMBER:4400;2025-DECEMBER:3600;2026-JANUARY:5400;2026-FEBRUARY:4400;2026-MARCH:4400;2026-APRIL:4400;2026-MAY:4400;2026-JUNE:3600;2026-JULY:2900;2026-AUGUST:2900,
springwood nsw 2777,4400,LOW,1,1.01,2.85,1.42,2025-SEPTEMBER:4400;2025-OCTOBER:4400;2025-NOVEMBER:4400;2025-DECEMBER:4400;2026-JANUARY:4400;2026-FEBRUARY:4400;2026-MARCH:5400;2026-APRIL:4400;2026-MAY:4400;2026-JUNE:4400;2026-JULY:4400;2026-AUGUST:4400,
borrowing power,4400,HIGH,76,0.85,5.99,4.27,2025-SEPTEMBER:5400;2025-OCTOBER:5400;2025-NOVEMBER:4400;2025-DECEMBER:3600;2026-JANUARY:5400;2026-FEBRUARY:4400;2026-MARCH:4400;2026-APRIL:3600;2026-MAY:4400;2026-JUNE:3600;2026-JULY:3600;2026-AUGUST:3600,
kirrawee nsw,4400,LOW,3,0.0,0.0,0.93,2025-SEPTEMBER:4400;2025-OCTOBER:4400;2025-NOVEMBER:4400;2025-DECEMBER:3600;2026-JANUARY:4400;2026-FEBRUARY:4400;2026-MARCH:5400;2026-APRIL:4400;2026-MAY:4400;2026-JUNE:4400;2026-JULY:4400;2026-AUGUST:4400,
annandale nsw,4400,LOW,2,0.89,2.86,4.59,2025-SEPTEMBER:4400;2025-OCTOBER:5400;2025-NOVEMBER:4400;2025-DECEMBER:4400;2026-JANUARY:5400;2026-FEBRUARY:5400;2026-MARCH:5400;2026-APRIL:5400;2026-MAY:4400;2026-JUNE:4400;2026-JULY:4400;2026-AUGUST:4400,
borrowing calculator commonwealth,4400,MEDIUM,35,0.04,4.58,0.56,2025-SEPTEMBER:4400;2025-OCTOBER:5400;2025-NOVEMBER:4400;2025-DECEMBER:3600;2026-JANUARY:5400;2026-FEBRUARY:4400;2026-MARCH:4400;2026-APRIL:4400;2026-MAY:5400;2026-JUNE:4400;2026-JULY:4400;2026-AUGUST:4400,
cba borrowing calculator,4400,MEDIUM,35,0.04,4.58,0.56,2025-SEPTEMBER:4400;2025-OCTOBER:5400;2025-NOVEMBER:4400;2025-DECEMBER:3600;2026-JANUARY:5400;2026-FEBRUARY:4400;2026-MARCH:4400;2026-APRIL:4400;2026-MAY:5400;2026-JUNE:4400;2026-JULY:4400;2026-AUGUST:4400,
springwood nsw,4400,LOW,1,1.01,2.85,1.42,2025-SEPTEMBER:4400;2025-OCTOBER:4400;2025-NOVEMBER:4400;2025-DECEMBER:4400;2026-JANUARY:4400;2026-FEBRUARY:4400;2026-MARCH:5400;2026-APRIL:4400;2026-MAY:4400;2026-JUNE:4400;2026-JULY:4400;2026-AUGUST:4400,
reservoir postcode vic,4400,LOW,0,0.0,0.0,0.0,2025-SEPTEMBER:4400;2025-OCTOBER:4400;2025-NOVEMBER:4400;2025-DECEMBER:4400;2026-JANUARY:4400;2026-FEBRUARY:4400;2026-MARCH:4400;2026-APRIL:4400;2026-MAY:4400;2026-JUNE:4400;2026-JULY:4400;2026-AUGUST:6600,
commbank borrowing calculator,4400,MEDIUM,35,0.04,4.58,0.56,2025-SEPTEMBER:4400;2025-OCTOBER:5400;2025-NOVEMBER:4400;2025-DECEMBER:3600;2026-JANUARY:5400;2026-FEBRUARY:4400;2026-MARCH:4400;2026-APRIL:4400;2026-MAY:5400;2026-JUNE:4400;2026-JULY:4400;2026-AUGUST:4400,
annandale sydney,4400,LOW,2,0.89,2.86,4.59,2025-SEPTEMBER:4400;2025-OCTOBER:5400;2025-NOVEMBER:4400;2025-DECEMBER:4400;2026-JANUARY:5400;2026-FEBRUARY:5400;2026-MARCH:5400;2026-APRIL:5400;2026-MAY:4400;2026-JUNE:4400;2026-JULY:4400;2026-AUGUST:4400,
borrowing calculator cba,4400,MEDIUM,35,0.04,4.58,0.56,2025-SEPTEMBER:4400;2025-OCTOBER:5400;2025-NOVEMBER:4400;2025-DECEMBER:3600;2026-JANUARY:5400;2026-FEBRUARY:4400;2026-MARCH:4400;2026-APRIL:4400;2026-MAY:5400;2026-JUNE:4400;2026-JULY:4400;2026-AUGUST:4400,
kenmore qld,4400,LOW,2,0.0,0.0,0.17,2025-SEPTEMBER:4400;2025-OCTOBER:5400;2025-NOVEMBER:4400;2025-DECEMBER:3600;2026-JANUARY:4400;2026-FEBRUARY:4400;2026-MARCH:5400;2026-APRIL:4400;2026-MAY:5400;2026-JUNE:4400;2026-JULY:5400;2026-AUGUST:5400,
perth house prices,4400,LOW,7,0.41,2.97,2.31,2025-SEPTEMBER:4400;2025-OCTOBER:4400;2025-NOVEMBER:4400;2025-DECEMBER:3600;2026-JANUARY:4400;2026-FEBRUARY:3600;2026-MARCH:4400;2026-APRIL:4400;2026-MAY:5400;2026-JUNE:6600;2026-JULY:4400;2026-AUGUST:5400,
annandale nsw australia,4400,LOW,2,0.89,2.86,4.59,2025-SEPTEMBER:4400;2025-OCTOBER:5400;2025-NOVEMBER:4400;2025-DECEMBER:4400;2026-JANUARY:5400;2026-FEBRUARY:5400;2026-MARCH:5400;2026-APRIL:5400;2026-MAY:4400;2026-JUNE:4400;2026-JULY:4400;2026-AUGUST:4400,
borrow power,4400,HIGH,76,0.85,5.99,4.27,2025-SEPTEMBER:5400;2025-OCTOBER:5400;2025-NOVEMBER:4400;2025-DECEMBER:3600;2026-JANUARY:5400;2026-FEBRUARY:4400;2026-MARCH:4400;2026-APRIL:3600;2026-MAY:4400;2026-JUNE:3600;2026-JULY:3600;2026-AUGUST:3600,
easement,4400,LOW,1,0.03,0.45,0.08,2025-SEPTEMBER:4400;2025-OCTOBER:5400;2025-NOVEMBER:4400;2025-DECEMBER:2900;2026-JANUARY:3600;2026-FEBRUARY:4400;2026-MARCH:5400;2026-APRIL:4400;2026-MAY:4400;2026-JUNE:3600;2026-JULY:3600;2026-AUGUST:3600,
port hacking,4400,LOW,1,0.0,0.0,0.0,2025-SEPTEMBER:4400;2025-OCTOBER:4400;2025-NOVEMBER:4400;2025-DECEMBER:4400;2026-JANUARY:6600;2026-FEBRUARY:4400;2026-MARCH:5400;2026-APRIL:4400;2026-MAY:4400;2026-JUNE:4400;2026-JULY:3600;2026-AUGUST:4400,
stamp duty qld,3600,LOW,21,0.17,2.12,1.37,2025-SEPTEMBER:4400;2025-OCTOBER:4400;2025-NOVEMBER:4400;2025-DECEMBER:2900;2026-JANUARY:3600;2026-FEBRUARY:3600;2026-MARCH:3600;2026-APRIL:2900;2026-MAY:2900;2026-JUNE:2400;2026-JULY:2400;2026-AUGUST:2400,stamp duty in qld|qld stamp duty
lmi calculator,3600,MEDIUM,34,0.45,2.89,1.68,2025-SEPTEMBER:6600;2025-OCTOBER:5400;2025-NOVEMBER:4400;2025-DECEMBER:2900;2026-JANUARY:4400;2026-FEBRUARY:3600;2026-MARCH:4400;2026-APRIL:3600;2026-MAY:3600;2026-JUNE:2400;2026-JULY:2400;2026-AUGUST:2400,
rental yield calculator,3600,LOW,4,1.82,7.43,4.9,2025-SEPTEMBER:4400;2025-OCTOBER:4400;2025-NOVEMBER:4400;2025-DECEMBER:2900;2026-JANUARY:4400;2026-FEBRUARY:3600;2026-MARCH:4400;2026-APRIL:3600;2026-MAY:3600;2026-JUNE:2900;2026-JULY:3600;2026-AUGUST:2900,rental yield calculation|calculate rental yield|rent yield calculator
house and land packages brisbane,3600,HIGH,75,1.15,4.64,4.07,2025-SEPTEMBER:5400;2025-OCTOBER:4400;2025-NOVEMBER:3600;2025-DECEMBER:2900;2026-JANUARY:4400;2026-FEBRUARY:4400;2026-MARCH:4400;2026-APRIL:3600;2026-MAY:3600;2026-JUNE:2400;2026-JULY:2400;2026-AUGUST:2400,
mandurah postcode wa,3600,LOW,0,0.0,0.0,0.0,2025-SEPTEMBER:3600;2025-OCTOBER:3600;2025-NOVEMBER:3600;2025-DECEMBER:4400;2026-JANUARY:3600;2026-FEBRUARY:3600;2026-MARCH:3600;2026-APRIL:2900;2026-MAY:2900;2026-JUNE:2900;2026-JULY:3600;2026-AUGUST:4400,
goombungee,3600,LOW,1,0.0,0.0,0.0,2025-SEPTEMBER:3600;2025-OCTOBER:4400;2025-NOVEMBER:3600;2025-DECEMBER:2900;2026-JANUARY:2900;2026-FEBRUARY:2900;2026-MARCH:3600;2026-APRIL:4400;2026-MAY:3600;2026-JUNE:3600;2026-JULY:3600;2026-AUGUST:3600,
negative gearing australia,3600,LOW,10,0.02,1.06,0.47,2025-SEPTEMBER:720;2025-OCTOBER:720;2025-NOVEMBER:590;2025-DECEMBER:390;2026-JANUARY:480;2026-FEBRUARY:1600;2026-MARCH:8100;2026-APRIL:8100;2026-MAY:18100;2026-JUNE:2400;2026-JULY:1300;2026-AUGUST:1300,
albury postcode nsw,3600,LOW,0,0.0,0.0,0.0,2025-SEPTEMBER:2900;2025-OCTOBER:2900;2025-NOVEMBER:3600;2025-DECEMBER:4400;2026-JANUARY:3600;2026-FEBRUARY:2900;2026-MARCH:3600;2026-APRIL:2900;2026-MAY:3600;2026-JUNE:2900;2026-JULY:3600;2026-AUGUST:3600,
gawler east,3600,LOW,2,0.0,0.0,17.41,2025-SEPTEMBER:4400;2025-OCTOBER:3600;2025-NOVEMBER:3600;2025-DECEMBER:2900;2026-JANUARY:3600;2026-FEBRUARY:3600;2026-MARCH:3600;2026-APRIL:3600;2026-MAY:3600;2026-JUNE:3600;2026-JULY:3600;2026-AUGUST:3600,
queensland stamp duty,3600,LOW,21,0.17,2.12,1.38,2025-SEPTEMBER:4400;2025-OCTOBER:4400;2025-NOVEMBER:4400;2025-DECEMBER:2900;2026-JANUARY:3600;2026-FEBRUARY:3600;2026-MARCH:3600;2026-APRIL:2900;2026-MAY:2900;2026-JUNE:2400;2026-JULY:2400;2026-AUGUST:2400,
calculating rental yield,3600,LOW,4,1.83,7.44,4.91,2025-SEPTEMBER:4400;2025-OCTOBER:4400;2025-NOVEMBER:4400;2025-DECEMBER:2900;2026-JANUARY:4400;2026-FEBRUARY:3600;2026-MARCH:4400;2026-APRIL:3600;2026-MAY:3600;2026-JUNE:2900;2026-JULY:3600;2026-AUGUST:2900,
pacific paradise,3600,LOW,2,0.94,4.96,4.46,2025-SEPTEMBER:4400;2025-OCTOBER:3600;2025-NOVEMBER:3600;2025-DECEMBER:3600;2026-JANUARY:4400;2026-FEBRUARY:3600;2026-MARCH:4400;2026-APRIL:3600;2026-MAY:4400;2026-JUNE:3600;2026-JULY:4400;2026-AUGUST:4400,
cromer nsw 2099,3600,LOW,2,0.0,0.0,0.12,2025-SEPTEMBER:2900;2025-OCTOBER:3600;2025-NOVEMBER:3600;2025-DECEMBER:2900;2026-JANUARY:3600;2026-FEBRUARY:2900;2026-MARCH:4400;2026-APRIL:3600;2026-MAY:3600;2026-JUNE:2900;2026-JULY:3600;2026-AUGUST:3600,
south penrith,3600,LOW,2,0.0,0.0,0.09,2025-SEPTEMBER:3600;2025-OCTOBER:3600;2025-NOVEMBER:4400;2025-DECEMBER:3600;2026-JANUARY:3600;2026-FEBRUARY:3600;2026-MARCH:4400;2026-APRIL:3600;2026-MAY:3600;2026-JUNE:3600;2026-JULY:3600;2026-AUGUST:3600,
spring farm nsw,3600,LOW,2,0.55,3.24,1.73,2025-SEPTEMBER:2900;2025-OCTOBER:3600;2025-NOVEMBER:2900;2025-DECEMBER:2900;2026-JANUARY:3600;2026-FEBRUARY:2900;2026-MARCH:3600;2026-APRIL:3600;2026-MAY:3600;2026-JUNE:4400;2026-JULY:3600;2026-AUGUST:3600,
casuarina nsw,3600,LOW,3,0.61,2.26,3.26,2025-SEPTEMBER:2900;2025-OCTOBER:4400;2025-NOVEMBER:8100;2025-DECEMBER:5400;2026-JANUARY:4400;2026-FEBRUARY:2900;2026-MARCH:4400;2026-APRIL:2900;2026-MAY:2900;2026-JUNE:2900;2026-JULY:2900;2026-AUGUST:3600,
negative gearing in australia,3600,LOW,10,0.02,1.06,0.47,2025-SEPTEMBER:720;2025-OCTOBER:720;2025-NOVEMBER:590;2025-DECEMBER:390;2026-JANUARY:480;2026-FEBRUARY:1600;2026-MARCH:8100;2026-APRIL:8100;2026-MAY:18100;2026-JUNE:2400;2026-JULY:1300;2026-AUGUST:1300,
roseville nsw,3600,LOW,1,0.0,0.0,2.19,2025-SEPTEMBER:3600;2025-OCTOBER:3600;2025-NOVEMBER:4400;2025-DECEMBER:3600;2026-JANUARY:3600;2026-FEBRUARY:3600;2026-MARCH:4400;2026-APRIL:3600;2026-MAY:3600;2026-JUNE:3600;2026-JULY:3600;2026-AUGUST:3600,
baldivis postcode wa,3600,LOW,0,0.0,0.0,0.0,2025-SEPTEMBER:2900;2025-OCTOBER:2900;2025-NOVEMBER:3600;2025-DECEMBER:3600;2026-JANUARY:3600;2026-FEBRUARY:2900;2026-MARCH:3600;2026-APRIL:2900;2026-MAY:3600;2026-JUNE:3600;2026-JULY:3600;2026-AUGUST:4400,
hem,3600,LOW,0,0.0,0.0,0.51,2025-SEPTEMBER:4400;2025-OCTOBER:4400;2025-NOVEMBER:4400;2025-DECEMBER:3600;2026-JANUARY:4400;2026-FEBRUARY:3600;2026-MARCH:4400;2026-APRIL:3600;2026-MAY:4400;2026-JUNE:3600;2026-JULY:3600;2026-AUGUST:4400,
medindie,3600,LOW,1,0.0,0.0,0.58,2025-SEPTEMBER:2900;2025-OCTOBER:2900;2025-NOVEMBER:3600;2025-DECEMBER:3600;2026-JANUARY:3600;2026-FEBRUARY:2900;2026-MARCH:4400;2026-APRIL:5400;2026-MAY:3600;2026-JUNE:5400;2026-JULY:4400;2026-AUGUST:3600,
australia negative gearing,3600,LOW,10,0.02,1.06,0.47,2025-SEPTEMBER:720;2025-OCTOBER:720;2025-NOVEMBER:590;2025-DECEMBER:390;2026-JANUARY:480;2026-FEBRUARY:1600;2026-MARCH:8100;2026-APRIL:8100;2026-MAY:18100;2026-JUNE:2400;2026-JULY:1300;2026-AUGUST:1300,
cromer nsw,3600,LOW,2,0.0,0.0,0.12,2025-SEPTEMBER:2900;2025-OCTOBER:3600;2025-NOVEMBER:3600;2025-DECEMBER:2900;2026-JANUARY:3600;2026-FEBRUARY:2900;2026-MARCH:4400;2026-APRIL:3600;2026-MAY:3600;2026-JUNE:2900;2026-JULY:3600;2026-AUGUST:3600,
forestville nsw,3600,LOW,3,2.11,4.11,4.02,2025-SEPTEMBER:3600;2025-OCTOBER:3600;2025-NOVEMBER:3600;2025-DECEMBER:2900;2026-JANUARY:3600;2026-FEBRUARY:3600;2026-MARCH:4400;2026-APRIL:4400;2026-MAY:4400;2026-JUNE:3600;2026-JULY:4400;2026-AUGUST:4400,
roseville sydney nsw,3600,LOW,1,0.0,0.0,2.18,2025-SEPTEMBER:3600;2025-OCTOBER:3600;2025-NOVEMBER:4400;2025-DECEMBER:3600;2026-JANUARY:3600;2026-FEBRUARY:3600;2026-MARCH:4400;2026-APRIL:3600;2026-MAY:3600;2026-JUNE:3600;2026-JULY:3600;2026-AUGUST:3600,
seaford heights,3600,LOW,3,0.25,1.69,0.9,2025-SEPTEMBER:3600;2025-OCTOBER:3600;2025-NOVEMBER:2900;2025-DECEMBER:2900;2026-JANUARY:2900;2026-FEBRUARY:2900;2026-MARCH:3600;2026-APRIL:3600;2026-MAY:3600;2026-JUNE:3600;2026-JULY:2900;2026-AUGUST:3600,
yes please,3600,LOW,7,0.0,0.0,1.76,2025-SEPTEMBER:1300;2025-OCTOBER:1900;2025-NOVEMBER:1300;2025-DECEMBER:1300;2026-JANUARY:1300;2026-FEBRUARY:2900;2026-MARCH:6600;2026-APRIL:2900;2026-MAY:1600;2026-JUNE:2900;2026-JULY:5400;2026-AUGUST:9900,
casaurina nsw,3600,LOW,3,0.61,2.25,3.24,2025-SEPTEMBER:2900;2025-OCTOBER:4400;2025-NOVEMBER:8100;2025-DECEMBER:5400;2026-JANUARY:4400;2026-FEBRUARY:2900;2026-MARCH:4400;2026-APRIL:2900;2026-MAY:2900;2026-JUNE:2900;2026-JULY:2900;2026-AUGUST:3600,
borrowing capacity,2900,HIGH,76,0.88,5.47,4.07,2025-SEPTEMBER:4400;2025-OCTOBER:4400;2025-NOVEMBER:3600;2025-DECEMBER:2400;2026-JANUARY:3600;2026-FEBRUARY:3600;2026-MARCH:3600;2026-APRIL:2900;2026-MAY:3600;2026-JUNE:2900;2026-JULY:2400;2026-AUGUST:2400,
camberwell postcode vic,2900,LOW,0,0.0,0.0,0.0,2025-SEPTEMBER:2900;2025-OCTOBER:2900;2025-NOVEMBER:3600;2025-DECEMBER:3600;2026-JANUARY:2900;2026-FEBRUARY:2900;2026-MARCH:2900;2026-APRIL:2900;2026-MAY:2900;2026-JUNE:2900;2026-JULY:2900;2026-AUGUST:4400,
rockingham postcode wa,2900,LOW,0,0.0,0.0,0.0,2025-SEPTEMBER:2900;2025-OCTOBER:2900;2025-NOVEMBER:2900;2025-DECEMBER:3600;2026-JANUARY:2900;2026-FEBRUARY:2900;2026-MARCH:2900;2026-APRIL:2400;2026-MAY:2400;2026-JUNE:2900;2026-JULY:2900;2026-AUGUST:4400,
taigum qld,2900,LOW,2,0.0,0.0,1.32,2025-SEPTEMBER:2900;2025-OCTOBER:2900;2025-NOVEMBER:2900;2025-DECEMBER:2400;2026-JANUARY:2900;2026-FEBRUARY:2400;2026-MARCH:2900;2026-APRIL:2900;2026-MAY:2900;2026-JUNE:2900;2026-JULY:2900;2026-AUGUST:2900,
taigum qld 4018,2900,LOW,2,0.0,0.0,1.32,2025-SEPTEMBER:2900;2025-OCTOBER:2900;2025-NOVEMBER:2900;2025-DECEMBER:2400;2026-JANUARY:2900;2026-FEBRUARY:2400;2026-MARCH:2900;2026-APRIL:2900;2026-MAY:2900;2026-JUNE:2900;2026-JULY:2900;2026-AUGUST:2900,
hervey bay postcode qld,2900,LOW,0,0.0,0.0,0.0,2025-SEPTEMBER:2900;2025-OCTOBER:2900;2025-NOVEMBER:2400;2025-DECEMBER:3600;2026-JANUARY:2900;2026-FEBRUARY:2400;2026-MARCH:2400;2026-APRIL:2400;2026-MAY:2400;2026-JUNE:2400;2026-JULY:2900;2026-AUGUST:2900,
body corporate,2900,LOW,18,3.46,17.16,16.33,2025-SEPTEMBER:4400;2025-OCTOBER:3600;2025-NOVEMBER:3600;2025-DECEMBER:2400;2026-JANUARY:2900;2026-FEBRUARY:2900;2026-MARCH:3600;2026-APRIL:2900;2026-MAY:2900;2026-JUNE:2900;2026-JULY:2900;2026-AUGUST:2900,
hornsby postcode nsw,2900,LOW,0,0.0,0.0,0.0,2025-SEPTEMBER:2900;2025-OCTOBER:2900;2025-NOVEMBER:3600;2025-DECEMBER:2900;2026-JANUARY:2900;2026-FEBRUARY:2900;2026-MARCH:2900;2026-APRIL:2900;2026-MAY:2900;2026-JUNE:2900;2026-JULY:2400;2026-AUGUST:3600,
werrington downs,2900,LOW,1,0.0,0.0,0.29,2025-SEPTEMBER:2900;2025-OCTOBER:2900;2025-NOVEMBER:2400;2025-DECEMBER:2400;2026-JANUARY:2400;2026-FEBRUARY:2400;2026-MARCH:2900;2026-APRIL:2900;2026-MAY:3600;2026-JUNE:3600;2026-JULY:2900;2026-AUGUST:4400,
macquarie hills,2900,LOW,2,0.0,0.0,0.44,2025-SEPTEMBER:2900;2025-OCTOBER:2900;2025-NOVEMBER:2900;2025-DECEMBER:2400;2026-JANUARY:2900;2026-FEBRUARY:2900;2026-MARCH:2900;2026-APRIL:2900;2026-MAY:2900;2026-JUNE:2900;2026-JULY:2900;2026-AUGUST:2900,"macquarie hills,"
dubbo nsw 2830,2900,LOW,2,0.0,0.0,0.94,2025-SEPTEMBER:2900;2025-OCTOBER:2400;2025-NOVEMBER:2400;2025-DECEMBER:2400;2026-JANUARY:2900;2026-FEBRUARY:2400;2026-MARCH:3600;2026-APRIL:2900;2026-MAY:2900;2026-JUNE:2900;2026-JULY:2900;2026-AUGUST:2900,
camberwell postcode melbourne,2900,LOW,0,0.0,0.0,0.0,2025-SEPTEMBER:2900;2025-OCTOBER:2900;2025-NOVEMBER:3600;2025-DECEMBER:3600;2026-JANUARY:2900;2026-FEBRUARY:2900;2026-MARCH:2900;2026-APRIL:2900;2026-MAY:2900;2026-JUNE:2900;2026-JULY:2900;2026-AUGUST:4400,
claymore nsw,2900,LOW,0,0.0,0.0,0.0,2025-SEPTEMBER:2400;2025-OCTOBER:2400;2025-NOVEMBER:2900;2025-DECEMBER:1900;2026-JANUARY:2400;2026-FEBRUARY:2400;2026-MARCH:3600;2026-APRIL:2400;2026-MAY:2900;2026-JUNE:2900;2026-JULY:2400;2026-AUGUST:2900,
isabella plains,2900,LOW,2,0.03,0.43,0.62,2025-SEPTEMBER:2400;2025-OCTOBER:2900;2025-NOVEMBER:4400;2025-DECEMBER:2400;2026-JANUARY:2900;2026-FEBRUARY:2900;2026-MARCH:2900;2026-APRIL:2900;2026-MAY:3600;2026-JUNE:2900;2026-JULY:2900;2026-AUGUST:2900,
lapstone,2900,LOW,1,0.0,0.0,1.02,2025-SEPTEMBER:2900;2025-OCTOBER:2900;2025-NOVEMBER:2900;2025-DECEMBER:2400;2026-JANUARY:2900;2026-FEBRUARY:2400;2026-MARCH:2900;2026-APRIL:2900;2026-MAY:2900;2026-JUNE:2900;2026-JULY:2900;2026-AUGUST:3600,
lidcombe postcode nsw,2900,LOW,0,0.0,0.0,0.0,2025-SEPTEMBER:2400;2025-OCTOBER:2400;2025-NOVEMBER:2900;2025-DECEMBER:2400;2026-JANUARY:2900;2026-FEBRUARY:2900;2026-MARCH:3600;2026-APRIL:2900;2026-MAY:2900;2026-JUNE:2900;2026-JULY:2900;2026-AUGUST:5400,
tullimbar,2900,LOW,3,0.22,2.68,1.54,2025-SEPTEMBER:2900;2025-OCTOBER:2900;2025-NOVEMBER:3600;2025-DECEMBER:2900;2026-JANUARY:2900;2026-FEBRUARY:2900;2026-MARCH:3600;2026-APRIL:2900;2026-MAY:3600;2026-JUNE:3600;2026-JULY:3600;2026-AUGUST:3600,
burra sa,2900,LOW,1,0.43,3.71,3.76,2025-SEPTEMBER:3600;2025-OCTOBER:2900;2025-NOVEMBER:1900;2025-DECEMBER:1900;2026-JANUARY:2400;2026-FEBRUARY:2400;2026-MARCH:4400;2026-APRIL:3600;2026-MAY:2900;2026-JUNE:4400;2026-JULY:2900;2026-AUGUST:3600,
claymore sydney,2900,LOW,0,0.0,0.0,0.0,2025-SEPTEMBER:2400;2025-OCTOBER:2400;2025-NOVEMBER:2900;2025-DECEMBER:1900;2026-JANUARY:2400;2026-FEBRUARY:2400;2026-MARCH:3600;2026-APRIL:2400;2026-MAY:2900;2026-JUNE:2900;2026-JULY:2400;2026-AUGUST:2900,
first home gurantee,2900,MEDIUM,37,2.65,9.44,10.5,2025-SEPTEMBER:9900;2025-OCTOBER:5400;2025-NOVEMBER:2400;2025-DECEMBER:1600;2026-JANUARY:2900;2026-FEBRUARY:1900;2026-MARCH:1900;2026-APRIL:1900;2026-MAY:1600;2026-JUNE:1000;2026-JULY:1000;2026-AUGUST:1000,
taigum brisbane,2900,LOW,2,0.0,0.0,1.32,2025-SEPTEMBER:2900;2025-OCTOBER:2900;2025-NOVEMBER:2900;2025-DECEMBER:2400;2026-JANUARY:2900;2026-FEBRUARY:2400;2026-MARCH:2900;2026-APRIL:2900;2026-MAY:2900;2026-JUNE:2900;2026-JULY:2900;2026-AUGUST:2900,
werrington downs nsw,2900,LOW,1,0.0,0.0,0.29,2025-SEPTEMBER:2900;2025-OCTOBER:2900;2025-NOVEMBER:2400;2025-DECEMBER:2400;2026-JANUARY:2400;2026-FEBRUARY:2400;2026-MARCH:2900;2026-APRIL:2900;2026-MAY:3600;2026-JUNE:3600;2026-JULY:2900;2026-AUGUST:4400,
east killara australia,2900,LOW,2,0.0,0.0,0.25,2025-SEPTEMBER:3600;2025-OCTOBER:3600;2025-NOVEMBER:3600;2025-DECEMBER:2900;2026-JANUARY:3600;2026-FEBRUARY:2900;2026-MARCH:2900;2026-APRIL:3600;2026-MAY:2900;2026-JUNE:2900;2026-JULY:2900;2026-AUGUST:3600,
my borrowing capacity,2900,HIGH,76,0.88,5.46,4.06,2025-SEPTEMBER:4400;2025-OCTOBER:4400;2025-NOVEMBER:3600;2025-DECEMBER:2400;2026-JANUARY:3600;2026-FEBRUARY:3600;2026-MARCH:3600;2026-APRIL:2900;2026-MAY:3600;2026-JUNE:2900;2026-JULY:2400;2026-AUGUST:2400,
roseville chase,2900,LOW,2,0.0,0.0,0.27,2025-SEPTEMBER:3600;2025-OCTOBER:3600;2025-NOVEMBER:3600;2025-DECEMBER:2900;2026-JANUARY:2900;2026-FEBRUARY:2900;2026-MARCH:3600;2026-APRIL:2900;2026-MAY:2900;2026-JUNE:2900;2026-JULY:2900;2026-AUGUST:2900,
warwick perth,2900,LOW,2,0.0,0.0,2.2,2025-SEPTEMBER:2900;2025-OCTOBER:2900;2025-NOVEMBER:2900;2025-DECEMBER:2400;2026-JANUARY:3600;2026-FEBRUARY:2900;2026-MARCH:3600;2026-APRIL:2400;2026-MAY:2900;2026-JUNE:2400;2026-JULY:2900;2026-AUGUST:2900,
warwick wa,2900,LOW,2,0.0,0.0,2.2,2025-SEPTEMBER:2900;2025-OCTOBER:2900;2025-NOVEMBER:2900;2025-DECEMBER:2400;2026-JANUARY:3600;2026-FEBRUARY:2900;2026-MARCH:3600;2026-APRIL:2400;2026-MAY:2900;2026-JUNE:2400;2026-JULY:2900;2026-AUGUST:2900,
wingfield sa,2900,LOW,3,0.0,0.0,0.37,2025-SEPTEMBER:2900;2025-OCTOBER:2900;2025-NOVEMBER:2900;2025-DECEMBER:2400;2026-JANUARY:2400;2026-FEBRUARY:2900;2026-MARCH:3600;2026-APRIL:2900;2026-MAY:2900;2026-JUNE:2900;2026-JULY:2900;2026-AUGUST:2900,
bogangar,2900,LOW,1,0.46,5.69,2.62,2025-SEPTEMBER:2900;2025-OCTOBER:2900;2025-NOVEMBER:2900;2025-DECEMBER:2900;2026-JANUARY:2900;2026-FEBRUARY:2400;2026-MARCH:2900;2026-APRIL:2900;2026-MAY:2400;2026-JUNE:2400;2026-JULY:2400;2026-AUGUST:2900,
negative gearing calculator,2400,LOW,2,0.06,4.0,2.29,2025-SEPTEMBER:3600;2025-OCTOBER:2900;2025-NOVEMBER:2400;2025-DECEMBER:1600;2026-JANUARY:2400;2026-FEBRUARY:2400;2026-MARCH:2400;2026-APRIL:1900;2026-MAY:4400;2026-JUNE:1900;2026-JULY:1300;2026-AUGUST:1000,
toorak postcode vic,2400,LOW,0,0.0,0.0,0.0,2025-SEPTEMBER:2400;2025-OCTOBER:2900;2025-NOVEMBER:2400;2025-DECEMBER:2400;2026-JANUARY:2400;2026-FEBRUARY:2400;2026-MARCH:2900;2026-APRIL:2400;2026-MAY:2400;2026-JUNE:2400;2026-JULY:2400;2026-AUGUST:3600,
buderim postcode,2400,LOW,0,0.0,0.0,0.0,2025-SEPTEMBER:2400;2025-OCTOBER:2400;2025-NOVEMBER:2400;2025-DECEMBER:2900;2026-JANUARY:2400;2026-FEBRUARY:2400;2026-MARCH:2400;2026-APRIL:2400;2026-MAY:2400;2026-JUNE:2400;2026-JULY:2400;2026-AUGUST:3600,buderim.postcode|buderim postal code
charlestown postcode nsw,2400,LOW,0,0.0,0.0,0.0,2025-SEPTEMBER:1900;2025-OCTOBER:2400;2025-NOVEMBER:2400;2025-DECEMBER:2900;2026-JANUARY:2400;2026-FEBRUARY:1900;2026-MARCH:1900;2026-APRIL:1900;2026-MAY:1900;2026-JUNE:1900;2026-JULY:1900;2026-AUGUST:2400,
coogee postcode nsw,2400,LOW,0,0.0,0.0,0.0,2025-SEPTEMBER:2400;2025-OCTOBER:2400;2025-NOVEMBER:2400;2025-DECEMBER:2400;2026-JANUARY:2400;2026-FEBRUARY:1900;2026-MARCH:2400;2026-APRIL:1900;2026-MAY:2400;2026-JUNE:1900;2026-JULY:2400;2026-AUGUST:3600,
toorak postcode,2400,LOW,0,0.0,0.0,0.0,2025-SEPTEMBER:2400;2025-OCTOBER:2900;2025-NOVEMBER:2400;2025-DECEMBER:2400;2026-JANUARY:2400;2026-FEBRUARY:2400;2026-MARCH:2900;2026-APRIL:2400;2026-MAY:2400;2026-JUNE:2400;2026-JULY:2400;2026-AUGUST:3600,toorak.postcode
calculate investment property,2400,MEDIUM,64,1.52,7.62,6.49,2025-SEPTEMBER:4400;2025-OCTOBER:2900;2025-NOVEMBER:2400;2025-DECEMBER:1900;2026-JANUARY:3600;2026-FEBRUARY:2400;2026-MARCH:2400;2026-APRIL:1900;2026-MAY:1900;2026-JUNE:1300;2026-JULY:880;2026-AUGUST:880,investment property calculations
cba borrowing power,2400,LOW,32,0.04,5.51,0.85,2025-SEPTEMBER:2900;2025-OCTOBER:2900;2025-NOVEMBER:2400;2025-DECEMBER:1900;2026-JANUARY:2900;2026-FEBRUARY:2400;2026-MARCH:2400;2026-APRIL:1900;2026-MAY:2400;2026-JUNE:1900;2026-JULY:1900;2026-AUGUST:1900,
lilydale postcode vic,2400,LOW,0,0.0,0.0,0.0,2025-SEPTEMBER:2400;2025-OCTOBER:2400;2025-NOVEMBER:2400;2025-DECEMBER:2400;2026-JANUARY:1900;2026-FEBRUARY:1900;2026-MARCH:2400;2026-APRIL:1900;2026-MAY:1900;2026-JUNE:1900;2026-JULY:1900;2026-AUGUST:2900,
monterey nsw,2400,LOW,1,0.22,0.88,0.86,2025-SEPTEMBER:2400;2025-OCTOBER:2900;2025-NOVEMBER:2900;2025-DECEMBER:2400;2026-JANUARY:2900;2026-FEBRUARY:2400;2026-MARCH:2900;2026-APRIL:2400;2026-MAY:2400;2026-JUNE:2400;2026-JULY:2400;2026-AUGUST:2400,
banksia nsw,2400,LOW,1,0.0,0.0,0.0,2025-SEPTEMBER:2400;2025-OCTOBER:2400;2025-NOVEMBER:2900;2025-DECEMBER:2400;2026-JANUARY:2400;2026-FEBRUARY:2400;2026-MARCH:2900;2026-APRIL:2900;2026-MAY:2900;2026-JUNE:2900;2026-JULY:2900;2026-AUGUST:2400,
calculator for investment property,2400,MEDIUM,64,1.52,7.62,6.49,2025-SEPTEMBER:4400;2025-OCTOBER:2900;2025-NOVEMBER:2400;2025-DECEMBER:1900;2026-JANUARY:3600;2026-FEBRUARY:2400;2026-MARCH:2400;2026-APRIL:1900;2026-MAY:1900;2026-JUNE:1300;2026-JULY:880;2026-AUGUST:880,
maitland sa,2400,LOW,0,1.96,7.16,4.21,2025-SEPTEMBER:2400;2025-OCTOBER:2400;2025-NOVEMBER:2400;2025-DECEMBER:2400;2026-JANUARY:2400;2026-FEBRUARY:2400;2026-MARCH:4400;2026-APRIL:2900;2026-MAY:2400;2026-JUNE:2400;2026-JULY:2400;2026-AUGUST:2400,
banksia nsw 2216,2400,LOW,1,0.0,0.0,0.0,2025-SEPTEMBER:2400;2025-OCTOBER:2400;2025-NOVEMBER:2900;2025-DECEMBER:2400;2026-JANUARY:2400;2026-FEBRUARY:2400;2026-MARCH:2900;2026-APRIL:2900;2026-MAY:2900;2026-JUNE:2900;2026-JULY:2900;2026-AUGUST:2400,
woodvale perth,2400,LOW,1,0.0,0.0,0.37,2025-SEPTEMBER:1900;2025-OCTOBER:2400;2025-NOVEMBER:2400;2025-DECEMBER:2400;2026-JANUARY:2400;2026-FEBRUARY:2400;2026-MARCH:2400;2026-APRIL:2400;2026-MAY:2400;2026-JUNE:2400;2026-JULY:2400;2026-AUGUST:2400,
woodvale wa,2400,LOW,1,0.0,0.0,0.37,2025-SEPTEMBER:1900;2025-OCTOBER:2400;2025-NOVEMBER:2400;2025-DECEMBER:2400;2026-JANUARY:2400;2026-FEBRUARY:2400;2026-MARCH:2400;2026-APRIL:2400;2026-MAY:2400;2026-JUNE:2400;2026-JULY:2400;2026-AUGUST:2400,
woodvale wa 6026,2400,LOW,1,0.0,0.0,0.37,2025-SEPTEMBER:1900;2025-OCTOBER:2400;2025-NOVEMBER:2400;2025-DECEMBER:2400;2026-JANUARY:2400;2026-FEBRUARY:2400;2026-MARCH:2400;2026-APRIL:2400;2026-MAY:2400;2026-JUNE:2400;2026-JULY:2400;2026-AUGUST:2400,
bondi junction postal code,2400,LOW,0,0.0,0.0,0.0,2025-SEPTEMBER:2400;2025-OCTOBER:2400;2025-NOVEMBER:2400;2025-DECEMBER:2400;2026-JANUARY:1900;2026-FEBRUARY:1900;2026-MARCH:2400;2026-APRIL:1900;2026-MAY:2400;2026-JUNE:1900;2026-JULY:2400;2026-AUGUST:2900,
commonwealth bank borrowing power,2400,LOW,32,0.04,5.51,0.85,2025-SEPTEMBER:2900;2025-OCTOBER:2900;2025-NOVEMBER:2400;2025-DECEMBER:1900;2026-JANUARY:2900;2026-FEBRUARY:2400;2026-MARCH:2400;2026-APRIL:1900;2026-MAY:2400;2026-JUNE:1900;2026-JULY:1900;2026-AUGUST:1900,
median house price perth,2400,LOW,1,1.22,3.47,4.1,2025-SEPTEMBER:2400;2025-OCTOBER:3600;2025-NOVEMBER:2900;2025-DECEMBER:2900;2026-JANUARY:4400;2026-FEBRUARY:2900;2026-MARCH:2400;2026-APRIL:2400;2026-MAY:2400;2026-JUNE:1900;2026-JULY:1600;2026-AUGUST:1600,
stamp duty calculator victoria,2400,LOW,19,0.16,1.22,1.22,2025-SEPTEMBER:2400;2025-OCTOBER:2400;2025-NOVEMBER:2900;2025-DECEMBER:1900;2026-JANUARY:2900;2026-FEBRUARY:3600;2026-MARCH:2900;2026-APRIL:2400;2026-MAY:2900;2026-JUNE:2400;2026-JULY:1900;2026-AUGUST:1900,
woodvale australia,2400,LOW,1,0.0,0.0,0.37,2025-SEPTEMBER:1900;2025-OCTOBER:2400;2025-NOVEMBER:2400;2025-DECEMBER:2400;2026-JANUARY:2400;2026-FEBRUARY:2400;2026-MARCH:2400;2026-APRIL:2400;2026-MAY:2400;2026-JUNE:2400;2026-JULY:2400;2026-AUGUST:2400,
banksia new south wales,2400,LOW,1,0.0,0.0,0.0,2025-SEPTEMBER:2400;2025-OCTOBER:2400;2025-NOVEMBER:2900;2025-DECEMBER:2400;2026-JANUARY:2400;2026-FEBRUARY:2400;2026-MARCH:2900;2026-APRIL:2900;2026-MAY:2900;2026-JUNE:2900;2026-JULY:2900;2026-AUGUST:2400,
cannington postal code,2400,LOW,0,0.0,0.0,0.0,2025-SEPTEMBER:1900;2025-OCTOBER:1900;2025-NOVEMBER:2400;2025-DECEMBER:2900;2026-JANUARY:2400;2026-FEBRUARY:1900;2026-MARCH:2400;2026-APRIL:2400;2026-MAY:2400;2026-JUNE:2400;2026-JULY:2400;2026-AUGUST:2900,
suburb profile,1900,LOW,3,1.21,3.67,3.26,2025-SEPTEMBER:2900;2025-OCTOBER:2900;2025-NOVEMBER:2400;2025-DECEMBER:1600;2026-JANUARY:2400;2026-FEBRUARY:1900;2026-MARCH:1900;2026-APRIL:1900;2026-MAY:1900;2026-JUNE:1300;2026-JULY:1300;2026-AUGUST:1300,
cgt on investment property,1900,LOW,3,0.03,1.9,1.69,2025-SEPTEMBER:4400;2025-OCTOBER:2400;2025-NOVEMBER:1900;2025-DECEMBER:1600;2026-JANUARY:2400;2026-FEBRUARY:2900;2026-MARCH:1900;2026-APRIL:1900;2026-MAY:2400;2026-JUNE:1300;2026-JULY:1300;2026-AUGUST:1600,
rentvesting,1900,LOW,24,0.13,6.79,5.47,2025-SEPTEMBER:2900;2025-OCTOBER:2400;2025-NOVEMBER:1900;2025-DECEMBER:1900;2026-JANUARY:2900;2026-FEBRUARY:1900;2026-MARCH:2400;2026-APRIL:1900;2026-MAY:2900;2026-JUNE:1000;2026-JULY:1000;2026-AUGUST:1000,rentvestment
badagarang,1900,LOW,1,0.0,0.0,0.44,2025-SEPTEMBER:1900;2025-OCTOBER:1900;2025-NOVEMBER:1900;2025-DECEMBER:1600;2026-JANUARY:1900;2026-FEBRUARY:1900;2026-MARCH:1900;2026-APRIL:1900;2026-MAY:1900;2026-JUNE:2400;2026-JULY:1900;2026-AUGUST:1900,
affordability calculator for rent,1900,LOW,0,0.69,10.89,2.59,2025-SEPTEMBER:260;2025-OCTOBER:480;2025-NOVEMBER:720;2025-DECEMBER:720;2026-JANUARY:1000;2026-FEBRUARY:880;2026-MARCH:1600;2026-APRIL:1900;2026-MAY:2900;2026-JUNE:3600;2026-JULY:5400;2026-AUGUST:2900,
areas in australia,1900,LOW,0,0.0,0.0,0.0,2025-SEPTEMBER:2400;2025-OCTOBER:2400;2025-NOVEMBER:2400;2025-DECEMBER:1600;2026-JANUARY:2900;2026-FEBRUARY:1900;2026-MARCH:2400;2026-APRIL:1600;2026-MAY:1900;2026-JUNE:1600;2026-JULY:1600;2026-AUGUST:1900,
highgate perth,1900,LOW,2,0.0,0.0,0.06,2025-SEPTEMBER:1600;2025-OCTOBER:1900;2025-NOVEMBER:1900;2025-DECEMBER:1600;2026-JANUARY:1900;2026-FEBRUARY:1900;2026-MARCH:2400;2026-APRIL:1900;2026-MAY:1900;2026-JUNE:1900;2026-JULY:1600;2026-AUGUST:1900,
belmont qld,1900,LOW,2,0.0,0.0,0.31,2025-SEPTEMBER:1900;2025-OCTOBER:1900;2025-NOVEMBER:1900;2025-DECEMBER:1900;2026-JANUARY:2400;2026-FEBRUARY:1900;2026-MARCH:2900;2026-APRIL:2400;2026-MAY:2400;2026-JUNE:2400;2026-JULY:1900;2026-AUGUST:2400,
karrinyup postcode wa,1900,LOW,0,0.0,0.0,0.0,2025-SEPTEMBER:1600;2025-OCTOBER:1900;2025-NOVEMBER:1900;2025-DECEMBER:2400;2026-JANUARY:1900;2026-FEBRUARY:1300;2026-MARCH:1600;2026-APRIL:1600;2026-MAY:1600;2026-JUNE:1600;2026-JULY:1600;2026-AUGUST:1900,
cgt investment property,1900,LOW,3,0.03,1.9,1.7,2025-SEPTEMBER:4400;2025-OCTOBER:2400;2025-NOVEMBER:1900;2025-DECEMBER:1600;2026-JANUARY:2400;2026-FEBRUARY:2900;2026-MARCH:1900;2026-APRIL:1900;2026-MAY:2400;2026-JUNE:1300;2026-JULY:1300;2026-AUGUST:1600,
australia postal code,1900,LOW,0,0.0,0.0,0.0,2025-SEPTEMBER:2400;2025-OCTOBER:1900;2025-NOVEMBER:1900;2025-DECEMBER:1600;2026-JANUARY:1900;2026-FEBRUARY:1900;2026-MARCH:1600;2026-APRIL:1600;2026-MAY:1600;2026-JUNE:1600;2026-JULY:1600;2026-AUGUST:1600,
capital gain on investment property,1900,LOW,3,0.03,1.9,1.7,2025-SEPTEMBER:4400;2025-OCTOBER:2400;2025-NOVEMBER:1900;2025-DECEMBER:1600;2026-JANUARY:2400;2026-FEBRUARY:2900;2026-MARCH:1900;2026-APRIL:1900;2026-MAY:2400;2026-JUNE:1300;2026-JULY:1300;2026-AUGUST:1600,
commbank borrowing power,1900,MEDIUM,37,0.05,4.99,0.71,2025-SEPTEMBER:2400;2025-OCTOBER:2400;2025-NOVEMBER:1900;2025-DECEMBER:1900;2026-JANUARY:2400;2026-FEBRUARY:1900;2026-MARCH:1900;2026-APRIL:1900;2026-MAY:2400;2026-JUNE:1900;2026-JULY:1900;2026-AUGUST:1900,
gosford postcode nsw,1900,LOW,0,0.0,0.0,0.0,2025-SEPTEMBER:1900;2025-OCTOBER:1900;2025-NOVEMBER:1900;2025-DECEMBER:1900;2026-JANUARY:1900;2026-FEBRUARY:1600;2026-MARCH:1900;2026-APRIL:1600;2026-MAY:1900;2026-JUNE:1900;2026-JULY:1600;2026-AUGUST:2400,
capital gains tax on investment property,1900,LOW,3,0.03,1.9,1.7,2025-SEPTEMBER:4400;2025-OCTOBER:2400;2025-NOVEMBER:1900;2025-DECEMBER:1600;2026-JANUARY:2400;2026-FEBRUARY:2900;2026-MARCH:1900;2026-APRIL:1900;2026-MAY:2400;2026-JUNE:1300;2026-JULY:1300;2026-AUGUST:1600,
elderslie nsw,1900,LOW,1,2.73,4.49,2.77,2025-SEPTEMBER:1900;2025-OCTOBER:1900;2025-NOVEMBER:1900;2025-DECEMBER:1600;2026-JANUARY:1900;2026-FEBRUARY:1900;2026-MARCH:2400;2026-APRIL:1900;2026-MAY:1900;2026-JUNE:1900;2026-JULY:2400;2026-AUGUST:2400,
pooraka sa,1900,LOW,2,0.0,0.0,2.95,2025-SEPTEMBER:1600;2025-OCTOBER:1600;2025-NOVEMBER:1900;2025-DECEMBER:1600;2026-JANUARY:1900;2026-FEBRUARY:1900;2026-MARCH:2400;2026-APRIL:1900;2026-MAY:1900;2026-JUNE:1600;2026-JULY:1600;2026-AUGUST:1900,
capital gains on investment property,1900,LOW,3,0.03,1.9,1.7,2025-SEPTEMBER:4400;2025-OCTOBER:2400;2025-NOVEMBER:1900;2025-DECEMBER:1600;2026-JANUARY:2400;2026-FEBRUARY:2900;2026-MARCH:1900;2026-APRIL:1900;2026-MAY:2400;2026-JUNE:1300;2026-JULY:1300;2026-AUGUST:1600,
highgate western australia,1900,LOW,2,0.0,0.0,0.06,2025-SEPTEMBER:1600;2025-OCTOBER:1900;2025-NOVEMBER:1900;2025-DECEMBER:1600;2026-JANUARY:1900;2026-FEBRUARY:1900;2026-MARCH:2400;2026-APRIL:1900;2026-MAY:1900;2026-JUNE:1900;2026-JULY:1600;2026-AUGUST:1900,
louth park,1900,LOW,1,0.0,0.0,0.23,2025-SEPTEMBER:1900;2025-OCTOBER:1900;2025-NOVEMBER:1900;2025-DECEMBER:1900;2026-JANUARY:1900;2026-FEBRUARY:1900;2026-MARCH:1900;2026-APRIL:1900;2026-MAY:1900;2026-JUNE:1900;2026-JULY:1900;2026-AUGUST:1900,
perth highgate,1900,LOW,2,0.0,0.0,0.06,2025-SEPTEMBER:1600;2025-OCTOBER:1900;2025-NOVEMBER:1900;2025-DECEMBER:1600;2026-JANUARY:1900;2026-FEBRUARY:1900;2026-MARCH:2400;2026-APRIL:1900;2026-MAY:1900;2026-JUNE:1900;2026-JULY:1600;2026-AUGUST:1900,
primary schools in rowville,1900,LOW,2,0.0,0.0,3.87,2025-SEPTEMBER:1600;2025-OCTOBER:1900;2025-NOVEMBER:1900;2025-DECEMBER:1300;2026-JANUARY:1300;2026-FEBRUARY:1900;2026-MARCH:2400;2026-APRIL:1600;2026-MAY:1900;2026-JUNE:1600;2026-JULY:1600;2026-AUGUST:1900,
wahroonga postcode nsw,1900,LOW,0,0.0,0.0,0.0,2025-SEPTEMBER:1600;2025-OCTOBER:1600;2025-NOVEMBER:1900;2025-DECEMBER:1900;2026-JANUARY:1600;2026-FEBRUARY:1900;2026-MARCH:1900;2026-APRIL:1600;2026-MAY:1900;2026-JUNE:1600;2026-JULY:1600;2026-AUGUST:2400,
capital gains tax investment property,1900,LOW,3,0.03,1.89,1.69,2025-SEPTEMBER:4400;2025-OCTOBER:2400;2025-NOVEMBER:1900;2025-DECEMBER:1600;2026-JANUARY:2400;2026-FEBRUARY:2900;2026-MARCH:1900;2026-APRIL:1900;2026-MAY:2400;2026-JUNE:1300;2026-JULY:1300;2026-AUGUST:1600,
building and pest inspection cost,1600,LOW,29,3.17,12.25,12.3,2025-SEPTEMBER:1600;2025-OCTOBER:1600;2025-NOVEMBER:1600;2025-DECEMBER:1300;2026-JANUARY:2400;2026-FEBRUARY:1900;2026-MARCH:1900;2026-APRIL:1600;2026-MAY:1600;2026-JUNE:880;2026-JULY:1000;2026-AUGUST:1300,
annandale postcode nsw,1600,LOW,0,0.0,0.0,0.0,2025-SEPTEMBER:1300;2025-OCTOBER:1300;2025-NOVEMBER:1600;2025-DECEMBER:1600;2026-JANUARY:1600;2026-FEBRUARY:1600;2026-MARCH:1600;2026-APRIL:1600;2026-MAY:1600;2026-JUNE:1600;2026-JULY:1600;2026-AUGUST:2400,
fixed interest rate,1600,MEDIUM,55,1.62,6.41,6.17,2025-SEPTEMBER:1000;2025-OCTOBER:1000;2025-NOVEMBER:1300;2025-DECEMBER:1900;2026-JANUARY:1600;2026-FEBRUARY:1900;2026-MARCH:3600;2026-APRIL:1900;2026-MAY:1600;2026-JUNE:720;2026-JULY:590;2026-AUGUST:590,
home loan borrowing power calculator,1600,MEDIUM,66,1.6,6.75,6.04,2025-SEPTEMBER:1900;2025-OCTOBER:1600;2025-NOVEMBER:1600;2025-DECEMBER:1300;2026-JANUARY:1900;2026-FEBRUARY:1900;2026-MARCH:1900;2026-APRIL:1600;2026-MAY:1900;2026-JUNE:1600;2026-JULY:1600;2026-AUGUST:1900,borrowing power calculator home loan
dundas nsw,1600,LOW,1,0.0,0.0,0.0,2025-SEPTEMBER:1600;2025-OCTOBER:1600;2025-NOVEMBER:1600;2025-DECEMBER:1600;2026-JANUARY:1600;2026-FEBRUARY:1600;2026-MARCH:1600;2026-APRIL:1600;2026-MAY:1900;2026-JUNE:1600;2026-JULY:1600;2026-AUGUST:1600,
fairlight nsw,1600,LOW,1,0.0,0.0,0.24,2025-SEPTEMBER:1600;2025-OCTOBER:1900;2025-NOVEMBER:1600;2025-DECEMBER:1600;2026-JANUARY:1900;2026-FEBRUARY:1600;2026-MARCH:1900;2026-APRIL:1600;2026-MAY:1600;2026-JUNE:1600;2026-JULY:1600;2026-AUGUST:1900,
rivervale postcode wa,1600,LOW,0,0.0,0.0,0.0,2025-SEPTEMBER:1300;2025-OCTOBER:1600;2025-NOVEMBER:1300;2025-DECEMBER:1300;2026-JANUARY:1600;2026-FEBRUARY:1600;2026-MARCH:1900;2026-APRIL:1600;2026-MAY:1600;2026-JUNE:1600;2026-JULY:1900;2026-AUGUST:2400,
mortgage borrowing power calculator,1600,MEDIUM,66,1.6,6.75,6.04,2025-SEPTEMBER:1900;2025-OCTOBER:1600;2025-NOVEMBER:1600;2025-DECEMBER:1300;2026-JANUARY:1900;2026-FEBRUARY:1900;2026-MARCH:1900;2026-APRIL:1600;2026-MAY:1900;2026-JUNE:1600;2026-JULY:1600;2026-AUGUST:1900,
lysterfield south,1600,LOW,2,0.0,0.0,0.38,2025-SEPTEMBER:1600;2025-OCTOBER:1600;2025-NOVEMBER:1600;2025-DECEMBER:1300;2026-JANUARY:1600;2026-FEBRUARY:1600;2026-MARCH:1600;2026-APRIL:1600;2026-MAY:1600;2026-JUNE:1300;2026-JULY:1300;2026-AUGUST:1300,
house for sale north lakes,1600,LOW,16,0.05,0.61,0.43,2025-SEPTEMBER:1900;2025-OCTOBER:1900;2025-NOVEMBER:1900;2025-DECEMBER:1900;2026-JANUARY:2400;2026-FEBRUARY:1600;2026-MARCH:1600;2026-APRIL:1600;2026-MAY:1600;2026-JUNE:1300;2026-JULY:1300;2026-AUGUST:1600,
perth property prices,1600,LOW,7,0.97,2.8,3.04,2025-SEPTEMBER:1600;2025-OCTOBER:1600;2025-NOVEMBER:1300;2025-DECEMBER:1300;2026-JANUARY:1600;2026-FEBRUARY:1300;2026-MARCH:1600;2026-APRIL:1300;2026-MAY:1900;2026-JUNE:2400;2026-JULY:1900;2026-AUGUST:1900,
somerville postcode victoria,1600,LOW,0,0.0,0.0,0.0,2025-SEPTEMBER:1300;2025-OCTOBER:1300;2025-NOVEMBER:1300;2025-DECEMBER:1600;2026-JANUARY:1300;2026-FEBRUARY:1300;2026-MARCH:1600;2026-APRIL:1300;2026-MAY:1600;2026-JUNE:1300;2026-JULY:1600;2026-AUGUST:2400,
dubbo real estate agents,1600,LOW,12,2.06,10.15,6.27,2025-SEPTEMBER:2400;2025-OCTOBER:1900;2025-NOVEMBER:1900;2025-DECEMBER:1300;2026-JANUARY:1900;2026-FEBRUARY:1900;2026-MARCH:1900;2026-APRIL:1600;2026-MAY:1300;2026-JUNE:1600;2026-JULY:1600;2026-AUGUST:1600,
kippa ring qld,1600,LOW,2,0.0,0.0,3.39,2025-SEPTEMBER:1600;2025-OCTOBER:1900;2025-NOVEMBER:1600;2025-DECEMBER:1300;2026-JANUARY:1600;2026-FEBRUARY:1600;2026-MARCH:1900;2026-APRIL:1600;2026-MAY:1600;2026-JUNE:1600;2026-JULY:1900;2026-AUGUST:1900,
mortgage calculator aussie,1600,MEDIUM,60,1.69,6.35,7.2,2025-SEPTEMBER:1900;2025-OCTOBER:1900;2025-NOVEMBER:1600;2025-DECEMBER:1300;2026-JANUARY:2400;2026-FEBRUARY:1600;2026-MARCH:1300;2026-APRIL:1300;2026-MAY:1300;2026-JUNE:1000;2026-JULY:1300;2026-AUGUST:1300,
mortlake nsw,1600,LOW,1,0.0,0.0,0.55,2025-SEPTEMBER:1600;2025-OCTOBER:1600;2025-NOVEMBER:1600;2025-DECEMBER:1300;2026-JANUARY:1600;2026-FEBRUARY:1600;2026-MARCH:1600;2026-APRIL:1600;2026-MAY:1600;2026-JUNE:1600;2026-JULY:1300;2026-AUGUST:1600,
barton act,1600,LOW,3,0.88,6.65,11.53,2025-SEPTEMBER:1600;2025-OCTOBER:1600;2025-NOVEMBER:1600;2025-DECEMBER:1300;2026-JANUARY:1600;2026-FEBRUARY:1600;2026-MARCH:1900;2026-APRIL:1600;2026-MAY:1900;2026-JUNE:1600;2026-JULY:1600;2026-AUGUST:1600,
cairns north,1600,LOW,4,0.61,4.73,2.97,2025-SEPTEMBER:2400;2025-OCTOBER:1900;2025-NOVEMBER:1600;2025-DECEMBER:1300;2026-JANUARY:1300;2026-FEBRUARY:1300;2026-MARCH:1900;2026-APRIL:1900;2026-MAY:1900;2026-JUNE:1600;2026-JULY:1600;2026-AUGUST:1600,
craigmore sa,1600,LOW,0,0.0,0.0,0.0,2025-SEPTEMBER:1600;2025-OCTOBER:1600;2025-NOVEMBER:1600;2025-DECEMBER:1600;2026-JANUARY:1600;2026-FEBRUARY:1600;2026-MARCH:1900;2026-APRIL:1600;2026-MAY:1600;2026-JUNE:1600;2026-JULY:1600;2026-AUGUST:1600,
fixed interest,1600,MEDIUM,55,1.61,6.39,6.14,2025-SEPTEMBER:1000;2025-OCTOBER:1000;2025-NOVEMBER:1300;2025-DECEMBER:1900;2026-JANUARY:1600;2026-FEBRUARY:1900;2026-MARCH:3600;2026-APRIL:1900;2026-MAY:1600;2026-JUNE:720;2026-JULY:590;2026-AUGUST:590,
north lakes house for sale,1600,LOW,16,0.05,0.6,0.43,2025-SEPTEMBER:1900;2025-OCTOBER:1900;2025-NOVEMBER:1900;2025-DECEMBER:1900;2026-JANUARY:2400;2026-FEBRUARY:1600;2026-MARCH:1600;2026-APRIL:1600;2026-MAY:1600;2026-JUNE:1300;2026-JULY:1300;2026-AUGUST:1600,
south mackay,1600,LOW,1,0.3,0.49,0.61,2025-SEPTEMBER:1000;2025-OCTOBER:1300;2025-NOVEMBER:1300;2025-DECEMBER:1300;2026-JANUARY:1000;2026-FEBRUARY:1000;2026-MARCH:1300;2026-APRIL:1300;2026-MAY:1300;2026-JUNE:1300;2026-JULY:1300;2026-AUGUST:5400,
stamp duty queensland,1600,LOW,16,0.21,2.11,1.48,2025-SEPTEMBER:2400;2025-OCTOBER:2400;2025-NOVEMBER:1900;2025-DECEMBER:1600;2026-JANUARY:1900;2026-FEBRUARY:1900;2026-MARCH:1900;2026-APRIL:1600;2026-MAY:1600;2026-JUNE:1300;2026-JULY:1300;2026-AUGUST:1300,
yandina creek,1600,LOW,2,1.08,7.12,6.15,2025-SEPTEMBER:1600;2025-OCTOBER:1600;2025-NOVEMBER:1600;2025-DECEMBER:1300;2026-JANUARY:1300;2026-FEBRUARY:1300;2026-MARCH:1600;2026-APRIL:1300;2026-MAY:1600;2026-JUNE:1300;2026-JULY:1300;2026-AUGUST:1600,
beenleigh postcode qld,1600,LOW,0,0.0,0.0,0.0,2025-SEPTEMBER:1600;2025-OCTOBER:1300;2025-NOVEMBER:1600;2025-DECEMBER:1600;2026-JANUARY:1600;2026-FEBRUARY:1600;2026-MARCH:1900;2026-APRIL:1600;2026-MAY:1600;2026-JUNE:1600;2026-JULY:1600;2026-AUGUST:2400,
calculate borrowing power home loan,1600,MEDIUM,66,1.59,6.72,6.01,2025-SEPTEMBER:1900;2025-OCTOBER:1600;2025-NOVEMBER:1600;2025-DECEMBER:1300;2026-JANUARY:1900;2026-FEBRUARY:1900;2026-MARCH:1900;2026-APRIL:1600;2026-MAY:1900;2026-JUNE:1600;2026-JULY:1600;2026-AUGUST:1900,
how much can i borrow calculator,1300,HIGH,77,1.02,5.61,5.08,2025-SEPTEMBER:1000;2025-OCTOBER:1300;2025-NOVEMBER:1000;2025-DECEMBER:880;2026-JANUARY:1300;2026-FEBRUARY:1300;2026-MARCH:1900;2026-APRIL:1600;2026-MAY:1600;2026-JUNE:1000;2026-JULY:1000;2026-AUGUST:1000,
liverpool postcode nsw,1300,LOW,0,0.0,0.0,0.0,2025-SEPTEMBER:1000;2025-OCTOBER:1000;2025-NOVEMBER:1600;2025-DECEMBER:1600;2026-JANUARY:1300;2026-FEBRUARY:1300;2026-MARCH:1600;2026-APRIL:1300;2026-MAY:1300;2026-JUNE:1300;2026-JULY:1300;2026-AUGUST:1600,
real estate agent commission,1300,MEDIUM,41,3.08,14.07,11.01,2025-SEPTEMBER:2900;2025-OCTOBER:1300;2025-NOVEMBER:1000;2025-DECEMBER:880;2026-JANUARY:1300;2026-FEBRUARY:1300;2026-MARCH:1600;2026-APRIL:1000;2026-MAY:1300;2026-JUNE:720;2026-JULY:720;2026-AUGUST:590,
bridging finance,1300,MEDIUM,63,4.44,32.93,25.42,2025-SEPTEMBER:1600;2025-OCTOBER:1300;2025-NOVEMBER:1300;2025-DECEMBER:720;2026-JANUARY:1000;2026-FEBRUARY:1300;2026-MARCH:1600;2026-APRIL:1000;2026-MAY:1300;2026-JUNE:1000;2026-JULY:1000;2026-AUGUST:1000,
how much is stamp duty in qld,1300,MEDIUM,34,0.09,0.94,1.69,2025-SEPTEMBER:1300;2025-OCTOBER:1600;2025-NOVEMBER:1300;2025-DECEMBER:1000;2026-JANUARY:1600;2026-FEBRUARY:1300;2026-MARCH:1300;2026-APRIL:1000;2026-MAY:1300;2026-JUNE:1000;2026-JULY:880;2026-AUGUST:1000,
northbridge postcode wa,1300,LOW,0,0.0,0.0,0.0,2025-SEPTEMBER:1000;2025-OCTOBER:1000;2025-NOVEMBER:1000;2025-DECEMBER:1000;2026-JANUARY:1000;2026-FEBRUARY:1000;2026-MARCH:1000;2026-APRIL:1000;2026-MAY:1000;2026-JUNE:1000;2026-JULY:1000;2026-AUGUST:1900,
home loan affordability calculator,1300,LOW,27,1.04,5.79,4.97,2025-SEPTEMBER:590;2025-OCTOBER:1300;2025-NOVEMBER:1000;2025-DECEMBER:390;2026-JANUARY:720;2026-FEBRUARY:1600;2026-MARCH:3600;2026-APRIL:2400;2026-MAY:2400;2026-JUNE:480;2026-JULY:480;2026-AUGUST:880,
bondi nsw,1300,LOW,2,0.0,0.0,0.27,2025-SEPTEMBER:1000;2025-OCTOBER:1600;2025-NOVEMBER:1300;2025-DECEMBER:2400;2026-JANUARY:1000;2026-FEBRUARY:1600;2026-MARCH:1300;2026-APRIL:1000;2026-MAY:1000;2026-JUNE:1000;2026-JULY:1000;2026-AUGUST:1000,
mortgage affordability calculator,1300,LOW,27,1.04,5.79,4.97,2025-SEPTEMBER:590;2025-OCTOBER:1300;2025-NOVEMBER:1000;2025-DECEMBER:390;2026-JANUARY:720;2026-FEBRUARY:1600;2026-MARCH:3600;2026-APRIL:2400;2026-MAY:2400;2026-JUNE:480;2026-JULY:480;2026-AUGUST:880,
drouin postcode vic,1300,LOW,0,0.0,0.0,0.0,2025-SEPTEMBER:1000;2025-OCTOBER:1300;2025-NOVEMBER:1300;2025-DECEMBER:1600;2026-JANUARY:1300;2026-FEBRUARY:1300;2026-MARCH:1300;2026-APRIL:1300;2026-MAY:1600;2026-JUNE:1600;2026-JULY:1300;2026-AUGUST:1600,
500k mortgage repayments,1300,MEDIUM,61,0.54,3.58,3.33,2025-SEPTEMBER:1300;2025-OCTOBER:1300;2025-NOVEMBER:1300;2025-DECEMBER:1000;2026-JANUARY:1600;2026-FEBRUARY:1300;2026-MARCH:1600;2026-APRIL:1600;2026-MAY:1600;2026-JUNE:1300;2026-JULY:1300;2026-AUGUST:1300,
lidcombe 2141,1300,LOW,3,0.0,0.0,0.42,2025-SEPTEMBER:1600;2025-OCTOBER:1300;2025-NOVEMBER:1600;2025-DECEMBER:1300;2026-JANUARY:1300;2026-FEBRUARY:1300;2026-MARCH:1600;2026-APRIL:1300;2026-MAY:1300;2026-JUNE:1300;2026-JULY:1300;2026-AUGUST:1300,
morayfield qld 4506,1300,LOW,2,0.0,0.0,1.66,2025-SEPTEMBER:1300;2025-OCTOBER:1300;2025-NOVEMBER:1300;2025-DECEMBER:1000;2026-JANUARY:1300;2026-FEBRUARY:1300;2026-MARCH:1300;2026-APRIL:1300;2026-MAY:1300;2026-JUNE:1300;2026-JULY:1300;2026-AUGUST:1300,"morayfield, qld 4506"
nab borrowing power,1300,MEDIUM,53,2.36,6.7,3.32,2025-SEPTEMBER:1900;2025-OCTOBER:1600;2025-NOVEMBER:1300;2025-DECEMBER:1000;2026-JANUARY:1600;2026-FEBRUARY:1300;2026-MARCH:1300;2026-APRIL:1000;2026-MAY:1000;2026-JUNE:880;2026-JULY:880;2026-AUGUST:880,
how much i can borrow calculator,1300,HIGH,77,1.02,5.62,5.09,2025-SEPTEMBER:1000;2025-OCTOBER:1300;2025-NOVEMBER:1000;2025-DECEMBER:880;2026-JANUARY:1300;2026-FEBRUARY:1300;2026-MARCH:1900;2026-APRIL:1600;2026-MAY:1600;2026-JUNE:1000;2026-JULY:1000;2026-AUGUST:1000,
deepdene vic 3103,1300,LOW,2,0.0,0.0,0.57,2025-SEPTEMBER:1000;2025-OCTOBER:1300;2025-NOVEMBER:1300;2025-DECEMBER:1000;2026-JANUARY:1300;2026-FEBRUARY:1300;2026-MARCH:1300;2026-APRIL:1300;2026-MAY:1300;2026-JUNE:1000;2026-JULY:1300;2026-AUGUST:1300,
real estate agent commissions,1300,MEDIUM,41,3.08,14.09,11.03,2025-SEPTEMBER:2900;2025-OCTOBER:1300;2025-NOVEMBER:1000;2025-DECEMBER:880;2026-JANUARY:1300;2026-FEBRUARY:1300;2026-MARCH:1600;2026-APRIL:1000;2026-MAY:1300;2026-JUNE:720;2026-JULY:720;2026-AUGUST:590,
red hill canberra,1300,LOW,1,0.0,0.0,0.03,2025-SEPTEMBER:1300;2025-OCTOBER:1300;2025-NOVEMBER:1300;2025-DECEMBER:1000;2026-JANUARY:1300;2026-FEBRUARY:1300;2026-MARCH:1600;2026-APRIL:1300;2026-MAY:1300;2026-JUNE:1000;2026-JULY:1300;2026-AUGUST:1000,
singleton postcode nsw,1300,LOW,0,0.0,0.0,0.0,2025-SEPTEMBER:1300;2025-OCTOBER:1600;2025-NOVEMBER:1300;2025-DECEMBER:1300;2026-JANUARY:1000;2026-FEBRUARY:1300;2026-MARCH:1300;2026-APRIL:1300;2026-MAY:1300;2026-JUNE:1300;2026-JULY:1600;2026-AUGUST:1900,
listing agent commission,1300,MEDIUM,41,3.08,14.09,11.03,2025-SEPTEMBER:2900;2025-OCTOBER:1300;2025-NOVEMBER:1000;2025-DECEMBER:880;2026-JANUARY:1300;2026-FEBRUARY:1300;2026-MARCH:1600;2026-APRIL:1000;2026-MAY:1300;2026-JUNE:720;2026-JULY:720;2026-AUGUST:590,
repayments on 600k mortgage,1300,MEDIUM,65,0.54,3.24,3.18,2025-SEPTEMBER:1300;2025-OCTOBER:1600;2025-NOVEMBER:1300;2025-DECEMBER:590;2026-JANUARY:1000;2026-FEBRUARY:1300;2026-MARCH:1300;2026-APRIL:1000;2026-MAY:1300;2026-JUNE:1000;2026-JULY:1000;2026-AUGUST:1000,
housing loan affordability calculator,1300,LOW,27,1.04,5.79,4.97,2025-SEPTEMBER:590;2025-OCTOBER:1300;2025-NOVEMBER:1000;2025-DECEMBER:390;2026-JANUARY:720;2026-FEBRUARY:1600;2026-MARCH:3600;2026-APRIL:2400;2026-MAY:2400;2026-JUNE:480;2026-JULY:480;2026-AUGUST:880,
how much could i borrow calculator,1300,HIGH,77,1.02,5.62,5.09,2025-SEPTEMBER:1000;2025-OCTOBER:1300;2025-NOVEMBER:1000;2025-DECEMBER:880;2026-JANUARY:1300;2026-FEBRUARY:1300;2026-MARCH:1900;2026-APRIL:1600;2026-MAY:1600;2026-JUNE:1000;2026-JULY:1000;2026-AUGUST:1000,
kangaroo island real estate,1300,LOW,8,0.04,0.1,0.27,2025-SEPTEMBER:1300;2025-OCTOBER:1600;2025-NOVEMBER:1300;2025-DECEMBER:1300;2026-JANUARY:1900;2026-FEBRUARY:1300;2026-MARCH:1300;2026-APRIL:1300;2026-MAY:1300;2026-JUNE:1000;2026-JULY:1300;2026-AUGUST:1000,
morayfield 4506,1300,LOW,2,0.0,0.0,1.66,2025-SEPTEMBER:1300;2025-OCTOBER:1300;2025-NOVEMBER:1300;2025-DECEMBER:1000;2026-JANUARY:1300;2026-FEBRUARY:1300;2026-MARCH:1300;2026-APRIL:1300;2026-MAY:1300;2026-JUNE:1300;2026-JULY:1300;2026-AUGUST:1300,
mortgage repayments on 500k,1300,MEDIUM,61,0.54,3.58,3.33,2025-SEPTEMBER:1300;2025-OCTOBER:1300;2025-NOVEMBER:1300;2025-DECEMBER:1000;2026-JANUARY:1600;2026-FEBRUARY:1300;2026-MARCH:1600;2026-APRIL:1600;2026-MAY:1600;2026-JUNE:1300;2026-JULY:1300;2026-AUGUST:1300,
borrowing power calculator nab,1300,MEDIUM,40,1.71,6.75,5.39,2025-SEPTEMBER:1000;2025-OCTOBER:1600;2025-NOVEMBER:1300;2025-DECEMBER:1000;2026-JANUARY:1300;2026-FEBRUARY:1300;2026-MARCH:1300;2026-APRIL:1300;2026-MAY:1900;2026-JUNE:1300;2026-JULY:1000;2026-AUGUST:1000,
mortgage affordability formula,1300,LOW,27,1.04,5.79,4.97,2025-SEPTEMBER:590;2025-OCTOBER:1300;2025-NOVEMBER:1000;2025-DECEMBER:390;2026-JANUARY:720;2026-FEBRUARY:1600;2026-MARCH:3600;2026-APRIL:2400;2026-MAY:2400;2026-JUNE:480;2026-JULY:480;2026-AUGUST:880,
nab borrowing calculator,1300,MEDIUM,40,1.71,6.75,5.39,2025-SEPTEMBER:1000;2025-OCTOBER:1600;2025-NOVEMBER:1300;2025-DECEMBER:1000;2026-JANUARY:1300;2026-FEBRUARY:1300;2026-MARCH:1300;2026-APRIL:1300;2026-MAY:1900;2026-JUNE:1300;2026-JULY:1000;2026-AUGUST:1000,
northbridge postcode perth,1300,LOW,0,0.0,0.0,0.0,2025-SEPTEMBER:1000;2025-OCTOBER:1000;2025-NOVEMBER:1000;2025-DECEMBER:1000;2026-JANUARY:1000;2026-FEBRUARY:1000;2026-MARCH:1000;2026-APRIL:1000;2026-MAY:1000;2026-JUNE:1000;2026-JULY:1000;2026-AUGUST:1900,
real estate agents commission,1300,MEDIUM,41,3.08,14.09,11.03,2025-SEPTEMBER:2900;2025-OCTOBER:1300;2025-NOVEMBER:1000;2025-DECEMBER:880;2026-JANUARY:1300;2026-FEBRUARY:1300;2026-MARCH:1600;2026-APRIL:1000;2026-MAY:1300;2026-JUNE:720;2026-JULY:720;2026-AUGUST:590,
red hill act,1300,LOW,1,0.0,0.0,0.03,2025-SEPTEMBER:1300;2025-OCTOBER:1300;2025-NOVEMBER:1300;2025-DECEMBER:1000;2026-JANUARY:1300;2026-FEBRUARY:1300;2026-MARCH:1600;2026-APRIL:1300;2026-MAY:1300;2026-JUNE:1000;2026-JULY:1300;2026-AUGUST:1000,
borrowing power nab,1300,MEDIUM,53,2.36,6.7,3.32,2025-SEPTEMBER:1900;2025-OCTOBER:1600;2025-NOVEMBER:1300;2025-DECEMBER:1000;2026-JANUARY:1600;2026-FEBRUARY:1300;2026-MARCH:1300;2026-APRIL:1000;2026-MAY:1000;2026-JUNE:880;2026-JULY:880;2026-AUGUST:880,
deepdene melbourne,1300,LOW,2,0.0,0.0,0.57,2025-SEPTEMBER:1000;2025-OCTOBER:1300;2025-NOVEMBER:1300;2025-DECEMBER:1000;2026-JANUARY:1300;2026-FEBRUARY:1300;2026-MARCH:1300;2026-APRIL:1300;2026-MAY:1300;2026-JUNE:1000;2026-JULY:1300;2026-AUGUST:1300,
first home buyer nsw stamp duty,1300,LOW,16,0.81,3.65,4.16,2025-SEPTEMBER:1900;2025-OCTOBER:1900;2025-NOVEMBER:1600;2025-DECEMBER:1000;2026-JANUARY:1600;2026-FEBRUARY:1300;2026-MARCH:1600;2026-APRIL:1000;2026-MAY:1300;2026-JUNE:1300;2026-JULY:1000;2026-AUGUST:1000,
lidcombe nsw 2141,1300,LOW,3,0.0,0.0,0.42,2025-SEPTEMBER:1600;2025-OCTOBER:1300;2025-NOVEMBER:1600;2025-DECEMBER:1300;2026-JANUARY:1300;2026-FEBRUARY:1300;2026-MARCH:1600;2026-APRIL:1300;2026-MAY:1300;2026-JUNE:1300;2026-JULY:1300;2026-AUGUST:1300,
melbourne property prices,1300,LOW,7,0.93,4.15,2.72,2025-SEPTEMBER:1600;2025-OCTOBER:1600;2025-NOVEMBER:2400;2025-DECEMBER:880;2026-JANUARY:1300;2026-FEBRUARY:1000;2026-MARCH:1300;2026-APRIL:1000;2026-MAY:1300;2026-JUNE:1600;2026-JULY:1300;2026-AUGUST:1300,
mortgage affordability calc,1300,LOW,27,1.03,5.76,4.95,2025-SEPTEMBER:590;2025-OCTOBER:1300;2025-NOVEMBER:1000;2025-DECEMBER:390;2026-JANUARY:720;2026-FEBRUARY:1600;2026-MARCH:3600;2026-APRIL:2400;2026-MAY:2400;2026-JUNE:480;2026-JULY:480;2026-AUGUST:880,
ravenswood wa,1300,LOW,1,0.0,0.0,1.64,2025-SEPTEMBER:1000;2025-OCTOBER:1300;2025-NOVEMBER:1300;2025-DECEMBER:1000;2026-JANUARY:1300;2026-FEBRUARY:1300;2026-MARCH:1300;2026-APRIL:1300;2026-MAY:1300;2026-JUNE:1300;2026-JULY:1300;2026-AUGUST:1300,
real estate agent sales commission,1300,MEDIUM,41,3.07,14.03,10.98,2025-SEPTEMBER:2900;2025-OCTOBER:1300;2025-NOVEMBER:1000;2025-DECEMBER:880;2026-JANUARY:1300;2026-FEBRUARY:1300;2026-MARCH:1600;2026-APRIL:1000;2026-MAY:1300;2026-JUNE:720;2026-JULY:720;2026-AUGUST:590,
riverview nsw,1300,LOW,2,1.61,2.12,2.44,2025-SEPTEMBER:1300;2025-OCTOBER:1300;2025-NOVEMBER:1300;2025-DECEMBER:1000;2026-JANUARY:1300;2026-FEBRUARY:1300;2026-MARCH:1900;2026-APRIL:1300;2026-MAY:1300;2026-JUNE:1300;2026-JULY:1300;2026-AUGUST:1300,
seller commission real estate,1300,MEDIUM,41,3.07,14.03,10.98,2025-SEPTEMBER:2900;2025-OCTOBER:1300;2025-NOVEMBER:1000;2025-DECEMBER:880;2026-JANUARY:1300;2026-FEBRUARY:1300;2026-MARCH:1600;2026-APRIL:1000;2026-MAY:1300;2026-JUNE:720;2026-JULY:720;2026-AUGUST:590,
affordability calculator home loan,1300,LOW,27,1.03,5.76,4.95,2025-SEPTEMBER:590;2025-OCTOBER:1300;2025-NOVEMBER:1000;2025-DECEMBER:390;2026-JANUARY:720;2026-FEBRUARY:1600;2026-MARCH:3600;2026-APRIL:2400;2026-MAY:2400;2026-JUNE:480;2026-JULY:480;2026-AUGUST:880,
affordable mortgage calculator,1300,LOW,27,1.03,5.76,4.95,2025-SEPTEMBER:590;2025-OCTOBER:1300;2025-NOVEMBER:1000;2025-DECEMBER:390;2026-JANUARY:720;2026-FEBRUARY:1600;2026-MARCH:3600;2026-APRIL:2400;2026-MAY:2400;2026-JUNE:480;2026-JULY:480;2026-AUGUST:880,calculate affordable mortgage
borrowing capacity calculator nab,1300,MEDIUM,40,1.7,6.72,5.37,2025-SEPTEMBER:1000;2025-OCTOBER:1600;2025-NOVEMBER:1300;2025-DECEMBER:1000;2026-JANUARY:1300;2026-FEBRUARY:1300;2026-MARCH:1300;2026-APRIL:1300;2026-MAY:1900;2026-JUNE:1300;2026-JULY:1000;2026-AUGUST:1000,
broker real estate commission,1300,MEDIUM,41,3.07,14.03,10.98,2025-SEPTEMBER:2900;2025-OCTOBER:1300;2025-NOVEMBER:1000;2025-DECEMBER:880;2026-JANUARY:1300;2026-FEBRUARY:1300;2026-MARCH:1600;2026-APRIL:1000;2026-MAY:1300;2026-JUNE:720;2026-JULY:720;2026-AUGUST:590,
caloundra qld 4551,1300,LOW,4,0.0,0.0,1.08,2025-SEPTEMBER:1300;2025-OCTOBER:1600;2025-NOVEMBER:1300;2025-DECEMBER:1600;2026-JANUARY:1600;2026-FEBRUARY:1300;2026-MARCH:1300;2026-APRIL:1300;2026-MAY:1300;2026-JUNE:1300;2026-JULY:1600;2026-AUGUST:1600,
real estate agent fees,1000,MEDIUM,41,3.47,18.3,13.47,2025-SEPTEMBER:1600;2025-OCTOBER:1000;2025-NOVEMBER:880;2025-DECEMBER:720;2026-JANUARY:1300;2026-FEBRUARY:1300;2026-MARCH:1600;2026-APRIL:1300;2026-MAY:1900;2026-JUNE:1000;2026-JULY:880;2026-AUGUST:720,real estate agents fees
property management fees,1000,MEDIUM,39,3.7,14.3,12.74,2025-SEPTEMBER:2400;2025-OCTOBER:1000;2025-NOVEMBER:1000;2025-DECEMBER:720;2026-JANUARY:1000;2026-FEBRUARY:880;2026-MARCH:880;2026-APRIL:720;2026-MAY:720;2026-JUNE:590;2026-JULY:720;2026-AUGUST:590,
buying a property,1000,MEDIUM,42,0.11,6.95,1.35,2025-SEPTEMBER:1900;2025-OCTOBER:1300;2025-NOVEMBER:880;2025-DECEMBER:880;2026-JANUARY:1000;2026-FEBRUARY:1000;2026-MARCH:1300;2026-APRIL:880;2026-MAY:1000;2026-JUNE:880;2026-JULY:880;2026-AUGUST:720,
logan postcode qld,1000,LOW,0,0.0,0.0,0.0,2025-SEPTEMBER:1000;2025-OCTOBER:1000;2025-NOVEMBER:1300;2025-DECEMBER:1000;2026-JANUARY:1300;2026-FEBRUARY:1000;2026-MARCH:1000;2026-APRIL:1000;2026-MAY:1000;2026-JUNE:1000;2026-JULY:1000;2026-AUGUST:1300,
kiama postcode nsw,1000,LOW,0,0.0,0.0,0.0,2025-SEPTEMBER:1000;2025-OCTOBER:1000;2025-NOVEMBER:1300;2025-DECEMBER:1300;2026-JANUARY:1300;2026-FEBRUARY:1000;2026-MARCH:1300;2026-APRIL:1000;2026-MAY:1000;2026-JUNE:1000;2026-JULY:1000;2026-AUGUST:1300,
dual occupancy,1000,LOW,27,1.49,6.23,6.33,2025-SEPTEMBER:1300;2025-OCTOBER:1300;2025-NOVEMBER:1000;2025-DECEMBER:880;2026-JANUARY:1000;2026-FEBRUARY:1000;2026-MARCH:1000;2026-APRIL:880;2026-MAY:1000;2026-JUNE:880;2026-JULY:880;2026-AUGUST:880,
real estate brokerage fee,1000,MEDIUM,41,3.47,18.3,13.47,2025-SEPTEMBER:1600;2025-OCTOBER:1000;2025-NOVEMBER:880;2025-DECEMBER:720;2026-JANUARY:1300;2026-FEBRUARY:1300;2026-MARCH:1600;2026-APRIL:1300;2026-MAY:1900;2026-JUNE:1000;2026-JULY:880;2026-AUGUST:720,
real estate agent cost,1000,MEDIUM,41,3.47,18.32,13.49,2025-SEPTEMBER:1600;2025-OCTOBER:1000;2025-NOVEMBER:880;2025-DECEMBER:720;2026-JANUARY:1300;2026-FEBRUARY:1300;2026-MARCH:1600;2026-APRIL:1300;2026-MAY:1900;2026-JUNE:1000;2026-JULY:880;2026-AUGUST:720,
fees for realtors,1000,MEDIUM,41,3.47,18.32,13.49,2025-SEPTEMBER:1600;2025-OCTOBER:1000;2025-NOVEMBER:880;2025-DECEMBER:720;2026-JANUARY:1300;2026-FEBRUARY:1300;2026-MARCH:1600;2026-APRIL:1300;2026-MAY:1900;2026-JUNE:1000;2026-JULY:880;2026-AUGUST:720,
how much can i borrow cba,1000,MEDIUM,36,0.05,4.73,0.71,2025-SEPTEMBER:1300;2025-OCTOBER:1300;2025-NOVEMBER:1000;2025-DECEMBER:1000;2026-JANUARY:1300;2026-FEBRUARY:1000;2026-MARCH:1000;2026-APRIL:1000;2026-MAY:1000;2026-JUNE:880;2026-JULY:880;2026-AUGUST:880,cba how much can i borrow
real estate agent fee,1000,MEDIUM,41,3.47,18.32,13.49,2025-SEPTEMBER:1600;2025-OCTOBER:1000;2025-NOVEMBER:880;2025-DECEMBER:720;2026-JANUARY:1300;2026-FEBRUARY:1300;2026-MARCH:1600;2026-APRIL:1300;2026-MAY:1900;2026-JUNE:1000;2026-JULY:880;2026-AUGUST:720,
dural postcode nsw,1000,LOW,0,0.0,0.0,0.0,2025-SEPTEMBER:880;2025-OCTOBER:1000;2025-NOVEMBER:1000;2025-DECEMBER:1000;2026-JANUARY:1000;2026-FEBRUARY:1000;2026-MARCH:1300;2026-APRIL:1000;2026-MAY:1000;2026-JUNE:1000;2026-JULY:1000;2026-AUGUST:1600,
realestate agent fees,1000,MEDIUM,41,3.47,18.33,13.49,2025-SEPTEMBER:1600;2025-OCTOBER:1000;2025-NOVEMBER:880;2025-DECEMBER:720;2026-JANUARY:1300;2026-FEBRUARY:1300;2026-MARCH:1600;2026-APRIL:1300;2026-MAY:1900;2026-JUNE:1000;2026-JULY:880;2026-AUGUST:720,
contract of sale,1000,LOW,11,3.5,14.22,8.53,2025-SEPTEMBER:1300;2025-OCTOBER:1000;2025-NOVEMBER:1000;2025-DECEMBER:720;2026-JANUARY:880;2026-FEBRUARY:1000;2026-MARCH:1000;2026-APRIL:880;2026-MAY:1000;2026-JUNE:880;2026-JULY:880;2026-AUGUST:880,
rent yield,1000,LOW,2,1.33,10.26,2.82,2025-SEPTEMBER:1900;2025-OCTOBER:1300;2025-NOVEMBER:1000;2025-DECEMBER:880;2026-JANUARY:1000;2026-FEBRUARY:1000;2026-MARCH:1300;2026-APRIL:1000;2026-MAY:1000;2026-JUNE:720;2026-JULY:720;2026-AUGUST:590,
greenfield park nsw,1000,LOW,1,0.0,0.0,0.0,2025-SEPTEMBER:1000;2025-OCTOBER:1000;2025-NOVEMBER:1000;2025-DECEMBER:880;2026-JANUARY:1000;2026-FEBRUARY:1000;2026-MARCH:1300;2026-APRIL:1000;2026-MAY:1000;2026-JUNE:1000;2026-JULY:1000;2026-AUGUST:1000,
first home buyers grant qld stamp duty,1000,LOW,13,0.22,4.0,3.91,2025-SEPTEMBER:2900;2025-OCTOBER:1300;2025-NOVEMBER:880;2025-DECEMBER:720;2026-JANUARY:1000;2026-FEBRUARY:880;2026-MARCH:1000;2026-APRIL:720;2026-MAY:720;2026-JUNE:720;2026-JULY:720;2026-AUGUST:590,
guanaba gold coast,1000,LOW,1,0.0,0.0,0.0,2025-SEPTEMBER:720;2025-OCTOBER:880;2025-NOVEMBER:1000;2025-DECEMBER:1000;2026-JANUARY:880;2026-FEBRUARY:880;2026-MARCH:1000;2026-APRIL:1000;2026-MAY:1000;2026-JUNE:1000;2026-JULY:1000;2026-AUGUST:1000,
guanaba qld,1000,LOW,1,0.0,0.0,0.0,2025-SEPTEMBER:720;2025-OCTOBER:880;2025-NOVEMBER:1000;2025-DECEMBER:1000;2026-JANUARY:880;2026-FEBRUARY:880;2026-MARCH:1000;2026-APRIL:1000;2026-MAY:1000;2026-JUNE:1000;2026-JULY:1000;2026-AUGUST:1000,
principal and interest,1000,LOW,6,1.27,53.4,20.27,2025-SEPTEMBER:1300;2025-OCTOBER:1300;2025-NOVEMBER:1000;2025-DECEMBER:880;2026-JANUARY:1000;2026-FEBRUARY:1000;2026-MARCH:1900;2026-APRIL:1000;2026-MAY:1000;2026-JUNE:880;2026-JULY:880;2026-AUGUST:880,
principle and interest,1000,LOW,6,1.27,53.4,20.27,2025-SEPTEMBER:1300;2025-OCTOBER:1300;2025-NOVEMBER:1000;2025-DECEMBER:880;2026-JANUARY:1000;2026-FEBRUARY:1000;2026-MARCH:1900;2026-APRIL:1000;2026-MAY:1000;2026-JUNE:880;2026-JULY:880;2026-AUGUST:880,
property value perth,1000,MEDIUM,51,1.21,6.42,5.86,2025-SEPTEMBER:1300;2025-OCTOBER:1300;2025-NOVEMBER:1000;2025-DECEMBER:1000;2026-JANUARY:1300;2026-FEBRUARY:1300;2026-MARCH:1300;2026-APRIL:1300;2026-MAY:1300;2026-JUNE:1000;2026-JULY:1000;2026-AUGUST:880,
borrowing power calculator cba,1000,MEDIUM,38,0.04,4.9,0.85,2025-SEPTEMBER:880;2025-OCTOBER:1000;2025-NOVEMBER:880;2025-DECEMBER:720;2026-JANUARY:1000;2026-FEBRUARY:1000;2026-MARCH:880;2026-APRIL:880;2026-MAY:1300;2026-JUNE:1000;2026-JULY:880;2026-AUGUST:880,
commbank borrowing power calculator,1000,MEDIUM,38,0.04,4.9,0.85,2025-SEPTEMBER:880;2025-OCTOBER:1000;2025-NOVEMBER:880;2025-DECEMBER:720;2026-JANUARY:1000;2026-FEBRUARY:1000;2026-MARCH:880;2026-APRIL:880;2026-MAY:1300;2026-JUNE:1000;2026-JULY:880;2026-AUGUST:880,
capital gains tax calculator property,880,LOW,7,0.06,2.7,1.09,2025-SEPTEMBER:1900;2025-OCTOBER:1000;2025-NOVEMBER:880;2025-DECEMBER:590;2026-JANUARY:880;2026-FEBRUARY:1000;2026-MARCH:880;2026-APRIL:880;2026-MAY:1000;2026-JUNE:590;2026-JULY:590;2026-AUGUST:590,
best suburbs in perth,880,LOW,1,1.44,3.53,0.0,2025-SEPTEMBER:1000;2025-OCTOBER:1000;2025-NOVEMBER:880;2025-DECEMBER:880;2026-JANUARY:1000;2026-FEBRUARY:720;2026-MARCH:880;2026-APRIL:720;2026-MAY:720;2026-JUNE:590;2026-JULY:590;2026-AUGUST:590,
brighton postcode vic,880,LOW,0,0.0,0.0,0.0,2025-SEPTEMBER:590;2025-OCTOBER:880;2025-NOVEMBER:880;2025-DECEMBER:1000;2026-JANUARY:880;2026-FEBRUARY:880;2026-MARCH:880;2026-APRIL:720;2026-MAY:720;2026-JUNE:880;2026-JULY:880;2026-AUGUST:1300,
east toowoomba,880,LOW,3,0.0,0.0,0.0,2025-SEPTEMBER:1000;2025-OCTOBER:880;2025-NOVEMBER:880;2025-DECEMBER:880;2026-JANUARY:880;2026-FEBRUARY:880;2026-MARCH:1000;2026-APRIL:880;2026-MAY:1000;2026-JUNE:880;2026-JULY:880;2026-AUGUST:1000,
capital gains tax property,880,LOW,2,0.03,2.79,3.38,2025-SEPTEMBER:2900;2025-OCTOBER:880;2025-NOVEMBER:590;2025-DECEMBER:480;2026-JANUARY:720;2026-FEBRUARY:1000;2026-MARCH:720;2026-APRIL:720;2026-MAY:1000;2026-JUNE:390;2026-JULY:390;2026-AUGUST:390,
regions in australia,880,LOW,1,0.0,0.0,0.02,2025-SEPTEMBER:880;2025-OCTOBER:1000;2025-NOVEMBER:880;2025-DECEMBER:720;2026-JANUARY:720;2026-FEBRUARY:880;2026-MARCH:1000;2026-APRIL:880;2026-MAY:880;2026-JUNE:880;2026-JULY:720;2026-AUGUST:880,regions of australia|region in australia|australia regions
capital gains and property,880,LOW,2,0.03,2.79,3.38,2025-SEPTEMBER:2900;2025-OCTOBER:880;2025-NOVEMBER:590;2025-DECEMBER:480;2026-JANUARY:720;2026-FEBRUARY:1000;2026-MARCH:720;2026-APRIL:720;2026-MAY:1000;2026-JUNE:390;2026-JULY:390;2026-AUGUST:390,
average real estate fees,880,MEDIUM,46,2.93,12.08,9.98,2025-SEPTEMBER:1600;2025-OCTOBER:1000;2025-NOVEMBER:880;2025-DECEMBER:590;2026-JANUARY:880;2026-FEBRUARY:880;2026-MARCH:880;2026-APRIL:720;2026-MAY:590;2026-JUNE:480;2026-JULY:480;2026-AUGUST:480,
mortgage repayments on 400k,880,MEDIUM,59,0.53,3.42,3.61,2025-SEPTEMBER:1000;2025-OCTOBER:1000;2025-NOVEMBER:720;2025-DECEMBER:720;2026-JANUARY:880;2026-FEBRUARY:880;2026-MARCH:880;2026-APRIL:880;2026-MAY:1000;2026-JUNE:720;2026-JULY:720;2026-AUGUST:880,repayments on 400k mortgage
capital gains on property,880,LOW,2,0.03,2.79,3.38,2025-SEPTEMBER:2900;2025-OCTOBER:880;2025-NOVEMBER:590;2025-DECEMBER:480;2026-JANUARY:720;2026-FEBRUARY:1000;2026-MARCH:720;2026-APRIL:720;2026-MAY:1000;2026-JUNE:390;2026-JULY:390;2026-AUGUST:390,
cgt on property,880,LOW,2,0.03,2.79,3.38,2025-SEPTEMBER:2900;2025-OCTOBER:880;2025-NOVEMBER:590;2025-DECEMBER:480;2026-JANUARY:720;2026-FEBRUARY:1000;2026-MARCH:720;2026-APRIL:720;2026-MAY:1000;2026-JUNE:390;2026-JULY:390;2026-AUGUST:390,
capital gains on a property,880,LOW,2,0.03,2.79,3.38,2025-SEPTEMBER:2900;2025-OCTOBER:880;2025-NOVEMBER:590;2025-DECEMBER:480;2026-JANUARY:720;2026-FEBRUARY:1000;2026-MARCH:720;2026-APRIL:720;2026-MAY:1000;2026-JUNE:390;2026-JULY:390;2026-AUGUST:390,
property and capital gains tax,880,LOW,2,0.03,2.79,3.38,2025-SEPTEMBER:2900;2025-OCTOBER:880;2025-NOVEMBER:590;2025-DECEMBER:480;2026-JANUARY:720;2026-FEBRUARY:1000;2026-MARCH:720;2026-APRIL:720;2026-MAY:1000;2026-JUNE:390;2026-JULY:390;2026-AUGUST:390,
average real estate commission,880,MEDIUM,46,2.93,12.08,9.98,2025-SEPTEMBER:1600;2025-OCTOBER:1000;2025-NOVEMBER:880;2025-DECEMBER:590;2026-JANUARY:880;2026-FEBRUARY:880;2026-MARCH:880;2026-APRIL:720;2026-MAY:590;2026-JUNE:480;2026-JULY:480;2026-AUGUST:480,
postal code 4217,880,LOW,0,0.0,0.0,0.0,2025-SEPTEMBER:880;2025-OCTOBER:880;2025-NOVEMBER:880;2025-DECEMBER:880;2026-JANUARY:880;2026-FEBRUARY:880;2026-MARCH:1000;2026-APRIL:1000;2026-MAY:1000;2026-JUNE:880;2026-JULY:880;2026-AUGUST:1000,
bondi nsw 2026,880,LOW,4,0.0,0.0,0.0,2025-SEPTEMBER:880;2025-OCTOBER:720;2025-NOVEMBER:880;2025-DECEMBER:2900;2026-JANUARY:720;2026-FEBRUARY:720;2026-MARCH:880;2026-APRIL:590;2026-MAY:590;2026-JUNE:590;2026-JULY:590;2026-AUGUST:720,
capital gain on property,880,LOW,2,0.03,2.79,3.38,2025-SEPTEMBER:2900;2025-OCTOBER:880;2025-NOVEMBER:590;2025-DECEMBER:480;2026-JANUARY:720;2026-FEBRUARY:1000;2026-MARCH:720;2026-APRIL:720;2026-MAY:1000;2026-JUNE:390;2026-JULY:390;2026-AUGUST:390,property capital gains
capital gains tax for property,880,LOW,2,0.03,2.79,3.38,2025-SEPTEMBER:2900;2025-OCTOBER:880;2025-NOVEMBER:590;2025-DECEMBER:480;2026-JANUARY:720;2026-FEBRUARY:1000;2026-MARCH:720;2026-APRIL:720;2026-MAY:1000;2026-JUNE:390;2026-JULY:390;2026-AUGUST:390,capital gain tax on property
cgt property,880,LOW,2,0.03,2.79,3.38,2025-SEPTEMBER:2900;2025-OCTOBER:880;2025-NOVEMBER:590;2025-DECEMBER:480;2026-JANUARY:720;2026-FEBRUARY:1000;2026-MARCH:720;2026-APRIL:720;2026-MAY:1000;2026-JUNE:390;2026-JULY:390;2026-AUGUST:390,property cgt
cgt and property,880,LOW,2,0.03,2.79,3.38,2025-SEPTEMBER:2900;2025-OCTOBER:880;2025-NOVEMBER:590;2025-DECEMBER:480;2026-JANUARY:720;2026-FEBRUARY:1000;2026-MARCH:720;2026-APRIL:720;2026-MAY:1000;2026-JUNE:390;2026-JULY:390;2026-AUGUST:390,
mortgage interest calculator,880,MEDIUM,53,0.48,2.13,2.05,2025-SEPTEMBER:1000;2025-OCTOBER:880;2025-NOVEMBER:720;2025-DECEMBER:590;2026-JANUARY:880;2026-FEBRUARY:880;2026-MARCH:1000;2026-APRIL:880;2026-MAY:880;2026-JUNE:590;2026-JULY:720;2026-AUGUST:720,
average real estate agent commission,880,MEDIUM,46,2.93,12.08,9.98,2025-SEPTEMBER:1600;2025-OCTOBER:1000;2025-NOVEMBER:880;2025-DECEMBER:590;2026-JANUARY:880;2026-FEBRUARY:880;2026-MARCH:880;2026-APRIL:720;2026-MAY:590;2026-JUNE:480;2026-JULY:480;2026-AUGUST:480,average commission for real estate agent
property capital gains tax,880,LOW,2,0.03,2.79,3.38,2025-SEPTEMBER:2900;2025-OCTOBER:880;2025-NOVEMBER:590;2025-DECEMBER:480;2026-JANUARY:720;2026-FEBRUARY:1000;2026-MARCH:720;2026-APRIL:720;2026-MAY:1000;2026-JUNE:390;2026-JULY:390;2026-AUGUST:390,capital gains tax on property
gumly gumly,880,LOW,2,0.0,0.0,5.24,2025-SEPTEMBER:1000;2025-OCTOBER:1000;2025-NOVEMBER:1000;2025-DECEMBER:880;2026-JANUARY:880;2026-FEBRUARY:720;2026-MARCH:1000;2026-APRIL:1000;2026-MAY:880;2026-JUNE:880;2026-JULY:880;2026-AUGUST:880,
gumly gumly nsw,880,LOW,2,0.0,0.0,5.24,2025-SEPTEMBER:1000;2025-OCTOBER:1000;2025-NOVEMBER:1000;2025-DECEMBER:880;2026-JANUARY:880;2026-FEBRUARY:720;2026-MARCH:1000;2026-APRIL:1000;2026-MAY:880;2026-JUNE:880;2026-JULY:880;2026-AUGUST:880,
property easement,880,LOW,3,0.72,5.22,4.01,2025-SEPTEMBER:1600;2025-OCTOBER:880;2025-NOVEMBER:880;2025-DECEMBER:720;2026-JANUARY:880;2026-FEBRUARY:880;2026-MARCH:720;2026-APRIL:880;2026-MAY:880;2026-JUNE:720;2026-JULY:590;2026-AUGUST:590,
regions australia,880,LOW,1,2.01,10.79,0.47,2025-SEPTEMBER:1000;2025-OCTOBER:1000;2025-NOVEMBER:880;2025-DECEMBER:720;2026-JANUARY:880;2026-FEBRUARY:880;2026-MARCH:1300;2026-APRIL:880;2026-MAY:880;2026-JUNE:880;2026-JULY:720;2026-AUGUST:880,
typical real estate commission,880,MEDIUM,46,2.92,12.03,9.94,2025-SEPTEMBER:1600;2025-OCTOBER:1000;2025-NOVEMBER:880;2025-DECEMBER:590;2026-JANUARY:880;2026-FEBRUARY:880;2026-MARCH:880;2026-APRIL:720;2026-MAY:590;2026-JUNE:480;2026-JULY:480;2026-AUGUST:480,
what does sold by private treaty mean,880,LOW,0,0.0,0.0,0.0,2025-SEPTEMBER:1000;2025-OCTOBER:1000;2025-NOVEMBER:880;2025-DECEMBER:880;2026-JANUARY:1000;2026-FEBRUARY:880;2026-MARCH:1000;2026-APRIL:880;2026-MAY:880;2026-JUNE:720;2026-JULY:720;2026-AUGUST:880,
whyalla norrie,880,LOW,2,0.15,1.62,0.1,2025-SEPTEMBER:880;2025-OCTOBER:880;2025-NOVEMBER:880;2025-DECEMBER:720;2026-JANUARY:880;2026-FEBRUARY:1000;2026-MARCH:880;2026-APRIL:880;2026-MAY:880;2026-JUNE:880;2026-JULY:880;2026-AUGUST:880,
400k mortgage repayments,880,MEDIUM,59,0.53,3.41,3.6,2025-SEPTEMBER:1000;2025-OCTOBER:1000;2025-NOVEMBER:720;2025-DECEMBER:720;2026-JANUARY:880;2026-FEBRUARY:880;2026-MARCH:880;2026-APRIL:880;2026-MAY:1000;2026-JUNE:720;2026-JULY:720;2026-AUGUST:880,
albion primary,880,LOW,3,0.0,0.0,0.85,2025-SEPTEMBER:720;2025-OCTOBER:1000;2025-NOVEMBER:880;2025-DECEMBER:720;2026-JANUARY:590;2026-FEBRUARY:1000;2026-MARCH:1300;2026-APRIL:880;2026-MAY:1300;2026-JUNE:880;2026-JULY:880;2026-AUGUST:1300,
browns plains qld 4118,880,LOW,3,0.0,0.0,0.0,2025-SEPTEMBER:1000;2025-OCTOBER:1000;2025-NOVEMBER:880;2025-DECEMBER:880;2026-JANUARY:880;2026-FEBRUARY:880;2026-MARCH:1000;2026-APRIL:880;2026-MAY:880;2026-JUNE:880;2026-JULY:1000;2026-AUGUST:880,
cammeray postcode nsw,880,LOW,0,0.0,0.0,0.0,2025-SEPTEMBER:880;2025-OCTOBER:880;2025-NOVEMBER:880;2025-DECEMBER:1000;2026-JANUARY:880;2026-FEBRUARY:880;2026-MARCH:1000;2026-APRIL:880;2026-MAY:880;2026-JUNE:880;2026-JULY:880;2026-AUGUST:1300,
cost of selling a house,720,MEDIUM,60,2.69,9.35,8.43,2025-SEPTEMBER:1000;2025-OCTOBER:1000;2025-NOVEMBER:590;2025-DECEMBER:480;2026-JANUARY:720;2026-FEBRUARY:880;2026-MARCH:1600;2026-APRIL:720;2026-MAY:720;2026-JUNE:480;2026-JULY:480;2026-AUGUST:390,cost of selling house
property appraisal,720,HIGH,69,7.11,23.76,23.47,2025-SEPTEMBER:1900;2025-OCTOBER:720;2025-NOVEMBER:590;2025-DECEMBER:390;2026-JANUARY:720;2026-FEBRUARY:720;2026-MARCH:720;2026-APRIL:590;2026-MAY:590;2026-JUNE:480;2026-JULY:720;2026-AUGUST:590,
buying a house australia,720,MEDIUM,47,0.16,5.75,2.37,2025-SEPTEMBER:1600;2025-OCTOBER:720;2025-NOVEMBER:590;2025-DECEMBER:480;2026-JANUARY:720;2026-FEBRUARY:590;2026-MARCH:880;2026-APRIL:590;2026-MAY:590;2026-JUNE:390;2026-JULY:480;2026-AUGUST:480,buying house australia|buying a house in australia
surfers paradise postal code,720,LOW,0,0.0,0.0,0.0,2025-SEPTEMBER:720;2025-OCTOBER:720;2025-NOVEMBER:720;2025-DECEMBER:720;2026-JANUARY:720;2026-FEBRUARY:590;2026-MARCH:720;2026-APRIL:590;2026-MAY:590;2026-JUNE:590;2026-JULY:590;2026-AUGUST:880,
home price guide,720,LOW,17,0.9,2.62,1.99,2025-SEPTEMBER:880;2025-OCTOBER:880;2025-NOVEMBER:720;2025-DECEMBER:590;2026-JANUARY:720;2026-FEBRUARY:720;2026-MARCH:880;2026-APRIL:720;2026-MAY:720;2026-JUNE:480;2026-JULY:480;2026-AUGUST:480,
real estate commission,720,MEDIUM,51,2.46,13.02,10.91,2025-SEPTEMBER:1600;2025-OCTOBER:1000;2025-NOVEMBER:880;2025-DECEMBER:590;2026-JANUARY:720;2026-FEBRUARY:880;2026-MARCH:880;2026-APRIL:590;2026-MAY:590;2026-JUNE:590;2026-JULY:480;2026-AUGUST:480,
yield calculator,720,LOW,5,1.43,10.81,5.92,2025-SEPTEMBER:1000;2025-OCTOBER:1000;2025-NOVEMBER:880;2025-DECEMBER:590;2026-JANUARY:880;2026-FEBRUARY:720;2026-MARCH:880;2026-APRIL:720;2026-MAY:720;2026-JUNE:590;2026-JULY:590;2026-AUGUST:590,
airlie beach population,720,LOW,0,0.0,0.0,0.0,2025-SEPTEMBER:880;2025-OCTOBER:880;2025-NOVEMBER:590;2025-DECEMBER:720;2026-JANUARY:880;2026-FEBRUARY:590;2026-MARCH:720;2026-APRIL:590;2026-MAY:720;2026-JUNE:720;2026-JULY:880;2026-AUGUST:720,
dubbo postal code,720,LOW,0,0.0,0.0,0.0,2025-SEPTEMBER:720;2025-OCTOBER:720;2025-NOVEMBER:720;2025-DECEMBER:720;2026-JANUARY:720;2026-FEBRUARY:720;2026-MARCH:720;2026-APRIL:720;2026-MAY:720;2026-JUNE:590;2026-JULY:720;2026-AUGUST:720,dubbo.postcode
bridging loans australia,720,MEDIUM,66,4.28,31.23,30.78,2025-SEPTEMBER:880;2025-OCTOBER:720;2025-NOVEMBER:590;2025-DECEMBER:480;2026-JANUARY:720;2026-FEBRUARY:720;2026-MARCH:880;2026-APRIL:720;2026-MAY:720;2026-JUNE:590;2026-JULY:720;2026-AUGUST:390,
spring farm postcode nsw,720,LOW,0,0.0,0.0,0.0,2025-SEPTEMBER:590;2025-OCTOBER:590;2025-NOVEMBER:720;2025-DECEMBER:720;2026-JANUARY:590;2026-FEBRUARY:590;2026-MARCH:720;2026-APRIL:590;2026-MAY:590;2026-JUNE:720;2026-JULY:590;2026-AUGUST:880,
home loan borrowing power,720,HIGH,80,2.06,8.81,7.54,2025-SEPTEMBER:880;2025-OCTOBER:720;2025-NOVEMBER:590;2025-DECEMBER:480;2026-JANUARY:880;2026-FEBRUARY:720;2026-MARCH:1000;2026-APRIL:590;2026-MAY:590;2026-JUNE:480;2026-JULY:480;2026-AUGUST:480,
how much commission does a realtor make,720,LOW,15,1.39,6.67,6.6,2025-SEPTEMBER:1300;2025-OCTOBER:880;2025-NOVEMBER:720;2025-DECEMBER:480;2026-JANUARY:590;2026-FEBRUARY:590;2026-MARCH:880;2026-APRIL:720;2026-MAY:590;2026-JUNE:590;2026-JULY:480;2026-AUGUST:590,
how much commission does a real estate agent make,720,LOW,15,1.39,6.67,6.6,2025-SEPTEMBER:1300;2025-OCTOBER:880;2025-NOVEMBER:720;2025-DECEMBER:480;2026-JANUARY:590;2026-FEBRUARY:590;2026-MARCH:880;2026-APRIL:720;2026-MAY:590;2026-JUNE:590;2026-JULY:480;2026-AUGUST:590,
section 32 victoria,720,MEDIUM,37,2.22,9.9,7.78,2025-SEPTEMBER:720;2025-OCTOBER:720;2025-NOVEMBER:720;2025-DECEMBER:480;2026-JANUARY:880;2026-FEBRUARY:880;2026-MARCH:880;2026-APRIL:720;2026-MAY:720;2026-JUNE:590;2026-JULY:590;2026-AUGUST:590,
bayswater postcode wa,720,LOW,0,0.0,0.0,0.0,2025-SEPTEMBER:1300;2025-OCTOBER:1000;2025-NOVEMBER:880;2025-DECEMBER:1000;2026-JANUARY:720;2026-FEBRUARY:590;2026-MARCH:720;2026-APRIL:590;2026-MAY:480;2026-JUNE:480;2026-JULY:590;2026-AUGUST:880,
rate logan,720,LOW,0,0.0,0.0,0.0,2025-SEPTEMBER:590;2025-OCTOBER:720;2025-NOVEMBER:880;2025-DECEMBER:480;2026-JANUARY:880;2026-FEBRUARY:720;2026-MARCH:720;2026-APRIL:720;2026-MAY:880;2026-JUNE:590;2026-JULY:880;2026-AUGUST:1000,
real estate commision,720,MEDIUM,51,2.47,13.04,10.92,2025-SEPTEMBER:1600;2025-OCTOBER:1000;2025-NOVEMBER:880;2025-DECEMBER:590;2026-JANUARY:720;2026-FEBRUARY:880;2026-MARCH:880;2026-APRIL:590;2026-MAY:590;2026-JUNE:590;2026-JULY:480;2026-AUGUST:480,commission real estate|real estate commissions
parrearra qld,720,LOW,1,0.0,0.0,1.7,2025-SEPTEMBER:720;2025-OCTOBER:720;2025-NOVEMBER:720;2025-DECEMBER:720;2026-JANUARY:720;2026-FEBRUARY:720;2026-MARCH:1000;2026-APRIL:880;2026-MAY:720;2026-JUNE:720;2026-JULY:720;2026-AUGUST:720,
house selling costs,720,MEDIUM,60,2.69,9.36,8.44,2025-SEPTEMBER:1000;2025-OCTOBER:1000;2025-NOVEMBER:590;2025-DECEMBER:480;2026-JANUARY:720;2026-FEBRUARY:880;2026-MARCH:1600;2026-APRIL:720;2026-MAY:720;2026-JUNE:480;2026-JULY:480;2026-AUGUST:390,cost to sell a house|selling a house costs|selling house costs
bridging loan australia,720,MEDIUM,66,4.28,31.28,30.82,2025-SEPTEMBER:880;2025-OCTOBER:720;2025-NOVEMBER:590;2025-DECEMBER:480;2026-JANUARY:720;2026-FEBRUARY:720;2026-MARCH:880;2026-APRIL:720;2026-MAY:720;2026-JUNE:590;2026-JULY:720;2026-AUGUST:390,
how to buy a house,720,HIGH,69,2.61,9.0,8.19,2025-SEPTEMBER:1300;2025-OCTOBER:1000;2025-NOVEMBER:720;2025-DECEMBER:590;2026-JANUARY:880;2026-FEBRUARY:720;2026-MARCH:1000;2026-APRIL:720;2026-MAY:720;2026-JUNE:590;2026-JULY:590;2026-AUGUST:480,
buderim qld 4556,720,LOW,4,0.0,0.0,0.0,2025-SEPTEMBER:720;2025-OCTOBER:880;2025-NOVEMBER:880;2025-DECEMBER:720;2026-JANUARY:720;2026-FEBRUARY:880;2026-MARCH:880;2026-APRIL:720;2026-MAY:720;2026-JUNE:720;2026-JULY:720;2026-AUGUST:880,"buderim, qld 4556"
glenorchy postcode tas,720,LOW,0,0.0,0.0,0.0,2025-SEPTEMBER:590;2025-OCTOBER:720;2025-NOVEMBER:720;2025-DECEMBER:720;2026-JANUARY:720;2026-FEBRUARY:720;2026-MARCH:720;2026-APRIL:590;2026-MAY:720;2026-JUNE:720;2026-JULY:720;2026-AUGUST:1000,
how much commission do real estate agents make,720,LOW,15,1.39,6.68,6.61,2025-SEPTEMBER:1300;2025-OCTOBER:880;2025-NOVEMBER:720;2025-DECEMBER:480;2026-JANUARY:590;2026-FEBRUARY:590;2026-MARCH:880;2026-APRIL:720;2026-MAY:590;2026-JUNE:590;2026-JULY:480;2026-AUGUST:590,
loan borrowing calculator,720,HIGH,78,1.0,5.64,4.06,2025-SEPTEMBER:880;2025-OCTOBER:720;2025-NOVEMBER:720;2025-DECEMBER:590;2026-JANUARY:720;2026-FEBRUARY:720;2026-MARCH:720;2026-APRIL:720;2026-MAY:720;2026-JUNE:590;2026-JULY:590;2026-AUGUST:590,
barton postcode act,720,LOW,0,0.0,0.0,0.0,2025-SEPTEMBER:590;2025-OCTOBER:590;2025-NOVEMBER:590;2025-DECEMBER:480;2026-JANUARY:480;2026-FEBRUARY:590;2026-MARCH:590;2026-APRIL:590;2026-MAY:590;2026-JUNE:590;2026-JULY:590;2026-AUGUST:1900,
how much can i borrow with deposit calculator,720,HIGH,77,1.83,6.71,6.62,2025-SEPTEMBER:880;2025-OCTOBER:880;2025-NOVEMBER:720;2025-DECEMBER:590;2026-JANUARY:880;2026-FEBRUARY:720;2026-MARCH:720;2026-APRIL:590;2026-MAY:590;2026-JUNE:590;2026-JULY:590;2026-AUGUST:590,
bridging finance australia,720,MEDIUM,66,4.28,31.28,30.83,2025-SEPTEMBER:880;2025-OCTOBER:720;2025-NOVEMBER:590;2025-DECEMBER:480;2026-JANUARY:720;2026-FEBRUARY:720;2026-MARCH:880;2026-APRIL:720;2026-MAY:720;2026-JUNE:590;2026-JULY:720;2026-AUGUST:390,
costs to sell house,720,MEDIUM,60,2.69,9.36,8.44,2025-SEPTEMBER:1000;2025-OCTOBER:1000;2025-NOVEMBER:590;2025-DECEMBER:480;2026-JANUARY:720;2026-FEBRUARY:880;2026-MARCH:1600;2026-APRIL:720;2026-MAY:720;2026-JUNE:480;2026-JULY:480;2026-AUGUST:390,
bridging loan interest rate,720,MEDIUM,55,1.63,6.5,6.2,2025-SEPTEMBER:880;2025-OCTOBER:880;2025-NOVEMBER:720;2025-DECEMBER:390;2026-JANUARY:720;2026-FEBRUARY:720;2026-MARCH:1000;2026-APRIL:590;2026-MAY:720;2026-JUNE:590;2026-JULY:720;2026-AUGUST:590,bridging loan interest rates
repayments on 500k mortgage australia,720,MEDIUM,52,0.74,3.42,3.84,2025-SEPTEMBER:480;2025-OCTOBER:720;2025-NOVEMBER:880;2025-DECEMBER:590;2026-JANUARY:880;2026-FEBRUARY:880;2026-MARCH:880;2026-APRIL:720;2026-MAY:1000;2026-JUNE:720;2026-JULY:590;2026-AUGUST:320,
house affordability,720,LOW,5,2.69,15.82,14.2,2025-SEPTEMBER:880;2025-OCTOBER:880;2025-NOVEMBER:1300;2025-DECEMBER:390;2026-JANUARY:320;2026-FEBRUARY:590;2026-MARCH:880;2026-APRIL:590;2026-MAY:880;2026-JUNE:720;2026-JULY:480;2026-AUGUST:720,
selling costs for a house,720,MEDIUM,60,2.69,9.36,8.44,2025-SEPTEMBER:1000;2025-OCTOBER:1000;2025-NOVEMBER:590;2025-DECEMBER:480;2026-JANUARY:720;2026-FEBRUARY:880;2026-MARCH:1600;2026-APRIL:720;2026-MAY:720;2026-JUNE:480;2026-JULY:480;2026-AUGUST:390,
bayswater postcode perth,720,LOW,0,0.0,0.0,0.0,2025-SEPTEMBER:1300;2025-OCTOBER:1000;2025-NOVEMBER:880;2025-DECEMBER:1000;2026-JANUARY:720;2026-FEBRUARY:590;2026-MARCH:720;2026-APRIL:590;2026-MAY:480;2026-JUNE:480;2026-JULY:590;2026-AUGUST:880,
buying house in australia,720,MEDIUM,47,0.16,5.75,2.37,2025-SEPTEMBER:1600;2025-OCTOBER:720;2025-NOVEMBER:590;2025-DECEMBER:480;2026-JANUARY:720;2026-FEBRUARY:590;2026-MARCH:880;2026-APRIL:590;2026-MAY:590;2026-JUNE:390;2026-JULY:480;2026-AUGUST:480,
parrearra qld 4575,720,LOW,1,0.0,0.0,1.7,2025-SEPTEMBER:720;2025-OCTOBER:720;2025-NOVEMBER:720;2025-DECEMBER:720;2026-JANUARY:720;2026-FEBRUARY:720;2026-MARCH:1000;2026-APRIL:880;2026-MAY:720;2026-JUNE:720;2026-JULY:720;2026-AUGUST:720,
victory heights,720,LOW,2,0.0,0.0,0.0,2025-SEPTEMBER:880;2025-OCTOBER:720;2025-NOVEMBER:590;2025-DECEMBER:590;2026-JANUARY:590;2026-FEBRUARY:590;2026-MARCH:880;2026-APRIL:720;2026-MAY:720;2026-JUNE:720;2026-JULY:720;2026-AUGUST:720,
buyers agency fee,720,MEDIUM,57,3.38,8.79,11.54,2025-SEPTEMBER:1600;2025-OCTOBER:1000;2025-NOVEMBER:880;2025-DECEMBER:590;2026-JANUARY:880;2026-FEBRUARY:880;2026-MARCH:720;2026-APRIL:590;2026-MAY:590;2026-JUNE:390;2026-JULY:390;2026-AUGUST:390,
cba borrowing capacity,720,LOW,30,0.06,5.39,0.83,2025-SEPTEMBER:880;2025-OCTOBER:880;2025-NOVEMBER:720;2025-DECEMBER:590;2026-JANUARY:880;2026-FEBRUARY:720;2026-MARCH:720;2026-APRIL:720;2026-MAY:720;2026-JUNE:720;2026-JULY:720;2026-AUGUST:720,
brisbane 4000 postcode,720,LOW,0,0.0,0.0,0.0,2025-SEPTEMBER:720;2025-OCTOBER:720;2025-NOVEMBER:590;2025-DECEMBER:590;2026-JANUARY:720;2026-FEBRUARY:720;2026-MARCH:720;2026-APRIL:720;2026-MAY:720;2026-JUNE:720;2026-JULY:720;2026-AUGUST:720,
foreign investment review board,720,LOW,2,57.51,57.88,81.58,2025-SEPTEMBER:1000;2025-OCTOBER:1000;2025-NOVEMBER:1000;2025-DECEMBER:720;2026-JANUARY:720;2026-FEBRUARY:720;2026-MARCH:880;2026-APRIL:590;2026-MAY:590;2026-JUNE:590;2026-JULY:590;2026-AUGUST:480,
goombungee qld,720,LOW,0,0.0,0.0,0.0,2025-SEPTEMBER:590;2025-OCTOBER:720;2025-NOVEMBER:590;2025-DECEMBER:480;2026-JANUARY:590;2026-FEBRUARY:1000;2026-MARCH:880;2026-APRIL:1000;2026-MAY:880;2026-JUNE:720;2026-JULY:720;2026-AUGUST:720,
greendale nsw,720,LOW,0,0.0,0.0,0.0,2025-SEPTEMBER:720;2025-OCTOBER:590;2025-NOVEMBER:590;2025-DECEMBER:480;2026-JANUARY:590;2026-FEBRUARY:880;2026-MARCH:880;2026-APRIL:1300;2026-MAY:880;2026-JUNE:590;2026-JULY:880;2026-AUGUST:720,
holder act,720,LOW,0,0.0,0.0,0.0,2025-SEPTEMBER:590;2025-OCTOBER:720;2025-NOVEMBER:590;2025-DECEMBER:590;2026-JANUARY:720;2026-FEBRUARY:1000;2026-MARCH:720;2026-APRIL:590;2026-MAY:720;2026-JUNE:720;2026-JULY:720;2026-AUGUST:720,
mortgage payment on 1 million,720,MEDIUM,63,0.36,2.82,2.98,2025-SEPTEMBER:590;2025-OCTOBER:880;2025-NOVEMBER:880;2025-DECEMBER:720;2026-JANUARY:1000;2026-FEBRUARY:1000;2026-MARCH:880;2026-APRIL:720;2026-MAY:720;2026-JUNE:590;2026-JULY:480;2026-AUGUST:590,
nab borrowing power calculator,720,LOW,16,1.76,7.98,2.85,2025-SEPTEMBER:390;2025-OCTOBER:480;2025-NOVEMBER:480;2025-DECEMBER:390;2026-JANUARY:480;2026-FEBRUARY:480;2026-MARCH:480;2026-APRIL:1300;2026-MAY:1000;2026-JUNE:390;2026-JULY:880;2026-AUGUST:1300,
what is a section 32,720,LOW,4,0.04,2.04,0.3,2025-SEPTEMBER:720;2025-OCTOBER:880;2025-NOVEMBER:720;2025-DECEMBER:480;2026-JANUARY:720;2026-FEBRUARY:720;2026-MARCH:720;2026-APRIL:720;2026-MAY:590;2026-JUNE:590;2026-JULY:590;2026-AUGUST:590,
appraisal of a property,720,HIGH,69,7.09,23.69,23.39,2025-SEPTEMBER:1900;2025-OCTOBER:720;2025-NOVEMBER:590;2025-DECEMBER:390;2026-JANUARY:720;2026-FEBRUARY:720;2026-MARCH:720;2026-APRIL:590;2026-MAY:590;2026-JUNE:480;2026-JULY:720;2026-AUGUST:590,
borrowing power home loan,720,HIGH,80,2.05,8.78,7.52,2025-SEPTEMBER:880;2025-OCTOBER:720;2025-NOVEMBER:590;2025-DECEMBER:480;2026-JANUARY:880;2026-FEBRUARY:720;2026-MARCH:1000;2026-APRIL:590;2026-MAY:590;2026-JUNE:480;2026-JULY:480;2026-AUGUST:480,
borrowing power mortgage,720,HIGH,80,2.05,8.78,7.52,2025-SEPTEMBER:880;2025-OCTOBER:720;2025-NOVEMBER:590;2025-DECEMBER:480;2026-JANUARY:880;2026-FEBRUARY:720;2026-MARCH:1000;2026-APRIL:590;2026-MAY:590;2026-JUNE:480;2026-JULY:480;2026-AUGUST:480,
buying home in australia,720,MEDIUM,47,0.16,5.73,2.36,2025-SEPTEMBER:1600;2025-OCTOBER:720;2025-NOVEMBER:590;2025-DECEMBER:480;2026-JANUARY:720;2026-FEBRUARY:590;2026-MARCH:880;2026-APRIL:590;2026-MAY:590;2026-JUNE:390;2026-JULY:480;2026-AUGUST:480,
baldivis postal code,720,LOW,0,0.0,0.0,0.0,2025-SEPTEMBER:720;2025-OCTOBER:720;2025-NOVEMBER:720;2025-DECEMBER:720;2026-JANUARY:720;2026-FEBRUARY:720;2026-MARCH:720;2026-APRIL:590;2026-MAY:590;2026-JUNE:720;2026-JULY:590;2026-AUGUST:720,
commbank borrowing capacity,720,LOW,30,0.06,5.37,0.83,2025-SEPTEMBER:880;2025-OCTOBER:880;2025-NOVEMBER:720;2025-DECEMBER:590;2026-JANUARY:880;2026-FEBRUARY:720;2026-MARCH:720;2026-APRIL:720;2026-MAY:720;2026-JUNE:720;2026-JULY:720;2026-AUGUST:720,
real estate commission qld,590,MEDIUM,55,2.02,8.43,6.77,2025-SEPTEMBER:880;2025-OCTOBER:720;2025-NOVEMBER:590;2025-DECEMBER:480;2026-JANUARY:720;2026-FEBRUARY:590;2026-MARCH:720;2026-APRIL:590;2026-MAY:590;2026-JUNE:480;2026-JULY:390;2026-AUGUST:390,
real estate commission calculator,590,LOW,9,2.21,6.83,6.63,2025-SEPTEMBER:480;2025-OCTOBER:320;2025-NOVEMBER:480;2025-DECEMBER:480;2026-JANUARY:720;2026-FEBRUARY:590;2026-MARCH:720;2026-APRIL:590;2026-MAY:880;2026-JUNE:590;2026-JULY:1000;2026-AUGUST:720,
how much is stamp duty wa,590,LOW,30,0.15,1.27,1.39,2025-SEPTEMBER:590;2025-OCTOBER:720;2025-NOVEMBER:590;2025-DECEMBER:480;2026-JANUARY:720;2026-FEBRUARY:590;2026-MARCH:590;2026-APRIL:480;2026-MAY:590;2026-JUNE:480;2026-JULY:480;2026-AUGUST:480,
how much deposit do i need to buy a house,590,HIGH,73,1.95,7.24,6.89,2025-SEPTEMBER:480;2025-OCTOBER:880;2025-NOVEMBER:390;2025-DECEMBER:260;2026-JANUARY:720;2026-FEBRUARY:720;2026-MARCH:1600;2026-APRIL:590;2026-MAY:590;2026-JUNE:320;2026-JULY:320;2026-AUGUST:390,
free property valuation,590,HIGH,74,1.24,12.48,9.93,2025-SEPTEMBER:1300;2025-OCTOBER:880;2025-NOVEMBER:590;2025-DECEMBER:390;2026-JANUARY:590;2026-FEBRUARY:480;2026-MARCH:720;2026-APRIL:720;2026-MAY:720;2026-JUNE:480;2026-JULY:480;2026-AUGUST:480,
pinjarra postcode wa,590,LOW,0,0.0,0.0,0.0,2025-SEPTEMBER:590;2025-OCTOBER:590;2025-NOVEMBER:590;2025-DECEMBER:590;2026-JANUARY:590;2026-FEBRUARY:590;2026-MARCH:720;2026-APRIL:590;2026-MAY:590;2026-JUNE:590;2026-JULY:590;2026-AUGUST:880,
selling my house,590,HIGH,69,11.74,50.84,54.1,2025-SEPTEMBER:1300;2025-OCTOBER:590;2025-NOVEMBER:480;2025-DECEMBER:390;2026-JANUARY:480;2026-FEBRUARY:480;2026-MARCH:720;2026-APRIL:480;2026-MAY:480;2026-JUNE:390;2026-JULY:390;2026-AUGUST:390,
postcode 2830 nsw,590,LOW,0,0.0,0.0,0.0,2025-SEPTEMBER:480;2025-OCTOBER:480;2025-NOVEMBER:390;2025-DECEMBER:590;2026-JANUARY:480;2026-FEBRUARY:480;2026-MARCH:590;2026-APRIL:590;2026-MAY:590;2026-JUNE:480;2026-JULY:590;2026-AUGUST:720,
cheltenham postcode vic,590,LOW,0,0.0,0.0,0.0,2025-SEPTEMBER:390;2025-OCTOBER:390;2025-NOVEMBER:480;2025-DECEMBER:480;2026-JANUARY:390;2026-FEBRUARY:390;2026-MARCH:480;2026-APRIL:480;2026-MAY:480;2026-JUNE:480;2026-JULY:880;2026-AUGUST:1300,
kensington postcode vic,590,LOW,0,0.0,0.0,0.0,2025-SEPTEMBER:480;2025-OCTOBER:480;2025-NOVEMBER:590;2025-DECEMBER:590;2026-JANUARY:590;2026-FEBRUARY:480;2026-MARCH:590;2026-APRIL:480;2026-MAY:590;2026-JUNE:480;2026-JULY:590;2026-AUGUST:1000,
queensland real estate commission,590,MEDIUM,55,2.03,8.45,6.79,2025-SEPTEMBER:880;2025-OCTOBER:720;2025-NOVEMBER:590;2025-DECEMBER:480;2026-JANUARY:720;2026-FEBRUARY:590;2026-MARCH:720;2026-APRIL:590;2026-MAY:590;2026-JUNE:480;2026-JULY:390;2026-AUGUST:390,
aussie borrowing calculator,590,HIGH,68,1.27,6.2,6.18,2025-SEPTEMBER:320;2025-OCTOBER:480;2025-NOVEMBER:590;2025-DECEMBER:590;2026-JANUARY:880;2026-FEBRUARY:880;2026-MARCH:590;2026-APRIL:480;2026-MAY:480;2026-JUNE:320;2026-JULY:480;2026-AUGUST:590,
borrowing calculator aussie,590,HIGH,68,1.27,6.2,6.18,2025-SEPTEMBER:320;2025-OCTOBER:480;2025-NOVEMBER:590;2025-DECEMBER:590;2026-JANUARY:880;2026-FEBRUARY:880;2026-MARCH:590;2026-APRIL:480;2026-MAY:480;2026-JUNE:320;2026-JULY:480;2026-AUGUST:590,
qld real estate commission,590,MEDIUM,55,2.03,8.45,6.79,2025-SEPTEMBER:880;2025-OCTOBER:720;2025-NOVEMBER:590;2025-DECEMBER:480;2026-JANUARY:720;2026-FEBRUARY:590;2026-MARCH:720;2026-APRIL:590;2026-MAY:590;2026-JUNE:480;2026-JULY:390;2026-AUGUST:390,
toorak vic 3142,590,LOW,3,0.0,0.0,1.28,2025-SEPTEMBER:590;2025-OCTOBER:720;2025-NOVEMBER:720;2025-DECEMBER:590;2026-JANUARY:590;2026-FEBRUARY:590;2026-MARCH:590;2026-APRIL:720;2026-MAY:720;2026-JUNE:720;2026-JULY:590;2026-AUGUST:720,
balwyn north vic 3104,590,LOW,3,0.0,0.0,0.67,2025-SEPTEMBER:480;2025-OCTOBER:480;2025-NOVEMBER:590;2025-DECEMBER:590;2026-JANUARY:480;2026-FEBRUARY:480;2026-MARCH:590;2026-APRIL:480;2026-MAY:590;2026-JUNE:480;2026-JULY:590;2026-AUGUST:590,
qld stamp duty concession,590,LOW,0,0.0,0.0,8.96,2025-SEPTEMBER:880;2025-OCTOBER:880;2025-NOVEMBER:720;2025-DECEMBER:480;2026-JANUARY:720;2026-FEBRUARY:590;2026-MARCH:720;2026-APRIL:590;2026-MAY:480;2026-JUNE:390;2026-JULY:390;2026-AUGUST:320,
real estate agent commission calculator,590,LOW,9,2.21,6.85,6.64,2025-SEPTEMBER:480;2025-OCTOBER:320;2025-NOVEMBER:480;2025-DECEMBER:480;2026-JANUARY:720;2026-FEBRUARY:590;2026-MARCH:720;2026-APRIL:590;2026-MAY:880;2026-JUNE:590;2026-JULY:1000;2026-AUGUST:720,
tarneit schools,590,LOW,13,0.0,0.0,1.22,2025-SEPTEMBER:590;2025-OCTOBER:880;2025-NOVEMBER:590;2025-DECEMBER:480;2026-JANUARY:480;2026-FEBRUARY:480;2026-MARCH:590;2026-APRIL:480;2026-MAY:590;2026-JUNE:480;2026-JULY:480;2026-AUGUST:480,
toorak 3142,590,LOW,3,0.0,0.0,1.28,2025-SEPTEMBER:590;2025-OCTOBER:720;2025-NOVEMBER:720;2025-DECEMBER:590;2026-JANUARY:590;2026-FEBRUARY:590;2026-MARCH:590;2026-APRIL:720;2026-MAY:720;2026-JUNE:720;2026-JULY:590;2026-AUGUST:720,
aussie home loans borrowing calculator,590,HIGH,68,1.27,6.2,6.18,2025-SEPTEMBER:320;2025-OCTOBER:480;2025-NOVEMBER:590;2025-DECEMBER:590;2026-JANUARY:880;2026-FEBRUARY:880;2026-MARCH:590;2026-APRIL:480;2026-MAY:480;2026-JUNE:320;2026-JULY:480;2026-AUGUST:590,
home interest rate calculator,590,MEDIUM,48,0.95,4.77,4.11,2025-SEPTEMBER:590;2025-OCTOBER:480;2025-NOVEMBER:390;2025-DECEMBER:390;2026-JANUARY:590;2026-FEBRUARY:720;2026-MARCH:880;2026-APRIL:590;2026-MAY:720;2026-JUNE:590;2026-JULY:390;2026-AUGUST:590,
hughes act,590,LOW,1,0.0,0.0,0.0,2025-SEPTEMBER:480;2025-OCTOBER:480;2025-NOVEMBER:590;2025-DECEMBER:390;2026-JANUARY:590;2026-FEBRUARY:590;2026-MARCH:720;2026-APRIL:480;2026-MAY:590;2026-JUNE:590;2026-JULY:590;2026-AUGUST:590,
mtg rate calculator,590,MEDIUM,48,0.95,4.77,4.11,2025-SEPTEMBER:590;2025-OCTOBER:480;2025-NOVEMBER:390;2025-DECEMBER:390;2026-JANUARY:590;2026-FEBRUARY:720;2026-MARCH:880;2026-APRIL:590;2026-MAY:720;2026-JUNE:590;2026-JULY:390;2026-AUGUST:590,
the junction nsw,590,LOW,3,0.0,0.0,0.0,2025-SEPTEMBER:590;2025-OCTOBER:590;2025-NOVEMBER:590;2025-DECEMBER:590;2026-JANUARY:590;2026-FEBRUARY:590;2026-MARCH:720;2026-APRIL:590;2026-MAY:590;2026-JUNE:590;2026-JULY:590;2026-AUGUST:590,
the junction nsw 2291,590,LOW,3,0.0,0.0,0.0,2025-SEPTEMBER:590;2025-OCTOBER:590;2025-NOVEMBER:590;2025-DECEMBER:590;2026-JANUARY:590;2026-FEBRUARY:590;2026-MARCH:720;2026-APRIL:590;2026-MAY:590;2026-JUNE:590;2026-JULY:590;2026-AUGUST:590,
aussie home loan borrowing calculator,590,HIGH,68,1.27,6.17,6.15,2025-SEPTEMBER:320;2025-OCTOBER:480;2025-NOVEMBER:590;2025-DECEMBER:590;2026-JANUARY:880;2026-FEBRUARY:880;2026-MARCH:590;2026-APRIL:480;2026-MAY:480;2026-JUNE:320;2026-JULY:480;2026-AUGUST:590,
bolton point australia,590,LOW,1,0.0,0.0,0.0,2025-SEPTEMBER:480;2025-OCTOBER:480;2025-NOVEMBER:590;2025-DECEMBER:480;2026-JANUARY:590;2026-FEBRUARY:590;2026-MARCH:720;2026-APRIL:480;2026-MAY:480;2026-JUNE:590;2026-JULY:590;2026-AUGUST:590,
bolton point nsw 2283,590,LOW,1,0.0,0.0,0.0,2025-SEPTEMBER:480;2025-OCTOBER:480;2025-NOVEMBER:590;2025-DECEMBER:480;2026-JANUARY:590;2026-FEBRUARY:590;2026-MARCH:720;2026-APRIL:480;2026-MAY:480;2026-JUNE:590;2026-JULY:590;2026-AUGUST:590,
cgt meaning,590,LOW,0,0.0,0.0,0.0,2025-SEPTEMBER:260;2025-OCTOBER:260;2025-NOVEMBER:210;2025-DECEMBER:170;2026-JANUARY:260;2026-FEBRUARY:480;2026-MARCH:320;2026-APRIL:480;2026-MAY:2400;2026-JUNE:1300;2026-JULY:480;2026-AUGUST:480,
how much do real estate agents charge,480,MEDIUM,59,2.15,10.37,8.0,2025-SEPTEMBER:1000;2025-OCTOBER:590;2025-NOVEMBER:480;2025-DECEMBER:320;2026-JANUARY:480;2026-FEBRUARY:480;2026-MARCH:480;2026-APRIL:480;2026-MAY:480;2026-JUNE:390;2026-JULY:390;2026-AUGUST:320,
conveyancing fees nsw,480,HIGH,72,4.22,16.17,19.77,2025-SEPTEMBER:1000;2025-OCTOBER:590;2025-NOVEMBER:590;2025-DECEMBER:480;2026-JANUARY:590;2026-FEBRUARY:590;2026-MARCH:480;2026-APRIL:480;2026-MAY:390;2026-JUNE:320;2026-JULY:320;2026-AUGUST:320,
what is rentvesting,480,LOW,25,0.08,2.59,1.22,2025-SEPTEMBER:590;2025-OCTOBER:390;2025-NOVEMBER:480;2025-DECEMBER:590;2026-JANUARY:590;2026-FEBRUARY:590;2026-MARCH:720;2026-APRIL:390;2026-MAY:1000;2026-JUNE:320;2026-JULY:210;2026-AUGUST:170,
how much can i borrow personal loan,480,HIGH,72,3.23,13.05,11.01,2025-SEPTEMBER:480;2025-OCTOBER:720;2025-NOVEMBER:390;2025-DECEMBER:260;2026-JANUARY:480;2026-FEBRUARY:590;2026-MARCH:1300;2026-APRIL:480;2026-MAY:480;2026-JUNE:260;2026-JULY:260;2026-AUGUST:260,
how much does a real estate agent charge,480,MEDIUM,59,2.15,10.37,8.0,2025-SEPTEMBER:1000;2025-OCTOBER:590;2025-NOVEMBER:480;2025-DECEMBER:320;2026-JANUARY:480;2026-FEBRUARY:480;2026-MARCH:480;2026-APRIL:480;2026-MAY:480;2026-JUNE:390;2026-JULY:390;2026-AUGUST:320,
home renovation cost,480,MEDIUM,40,2.16,6.67,7.79,2025-SEPTEMBER:880;2025-OCTOBER:590;2025-NOVEMBER:480;2025-DECEMBER:390;2026-JANUARY:480;2026-FEBRUARY:480;2026-MARCH:590;2026-APRIL:390;2026-MAY:390;2026-JUNE:320;2026-JULY:260;2026-AUGUST:320,
real estate fees calculator queensland,480,MEDIUM,39,2.16,7.18,6.21,2025-SEPTEMBER:1000;2025-OCTOBER:590;2025-NOVEMBER:480;2025-DECEMBER:390;2026-JANUARY:480;2026-FEBRUARY:390;2026-MARCH:480;2026-APRIL:390;2026-MAY:320;2026-JUNE:320;2026-JULY:320;2026-AUGUST:260,
cost of renovating house,480,MEDIUM,40,2.16,6.67,7.79,2025-SEPTEMBER:880;2025-OCTOBER:590;2025-NOVEMBER:480;2025-DECEMBER:390;2026-JANUARY:480;2026-FEBRUARY:480;2026-MARCH:590;2026-APRIL:390;2026-MAY:390;2026-JUNE:320;2026-JULY:260;2026-AUGUST:320,
hamilton qld postcode,480,LOW,0,0.0,0.0,0.0,2025-SEPTEMBER:480;2025-OCTOBER:390;2025-NOVEMBER:390;2025-DECEMBER:480;2026-JANUARY:480;2026-FEBRUARY:480;2026-MARCH:590;2026-APRIL:590;2026-MAY:480;2026-JUNE:480;2026-JULY:590;2026-AUGUST:880,"hamilton, qld postcode|hamilton postcode qld"
cost of renovating a house,480,MEDIUM,40,2.16,6.68,7.8,2025-SEPTEMBER:880;2025-OCTOBER:590;2025-NOVEMBER:480;2025-DECEMBER:390;2026-JANUARY:480;2026-FEBRUARY:480;2026-MARCH:590;2026-APRIL:390;2026-MAY:390;2026-JUNE:320;2026-JULY:260;2026-AUGUST:320,house renovation cost
coogee postal code,480,LOW,0,0.0,0.0,0.0,2025-SEPTEMBER:480;2025-OCTOBER:480;2025-NOVEMBER:590;2025-DECEMBER:480;2026-JANUARY:480;2026-FEBRUARY:480;2026-MARCH:480;2026-APRIL:390;2026-MAY:480;2026-JUNE:480;2026-JULY:480;2026-AUGUST:590,
australian buying,480,LOW,9,0.58,2.86,1.62,2025-SEPTEMBER:480;2025-OCTOBER:590;2025-NOVEMBER:480;2025-DECEMBER:480;2026-JANUARY:480;2026-FEBRUARY:480;2026-MARCH:480;2026-APRIL:480;2026-MAY:720;2026-JUNE:590;2026-JULY:480;2026-AUGUST:590,
personal loan how much can i borrow,480,HIGH,72,3.23,13.07,11.03,2025-SEPTEMBER:480;2025-OCTOBER:720;2025-NOVEMBER:390;2025-DECEMBER:260;2026-JANUARY:480;2026-FEBRUARY:590;2026-MARCH:1300;2026-APRIL:480;2026-MAY:480;2026-JUNE:260;2026-JULY:260;2026-AUGUST:260,personal loans how much can i borrow
what is the rba cash rate,480,LOW,0,0.0,0.0,0.0,2025-SEPTEMBER:390;2025-OCTOBER:390;2025-NOVEMBER:320;2025-DECEMBER:260;2026-JANUARY:320;2026-FEBRUARY:720;2026-MARCH:880;2026-APRIL:480;2026-MAY:720;2026-JUNE:480;2026-JULY:320;2026-AUGUST:480,
affordability,480,LOW,0,0.0,0.0,19.14,2025-SEPTEMBER:480;2025-OCTOBER:590;2025-NOVEMBER:590;2025-DECEMBER:590;2026-JANUARY:390;2026-FEBRUARY:480;2026-MARCH:590;2026-APRIL:390;2026-MAY:590;2026-JUNE:480;2026-JULY:480;2026-AUGUST:590,
taxable australian property,480,LOW,1,0.0,0.0,0.0,2025-SEPTEMBER:880;2025-OCTOBER:480;2025-NOVEMBER:390;2025-DECEMBER:320;2026-JANUARY:480;2026-FEBRUARY:480;2026-MARCH:480;2026-APRIL:590;2026-MAY:720;2026-JUNE:320;2026-JULY:320;2026-AUGUST:480,
stamp duty calculator australia,480,LOW,20,0.17,2.0,1.98,2025-SEPTEMBER:390;2025-OCTOBER:390;2025-NOVEMBER:390;2025-DECEMBER:260;2026-JANUARY:390;2026-FEBRUARY:590;2026-MARCH:590;2026-APRIL:390;2026-MAY:480;2026-JUNE:480;2026-JULY:480;2026-AUGUST:480,
north bondi postcode nsw,480,LOW,0,0.0,0.0,0.0,2025-SEPTEMBER:480;2025-OCTOBER:590;2025-NOVEMBER:590;2025-DECEMBER:590;2026-JANUARY:390;2026-FEBRUARY:480;2026-MARCH:480;2026-APRIL:390;2026-MAY:480;2026-JUNE:480;2026-JULY:480;2026-AUGUST:720,
real estate commission qld calculator,480,MEDIUM,39,2.16,7.19,6.22,2025-SEPTEMBER:1000;2025-OCTOBER:590;2025-NOVEMBER:480;2025-DECEMBER:390;2026-JANUARY:480;2026-FEBRUARY:390;2026-MARCH:480;2026-APRIL:390;2026-MAY:320;2026-JUNE:320;2026-JULY:320;2026-AUGUST:260,
sell your house privately,480,HIGH,69,2.27,12.58,8.21,2025-SEPTEMBER:720;2025-OCTOBER:720;2025-NOVEMBER:390;2025-DECEMBER:260;2026-JANUARY:390;2026-FEBRUARY:590;2026-MARCH:880;2026-APRIL:390;2026-MAY:480;2026-JUNE:260;2026-JULY:320;2026-AUGUST:260,
badagarang nsw,480,LOW,2,0.0,0.0,0.0,2025-SEPTEMBER:590;2025-OCTOBER:480;2025-NOVEMBER:480;2025-DECEMBER:320;2026-JANUARY:390;2026-FEBRUARY:480;2026-MARCH:590;2026-APRIL:480;2026-MAY:590;2026-JUNE:590;2026-JULY:480;2026-AUGUST:480,
cost to remodel house,480,MEDIUM,40,2.16,6.68,7.8,2025-SEPTEMBER:880;2025-OCTOBER:590;2025-NOVEMBER:480;2025-DECEMBER:390;2026-JANUARY:480;2026-FEBRUARY:480;2026-MARCH:590;2026-APRIL:390;2026-MAY:390;2026-JUNE:320;2026-JULY:260;2026-AUGUST:320,
how much does real estate agent charge,480,MEDIUM,59,2.16,10.39,8.02,2025-SEPTEMBER:1000;2025-OCTOBER:590;2025-NOVEMBER:480;2025-DECEMBER:320;2026-JANUARY:480;2026-FEBRUARY:480;2026-MARCH:480;2026-APRIL:480;2026-MAY:480;2026-JUNE:390;2026-JULY:390;2026-AUGUST:320,
sale postcode vic,480,LOW,0,0.0,0.0,0.0,2025-SEPTEMBER:390;2025-OCTOBER:480;2025-NOVEMBER:480;2025-DECEMBER:590;2026-JANUARY:590;2026-FEBRUARY:390;2026-MARCH:480;2026-APRIL:480;2026-MAY:480;2026-JUNE:590;2026-JULY:590;2026-AUGUST:590,
500 000 mortgage repayments,480,MEDIUM,61,0.45,3.52,2.94,2025-SEPTEMBER:590;2025-OCTOBER:590;2025-NOVEMBER:480;2025-DECEMBER:390;2026-JANUARY:590;2026-FEBRUARY:480;2026-MARCH:480;2026-APRIL:480;2026-MAY:590;2026-JUNE:480;2026-JULY:590;2026-AUGUST:320,
hawthorn postcode vic,480,LOW,0,0.0,0.0,0.0,2025-SEPTEMBER:390;2025-OCTOBER:480;2025-NOVEMBER:480;2025-DECEMBER:480;2026-JANUARY:390;2026-FEBRUARY:480;2026-MARCH:480;2026-APRIL:480;2026-MAY:480;2026-JUNE:480;2026-JULY:390;2026-AUGUST:480,
home renovation costs,480,MEDIUM,40,2.16,6.68,7.8,2025-SEPTEMBER:880;2025-OCTOBER:590;2025-NOVEMBER:480;2025-DECEMBER:390;2026-JANUARY:480;2026-FEBRUARY:480;2026-MARCH:590;2026-APRIL:390;2026-MAY:390;2026-JUNE:320;2026-JULY:260;2026-AUGUST:320,
house renovation costs,480,MEDIUM,40,2.16,6.68,7.8,2025-SEPTEMBER:880;2025-OCTOBER:590;2025-NOVEMBER:480;2025-DECEMBER:390;2026-JANUARY:480;2026-FEBRUARY:480;2026-MARCH:590;2026-APRIL:390;2026-MAY:390;2026-JUNE:320;2026-JULY:260;2026-AUGUST:320,
how much can i borrow loan personal,480,HIGH,72,3.23,13.07,11.03,2025-SEPTEMBER:480;2025-OCTOBER:720;2025-NOVEMBER:390;2025-DECEMBER:260;2026-JANUARY:480;2026-FEBRUARY:590;2026-MARCH:1300;2026-APRIL:480;2026-MAY:480;2026-JUNE:260;2026-JULY:260;2026-AUGUST:260,how much i can borrow personal loan
beard act,480,LOW,2,0.0,0.0,0.48,2025-SEPTEMBER:390;2025-OCTOBER:320;2025-NOVEMBER:390;2025-DECEMBER:260;2026-JANUARY:320;2026-FEBRUARY:320;2026-MARCH:480;2026-APRIL:320;2026-MAY:590;2026-JUNE:480;2026-JULY:480;2026-AUGUST:720,
buying australian,480,LOW,9,0.58,2.86,1.62,2025-SEPTEMBER:480;2025-OCTOBER:590;2025-NOVEMBER:480;2025-DECEMBER:480;2026-JANUARY:480;2026-FEBRUARY:480;2026-MARCH:480;2026-APRIL:480;2026-MAY:720;2026-JUNE:590;2026-JULY:480;2026-AUGUST:590,
forestville nsw 2087,480,LOW,4,0.0,0.0,6.21,2025-SEPTEMBER:590;2025-OCTOBER:590;2025-NOVEMBER:390;2025-DECEMBER:390;2026-JANUARY:480;2026-FEBRUARY:390;2026-MARCH:480;2026-APRIL:480;2026-MAY:480;2026-JUNE:390;2026-JULY:480;2026-AUGUST:480,
how much can i borrow for a personal loan,480,HIGH,72,3.23,13.07,11.03,2025-SEPTEMBER:480;2025-OCTOBER:720;2025-NOVEMBER:390;2025-DECEMBER:260;2026-JANUARY:480;2026-FEBRUARY:590;2026-MARCH:1300;2026-APRIL:480;2026-MAY:480;2026-JUNE:260;2026-JULY:260;2026-AUGUST:260,
how much could i borrow personal loan,480,HIGH,72,3.23,13.07,11.03,2025-SEPTEMBER:480;2025-OCTOBER:720;2025-NOVEMBER:390;2025-DECEMBER:260;2026-JANUARY:480;2026-FEBRUARY:590;2026-MARCH:1300;2026-APRIL:480;2026-MAY:480;2026-JUNE:260;2026-JULY:260;2026-AUGUST:260,
how much do buyers agents charge,480,MEDIUM,47,2.63,7.55,11.6,2025-SEPTEMBER:590;2025-OCTOBER:590;2025-NOVEMBER:480;2025-DECEMBER:320;2026-JANUARY:590;2026-FEBRUARY:720;2026-MARCH:590;2026-APRIL:480;2026-MAY:390;2026-JUNE:260;2026-JULY:320;2026-AUGUST:320,
real estate commission calculator qld,480,MEDIUM,39,2.16,7.19,6.22,2025-SEPTEMBER:1000;2025-OCTOBER:590;2025-NOVEMBER:480;2025-DECEMBER:390;2026-JANUARY:480;2026-FEBRUARY:390;2026-MARCH:480;2026-APRIL:390;2026-MAY:320;2026-JUNE:320;2026-JULY:320;2026-AUGUST:260,
stamp duty australia calculator,480,LOW,20,0.17,2.0,1.98,2025-SEPTEMBER:390;2025-OCTOBER:390;2025-NOVEMBER:390;2025-DECEMBER:260;2026-JANUARY:390;2026-FEBRUARY:590;2026-MARCH:590;2026-APRIL:390;2026-MAY:480;2026-JUNE:480;2026-JULY:480;2026-AUGUST:480,
cape portland tasmania,480,LOW,0,0.0,0.0,0.0,2025-SEPTEMBER:390;2025-OCTOBER:390;2025-NOVEMBER:480;2025-DECEMBER:590;2026-JANUARY:720;2026-FEBRUARY:390;2026-MARCH:590;2026-APRIL:390;2026-MAY:390;2026-JUNE:480;2026-JULY:720;2026-AUGUST:320,
home remodel cost,480,MEDIUM,40,2.15,6.65,7.77,2025-SEPTEMBER:880;2025-OCTOBER:590;2025-NOVEMBER:480;2025-DECEMBER:390;2026-JANUARY:480;2026-FEBRUARY:480;2026-MARCH:590;2026-APRIL:390;2026-MAY:390;2026-JUNE:320;2026-JULY:260;2026-AUGUST:320,
renovation cost estimator,480,LOW,6,1.9,5.37,5.22,2025-SEPTEMBER:590;2025-OCTOBER:590;2025-NOVEMBER:480;2025-DECEMBER:480;2026-JANUARY:880;2026-FEBRUARY:720;2026-MARCH:390;2026-APRIL:320;2026-MAY:260;2026-JUNE:210;2026-JULY:210;2026-AUGUST:480,
repayment on 500 000 mortgage,480,MEDIUM,61,0.45,3.51,2.93,2025-SEPTEMBER:590;2025-OCTOBER:590;2025-NOVEMBER:480;2025-DECEMBER:390;2026-JANUARY:590;2026-FEBRUARY:480;2026-MARCH:480;2026-APRIL:480;2026-MAY:590;2026-JUNE:480;2026-JULY:590;2026-AUGUST:320,500000 mortgage repayments
warrell creek nsw,480,LOW,0,0.0,0.0,0.0,2025-SEPTEMBER:590;2025-OCTOBER:480;2025-NOVEMBER:590;2025-DECEMBER:590;2026-JANUARY:590;2026-FEBRUARY:390;2026-MARCH:480;2026-APRIL:480;2026-MAY:480;2026-JUNE:390;2026-JULY:390;2026-AUGUST:590,
2117 nsw,480,LOW,0,0.0,0.0,0.0,2025-SEPTEMBER:480;2025-OCTOBER:480;2025-NOVEMBER:480;2025-DECEMBER:480;2026-JANUARY:480;2026-FEBRUARY:390;2026-MARCH:480;2026-APRIL:480;2026-MAY:590;2026-JUNE:480;2026-JULY:480;2026-AUGUST:590,
600k mortgage repayments,480,MEDIUM,57,0.49,3.61,3.56,2025-SEPTEMBER:480;2025-OCTOBER:480;2025-NOVEMBER:480;2025-DECEMBER:390;2026-JANUARY:590;2026-FEBRUARY:480;2026-MARCH:480;2026-APRIL:590;2026-MAY:480;2026-JUNE:390;2026-JULY:390;2026-AUGUST:480,
acheron victoria,480,LOW,0,0.0,0.0,0.0,2025-SEPTEMBER:260;2025-OCTOBER:390;2025-NOVEMBER:390;2025-DECEMBER:320;2026-JANUARY:1000;2026-FEBRUARY:320;2026-MARCH:480;2026-APRIL:480;2026-MAY:390;2026-JUNE:390;2026-JULY:390;2026-AUGUST:320,
house and land packages qld,390,MEDIUM,63,0.86,3.72,3.06,2025-SEPTEMBER:390;2025-OCTOBER:390;2025-NOVEMBER:390;2025-DECEMBER:320;2026-JANUARY:480;2026-FEBRUARY:390;2026-MARCH:480;2026-APRIL:390;2026-MAY:480;2026-JUNE:260;2026-JULY:320;2026-AUGUST:260,
how to buy a house in australia,390,HIGH,73,2.49,8.89,7.64,2025-SEPTEMBER:390;2025-OCTOBER:390;2025-NOVEMBER:320;2025-DECEMBER:260;2026-JANUARY:480;2026-FEBRUARY:390;2026-MARCH:720;2026-APRIL:390;2026-MAY:480;2026-JUNE:320;2026-JULY:320;2026-AUGUST:320,how to buy a house australia
renovating a house,390,MEDIUM,35,2.11,10.07,9.32,2025-SEPTEMBER:590;2025-OCTOBER:480;2025-NOVEMBER:390;2025-DECEMBER:320;2026-JANUARY:390;2026-FEBRUARY:260;2026-MARCH:480;2026-APRIL:320;2026-MAY:320;2026-JUNE:260;2026-JULY:260;2026-AUGUST:260,
hawthorn east vic 3123,390,LOW,2,0.0,0.0,0.05,2025-SEPTEMBER:390;2025-OCTOBER:390;2025-NOVEMBER:320;2025-DECEMBER:320;2026-JANUARY:320;2026-FEBRUARY:390;2026-MARCH:480;2026-APRIL:390;2026-MAY:480;2026-JUNE:590;2026-JULY:390;2026-AUGUST:720,
realestate fees,390,MEDIUM,58,3.61,15.26,11.91,2025-SEPTEMBER:1000;2025-OCTOBER:390;2025-NOVEMBER:320;2025-DECEMBER:260;2026-JANUARY:390;2026-FEBRUARY:320;2026-MARCH:390;2026-APRIL:320;2026-MAY:320;2026-JUNE:260;2026-JULY:210;2026-AUGUST:210,real estate fees
toorak postal code,390,LOW,0,0.0,0.0,0.0,2025-SEPTEMBER:390;2025-OCTOBER:480;2025-NOVEMBER:390;2025-DECEMBER:390;2026-JANUARY:390;2026-FEBRUARY:390;2026-MARCH:390;2026-APRIL:390;2026-MAY:390;2026-JUNE:390;2026-JULY:320;2026-AUGUST:480,
how much commission do real estate agents get,390,LOW,31,2.4,8.79,9.11,2025-SEPTEMBER:880;2025-OCTOBER:320;2025-NOVEMBER:320;2025-DECEMBER:260;2026-JANUARY:260;2026-FEBRUARY:210;2026-MARCH:390;2026-APRIL:320;2026-MAY:480;2026-JUNE:390;2026-JULY:480;2026-AUGUST:320,
how to buy a home in australia,390,HIGH,73,2.49,8.89,7.64,2025-SEPTEMBER:390;2025-OCTOBER:390;2025-NOVEMBER:320;2025-DECEMBER:260;2026-JANUARY:480;2026-FEBRUARY:390;2026-MARCH:720;2026-APRIL:390;2026-MAY:480;2026-JUNE:320;2026-JULY:320;2026-AUGUST:320,
real estate charges,390,MEDIUM,58,3.61,15.26,11.91,2025-SEPTEMBER:1000;2025-OCTOBER:390;2025-NOVEMBER:320;2025-DECEMBER:260;2026-JANUARY:390;2026-FEBRUARY:320;2026-MARCH:390;2026-APRIL:320;2026-MAY:320;2026-JUNE:260;2026-JULY:210;2026-AUGUST:210,
tenants rights queensland australia,390,LOW,20,1.0,16.26,10.09,2025-SEPTEMBER:480;2025-OCTOBER:390;2025-NOVEMBER:390;2025-DECEMBER:320;2026-JANUARY:390;2026-FEBRUARY:390;2026-MARCH:390;2026-APRIL:320;2026-MAY:320;2026-JUNE:210;2026-JULY:320;2026-AUGUST:210,
how much mortgage can i afford,390,HIGH,74,0.77,5.39,4.22,2025-SEPTEMBER:480;2025-OCTOBER:480;2025-NOVEMBER:390;2025-DECEMBER:260;2026-JANUARY:390;2026-FEBRUARY:390;2026-MARCH:480;2026-APRIL:320;2026-MAY:320;2026-JUNE:260;2026-JULY:320;2026-AUGUST:260,how much of a mortgage can i afford
mortgage borrowing power,390,HIGH,81,1.15,6.64,6.38,2025-SEPTEMBER:480;2025-OCTOBER:480;2025-NOVEMBER:390;2025-DECEMBER:260;2026-JANUARY:390;2026-FEBRUARY:390;2026-MARCH:390;2026-APRIL:320;2026-MAY:390;2026-JUNE:260;2026-JULY:260;2026-AUGUST:260,
cgt australia property,390,LOW,6,0.03,3.95,0.03,2025-SEPTEMBER:1300;2025-OCTOBER:390;2025-NOVEMBER:260;2025-DECEMBER:210;2026-JANUARY:320;2026-FEBRUARY:480;2026-MARCH:260;2026-APRIL:260;2026-MAY:480;2026-JUNE:170;2026-JULY:170;2026-AUGUST:110,
how much can mortgage can i afford,390,HIGH,74,0.77,5.39,4.22,2025-SEPTEMBER:480;2025-OCTOBER:480;2025-NOVEMBER:390;2025-DECEMBER:260;2026-JANUARY:390;2026-FEBRUARY:390;2026-MARCH:480;2026-APRIL:320;2026-MAY:320;2026-JUNE:260;2026-JULY:320;2026-AUGUST:260,
joondalup dc,390,LOW,0,0.0,0.0,0.0,2025-SEPTEMBER:320;2025-OCTOBER:320;2025-NOVEMBER:390;2025-DECEMBER:720;2026-JANUARY:390;2026-FEBRUARY:320;2026-MARCH:390;2026-APRIL:260;2026-MAY:320;2026-JUNE:320;2026-JULY:390;2026-AUGUST:320,
how much money can i borrow,390,HIGH,80,1.34,7.75,6.62,2025-SEPTEMBER:480;2025-OCTOBER:480;2025-NOVEMBER:390;2025-DECEMBER:320;2026-JANUARY:480;2026-FEBRUARY:390;2026-MARCH:390;2026-APRIL:390;2026-MAY:320;2026-JUNE:260;2026-JULY:260;2026-AUGUST:260,
stamp duty australia,390,LOW,17,0.3,2.12,1.95,2025-SEPTEMBER:480;2025-OCTOBER:590;2025-NOVEMBER:480;2025-DECEMBER:390;2026-JANUARY:480;2026-FEBRUARY:480;2026-MARCH:480;2026-APRIL:390;2026-MAY:390;2026-JUNE:480;2026-JULY:320;2026-AUGUST:320,
goulburn real estate agents,390,LOW,25,2.73,16.48,18.65,2025-SEPTEMBER:390;2025-OCTOBER:480;2025-NOVEMBER:390;2025-DECEMBER:260;2026-JANUARY:390;2026-FEBRUARY:320;2026-MARCH:480;2026-APRIL:260;2026-MAY:390;2026-JUNE:390;2026-JULY:390;2026-AUGUST:320,
section 32 vendor statement,390,LOW,23,1.75,4.9,3.7,2025-SEPTEMBER:590;2025-OCTOBER:390;2025-NOVEMBER:390;2025-DECEMBER:260;2026-JANUARY:390;2026-FEBRUARY:390;2026-MARCH:480;2026-APRIL:390;2026-MAY:320;2026-JUNE:260;2026-JULY:260;2026-AUGUST:260,
buying power calculator,390,HIGH,69,1.09,6.07,5.18,2025-SEPTEMBER:480;2025-OCTOBER:390;2025-NOVEMBER:480;2025-DECEMBER:390;2026-JANUARY:480;2026-FEBRUARY:390;2026-MARCH:390;2026-APRIL:390;2026-MAY:390;2026-JUNE:320;2026-JULY:260;2026-AUGUST:320,
capital gains on property australia,390,LOW,6,0.03,3.95,0.03,2025-SEPTEMBER:1300;2025-OCTOBER:390;2025-NOVEMBER:260;2025-DECEMBER:210;2026-JANUARY:320;2026-FEBRUARY:480;2026-MARCH:260;2026-APRIL:260;2026-MAY:480;2026-JUNE:170;2026-JULY:170;2026-AUGUST:110,
buderim sunshine coast,390,LOW,3,0.54,1.53,0.81,2025-SEPTEMBER:590;2025-OCTOBER:480;2025-NOVEMBER:590;2025-DECEMBER:320;2026-JANUARY:390;2026-FEBRUARY:320;2026-MARCH:390;2026-APRIL:320;2026-MAY:320;2026-JUNE:320;2026-JULY:320;2026-AUGUST:390,
capital gains property australia,390,LOW,6,0.03,3.95,0.03,2025-SEPTEMBER:1300;2025-OCTOBER:390;2025-NOVEMBER:260;2025-DECEMBER:210;2026-JANUARY:320;2026-FEBRUARY:480;2026-MARCH:260;2026-APRIL:260;2026-MAY:480;2026-JUNE:170;2026-JULY:170;2026-AUGUST:110,
capital gains tax australia property,390,LOW,6,0.03,3.95,0.03,2025-SEPTEMBER:1300;2025-OCTOBER:390;2025-NOVEMBER:260;2025-DECEMBER:210;2026-JANUARY:320;2026-FEBRUARY:480;2026-MARCH:260;2026-APRIL:260;2026-MAY:480;2026-JUNE:170;2026-JULY:170;2026-AUGUST:110,capital gains tax on property australia|capital gains tax property australia|cgt on property australia|capital gains tax on property in australia|australian capital gains tax on property
commission calculator,390,LOW,6,2.02,6.13,6.34,2025-SEPTEMBER:480;2025-OCTOBER:390;2025-NOVEMBER:480;2025-DECEMBER:320;2026-JANUARY:390;2026-FEBRUARY:390;2026-MARCH:480;2026-APRIL:390;2026-MAY:390;2026-JUNE:390;2026-JULY:320;2026-AUGUST:320,
home loan borrowing capacity,390,HIGH,82,1.89,8.06,6.9,2025-SEPTEMBER:390;2025-OCTOBER:480;2025-NOVEMBER:480;2025-DECEMBER:320;2026-JANUARY:480;2026-FEBRUARY:390;2026-MARCH:480;2026-APRIL:390;2026-MAY:390;2026-JUNE:320;2026-JULY:320;2026-AUGUST:320,
property gains tax australia,390,LOW,6,0.03,3.95,0.03,2025-SEPTEMBER:1300;2025-OCTOBER:390;2025-NOVEMBER:260;2025-DECEMBER:210;2026-JANUARY:320;2026-FEBRUARY:480;2026-MARCH:260;2026-APRIL:260;2026-MAY:480;2026-JUNE:170;2026-JULY:170;2026-AUGUST:110,property gain tax australia
commission estimator,390,LOW,6,2.02,6.13,6.34,2025-SEPTEMBER:480;2025-OCTOBER:390;2025-NOVEMBER:480;2025-DECEMBER:320;2026-JANUARY:390;2026-FEBRUARY:390;2026-MARCH:480;2026-APRIL:390;2026-MAY:390;2026-JUNE:390;2026-JULY:320;2026-AUGUST:320,
how do i buy a house in australia,390,HIGH,73,2.5,8.9,7.65,2025-SEPTEMBER:390;2025-OCTOBER:390;2025-NOVEMBER:320;2025-DECEMBER:260;2026-JANUARY:480;2026-FEBRUARY:390;2026-MARCH:720;2026-APRIL:390;2026-MAY:480;2026-JUNE:320;2026-JULY:320;2026-AUGUST:320,
real estate agents goulburn,390,LOW,25,2.73,16.48,18.65,2025-SEPTEMBER:390;2025-OCTOBER:480;2025-NOVEMBER:390;2025-DECEMBER:260;2026-JANUARY:390;2026-FEBRUARY:320;2026-MARCH:480;2026-APRIL:260;2026-MAY:390;2026-JUNE:390;2026-JULY:390;2026-AUGUST:320,
real estate commission rates,390,MEDIUM,46,2.52,13.85,9.17,2025-SEPTEMBER:880;2025-OCTOBER:390;2025-NOVEMBER:320;2025-DECEMBER:260;2026-JANUARY:390;2026-FEBRUARY:390;2026-MARCH:390;2026-APRIL:390;2026-MAY:390;2026-JUNE:320;2026-JULY:390;2026-AUGUST:320,
400000 mortgage repayments,390,MEDIUM,63,0.72,3.97,4.38,2025-SEPTEMBER:480;2025-OCTOBER:480;2025-NOVEMBER:480;2025-DECEMBER:390;2026-JANUARY:480;2026-FEBRUARY:480;2026-MARCH:480;2026-APRIL:390;2026-MAY:480;2026-JUNE:480;2026-JULY:390;2026-AUGUST:170,
compulsory acquisition,390,LOW,4,10.27,30.15,59.98,2025-SEPTEMBER:390;2025-OCTOBER:390;2025-NOVEMBER:390;2025-DECEMBER:320;2026-JANUARY:260;2026-FEBRUARY:390;2026-MARCH:720;2026-APRIL:390;2026-MAY:390;2026-JUNE:320;2026-JULY:390;2026-AUGUST:390,
how do you buy a house in australia,390,HIGH,73,2.5,8.9,7.65,2025-SEPTEMBER:390;2025-OCTOBER:390;2025-NOVEMBER:320;2025-DECEMBER:260;2026-JANUARY:480;2026-FEBRUARY:390;2026-MARCH:720;2026-APRIL:390;2026-MAY:480;2026-JUNE:320;2026-JULY:320;2026-AUGUST:320,
how to buy house in australia,390,HIGH,73,2.5,8.9,7.65,2025-SEPTEMBER:390;2025-OCTOBER:390;2025-NOVEMBER:320;2025-DECEMBER:260;2026-JANUARY:480;2026-FEBRUARY:390;2026-MARCH:720;2026-APRIL:390;2026-MAY:480;2026-JUNE:320;2026-JULY:320;2026-AUGUST:320,
real estate fee,390,MEDIUM,58,3.62,15.29,11.93,2025-SEPTEMBER:1000;2025-OCTOBER:390;2025-NOVEMBER:320;2025-DECEMBER:260;2026-JANUARY:390;2026-FEBRUARY:320;2026-MARCH:390;2026-APRIL:320;2026-MAY:320;2026-JUNE:260;2026-JULY:210;2026-AUGUST:210,
repayments on 600k mortgage australia,390,MEDIUM,54,0.88,4.09,3.68,2025-SEPTEMBER:170;2025-OCTOBER:260;2025-NOVEMBER:390;2025-DECEMBER:320;2026-JANUARY:480;2026-FEBRUARY:390;2026-MARCH:390;2026-APRIL:390;2026-MAY:480;2026-JUNE:390;2026-JULY:390;2026-AUGUST:390,
average rent in perth australia,390,LOW,1,0.0,0.0,0.0,2025-SEPTEMBER:590;2025-OCTOBER:480;2025-NOVEMBER:480;2025-DECEMBER:390;2026-JANUARY:480;2026-FEBRUARY:390;2026-MARCH:390;2026-APRIL:320;2026-MAY:390;2026-JUNE:320;2026-JULY:320;2026-AUGUST:320,
commission rate real estate,390,MEDIUM,46,2.52,13.85,9.17,2025-SEPTEMBER:880;2025-OCTOBER:390;2025-NOVEMBER:320;2025-DECEMBER:260;2026-JANUARY:390;2026-FEBRUARY:390;2026-MARCH:390;2026-APRIL:390;2026-MAY:390;2026-JUNE:320;2026-JULY:390;2026-AUGUST:320,
fixtures and fittings,390,LOW,2,0.0,0.0,0.0,2025-SEPTEMBER:720;2025-OCTOBER:390;2025-NOVEMBER:320;2025-DECEMBER:210;2026-JANUARY:260;2026-FEBRUARY:390;2026-MARCH:390;2026-APRIL:320;2026-MAY:320;2026-JUNE:320;2026-JULY:260;2026-AUGUST:260,
queensland stamp duty on property,390,MEDIUM,37,0.08,1.02,1.38,2025-SEPTEMBER:880;2025-OCTOBER:480;2025-NOVEMBER:320;2025-DECEMBER:260;2026-JANUARY:390;2026-FEBRUARY:390;2026-MARCH:390;2026-APRIL:320;2026-MAY:260;2026-JUNE:210;2026-JULY:260;2026-AUGUST:210,
restrictive covenant,390,LOW,1,0.0,0.0,0.0,2025-SEPTEMBER:590;2025-OCTOBER:590;2025-NOVEMBER:480;2025-DECEMBER:320;2026-JANUARY:320;2026-FEBRUARY:390;2026-MARCH:590;2026-APRIL:390;2026-MAY:390;2026-JUNE:390;2026-JULY:320;2026-AUGUST:390,
600 000 mortgage repayments,390,MEDIUM,60,0.5,3.53,2.5,2025-SEPTEMBER:390;2025-OCTOBER:480;2025-NOVEMBER:390;2025-DECEMBER:260;2026-JANUARY:390;2026-FEBRUARY:390;2026-MARCH:390;2026-APRIL:390;2026-MAY:390;2026-JUNE:390;2026-JULY:320;2026-AUGUST:260,
ingham population,390,LOW,0,0.0,0.0,0.0,2025-SEPTEMBER:390;2025-OCTOBER:390;2025-NOVEMBER:390;2025-DECEMBER:320;2026-JANUARY:720;2026-FEBRUARY:390;2026-MARCH:390;2026-APRIL:320;2026-MAY:390;2026-JUNE:390;2026-JULY:480;2026-AUGUST:480,population of ingham
real estate agent commission rate,390,MEDIUM,46,2.51,13.78,9.13,2025-SEPTEMBER:880;2025-OCTOBER:390;2025-NOVEMBER:320;2025-DECEMBER:260;2026-JANUARY:390;2026-FEBRUARY:390;2026-MARCH:390;2026-APRIL:390;2026-MAY:390;2026-JUNE:320;2026-JULY:390;2026-AUGUST:320,
real estate agents bathurst,390,MEDIUM,43,2.62,17.16,10.21,2025-SEPTEMBER:480;2025-OCTOBER:480;2025-NOVEMBER:480;2025-DECEMBER:260;2026-JANUARY:480;2026-FEBRUARY:390;2026-MARCH:480;2026-APRIL:260;2026-MAY:320;2026-JUNE:320;2026-JULY:320;2026-AUGUST:320,bathurst real estate agents
realtor commission rates,390,MEDIUM,46,2.51,13.78,9.13,2025-SEPTEMBER:880;2025-OCTOBER:390;2025-NOVEMBER:320;2025-DECEMBER:260;2026-JANUARY:390;2026-FEBRUARY:390;2026-MARCH:390;2026-APRIL:390;2026-MAY:390;2026-JUNE:320;2026-JULY:390;2026-AUGUST:320,
repayments on 400000 mortgage,390,MEDIUM,63,0.71,3.95,4.36,2025-SEPTEMBER:480;2025-OCTOBER:480;2025-NOVEMBER:480;2025-DECEMBER:390;2026-JANUARY:480;2026-FEBRUARY:480;2026-MARCH:480;2026-APRIL:390;2026-MAY:480;2026-JUNE:480;2026-JULY:390;2026-AUGUST:170,400 000 mortgage repayment
stamp duty in australia,390,LOW,17,0.3,2.11,1.94,2025-SEPTEMBER:480;2025-OCTOBER:590;2025-NOVEMBER:480;2025-DECEMBER:390;2026-JANUARY:480;2026-FEBRUARY:480;2026-MARCH:480;2026-APRIL:390;2026-MAY:390;2026-JUNE:480;2026-JULY:320;2026-AUGUST:320,australia stamp duty
stamp duty qld property,390,MEDIUM,37,0.08,1.01,1.37,2025-SEPTEMBER:880;2025-OCTOBER:480;2025-NOVEMBER:320;2025-DECEMBER:260;2026-JANUARY:390;2026-FEBRUARY:390;2026-MARCH:390;2026-APRIL:320;2026-MAY:260;2026-JUNE:210;2026-JULY:260;2026-AUGUST:210,
borrowing capacity home loan,390,HIGH,82,1.89,8.03,6.86,2025-SEPTEMBER:390;2025-OCTOBER:480;2025-NOVEMBER:480;2025-DECEMBER:320;2026-JANUARY:480;2026-FEBRUARY:390;2026-MARCH:480;2026-APRIL:390;2026-MAY:390;2026-JUNE:320;2026-JULY:320;2026-AUGUST:320,
real estate commission nsw,320,MEDIUM,48,2.18,8.27,6.24,2025-SEPTEMBER:590;2025-OCTOBER:390;2025-NOVEMBER:320;2025-DECEMBER:210;2026-JANUARY:320;2026-FEBRUARY:260;2026-MARCH:320;2026-APRIL:260;2026-MAY:260;2026-JUNE:210;2026-JULY:210;2026-AUGUST:210,
free property appraisal online,320,HIGH,77,1.41,8.65,7.42,2025-SEPTEMBER:1300;2025-OCTOBER:260;2025-NOVEMBER:210;2025-DECEMBER:170;2026-JANUARY:210;2026-FEBRUARY:210;2026-MARCH:170;2026-APRIL:170;2026-MAY:170;2026-JUNE:170;2026-JULY:170;2026-AUGUST:110,
best suburbs to invest in brisbane,320,LOW,29,2.13,5.41,8.57,2025-SEPTEMBER:720;2025-OCTOBER:480;2025-NOVEMBER:320;2025-DECEMBER:260;2026-JANUARY:390;2026-FEBRUARY:320;2026-MARCH:390;2026-APRIL:260;2026-MAY:210;2026-JUNE:90;2026-JULY:90;2026-AUGUST:90,
rental profit calculator,320,LOW,31,1.54,7.48,4.48,2025-SEPTEMBER:320;2025-OCTOBER:320;2025-NOVEMBER:320;2025-DECEMBER:260;2026-JANUARY:390;2026-FEBRUARY:320;2026-MARCH:320;2026-APRIL:320;2026-MAY:320;2026-JUNE:210;2026-JULY:260;2026-AUGUST:210,
rental income calculator,320,LOW,31,1.54,7.48,4.48,2025-SEPTEMBER:320;2025-OCTOBER:320;2025-NOVEMBER:320;2025-DECEMBER:260;2026-JANUARY:390;2026-FEBRUARY:320;2026-MARCH:320;2026-APRIL:320;2026-MAY:320;2026-JUNE:210;2026-JULY:260;2026-AUGUST:210,calculate rental income
personal loan borrowing power calculator,320,HIGH,75,1.65,9.0,6.08,2025-SEPTEMBER:260;2025-OCTOBER:480;2025-NOVEMBER:210;2025-DECEMBER:170;2026-JANUARY:320;2026-FEBRUARY:260;2026-MARCH:590;2026-APRIL:260;2026-MAY:320;2026-JUNE:260;2026-JULY:210;2026-AUGUST:170,
personal loan borrowing power,320,HIGH,78,3.24,16.83,10.3,2025-SEPTEMBER:320;2025-OCTOBER:480;2025-NOVEMBER:260;2025-DECEMBER:210;2026-JANUARY:320;2026-FEBRUARY:390;2026-MARCH:880;2026-APRIL:260;2026-MAY:320;2026-JUNE:260;2026-JULY:170;2026-AUGUST:140,
agent fees for selling house,320,MEDIUM,63,2.57,14.03,11.29,2025-SEPTEMBER:880;2025-OCTOBER:260;2025-NOVEMBER:210;2025-DECEMBER:210;2026-JANUARY:260;2026-FEBRUARY:260;2026-MARCH:320;2026-APRIL:260;2026-MAY:390;2026-JUNE:210;2026-JULY:140;2026-AUGUST:110,
how much can i borrow home loan calculator,320,HIGH,76,1.34,6.48,6.77,2025-SEPTEMBER:320;2025-OCTOBER:320;2025-NOVEMBER:260;2025-DECEMBER:260;2026-JANUARY:320;2026-FEBRUARY:390;2026-MARCH:390;2026-APRIL:320;2026-MAY:390;2026-JUNE:320;2026-JULY:320;2026-AUGUST:320,
toorak median house price,320,LOW,0,0.0,0.0,0.24,2025-SEPTEMBER:320;2025-OCTOBER:390;2025-NOVEMBER:390;2025-DECEMBER:320;2026-JANUARY:320;2026-FEBRUARY:320;2026-MARCH:320;2026-APRIL:320;2026-MAY:320;2026-JUNE:320;2026-JULY:260;2026-AUGUST:260,
property growth calculator,320,LOW,19,1.71,9.16,7.46,2025-SEPTEMBER:390;2025-OCTOBER:390;2025-NOVEMBER:320;2025-DECEMBER:260;2026-JANUARY:320;2026-FEBRUARY:320;2026-MARCH:320;2026-APRIL:320;2026-MAY:320;2026-JUNE:260;2026-JULY:210;2026-AUGUST:210,
fees for selling a house,320,HIGH,69,2.57,10.16,9.35,2025-SEPTEMBER:390;2025-OCTOBER:480;2025-NOVEMBER:260;2025-DECEMBER:210;2026-JANUARY:390;2026-FEBRUARY:320;2026-MARCH:880;2026-APRIL:320;2026-MAY:320;2026-JUNE:170;2026-JULY:170;2026-AUGUST:170,
real estate commission new south wales,320,MEDIUM,48,2.18,8.28,6.25,2025-SEPTEMBER:590;2025-OCTOBER:390;2025-NOVEMBER:320;2025-DECEMBER:210;2026-JANUARY:320;2026-FEBRUARY:260;2026-MARCH:320;2026-APRIL:260;2026-MAY:260;2026-JUNE:210;2026-JULY:210;2026-AUGUST:210,
median house price toorak,320,LOW,0,0.0,0.0,0.24,2025-SEPTEMBER:320;2025-OCTOBER:390;2025-NOVEMBER:390;2025-DECEMBER:320;2026-JANUARY:320;2026-FEBRUARY:320;2026-MARCH:320;2026-APRIL:320;2026-MAY:320;2026-JUNE:320;2026-JULY:260;2026-AUGUST:260,
agent fees for selling a house,320,MEDIUM,63,2.57,14.05,11.3,2025-SEPTEMBER:880;2025-OCTOBER:260;2025-NOVEMBER:210;2025-DECEMBER:210;2026-JANUARY:260;2026-FEBRUARY:260;2026-MARCH:320;2026-APRIL:260;2026-MAY:390;2026-JUNE:210;2026-JULY:140;2026-AUGUST:110,
home loan calculator how much can i borrow,320,HIGH,76,1.34,6.49,6.78,2025-SEPTEMBER:320;2025-OCTOBER:320;2025-NOVEMBER:260;2025-DECEMBER:260;2026-JANUARY:320;2026-FEBRUARY:390;2026-MARCH:390;2026-APRIL:320;2026-MAY:390;2026-JUNE:320;2026-JULY:320;2026-AUGUST:320,
nsw real estate commission,320,MEDIUM,48,2.18,8.28,6.25,2025-SEPTEMBER:590;2025-OCTOBER:390;2025-NOVEMBER:320;2025-DECEMBER:210;2026-JANUARY:320;2026-FEBRUARY:260;2026-MARCH:320;2026-APRIL:260;2026-MAY:260;2026-JUNE:210;2026-JULY:210;2026-AUGUST:210,
commission real estate nsw,320,MEDIUM,48,2.18,8.28,6.25,2025-SEPTEMBER:590;2025-OCTOBER:390;2025-NOVEMBER:320;2025-DECEMBER:210;2026-JANUARY:320;2026-FEBRUARY:260;2026-MARCH:320;2026-APRIL:260;2026-MAY:260;2026-JUNE:210;2026-JULY:210;2026-AUGUST:210,
bridging finance rates,320,HIGH,69,2.04,10.26,9.87,2025-SEPTEMBER:480;2025-OCTOBER:390;2025-NOVEMBER:320;2025-DECEMBER:170;2026-JANUARY:260;2026-FEBRUARY:320;2026-MARCH:480;2026-APRIL:260;2026-MAY:320;2026-JUNE:260;2026-JULY:210;2026-AUGUST:260,
rent estimate,320,MEDIUM,58,1.26,10.02,4.8,2025-SEPTEMBER:880;2025-OCTOBER:390;2025-NOVEMBER:320;2025-DECEMBER:320;2026-JANUARY:390;2026-FEBRUARY:260;2026-MARCH:320;2026-APRIL:320;2026-MAY:320;2026-JUNE:210;2026-JULY:210;2026-AUGUST:210,
how much can i borrow car loan,320,HIGH,76,3.44,12.16,12.16,2025-SEPTEMBER:320;2025-OCTOBER:320;2025-NOVEMBER:260;2025-DECEMBER:210;2026-JANUARY:320;2026-FEBRUARY:320;2026-MARCH:720;2026-APRIL:260;2026-MAY:320;2026-JUNE:260;2026-JULY:260;2026-AUGUST:210,
how much can we borrow,320,HIGH,82,1.21,7.24,5.83,2025-SEPTEMBER:390;2025-OCTOBER:390;2025-NOVEMBER:320;2025-DECEMBER:260;2026-JANUARY:390;2026-FEBRUARY:320;2026-MARCH:320;2026-APRIL:260;2026-MAY:320;2026-JUNE:260;2026-JULY:260;2026-AUGUST:260,
procedure for buying a house,320,MEDIUM,58,1.09,6.51,4.97,2025-SEPTEMBER:1000;2025-OCTOBER:390;2025-NOVEMBER:320;2025-DECEMBER:210;2026-JANUARY:260;2026-FEBRUARY:320;2026-MARCH:390;2026-APRIL:260;2026-MAY:260;2026-JUNE:210;2026-JULY:170;2026-AUGUST:170,
fees when selling a house,320,HIGH,69,2.57,10.16,9.35,2025-SEPTEMBER:390;2025-OCTOBER:480;2025-NOVEMBER:260;2025-DECEMBER:210;2026-JANUARY:390;2026-FEBRUARY:320;2026-MARCH:880;2026-APRIL:320;2026-MAY:320;2026-JUNE:170;2026-JULY:170;2026-AUGUST:170,
portland postcode vic,320,LOW,0,0.0,0.0,0.0,2025-SEPTEMBER:210;2025-OCTOBER:210;2025-NOVEMBER:260;2025-DECEMBER:390;2026-JANUARY:260;2026-FEBRUARY:260;2026-MARCH:320;2026-APRIL:320;2026-MAY:320;2026-JUNE:390;2026-JULY:390;2026-AUGUST:480,
property price guide,320,LOW,33,0.99,3.48,3.72,2025-SEPTEMBER:320;2025-OCTOBER:480;2025-NOVEMBER:480;2025-DECEMBER:210;2026-JANUARY:320;2026-FEBRUARY:390;2026-MARCH:390;2026-APRIL:320;2026-MAY:320;2026-JUNE:320;2026-JULY:210;2026-AUGUST:260,
what is section 32,320,LOW,5,0.05,2.42,1.1,2025-SEPTEMBER:390;2025-OCTOBER:320;2025-NOVEMBER:320;2025-DECEMBER:210;2026-JANUARY:390;2026-FEBRUARY:390;2026-MARCH:320;2026-APRIL:390;2026-MAY:320;2026-JUNE:320;2026-JULY:320;2026-AUGUST:260,
agents fee for selling house,320,MEDIUM,63,2.57,14.05,11.31,2025-SEPTEMBER:880;2025-OCTOBER:260;2025-NOVEMBER:210;2025-DECEMBER:210;2026-JANUARY:260;2026-FEBRUARY:260;2026-MARCH:320;2026-APRIL:260;2026-MAY:390;2026-JUNE:210;2026-JULY:140;2026-AUGUST:110,agents fees for selling a house|sell house agent fee|agents fees to sell a house
fees of selling a house,320,HIGH,69,2.57,10.16,9.35,2025-SEPTEMBER:390;2025-OCTOBER:480;2025-NOVEMBER:260;2025-DECEMBER:210;2026-JANUARY:390;2026-FEBRUARY:320;2026-MARCH:880;2026-APRIL:320;2026-MAY:320;2026-JUNE:170;2026-JULY:170;2026-AUGUST:170,
point cook suburb profile,320,LOW,1,0.0,0.0,0.0,2025-SEPTEMBER:390;2025-OCTOBER:390;2025-NOVEMBER:320;2025-DECEMBER:320;2026-JANUARY:390;2026-FEBRUARY:320;2026-MARCH:390;2026-APRIL:320;2026-MAY:320;2026-JUNE:260;2026-JULY:210;2026-AUGUST:260,
price guide property,320,LOW,33,0.99,3.48,3.72,2025-SEPTEMBER:320;2025-OCTOBER:480;2025-NOVEMBER:480;2025-DECEMBER:210;2026-JANUARY:320;2026-FEBRUARY:390;2026-MARCH:390;2026-APRIL:320;2026-MAY:320;2026-JUNE:320;2026-JULY:210;2026-AUGUST:260,
reservoir suburb,320,LOW,0,0.0,0.0,0.0,2025-SEPTEMBER:210;2025-OCTOBER:260;2025-NOVEMBER:320;2025-DECEMBER:260;2026-JANUARY:260;2026-FEBRUARY:320;2026-MARCH:390;2026-APRIL:390;2026-MAY:390;2026-JUNE:480;2026-JULY:390;2026-AUGUST:390,
what is my borrowing capacity,320,HIGH,80,1.67,8.22,7.87,2025-SEPTEMBER:390;2025-OCTOBER:390;2025-NOVEMBER:320;2025-DECEMBER:320;2026-JANUARY:390;2026-FEBRUARY:320;2026-MARCH:390;2026-APRIL:320;2026-MAY:320;2026-JUNE:320;2026-JULY:320;2026-AUGUST:320,
average mortgage repayments,320,LOW,26,1.57,5.38,4.84,2025-SEPTEMBER:390;2025-OCTOBER:320;2025-NOVEMBER:320;2025-DECEMBER:260;2026-JANUARY:320;2026-FEBRUARY:320;2026-MARCH:390;2026-APRIL:390;2026-MAY:390;2026-JUNE:260;2026-JULY:260;2026-AUGUST:260,
belmore river,320,LOW,0,0.0,0.0,0.24,2025-SEPTEMBER:390;2025-OCTOBER:320;2025-NOVEMBER:390;2025-DECEMBER:320;2026-JANUARY:320;2026-FEBRUARY:210;2026-MARCH:260;2026-APRIL:260;2026-MAY:210;2026-JUNE:210;2026-JULY:320;2026-AUGUST:320,
borrowing power calculator personal loan,320,HIGH,75,1.65,9.01,6.09,2025-SEPTEMBER:260;2025-OCTOBER:480;2025-NOVEMBER:210;2025-DECEMBER:170;2026-JANUARY:320;2026-FEBRUARY:260;2026-MARCH:590;2026-APRIL:260;2026-MAY:320;2026-JUNE:260;2026-JULY:210;2026-AUGUST:170,
how much do real estate agents make per sale,320,LOW,11,1.3,7.9,9.13,2025-SEPTEMBER:880;2025-OCTOBER:480;2025-NOVEMBER:320;2025-DECEMBER:260;2026-JANUARY:390;2026-FEBRUARY:320;2026-MARCH:320;2026-APRIL:320;2026-MAY:320;2026-JUNE:210;2026-JULY:210;2026-AUGUST:210,
lisarow postcode nsw,320,LOW,0,0.0,0.0,0.0,2025-SEPTEMBER:320;2025-OCTOBER:320;2025-NOVEMBER:320;2025-DECEMBER:320;2026-JANUARY:320;2026-FEBRUARY:320;2026-MARCH:390;2026-APRIL:320;2026-MAY:320;2026-JUNE:390;2026-JULY:320;2026-AUGUST:480,
median house price glen waverley,320,LOW,2,1.36,3.49,0.0,2025-SEPTEMBER:320;2025-OCTOBER:390;2025-NOVEMBER:320;2025-DECEMBER:260;2026-JANUARY:320;2026-FEBRUARY:260;2026-MARCH:320;2026-APRIL:320;2026-MAY:320;2026-JUNE:260;2026-JULY:260;2026-AUGUST:320,
population of junee nsw,320,LOW,0,0.0,0.0,0.0,2025-SEPTEMBER:390;2025-OCTOBER:320;2025-NOVEMBER:320;2025-DECEMBER:260;2026-JANUARY:320;2026-FEBRUARY:320;2026-MARCH:390;2026-APRIL:320;2026-MAY:320;2026-JUNE:320;2026-JULY:320;2026-AUGUST:320,
townsville 4810,320,LOW,3,0.0,0.0,0.0,2025-SEPTEMBER:390;2025-OCTOBER:320;2025-NOVEMBER:320;2025-DECEMBER:260;2026-JANUARY:260;2026-FEBRUARY:260;2026-MARCH:390;2026-APRIL:320;2026-MAY:390;2026-JUNE:390;2026-JULY:390;2026-AUGUST:390,
transfer duty qld,320,LOW,2,0.48,4.35,0.06,2025-SEPTEMBER:390;2025-OCTOBER:390;2025-NOVEMBER:320;2025-DECEMBER:320;2026-JANUARY:320;2026-FEBRUARY:320;2026-MARCH:390;2026-APRIL:320;2026-MAY:320;2026-JUNE:320;2026-JULY:260;2026-AUGUST:260,
what is the normal commission for real estate agents,320,MEDIUM,48,3.3,13.05,11.76,2025-SEPTEMBER:880;2025-OCTOBER:170;2025-NOVEMBER:170;2025-DECEMBER:170;2026-JANUARY:260;2026-FEBRUARY:320;2026-MARCH:260;2026-APRIL:260;2026-MAY:260;2026-JUNE:210;2026-JULY:210;2026-AUGUST:210,
act first home owners grant,320,LOW,20,2.19,6.87,7.8,2025-SEPTEMBER:480;2025-OCTOBER:390;2025-NOVEMBER:260;2025-DECEMBER:260;2026-JANUARY:320;2026-FEBRUARY:320;2026-MARCH:390;2026-APRIL:390;2026-MAY:390;2026-JUNE:320;2026-JULY:260;2026-AUGUST:170,
agent fee for selling house,320,MEDIUM,63,2.56,13.99,11.25,2025-SEPTEMBER:880;2025-OCTOBER:260;2025-NOVEMBER:210;2025-DECEMBER:210;2026-JANUARY:260;2026-FEBRUARY:260;2026-MARCH:320;2026-APRIL:260;2026-MAY:390;2026-JUNE:210;2026-JULY:140;2026-AUGUST:110,agent fees when selling a house|agents fees to sell house
average rent in brisbane,320,LOW,0,0.0,0.0,0.0,2025-SEPTEMBER:320;2025-OCTOBER:390;2025-NOVEMBER:320;2025-DECEMBER:320;2026-JANUARY:390;2026-FEBRUARY:390;2026-MARCH:390;2026-APRIL:320;2026-MAY:390;2026-JUNE:320;2026-JULY:260;2026-AUGUST:320,
borrowing calculator commbank,320,MEDIUM,52,0.06,5.12,1.35,2025-SEPTEMBER:390;2025-OCTOBER:390;2025-NOVEMBER:320;2025-DECEMBER:320;2026-JANUARY:390;2026-FEBRUARY:320;2026-MARCH:320;2026-APRIL:320;2026-MAY:320;2026-JUNE:260;2026-JULY:260;2026-AUGUST:260,
buying a house procedure,320,MEDIUM,58,1.09,6.48,4.95,2025-SEPTEMBER:1000;2025-OCTOBER:390;2025-NOVEMBER:320;2025-DECEMBER:210;2026-JANUARY:260;2026-FEBRUARY:320;2026-MARCH:390;2026-APRIL:260;2026-MAY:260;2026-JUNE:210;2026-JULY:170;2026-AUGUST:170,
carinya tamworth,320,LOW,2,0.02,0.05,0.08,2025-SEPTEMBER:320;2025-OCTOBER:210;2025-NOVEMBER:260;2025-DECEMBER:170;2026-JANUARY:210;2026-FEBRUARY:320;2026-MARCH:320;2026-APRIL:260;2026-MAY:390;2026-JUNE:390;2026-JULY:320;2026-AUGUST:480,
collingwood postcode vic,320,LOW,0,0.0,0.0,0.0,2025-SEPTEMBER:260;2025-OCTOBER:320;2025-NOVEMBER:260;2025-DECEMBER:320;2026-JANUARY:260;2026-FEBRUARY:260;2026-MARCH:320;2026-APRIL:260;2026-MAY:320;2026-JUNE:320;2026-JULY:320;2026-AUGUST:590,
best real estate agents sydney,260,MEDIUM,61,3.73,20.21,19.3,2025-SEPTEMBER:390;2025-OCTOBER:260;2025-NOVEMBER:260;2025-DECEMBER:210;2026-JANUARY:210;2026-FEBRUARY:260;2026-MARCH:260;2026-APRIL:210;2026-MAY:260;2026-JUNE:210;2026-JULY:210;2026-AUGUST:170,
buyers agent fees sydney,260,MEDIUM,48,3.6,13.12,11.76,2025-SEPTEMBER:880;2025-OCTOBER:320;2025-NOVEMBER:210;2025-DECEMBER:170;2026-JANUARY:210;2026-FEBRUARY:210;2026-MARCH:320;2026-APRIL:140;2026-MAY:170;2026-JUNE:110;2026-JULY:110;2026-AUGUST:110,
home staging cost,260,LOW,31,1.34,9.55,8.85,2025-SEPTEMBER:390;2025-OCTOBER:210;2025-NOVEMBER:210;2025-DECEMBER:210;2026-JANUARY:320;2026-FEBRUARY:320;2026-MARCH:260;2026-APRIL:260;2026-MAY:210;2026-JUNE:170;2026-JULY:140;2026-AUGUST:140,
rentvesting australia,260,MEDIUM,54,0.44,10.11,7.02,2025-SEPTEMBER:480;2025-OCTOBER:140;2025-NOVEMBER:320;2025-DECEMBER:320;2026-JANUARY:480;2026-FEBRUARY:390;2026-MARCH:210;2026-APRIL:110;2026-MAY:110;2026-JUNE:90;2026-JULY:50;2026-AUGUST:90,
real estate selling fees,260,MEDIUM,64,2.74,18.75,14.06,2025-SEPTEMBER:720;2025-OCTOBER:320;2025-NOVEMBER:210;2025-DECEMBER:210;2026-JANUARY:390;2026-FEBRUARY:390;2026-MARCH:390;2026-APRIL:170;2026-MAY:170;2026-JUNE:90;2026-JULY:110;2026-AUGUST:110,real estate fees for seller
real estate leads,260,MEDIUM,54,7.81,27.73,32.89,2025-SEPTEMBER:720;2025-OCTOBER:210;2025-NOVEMBER:140;2025-DECEMBER:140;2026-JANUARY:260;2026-FEBRUARY:320;2026-MARCH:480;2026-APRIL:320;2026-MAY:260;2026-JUNE:170;2026-JULY:170;2026-AUGUST:170,leads for real estate
rental return calculator,260,LOW,5,1.43,11.61,1.79,2025-SEPTEMBER:480;2025-OCTOBER:320;2025-NOVEMBER:320;2025-DECEMBER:170;2026-JANUARY:320;2026-FEBRUARY:320;2026-MARCH:260;2026-APRIL:210;2026-MAY:210;2026-JUNE:140;2026-JULY:140;2026-AUGUST:140,calculate rental return
airlie beach postal code,260,LOW,0,0.0,0.0,0.0,2025-SEPTEMBER:320;2025-OCTOBER:260;2025-NOVEMBER:260;2025-DECEMBER:260;2026-JANUARY:260;2026-FEBRUARY:210;2026-MARCH:210;2026-APRIL:260;2026-MAY:260;2026-JUNE:320;2026-JULY:320;2026-AUGUST:320,
steps to selling a house,260,HIGH,74,2.9,18.44,15.89,2025-SEPTEMBER:480;2025-OCTOBER:390;2025-NOVEMBER:90;2025-DECEMBER:70;2026-JANUARY:140;2026-FEBRUARY:320;2026-MARCH:720;2026-APRIL:260;2026-MAY:260;2026-JUNE:90;2026-JULY:90;2026-AUGUST:90,
borrowing power calculator australia,260,MEDIUM,63,2.14,7.14,7.04,2025-SEPTEMBER:210;2025-OCTOBER:320;2025-NOVEMBER:260;2025-DECEMBER:210;2026-JANUARY:320;2026-FEBRUARY:320;2026-MARCH:260;2026-APRIL:320;2026-MAY:260;2026-JUNE:210;2026-JULY:210;2026-AUGUST:320,
what percentage do real estate agents take,260,MEDIUM,48,1.54,7.67,5.64,2025-SEPTEMBER:590;2025-OCTOBER:390;2025-NOVEMBER:210;2025-DECEMBER:210;2026-JANUARY:260;2026-FEBRUARY:260;2026-MARCH:260;2026-APRIL:260;2026-MAY:260;2026-JUNE:170;2026-JULY:210;2026-AUGUST:170,
rentvesting meaning,260,LOW,13,0.03,1.21,0.96,2025-SEPTEMBER:90;2025-OCTOBER:70;2025-NOVEMBER:110;2025-DECEMBER:210;2026-JANUARY:590;2026-FEBRUARY:320;2026-MARCH:170;2026-APRIL:210;2026-MAY:1000;2026-JUNE:260;2026-JULY:140;2026-AUGUST:50,
median house price frankston,260,LOW,2,0.0,0.0,0.0,2025-SEPTEMBER:320;2025-OCTOBER:320;2025-NOVEMBER:260;2025-DECEMBER:260;2026-JANUARY:320;2026-FEBRUARY:320;2026-MARCH:320;2026-APRIL:260;2026-MAY:210;2026-JUNE:170;2026-JULY:140;2026-AUGUST:140,frankston median house price
mortgage calculator how much can i borrow,260,HIGH,72,1.12,7.09,7.07,2025-SEPTEMBER:320;2025-OCTOBER:320;2025-NOVEMBER:210;2025-DECEMBER:170;2026-JANUARY:320;2026-FEBRUARY:320;2026-MARCH:390;2026-APRIL:260;2026-MAY:260;2026-JUNE:210;2026-JULY:260;2026-AUGUST:210,
nsw 2170,260,LOW,0,0.0,0.0,0.0,2025-SEPTEMBER:210;2025-OCTOBER:210;2025-NOVEMBER:260;2025-DECEMBER:210;2026-JANUARY:210;2026-FEBRUARY:260;2026-MARCH:260;2026-APRIL:260;2026-MAY:320;2026-JUNE:260;2026-JULY:260;2026-AUGUST:260,
selling a house process,260,MEDIUM,57,2.85,21.02,12.57,2025-SEPTEMBER:590;2025-OCTOBER:480;2025-NOVEMBER:110;2025-DECEMBER:90;2026-JANUARY:110;2026-FEBRUARY:320;2026-MARCH:880;2026-APRIL:260;2026-MAY:320;2026-JUNE:90;2026-JULY:90;2026-AUGUST:70,
home loan borrowing capacity calculator,260,HIGH,76,1.58,6.7,8.23,2025-SEPTEMBER:140;2025-OCTOBER:210;2025-NOVEMBER:390;2025-DECEMBER:170;2026-JANUARY:260;2026-FEBRUARY:480;2026-MARCH:210;2026-APRIL:320;2026-MAY:260;2026-JUNE:170;2026-JULY:210;2026-AUGUST:170,
450k mortgage repayments,260,MEDIUM,51,0.65,4.37,3.71,2025-SEPTEMBER:260;2025-OCTOBER:320;2025-NOVEMBER:260;2025-DECEMBER:210;2026-JANUARY:260;2026-FEBRUARY:260;2026-MARCH:260;2026-APRIL:260;2026-MAY:260;2026-JUNE:210;2026-JULY:210;2026-AUGUST:210,
cgt real estate,260,LOW,4,0.07,0.32,0.12,2025-SEPTEMBER:1000;2025-OCTOBER:260;2025-NOVEMBER:140;2025-DECEMBER:110;2026-JANUARY:170;2026-FEBRUARY:260;2026-MARCH:210;2026-APRIL:140;2026-MAY:260;2026-JUNE:90;2026-JULY:90;2026-AUGUST:90,
capital gains tax and real estate,260,LOW,4,0.07,0.32,0.12,2025-SEPTEMBER:1000;2025-OCTOBER:260;2025-NOVEMBER:140;2025-DECEMBER:110;2026-JANUARY:170;2026-FEBRUARY:260;2026-MARCH:210;2026-APRIL:140;2026-MAY:260;2026-JUNE:90;2026-JULY:90;2026-AUGUST:90,
capital gains tax for real estate,260,LOW,4,0.07,0.32,0.12,2025-SEPTEMBER:1000;2025-OCTOBER:260;2025-NOVEMBER:140;2025-DECEMBER:110;2026-JANUARY:170;2026-FEBRUARY:260;2026-MARCH:210;2026-APRIL:140;2026-MAY:260;2026-JUNE:90;2026-JULY:90;2026-AUGUST:90,
brisbane property market forecast 2026,260,LOW,11,1.45,4.86,2.79,2025-SEPTEMBER:170;2025-OCTOBER:260;2025-NOVEMBER:320;2025-DECEMBER:320;2026-JANUARY:390;2026-FEBRUARY:170;2026-MARCH:260;2026-APRIL:260;2026-MAY:260;2026-JUNE:210;2026-JULY:170;2026-AUGUST:110,
process of selling a house,260,MEDIUM,57,2.85,21.02,12.57,2025-SEPTEMBER:590;2025-OCTOBER:480;2025-NOVEMBER:110;2025-DECEMBER:90;2026-JANUARY:110;2026-FEBRUARY:320;2026-MARCH:880;2026-APRIL:260;2026-MAY:320;2026-JUNE:90;2026-JULY:90;2026-AUGUST:70,house selling process
real estate property gains tax,260,LOW,4,0.07,0.32,0.12,2025-SEPTEMBER:1000;2025-OCTOBER:260;2025-NOVEMBER:140;2025-DECEMBER:110;2026-JANUARY:170;2026-FEBRUARY:260;2026-MARCH:210;2026-APRIL:140;2026-MAY:260;2026-JUNE:90;2026-JULY:90;2026-AUGUST:90,
capital gains on real estate,260,LOW,4,0.07,0.32,0.12,2025-SEPTEMBER:1000;2025-OCTOBER:260;2025-NOVEMBER:140;2025-DECEMBER:110;2026-JANUARY:170;2026-FEBRUARY:260;2026-MARCH:210;2026-APRIL:140;2026-MAY:260;2026-JUNE:90;2026-JULY:90;2026-AUGUST:90,
personal loan borrowing calculator,260,HIGH,71,1.89,9.64,7.97,2025-SEPTEMBER:210;2025-OCTOBER:260;2025-NOVEMBER:210;2025-DECEMBER:210;2026-JANUARY:320;2026-FEBRUARY:210;2026-MARCH:260;2026-APRIL:170;2026-MAY:210;2026-JUNE:260;2026-JULY:260;2026-AUGUST:320,
steps to selling your house,260,HIGH,74,2.9,18.47,15.92,2025-SEPTEMBER:480;2025-OCTOBER:390;2025-NOVEMBER:90;2025-DECEMBER:70;2026-JANUARY:140;2026-FEBRUARY:320;2026-MARCH:720;2026-APRIL:260;2026-MAY:260;2026-JUNE:90;2026-JULY:90;2026-AUGUST:90,
capital gains tax on real estate,260,LOW,4,0.07,0.32,0.12,2025-SEPTEMBER:1000;2025-OCTOBER:260;2025-NOVEMBER:140;2025-DECEMBER:110;2026-JANUARY:170;2026-FEBRUARY:260;2026-MARCH:210;2026-APRIL:140;2026-MAY:260;2026-JUNE:90;2026-JULY:90;2026-AUGUST:90,real estate capital gains tax|capital gains tax real estate|real estate tax capital gains
buyers agent brisbane fee,260,MEDIUM,64,4.19,13.8,15.07,2025-SEPTEMBER:880;2025-OCTOBER:320;2025-NOVEMBER:320;2025-DECEMBER:210;2026-JANUARY:320;2026-FEBRUARY:320;2026-MARCH:390;2026-APRIL:170;2026-MAY:170;2026-JUNE:110;2026-JULY:140;2026-AUGUST:70,
how much can i borrow mortgage calculator,260,HIGH,72,1.12,7.09,7.07,2025-SEPTEMBER:320;2025-OCTOBER:320;2025-NOVEMBER:210;2025-DECEMBER:170;2026-JANUARY:320;2026-FEBRUARY:320;2026-MARCH:390;2026-APRIL:260;2026-MAY:260;2026-JUNE:210;2026-JULY:260;2026-AUGUST:210,
how to figure out yield,260,LOW,0,0.0,0.0,0.0,2025-SEPTEMBER:390;2025-OCTOBER:390;2025-NOVEMBER:260;2025-DECEMBER:140;2026-JANUARY:210;2026-FEBRUARY:260;2026-MARCH:320;2026-APRIL:260;2026-MAY:320;2026-JUNE:260;2026-JULY:210;2026-AUGUST:260,
how to sell a house privately,260,MEDIUM,65,1.83,8.42,6.85,2025-SEPTEMBER:390;2025-OCTOBER:390;2025-NOVEMBER:260;2025-DECEMBER:170;2026-JANUARY:260;2026-FEBRUARY:320;2026-MARCH:480;2026-APRIL:260;2026-MAY:320;2026-JUNE:210;2026-JULY:170;2026-AUGUST:170,
real estate fees for selling,260,MEDIUM,64,2.74,18.78,14.09,2025-SEPTEMBER:720;2025-OCTOBER:320;2025-NOVEMBER:210;2025-DECEMBER:210;2026-JANUARY:390;2026-FEBRUARY:390;2026-MARCH:390;2026-APRIL:170;2026-MAY:170;2026-JUNE:90;2026-JULY:110;2026-AUGUST:110,
brighton median house price,260,LOW,0,0.0,0.0,0.0,2025-SEPTEMBER:260;2025-OCTOBER:320;2025-NOVEMBER:260;2025-DECEMBER:210;2026-JANUARY:260;2026-FEBRUARY:260;2026-MARCH:260;2026-APRIL:260;2026-MAY:210;2026-JUNE:170;2026-JULY:140;2026-AUGUST:210,
capital gains and real estate,260,LOW,4,0.07,0.32,0.12,2025-SEPTEMBER:1000;2025-OCTOBER:260;2025-NOVEMBER:140;2025-DECEMBER:110;2026-JANUARY:170;2026-FEBRUARY:260;2026-MARCH:210;2026-APRIL:140;2026-MAY:260;2026-JUNE:90;2026-JULY:90;2026-AUGUST:90,
maryland nsw 2287,260,LOW,2,0.0,0.0,0.0,2025-SEPTEMBER:260;2025-OCTOBER:260;2025-NOVEMBER:260;2025-DECEMBER:210;2026-JANUARY:260;2026-FEBRUARY:260;2026-MARCH:590;2026-APRIL:320;2026-MAY:320;2026-JUNE:320;2026-JULY:260;2026-AUGUST:210,
queanbeyan postcode nsw,260,LOW,0,0.0,0.0,0.0,2025-SEPTEMBER:260;2025-OCTOBER:320;2025-NOVEMBER:260;2025-DECEMBER:320;2026-JANUARY:260;2026-FEBRUARY:260;2026-MARCH:260;2026-APRIL:260;2026-MAY:260;2026-JUNE:260;2026-JULY:260;2026-AUGUST:320,
real estate agent leads,260,MEDIUM,54,7.82,27.78,32.95,2025-SEPTEMBER:720;2025-OCTOBER:210;2025-NOVEMBER:140;2025-DECEMBER:140;2026-JANUARY:260;2026-FEBRUARY:320;2026-MARCH:480;2026-APRIL:320;2026-MAY:260;2026-JUNE:170;2026-JULY:170;2026-AUGUST:170,
real estate fees when selling,260,MEDIUM,64,2.74,18.78,14.09,2025-SEPTEMBER:720;2025-OCTOBER:320;2025-NOVEMBER:210;2025-DECEMBER:210;2026-JANUARY:390;2026-FEBRUARY:390;2026-MARCH:390;2026-APRIL:170;2026-MAY:170;2026-JUNE:90;2026-JULY:110;2026-AUGUST:110,
buderim qld map,260,LOW,0,0.0,0.0,0.0,2025-SEPTEMBER:260;2025-OCTOBER:320;2025-NOVEMBER:320;2025-DECEMBER:260;2026-JANUARY:260;2026-FEBRUARY:260;2026-MARCH:260;2026-APRIL:260;2026-MAY:260;2026-JUNE:260;2026-JULY:260;2026-AUGUST:210,
castle hill median house price,260,LOW,0,0.0,0.0,0.0,2025-SEPTEMBER:260;2025-OCTOBER:320;2025-NOVEMBER:320;2025-DECEMBER:210;2026-JANUARY:320;2026-FEBRUARY:260;2026-MARCH:320;2026-APRIL:260;2026-MAY:260;2026-JUNE:210;2026-JULY:170;2026-AUGUST:170,
fairlight 2094,260,LOW,2,0.0,0.0,0.0,2025-SEPTEMBER:260;2025-OCTOBER:260;2025-NOVEMBER:260;2025-DECEMBER:260;2026-JANUARY:260;2026-FEBRUARY:260;2026-MARCH:320;2026-APRIL:260;2026-MAY:260;2026-JUNE:320;2026-JULY:260;2026-AUGUST:260,
homebush postal code,260,LOW,0,0.0,0.0,0.0,2025-SEPTEMBER:260;2025-OCTOBER:260;2025-NOVEMBER:320;2025-DECEMBER:260;2026-JANUARY:210;2026-FEBRUARY:260;2026-MARCH:320;2026-APRIL:210;2026-MAY:210;2026-JUNE:210;2026-JULY:210;2026-AUGUST:320,
how much can i borrow calculator mortgage,260,HIGH,72,1.11,7.06,7.04,2025-SEPTEMBER:320;2025-OCTOBER:320;2025-NOVEMBER:210;2025-DECEMBER:170;2026-JANUARY:320;2026-FEBRUARY:320;2026-MARCH:390;2026-APRIL:260;2026-MAY:260;2026-JUNE:210;2026-JULY:260;2026-AUGUST:210,
how much can i lend mortgage calculator,260,HIGH,72,1.11,7.06,7.04,2025-SEPTEMBER:320;2025-OCTOBER:320;2025-NOVEMBER:210;2025-DECEMBER:170;2026-JANUARY:320;2026-FEBRUARY:320;2026-MARCH:390;2026-APRIL:260;2026-MAY:260;2026-JUNE:210;2026-JULY:260;2026-AUGUST:210,
median house price brighton,260,LOW,0,0.0,0.0,0.0,2025-SEPTEMBER:260;2025-OCTOBER:320;2025-NOVEMBER:260;2025-DECEMBER:210;2026-JANUARY:260;2026-FEBRUARY:260;2026-MARCH:260;2026-APRIL:260;2026-MAY:210;2026-JUNE:170;2026-JULY:140;2026-AUGUST:210,
median house price castle hill,260,LOW,0,0.0,0.0,0.0,2025-SEPTEMBER:260;2025-OCTOBER:320;2025-NOVEMBER:320;2025-DECEMBER:210;2026-JANUARY:320;2026-FEBRUARY:260;2026-MARCH:320;2026-APRIL:260;2026-MAY:260;2026-JUNE:210;2026-JULY:170;2026-AUGUST:170,
mortgage calculator how much could i borrow,260,HIGH,72,1.11,7.06,7.04,2025-SEPTEMBER:320;2025-OCTOBER:320;2025-NOVEMBER:210;2025-DECEMBER:170;2026-JANUARY:320;2026-FEBRUARY:320;2026-MARCH:390;2026-APRIL:260;2026-MAY:260;2026-JUNE:210;2026-JULY:260;2026-AUGUST:210,
procedure for selling a house,260,MEDIUM,57,2.83,20.92,12.51,2025-SEPTEMBER:590;2025-OCTOBER:480;2025-NOVEMBER:110;2025-DECEMBER:90;2026-JANUARY:110;2026-FEBRUARY:320;2026-MARCH:880;2026-APRIL:260;2026-MAY:320;2026-JUNE:90;2026-JULY:90;2026-AUGUST:70,
real estate agents rockingham,260,MEDIUM,47,6.35,39.88,29.11,2025-SEPTEMBER:480;2025-OCTOBER:260;2025-NOVEMBER:210;2025-DECEMBER:170;2026-JANUARY:320;2026-FEBRUARY:210;2026-MARCH:260;2026-APRIL:170;2026-MAY:210;2026-JUNE:170;2026-JULY:170;2026-AUGUST:210,
real estate gains tax,260,LOW,4,0.07,0.32,0.12,2025-SEPTEMBER:1000;2025-OCTOBER:260;2025-NOVEMBER:140;2025-DECEMBER:110;2026-JANUARY:170;2026-FEBRUARY:260;2026-MARCH:210;2026-APRIL:140;2026-MAY:260;2026-JUNE:90;2026-JULY:90;2026-AUGUST:90,
rental market melbourne,260,LOW,3,0.07,2.97,0.72,2025-SEPTEMBER:320;2025-OCTOBER:320;2025-NOVEMBER:260;2025-DECEMBER:170;2026-JANUARY:210;2026-FEBRUARY:260;2026-MARCH:480;2026-APRIL:260;2026-MAY:320;2026-JUNE:260;2026-JULY:320;2026-AUGUST:260,
shelbourne vic,260,LOW,0,0.0,0.0,0.14,2025-SEPTEMBER:210;2025-OCTOBER:210;2025-NOVEMBER:170;2025-DECEMBER:210;2026-JANUARY:210;2026-FEBRUARY:210;2026-MARCH:260;2026-APRIL:210;2026-MAY:260;2026-JUNE:260;2026-JULY:260;2026-AUGUST:480,
suburb review,260,LOW,7,1.35,5.23,3.48,2025-SEPTEMBER:320;2025-OCTOBER:320;2025-NOVEMBER:260;2025-DECEMBER:210;2026-JANUARY:320;2026-FEBRUARY:260;2026-MARCH:170;2026-APRIL:320;2026-MAY:170;2026-JUNE:170;2026-JULY:140;2026-AUGUST:170,
borrowing calculator australia,260,HIGH,78,0.93,5.21,4.15,2025-SEPTEMBER:210;2025-OCTOBER:260;2025-NOVEMBER:170;2025-DECEMBER:170;2026-JANUARY:260;2026-FEBRUARY:260;2026-MARCH:260;2026-APRIL:390;2026-MAY:390;2026-JUNE:260;2026-JULY:260;2026-AUGUST:260,
buderim queensland map,260,LOW,0,0.0,0.0,0.0,2025-SEPTEMBER:260;2025-OCTOBER:320;2025-NOVEMBER:320;2025-DECEMBER:260;2026-JANUARY:260;2026-FEBRUARY:260;2026-MARCH:260;2026-APRIL:260;2026-MAY:260;2026-JUNE:260;2026-JULY:260;2026-AUGUST:210,
buyers agent brisbane fees,260,MEDIUM,64,4.17,13.73,15.0,2025-SEPTEMBER:880;2025-OCTOBER:320;2025-NOVEMBER:320;2025-DECEMBER:210;2026-JANUARY:320;2026-FEBRUARY:320;2026-MARCH:390;2026-APRIL:170;2026-MAY:170;2026-JUNE:110;2026-JULY:140;2026-AUGUST:70,
2446 nsw,260,LOW,0,0.0,0.0,0.0,2025-SEPTEMBER:210;2025-OCTOBER:210;2025-NOVEMBER:260;2025-DECEMBER:210;2026-JANUARY:260;2026-FEBRUARY:260;2026-MARCH:320;2026-APRIL:260;2026-MAY:320;2026-JUNE:320;2026-JULY:260;2026-AUGUST:260,
cassowary coast realty,260,LOW,4,1.56,7.55,5.55,2025-SEPTEMBER:260;2025-OCTOBER:210;2025-NOVEMBER:210;2025-DECEMBER:170;2026-JANUARY:210;2026-FEBRUARY:210;2026-MARCH:260;2026-APRIL:320;2026-MAY:260;2026-JUNE:320;2026-JULY:210;2026-AUGUST:260,
catherine hill bay nsw 2281,260,LOW,1,0.0,0.0,0.0,2025-SEPTEMBER:260;2025-OCTOBER:260;2025-NOVEMBER:210;2025-DECEMBER:320;2026-JANUARY:260;2026-FEBRUARY:260;2026-MARCH:210;2026-APRIL:210;2026-MAY:210;2026-JUNE:260;2026-JULY:170;2026-AUGUST:210,
clearance certificate property,260,LOW,3,0.92,2.58,2.59,2025-SEPTEMBER:390;2025-OCTOBER:260;2025-NOVEMBER:210;2025-DECEMBER:140;2026-JANUARY:260;2026-FEBRUARY:260;2026-MARCH:390;2026-APRIL:260;2026-MAY:260;2026-JUNE:210;2026-JULY:170;2026-AUGUST:170,
affordability calculator,210,MEDIUM,42,0.86,5.88,4.99,2025-SEPTEMBER:210;2025-OCTOBER:210;2025-NOVEMBER:210;2025-DECEMBER:170;2026-JANUARY:210;2026-FEBRUARY:210;2026-MARCH:210;2026-APRIL:210;2026-MAY:210;2026-JUNE:140;2026-JULY:140;2026-AUGUST:210,
buyers agent cost,210,MEDIUM,53,3.37,9.99,11.31,2025-SEPTEMBER:720;2025-OCTOBER:260;2025-NOVEMBER:260;2025-DECEMBER:140;2026-JANUARY:170;2026-FEBRUARY:210;2026-MARCH:210;2026-APRIL:170;2026-MAY:140;2026-JUNE:90;2026-JULY:90;2026-AUGUST:110,
buying property in australia,210,MEDIUM,45,0.44,7.24,1.84,2025-SEPTEMBER:390;2025-OCTOBER:320;2025-NOVEMBER:140;2025-DECEMBER:210;2026-JANUARY:210;2026-FEBRUARY:170;2026-MARCH:260;2026-APRIL:170;2026-MAY:170;2026-JUNE:140;2026-JULY:90;2026-AUGUST:70,
full house renovation,210,MEDIUM,53,4.58,20.48,17.38,2025-SEPTEMBER:1000;2025-OCTOBER:260;2025-NOVEMBER:110;2025-DECEMBER:90;2026-JANUARY:140;2026-FEBRUARY:140;2026-MARCH:170;2026-APRIL:140;2026-MAY:170;2026-JUNE:110;2026-JULY:90;2026-AUGUST:110,
renovation costs,210,LOW,30,2.18,7.5,7.26,2025-SEPTEMBER:320;2025-OCTOBER:320;2025-NOVEMBER:210;2025-DECEMBER:140;2026-JANUARY:210;2026-FEBRUARY:210;2026-MARCH:260;2026-APRIL:210;2026-MAY:260;2026-JUNE:170;2026-JULY:110;2026-AUGUST:140,cost of renovating
property yield calculator,210,LOW,17,1.84,10.34,6.57,2025-SEPTEMBER:260;2025-OCTOBER:260;2025-NOVEMBER:260;2025-DECEMBER:170;2026-JANUARY:260;2026-FEBRUARY:260;2026-MARCH:320;2026-APRIL:260;2026-MAY:320;2026-JUNE:210;2026-JULY:140;2026-AUGUST:170,yield property calculator|yield calculation property
real estate definitions,210,LOW,5,1.65,5.27,1.87,2025-SEPTEMBER:390;2025-OCTOBER:210;2025-NOVEMBER:260;2025-DECEMBER:140;2026-JANUARY:210;2026-FEBRUARY:210;2026-MARCH:170;2026-APRIL:170;2026-MAY:210;2026-JUNE:170;2026-JULY:170;2026-AUGUST:210,
home loan eligibility calculator,210,HIGH,81,2.71,9.64,8.98,2025-SEPTEMBER:260;2025-OCTOBER:260;2025-NOVEMBER:210;2025-DECEMBER:170;2026-JANUARY:210;2026-FEBRUARY:210;2026-MARCH:320;2026-APRIL:170;2026-MAY:210;2026-JUNE:140;2026-JULY:170;2026-AUGUST:170,
springwood postcode nsw,210,LOW,0,0.0,0.0,0.0,2025-SEPTEMBER:170;2025-OCTOBER:170;2025-NOVEMBER:210;2025-DECEMBER:320;2026-JANUARY:170;2026-FEBRUARY:170;2026-MARCH:170;2026-APRIL:210;2026-MAY:170;2026-JUNE:210;2026-JULY:170;2026-AUGUST:320,
mount waverley median house price,210,LOW,0,0.0,0.0,0.0,2025-SEPTEMBER:210;2025-OCTOBER:260;2025-NOVEMBER:210;2025-DECEMBER:170;2026-JANUARY:210;2026-FEBRUARY:140;2026-MARCH:210;2026-APRIL:210;2026-MAY:210;2026-JUNE:170;2026-JULY:140;2026-AUGUST:170,
what is the average real estate agent commission in victoria,210,MEDIUM,44,2.95,8.68,8.15,2025-SEPTEMBER:390;2025-OCTOBER:320;2025-NOVEMBER:210;2025-DECEMBER:170;2026-JANUARY:260;2026-FEBRUARY:170;2026-MARCH:170;2026-APRIL:140;2026-MAY:210;2026-JUNE:170;2026-JULY:140;2026-AUGUST:140,
what is the average real estate agent commission in nsw,210,MEDIUM,38,2.77,9.46,7.92,2025-SEPTEMBER:390;2025-OCTOBER:320;2025-NOVEMBER:260;2025-DECEMBER:170;2026-JANUARY:260;2026-FEBRUARY:260;2026-MARCH:210;2026-APRIL:170;2026-MAY:210;2026-JUNE:170;2026-JULY:140;2026-AUGUST:210,
camberwell median house price,210,LOW,3,1.58,5.86,3.98,2025-SEPTEMBER:260;2025-OCTOBER:320;2025-NOVEMBER:260;2025-DECEMBER:210;2026-JANUARY:210;2026-FEBRUARY:210;2026-MARCH:260;2026-APRIL:210;2026-MAY:260;2026-JUNE:170;2026-JULY:170;2026-AUGUST:170,median house price camberwell
calculate my borrowing power,210,HIGH,81,2.24,9.52,8.32,2025-SEPTEMBER:260;2025-OCTOBER:260;2025-NOVEMBER:260;2025-DECEMBER:210;2026-JANUARY:260;2026-FEBRUARY:320;2026-MARCH:260;2026-APRIL:210;2026-MAY:210;2026-JUNE:170;2026-JULY:170;2026-AUGUST:170,
2170 nsw,210,LOW,0,0.0,0.0,0.0,2025-SEPTEMBER:110;2025-OCTOBER:140;2025-NOVEMBER:140;2025-DECEMBER:320;2026-JANUARY:260;2026-FEBRUARY:260;2026-MARCH:210;2026-APRIL:140;2026-MAY:170;2026-JUNE:170;2026-JULY:140;2026-AUGUST:260,
how much can i borrow for a house,210,HIGH,79,1.99,8.44,8.22,2025-SEPTEMBER:260;2025-OCTOBER:260;2025-NOVEMBER:170;2025-DECEMBER:140;2026-JANUARY:210;2026-FEBRUARY:210;2026-MARCH:260;2026-APRIL:170;2026-MAY:210;2026-JUNE:110;2026-JULY:140;2026-AUGUST:170,
lane cove real estate agents,210,LOW,32,9.27,22.46,24.11,2025-SEPTEMBER:320;2025-OCTOBER:210;2025-NOVEMBER:110;2025-DECEMBER:210;2026-JANUARY:320;2026-FEBRUARY:140;2026-MARCH:390;2026-APRIL:210;2026-MAY:170;2026-JUNE:260;2026-JULY:110;2026-AUGUST:210,
median house price essendon,210,LOW,1,0.0,0.0,0.0,2025-SEPTEMBER:210;2025-OCTOBER:260;2025-NOVEMBER:210;2025-DECEMBER:170;2026-JANUARY:210;2026-FEBRUARY:170;2026-MARCH:210;2026-APRIL:170;2026-MAY:210;2026-JUNE:170;2026-JULY:170;2026-AUGUST:170,
how much mortgage can i get,210,HIGH,73,1.91,7.68,7.78,2025-SEPTEMBER:320;2025-OCTOBER:260;2025-NOVEMBER:210;2025-DECEMBER:210;2026-JANUARY:260;2026-FEBRUARY:260;2026-MARCH:260;2026-APRIL:210;2026-MAY:210;2026-JUNE:140;2026-JULY:170;2026-AUGUST:170,
investment property calculator australia,210,MEDIUM,61,1.64,5.92,5.52,2025-SEPTEMBER:320;2025-OCTOBER:260;2025-NOVEMBER:260;2025-DECEMBER:170;2026-JANUARY:320;2026-FEBRUARY:260;2026-MARCH:260;2026-APRIL:210;2026-MAY:210;2026-JUNE:110;2026-JULY:140;2026-AUGUST:110,
reno cost,210,LOW,30,2.18,7.51,7.27,2025-SEPTEMBER:320;2025-OCTOBER:320;2025-NOVEMBER:210;2025-DECEMBER:140;2026-JANUARY:210;2026-FEBRUARY:210;2026-MARCH:260;2026-APRIL:210;2026-MAY:260;2026-JUNE:170;2026-JULY:110;2026-AUGUST:140,
suburb pricing tool,210,LOW,2,0.89,7.6,0.03,2025-SEPTEMBER:210;2025-OCTOBER:210;2025-NOVEMBER:210;2025-DECEMBER:110;2026-JANUARY:210;2026-FEBRUARY:260;2026-MARCH:320;2026-APRIL:260;2026-MAY:260;2026-JUNE:210;2026-JULY:260;2026-AUGUST:210,
capital gain on sale of property,210,LOW,2,0.0,0.0,0.0,2025-SEPTEMBER:880;2025-OCTOBER:210;2025-NOVEMBER:170;2025-DECEMBER:140;2026-JANUARY:210;2026-FEBRUARY:210;2026-MARCH:170;2026-APRIL:170;2026-MAY:210;2026-JUNE:110;2026-JULY:140;2026-AUGUST:110,
payneham postcode sa,210,LOW,0,0.0,0.0,0.0,2025-SEPTEMBER:210;2025-OCTOBER:170;2025-NOVEMBER:210;2025-DECEMBER:260;2026-JANUARY:210;2026-FEBRUARY:170;2026-MARCH:210;2026-APRIL:170;2026-MAY:210;2026-JUNE:210;2026-JULY:260;2026-AUGUST:390,
remodeling cost,210,LOW,30,2.18,7.51,7.27,2025-SEPTEMBER:320;2025-OCTOBER:320;2025-NOVEMBER:210;2025-DECEMBER:140;2026-JANUARY:210;2026-FEBRUARY:210;2026-MARCH:260;2026-APRIL:210;2026-MAY:260;2026-JUNE:170;2026-JULY:110;2026-AUGUST:140,
cgt on sale of property,210,LOW,2,0.0,0.0,0.0,2025-SEPTEMBER:880;2025-OCTOBER:210;2025-NOVEMBER:170;2025-DECEMBER:140;2026-JANUARY:210;2026-FEBRUARY:210;2026-MARCH:170;2026-APRIL:170;2026-MAY:210;2026-JUNE:110;2026-JULY:140;2026-AUGUST:110,
cromer heights nsw,210,LOW,1,0.0,0.0,0.0,2025-SEPTEMBER:140;2025-OCTOBER:170;2025-NOVEMBER:170;2025-DECEMBER:170;2026-JANUARY:320;2026-FEBRUARY:140;2026-MARCH:210;2026-APRIL:210;2026-MAY:210;2026-JUNE:210;2026-JULY:210;2026-AUGUST:210,
kew median house price,210,LOW,0,0.0,0.0,0.0,2025-SEPTEMBER:210;2025-OCTOBER:260;2025-NOVEMBER:210;2025-DECEMBER:210;2026-JANUARY:260;2026-FEBRUARY:210;2026-MARCH:260;2026-APRIL:210;2026-MAY:210;2026-JUNE:210;2026-JULY:140;2026-AUGUST:140,median house price kew
real estate agent fees calculator,210,MEDIUM,43,2.11,8.04,7.44,2025-SEPTEMBER:320;2025-OCTOBER:170;2025-NOVEMBER:170;2025-DECEMBER:170;2026-JANUARY:260;2026-FEBRUARY:320;2026-MARCH:170;2026-APRIL:170;2026-MAY:210;2026-JUNE:210;2026-JULY:260;2026-AUGUST:210,real estate agents fees calculator
renovation cost,210,LOW,30,2.18,7.52,7.27,2025-SEPTEMBER:320;2025-OCTOBER:320;2025-NOVEMBER:210;2025-DECEMBER:140;2026-JANUARY:210;2026-FEBRUARY:210;2026-MARCH:260;2026-APRIL:210;2026-MAY:260;2026-JUNE:170;2026-JULY:110;2026-AUGUST:140,
vaucluse median house price,210,LOW,1,0.0,0.0,0.0,2025-SEPTEMBER:260;2025-OCTOBER:260;2025-NOVEMBER:260;2025-DECEMBER:210;2026-JANUARY:260;2026-FEBRUARY:170;2026-MARCH:210;2026-APRIL:170;2026-MAY:210;2026-JUNE:170;2026-JULY:170;2026-AUGUST:210,
2170 australia,210,LOW,0,0.0,0.0,0.0,2025-SEPTEMBER:170;2025-OCTOBER:260;2025-NOVEMBER:210;2025-DECEMBER:210;2026-JANUARY:210;2026-FEBRUARY:170;2026-MARCH:210;2026-APRIL:210;2026-MAY:320;2026-JUNE:170;2026-JULY:210;2026-AUGUST:260,
buying property australia,210,MEDIUM,45,0.44,7.25,1.84,2025-SEPTEMBER:390;2025-OCTOBER:320;2025-NOVEMBER:140;2025-DECEMBER:210;2026-JANUARY:210;2026-FEBRUARY:170;2026-MARCH:260;2026-APRIL:170;2026-MAY:170;2026-JUNE:140;2026-JULY:90;2026-AUGUST:70,buying a property in australia
capital gain tax on sale of property,210,LOW,2,0.0,0.0,0.0,2025-SEPTEMBER:880;2025-OCTOBER:210;2025-NOVEMBER:170;2025-DECEMBER:140;2026-JANUARY:210;2026-FEBRUARY:210;2026-MARCH:170;2026-APRIL:170;2026-MAY:210;2026-JUNE:110;2026-JULY:140;2026-AUGUST:110,capital gains tax on sale of property|capital gains tax on property sale
how much can i borrow for a home,210,HIGH,79,1.99,8.44,8.22,2025-SEPTEMBER:260;2025-OCTOBER:260;2025-NOVEMBER:170;2025-DECEMBER:140;2026-JANUARY:210;2026-FEBRUARY:210;2026-MARCH:260;2026-APRIL:170;2026-MAY:210;2026-JUNE:110;2026-JULY:140;2026-AUGUST:170,
how much does it cost to renovate a house,210,LOW,17,1.31,5.07,7.13,2025-SEPTEMBER:480;2025-OCTOBER:260;2025-NOVEMBER:210;2025-DECEMBER:140;2026-JANUARY:210;2026-FEBRUARY:210;2026-MARCH:210;2026-APRIL:170;2026-MAY:170;2026-JUNE:170;2026-JULY:170;2026-AUGUST:140,
real estate agents lane cove,210,LOW,32,9.28,22.47,24.12,2025-SEPTEMBER:320;2025-OCTOBER:210;2025-NOVEMBER:110;2025-DECEMBER:210;2026-JANUARY:320;2026-FEBRUARY:140;2026-MARCH:390;2026-APRIL:210;2026-MAY:170;2026-JUNE:260;2026-JULY:110;2026-AUGUST:210,real estate agent lane cove
how much will it cost to renovate a house,210,LOW,17,1.31,5.07,7.13,2025-SEPTEMBER:480;2025-OCTOBER:260;2025-NOVEMBER:210;2025-DECEMBER:140;2026-JANUARY:210;2026-FEBRUARY:210;2026-MARCH:210;2026-APRIL:170;2026-MAY:170;2026-JUNE:170;2026-JULY:170;2026-AUGUST:140,
echuca real estate agents,210,LOW,28,3.03,17.14,11.93,2025-SEPTEMBER:260;2025-OCTOBER:210;2025-NOVEMBER:140;2025-DECEMBER:110;2026-JANUARY:210;2026-FEBRUARY:170;2026-MARCH:260;2026-APRIL:170;2026-MAY:140;2026-JUNE:140;2026-JULY:170;2026-AUGUST:210,
morayfield qld map,210,LOW,1,0.0,0.0,0.0,2025-SEPTEMBER:170;2025-OCTOBER:210;2025-NOVEMBER:260;2025-DECEMBER:170;2026-JANUARY:210;2026-FEBRUARY:210;2026-MARCH:210;2026-APRIL:170;2026-MAY:170;2026-JUNE:210;2026-JULY:210;2026-AUGUST:210,
nab borrowing capacity,210,MEDIUM,37,2.22,7.12,4.88,2025-SEPTEMBER:260;2025-OCTOBER:320;2025-NOVEMBER:210;2025-DECEMBER:170;2026-JANUARY:260;2026-FEBRUARY:210;2026-MARCH:170;2026-APRIL:170;2026-MAY:260;2026-JUNE:210;2026-JULY:210;2026-AUGUST:170,
sale of property capital gains tax,210,LOW,2,0.0,0.0,0.0,2025-SEPTEMBER:880;2025-OCTOBER:210;2025-NOVEMBER:170;2025-DECEMBER:140;2026-JANUARY:210;2026-FEBRUARY:210;2026-MARCH:170;2026-APRIL:170;2026-MAY:210;2026-JUNE:110;2026-JULY:140;2026-AUGUST:110,capital gains tax for property sale
what mortgage can i afford,210,HIGH,73,1.38,7.0,6.37,2025-SEPTEMBER:260;2025-OCTOBER:260;2025-NOVEMBER:210;2025-DECEMBER:170;2026-JANUARY:260;2026-FEBRUARY:210;2026-MARCH:210;2026-APRIL:170;2026-MAY:210;2026-JUNE:170;2026-JULY:170;2026-AUGUST:170,
average listing agent commission,210,MEDIUM,48,2.57,13.09,12.44,2025-SEPTEMBER:590;2025-OCTOBER:170;2025-NOVEMBER:210;2025-DECEMBER:140;2026-JANUARY:320;2026-FEBRUARY:210;2026-MARCH:170;2026-APRIL:210;2026-MAY:210;2026-JUNE:170;2026-JULY:110;2026-AUGUST:90,
buy property in australia,210,MEDIUM,45,0.44,7.25,1.84,2025-SEPTEMBER:390;2025-OCTOBER:320;2025-NOVEMBER:140;2025-DECEMBER:210;2026-JANUARY:210;2026-FEBRUARY:170;2026-MARCH:260;2026-APRIL:170;2026-MAY:170;2026-JUNE:140;2026-JULY:90;2026-AUGUST:70,
calculate yield on property,210,LOW,17,1.85,10.36,6.58,2025-SEPTEMBER:260;2025-OCTOBER:260;2025-NOVEMBER:260;2025-DECEMBER:170;2026-JANUARY:260;2026-FEBRUARY:260;2026-MARCH:320;2026-APRIL:260;2026-MAY:320;2026-JUNE:210;2026-JULY:140;2026-AUGUST:170,
cost of renovation,210,LOW,30,2.18,7.52,7.27,2025-SEPTEMBER:320;2025-OCTOBER:320;2025-NOVEMBER:210;2025-DECEMBER:140;2026-JANUARY:210;2026-FEBRUARY:210;2026-MARCH:260;2026-APRIL:210;2026-MAY:260;2026-JUNE:170;2026-JULY:110;2026-AUGUST:140,
estimate realtor fees,210,MEDIUM,43,2.11,8.04,7.44,2025-SEPTEMBER:320;2025-OCTOBER:170;2025-NOVEMBER:170;2025-DECEMBER:170;2026-JANUARY:260;2026-FEBRUARY:320;2026-MARCH:170;2026-APRIL:170;2026-MAY:210;2026-JUNE:210;2026-JULY:260;2026-AUGUST:210,
highgate wa 6003,210,LOW,2,0.0,0.0,0.0,2025-SEPTEMBER:480;2025-OCTOBER:210;2025-NOVEMBER:210;2025-DECEMBER:140;2026-JANUARY:210;2026-FEBRUARY:170;2026-MARCH:210;2026-APRIL:170;2026-MAY:170;2026-JUNE:210;2026-JULY:170;2026-AUGUST:170,
pricing a renovation,210,LOW,30,2.18,7.52,7.27,2025-SEPTEMBER:320;2025-OCTOBER:320;2025-NOVEMBER:210;2025-DECEMBER:140;2026-JANUARY:210;2026-FEBRUARY:210;2026-MARCH:260;2026-APRIL:210;2026-MAY:260;2026-JUNE:170;2026-JULY:110;2026-AUGUST:140,
purchasing property in australia,210,MEDIUM,45,0.44,7.25,1.84,2025-SEPTEMBER:390;2025-OCTOBER:320;2025-NOVEMBER:140;2025-DECEMBER:210;2026-JANUARY:210;2026-FEBRUARY:170;2026-MARCH:260;2026-APRIL:170;2026-MAY:170;2026-JUNE:140;2026-JULY:90;2026-AUGUST:70,
real estate agents echuca,210,LOW,28,3.03,17.14,11.93,2025-SEPTEMBER:260;2025-OCTOBER:210;2025-NOVEMBER:140;2025-DECEMBER:110;2026-JANUARY:210;2026-FEBRUARY:170;2026-MARCH:260;2026-APRIL:170;2026-MAY:140;2026-JUNE:140;2026-JULY:170;2026-AUGUST:210,
rental managers kirwan,210,LOW,26,4.43,15.09,13.58,2025-SEPTEMBER:260;2025-OCTOBER:260;2025-NOVEMBER:260;2025-DECEMBER:170;2026-JANUARY:260;2026-FEBRUARY:210;2026-MARCH:260;2026-APRIL:170;2026-MAY:110;2026-JUNE:110;2026-JULY:170;2026-AUGUST:140,
rockingham dc,210,LOW,0,0.0,0.0,0.0,2025-SEPTEMBER:260;2025-OCTOBER:210;2025-NOVEMBER:320;2025-DECEMBER:590;2026-JANUARY:210;2026-FEBRUARY:210;2026-MARCH:210;2026-APRIL:210;2026-MAY:210;2026-JUNE:90;2026-JULY:50;2026-AUGUST:50,
what home loan can i afford,210,HIGH,73,1.38,7.0,6.37,2025-SEPTEMBER:260;2025-OCTOBER:260;2025-NOVEMBER:210;2025-DECEMBER:170;2026-JANUARY:260;2026-FEBRUARY:210;2026-MARCH:210;2026-APRIL:170;2026-MAY:210;2026-JUNE:170;2026-JULY:170;2026-AUGUST:170,
your mortgage calculator,210,LOW,12,0.61,7.15,3.33,2025-SEPTEMBER:390;2025-OCTOBER:260;2025-NOVEMBER:260;2025-DECEMBER:170;2026-JANUARY:260;2026-FEBRUARY:210;2026-MARCH:260;2026-APRIL:170;2026-MAY:170;2026-JUNE:90;2026-JULY:140;2026-AUGUST:110,
2170 sydney,210,LOW,0,0.0,0.0,0.0,2025-SEPTEMBER:110;2025-OCTOBER:140;2025-NOVEMBER:140;2025-DECEMBER:320;2026-JANUARY:260;2026-FEBRUARY:260;2026-MARCH:210;2026-APRIL:140;2026-MAY:170;2026-JUNE:170;2026-JULY:140;2026-AUGUST:260,
batemans bay real estate agents,210,MEDIUM,47,1.85,11.19,8.79,2025-SEPTEMBER:260;2025-OCTOBER:260;2025-NOVEMBER:210;2025-DECEMBER:140;2026-JANUARY:260;2026-FEBRUARY:260;2026-MARCH:390;2026-APRIL:210;2026-MAY:170;2026-JUNE:170;2026-JULY:210;2026-AUGUST:140,
borrowing capacity nab,210,MEDIUM,37,2.22,7.12,4.88,2025-SEPTEMBER:260;2025-OCTOBER:320;2025-NOVEMBER:210;2025-DECEMBER:170;2026-JANUARY:260;2026-FEBRUARY:210;2026-MARCH:170;2026-APRIL:170;2026-MAY:260;2026-JUNE:210;2026-JULY:210;2026-AUGUST:170,
calculate affordability,210,MEDIUM,42,0.86,5.89,5.0,2025-SEPTEMBER:210;2025-OCTOBER:210;2025-NOVEMBER:210;2025-DECEMBER:170;2026-JANUARY:210;2026-FEBRUARY:210;2026-MARCH:210;2026-APRIL:210;2026-MAY:210;2026-JUNE:140;2026-JULY:140;2026-AUGUST:210,
calculate mortgage,210,HIGH,75,0.74,4.89,4.14,2025-SEPTEMBER:260;2025-OCTOBER:260;2025-NOVEMBER:170;2025-DECEMBER:140;2026-JANUARY:210;2026-FEBRUARY:210;2026-MARCH:260;2026-APRIL:210;2026-MAY:210;2026-JUNE:140;2026-JULY:140;2026-AUGUST:140,
camberwell victoria 3124,210,LOW,1,0.0,0.0,0.0,2025-SEPTEMBER:140;2025-OCTOBER:140;2025-NOVEMBER:140;2025-DECEMBER:110;2026-JANUARY:210;2026-FEBRUARY:210;2026-MARCH:210;2026-APRIL:210;2026-MAY:260;2026-JUNE:260;2026-JULY:260;2026-AUGUST:210,
carlisle postcode wa,210,LOW,0,0.0,0.0,0.0,2025-SEPTEMBER:170;2025-OCTOBER:170;2025-NOVEMBER:210;2025-DECEMBER:210;2026-JANUARY:140;2026-FEBRUARY:210;2026-MARCH:170;2026-APRIL:170;2026-MAY:170;2026-JUNE:170;2026-JULY:170;2026-AUGUST:320,
carmoo,210,LOW,0,0.0,0.0,0.0,2025-SEPTEMBER:260;2025-OCTOBER:260;2025-NOVEMBER:260;2025-DECEMBER:210;2026-JANUARY:210;2026-FEBRUARY:170;2026-MARCH:210;2026-APRIL:260;2026-MAY:260;2026-JUNE:210;2026-JULY:260;2026-AUGUST:210,
cromer heights,210,LOW,1,0.0,0.0,0.0,2025-SEPTEMBER:140;2025-OCTOBER:170;2025-NOVEMBER:170;2025-DECEMBER:170;2026-JANUARY:320;2026-FEBRUARY:140;2026-MARCH:210;2026-APRIL:210;2026-MAY:210;2026-JUNE:210;2026-JULY:210;2026-AUGUST:210,
first home buyer australia,210,MEDIUM,59,2.65,7.74,8.2,2025-SEPTEMBER:260;2025-OCTOBER:260;2025-NOVEMBER:170;2025-DECEMBER:140;2026-JANUARY:260;2026-FEBRUARY:170;2026-MARCH:320;2026-APRIL:260;2026-MAY:260;2026-JUNE:170;2026-JULY:140;2026-AUGUST:140,
first home buyer borrowing calculator,210,HIGH,76,2.19,8.86,8.67,2025-SEPTEMBER:90;2025-OCTOBER:210;2025-NOVEMBER:170;2025-DECEMBER:110;2026-JANUARY:170;2026-FEBRUARY:210;2026-MARCH:320;2026-APRIL:210;2026-MAY:480;2026-JUNE:320;2026-JULY:210;2026-AUGUST:210,
herdsman wa,210,LOW,0,0.0,0.0,0.0,2025-SEPTEMBER:210;2025-OCTOBER:210;2025-NOVEMBER:260;2025-DECEMBER:210;2026-JANUARY:210;2026-FEBRUARY:260;2026-MARCH:260;2026-APRIL:170;2026-MAY:210;2026-JUNE:170;2026-JULY:260;2026-AUGUST:210,
housing loan eligibility calculator,210,HIGH,81,2.7,9.61,8.95,2025-SEPTEMBER:260;2025-OCTOBER:260;2025-NOVEMBER:210;2025-DECEMBER:170;2026-JANUARY:210;2026-FEBRUARY:210;2026-MARCH:320;2026-APRIL:170;2026-MAY:210;2026-JUNE:140;2026-JULY:170;2026-AUGUST:170,
how much does renovating a house cost,210,LOW,17,1.31,5.05,7.1,2025-SEPTEMBER:480;2025-OCTOBER:260;2025-NOVEMBER:210;2025-DECEMBER:140;2026-JANUARY:210;2026-FEBRUARY:210;2026-MARCH:210;2026-APRIL:170;2026-MAY:170;2026-JUNE:170;2026-JULY:170;2026-AUGUST:140,
ing rental yield calculator,210,LOW,0,0.0,0.0,0.0,2025-SEPTEMBER:210;2025-OCTOBER:170;2025-NOVEMBER:110;2025-DECEMBER:50;2026-JANUARY:90;2026-FEBRUARY:90;2026-MARCH:90;2026-APRIL:70;2026-MAY:110;2026-JUNE:110;2026-JULY:880;2026-AUGUST:590,
north stradbroke island population,210,LOW,0,0.0,0.0,0.0,2025-SEPTEMBER:260;2025-OCTOBER:260;2025-NOVEMBER:210;2025-DECEMBER:260;2026-JANUARY:260;2026-FEBRUARY:260;2026-MARCH:210;2026-APRIL:210;2026-MAY:170;2026-JUNE:210;2026-JULY:210;2026-AUGUST:210,
riverside education support centre,210,LOW,1,0.0,0.0,0.0,2025-SEPTEMBER:210;2025-OCTOBER:210;2025-NOVEMBER:210;2025-DECEMBER:110;2026-JANUARY:140;2026-FEBRUARY:260;2026-MARCH:210;2026-APRIL:140;2026-MAY:260;2026-JUNE:260;2026-JULY:140;2026-AUGUST:260,
south yarra real estate agents,210,MEDIUM,37,4.86,41.75,31.03,2025-SEPTEMBER:260;2025-OCTOBER:260;2025-NOVEMBER:170;2025-DECEMBER:110;2026-JANUARY:210;2026-FEBRUARY:210;2026-MARCH:320;2026-APRIL:210;2026-MAY:140;2026-JUNE:140;2026-JULY:170;2026-AUGUST:210,
strathfield median house price,210,LOW,1,0.0,0.0,0.0,2025-SEPTEMBER:260;2025-OCTOBER:320;2025-NOVEMBER:260;2025-DECEMBER:170;2026-JANUARY:170;2026-FEBRUARY:210;2026-MARCH:210;2026-APRIL:210;2026-MAY:210;2026-JUNE:170;2026-JULY:170;2026-AUGUST:170,
west creek,210,LOW,1,0.0,0.0,0.0,2025-SEPTEMBER:260;2025-OCTOBER:140;2025-NOVEMBER:170;2025-DECEMBER:170;2026-JANUARY:260;2026-FEBRUARY:170;2026-MARCH:210;2026-APRIL:210;2026-MAY:170;2026-JUNE:170;2026-JULY:170;2026-AUGUST:210,
what price house can i afford,210,HIGH,73,1.37,6.97,6.34,2025-SEPTEMBER:260;2025-OCTOBER:260;2025-NOVEMBER:210;2025-DECEMBER:170;2026-JANUARY:260;2026-FEBRUARY:210;2026-MARCH:210;2026-APRIL:170;2026-MAY:210;2026-JUNE:170;2026-JULY:170;2026-AUGUST:170,
wilby vic,210,LOW,0,0.0,0.0,0.0,2025-SEPTEMBER:210;2025-OCTOBER:170;2025-NOVEMBER:140;2025-DECEMBER:140;2026-JANUARY:210;2026-FEBRUARY:260;2026-MARCH:390;2026-APRIL:320;2026-MAY:140;2026-JUNE:170;2026-JULY:140;2026-AUGUST:110,
average commission for a real estate agent,210,MEDIUM,48,2.56,13.03,12.38,2025-SEPTEMBER:590;2025-OCTOBER:170;2025-NOVEMBER:210;2025-DECEMBER:140;2026-JANUARY:320;2026-FEBRUARY:210;2026-MARCH:170;2026-APRIL:210;2026-MAY:210;2026-JUNE:170;2026-JULY:110;2026-AUGUST:90,
average real estate broker commission,210,MEDIUM,48,2.56,13.03,12.38,2025-SEPTEMBER:590;2025-OCTOBER:170;2025-NOVEMBER:210;2025-DECEMBER:140;2026-JANUARY:320;2026-FEBRUARY:210;2026-MARCH:170;2026-APRIL:210;2026-MAY:210;2026-JUNE:170;2026-JULY:110;2026-AUGUST:90,
banksia suburb,210,LOW,0,0.0,0.0,0.0,2025-SEPTEMBER:210;2025-OCTOBER:170;2025-NOVEMBER:170;2025-DECEMBER:140;2026-JANUARY:170;2026-FEBRUARY:170;2026-MARCH:260;2026-APRIL:210;2026-MAY:260;2026-JUNE:210;2026-JULY:210;2026-AUGUST:170,
brisbane 4006,210,LOW,0,0.0,0.0,0.0,2025-SEPTEMBER:260;2025-OCTOBER:260;2025-NOVEMBER:320;2025-DECEMBER:140;2026-JANUARY:210;2026-FEBRUARY:170;2026-MARCH:210;2026-APRIL:170;2026-MAY:170;2026-JUNE:170;2026-JULY:170;2026-AUGUST:210,
burwood median house price,210,LOW,0,0.0,0.0,0.0,2025-SEPTEMBER:210;2025-OCTOBER:210;2025-NOVEMBER:260;2025-DECEMBER:210;2026-JANUARY:170;2026-FEBRUARY:210;2026-MARCH:210;2026-APRIL:170;2026-MAY:210;2026-JUNE:170;2026-JULY:170;2026-AUGUST:140,
carapooee west,210,LOW,0,0.0,0.0,0.0,2025-SEPTEMBER:320;2025-OCTOBER:480;2025-NOVEMBER:880;2025-DECEMBER:110;2026-JANUARY:90;2026-FEBRUARY:50;2026-MARCH:140;2026-APRIL:90;2026-MAY:110;2026-JUNE:90;2026-JULY:90;2026-AUGUST:90,
compare real estate agents,170,MEDIUM,64,12.77,131.2,121.22,2025-SEPTEMBER:140;2025-OCTOBER:170;2025-NOVEMBER:140;2025-DECEMBER:110;2026-JANUARY:170;2026-FEBRUARY:140;2026-MARCH:320;2026-APRIL:170;2026-MAY:110;2026-JUNE:140;2026-JULY:170;2026-AUGUST:140,
how to sell a house,170,MEDIUM,64,2.93,21.43,14.96,2025-SEPTEMBER:210;2025-OCTOBER:260;2025-NOVEMBER:140;2025-DECEMBER:140;2026-JANUARY:170;2026-FEBRUARY:170;2026-MARCH:320;2026-APRIL:210;2026-MAY:210;2026-JUNE:140;2026-JULY:90;2026-AUGUST:90,how to sell house
property guide,170,LOW,21,1.14,6.62,1.38,2025-SEPTEMBER:170;2025-OCTOBER:140;2025-NOVEMBER:140;2025-DECEMBER:110;2026-JANUARY:210;2026-FEBRUARY:170;2026-MARCH:210;2026-APRIL:170;2026-MAY:170;2026-JUNE:110;2026-JULY:110;2026-AUGUST:170,
rental yield calculator australia,170,LOW,18,2.04,10.15,18.62,2025-SEPTEMBER:170;2025-OCTOBER:260;2025-NOVEMBER:260;2025-DECEMBER:170;2026-JANUARY:260;2026-FEBRUARY:170;2026-MARCH:170;2026-APRIL:140;2026-MAY:110;2026-JUNE:90;2026-JULY:40;2026-AUGUST:70,calculate rental yield australia
how to sell my house,170,HIGH,68,4.54,29.92,34.21,2025-SEPTEMBER:320;2025-OCTOBER:260;2025-NOVEMBER:140;2025-DECEMBER:110;2026-JANUARY:210;2026-FEBRUARY:210;2026-MARCH:390;2026-APRIL:170;2026-MAY:140;2026-JUNE:110;2026-JULY:70;2026-AUGUST:90,
what do real estate agents charge,170,MEDIUM,56,1.97,9.01,9.55,2025-SEPTEMBER:210;2025-OCTOBER:210;2025-NOVEMBER:170;2025-DECEMBER:110;2026-JANUARY:210;2026-FEBRUARY:170;2026-MARCH:210;2026-APRIL:140;2026-MAY:170;2026-JUNE:140;2026-JULY:90;2026-AUGUST:140,
rental property calculator,170,LOW,18,1.99,5.06,5.38,2025-SEPTEMBER:140;2025-OCTOBER:140;2025-NOVEMBER:140;2025-DECEMBER:90;2026-JANUARY:210;2026-FEBRUARY:140;2026-MARCH:170;2026-APRIL:170;2026-MAY:260;2026-JUNE:260;2026-JULY:140;2026-AUGUST:110,
wa property market,170,LOW,6,1.21,7.64,5.3,2025-SEPTEMBER:480;2025-OCTOBER:110;2025-NOVEMBER:110;2025-DECEMBER:70;2026-JANUARY:110;2026-FEBRUARY:70;2026-MARCH:110;2026-APRIL:110;2026-MAY:210;2026-JUNE:170;2026-JULY:140;2026-AUGUST:170,
northgate postcode qld,170,LOW,0,0.0,0.0,0.0,2025-SEPTEMBER:140;2025-OCTOBER:140;2025-NOVEMBER:170;2025-DECEMBER:140;2026-JANUARY:110;2026-FEBRUARY:110;2026-MARCH:170;2026-APRIL:140;2026-MAY:170;2026-JUNE:170;2026-JULY:170;2026-AUGUST:260,
how much do real estate agents charge to sell a house,170,MEDIUM,64,3.31,18.31,12.57,2025-SEPTEMBER:480;2025-OCTOBER:170;2025-NOVEMBER:110;2025-DECEMBER:70;2026-JANUARY:140;2026-FEBRUARY:140;2026-MARCH:140;2026-APRIL:110;2026-MAY:170;2026-JUNE:140;2026-JULY:170;2026-AUGUST:170,
how to sell your house,170,HIGH,68,4.54,29.92,34.21,2025-SEPTEMBER:320;2025-OCTOBER:260;2025-NOVEMBER:140;2025-DECEMBER:110;2026-JANUARY:210;2026-FEBRUARY:210;2026-MARCH:390;2026-APRIL:170;2026-MAY:140;2026-JUNE:110;2026-JULY:70;2026-AUGUST:90,
how much is real estate agent commission,170,MEDIUM,55,2.79,10.28,9.52,2025-SEPTEMBER:720;2025-OCTOBER:140;2025-NOVEMBER:110;2025-DECEMBER:90;2026-JANUARY:170;2026-FEBRUARY:170;2026-MARCH:170;2026-APRIL:140;2026-MAY:110;2026-JUNE:140;2026-JULY:110;2026-AUGUST:140,
capital gains tax changes 2026,170,LOW,7,0.02,0.24,0.04,2025-SEPTEMBER:0;2025-OCTOBER:10;2025-NOVEMBER:10;2025-DECEMBER:10;2026-JANUARY:40;2026-FEBRUARY:260;2026-MARCH:140;2026-APRIL:390;2026-MAY:880;2026-JUNE:260;2026-JULY:140;2026-AUGUST:110,
loan eligibility calculator,170,HIGH,84,2.18,9.18,8.81,2025-SEPTEMBER:260;2025-OCTOBER:210;2025-NOVEMBER:210;2025-DECEMBER:140;2026-JANUARY:210;2026-FEBRUARY:170;2026-MARCH:210;2026-APRIL:140;2026-MAY:170;2026-JUNE:140;2026-JULY:140;2026-AUGUST:170,
low commission real estate,170,MEDIUM,49,2.43,25.73,17.99,2025-SEPTEMBER:260;2025-OCTOBER:110;2025-NOVEMBER:170;2025-DECEMBER:90;2026-JANUARY:170;2026-FEBRUARY:170;2026-MARCH:170;2026-APRIL:170;2026-MAY:140;2026-JUNE:170;2026-JULY:140;2026-AUGUST:140,
how to work out yield on property,170,LOW,15,1.09,18.16,2.76,2025-SEPTEMBER:590;2025-OCTOBER:210;2025-NOVEMBER:140;2025-DECEMBER:110;2026-JANUARY:90;2026-FEBRUARY:140;2026-MARCH:170;2026-APRIL:140;2026-MAY:170;2026-JUNE:110;2026-JULY:90;2026-AUGUST:90,
median house price bayswater,170,LOW,1,0.0,0.0,0.0,2025-SEPTEMBER:170;2025-OCTOBER:260;2025-NOVEMBER:170;2025-DECEMBER:140;2026-JANUARY:170;2026-FEBRUARY:170;2026-MARCH:210;2026-APRIL:140;2026-MAY:140;2026-JUNE:110;2026-JULY:110;2026-AUGUST:110,
real estate commission fees,170,MEDIUM,51,2.48,12.46,9.72,2025-SEPTEMBER:390;2025-OCTOBER:210;2025-NOVEMBER:140;2025-DECEMBER:110;2026-JANUARY:210;2026-FEBRUARY:210;2026-MARCH:260;2026-APRIL:140;2026-MAY:210;2026-JUNE:110;2026-JULY:90;2026-AUGUST:140,
capital gains on selling property,170,LOW,3,0.0,0.0,0.0,2025-SEPTEMBER:720;2025-OCTOBER:170;2025-NOVEMBER:110;2025-DECEMBER:70;2026-JANUARY:140;2026-FEBRUARY:140;2026-MARCH:140;2026-APRIL:110;2026-MAY:140;2026-JUNE:90;2026-JULY:90;2026-AUGUST:70,
capital gains on residential property,170,LOW,1,0.0,0.0,0.12,2025-SEPTEMBER:720;2025-OCTOBER:140;2025-NOVEMBER:110;2025-DECEMBER:90;2026-JANUARY:110;2026-FEBRUARY:170;2026-MARCH:110;2026-APRIL:90;2026-MAY:260;2026-JUNE:90;2026-JULY:70;2026-AUGUST:70,residential property capital gains
first time buyer mortgage,170,MEDIUM,59,4.36,22.41,37.8,2025-SEPTEMBER:390;2025-OCTOBER:170;2025-NOVEMBER:70;2025-DECEMBER:110;2026-JANUARY:140;2026-FEBRUARY:170;2026-MARCH:320;2026-APRIL:170;2026-MAY:170;2026-JUNE:90;2026-JULY:70;2026-AUGUST:30,
investment property tax calculator,170,LOW,4,0.0,0.0,0.0,2025-SEPTEMBER:390;2025-OCTOBER:210;2025-NOVEMBER:140;2025-DECEMBER:110;2026-JANUARY:210;2026-FEBRUARY:170;2026-MARCH:210;2026-APRIL:170;2026-MAY:170;2026-JUNE:90;2026-JULY:110;2026-AUGUST:50,
morayfield brisbane,170,LOW,1,0.0,0.0,0.0,2025-SEPTEMBER:140;2025-OCTOBER:170;2025-NOVEMBER:170;2025-DECEMBER:170;2026-JANUARY:170;2026-FEBRUARY:140;2026-MARCH:210;2026-APRIL:210;2026-MAY:170;2026-JUNE:170;2026-JULY:170;2026-AUGUST:210,
propertyguide,170,LOW,21,1.14,6.63,1.38,2025-SEPTEMBER:170;2025-OCTOBER:140;2025-NOVEMBER:140;2025-DECEMBER:110;2026-JANUARY:210;2026-FEBRUARY:170;2026-MARCH:210;2026-APRIL:170;2026-MAY:170;2026-JUNE:110;2026-JULY:110;2026-AUGUST:170,
cgt selling property,170,LOW,3,0.0,0.0,0.0,2025-SEPTEMBER:720;2025-OCTOBER:170;2025-NOVEMBER:110;2025-DECEMBER:70;2026-JANUARY:140;2026-FEBRUARY:140;2026-MARCH:140;2026-APRIL:110;2026-MAY:140;2026-JUNE:90;2026-JULY:90;2026-AUGUST:70,
nab how much can i borrow,170,MEDIUM,52,2.72,25.22,4.49,2025-SEPTEMBER:210;2025-OCTOBER:210;2025-NOVEMBER:260;2025-DECEMBER:170;2026-JANUARY:260;2026-FEBRUARY:210;2026-MARCH:170;2026-APRIL:170;2026-MAY:140;2026-JUNE:110;2026-JULY:110;2026-AUGUST:110,
western australia property market,170,LOW,6,1.21,7.65,5.31,2025-SEPTEMBER:480;2025-OCTOBER:110;2025-NOVEMBER:110;2025-DECEMBER:70;2026-JANUARY:110;2026-FEBRUARY:70;2026-MARCH:110;2026-APRIL:110;2026-MAY:210;2026-JUNE:170;2026-JULY:140;2026-AUGUST:170,
stamp duty in queensland on investment property,170,LOW,27,0.1,0.98,1.02,2025-SEPTEMBER:590;2025-OCTOBER:210;2025-NOVEMBER:170;2025-DECEMBER:140;2026-JANUARY:140;2026-FEBRUARY:170;2026-MARCH:210;2026-APRIL:140;2026-MAY:140;2026-JUNE:90;2026-JULY:90;2026-AUGUST:70,
capital gains tax for residential property,170,LOW,1,0.0,0.0,0.12,2025-SEPTEMBER:720;2025-OCTOBER:140;2025-NOVEMBER:110;2025-DECEMBER:90;2026-JANUARY:110;2026-FEBRUARY:170;2026-MARCH:110;2026-APRIL:90;2026-MAY:260;2026-JUNE:90;2026-JULY:70;2026-AUGUST:70,capital gain tax for residential property
capital gains tax on residential property,170,LOW,1,0.0,0.0,0.12,2025-SEPTEMBER:720;2025-OCTOBER:140;2025-NOVEMBER:110;2025-DECEMBER:90;2026-JANUARY:110;2026-FEBRUARY:170;2026-MARCH:110;2026-APRIL:90;2026-MAY:260;2026-JUNE:90;2026-JULY:70;2026-AUGUST:70,
capital gains tax selling property,170,LOW,3,0.0,0.0,0.0,2025-SEPTEMBER:720;2025-OCTOBER:170;2025-NOVEMBER:110;2025-DECEMBER:70;2026-JANUARY:140;2026-FEBRUARY:140;2026-MARCH:140;2026-APRIL:110;2026-MAY:140;2026-JUNE:90;2026-JULY:90;2026-AUGUST:70,
cgt on residential property,170,LOW,1,0.0,0.0,0.12,2025-SEPTEMBER:720;2025-OCTOBER:140;2025-NOVEMBER:110;2025-DECEMBER:90;2026-JANUARY:110;2026-FEBRUARY:170;2026-MARCH:110;2026-APRIL:90;2026-MAY:260;2026-JUNE:90;2026-JULY:70;2026-AUGUST:70,
nsw 2137,170,LOW,0,0.0,0.0,0.0,2025-SEPTEMBER:140;2025-OCTOBER:170;2025-NOVEMBER:110;2025-DECEMBER:110;2026-JANUARY:110;2026-FEBRUARY:170;2026-MARCH:170;2026-APRIL:170;2026-MAY:210;2026-JUNE:210;2026-JULY:210;2026-AUGUST:210,
what is a capital gain tax on property,170,LOW,7,0.02,0.11,0.13,2025-SEPTEMBER:480;2025-OCTOBER:170;2025-NOVEMBER:110;2025-DECEMBER:90;2026-JANUARY:90;2026-FEBRUARY:210;2026-MARCH:110;2026-APRIL:110;2026-MAY:260;2026-JUNE:140;2026-JULY:70;2026-AUGUST:50,
what is capital gains tax on property,170,LOW,7,0.02,0.11,0.13,2025-SEPTEMBER:480;2025-OCTOBER:170;2025-NOVEMBER:110;2025-DECEMBER:90;2026-JANUARY:90;2026-FEBRUARY:210;2026-MARCH:110;2026-APRIL:110;2026-MAY:260;2026-JUNE:140;2026-JULY:70;2026-AUGUST:50,
what is cgt on property,170,LOW,7,0.02,0.11,0.13,2025-SEPTEMBER:480;2025-OCTOBER:170;2025-NOVEMBER:110;2025-DECEMBER:90;2026-JANUARY:90;2026-FEBRUARY:210;2026-MARCH:110;2026-APRIL:110;2026-MAY:260;2026-JUNE:140;2026-JULY:70;2026-AUGUST:50,
ato negative gearing,170,LOW,1,0.0,0.0,0.04,2025-SEPTEMBER:110;2025-OCTOBER:110;2025-NOVEMBER:90;2025-DECEMBER:50;2026-JANUARY:70;2026-FEBRUARY:90;2026-MARCH:70;2026-APRIL:90;2026-MAY:590;2026-JUNE:170;2026-JULY:210;2026-AUGUST:170,
balwyn median house price,170,LOW,4,1.91,2.55,3.67,2025-SEPTEMBER:170;2025-OCTOBER:170;2025-NOVEMBER:210;2025-DECEMBER:170;2026-JANUARY:210;2026-FEBRUARY:210;2026-MARCH:210;2026-APRIL:140;2026-MAY:170;2026-JUNE:170;2026-JULY:110;2026-AUGUST:140,
brisbane postcode 4000,170,LOW,0,0.0,0.0,0.0,2025-SEPTEMBER:210;2025-OCTOBER:210;2025-NOVEMBER:210;2025-DECEMBER:140;2026-JANUARY:90;2026-FEBRUARY:140;2026-MARCH:140;2026-APRIL:140;2026-MAY:170;2026-JUNE:170;2026-JULY:170;2026-AUGUST:210,
grafton real estate agents,170,MEDIUM,35,1.94,11.98,10.12,2025-SEPTEMBER:210;2025-OCTOBER:210;2025-NOVEMBER:170;2025-DECEMBER:140;2026-JANUARY:210;2026-FEBRUARY:140;2026-MARCH:260;2026-APRIL:210;2026-MAY:140;2026-JUNE:140;2026-JULY:210;2026-AUGUST:170,
how much is realtor commission,170,MEDIUM,55,2.79,10.3,9.53,2025-SEPTEMBER:720;2025-OCTOBER:140;2025-NOVEMBER:110;2025-DECEMBER:90;2026-JANUARY:170;2026-FEBRUARY:170;2026-MARCH:170;2026-APRIL:140;2026-MAY:110;2026-JUNE:140;2026-JULY:110;2026-AUGUST:140,
median house price berwick,170,LOW,1,0.0,0.0,2.79,2025-SEPTEMBER:210;2025-OCTOBER:260;2025-NOVEMBER:170;2025-DECEMBER:110;2026-JANUARY:170;2026-FEBRUARY:170;2026-MARCH:210;2026-APRIL:170;2026-MAY:140;2026-JUNE:170;2026-JULY:140;2026-AUGUST:170,berwick median house price
nelson bay population,170,LOW,0,0.0,0.0,0.0,2025-SEPTEMBER:170;2025-OCTOBER:210;2025-NOVEMBER:170;2025-DECEMBER:210;2026-JANUARY:260;2026-FEBRUARY:140;2026-MARCH:170;2026-APRIL:170;2026-MAY:170;2026-JUNE:170;2026-JULY:170;2026-AUGUST:170,
what are the repayments on a 600k mortgage,170,MEDIUM,61,0.7,3.58,4.48,2025-SEPTEMBER:210;2025-OCTOBER:260;2025-NOVEMBER:210;2025-DECEMBER:140;2026-JANUARY:210;2026-FEBRUARY:210;2026-MARCH:210;2026-APRIL:170;2026-MAY:170;2026-JUNE:140;2026-JULY:110;2026-AUGUST:140,
baulkham hills median house price,170,LOW,1,0.0,0.0,0.0,2025-SEPTEMBER:210;2025-OCTOBER:210;2025-NOVEMBER:170;2025-DECEMBER:170;2026-JANUARY:170;2026-FEBRUARY:170;2026-MARCH:210;2026-APRIL:170;2026-MAY:170;2026-JUNE:110;2026-JULY:90;2026-AUGUST:110,
home affordability calculator,170,MEDIUM,48,0.75,4.46,3.64,2025-SEPTEMBER:90;2025-OCTOBER:210;2025-NOVEMBER:170;2025-DECEMBER:90;2026-JANUARY:140;2026-FEBRUARY:210;2026-MARCH:140;2026-APRIL:210;2026-MAY:390;2026-JUNE:140;2026-JULY:90;2026-AUGUST:110,
how to calculate mortgage,170,MEDIUM,54,0.94,4.96,5.5,2025-SEPTEMBER:260;2025-OCTOBER:210;2025-NOVEMBER:140;2025-DECEMBER:140;2026-JANUARY:140;2026-FEBRUARY:170;2026-MARCH:320;2026-APRIL:170;2026-MAY:210;2026-JUNE:110;2026-JULY:90;2026-AUGUST:110,
property guides,170,LOW,21,1.14,6.63,1.38,2025-SEPTEMBER:170;2025-OCTOBER:140;2025-NOVEMBER:140;2025-DECEMBER:110;2026-JANUARY:210;2026-FEBRUARY:170;2026-MARCH:210;2026-APRIL:170;2026-MAY:170;2026-JUNE:110;2026-JULY:110;2026-AUGUST:170,
radford term dates,170,LOW,0,0.0,0.0,0.0,2025-SEPTEMBER:210;2025-OCTOBER:140;2025-NOVEMBER:140;2025-DECEMBER:90;2026-JANUARY:170;2026-FEBRUARY:170;2026-MARCH:170;2026-APRIL:210;2026-MAY:170;2026-JUNE:260;2026-JULY:210;2026-AUGUST:170,
guide properties,170,LOW,21,1.14,6.63,1.38,2025-SEPTEMBER:170;2025-OCTOBER:140;2025-NOVEMBER:140;2025-DECEMBER:110;2026-JANUARY:210;2026-FEBRUARY:170;2026-MARCH:210;2026-APRIL:170;2026-MAY:170;2026-JUNE:110;2026-JULY:110;2026-AUGUST:170,
stamp duty in qld for investment property,170,LOW,27,0.1,0.98,1.02,2025-SEPTEMBER:590;2025-OCTOBER:210;2025-NOVEMBER:170;2025-DECEMBER:140;2026-JANUARY:140;2026-FEBRUARY:170;2026-MARCH:210;2026-APRIL:140;2026-MAY:140;2026-JUNE:90;2026-JULY:90;2026-AUGUST:70,stamp duty on investment property qld
what does body corporate cover,170,LOW,11,0.03,5.58,7.01,2025-SEPTEMBER:140;2025-OCTOBER:210;2025-NOVEMBER:170;2025-DECEMBER:110;2026-JANUARY:210;2026-FEBRUARY:170;2026-MARCH:170;2026-APRIL:140;2026-MAY:140;2026-JUNE:140;2026-JULY:140;2026-AUGUST:140,
what is a real estate agents commission,170,MEDIUM,51,2.34,10.57,7.52,2025-SEPTEMBER:590;2025-OCTOBER:170;2025-NOVEMBER:140;2025-DECEMBER:90;2026-JANUARY:170;2026-FEBRUARY:170;2026-MARCH:140;2026-APRIL:110;2026-MAY:140;2026-JUNE:110;2026-JULY:110;2026-AUGUST:140,
buying a,170,LOW,17,11.72,39.47,2.49,2025-SEPTEMBER:170;2025-OCTOBER:210;2025-NOVEMBER:170;2025-DECEMBER:170;2026-JANUARY:210;2026-FEBRUARY:140;2026-MARCH:170;2026-APRIL:170;2026-MAY:170;2026-JUNE:170;2026-JULY:170;2026-AUGUST:140,
capital gains tax on selling property,170,LOW,3,0.0,0.0,0.0,2025-SEPTEMBER:720;2025-OCTOBER:170;2025-NOVEMBER:110;2025-DECEMBER:70;2026-JANUARY:140;2026-FEBRUARY:140;2026-MARCH:140;2026-APRIL:110;2026-MAY:140;2026-JUNE:90;2026-JULY:90;2026-AUGUST:70,
house affordability calculator,170,MEDIUM,48,0.75,4.46,3.64,2025-SEPTEMBER:90;2025-OCTOBER:210;2025-NOVEMBER:170;2025-DECEMBER:90;2026-JANUARY:140;2026-FEBRUARY:210;2026-MARCH:140;2026-APRIL:210;2026-MAY:390;2026-JUNE:140;2026-JULY:90;2026-AUGUST:110,
how much loan will i get,170,HIGH,77,2.0,8.7,7.85,2025-SEPTEMBER:210;2025-OCTOBER:210;2025-NOVEMBER:170;2025-DECEMBER:140;2026-JANUARY:210;2026-FEBRUARY:170;2026-MARCH:210;2026-APRIL:140;2026-MAY:170;2026-JUNE:140;2026-JULY:110;2026-AUGUST:140,
median house price australia by state,170,LOW,1,0.0,0.0,0.0,2025-SEPTEMBER:260;2025-OCTOBER:170;2025-NOVEMBER:210;2025-DECEMBER:170;2026-JANUARY:260;2026-FEBRUARY:140;2026-MARCH:140;2026-APRIL:140;2026-MAY:210;2026-JUNE:260;2026-JULY:110;2026-AUGUST:90,
queensland stamp duty investment property,170,LOW,27,0.1,0.98,1.02,2025-SEPTEMBER:590;2025-OCTOBER:210;2025-NOVEMBER:170;2025-DECEMBER:140;2026-JANUARY:140;2026-FEBRUARY:170;2026-MARCH:210;2026-APRIL:140;2026-MAY:140;2026-JUNE:90;2026-JULY:90;2026-AUGUST:70,
selling property and capital gains tax,170,LOW,3,0.0,0.0,0.0,2025-SEPTEMBER:720;2025-OCTOBER:170;2025-NOVEMBER:110;2025-DECEMBER:70;2026-JANUARY:140;2026-FEBRUARY:140;2026-MARCH:140;2026-APRIL:110;2026-MAY:140;2026-JUNE:90;2026-JULY:90;2026-AUGUST:70,
under offer vs under contract,170,LOW,1,0.0,0.0,0.0,2025-SEPTEMBER:260;2025-OCTOBER:210;2025-NOVEMBER:170;2025-DECEMBER:110;2026-JANUARY:140;2026-FEBRUARY:140;2026-MARCH:210;2026-APRIL:170;2026-MAY:110;2026-JUNE:110;2026-JULY:110;2026-AUGUST:140,
home loan principal and interest calculator,170,MEDIUM,49,0.53,3.04,3.7,2025-SEPTEMBER:320;2025-OCTOBER:260;2025-NOVEMBER:170;2025-DECEMBER:140;2026-JANUARY:170;2026-FEBRUARY:210;2026-MARCH:260;2026-APRIL:140;2026-MAY:170;2026-JUNE:140;2026-JULY:110;2026-AUGUST:140,
how much can you borrow,170,HIGH,71,0.79,4.46,3.83,2025-SEPTEMBER:260;2025-OCTOBER:210;2025-NOVEMBER:140;2025-DECEMBER:140;2026-JANUARY:170;2026-FEBRUARY:170;2026-MARCH:170;2026-APRIL:140;2026-MAY:140;2026-JUNE:110;2026-JULY:110;2026-AUGUST:110,
how much loan i will get on my salary,170,HIGH,77,1.99,8.66,7.81,2025-SEPTEMBER:210;2025-OCTOBER:210;2025-NOVEMBER:170;2025-DECEMBER:140;2026-JANUARY:210;2026-FEBRUARY:170;2026-MARCH:210;2026-APRIL:140;2026-MAY:170;2026-JUNE:140;2026-JULY:110;2026-AUGUST:140,
how to calculate property yield,170,LOW,15,1.08,18.08,2.75,2025-SEPTEMBER:590;2025-OCTOBER:210;2025-NOVEMBER:140;2025-DECEMBER:110;2026-JANUARY:90;2026-FEBRUARY:140;2026-MARCH:170;2026-APRIL:140;2026-MAY:170;2026-JUNE:110;2026-JULY:90;2026-AUGUST:90,
lowest commission real estate,170,MEDIUM,49,2.42,25.61,17.91,2025-SEPTEMBER:260;2025-OCTOBER:110;2025-NOVEMBER:170;2025-DECEMBER:90;2026-JANUARY:170;2026-FEBRUARY:170;2026-MARCH:170;2026-APRIL:170;2026-MAY:140;2026-JUNE:170;2026-JULY:140;2026-AUGUST:140,
median house price balwyn,170,LOW,4,1.9,2.54,3.65,2025-SEPTEMBER:170;2025-OCTOBER:170;2025-NOVEMBER:210;2025-DECEMBER:170;2026-JANUARY:210;2026-FEBRUARY:210;2026-MARCH:210;2026-APRIL:140;2026-MAY:170;2026-JUNE:170;2026-JULY:110;2026-AUGUST:140,
mortgage borrowing calculator australia,170,HIGH,79,1.49,6.23,6.55,2025-SEPTEMBER:140;2025-OCTOBER:140;2025-NOVEMBER:140;2025-DECEMBER:110;2026-JANUARY:210;2026-FEBRUARY:170;2026-MARCH:170;2026-APRIL:210;2026-MAY:170;2026-JUNE:170;2026-JULY:210;2026-AUGUST:110,
rental appraisal meaning,170,LOW,11,4.95,14.63,9.78,2025-SEPTEMBER:390;2025-OCTOBER:170;2025-NOVEMBER:170;2025-DECEMBER:140;2026-JANUARY:170;2026-FEBRUARY:170;2026-MARCH:140;2026-APRIL:110;2026-MAY:140;2026-JUNE:110;2026-JULY:110;2026-AUGUST:90,
what are real estate agents commission,170,MEDIUM,51,2.33,10.52,7.48,2025-SEPTEMBER:590;2025-OCTOBER:170;2025-NOVEMBER:140;2025-DECEMBER:90;2026-JANUARY:170;2026-FEBRUARY:170;2026-MARCH:140;2026-APRIL:110;2026-MAY:140;2026-JUNE:110;2026-JULY:110;2026-AUGUST:140,
what is dual occupancy,170,LOW,9,0.41,1.62,1.12,2025-SEPTEMBER:170;2025-OCTOBER:170;2025-NOVEMBER:140;2025-DECEMBER:140;2026-JANUARY:210;2026-FEBRUARY:210;2026-MARCH:170;2026-APRIL:140;2026-MAY:170;2026-JUNE:110;2026-JULY:140;2026-AUGUST:140,
what is real estate agent commission,170,MEDIUM,51,2.33,10.52,7.48,2025-SEPTEMBER:590;2025-OCTOBER:170;2025-NOVEMBER:140;2025-DECEMBER:90;2026-JANUARY:170;2026-FEBRUARY:170;2026-MARCH:140;2026-APRIL:110;2026-MAY:140;2026-JUNE:110;2026-JULY:110;2026-AUGUST:140,what is the real estate agent commission
where is spring farm nsw,170,LOW,0,0.0,0.0,0.0,2025-SEPTEMBER:140;2025-OCTOBER:320;2025-NOVEMBER:170;2025-DECEMBER:110;2026-JANUARY:390;2026-FEBRUARY:110;2026-MARCH:140;2026-APRIL:140;2026-MAY:140;2026-JUNE:140;2026-JULY:110;2026-AUGUST:140,
$100 k renovation before and after australia,170,LOW,28,1.7,4.86,8.55,2025-SEPTEMBER:210;2025-OCTOBER:260;2025-NOVEMBER:210;2025-DECEMBER:110;2026-JANUARY:210;2026-FEBRUARY:170;2026-MARCH:140;2026-APRIL:140;2026-MAY:110;2026-JUNE:90;2026-JULY:90;2026-AUGUST:110,$100k renovation before and after australia
affordable home calculator,170,MEDIUM,48,0.75,4.44,3.62,2025-SEPTEMBER:90;2025-OCTOBER:210;2025-NOVEMBER:170;2025-DECEMBER:90;2026-JANUARY:140;2026-FEBRUARY:210;2026-MARCH:140;2026-APRIL:210;2026-MAY:390;2026-JUNE:140;2026-JULY:90;2026-AUGUST:110,
bayswater median house price,170,LOW,1,0.0,0.0,0.0,2025-SEPTEMBER:170;2025-OCTOBER:260;2025-NOVEMBER:170;2025-DECEMBER:140;2026-JANUARY:170;2026-FEBRUARY:170;2026-MARCH:210;2026-APRIL:140;2026-MAY:140;2026-JUNE:110;2026-JULY:110;2026-AUGUST:110,
benger wa,170,LOW,0,0.0,0.0,0.0,2025-SEPTEMBER:170;2025-OCTOBER:210;2025-NOVEMBER:140;2025-DECEMBER:170;2026-JANUARY:210;2026-FEBRUARY:170;2026-MARCH:170;2026-APRIL:170;2026-MAY:110;2026-JUNE:210;2026-JULY:140;2026-AUGUST:170,
cairns median house price,170,LOW,1,0.0,0.0,0.0,2025-SEPTEMBER:210;2025-OCTOBER:260;2025-NOVEMBER:210;2025-DECEMBER:170;2026-JANUARY:210;2026-FEBRUARY:210;2026-MARCH:170;2026-APRIL:140;2026-MAY:140;2026-JUNE:170;2026-JULY:170;2026-AUGUST:140,
real estate agents morayfield,140,MEDIUM,58,11.65,41.39,32.78,2025-SEPTEMBER:170;2025-OCTOBER:170;2025-NOVEMBER:210;2025-DECEMBER:90;2026-JANUARY:90;2026-FEBRUARY:140;2026-MARCH:170;2026-APRIL:140;2026-MAY:140;2026-JUNE:170;2026-JULY:210;2026-AUGUST:170,
selling a house,140,MEDIUM,60,6.05,50.36,26.86,2025-SEPTEMBER:320;2025-OCTOBER:170;2025-NOVEMBER:110;2025-DECEMBER:50;2026-JANUARY:90;2026-FEBRUARY:140;2026-MARCH:260;2026-APRIL:110;2026-MAY:140;2026-JUNE:90;2026-JULY:70;2026-AUGUST:70,
how much house can i afford,140,HIGH,70,1.38,5.62,5.63,2025-SEPTEMBER:170;2025-OCTOBER:140;2025-NOVEMBER:140;2025-DECEMBER:140;2026-JANUARY:210;2026-FEBRUARY:140;2026-MARCH:140;2026-APRIL:110;2026-MAY:140;2026-JUNE:110;2026-JULY:90;2026-AUGUST:110,
real estate charges to sell a house,140,MEDIUM,66,2.75,14.3,12.17,2025-SEPTEMBER:320;2025-OCTOBER:260;2025-NOVEMBER:170;2025-DECEMBER:70;2026-JANUARY:170;2026-FEBRUARY:140;2026-MARCH:110;2026-APRIL:140;2026-MAY:140;2026-JUNE:70;2026-JULY:90;2026-AUGUST:170,
qld 4217,140,LOW,0,0.0,0.0,0.0,2025-SEPTEMBER:110;2025-OCTOBER:110;2025-NOVEMBER:90;2025-DECEMBER:110;2026-JANUARY:110;2026-FEBRUARY:110;2026-MARCH:170;2026-APRIL:170;2026-MAY:170;2026-JUNE:140;2026-JULY:170;2026-AUGUST:210,4217 qld
red hill postcode act,140,LOW,0,0.0,0.0,0.0,2025-SEPTEMBER:140;2025-OCTOBER:140;2025-NOVEMBER:170;2025-DECEMBER:170;2026-JANUARY:110;2026-FEBRUARY:110;2026-MARCH:110;2026-APRIL:110;2026-MAY:90;2026-JUNE:90;2026-JULY:110;2026-AUGUST:210,
best suburbs in brisbane for families,140,LOW,3,0.04,0.69,0.05,2025-SEPTEMBER:210;2025-OCTOBER:170;2025-NOVEMBER:140;2025-DECEMBER:170;2026-JANUARY:140;2026-FEBRUARY:90;2026-MARCH:170;2026-APRIL:140;2026-MAY:110;2026-JUNE:90;2026-JULY:140;2026-AUGUST:110,
chatswood median house price,140,LOW,2,0.0,0.0,1.03,2025-SEPTEMBER:210;2025-OCTOBER:170;2025-NOVEMBER:140;2025-DECEMBER:140;2026-JANUARY:140;2026-FEBRUARY:110;2026-MARCH:170;2026-APRIL:170;2026-MAY:140;2026-JUNE:110;2026-JULY:110;2026-AUGUST:140,median house price chatswood
surfers paradise population,140,LOW,0,0.0,0.0,0.0,2025-SEPTEMBER:140;2025-OCTOBER:140;2025-NOVEMBER:140;2025-DECEMBER:110;2026-JANUARY:140;2026-FEBRUARY:140;2026-MARCH:140;2026-APRIL:110;2026-MAY:140;2026-JUNE:110;2026-JULY:110;2026-AUGUST:110,
no1 property guide,140,LOW,11,3.78,10.26,0.0,2025-SEPTEMBER:170;2025-OCTOBER:170;2025-NOVEMBER:140;2025-DECEMBER:90;2026-JANUARY:140;2026-FEBRUARY:170;2026-MARCH:260;2026-APRIL:140;2026-MAY:140;2026-JUNE:110;2026-JULY:110;2026-AUGUST:140,
how much commission does a realtor make nsw,140,LOW,14,1.43,7.0,7.23,2025-SEPTEMBER:320;2025-OCTOBER:170;2025-NOVEMBER:210;2025-DECEMBER:170;2026-JANUARY:210;2026-FEBRUARY:210;2026-MARCH:20;2026-APRIL:30;2026-MAY:90;2026-JUNE:90;2026-JULY:70;2026-AUGUST:70,
real estate fees for selling a house,140,MEDIUM,66,2.75,14.3,12.17,2025-SEPTEMBER:320;2025-OCTOBER:260;2025-NOVEMBER:170;2025-DECEMBER:70;2026-JANUARY:170;2026-FEBRUARY:140;2026-MARCH:110;2026-APRIL:140;2026-MAY:140;2026-JUNE:70;2026-JULY:90;2026-AUGUST:170,
warwick postcode wa,140,LOW,0,0.0,0.0,0.0,2025-SEPTEMBER:110;2025-OCTOBER:110;2025-NOVEMBER:170;2025-DECEMBER:260;2026-JANUARY:110;2026-FEBRUARY:90;2026-MARCH:140;2026-APRIL:110;2026-MAY:140;2026-JUNE:110;2026-JULY:110;2026-AUGUST:170,
how much does a renovation cost,140,LOW,16,1.41,7.52,4.53,2025-SEPTEMBER:210;2025-OCTOBER:170;2025-NOVEMBER:140;2025-DECEMBER:90;2026-JANUARY:110;2026-FEBRUARY:170;2026-MARCH:210;2026-APRIL:140;2026-MAY:140;2026-JUNE:90;2026-JULY:70;2026-AUGUST:90,
reservoir median house price,140,LOW,0,0.0,0.0,0.0,2025-SEPTEMBER:170;2025-OCTOBER:170;2025-NOVEMBER:170;2025-DECEMBER:140;2026-JANUARY:170;2026-FEBRUARY:170;2026-MARCH:140;2026-APRIL:140;2026-MAY:170;2026-JUNE:110;2026-JULY:90;2026-AUGUST:110,
real estate agent fees nsw,140,MEDIUM,55,3.14,12.76,10.97,2025-SEPTEMBER:210;2025-OCTOBER:140;2025-NOVEMBER:140;2025-DECEMBER:110;2026-JANUARY:170;2026-FEBRUARY:170;2026-MARCH:210;2026-APRIL:110;2026-MAY:170;2026-JUNE:90;2026-JULY:90;2026-AUGUST:90,
kingsville vic 3012 australia,140,LOW,1,0.0,0.0,0.0,2025-SEPTEMBER:110;2025-OCTOBER:90;2025-NOVEMBER:90;2025-DECEMBER:140;2026-JANUARY:110;2026-FEBRUARY:110;2026-MARCH:140;2026-APRIL:210;2026-MAY:260;2026-JUNE:260;2026-JULY:170;2026-AUGUST:110,
yourproperty,140,LOW,10,4.19,19.8,31.32,2025-SEPTEMBER:170;2025-OCTOBER:170;2025-NOVEMBER:110;2025-DECEMBER:110;2026-JANUARY:170;2026-FEBRUARY:140;2026-MARCH:170;2026-APRIL:140;2026-MAY:140;2026-JUNE:110;2026-JULY:140;2026-AUGUST:170,
estate agent fees,140,MEDIUM,62,3.48,14.36,13.08,2025-SEPTEMBER:590;2025-OCTOBER:110;2025-NOVEMBER:70;2025-DECEMBER:70;2026-JANUARY:110;2026-FEBRUARY:90;2026-MARCH:140;2026-APRIL:110;2026-MAY:110;2026-JUNE:50;2026-JULY:40;2026-AUGUST:50,
toorak average house price,140,LOW,1,0.0,0.0,6.48,2025-SEPTEMBER:140;2025-OCTOBER:140;2025-NOVEMBER:140;2025-DECEMBER:140;2026-JANUARY:140;2026-FEBRUARY:110;2026-MARCH:110;2026-APRIL:140;2026-MAY:140;2026-JUNE:110;2026-JULY:110;2026-AUGUST:140,average house price toorak
best suburb in brisbane for families,140,LOW,3,0.04,0.69,0.05,2025-SEPTEMBER:210;2025-OCTOBER:170;2025-NOVEMBER:140;2025-DECEMBER:170;2026-JANUARY:140;2026-FEBRUARY:90;2026-MARCH:170;2026-APRIL:140;2026-MAY:110;2026-JUNE:90;2026-JULY:140;2026-AUGUST:110,best family suburbs in brisbane|best family suburbs brisbane
laverton postcode vic,140,LOW,0,0.0,0.0,0.0,2025-SEPTEMBER:90;2025-OCTOBER:140;2025-NOVEMBER:110;2025-DECEMBER:110;2026-JANUARY:140;2026-FEBRUARY:140;2026-MARCH:140;2026-APRIL:140;2026-MAY:170;2026-JUNE:110;2026-JULY:110;2026-AUGUST:170,
how much do renovations cost,140,LOW,16,1.41,7.54,4.54,2025-SEPTEMBER:210;2025-OCTOBER:170;2025-NOVEMBER:140;2025-DECEMBER:90;2026-JANUARY:110;2026-FEBRUARY:170;2026-MARCH:210;2026-APRIL:140;2026-MAY:140;2026-JUNE:90;2026-JULY:70;2026-AUGUST:90,
nsw 2261,140,LOW,0,0.0,0.0,0.0,2025-SEPTEMBER:110;2025-OCTOBER:110;2025-NOVEMBER:140;2025-DECEMBER:90;2026-JANUARY:140;2026-FEBRUARY:110;2026-MARCH:170;2026-APRIL:110;2026-MAY:170;2026-JUNE:170;2026-JULY:210;2026-AUGUST:170,
real estate agent fees for selling,140,MEDIUM,64,3.04,16.38,9.91,2025-SEPTEMBER:390;2025-OCTOBER:210;2025-NOVEMBER:110;2025-DECEMBER:50;2026-JANUARY:110;2026-FEBRUARY:170;2026-MARCH:210;2026-APRIL:90;2026-MAY:110;2026-JUNE:70;2026-JULY:90;2026-AUGUST:70,
dalrymple heights,140,LOW,0,0.0,0.0,0.0,2025-SEPTEMBER:170;2025-OCTOBER:110;2025-NOVEMBER:140;2025-DECEMBER:90;2026-JANUARY:140;2026-FEBRUARY:110;2026-MARCH:170;2026-APRIL:210;2026-MAY:210;2026-JUNE:140;2026-JULY:110;2026-AUGUST:110,
reservoir suburb profile,140,LOW,1,0.0,0.0,2.14,2025-SEPTEMBER:210;2025-OCTOBER:140;2025-NOVEMBER:170;2025-DECEMBER:140;2026-JANUARY:140;2026-FEBRUARY:170;2026-MARCH:170;2026-APRIL:210;2026-MAY:110;2026-JUNE:110;2026-JULY:90;2026-AUGUST:90,
4217 australia,140,LOW,0,0.0,0.0,0.0,2025-SEPTEMBER:110;2025-OCTOBER:110;2025-NOVEMBER:90;2025-DECEMBER:110;2026-JANUARY:110;2026-FEBRUARY:110;2026-MARCH:170;2026-APRIL:170;2026-MAY:170;2026-JUNE:140;2026-JULY:170;2026-AUGUST:210,
how much to remodel a home,140,LOW,19,1.38,5.77,3.24,2025-SEPTEMBER:170;2025-OCTOBER:210;2025-NOVEMBER:140;2025-DECEMBER:110;2026-JANUARY:170;2026-FEBRUARY:170;2026-MARCH:210;2026-APRIL:140;2026-MAY:140;2026-JUNE:90;2026-JULY:110;2026-AUGUST:110,
kiama real estate agents,140,MEDIUM,49,7.1,14.55,16.45,2025-SEPTEMBER:210;2025-OCTOBER:140;2025-NOVEMBER:140;2025-DECEMBER:90;2026-JANUARY:110;2026-FEBRUARY:170;2026-MARCH:210;2026-APRIL:140;2026-MAY:140;2026-JUNE:140;2026-JULY:140;2026-AUGUST:110,real estate agents kiama
lending power calculator,140,HIGH,78,1.13,6.2,4.52,2025-SEPTEMBER:170;2025-OCTOBER:140;2025-NOVEMBER:170;2025-DECEMBER:140;2026-JANUARY:210;2026-FEBRUARY:140;2026-MARCH:110;2026-APRIL:110;2026-MAY:140;2026-JUNE:90;2026-JULY:90;2026-AUGUST:110,
williamstown real estate agents,140,MEDIUM,35,4.04,15.61,13.57,2025-SEPTEMBER:210;2025-OCTOBER:170;2025-NOVEMBER:170;2025-DECEMBER:90;2026-JANUARY:90;2026-FEBRUARY:140;2026-MARCH:170;2026-APRIL:140;2026-MAY:170;2026-JUNE:110;2026-JULY:140;2026-AUGUST:140,
balwyn north median house price,140,LOW,3,0.0,0.0,0.0,2025-SEPTEMBER:140;2025-OCTOBER:140;2025-NOVEMBER:140;2025-DECEMBER:140;2026-JANUARY:170;2026-FEBRUARY:140;2026-MARCH:110;2026-APRIL:110;2026-MAY:110;2026-JUNE:140;2026-JULY:110;2026-AUGUST:110,
blacktown median house price,140,LOW,1,0.0,0.0,0.0,2025-SEPTEMBER:170;2025-OCTOBER:210;2025-NOVEMBER:140;2025-DECEMBER:110;2026-JANUARY:170;2026-FEBRUARY:110;2026-MARCH:170;2026-APRIL:140;2026-MAY:140;2026-JUNE:110;2026-JULY:90;2026-AUGUST:90,
aussie borrowing power,140,MEDIUM,60,1.34,10.18,6.59,2025-SEPTEMBER:260;2025-OCTOBER:210;2025-NOVEMBER:210;2025-DECEMBER:110;2026-JANUARY:170;2026-FEBRUARY:140;2026-MARCH:70;2026-APRIL:90;2026-MAY:70;2026-JUNE:50;2026-JULY:90;2026-AUGUST:50,
best suburbs for families in brisbane,140,LOW,3,0.04,0.69,0.05,2025-SEPTEMBER:210;2025-OCTOBER:170;2025-NOVEMBER:140;2025-DECEMBER:170;2026-JANUARY:140;2026-FEBRUARY:90;2026-MARCH:170;2026-APRIL:140;2026-MAY:110;2026-JUNE:90;2026-JULY:140;2026-AUGUST:110,
brisbane best suburbs for families,140,LOW,3,0.04,0.69,0.05,2025-SEPTEMBER:210;2025-OCTOBER:170;2025-NOVEMBER:140;2025-DECEMBER:170;2026-JANUARY:140;2026-FEBRUARY:90;2026-MARCH:170;2026-APRIL:140;2026-MAY:110;2026-JUNE:90;2026-JULY:140;2026-AUGUST:110,
nsw 2141,140,LOW,0,0.0,0.0,0.0,2025-SEPTEMBER:110;2025-OCTOBER:110;2025-NOVEMBER:140;2025-DECEMBER:90;2026-JANUARY:110;2026-FEBRUARY:110;2026-MARCH:140;2026-APRIL:140;2026-MAY:170;2026-JUNE:110;2026-JULY:170;2026-AUGUST:140,
preston median house price,140,LOW,1,0.0,0.0,0.0,2025-SEPTEMBER:170;2025-OCTOBER:210;2025-NOVEMBER:140;2025-DECEMBER:140;2026-JANUARY:140;2026-FEBRUARY:170;2026-MARCH:170;2026-APRIL:140;2026-MAY:170;2026-JUNE:110;2026-JULY:110;2026-AUGUST:110,
2261 nsw,140,LOW,0,0.0,0.0,0.0,2025-SEPTEMBER:110;2025-OCTOBER:110;2025-NOVEMBER:140;2025-DECEMBER:90;2026-JANUARY:140;2026-FEBRUARY:110;2026-MARCH:170;2026-APRIL:110;2026-MAY:170;2026-JUNE:170;2026-JULY:210;2026-AUGUST:170,
agent fees,140,MEDIUM,46,3.28,19.39,8.61,2025-SEPTEMBER:390;2025-OCTOBER:170;2025-NOVEMBER:110;2025-DECEMBER:90;2026-JANUARY:170;2026-FEBRUARY:110;2026-MARCH:170;2026-APRIL:110;2026-MAY:140;2026-JUNE:110;2026-JULY:90;2026-AUGUST:90,
encumbrances on property,140,LOW,4,1.28,9.7,3.14,2025-SEPTEMBER:320;2025-OCTOBER:210;2025-NOVEMBER:140;2025-DECEMBER:90;2026-JANUARY:110;2026-FEBRUARY:90;2026-MARCH:140;2026-APRIL:90;2026-MAY:140;2026-JUNE:90;2026-JULY:110;2026-AUGUST:110,
lane cove median house price,140,LOW,0,0.0,0.0,0.0,2025-SEPTEMBER:170;2025-OCTOBER:210;2025-NOVEMBER:140;2025-DECEMBER:110;2026-JANUARY:110;2026-FEBRUARY:140;2026-MARCH:140;2026-APRIL:170;2026-MAY:110;2026-JUNE:110;2026-JULY:90;2026-AUGUST:110,median house price lane cove
median house price blacktown,140,LOW,1,0.0,0.0,0.0,2025-SEPTEMBER:170;2025-OCTOBER:210;2025-NOVEMBER:140;2025-DECEMBER:110;2026-JANUARY:170;2026-FEBRUARY:110;2026-MARCH:170;2026-APRIL:140;2026-MAY:140;2026-JUNE:110;2026-JULY:90;2026-AUGUST:90,
median house price by suburb,140,LOW,11,0.94,2.26,2.15,2025-SEPTEMBER:170;2025-OCTOBER:210;2025-NOVEMBER:140;2025-DECEMBER:140;2026-JANUARY:170;2026-FEBRUARY:110;2026-MARCH:110;2026-APRIL:110;2026-MAY:110;2026-JUNE:90;2026-JULY:70;2026-AUGUST:90,
median house price preston,140,LOW,1,0.0,0.0,0.0,2025-SEPTEMBER:170;2025-OCTOBER:210;2025-NOVEMBER:140;2025-DECEMBER:140;2026-JANUARY:140;2026-FEBRUARY:170;2026-MARCH:170;2026-APRIL:140;2026-MAY:170;2026-JUNE:110;2026-JULY:110;2026-AUGUST:110,
population of bondi,140,LOW,0,0.0,0.0,0.0,2025-SEPTEMBER:140;2025-OCTOBER:140;2025-NOVEMBER:170;2025-DECEMBER:320;2026-JANUARY:170;2026-FEBRUARY:110;2026-MARCH:140;2026-APRIL:110;2026-MAY:140;2026-JUNE:110;2026-JULY:90;2026-AUGUST:140,
surry hills real estate agents,140,MEDIUM,48,3.36,17.34,15.3,2025-SEPTEMBER:170;2025-OCTOBER:170;2025-NOVEMBER:110;2025-DECEMBER:110;2026-JANUARY:140;2026-FEBRUARY:210;2026-MARCH:260;2026-APRIL:170;2026-MAY:110;2026-JUNE:70;2026-JULY:90;2026-AUGUST:110,
christmas island real estate,140,LOW,2,0.0,0.0,0.07,2025-SEPTEMBER:110;2025-OCTOBER:210;2025-NOVEMBER:210;2025-DECEMBER:170;2026-JANUARY:170;2026-FEBRUARY:210;2026-MARCH:140;2026-APRIL:110;2026-MAY:90;2026-JUNE:70;2026-JULY:110;2026-AUGUST:140,
how much is real estate commission,140,MEDIUM,58,2.37,7.13,6.71,2025-SEPTEMBER:390;2025-OCTOBER:140;2025-NOVEMBER:170;2025-DECEMBER:110;2026-JANUARY:140;2026-FEBRUARY:140;2026-MARCH:140;2026-APRIL:140;2026-MAY:140;2026-JUNE:110;2026-JULY:90;2026-AUGUST:140,
how much money can i borrow for a mortgage,140,HIGH,74,2.09,8.51,9.08,2025-SEPTEMBER:170;2025-OCTOBER:170;2025-NOVEMBER:140;2025-DECEMBER:110;2026-JANUARY:140;2026-FEBRUARY:140;2026-MARCH:140;2026-APRIL:110;2026-MAY:110;2026-JUNE:90;2026-JULY:110;2026-AUGUST:110,
median house price blackburn,140,LOW,1,0.0,0.0,0.0,2025-SEPTEMBER:140;2025-OCTOBER:210;2025-NOVEMBER:140;2025-DECEMBER:90;2026-JANUARY:110;2026-FEBRUARY:110;2026-MARCH:170;2026-APRIL:170;2026-MAY:110;2026-JUNE:90;2026-JULY:170;2026-AUGUST:90,
real estate agent selling fees,140,MEDIUM,64,3.04,16.38,9.92,2025-SEPTEMBER:390;2025-OCTOBER:210;2025-NOVEMBER:110;2025-DECEMBER:50;2026-JANUARY:110;2026-FEBRUARY:170;2026-MARCH:210;2026-APRIL:90;2026-MAY:110;2026-JUNE:70;2026-JULY:90;2026-AUGUST:70,
2141 nsw,140,LOW,0,0.0,0.0,0.0,2025-SEPTEMBER:110;2025-OCTOBER:110;2025-NOVEMBER:140;2025-DECEMBER:90;2026-JANUARY:110;2026-FEBRUARY:110;2026-MARCH:140;2026-APRIL:140;2026-MAY:170;2026-JUNE:110;2026-JULY:170;2026-AUGUST:140,
bondi population,140,LOW,0,0.0,0.0,0.0,2025-SEPTEMBER:140;2025-OCTOBER:140;2025-NOVEMBER:170;2025-DECEMBER:320;2026-JANUARY:170;2026-FEBRUARY:110;2026-MARCH:140;2026-APRIL:110;2026-MAY:140;2026-JUNE:110;2026-JULY:90;2026-AUGUST:140,
how much home can we afford,140,HIGH,70,1.38,5.62,5.63,2025-SEPTEMBER:170;2025-OCTOBER:140;2025-NOVEMBER:140;2025-DECEMBER:140;2026-JANUARY:210;2026-FEBRUARY:140;2026-MARCH:140;2026-APRIL:110;2026-MAY:140;2026-JUNE:110;2026-JULY:90;2026-AUGUST:110,
how much house could i afford,140,HIGH,70,1.38,5.62,5.63,2025-SEPTEMBER:170;2025-OCTOBER:140;2025-NOVEMBER:140;2025-DECEMBER:140;2026-JANUARY:210;2026-FEBRUARY:140;2026-MARCH:140;2026-APRIL:110;2026-MAY:140;2026-JUNE:110;2026-JULY:90;2026-AUGUST:110,
how much money can i borrow for a home loan,140,HIGH,74,2.09,8.51,9.08,2025-SEPTEMBER:170;2025-OCTOBER:170;2025-NOVEMBER:140;2025-DECEMBER:110;2026-JANUARY:140;2026-FEBRUARY:140;2026-MARCH:140;2026-APRIL:110;2026-MAY:110;2026-JUNE:90;2026-JULY:110;2026-AUGUST:110,
pymble median house price,140,LOW,2,0.0,0.0,0.0,2025-SEPTEMBER:170;2025-OCTOBER:210;2025-NOVEMBER:170;2025-DECEMBER:140;2026-JANUARY:140;2026-FEBRUARY:140;2026-MARCH:110;2026-APRIL:110;2026-MAY:110;2026-JUNE:70;2026-JULY:110;2026-AUGUST:90,
section 32 statement,140,LOW,14,1.55,5.54,2.84,2025-SEPTEMBER:320;2025-OCTOBER:210;2025-NOVEMBER:170;2025-DECEMBER:90;2026-JANUARY:140;2026-FEBRUARY:170;2026-MARCH:170;2026-APRIL:140;2026-MAY:140;2026-JUNE:90;2026-JULY:110;2026-AUGUST:140,
what can i borrow mortgage,140,HIGH,83,2.28,9.03,8.16,2025-SEPTEMBER:170;2025-OCTOBER:170;2025-NOVEMBER:140;2025-DECEMBER:90;2026-JANUARY:170;2026-FEBRUARY:140;2026-MARCH:170;2026-APRIL:140;2026-MAY:140;2026-JUNE:90;2026-JULY:90;2026-AUGUST:90,
your property,140,LOW,10,4.19,19.8,31.33,2025-SEPTEMBER:170;2025-OCTOBER:170;2025-NOVEMBER:110;2025-DECEMBER:110;2026-JANUARY:170;2026-FEBRUARY:140;2026-MARCH:170;2026-APRIL:140;2026-MAY:140;2026-JUNE:110;2026-JULY:140;2026-AUGUST:170,
australian regions,140,LOW,0,0.0,0.0,0.0,2025-SEPTEMBER:110;2025-OCTOBER:210;2025-NOVEMBER:140;2025-DECEMBER:110;2026-JANUARY:90;2026-FEBRUARY:110;2026-MARCH:140;2026-APRIL:110;2026-MAY:140;2026-JUNE:110;2026-JULY:90;2026-AUGUST:110,
blackburn median house price,140,LOW,1,0.0,0.0,0.0,2025-SEPTEMBER:140;2025-OCTOBER:210;2025-NOVEMBER:140;2025-DECEMBER:90;2026-JANUARY:110;2026-FEBRUARY:110;2026-MARCH:170;2026-APRIL:170;2026-MAY:110;2026-JUNE:90;2026-JULY:170;2026-AUGUST:90,
borrowing capacity anz,140,MEDIUM,37,1.66,10.14,10.02,2025-SEPTEMBER:210;2025-OCTOBER:170;2025-NOVEMBER:140;2025-DECEMBER:110;2026-JANUARY:170;2026-FEBRUARY:170;2026-MARCH:140;2026-APRIL:170;2026-MAY:140;2026-JUNE:140;2026-JULY:140;2026-AUGUST:140,
commission charged by real estate agents,140,MEDIUM,55,3.07,16.56,16.76,2025-SEPTEMBER:480;2025-OCTOBER:110;2025-NOVEMBER:140;2025-DECEMBER:90;2026-JANUARY:110;2026-FEBRUARY:110;2026-MARCH:110;2026-APRIL:50;2026-MAY:70;2026-JUNE:90;2026-JULY:90;2026-AUGUST:90,
cost of selling a house calculator,140,MEDIUM,57,2.8,8.59,7.63,2025-SEPTEMBER:170;2025-OCTOBER:210;2025-NOVEMBER:140;2025-DECEMBER:140;2026-JANUARY:210;2026-FEBRUARY:140;2026-MARCH:170;2026-APRIL:170;2026-MAY:170;2026-JUNE:110;2026-JULY:90;2026-AUGUST:90,
dual occupancy dwelling,140,LOW,32,1.29,5.19,5.0,2025-SEPTEMBER:110;2025-OCTOBER:140;2025-NOVEMBER:90;2025-DECEMBER:90;2026-JANUARY:110;2026-FEBRUARY:110;2026-MARCH:140;2026-APRIL:140;2026-MAY:170;2026-JUNE:110;2026-JULY:110;2026-AUGUST:140,
estate agent costs,140,MEDIUM,62,3.48,14.36,13.09,2025-SEPTEMBER:590;2025-OCTOBER:110;2025-NOVEMBER:70;2025-DECEMBER:70;2026-JANUARY:110;2026-FEBRUARY:90;2026-MARCH:140;2026-APRIL:110;2026-MAY:110;2026-JUNE:50;2026-JULY:40;2026-AUGUST:50,
gst and property,140,LOW,3,0.0,0.0,16.21,2025-SEPTEMBER:480;2025-OCTOBER:110;2025-NOVEMBER:140;2025-DECEMBER:90;2026-JANUARY:90;2026-FEBRUARY:140;2026-MARCH:110;2026-APRIL:110;2026-MAY:110;2026-JUNE:70;2026-JULY:50;2026-AUGUST:40,
how expensive of a home can i afford,140,HIGH,70,1.38,5.62,5.63,2025-SEPTEMBER:170;2025-OCTOBER:140;2025-NOVEMBER:140;2025-DECEMBER:140;2026-JANUARY:210;2026-FEBRUARY:140;2026-MARCH:140;2026-APRIL:110;2026-MAY:140;2026-JUNE:110;2026-JULY:90;2026-AUGUST:110,
how expensive of a house can i afford,140,HIGH,70,1.38,5.62,5.63,2025-SEPTEMBER:170;2025-OCTOBER:140;2025-NOVEMBER:140;2025-DECEMBER:140;2026-JANUARY:210;2026-FEBRUARY:140;2026-MARCH:140;2026-APRIL:110;2026-MAY:140;2026-JUNE:110;2026-JULY:90;2026-AUGUST:110,
how much does it cost to renovate,140,LOW,16,1.41,7.54,4.54,2025-SEPTEMBER:210;2025-OCTOBER:170;2025-NOVEMBER:140;2025-DECEMBER:90;2026-JANUARY:110;2026-FEBRUARY:170;2026-MARCH:210;2026-APRIL:140;2026-MAY:140;2026-JUNE:90;2026-JULY:70;2026-AUGUST:90,
how much is a real estate commission,140,MEDIUM,58,2.37,7.13,6.71,2025-SEPTEMBER:390;2025-OCTOBER:140;2025-NOVEMBER:170;2025-DECEMBER:110;2026-JANUARY:140;2026-FEBRUARY:140;2026-MARCH:140;2026-APRIL:140;2026-MAY:140;2026-JUNE:110;2026-JULY:90;2026-AUGUST:140,how much real estate commission
listing agent commission rate,140,MEDIUM,55,3.07,16.56,16.76,2025-SEPTEMBER:480;2025-OCTOBER:110;2025-NOVEMBER:140;2025-DECEMBER:90;2026-JANUARY:110;2026-FEBRUARY:110;2026-MARCH:110;2026-APRIL:50;2026-MAY:70;2026-JUNE:90;2026-JULY:90;2026-AUGUST:90,
median house prices by suburb,140,LOW,11,0.94,2.26,2.15,2025-SEPTEMBER:170;2025-OCTOBER:210;2025-NOVEMBER:140;2025-DECEMBER:140;2026-JANUARY:170;2026-FEBRUARY:110;2026-MARCH:110;2026-APRIL:110;2026-MAY:110;2026-JUNE:90;2026-JULY:70;2026-AUGUST:90,
queensland 4217,140,LOW,0,0.0,0.0,0.0,2025-SEPTEMBER:110;2025-OCTOBER:110;2025-NOVEMBER:90;2025-DECEMBER:110;2026-JANUARY:110;2026-FEBRUARY:110;2026-MARCH:170;2026-APRIL:170;2026-MAY:170;2026-JUNE:140;2026-JULY:170;2026-AUGUST:210,
queensland contract of sale,140,LOW,32,1.93,10.39,4.25,2025-SEPTEMBER:390;2025-OCTOBER:170;2025-NOVEMBER:140;2025-DECEMBER:110;2026-JANUARY:110;2026-FEBRUARY:140;2026-MARCH:170;2026-APRIL:140;2026-MAY:170;2026-JUNE:110;2026-JULY:110;2026-AUGUST:90,
rental city,140,LOW,10,0.03,0.24,0.07,2025-SEPTEMBER:390;2025-OCTOBER:110;2025-NOVEMBER:70;2025-DECEMBER:40;2026-JANUARY:70;2026-FEBRUARY:110;2026-MARCH:260;2026-APRIL:140;2026-MAY:110;2026-JUNE:90;2026-JULY:50;2026-AUGUST:50,
where is arundel qld,140,LOW,0,0.0,0.0,0.0,2025-SEPTEMBER:110;2025-OCTOBER:110;2025-NOVEMBER:140;2025-DECEMBER:210;2026-JANUARY:170;2026-FEBRUARY:140;2026-MARCH:140;2026-APRIL:110;2026-MAY:140;2026-JUNE:110;2026-JULY:140;2026-AUGUST:140,
winslow victoria,140,LOW,0,0.0,0.0,0.0,2025-SEPTEMBER:110;2025-OCTOBER:170;2025-NOVEMBER:90;2025-DECEMBER:110;2026-JANUARY:110;2026-FEBRUARY:140;2026-MARCH:140;2026-APRIL:170;2026-MAY:140;2026-JUNE:140;2026-JULY:110;2026-AUGUST:90,
camberwell real estate agents,140,MEDIUM,54,6.36,23.57,14.16,2025-SEPTEMBER:320;2025-OCTOBER:140;2025-NOVEMBER:140;2025-DECEMBER:50;2026-JANUARY:110;2026-FEBRUARY:170;2026-MARCH:210;2026-APRIL:140;2026-MAY:70;2026-JUNE:90;2026-JULY:90;2026-AUGUST:110,
commission fees for real estate agents,140,MEDIUM,55,3.07,16.56,16.76,2025-SEPTEMBER:480;2025-OCTOBER:110;2025-NOVEMBER:140;2025-DECEMBER:90;2026-JANUARY:110;2026-FEBRUARY:110;2026-MARCH:110;2026-APRIL:50;2026-MAY:70;2026-JUNE:90;2026-JULY:90;2026-AUGUST:90,
compare real estate agent fees,140,MEDIUM,60,3.71,40.32,26.66,2025-SEPTEMBER:70;2025-OCTOBER:210;2025-NOVEMBER:210;2025-DECEMBER:90;2026-JANUARY:140;2026-FEBRUARY:170;2026-MARCH:170;2026-APRIL:110;2026-MAY:140;2026-JUNE:90;2026-JULY:110;2026-AUGUST:90,
corbie hill,140,LOW,1,0.0,0.0,0.0,2025-SEPTEMBER:260;2025-OCTOBER:210;2025-NOVEMBER:210;2025-DECEMBER:140;2026-JANUARY:110;2026-FEBRUARY:110;2026-MARCH:140;2026-APRIL:110;2026-MAY:90;2026-JUNE:110;2026-JULY:110;2026-AUGUST:140,
cost of selling property,140,MEDIUM,56,3.44,11.37,10.0,2025-SEPTEMBER:390;2025-OCTOBER:170;2025-NOVEMBER:110;2025-DECEMBER:70;2026-JANUARY:140;2026-FEBRUARY:90;2026-MARCH:170;2026-APRIL:140;2026-MAY:140;2026-JUNE:70;2026-JULY:70;2026-AUGUST:70,
estate agent rates,140,MEDIUM,62,3.48,14.36,13.09,2025-SEPTEMBER:590;2025-OCTOBER:110;2025-NOVEMBER:70;2025-DECEMBER:70;2026-JANUARY:110;2026-FEBRUARY:90;2026-MARCH:140;2026-APRIL:110;2026-MAY:110;2026-JUNE:50;2026-JULY:40;2026-AUGUST:50,
ferntree gully median house price,140,LOW,1,0.0,0.0,0.0,2025-SEPTEMBER:140;2025-OCTOBER:210;2025-NOVEMBER:170;2025-DECEMBER:140;2026-JANUARY:140;2026-FEBRUARY:110;2026-MARCH:110;2026-APRIL:90;2026-MAY:110;2026-JUNE:110;2026-JULY:90;2026-AUGUST:110,
how much can i borrow with 200k income australia,140,MEDIUM,54,1.11,4.93,4.11,2025-SEPTEMBER:170;2025-OCTOBER:260;2025-NOVEMBER:210;2025-DECEMBER:90;2026-JANUARY:110;2026-FEBRUARY:140;2026-MARCH:110;2026-APRIL:110;2026-MAY:140;2026-JUNE:110;2026-JULY:90;2026-AUGUST:110,
for sale north lakes,140,LOW,14,0.03,0.56,0.12,2025-SEPTEMBER:170;2025-OCTOBER:140;2025-NOVEMBER:140;2025-DECEMBER:90;2026-JANUARY:140;2026-FEBRUARY:110;2026-MARCH:170;2026-APRIL:170;2026-MAY:140;2026-JUNE:170;2026-JULY:90;2026-AUGUST:90,
how much can i loan,140,HIGH,79,1.08,6.58,6.6,2025-SEPTEMBER:170;2025-OCTOBER:170;2025-NOVEMBER:170;2025-DECEMBER:110;2026-JANUARY:210;2026-FEBRUARY:170;2026-MARCH:170;2026-APRIL:170;2026-MAY:170;2026-JUNE:110;2026-JULY:140;2026-AUGUST:110,
how much home afford,140,HIGH,70,1.38,5.59,5.61,2025-SEPTEMBER:170;2025-OCTOBER:140;2025-NOVEMBER:140;2025-DECEMBER:140;2026-JANUARY:210;2026-FEBRUARY:140;2026-MARCH:140;2026-APRIL:110;2026-MAY:140;2026-JUNE:110;2026-JULY:90;2026-AUGUST:110,
how much house payment can i afford,140,HIGH,70,1.38,5.59,5.61,2025-SEPTEMBER:170;2025-OCTOBER:140;2025-NOVEMBER:140;2025-DECEMBER:140;2026-JANUARY:210;2026-FEBRUARY:140;2026-MARCH:140;2026-APRIL:110;2026-MAY:140;2026-JUNE:110;2026-JULY:90;2026-AUGUST:110,
how much mortgage afford,140,HIGH,70,1.38,5.59,5.61,2025-SEPTEMBER:170;2025-OCTOBER:140;2025-NOVEMBER:140;2025-DECEMBER:140;2026-JANUARY:210;2026-FEBRUARY:140;2026-MARCH:140;2026-APRIL:110;2026-MAY:140;2026-JUNE:110;2026-JULY:90;2026-AUGUST:110,
how to calculate rental yield on property,140,LOW,22,1.41,9.97,2.67,2025-SEPTEMBER:140;2025-OCTOBER:90;2025-NOVEMBER:90;2025-DECEMBER:70;2026-JANUARY:140;2026-FEBRUARY:140;2026-MARCH:140;2026-APRIL:110;2026-MAY:140;2026-JUNE:110;2026-JULY:210;2026-AUGUST:210,
leichhardt postcode qld,140,LOW,0,0.0,0.0,0.0,2025-SEPTEMBER:140;2025-OCTOBER:140;2025-NOVEMBER:140;2025-DECEMBER:140;2026-JANUARY:140;2026-FEBRUARY:140;2026-MARCH:140;2026-APRIL:140;2026-MAY:140;2026-JUNE:110;2026-JULY:140;2026-AUGUST:170,
malvern median house price,140,LOW,4,2.41,5.84,27.0,2025-SEPTEMBER:170;2025-OCTOBER:170;2025-NOVEMBER:140;2025-DECEMBER:90;2026-JANUARY:140;2026-FEBRUARY:140;2026-MARCH:170;2026-APRIL:140;2026-MAY:170;2026-JUNE:90;2026-JULY:90;2026-AUGUST:110,
mortgage calculator interest rate,140,MEDIUM,62,0.7,3.12,2.79,2025-SEPTEMBER:140;2025-OCTOBER:110;2025-NOVEMBER:110;2025-DECEMBER:110;2026-JANUARY:170;2026-FEBRUARY:170;2026-MARCH:140;2026-APRIL:140;2026-MAY:170;2026-JUNE:90;2026-JULY:90;2026-AUGUST:90,
mother teresa westmead,140,LOW,2,0.0,0.0,0.0,2025-SEPTEMBER:90;2025-OCTOBER:70;2025-NOVEMBER:90;2025-DECEMBER:70;2026-JANUARY:90;2026-FEBRUARY:210;2026-MARCH:260;2026-APRIL:140;2026-MAY:210;2026-JUNE:210;2026-JULY:140;2026-AUGUST:50,
nab home loan borrowing calculator,140,MEDIUM,64,1.93,8.42,2.48,2025-SEPTEMBER:140;2025-OCTOBER:170;2025-NOVEMBER:140;2025-DECEMBER:110;2026-JANUARY:140;2026-FEBRUARY:170;2026-MARCH:140;2026-APRIL:110;2026-MAY:170;2026-JUNE:110;2026-JULY:140;2026-AUGUST:140,
northcote median house price,140,LOW,1,0.0,0.0,0.0,2025-SEPTEMBER:110;2025-OCTOBER:140;2025-NOVEMBER:110;2025-DECEMBER:90;2026-JANUARY:140;2026-FEBRUARY:210;2026-MARCH:170;2026-APRIL:140;2026-MAY:170;2026-JUNE:90;2026-JULY:110;2026-AUGUST:140,
nsw real estate agent fees,140,MEDIUM,55,3.13,12.72,10.94,2025-SEPTEMBER:210;2025-OCTOBER:140;2025-NOVEMBER:140;2025-DECEMBER:110;2026-JANUARY:170;2026-FEBRUARY:170;2026-MARCH:210;2026-APRIL:110;2026-MAY:170;2026-JUNE:90;2026-JULY:90;2026-AUGUST:90,
property selling costs,140,MEDIUM,56,3.43,11.31,9.96,2025-SEPTEMBER:390;2025-OCTOBER:170;2025-NOVEMBER:110;2025-DECEMBER:70;2026-JANUARY:140;2026-FEBRUARY:90;2026-MARCH:170;2026-APRIL:140;2026-MAY:140;2026-JUNE:70;2026-JULY:70;2026-AUGUST:70,
real estate agents camberwell,140,MEDIUM,54,6.33,23.46,14.1,2025-SEPTEMBER:320;2025-OCTOBER:140;2025-NOVEMBER:140;2025-DECEMBER:50;2026-JANUARY:110;2026-FEBRUARY:170;2026-MARCH:210;2026-APRIL:140;2026-MAY:70;2026-JUNE:90;2026-JULY:90;2026-AUGUST:110,
repayments on 400k mortgage australia,140,MEDIUM,40,0.82,3.92,4.89,2025-SEPTEMBER:70;2025-OCTOBER:110;2025-NOVEMBER:110;2025-DECEMBER:70;2026-JANUARY:140;2026-FEBRUARY:110;2026-MARCH:140;2026-APRIL:110;2026-MAY:170;2026-JUNE:170;2026-JULY:170;2026-AUGUST:140,
repayments on 650 000 mortgage,140,MEDIUM,63,0.66,3.9,4.42,2025-SEPTEMBER:170;2025-OCTOBER:170;2025-NOVEMBER:140;2025-DECEMBER:140;2026-JANUARY:210;2026-FEBRUARY:170;2026-MARCH:140;2026-APRIL:110;2026-MAY:140;2026-JUNE:110;2026-JULY:140;2026-AUGUST:90,
selling house costs calculator,140,MEDIUM,57,2.79,8.55,7.59,2025-SEPTEMBER:170;2025-OCTOBER:210;2025-NOVEMBER:140;2025-DECEMBER:140;2026-JANUARY:210;2026-FEBRUARY:140;2026-MARCH:170;2026-APRIL:170;2026-MAY:170;2026-JUNE:110;2026-JULY:90;2026-AUGUST:90,
when do you pay capital gains on a property,140,LOW,2,0.0,0.0,0.0,2025-SEPTEMBER:390;2025-OCTOBER:170;2025-NOVEMBER:90;2025-DECEMBER:70;2026-JANUARY:110;2026-FEBRUARY:70;2026-MARCH:90;2026-APRIL:110;2026-MAY:170;2026-JUNE:90;2026-JULY:50;2026-AUGUST:40,
41 16,140,LOW,0,0.0,0.0,0.0,2025-SEPTEMBER:170;2025-OCTOBER:140;2025-NOVEMBER:140;2025-DECEMBER:110;2026-JANUARY:90;2026-FEBRUARY:110;2026-MARCH:170;2026-APRIL:170;2026-MAY:170;2026-JUNE:170;2026-JULY:140;2026-AUGUST:170,
600k mortgage monthly payment,140,MEDIUM,59,0.54,3.25,3.38,2025-SEPTEMBER:110;2025-OCTOBER:110;2025-NOVEMBER:90;2025-DECEMBER:90;2026-JANUARY:140;2026-FEBRUARY:140;2026-MARCH:140;2026-APRIL:140;2026-MAY:170;2026-JUNE:140;2026-JULY:140;2026-AUGUST:140,
agents fees,140,MEDIUM,46,3.26,19.3,8.57,2025-SEPTEMBER:390;2025-OCTOBER:170;2025-NOVEMBER:110;2025-DECEMBER:90;2026-JANUARY:170;2026-FEBRUARY:110;2026-MARCH:170;2026-APRIL:110;2026-MAY:140;2026-JUNE:110;2026-JULY:90;2026-AUGUST:90,
aussie borrowing power calculator,140,MEDIUM,63,1.25,6.1,8.03,2025-SEPTEMBER:90;2025-OCTOBER:110;2025-NOVEMBER:140;2025-DECEMBER:110;2026-JANUARY:210;2026-FEBRUARY:170;2026-MARCH:140;2026-APRIL:170;2026-MAY:170;2026-JUNE:110;2026-JULY:170;2026-AUGUST:140,
berwick suburb profile,140,LOW,2,0.0,0.0,0.0,2025-SEPTEMBER:210;2025-OCTOBER:210;2025-NOVEMBER:210;2025-DECEMBER:110;2026-JANUARY:140;2026-FEBRUARY:140;2026-MARCH:170;2026-APRIL:170;2026-MAY:140;2026-JUNE:110;2026-JULY:90;2026-AUGUST:90,
best brisbane suburbs for families,140,LOW,3,0.04,0.69,0.05,2025-SEPTEMBER:210;2025-OCTOBER:170;2025-NOVEMBER:140;2025-DECEMBER:170;2026-JANUARY:140;2026-FEBRUARY:90;2026-MARCH:170;2026-APRIL:140;2026-MAY:110;2026-JUNE:90;2026-JULY:140;2026-AUGUST:110,
blackbutt north,140,LOW,0,0.0,0.0,0.0,2025-SEPTEMBER:260;2025-OCTOBER:140;2025-NOVEMBER:140;2025-DECEMBER:110;2026-JANUARY:110;2026-FEBRUARY:110;2026-MARCH:110;2026-APRIL:140;2026-MAY:170;2026-JUNE:210;2026-JULY:140;2026-AUGUST:110,
borrowing calculator suncorp,140,LOW,30,2.18,8.48,10.52,2025-SEPTEMBER:210;2025-OCTOBER:170;2025-NOVEMBER:110;2025-DECEMBER:90;2026-JANUARY:170;2026-FEBRUARY:170;2026-MARCH:170;2026-APRIL:90;2026-MAY:90;2026-JUNE:90;2026-JULY:70;2026-AUGUST:50,
bridging finance rate,140,MEDIUM,63,2.46,10.48,8.82,2025-SEPTEMBER:260;2025-OCTOBER:170;2025-NOVEMBER:110;2025-DECEMBER:90;2026-JANUARY:110;2026-FEBRUARY:170;2026-MARCH:140;2026-APRIL:110;2026-MAY:110;2026-JUNE:90;2026-JULY:110;2026-AUGUST:110,
bridging loan rates,140,MEDIUM,63,2.46,10.48,8.82,2025-SEPTEMBER:260;2025-OCTOBER:170;2025-NOVEMBER:110;2025-DECEMBER:90;2026-JANUARY:110;2026-FEBRUARY:170;2026-MARCH:140;2026-APRIL:110;2026-MAY:110;2026-JUNE:90;2026-JULY:110;2026-AUGUST:110,
buying power,140,MEDIUM,48,1.54,6.8,6.92,2025-SEPTEMBER:140;2025-OCTOBER:170;2025-NOVEMBER:140;2025-DECEMBER:90;2026-JANUARY:110;2026-FEBRUARY:140;2026-MARCH:170;2026-APRIL:140;2026-MAY:140;2026-JUNE:110;2026-JULY:90;2026-AUGUST:110,
camberwell melbourne vic,140,LOW,1,0.0,0.0,0.0,2025-SEPTEMBER:70;2025-OCTOBER:90;2025-NOVEMBER:70;2025-DECEMBER:70;2026-JANUARY:110;2026-FEBRUARY:110;2026-MARCH:170;2026-APRIL:170;2026-MAY:170;2026-JUNE:170;2026-JULY:170;2026-AUGUST:210,
sydney property market forecast 2026,140,LOW,16,1.58,3.9,3.29,2025-SEPTEMBER:0;2025-OCTOBER:70;2025-NOVEMBER:140;2025-DECEMBER:90;2026-JANUARY:170;2026-FEBRUARY:170;2026-MARCH:260;2026-APRIL:170;2026-MAY:260;2026-JUNE:210;2026-JULY:140;2026-AUGUST:140,
first home buyer stamp duty exemption nsw,110,LOW,2,0.0,0.0,0.0,2025-SEPTEMBER:140;2025-OCTOBER:170;2025-NOVEMBER:110;2025-DECEMBER:70;2026-JANUARY:110;2026-FEBRUARY:110;2026-MARCH:110;2026-APRIL:110;2026-MAY:110;2026-JUNE:90;2026-JULY:70;2026-AUGUST:90,
hawthorn median house price,110,LOW,0,0.0,0.0,0.0,2025-SEPTEMBER:140;2025-OCTOBER:140;2025-NOVEMBER:140;2025-DECEMBER:140;2026-JANUARY:140;2026-FEBRUARY:140;2026-MARCH:170;2026-APRIL:110;2026-MAY:140;2026-JUNE:90;2026-JULY:90;2026-AUGUST:70,median house price hawthorn
how to buy property,110,HIGH,67,2.67,10.48,10.34,2025-SEPTEMBER:590;2025-OCTOBER:140;2025-NOVEMBER:70;2025-DECEMBER:70;2026-JANUARY:90;2026-FEBRUARY:110;2026-MARCH:110;2026-APRIL:90;2026-MAY:90;2026-JUNE:50;2026-JULY:50;2026-AUGUST:40,how to buy a property
selling your house,110,HIGH,76,9.39,56.14,52.58,2025-SEPTEMBER:480;2025-OCTOBER:90;2025-NOVEMBER:70;2025-DECEMBER:70;2026-JANUARY:70;2026-FEBRUARY:110;2026-MARCH:170;2026-APRIL:70;2026-MAY:50;2026-JUNE:70;2026-JULY:50;2026-AUGUST:40,
how to purchase property,110,HIGH,67,2.67,10.48,10.34,2025-SEPTEMBER:590;2025-OCTOBER:140;2025-NOVEMBER:70;2025-DECEMBER:70;2026-JANUARY:90;2026-FEBRUARY:110;2026-MARCH:110;2026-APRIL:90;2026-MAY:90;2026-JUNE:50;2026-JULY:50;2026-AUGUST:40,
burra population,110,LOW,0,0.0,0.0,0.0,2025-SEPTEMBER:140;2025-OCTOBER:140;2025-NOVEMBER:90;2025-DECEMBER:90;2026-JANUARY:110;2026-FEBRUARY:90;2026-MARCH:110;2026-APRIL:140;2026-MAY:110;2026-JUNE:140;2026-JULY:110;2026-AUGUST:110,
mandurah dc,110,LOW,0,0.0,0.0,0.0,2025-SEPTEMBER:70;2025-OCTOBER:70;2025-NOVEMBER:110;2025-DECEMBER:170;2026-JANUARY:140;2026-FEBRUARY:110;2026-MARCH:110;2026-APRIL:110;2026-MAY:110;2026-JUNE:170;2026-JULY:110;2026-AUGUST:90,
bondi postcode 2026,110,LOW,0,0.0,0.0,0.0,2025-SEPTEMBER:90;2025-OCTOBER:110;2025-NOVEMBER:110;2025-DECEMBER:170;2026-JANUARY:110;2026-FEBRUARY:110;2026-MARCH:110;2026-APRIL:90;2026-MAY:90;2026-JUNE:70;2026-JULY:90;2026-AUGUST:110,
how much commission does a realtor make in australia,110,LOW,0,0.0,0.0,0.0,2025-SEPTEMBER:390;2025-OCTOBER:90;2025-NOVEMBER:110;2025-DECEMBER:140;2026-JANUARY:260;2026-FEBRUARY:320;2026-MARCH:90;2026-APRIL:10;2026-MAY:10;2026-JUNE:10;2026-JULY:10;2026-AUGUST:10,
how to sell a property,110,MEDIUM,42,4.96,24.84,15.62,2025-SEPTEMBER:210;2025-OCTOBER:170;2025-NOVEMBER:70;2025-DECEMBER:50;2026-JANUARY:70;2026-FEBRUARY:110;2026-MARCH:320;2026-APRIL:110;2026-MAY:170;2026-JUNE:50;2026-JULY:40;2026-AUGUST:50,
kellyville median house price,110,LOW,1,0.0,0.0,0.0,2025-SEPTEMBER:110;2025-OCTOBER:140;2025-NOVEMBER:140;2025-DECEMBER:110;2026-JANUARY:110;2026-FEBRUARY:140;2026-MARCH:140;2026-APRIL:110;2026-MAY:110;2026-JUNE:90;2026-JULY:90;2026-AUGUST:110,
how do you buy property,110,HIGH,67,2.67,10.48,10.34,2025-SEPTEMBER:590;2025-OCTOBER:140;2025-NOVEMBER:70;2025-DECEMBER:70;2026-JANUARY:90;2026-FEBRUARY:110;2026-MARCH:110;2026-APRIL:90;2026-MAY:90;2026-JUNE:50;2026-JULY:50;2026-AUGUST:40,
nsw median house price,110,LOW,0,0.0,0.0,0.0,2025-SEPTEMBER:140;2025-OCTOBER:140;2025-NOVEMBER:110;2025-DECEMBER:90;2026-JANUARY:110;2026-FEBRUARY:140;2026-MARCH:170;2026-APRIL:90;2026-MAY:110;2026-JUNE:110;2026-JULY:90;2026-AUGUST:70,
badagarang nsw 2540,110,LOW,1,0.0,0.0,0.52,2025-SEPTEMBER:140;2025-OCTOBER:110;2025-NOVEMBER:110;2025-DECEMBER:110;2026-JANUARY:90;2026-FEBRUARY:110;2026-MARCH:140;2026-APRIL:110;2026-MAY:140;2026-JUNE:110;2026-JULY:110;2026-AUGUST:110,
commission on selling a house,110,MEDIUM,62,1.25,10.09,9.74,2025-SEPTEMBER:90;2025-OCTOBER:110;2025-NOVEMBER:140;2025-DECEMBER:70;2026-JANUARY:140;2026-FEBRUARY:110;2026-MARCH:170;2026-APRIL:140;2026-MAY:90;2026-JUNE:70;2026-JULY:50;2026-AUGUST:70,commission for selling a house
frankston house prices,110,LOW,9,0.05,2.77,1.82,2025-SEPTEMBER:140;2025-OCTOBER:170;2025-NOVEMBER:140;2025-DECEMBER:140;2026-JANUARY:110;2026-FEBRUARY:140;2026-MARCH:140;2026-APRIL:90;2026-MAY:90;2026-JUNE:110;2026-JULY:90;2026-AUGUST:90,
qld 4214,110,LOW,0,0.0,0.0,0.0,2025-SEPTEMBER:90;2025-OCTOBER:110;2025-NOVEMBER:110;2025-DECEMBER:70;2026-JANUARY:110;2026-FEBRUARY:110;2026-MARCH:170;2026-APRIL:140;2026-MAY:140;2026-JUNE:110;2026-JULY:170;2026-AUGUST:170,
dale wa,110,LOW,0,0.0,0.0,0.0,2025-SEPTEMBER:90;2025-OCTOBER:110;2025-NOVEMBER:90;2025-DECEMBER:140;2026-JANUARY:90;2026-FEBRUARY:110;2026-MARCH:90;2026-APRIL:110;2026-MAY:210;2026-JUNE:90;2026-JULY:110;2026-AUGUST:110,dale western australia
burra sa population,110,LOW,0,0.0,0.0,0.0,2025-SEPTEMBER:140;2025-OCTOBER:140;2025-NOVEMBER:90;2025-DECEMBER:90;2026-JANUARY:110;2026-FEBRUARY:90;2026-MARCH:110;2026-APRIL:140;2026-MAY:110;2026-JUNE:140;2026-JULY:110;2026-AUGUST:110,
griffith dc,110,LOW,1,0.0,0.0,0.0,2025-SEPTEMBER:70;2025-OCTOBER:90;2025-NOVEMBER:110;2025-DECEMBER:110;2026-JANUARY:90;2026-FEBRUARY:110;2026-MARCH:140;2026-APRIL:170;2026-MAY:140;2026-JUNE:140;2026-JULY:110;2026-AUGUST:110,
home loan borrowing calculator cba,110,MEDIUM,52,0.07,5.34,0.8,2025-SEPTEMBER:170;2025-OCTOBER:140;2025-NOVEMBER:110;2025-DECEMBER:110;2026-JANUARY:110;2026-FEBRUARY:90;2026-MARCH:90;2026-APRIL:90;2026-MAY:140;2026-JUNE:110;2026-JULY:90;2026-AUGUST:90,
real estate agent carindale,110,MEDIUM,41,5.84,31.14,14.14,2025-SEPTEMBER:590;2025-OCTOBER:70;2025-NOVEMBER:70;2025-DECEMBER:50;2026-JANUARY:90;2026-FEBRUARY:90;2026-MARCH:170;2026-APRIL:70;2026-MAY:170;2026-JUNE:40;2026-JULY:30;2026-AUGUST:50,real estate agents carindale
werribee median house price,110,LOW,1,0.0,0.0,4.48,2025-SEPTEMBER:140;2025-OCTOBER:140;2025-NOVEMBER:110;2025-DECEMBER:90;2026-JANUARY:110;2026-FEBRUARY:140;2026-MARCH:140;2026-APRIL:140;2026-MAY:140;2026-JUNE:90;2026-JULY:70;2026-AUGUST:90,
real estate fees qld,110,MEDIUM,59,2.19,10.21,7.68,2025-SEPTEMBER:210;2025-OCTOBER:140;2025-NOVEMBER:90;2025-DECEMBER:90;2026-JANUARY:140;2026-FEBRUARY:110;2026-MARCH:110;2026-APRIL:90;2026-MAY:90;2026-JUNE:70;2026-JULY:70;2026-AUGUST:70,
real estate sales commission,110,MEDIUM,59,2.06,10.48,6.8,2025-SEPTEMBER:170;2025-OCTOBER:140;2025-NOVEMBER:140;2025-DECEMBER:90;2026-JANUARY:110;2026-FEBRUARY:110;2026-MARCH:170;2026-APRIL:110;2026-MAY:90;2026-JUNE:70;2026-JULY:70;2026-AUGUST:70,commission on real estate sales
when is stamp duty payable qld,110,LOW,1,0.0,0.0,0.0,2025-SEPTEMBER:170;2025-OCTOBER:170;2025-NOVEMBER:140;2025-DECEMBER:90;2026-JANUARY:110;2026-FEBRUARY:140;2026-MARCH:170;2026-APRIL:110;2026-MAY:110;2026-JUNE:90;2026-JULY:70;2026-AUGUST:70,
average real estate agent fees,110,MEDIUM,36,3.51,15.98,15.2,2025-SEPTEMBER:590;2025-OCTOBER:170;2025-NOVEMBER:70;2025-DECEMBER:70;2026-JANUARY:90;2026-FEBRUARY:70;2026-MARCH:140;2026-APRIL:70;2026-MAY:70;2026-JUNE:50;2026-JULY:50;2026-AUGUST:50,
home loan approval calculator,110,HIGH,77,2.7,10.6,10.01,2025-SEPTEMBER:170;2025-OCTOBER:110;2025-NOVEMBER:110;2025-DECEMBER:90;2026-JANUARY:90;2026-FEBRUARY:110;2026-MARCH:110;2026-APRIL:110;2026-MAY:110;2026-JUNE:90;2026-JULY:90;2026-AUGUST:70,
how much home loan can i get,110,HIGH,70,2.56,9.07,8.32,2025-SEPTEMBER:140;2025-OCTOBER:170;2025-NOVEMBER:70;2025-DECEMBER:70;2026-JANUARY:110;2026-FEBRUARY:90;2026-MARCH:210;2026-APRIL:110;2026-MAY:90;2026-JUNE:50;2026-JULY:50;2026-AUGUST:70,
kenmore postal code,110,LOW,0,0.0,0.0,0.0,2025-SEPTEMBER:90;2025-OCTOBER:110;2025-NOVEMBER:140;2025-DECEMBER:110;2026-JANUARY:140;2026-FEBRUARY:110;2026-MARCH:110;2026-APRIL:110;2026-MAY:90;2026-JUNE:140;2026-JULY:110;2026-AUGUST:140,
typical real estate agent fees,110,MEDIUM,36,3.51,15.98,15.2,2025-SEPTEMBER:590;2025-OCTOBER:170;2025-NOVEMBER:70;2025-DECEMBER:70;2026-JANUARY:90;2026-FEBRUARY:70;2026-MARCH:140;2026-APRIL:70;2026-MAY:70;2026-JUNE:50;2026-JULY:50;2026-AUGUST:50,
au property report,110,MEDIUM,34,1.23,6.17,2.62,2025-SEPTEMBER:140;2025-OCTOBER:140;2025-NOVEMBER:110;2025-DECEMBER:110;2026-JANUARY:140;2026-FEBRUARY:140;2026-MARCH:140;2026-APRIL:140;2026-MAY:70;2026-JUNE:90;2026-JULY:50;2026-AUGUST:70,
average house price sydney by suburb,110,LOW,11,0.89,1.38,1.88,2025-SEPTEMBER:140;2025-OCTOBER:110;2025-NOVEMBER:140;2025-DECEMBER:110;2026-JANUARY:110;2026-FEBRUARY:90;2026-MARCH:140;2026-APRIL:110;2026-MAY:90;2026-JUNE:70;2026-JULY:70;2026-AUGUST:70,
full house renovation cost,110,MEDIUM,42,2.27,6.67,6.06,2025-SEPTEMBER:110;2025-OCTOBER:140;2025-NOVEMBER:90;2025-DECEMBER:90;2026-JANUARY:140;2026-FEBRUARY:110;2026-MARCH:140;2026-APRIL:110;2026-MAY:110;2026-JUNE:90;2026-JULY:110;2026-AUGUST:90,
how much is commission for selling a house,110,MEDIUM,41,2.44,14.65,10.71,2025-SEPTEMBER:210;2025-OCTOBER:260;2025-NOVEMBER:210;2025-DECEMBER:210;2026-JANUARY:140;2026-FEBRUARY:70;2026-MARCH:90;2026-APRIL:90;2026-MAY:70;2026-JUNE:70;2026-JULY:40;2026-AUGUST:40,
loan serviceability calculator,110,HIGH,78,1.38,4.67,4.57,2025-SEPTEMBER:140;2025-OCTOBER:170;2025-NOVEMBER:110;2025-DECEMBER:70;2026-JANUARY:140;2026-FEBRUARY:110;2026-MARCH:110;2026-APRIL:140;2026-MAY:90;2026-JUNE:70;2026-JULY:50;2026-AUGUST:90,
real estate agents north melbourne,110,MEDIUM,52,3.5,29.16,19.25,2025-SEPTEMBER:320;2025-OCTOBER:110;2025-NOVEMBER:70;2025-DECEMBER:30;2026-JANUARY:90;2026-FEBRUARY:140;2026-MARCH:140;2026-APRIL:110;2026-MAY:110;2026-JUNE:50;2026-JULY:110;2026-AUGUST:70,
orange real estate agents,110,HIGH,67,1.48,16.3,3.99,2025-SEPTEMBER:140;2025-OCTOBER:140;2025-NOVEMBER:170;2025-DECEMBER:70;2026-JANUARY:170;2026-FEBRUARY:140;2026-MARCH:170;2026-APRIL:110;2026-MAY:90;2026-JUNE:70;2026-JULY:90;2026-AUGUST:90,
rental yield melbourne,110,LOW,4,0.0,0.0,7.93,2025-SEPTEMBER:170;2025-OCTOBER:170;2025-NOVEMBER:110;2025-DECEMBER:90;2026-JANUARY:140;2026-FEBRUARY:110;2026-MARCH:110;2026-APRIL:110;2026-MAY:110;2026-JUNE:70;2026-JULY:70;2026-AUGUST:70,melbourne rental yield
st peters postcode sa,110,LOW,0,0.0,0.0,0.0,2025-SEPTEMBER:70;2025-OCTOBER:90;2025-NOVEMBER:140;2025-DECEMBER:140;2026-JANUARY:140;2026-FEBRUARY:140;2026-MARCH:140;2026-APRIL:90;2026-MAY:110;2026-JUNE:70;2026-JULY:70;2026-AUGUST:140,
where is taralga nsw,110,LOW,0,0.0,0.0,0.0,2025-SEPTEMBER:140;2025-OCTOBER:90;2025-NOVEMBER:110;2025-DECEMBER:90;2026-JANUARY:90;2026-FEBRUARY:70;2026-MARCH:70;2026-APRIL:70;2026-MAY:110;2026-JUNE:70;2026-JULY:110;2026-AUGUST:210,
scarborough real estate agents,110,MEDIUM,42,4.41,31.91,30.77,2025-SEPTEMBER:210;2025-OCTOBER:110;2025-NOVEMBER:70;2025-DECEMBER:50;2026-JANUARY:90;2026-FEBRUARY:90;2026-MARCH:210;2026-APRIL:70;2026-MAY:110;2026-JUNE:110;2026-JULY:110;2026-AUGUST:70,
whole home renovation cost,110,MEDIUM,42,2.28,6.67,6.06,2025-SEPTEMBER:110;2025-OCTOBER:140;2025-NOVEMBER:90;2025-DECEMBER:90;2026-JANUARY:140;2026-FEBRUARY:110;2026-MARCH:140;2026-APRIL:110;2026-MAY:110;2026-JUNE:90;2026-JULY:110;2026-AUGUST:90,
cba borrowing capacity calculator,110,MEDIUM,41,0.04,5.32,0.5,2025-SEPTEMBER:90;2025-OCTOBER:110;2025-NOVEMBER:110;2025-DECEMBER:70;2026-JANUARY:110;2026-FEBRUARY:110;2026-MARCH:110;2026-APRIL:110;2026-MAY:110;2026-JUNE:90;2026-JULY:90;2026-AUGUST:110,
how much commission to sell a house,110,MEDIUM,41,2.44,14.65,10.71,2025-SEPTEMBER:210;2025-OCTOBER:260;2025-NOVEMBER:210;2025-DECEMBER:210;2026-JANUARY:140;2026-FEBRUARY:70;2026-MARCH:90;2026-APRIL:90;2026-MAY:70;2026-JUNE:70;2026-JULY:40;2026-AUGUST:40,how much commission to sell house
median house price parramatta,110,LOW,2,0.0,0.0,0.0,2025-SEPTEMBER:170;2025-OCTOBER:170;2025-NOVEMBER:140;2025-DECEMBER:110;2026-JANUARY:110;2026-FEBRUARY:110;2026-MARCH:170;2026-APRIL:110;2026-MAY:110;2026-JUNE:90;2026-JULY:70;2026-AUGUST:90,
sydney median house price by suburb,110,LOW,11,0.89,1.38,1.88,2025-SEPTEMBER:140;2025-OCTOBER:110;2025-NOVEMBER:140;2025-DECEMBER:110;2026-JANUARY:110;2026-FEBRUARY:90;2026-MARCH:140;2026-APRIL:110;2026-MAY:90;2026-JUNE:70;2026-JULY:70;2026-AUGUST:70,
where is taigum qld,110,LOW,0,0.0,0.0,0.0,2025-SEPTEMBER:90;2025-OCTOBER:140;2025-NOVEMBER:140;2025-DECEMBER:110;2026-JANUARY:110;2026-FEBRUARY:140;2026-MARCH:110;2026-APRIL:140;2026-MAY:110;2026-JUNE:140;2026-JULY:110;2026-AUGUST:110,
yea population,110,LOW,0,0.0,0.0,0.0,2025-SEPTEMBER:90;2025-OCTOBER:90;2025-NOVEMBER:70;2025-DECEMBER:70;2026-JANUARY:390;2026-FEBRUARY:70;2026-MARCH:70;2026-APRIL:90;2026-MAY:110;2026-JUNE:90;2026-JULY:90;2026-AUGUST:90,
brisbane stamp duty,110,LOW,29,0.11,1.07,1.08,2025-SEPTEMBER:170;2025-OCTOBER:140;2025-NOVEMBER:110;2025-DECEMBER:70;2026-JANUARY:140;2026-FEBRUARY:140;2026-MARCH:170;2026-APRIL:70;2026-MAY:70;2026-JUNE:70;2026-JULY:50;2026-AUGUST:70,
cost of selling a house in victoria calculator,110,MEDIUM,63,1.74,5.73,6.53,2025-SEPTEMBER:110;2025-OCTOBER:140;2025-NOVEMBER:90;2025-DECEMBER:70;2026-JANUARY:90;2026-FEBRUARY:140;2026-MARCH:140;2026-APRIL:110;2026-MAY:110;2026-JUNE:90;2026-JULY:90;2026-AUGUST:110,
full house remodel cost,110,MEDIUM,42,2.28,6.67,6.06,2025-SEPTEMBER:110;2025-OCTOBER:140;2025-NOVEMBER:90;2025-DECEMBER:90;2026-JANUARY:140;2026-FEBRUARY:110;2026-MARCH:140;2026-APRIL:110;2026-MAY:110;2026-JUNE:90;2026-JULY:110;2026-AUGUST:90,
median house price nsw,110,LOW,0,0.0,0.0,0.0,2025-SEPTEMBER:140;2025-OCTOBER:140;2025-NOVEMBER:110;2025-DECEMBER:90;2026-JANUARY:110;2026-FEBRUARY:140;2026-MARCH:170;2026-APRIL:90;2026-MAY:110;2026-JUNE:110;2026-JULY:90;2026-AUGUST:70,
mortgage loan approval calculator,110,HIGH,77,2.7,10.61,10.01,2025-SEPTEMBER:170;2025-OCTOBER:110;2025-NOVEMBER:110;2025-DECEMBER:90;2026-JANUARY:90;2026-FEBRUARY:110;2026-MARCH:110;2026-APRIL:110;2026-MAY:110;2026-JUNE:90;2026-JULY:90;2026-AUGUST:70,
real estate agents kensington,110,LOW,24,4.84,23.9,20.72,2025-SEPTEMBER:110;2025-OCTOBER:260;2025-NOVEMBER:40;2025-DECEMBER:40;2026-JANUARY:70;2026-FEBRUARY:110;2026-MARCH:170;2026-APRIL:90;2026-MAY:70;2026-JUNE:70;2026-JULY:110;2026-AUGUST:140,
richmond median house price,110,LOW,0,0.0,0.0,0.0,2025-SEPTEMBER:140;2025-OCTOBER:140;2025-NOVEMBER:110;2025-DECEMBER:90;2026-JANUARY:110;2026-FEBRUARY:140;2026-MARCH:170;2026-APRIL:110;2026-MAY:140;2026-JUNE:90;2026-JULY:90;2026-AUGUST:90,
stockton postcode nsw,110,LOW,0,0.0,0.0,0.0,2025-SEPTEMBER:90;2025-OCTOBER:70;2025-NOVEMBER:90;2025-DECEMBER:110;2026-JANUARY:90;2026-FEBRUARY:110;2026-MARCH:90;2026-APRIL:140;2026-MAY:140;2026-JUNE:90;2026-JULY:140;2026-AUGUST:210,
terrigal real estate agents,110,MEDIUM,45,3.45,20.4,12.75,2025-SEPTEMBER:110;2025-OCTOBER:110;2025-NOVEMBER:170;2025-DECEMBER:70;2026-JANUARY:90;2026-FEBRUARY:140;2026-MARCH:140;2026-APRIL:70;2026-MAY:70;2026-JUNE:90;2026-JULY:90;2026-AUGUST:70,
wahroonga median house price,110,LOW,0,0.0,0.0,0.0,2025-SEPTEMBER:140;2025-OCTOBER:140;2025-NOVEMBER:140;2025-DECEMBER:90;2026-JANUARY:110;2026-FEBRUARY:90;2026-MARCH:110;2026-APRIL:110;2026-MAY:90;2026-JUNE:70;2026-JULY:90;2026-AUGUST:90,
where is buderim,110,LOW,0,0.0,0.0,0.0,2025-SEPTEMBER:110;2025-OCTOBER:140;2025-NOVEMBER:170;2025-DECEMBER:110;2026-JANUARY:110;2026-FEBRUARY:110;2026-MARCH:110;2026-APRIL:140;2026-MAY:140;2026-JUNE:110;2026-JULY:90;2026-AUGUST:90,
where is taigum,110,LOW,0,0.0,0.0,0.0,2025-SEPTEMBER:90;2025-OCTOBER:140;2025-NOVEMBER:140;2025-DECEMBER:110;2026-JANUARY:110;2026-FEBRUARY:140;2026-MARCH:110;2026-APRIL:140;2026-MAY:110;2026-JUNE:140;2026-JULY:110;2026-AUGUST:110,
where is taigum in brisbane,110,LOW,0,0.0,0.0,0.0,2025-SEPTEMBER:90;2025-OCTOBER:140;2025-NOVEMBER:140;2025-DECEMBER:110;2026-JANUARY:110;2026-FEBRUARY:140;2026-MARCH:110;2026-APRIL:140;2026-MAY:110;2026-JUNE:140;2026-JULY:110;2026-AUGUST:110,
bondi postcode sydney,110,LOW,0,0.0,0.0,0.0,2025-SEPTEMBER:90;2025-OCTOBER:110;2025-NOVEMBER:110;2025-DECEMBER:170;2026-JANUARY:110;2026-FEBRUARY:110;2026-MARCH:110;2026-APRIL:90;2026-MAY:90;2026-JUNE:70;2026-JULY:90;2026-AUGUST:110,
borrowing capacity calculator cba,110,MEDIUM,41,0.04,5.32,0.5,2025-SEPTEMBER:90;2025-OCTOBER:110;2025-NOVEMBER:110;2025-DECEMBER:70;2026-JANUARY:110;2026-FEBRUARY:110;2026-MARCH:110;2026-APRIL:110;2026-MAY:110;2026-JUNE:90;2026-JULY:90;2026-AUGUST:110,
bridging loan cost,110,HIGH,67,1.68,9.76,7.63,2025-SEPTEMBER:110;2025-OCTOBER:140;2025-NOVEMBER:110;2025-DECEMBER:70;2026-JANUARY:110;2026-FEBRUARY:140;2026-MARCH:140;2026-APRIL:90;2026-MAY:110;2026-JUNE:90;2026-JULY:70;2026-AUGUST:90,
commission for selling house,110,MEDIUM,62,1.25,10.1,9.75,2025-SEPTEMBER:90;2025-OCTOBER:110;2025-NOVEMBER:140;2025-DECEMBER:70;2026-JANUARY:140;2026-FEBRUARY:110;2026-MARCH:170;2026-APRIL:140;2026-MAY:90;2026-JUNE:70;2026-JULY:50;2026-AUGUST:70,
complete house renovation cost,110,MEDIUM,42,2.28,6.67,6.06,2025-SEPTEMBER:110;2025-OCTOBER:140;2025-NOVEMBER:90;2025-DECEMBER:90;2026-JANUARY:140;2026-FEBRUARY:110;2026-MARCH:140;2026-APRIL:110;2026-MAY:110;2026-JUNE:90;2026-JULY:110;2026-AUGUST:90,
estimate borrowing power,110,HIGH,75,2.06,8.42,7.1,2025-SEPTEMBER:140;2025-OCTOBER:140;2025-NOVEMBER:90;2025-DECEMBER:70;2026-JANUARY:110;2026-FEBRUARY:140;2026-MARCH:110;2026-APRIL:110;2026-MAY:90;2026-JUNE:90;2026-JULY:90;2026-AUGUST:90,
is essendon a good suburb,110,LOW,0,0.0,0.0,0.0,2025-SEPTEMBER:110;2025-OCTOBER:90;2025-NOVEMBER:90;2025-DECEMBER:70;2026-JANUARY:110;2026-FEBRUARY:110;2026-MARCH:110;2026-APRIL:170;2026-MAY:140;2026-JUNE:110;2026-JULY:70;2026-AUGUST:90,
osr stamp duty calculator qld,110,LOW,1,0.0,0.0,0.0,2025-SEPTEMBER:170;2025-OCTOBER:140;2025-NOVEMBER:110;2025-DECEMBER:70;2026-JANUARY:90;2026-FEBRUARY:110;2026-MARCH:170;2026-APRIL:90;2026-MAY:110;2026-JUNE:90;2026-JULY:90;2026-AUGUST:70,
property reports australia,110,MEDIUM,34,1.23,6.17,2.62,2025-SEPTEMBER:140;2025-OCTOBER:140;2025-NOVEMBER:110;2025-DECEMBER:110;2026-JANUARY:140;2026-FEBRUARY:140;2026-MARCH:140;2026-APRIL:140;2026-MAY:70;2026-JUNE:90;2026-JULY:50;2026-AUGUST:70,
remodeling entire house cost,110,MEDIUM,42,2.28,6.67,6.06,2025-SEPTEMBER:110;2025-OCTOBER:140;2025-NOVEMBER:90;2025-DECEMBER:90;2026-JANUARY:140;2026-FEBRUARY:110;2026-MARCH:140;2026-APRIL:110;2026-MAY:110;2026-JUNE:90;2026-JULY:110;2026-AUGUST:90,
renovation budget,110,MEDIUM,38,2.03,6.92,6.49,2025-SEPTEMBER:140;2025-OCTOBER:210;2025-NOVEMBER:170;2025-DECEMBER:90;2026-JANUARY:140;2026-FEBRUARY:90;2026-MARCH:110;2026-APRIL:70;2026-MAY:90;2026-JUNE:90;2026-JULY:70;2026-AUGUST:70,
toorak house prices,110,LOW,5,0.05,1.93,2.04,2025-SEPTEMBER:110;2025-OCTOBER:140;2025-NOVEMBER:140;2025-DECEMBER:110;2026-JANUARY:140;2026-FEBRUARY:90;2026-MARCH:110;2026-APRIL:140;2026-MAY:140;2026-JUNE:110;2026-JULY:140;2026-AUGUST:110,
whole house remodel cost,110,MEDIUM,42,2.28,6.67,6.06,2025-SEPTEMBER:110;2025-OCTOBER:140;2025-NOVEMBER:90;2025-DECEMBER:90;2026-JANUARY:140;2026-FEBRUARY:110;2026-MARCH:140;2026-APRIL:110;2026-MAY:110;2026-JUNE:90;2026-JULY:110;2026-AUGUST:90,
4214 qld,110,LOW,0,0.0,0.0,0.0,2025-SEPTEMBER:90;2025-OCTOBER:110;2025-NOVEMBER:110;2025-DECEMBER:70;2026-JANUARY:110;2026-FEBRUARY:110;2026-MARCH:170;2026-APRIL:140;2026-MAY:140;2026-JUNE:110;2026-JULY:170;2026-AUGUST:170,
500 000 mortgage payment,110,HIGH,71,0.74,3.29,3.29,2025-SEPTEMBER:110;2025-OCTOBER:110;2025-NOVEMBER:110;2025-DECEMBER:90;2026-JANUARY:110;2026-FEBRUARY:90;2026-MARCH:110;2026-APRIL:140;2026-MAY:140;2026-JUNE:90;2026-JULY:110;2026-AUGUST:140,
average house price by suburb sydney,110,LOW,11,0.89,1.38,1.88,2025-SEPTEMBER:140;2025-OCTOBER:110;2025-NOVEMBER:140;2025-DECEMBER:110;2026-JANUARY:110;2026-FEBRUARY:90;2026-MARCH:140;2026-APRIL:110;2026-MAY:90;2026-JUNE:70;2026-JULY:70;2026-AUGUST:70,
bridging home loan,110,HIGH,68,4.95,27.31,26.63,2025-SEPTEMBER:140;2025-OCTOBER:140;2025-NOVEMBER:110;2025-DECEMBER:70;2026-JANUARY:110;2026-FEBRUARY:90;2026-MARCH:140;2026-APRIL:110;2026-MAY:90;2026-JUNE:90;2026-JULY:110;2026-AUGUST:110,
cba home loan borrowing calculator,110,MEDIUM,52,0.07,5.34,0.8,2025-SEPTEMBER:170;2025-OCTOBER:140;2025-NOVEMBER:110;2025-DECEMBER:110;2026-JANUARY:110;2026-FEBRUARY:90;2026-MARCH:90;2026-APRIL:90;2026-MAY:140;2026-JUNE:110;2026-JULY:90;2026-AUGUST:90,
compare cities,110,LOW,0,0.0,0.0,0.0,2025-SEPTEMBER:110;2025-OCTOBER:110;2025-NOVEMBER:110;2025-DECEMBER:140;2026-JANUARY:110;2026-FEBRUARY:110;2026-MARCH:170;2026-APRIL:110;2026-MAY:110;2026-JUNE:90;2026-JULY:90;2026-AUGUST:140,
concord median house price,110,LOW,1,0.0,0.0,0.0,2025-SEPTEMBER:170;2025-OCTOBER:170;2025-NOVEMBER:140;2025-DECEMBER:110;2026-JANUARY:140;2026-FEBRUARY:110;2026-MARCH:110;2026-APRIL:110;2026-MAY:90;2026-JUNE:70;2026-JULY:50;2026-AUGUST:70,
full home renovation cost,110,MEDIUM,42,2.26,6.64,6.03,2025-SEPTEMBER:110;2025-OCTOBER:140;2025-NOVEMBER:90;2025-DECEMBER:90;2026-JANUARY:140;2026-FEBRUARY:110;2026-MARCH:140;2026-APRIL:110;2026-MAY:110;2026-JUNE:90;2026-JULY:110;2026-AUGUST:90,
glenelg real estate agents,110,MEDIUM,42,2.41,12.89,7.64,2025-SEPTEMBER:170;2025-OCTOBER:110;2025-NOVEMBER:110;2025-DECEMBER:110;2026-JANUARY:140;2026-FEBRUARY:140;2026-MARCH:140;2026-APRIL:90;2026-MAY:70;2026-JUNE:70;2026-JULY:90;2026-AUGUST:90,
gst on stamp duty,110,LOW,0,0.0,0.0,0.0,2025-SEPTEMBER:170;2025-OCTOBER:140;2025-NOVEMBER:170;2025-DECEMBER:70;2026-JANUARY:110;2026-FEBRUARY:140;2026-MARCH:170;2026-APRIL:110;2026-MAY:140;2026-JUNE:90;2026-JULY:90;2026-AUGUST:90,
how much to knock down and rebuild a house,110,MEDIUM,40,1.63,9.09,16.41,2025-SEPTEMBER:110;2025-OCTOBER:110;2025-NOVEMBER:110;2025-DECEMBER:40;2026-JANUARY:70;2026-FEBRUARY:70;2026-MARCH:170;2026-APRIL:140;2026-MAY:170;2026-JUNE:110;2026-JULY:90;2026-AUGUST:90,
kensington real estate agents,110,LOW,24,4.82,23.79,20.62,2025-SEPTEMBER:110;2025-OCTOBER:260;2025-NOVEMBER:40;2025-DECEMBER:40;2026-JANUARY:70;2026-FEBRUARY:110;2026-MARCH:170;2026-APRIL:90;2026-MAY:70;2026-JUNE:70;2026-JULY:110;2026-AUGUST:140,
median house price pakenham,110,LOW,7,0.76,3.02,9.14,2025-SEPTEMBER:90;2025-OCTOBER:170;2025-NOVEMBER:170;2025-DECEMBER:140;2026-JANUARY:140;2026-FEBRUARY:110;2026-MARCH:110;2026-APRIL:110;2026-MAY:110;2026-JUNE:90;2026-JULY:90;2026-AUGUST:110,
median house price sydney by suburb,110,LOW,11,0.88,1.37,1.87,2025-SEPTEMBER:140;2025-OCTOBER:110;2025-NOVEMBER:140;2025-DECEMBER:110;2026-JANUARY:110;2026-FEBRUARY:90;2026-MARCH:140;2026-APRIL:110;2026-MAY:90;2026-JUNE:70;2026-JULY:70;2026-AUGUST:70,median house price sydney suburbs
moonee ponds median house price,110,LOW,3,0.0,0.0,0.03,2025-SEPTEMBER:140;2025-OCTOBER:110;2025-NOVEMBER:140;2025-DECEMBER:140;2026-JANUARY:110;2026-FEBRUARY:110;2026-MARCH:140;2026-APRIL:110;2026-MAY:110;2026-JUNE:90;2026-JULY:110;2026-AUGUST:90,
mortgage capacity calculator,110,HIGH,77,1.33,6.43,4.63,2025-SEPTEMBER:110;2025-OCTOBER:110;2025-NOVEMBER:90;2025-DECEMBER:90;2026-JANUARY:140;2026-FEBRUARY:90;2026-MARCH:90;2026-APRIL:110;2026-MAY:110;2026-JUNE:90;2026-JULY:110;2026-AUGUST:90,
mortgage lending calculator,110,HIGH,77,1.43,7.45,6.48,2025-SEPTEMBER:170;2025-OCTOBER:110;2025-NOVEMBER:110;2025-DECEMBER:90;2026-JANUARY:140;2026-FEBRUARY:140;2026-MARCH:90;2026-APRIL:110;2026-MAY:110;2026-JUNE:50;2026-JULY:70;2026-AUGUST:90,
real estate agents buxton,110,LOW,30,2.42,8.09,8.05,2025-SEPTEMBER:50;2025-OCTOBER:390;2025-NOVEMBER:40;2025-DECEMBER:50;2026-JANUARY:50;2026-FEBRUARY:90;2026-MARCH:140;2026-APRIL:110;2026-MAY:70;2026-JUNE:70;2026-JULY:70;2026-AUGUST:70,
real estate agents in mudgee,110,LOW,24,2.45,12.78,14.09,2025-SEPTEMBER:140;2025-OCTOBER:140;2025-NOVEMBER:70;2025-DECEMBER:70;2026-JANUARY:90;2026-FEBRUARY:110;2026-MARCH:170;2026-APRIL:90;2026-MAY:90;2026-JUNE:90;2026-JULY:140;2026-AUGUST:140,
selling property tax,110,LOW,5,0.0,0.0,0.0,2025-SEPTEMBER:390;2025-OCTOBER:140;2025-NOVEMBER:90;2025-DECEMBER:70;2026-JANUARY:90;2026-FEBRUARY:70;2026-MARCH:110;2026-APRIL:70;2026-MAY:70;2026-JUNE:90;2026-JULY:50;2026-AUGUST:50,
stamp duty calculator qld osr,110,LOW,1,0.0,0.0,0.0,2025-SEPTEMBER:170;2025-OCTOBER:140;2025-NOVEMBER:110;2025-DECEMBER:70;2026-JANUARY:90;2026-FEBRUARY:110;2026-MARCH:170;2026-APRIL:90;2026-MAY:110;2026-JUNE:90;2026-JULY:90;2026-AUGUST:70,
stamp duty on commercial property qld,110,LOW,4,0.14,4.46,0.0,2025-SEPTEMBER:390;2025-OCTOBER:140;2025-NOVEMBER:110;2025-DECEMBER:70;2026-JANUARY:70;2026-FEBRUARY:90;2026-MARCH:110;2026-APRIL:70;2026-MAY:90;2026-JUNE:90;2026-JULY:70;2026-AUGUST:70,
toorak melbourne house prices,110,LOW,5,0.05,1.92,2.03,2025-SEPTEMBER:110;2025-OCTOBER:140;2025-NOVEMBER:140;2025-DECEMBER:110;2026-JANUARY:140;2026-FEBRUARY:90;2026-MARCH:110;2026-APRIL:140;2026-MAY:140;2026-JUNE:110;2026-JULY:140;2026-AUGUST:110,
3024 vic,110,LOW,0,0.0,0.0,0.0,2025-SEPTEMBER:70;2025-OCTOBER:70;2025-NOVEMBER:70;2025-DECEMBER:50;2026-JANUARY:70;2026-FEBRUARY:110;2026-MARCH:140;2026-APRIL:110;2026-MAY:140;2026-JUNE:110;2026-JULY:110;2026-AUGUST:140,
4122 qld,110,LOW,0,0.0,0.0,0.0,2025-SEPTEMBER:110;2025-OCTOBER:110;2025-NOVEMBER:110;2025-DECEMBER:70;2026-JANUARY:90;2026-FEBRUARY:90;2026-MARCH:140;2026-APRIL:110;2026-MAY:140;2026-JUNE:110;2026-JULY:140;2026-AUGUST:170,
bondi median house price,90,LOW,0,0.0,0.0,0.0,2025-SEPTEMBER:90;2025-OCTOBER:110;2025-NOVEMBER:70;2025-DECEMBER:170;2026-JANUARY:70;2026-FEBRUARY:90;2026-MARCH:90;2026-APRIL:90;2026-MAY:90;2026-JUNE:50;2026-JULY:50;2026-AUGUST:70,
dubbo postcode nsw,90,LOW,0,0.0,0.0,0.0,2025-SEPTEMBER:70;2025-OCTOBER:40;2025-NOVEMBER:70;2025-DECEMBER:70;2026-JANUARY:70;2026-FEBRUARY:70;2026-MARCH:110;2026-APRIL:90;2026-MAY:90;2026-JUNE:90;2026-JULY:90;2026-AUGUST:90,
best suburbs in australia,90,LOW,1,0.0,0.0,0.03,2025-SEPTEMBER:170;2025-OCTOBER:170;2025-NOVEMBER:90;2025-DECEMBER:70;2026-JANUARY:50;2026-FEBRUARY:70;2026-MARCH:110;2026-APRIL:90;2026-MAY:140;2026-JUNE:70;2026-JULY:50;2026-AUGUST:50,australia best suburbs|best suburbs australia
investment yield calculator,90,LOW,3,0.0,0.0,0.0,2025-SEPTEMBER:140;2025-OCTOBER:110;2025-NOVEMBER:90;2025-DECEMBER:70;2026-JANUARY:70;2026-FEBRUARY:110;2026-MARCH:90;2026-APRIL:70;2026-MAY:90;2026-JUNE:50;2026-JULY:70;2026-AUGUST:20,
morayfield suburb profile,90,LOW,3,0.0,0.0,0.0,2025-SEPTEMBER:110;2025-OCTOBER:90;2025-NOVEMBER:110;2025-DECEMBER:70;2026-JANUARY:90;2026-FEBRUARY:70;2026-MARCH:90;2026-APRIL:70;2026-MAY:70;2026-JUNE:50;2026-JULY:70;2026-AUGUST:40,
vaucluse average house price,90,LOW,2,0.0,0.0,2.04,2025-SEPTEMBER:170;2025-OCTOBER:90;2025-NOVEMBER:90;2025-DECEMBER:90;2026-JANUARY:90;2026-FEBRUARY:70;2026-MARCH:90;2026-APRIL:70;2026-MAY:110;2026-JUNE:70;2026-JULY:70;2026-AUGUST:70,
property yield,90,LOW,7,2.52,10.0,15.05,2025-SEPTEMBER:320;2025-OCTOBER:110;2025-NOVEMBER:70;2025-DECEMBER:50;2026-JANUARY:90;2026-FEBRUARY:90;2026-MARCH:110;2026-APRIL:70;2026-MAY:70;2026-JUNE:50;2026-JULY:50;2026-AUGUST:50,
how much rent can i afford australia calculator,90,LOW,3,0.0,0.0,8.43,2025-SEPTEMBER:170;2025-OCTOBER:140;2025-NOVEMBER:140;2025-DECEMBER:90;2026-JANUARY:110;2026-FEBRUARY:90;2026-MARCH:110;2026-APRIL:110;2026-MAY:70;2026-JUNE:50;2026-JULY:50;2026-AUGUST:40,
hurstville median house price,90,LOW,0,0.0,0.0,0.0,2025-SEPTEMBER:110;2025-OCTOBER:140;2025-NOVEMBER:90;2025-DECEMBER:90;2026-JANUARY:110;2026-FEBRUARY:90;2026-MARCH:110;2026-APRIL:90;2026-MAY:90;2026-JUNE:70;2026-JULY:70;2026-AUGUST:70,
cronulla median house price,90,LOW,0,0.0,0.0,0.0,2025-SEPTEMBER:90;2025-OCTOBER:110;2025-NOVEMBER:70;2025-DECEMBER:90;2026-JANUARY:90;2026-FEBRUARY:50;2026-MARCH:110;2026-APRIL:90;2026-MAY:110;2026-JUNE:50;2026-JULY:50;2026-AUGUST:70,
home renovation australia,90,LOW,33,3.19,8.37,8.7,2025-SEPTEMBER:110;2025-OCTOBER:110;2025-NOVEMBER:140;2025-DECEMBER:50;2026-JANUARY:110;2026-FEBRUARY:70;2026-MARCH:90;2026-APRIL:70;2026-MAY:90;2026-JUNE:70;2026-JULY:50;2026-AUGUST:40,
st kilda median house price,90,LOW,1,0.0,0.0,0.0,2025-SEPTEMBER:90;2025-OCTOBER:140;2025-NOVEMBER:90;2025-DECEMBER:70;2026-JANUARY:110;2026-FEBRUARY:90;2026-MARCH:110;2026-APRIL:90;2026-MAY:110;2026-JUNE:70;2026-JULY:90;2026-AUGUST:70,
can i afford to buy a house,90,HIGH,79,3.62,11.44,12.36,2025-SEPTEMBER:90;2025-OCTOBER:90;2025-NOVEMBER:70;2025-DECEMBER:90;2026-JANUARY:70;2026-FEBRUARY:70;2026-MARCH:90;2026-APRIL:70;2026-MAY:90;2026-JUNE:70;2026-JULY:70;2026-AUGUST:90,
fitzroy real estate agents,90,MEDIUM,49,3.28,19.08,13.2,2025-SEPTEMBER:110;2025-OCTOBER:110;2025-NOVEMBER:40;2025-DECEMBER:40;2026-JANUARY:70;2026-FEBRUARY:110;2026-MARCH:110;2026-APRIL:90;2026-MAY:90;2026-JUNE:50;2026-JULY:90;2026-AUGUST:90,real estate agents fitzroy
how much can i borrow mortgage australia,90,HIGH,76,1.58,6.76,6.15,2025-SEPTEMBER:140;2025-OCTOBER:90;2025-NOVEMBER:70;2025-DECEMBER:70;2026-JANUARY:110;2026-FEBRUARY:90;2026-MARCH:90;2026-APRIL:110;2026-MAY:70;2026-JUNE:50;2026-JULY:50;2026-AUGUST:40,
qld 4556,90,LOW,0,0.0,0.0,0.0,2025-SEPTEMBER:70;2025-OCTOBER:70;2025-NOVEMBER:50;2025-DECEMBER:70;2026-JANUARY:50;2026-FEBRUARY:50;2026-MARCH:140;2026-APRIL:90;2026-MAY:110;2026-JUNE:90;2026-JULY:110;2026-AUGUST:110,
standard real estate commission,90,LOW,33,2.19,12.11,10.5,2025-SEPTEMBER:170;2025-OCTOBER:70;2025-NOVEMBER:90;2025-DECEMBER:70;2026-JANUARY:140;2026-FEBRUARY:140;2026-MARCH:110;2026-APRIL:90;2026-MAY:90;2026-JUNE:70;2026-JULY:40;2026-AUGUST:70,
gross rental yield,90,LOW,1,0.0,0.0,0.0,2025-SEPTEMBER:140;2025-OCTOBER:140;2025-NOVEMBER:90;2025-DECEMBER:70;2026-JANUARY:90;2026-FEBRUARY:110;2026-MARCH:140;2026-APRIL:70;2026-MAY:90;2026-JUNE:50;2026-JULY:70;2026-AUGUST:70,
langley vale nsw,90,LOW,0,0.0,0.0,0.0,2025-SEPTEMBER:50;2025-OCTOBER:90;2025-NOVEMBER:70;2025-DECEMBER:50;2026-JANUARY:90;2026-FEBRUARY:70;2026-MARCH:110;2026-APRIL:70;2026-MAY:90;2026-JUNE:90;2026-JULY:140;2026-AUGUST:70,
best suburb in australia,90,LOW,1,0.0,0.0,0.03,2025-SEPTEMBER:170;2025-OCTOBER:170;2025-NOVEMBER:90;2025-DECEMBER:70;2026-JANUARY:50;2026-FEBRUARY:70;2026-MARCH:110;2026-APRIL:90;2026-MAY:140;2026-JUNE:70;2026-JULY:50;2026-AUGUST:50,
real estate agent fees victoria,90,MEDIUM,47,3.87,17.94,14.49,2025-SEPTEMBER:70;2025-OCTOBER:90;2025-NOVEMBER:90;2025-DECEMBER:90;2026-JANUARY:140;2026-FEBRUARY:110;2026-MARCH:140;2026-APRIL:110;2026-MAY:90;2026-JUNE:40;2026-JULY:50;2026-AUGUST:40,
real estate agents south melbourne,90,MEDIUM,45,5.68,31.9,29.85,2025-SEPTEMBER:110;2025-OCTOBER:110;2025-NOVEMBER:50;2025-DECEMBER:50;2026-JANUARY:70;2026-FEBRUARY:110;2026-MARCH:170;2026-APRIL:110;2026-MAY:110;2026-JUNE:70;2026-JULY:110;2026-AUGUST:90,
bathurst postcode nsw,90,LOW,0,0.0,0.0,0.0,2025-SEPTEMBER:70;2025-OCTOBER:90;2025-NOVEMBER:70;2025-DECEMBER:90;2026-JANUARY:110;2026-FEBRUARY:90;2026-MARCH:90;2026-APRIL:70;2026-MAY:110;2026-JUNE:110;2026-JULY:90;2026-AUGUST:140,
median house price st kilda,90,LOW,1,0.0,0.0,0.0,2025-SEPTEMBER:90;2025-OCTOBER:140;2025-NOVEMBER:90;2025-DECEMBER:70;2026-JANUARY:110;2026-FEBRUARY:90;2026-MARCH:110;2026-APRIL:90;2026-MAY:110;2026-JUNE:70;2026-JULY:90;2026-AUGUST:70,
real estate agent commission nsw,90,MEDIUM,47,2.26,11.83,8.72,2025-SEPTEMBER:170;2025-OCTOBER:110;2025-NOVEMBER:90;2025-DECEMBER:70;2026-JANUARY:110;2026-FEBRUARY:110;2026-MARCH:110;2026-APRIL:90;2026-MAY:90;2026-JUNE:70;2026-JULY:70;2026-AUGUST:50,
subject to sale clause,90,LOW,1,0.0,0.0,0.0,2025-SEPTEMBER:90;2025-OCTOBER:90;2025-NOVEMBER:90;2025-DECEMBER:50;2026-JANUARY:90;2026-FEBRUARY:90;2026-MARCH:110;2026-APRIL:70;2026-MAY:110;2026-JUNE:110;2026-JULY:70;2026-AUGUST:110,
what are the repayments on a 400k mortgage,90,MEDIUM,62,0.63,3.42,2.73,2025-SEPTEMBER:50;2025-OCTOBER:90;2025-NOVEMBER:90;2025-DECEMBER:50;2026-JANUARY:90;2026-FEBRUARY:90;2026-MARCH:110;2026-APRIL:90;2026-MAY:90;2026-JUNE:90;2026-JULY:70;2026-AUGUST:90,
williamstown median house price,90,LOW,1,0.0,0.0,0.0,2025-SEPTEMBER:90;2025-OCTOBER:110;2025-NOVEMBER:90;2025-DECEMBER:90;2026-JANUARY:110;2026-FEBRUARY:90;2026-MARCH:90;2026-APRIL:90;2026-MAY:90;2026-JUNE:70;2026-JULY:70;2026-AUGUST:70,
kew real estate agents,90,MEDIUM,50,4.29,24.23,23.96,2025-SEPTEMBER:90;2025-OCTOBER:90;2025-NOVEMBER:50;2025-DECEMBER:40;2026-JANUARY:90;2026-FEBRUARY:110;2026-MARCH:170;2026-APRIL:90;2026-MAY:90;2026-JUNE:40;2026-JULY:70;2026-AUGUST:50,
property gain tax,90,LOW,9,0.0,0.0,0.03,2025-SEPTEMBER:170;2025-OCTOBER:110;2025-NOVEMBER:70;2025-DECEMBER:40;2026-JANUARY:70;2026-FEBRUARY:110;2026-MARCH:90;2026-APRIL:70;2026-MAY:140;2026-JUNE:70;2026-JULY:40;2026-AUGUST:30,
tax on rental income calculator australia,90,LOW,4,0.0,0.0,15.92,2025-SEPTEMBER:110;2025-OCTOBER:110;2025-NOVEMBER:90;2025-DECEMBER:70;2026-JANUARY:110;2026-FEBRUARY:90;2026-MARCH:70;2026-APRIL:90;2026-MAY:70;2026-JUNE:50;2026-JULY:50;2026-AUGUST:70,
elwood real estate agents,90,MEDIUM,58,5.61,27.85,23.75,2025-SEPTEMBER:140;2025-OCTOBER:90;2025-NOVEMBER:90;2025-DECEMBER:70;2026-JANUARY:70;2026-FEBRUARY:140;2026-MARCH:170;2026-APRIL:90;2026-MAY:110;2026-JUNE:70;2026-JULY:70;2026-AUGUST:90,elwood real estate agencies
griffith real estate agents,90,MEDIUM,41,2.59,8.92,9.27,2025-SEPTEMBER:110;2025-OCTOBER:140;2025-NOVEMBER:140;2025-DECEMBER:50;2026-JANUARY:90;2026-FEBRUARY:110;2026-MARCH:110;2026-APRIL:90;2026-MAY:90;2026-JUNE:70;2026-JULY:50;2026-AUGUST:50,
how much are repayments on a 500k mortgage,90,HIGH,68,0.58,3.8,3.12,2025-SEPTEMBER:90;2025-OCTOBER:90;2025-NOVEMBER:70;2025-DECEMBER:50;2026-JANUARY:90;2026-FEBRUARY:90;2026-MARCH:90;2026-APRIL:90;2026-MAY:110;2026-JUNE:90;2026-JULY:70;2026-AUGUST:70,
median house price buderim,90,LOW,2,0.98,9.9,0.0,2025-SEPTEMBER:110;2025-OCTOBER:110;2025-NOVEMBER:140;2025-DECEMBER:90;2026-JANUARY:110;2026-FEBRUARY:70;2026-MARCH:70;2026-APRIL:70;2026-MAY:90;2026-JUNE:70;2026-JULY:70;2026-AUGUST:90,
pre approval calculator,90,HIGH,74,3.25,10.22,12.15,2025-SEPTEMBER:260;2025-OCTOBER:140;2025-NOVEMBER:90;2025-DECEMBER:70;2026-JANUARY:90;2026-FEBRUARY:90;2026-MARCH:90;2026-APRIL:90;2026-MAY:70;2026-JUNE:70;2026-JULY:50;2026-AUGUST:50,
principal and interest loan,90,MEDIUM,37,3.42,23.24,16.13,2025-SEPTEMBER:210;2025-OCTOBER:110;2025-NOVEMBER:110;2025-DECEMBER:70;2026-JANUARY:70;2026-FEBRUARY:110;2026-MARCH:90;2026-APRIL:70;2026-MAY:90;2026-JUNE:90;2026-JULY:70;2026-AUGUST:70,
bridging mortgage,90,HIGH,69,4.26,20.42,18.0,2025-SEPTEMBER:170;2025-OCTOBER:90;2025-NOVEMBER:110;2025-DECEMBER:70;2026-JANUARY:110;2026-FEBRUARY:110;2026-MARCH:110;2026-APRIL:70;2026-MAY:90;2026-JUNE:70;2026-JULY:70;2026-AUGUST:90,
buyers agent fees melbourne,90,MEDIUM,64,6.44,17.71,19.18,2025-SEPTEMBER:590;2025-OCTOBER:70;2025-NOVEMBER:30;2025-DECEMBER:10;2026-JANUARY:40;2026-FEBRUARY:50;2026-MARCH:30;2026-APRIL:20;2026-MAY:30;2026-JUNE:30;2026-JULY:30;2026-AUGUST:30,
canterbury median house price,90,LOW,0,0.0,0.0,0.0,2025-SEPTEMBER:90;2025-OCTOBER:90;2025-NOVEMBER:90;2025-DECEMBER:70;2026-JANUARY:90;2026-FEBRUARY:90;2026-MARCH:90;2026-APRIL:70;2026-MAY:90;2026-JUNE:70;2026-JULY:70;2026-AUGUST:70,
how much are repayments on a 600k mortgage,90,MEDIUM,65,0.64,4.49,3.58,2025-SEPTEMBER:90;2025-OCTOBER:90;2025-NOVEMBER:90;2025-DECEMBER:50;2026-JANUARY:110;2026-FEBRUARY:90;2026-MARCH:70;2026-APRIL:70;2026-MAY:90;2026-JUNE:70;2026-JULY:70;2026-AUGUST:70,
how much can i borrow for a mortgage in australia,90,HIGH,76,1.58,6.76,6.15,2025-SEPTEMBER:140;2025-OCTOBER:90;2025-NOVEMBER:70;2025-DECEMBER:70;2026-JANUARY:110;2026-FEBRUARY:90;2026-MARCH:90;2026-APRIL:110;2026-MAY:70;2026-JUNE:50;2026-JULY:50;2026-AUGUST:40,
median house price narre warren,90,LOW,0,0.0,0.0,0.0,2025-SEPTEMBER:90;2025-OCTOBER:140;2025-NOVEMBER:110;2025-DECEMBER:90;2026-JANUARY:110;2026-FEBRUARY:90;2026-MARCH:70;2026-APRIL:90;2026-MAY:70;2026-JUNE:70;2026-JULY:70;2026-AUGUST:70,
monthly repayments on 600k mortgage,90,MEDIUM,48,0.32,2.82,2.32,2025-SEPTEMBER:140;2025-OCTOBER:110;2025-NOVEMBER:70;2025-DECEMBER:50;2026-JANUARY:90;2026-FEBRUARY:90;2026-MARCH:90;2026-APRIL:90;2026-MAY:70;2026-JUNE:70;2026-JULY:50;2026-AUGUST:70,
moreton bay suburbs,90,LOW,0,0.0,0.0,0.0,2025-SEPTEMBER:110;2025-OCTOBER:90;2025-NOVEMBER:90;2025-DECEMBER:140;2026-JANUARY:140;2026-FEBRUARY:90;2026-MARCH:90;2026-APRIL:70;2026-MAY:50;2026-JUNE:50;2026-JULY:70;2026-AUGUST:110,
mortgage serviceability calculator,90,HIGH,76,1.14,5.95,6.7,2025-SEPTEMBER:110;2025-OCTOBER:110;2025-NOVEMBER:90;2025-DECEMBER:70;2026-JANUARY:90;2026-FEBRUARY:70;2026-MARCH:90;2026-APRIL:90;2026-MAY:90;2026-JUNE:90;2026-JULY:50;2026-AUGUST:50,
sunnyside sa,90,LOW,1,0.0,0.0,0.0,2025-SEPTEMBER:70;2025-OCTOBER:70;2025-NOVEMBER:70;2025-DECEMBER:70;2026-JANUARY:90;2026-FEBRUARY:90;2026-MARCH:90;2026-APRIL:90;2026-MAY:90;2026-JUNE:90;2026-JULY:70;2026-AUGUST:90,
agent selling fees,90,MEDIUM,65,4.42,17.47,10.21,2025-SEPTEMBER:480;2025-OCTOBER:90;2025-NOVEMBER:70;2025-DECEMBER:50;2026-JANUARY:70;2026-FEBRUARY:70;2026-MARCH:90;2026-APRIL:90;2026-MAY:70;2026-JUNE:50;2026-JULY:40;2026-AUGUST:30,agents selling fees|seller agent fee|selling agent fees|agent fees for selling|agents selling fee
cairns postcode 4870,90,LOW,0,0.0,0.0,0.0,2025-SEPTEMBER:140;2025-OCTOBER:40;2025-NOVEMBER:50;2025-DECEMBER:70;2026-JANUARY:70;2026-FEBRUARY:70;2026-MARCH:90;2026-APRIL:70;2026-MAY:110;2026-JUNE:110;2026-JULY:110;2026-AUGUST:70,
capital gains tax exemptions on property,90,LOW,2,0.0,0.0,0.0,2025-SEPTEMBER:260;2025-OCTOBER:170;2025-NOVEMBER:90;2025-DECEMBER:50;2026-JANUARY:90;2026-FEBRUARY:110;2026-MARCH:90;2026-APRIL:50;2026-MAY:70;2026-JUNE:50;2026-JULY:30;2026-AUGUST:20,
christmas island houses,90,LOW,2,0.0,0.0,0.27,2025-SEPTEMBER:90;2025-OCTOBER:140;2025-NOVEMBER:110;2025-DECEMBER:90;2026-JANUARY:70;2026-FEBRUARY:90;2026-MARCH:90;2026-APRIL:110;2026-MAY:70;2026-JUNE:70;2026-JULY:110;2026-AUGUST:140,
how much will the bank loan me,90,HIGH,79,1.72,7.29,8.28,2025-SEPTEMBER:110;2025-OCTOBER:90;2025-NOVEMBER:110;2025-DECEMBER:50;2026-JANUARY:90;2026-FEBRUARY:90;2026-MARCH:90;2026-APRIL:90;2026-MAY:90;2026-JUNE:70;2026-JULY:50;2026-AUGUST:50,
how much would a bank lend me,90,HIGH,79,1.72,7.29,8.28,2025-SEPTEMBER:110;2025-OCTOBER:90;2025-NOVEMBER:110;2025-DECEMBER:50;2026-JANUARY:90;2026-FEBRUARY:90;2026-MARCH:90;2026-APRIL:90;2026-MAY:90;2026-JUNE:70;2026-JULY:50;2026-AUGUST:50,
new farm postcode qld,90,LOW,0,0.0,0.0,0.0,2025-SEPTEMBER:20;2025-OCTOBER:40;2025-NOVEMBER:90;2025-DECEMBER:140;2026-JANUARY:110;2026-FEBRUARY:110;2026-MARCH:90;2026-APRIL:70;2026-MAY:70;2026-JUNE:90;2026-JULY:70;2026-AUGUST:90,
real estate agents griffith,90,MEDIUM,41,2.59,8.92,9.27,2025-SEPTEMBER:110;2025-OCTOBER:140;2025-NOVEMBER:140;2025-DECEMBER:50;2026-JANUARY:90;2026-FEBRUARY:110;2026-MARCH:110;2026-APRIL:90;2026-MAY:90;2026-JUNE:70;2026-JULY:50;2026-AUGUST:50,
riverglades sa,90,LOW,0,0.0,0.0,0.0,2025-SEPTEMBER:110;2025-OCTOBER:110;2025-NOVEMBER:90;2025-DECEMBER:70;2026-JANUARY:110;2026-FEBRUARY:70;2026-MARCH:50;2026-APRIL:70;2026-MAY:90;2026-JUNE:70;2026-JULY:70;2026-AUGUST:90,
springfield postcode qld,90,LOW,0,0.0,0.0,0.0,2025-SEPTEMBER:50;2025-OCTOBER:70;2025-NOVEMBER:90;2025-DECEMBER:140;2026-JANUARY:110;2026-FEBRUARY:70;2026-MARCH:90;2026-APRIL:90;2026-MAY:70;2026-JUNE:90;2026-JULY:110;2026-AUGUST:110,
toorak suburb,90,LOW,0,0.0,0.0,0.0,2025-SEPTEMBER:70;2025-OCTOBER:70;2025-NOVEMBER:70;2025-DECEMBER:70;2026-JANUARY:70;2026-FEBRUARY:70;2026-MARCH:90;2026-APRIL:70;2026-MAY:90;2026-JUNE:140;2026-JULY:70;2026-AUGUST:90,
warroo nsw,90,LOW,0,0.0,0.0,0.0,2025-SEPTEMBER:90;2025-OCTOBER:70;2025-NOVEMBER:90;2025-DECEMBER:70;2026-JANUARY:70;2026-FEBRUARY:50;2026-MARCH:260;2026-APRIL:90;2026-MAY:70;2026-JUNE:50;2026-JULY:70;2026-AUGUST:90,
where is cromer nsw,90,LOW,0,0.0,0.0,0.0,2025-SEPTEMBER:70;2025-OCTOBER:90;2025-NOVEMBER:90;2025-DECEMBER:70;2026-JANUARY:110;2026-FEBRUARY:90;2026-MARCH:70;2026-APRIL:90;2026-MAY:70;2026-JUNE:70;2026-JULY:90;2026-AUGUST:110,
yield on a property,90,LOW,7,2.53,10.02,15.08,2025-SEPTEMBER:320;2025-OCTOBER:110;2025-NOVEMBER:70;2025-DECEMBER:50;2026-JANUARY:90;2026-FEBRUARY:90;2026-MARCH:110;2026-APRIL:70;2026-MAY:70;2026-JUNE:50;2026-JULY:50;2026-AUGUST:50,
austral suburb profile,90,LOW,6,1.4,2.66,2.38,2025-SEPTEMBER:140;2025-OCTOBER:90;2025-NOVEMBER:110;2025-DECEMBER:70;2026-JANUARY:90;2026-FEBRUARY:70;2026-MARCH:90;2026-APRIL:110;2026-MAY:90;2026-JUNE:70;2026-JULY:90;2026-AUGUST:50,
best australian suburbs,90,LOW,1,0.0,0.0,0.03,2025-SEPTEMBER:170;2025-OCTOBER:170;2025-NOVEMBER:90;2025-DECEMBER:70;2026-JANUARY:50;2026-FEBRUARY:70;2026-MARCH:110;2026-APRIL:90;2026-MAY:140;2026-JUNE:70;2026-JULY:50;2026-AUGUST:50,
calculate yield,90,LOW,3,0.0,0.0,0.0,2025-SEPTEMBER:140;2025-OCTOBER:110;2025-NOVEMBER:90;2025-DECEMBER:50;2026-JANUARY:70;2026-FEBRUARY:70;2026-MARCH:90;2026-APRIL:70;2026-MAY:90;2026-JUNE:70;2026-JULY:70;2026-AUGUST:70,
can i afford to buy a home,90,HIGH,79,3.62,11.44,12.36,2025-SEPTEMBER:90;2025-OCTOBER:90;2025-NOVEMBER:70;2025-DECEMBER:90;2026-JANUARY:70;2026-FEBRUARY:70;2026-MARCH:90;2026-APRIL:70;2026-MAY:90;2026-JUNE:70;2026-JULY:70;2026-AUGUST:90,
greenwich schools,90,LOW,3,0.0,0.0,0.0,2025-SEPTEMBER:140;2025-OCTOBER:110;2025-NOVEMBER:90;2025-DECEMBER:70;2026-JANUARY:110;2026-FEBRUARY:90;2026-MARCH:110;2026-APRIL:70;2026-MAY:90;2026-JUNE:70;2026-JULY:70;2026-AUGUST:70,
how do you work out yield,90,LOW,4,0.0,0.0,0.0,2025-SEPTEMBER:140;2025-OCTOBER:110;2025-NOVEMBER:90;2025-DECEMBER:50;2026-JANUARY:90;2026-FEBRUARY:110;2026-MARCH:110;2026-APRIL:70;2026-MAY:90;2026-JUNE:50;2026-JULY:70;2026-AUGUST:70,
how much can i borrow for a mortgage australia,90,HIGH,76,1.57,6.73,6.12,2025-SEPTEMBER:140;2025-OCTOBER:90;2025-NOVEMBER:70;2025-DECEMBER:70;2026-JANUARY:110;2026-FEBRUARY:90;2026-MARCH:90;2026-APRIL:110;2026-MAY:70;2026-JUNE:50;2026-JULY:50;2026-AUGUST:40,
how much mortgage can i borrow australia,90,HIGH,76,1.57,6.73,6.12,2025-SEPTEMBER:140;2025-OCTOBER:90;2025-NOVEMBER:70;2025-DECEMBER:70;2026-JANUARY:110;2026-FEBRUARY:90;2026-MARCH:90;2026-APRIL:110;2026-MAY:70;2026-JUNE:50;2026-JULY:50;2026-AUGUST:40,
loan approval calculator,90,HIGH,77,2.7,9.56,11.56,2025-SEPTEMBER:170;2025-OCTOBER:260;2025-NOVEMBER:90;2025-DECEMBER:50;2026-JANUARY:110;2026-FEBRUARY:50;2026-MARCH:70;2026-APRIL:70;2026-MAY:70;2026-JUNE:90;2026-JULY:50;2026-AUGUST:50,
loan servicing calculator,90,HIGH,79,1.58,6.09,5.21,2025-SEPTEMBER:90;2025-OCTOBER:110;2025-NOVEMBER:110;2025-DECEMBER:70;2026-JANUARY:140;2026-FEBRUARY:90;2026-MARCH:90;2026-APRIL:90;2026-MAY:110;2026-JUNE:90;2026-JULY:110;2026-AUGUST:70,
long term property gain tax,90,LOW,1,0.0,0.0,0.0,2025-SEPTEMBER:170;2025-OCTOBER:140;2025-NOVEMBER:90;2025-DECEMBER:70;2026-JANUARY:90;2026-FEBRUARY:90;2026-MARCH:90;2026-APRIL:50;2026-MAY:90;2026-JUNE:50;2026-JULY:40;2026-AUGUST:30,
nsw real estate agent commission,90,MEDIUM,47,2.25,11.78,8.68,2025-SEPTEMBER:170;2025-OCTOBER:110;2025-NOVEMBER:90;2025-DECEMBER:70;2026-JANUARY:110;2026-FEBRUARY:110;2026-MARCH:110;2026-APRIL:90;2026-MAY:90;2026-JUNE:70;2026-JULY:70;2026-AUGUST:50,
preston suburb profile,90,LOW,1,0.0,0.0,0.0,2025-SEPTEMBER:110;2025-OCTOBER:110;2025-NOVEMBER:70;2025-DECEMBER:70;2026-JANUARY:90;2026-FEBRUARY:90;2026-MARCH:110;2026-APRIL:110;2026-MAY:90;2026-JUNE:50;2026-JULY:70;2026-AUGUST:50,
property experts,90,LOW,23,4.07,25.07,4.49,2025-SEPTEMBER:110;2025-OCTOBER:70;2025-NOVEMBER:70;2025-DECEMBER:90;2026-JANUARY:90;2026-FEBRUARY:110;2026-MARCH:140;2026-APRIL:90;2026-MAY:90;2026-JUNE:70;2026-JULY:70;2026-AUGUST:110,
real estate agents kew,90,MEDIUM,50,4.27,24.12,23.84,2025-SEPTEMBER:90;2025-OCTOBER:90;2025-NOVEMBER:50;2025-DECEMBER:40;2026-JANUARY:90;2026-FEBRUARY:110;2026-MARCH:170;2026-APRIL:90;2026-MAY:90;2026-JUNE:40;2026-JULY:70;2026-AUGUST:50,
real estate agents rouse hill,90,MEDIUM,37,4.07,34.87,18.26,2025-SEPTEMBER:320;2025-OCTOBER:170;2025-NOVEMBER:90;2025-DECEMBER:40;2026-JANUARY:70;2026-FEBRUARY:70;2026-MARCH:110;2026-APRIL:50;2026-MAY:50;2026-JUNE:90;2026-JULY:50;2026-AUGUST:70,
real estate agents woolgoolga,90,MEDIUM,46,3.78,13.42,11.79,2025-SEPTEMBER:90;2025-OCTOBER:90;2025-NOVEMBER:90;2025-DECEMBER:70;2026-JANUARY:110;2026-FEBRUARY:90;2026-MARCH:140;2026-APRIL:90;2026-MAY:70;2026-JUNE:70;2026-JULY:90;2026-AUGUST:70,
south mackay qld,90,LOW,2,0.0,0.0,0.0,2025-SEPTEMBER:140;2025-OCTOBER:110;2025-NOVEMBER:90;2025-DECEMBER:50;2026-JANUARY:70;2026-FEBRUARY:70;2026-MARCH:70;2026-APRIL:110;2026-MAY:70;2026-JUNE:70;2026-JULY:70;2026-AUGUST:110,
trunding qld,90,LOW,1,0.0,0.0,0.0,2025-SEPTEMBER:90;2025-OCTOBER:70;2025-NOVEMBER:90;2025-DECEMBER:70;2026-JANUARY:70;2026-FEBRUARY:50;2026-MARCH:110;2026-APRIL:90;2026-MAY:90;2026-JUNE:110;2026-JULY:170;2026-AUGUST:90,
what is a dual key property,90,LOW,3,0.0,0.0,7.21,2025-SEPTEMBER:390;2025-OCTOBER:90;2025-NOVEMBER:70;2025-DECEMBER:50;2026-JANUARY:90;2026-FEBRUARY:50;2026-MARCH:50;2026-APRIL:70;2026-MAY:70;2026-JUNE:70;2026-JULY:70;2026-AUGUST:70,
what is dual occupancy homes,90,LOW,13,0.14,2.09,0.0,2025-SEPTEMBER:50;2025-OCTOBER:70;2025-NOVEMBER:70;2025-DECEMBER:70;2026-JANUARY:70;2026-FEBRUARY:90;2026-MARCH:110;2026-APRIL:90;2026-MAY:110;2026-JUNE:90;2026-JULY:70;2026-AUGUST:50,
what is real estate commission,90,MEDIUM,40,1.9,7.36,5.27,2025-SEPTEMBER:140;2025-OCTOBER:90;2025-NOVEMBER:70;2025-DECEMBER:90;2026-JANUARY:90;2026-FEBRUARY:90;2026-MARCH:90;2026-APRIL:70;2026-MAY:50;2026-JUNE:50;2026-JULY:50;2026-AUGUST:70,
what is the commission on selling a house,90,MEDIUM,45,1.44,10.02,4.88,2025-SEPTEMBER:50;2025-OCTOBER:90;2025-NOVEMBER:90;2025-DECEMBER:70;2026-JANUARY:90;2026-FEBRUARY:140;2026-MARCH:90;2026-APRIL:90;2026-MAY:90;2026-JUNE:70;2026-JULY:50;2026-AUGUST:50,
working out rental yield,90,LOW,6,0.0,0.0,1.73,2025-SEPTEMBER:140;2025-OCTOBER:140;2025-NOVEMBER:110;2025-DECEMBER:90;2026-JANUARY:110;2026-FEBRUARY:90;2026-MARCH:90;2026-APRIL:90;2026-MAY:70;2026-JUNE:70;2026-JULY:50;2026-AUGUST:50,
40 year mortgage loan calculator,90,MEDIUM,64,1.11,3.93,3.94,2025-SEPTEMBER:140;2025-OCTOBER:140;2025-NOVEMBER:110;2025-DECEMBER:70;2026-JANUARY:50;2026-FEBRUARY:90;2026-MARCH:70;2026-APRIL:50;2026-MAY:90;2026-JUNE:50;2026-JULY:30;2026-AUGUST:140,
400 000 mortgage payment,90,HIGH,68,0.95,3.37,3.08,2025-SEPTEMBER:90;2025-OCTOBER:110;2025-NOVEMBER:90;2025-DECEMBER:50;2026-JANUARY:90;2026-FEBRUARY:70;2026-MARCH:90;2026-APRIL:70;2026-MAY:70;2026-JUNE:70;2026-JULY:70;2026-AUGUST:70,
agents fees for selling,90,MEDIUM,65,4.4,17.39,10.17,2025-SEPTEMBER:480;2025-OCTOBER:90;2025-NOVEMBER:70;2025-DECEMBER:50;2026-JANUARY:70;2026-FEBRUARY:70;2026-MARCH:90;2026-APRIL:90;2026-MAY:70;2026-JUNE:50;2026-JULY:40;2026-AUGUST:30,
allambee south,90,LOW,1,0.0,0.0,0.0,2025-SEPTEMBER:90;2025-OCTOBER:170;2025-NOVEMBER:90;2025-DECEMBER:90;2026-JANUARY:140;2026-FEBRUARY:90;2026-MARCH:90;2026-APRIL:70;2026-MAY:50;2026-JUNE:70;2026-JULY:70;2026-AUGUST:70,
armstrong vic,90,LOW,0,0.0,0.0,0.0,2025-SEPTEMBER:50;2025-OCTOBER:70;2025-NOVEMBER:90;2025-DECEMBER:50;2026-JANUARY:70;2026-FEBRUARY:70;2026-MARCH:170;2026-APRIL:90;2026-MAY:110;2026-JUNE:90;2026-JULY:90;2026-AUGUST:90,
bendigo property market,90,LOW,7,1.2,10.91,6.66,2025-SEPTEMBER:90;2025-OCTOBER:140;2025-NOVEMBER:90;2025-DECEMBER:70;2026-JANUARY:90;2026-FEBRUARY:110;2026-MARCH:90;2026-APRIL:90;2026-MAY:90;2026-JUNE:70;2026-JULY:90;2026-AUGUST:50,
black rock suburb,90,LOW,0,0.0,0.0,0.0,2025-SEPTEMBER:70;2025-OCTOBER:110;2025-NOVEMBER:110;2025-DECEMBER:110;2026-JANUARY:90;2026-FEBRUARY:110;2026-MARCH:110;2026-APRIL:110;2026-MAY:90;2026-JUNE:70;2026-JULY:90;2026-AUGUST:70,
borrowing capacity calculator commbank,90,MEDIUM,57,0.06,6.07,1.33,2025-SEPTEMBER:70;2025-OCTOBER:70;2025-NOVEMBER:70;2025-DECEMBER:50;2026-JANUARY:90;2026-FEBRUARY:90;2026-MARCH:110;2026-APRIL:110;2026-MAY:110;2026-JUNE:90;2026-JULY:90;2026-AUGUST:110,
cba home loan borrowing power,90,MEDIUM,55,0.15,7.57,1.17,2025-SEPTEMBER:110;2025-OCTOBER:90;2025-NOVEMBER:90;2025-DECEMBER:90;2026-JANUARY:110;2026-FEBRUARY:90;2026-MARCH:90;2026-APRIL:110;2026-MAY:90;2026-JUNE:40;2026-JULY:40;2026-AUGUST:70,
christmas island housing,90,LOW,2,0.0,0.0,0.27,2025-SEPTEMBER:90;2025-OCTOBER:140;2025-NOVEMBER:110;2025-DECEMBER:90;2026-JANUARY:70;2026-FEBRUARY:90;2026-MARCH:90;2026-APRIL:110;2026-MAY:70;2026-JUNE:70;2026-JULY:110;2026-AUGUST:140,
commbank home loan borrowing power,90,MEDIUM,55,0.15,7.57,1.17,2025-SEPTEMBER:110;2025-OCTOBER:90;2025-NOVEMBER:90;2025-DECEMBER:90;2026-JANUARY:110;2026-FEBRUARY:90;2026-MARCH:90;2026-APRIL:110;2026-MAY:90;2026-JUNE:40;2026-JULY:40;2026-AUGUST:70,
how to choose a real estate agent,70,MEDIUM,50,16.07,74.33,63.35,2025-SEPTEMBER:90;2025-OCTOBER:90;2025-NOVEMBER:50;2025-DECEMBER:40;2026-JANUARY:50;2026-FEBRUARY:70;2026-MARCH:110;2026-APRIL:50;2026-MAY:70;2026-JUNE:50;2026-JULY:40;2026-AUGUST:30,
real estate guide,70,LOW,12,0.05,3.44,0.12,2025-SEPTEMBER:110;2025-OCTOBER:90;2025-NOVEMBER:90;2025-DECEMBER:50;2026-JANUARY:70;2026-FEBRUARY:90;2026-MARCH:110;2026-APRIL:50;2026-MAY:70;2026-JUNE:70;2026-JULY:50;2026-AUGUST:50,realestate guide
rental investment calculator,70,LOW,32,2.24,6.53,5.14,2025-SEPTEMBER:90;2025-OCTOBER:90;2025-NOVEMBER:70;2025-DECEMBER:70;2026-JANUARY:90;2026-FEBRUARY:70;2026-MARCH:90;2026-APRIL:70;2026-MAY:50;2026-JUNE:50;2026-JULY:70;2026-AUGUST:30,
property purchase process,70,MEDIUM,33,1.56,4.21,7.27,2025-SEPTEMBER:320;2025-OCTOBER:90;2025-NOVEMBER:50;2025-DECEMBER:30;2026-JANUARY:50;2026-FEBRUARY:50;2026-MARCH:50;2026-APRIL:50;2026-MAY:40;2026-JUNE:30;2026-JULY:30;2026-AUGUST:40,
purchasing property,70,LOW,14,0.56,14.86,13.22,2025-SEPTEMBER:70;2025-OCTOBER:70;2025-NOVEMBER:70;2025-DECEMBER:50;2026-JANUARY:50;2026-FEBRUARY:90;2026-MARCH:90;2026-APRIL:70;2026-MAY:70;2026-JUNE:90;2026-JULY:40;2026-AUGUST:90,
prestons postcode nsw,70,LOW,0,0.0,0.0,0.0,2025-SEPTEMBER:70;2025-OCTOBER:50;2025-NOVEMBER:50;2025-DECEMBER:50;2026-JANUARY:70;2026-FEBRUARY:70;2026-MARCH:110;2026-APRIL:70;2026-MAY:50;2026-JUNE:110;2026-JULY:90;2026-AUGUST:90,
what is the process of buying a house in australia,70,MEDIUM,63,1.61,5.46,3.95,2025-SEPTEMBER:110;2025-OCTOBER:70;2025-NOVEMBER:70;2025-DECEMBER:50;2026-JANUARY:70;2026-FEBRUARY:50;2026-MARCH:70;2026-APRIL:40;2026-MAY:50;2026-JUNE:70;2026-JULY:70;2026-AUGUST:50,
newstead postcode qld,70,LOW,0,0.0,0.0,0.0,2025-SEPTEMBER:70;2025-OCTOBER:50;2025-NOVEMBER:50;2025-DECEMBER:70;2026-JANUARY:90;2026-FEBRUARY:70;2026-MARCH:70;2026-APRIL:70;2026-MAY:90;2026-JUNE:70;2026-JULY:70;2026-AUGUST:110,
buderim population,70,LOW,0,0.0,0.0,0.0,2025-SEPTEMBER:70;2025-OCTOBER:70;2025-NOVEMBER:70;2025-DECEMBER:70;2026-JANUARY:70;2026-FEBRUARY:50;2026-MARCH:50;2026-APRIL:70;2026-MAY:70;2026-JUNE:70;2026-JULY:70;2026-AUGUST:70,
property buying process,70,MEDIUM,33,1.56,4.21,7.27,2025-SEPTEMBER:320;2025-OCTOBER:90;2025-NOVEMBER:50;2025-DECEMBER:30;2026-JANUARY:50;2026-FEBRUARY:50;2026-MARCH:50;2026-APRIL:50;2026-MAY:40;2026-JUNE:30;2026-JULY:30;2026-AUGUST:40,
renovation cost calculator australia,70,LOW,30,1.46,4.4,5.25,2025-SEPTEMBER:90;2025-OCTOBER:70;2025-NOVEMBER:90;2025-DECEMBER:70;2026-JANUARY:110;2026-FEBRUARY:70;2026-MARCH:70;2026-APRIL:50;2026-MAY:70;2026-JUNE:50;2026-JULY:40;2026-AUGUST:70,
real estate percentage of sale,70,MEDIUM,58,1.47,10.04,11.18,2025-SEPTEMBER:110;2025-OCTOBER:70;2025-NOVEMBER:40;2025-DECEMBER:40;2026-JANUARY:70;2026-FEBRUARY:90;2026-MARCH:140;2026-APRIL:50;2026-MAY:70;2026-JUNE:20;2026-JULY:20;2026-AUGUST:20,
rental calculator investment property,70,LOW,32,2.24,6.53,5.14,2025-SEPTEMBER:90;2025-OCTOBER:90;2025-NOVEMBER:70;2025-DECEMBER:70;2026-JANUARY:90;2026-FEBRUARY:70;2026-MARCH:90;2026-APRIL:70;2026-MAY:50;2026-JUNE:50;2026-JULY:70;2026-AUGUST:30,
rockingham suburb profile,70,LOW,2,0.0,0.0,0.0,2025-SEPTEMBER:70;2025-OCTOBER:90;2025-NOVEMBER:90;2025-DECEMBER:90;2026-JANUARY:90;2026-FEBRUARY:70;2026-MARCH:70;2026-APRIL:90;2026-MAY:70;2026-JUNE:40;2026-JULY:40;2026-AUGUST:30,
real estate fees nsw,70,MEDIUM,48,2.77,8.51,6.79,2025-SEPTEMBER:170;2025-OCTOBER:50;2025-NOVEMBER:50;2025-DECEMBER:50;2026-JANUARY:70;2026-FEBRUARY:70;2026-MARCH:110;2026-APRIL:70;2026-MAY:50;2026-JUNE:50;2026-JULY:40;2026-AUGUST:50,
goodwood postcode sa,70,LOW,0,0.0,0.0,0.0,2025-SEPTEMBER:50;2025-OCTOBER:50;2025-NOVEMBER:50;2025-DECEMBER:70;2026-JANUARY:50;2026-FEBRUARY:50;2026-MARCH:70;2026-APRIL:50;2026-MAY:50;2026-JUNE:50;2026-JULY:70;2026-AUGUST:110,
what is a principal and interest loan,70,LOW,6,0.16,16.06,0.0,2025-SEPTEMBER:140;2025-OCTOBER:70;2025-NOVEMBER:70;2025-DECEMBER:50;2026-JANUARY:50;2026-FEBRUARY:30;2026-MARCH:30;2026-APRIL:50;2026-MAY:70;2026-JUNE:90;2026-JULY:70;2026-AUGUST:110,
2043 postcode nsw,70,LOW,0,0.0,0.0,0.0,2025-SEPTEMBER:10;2025-OCTOBER:30;2025-NOVEMBER:50;2025-DECEMBER:110;2026-JANUARY:90;2026-FEBRUARY:70;2026-MARCH:90;2026-APRIL:90;2026-MAY:110;2026-JUNE:90;2026-JULY:90;2026-AUGUST:90,
2170 postcode nsw,70,LOW,0,0.0,0.0,0.0,2025-SEPTEMBER:70;2025-OCTOBER:90;2025-NOVEMBER:70;2025-DECEMBER:90;2026-JANUARY:70;2026-FEBRUARY:50;2026-MARCH:70;2026-APRIL:70;2026-MAY:90;2026-JUNE:90;2026-JULY:90;2026-AUGUST:90,
kiwirrkurra population,70,LOW,0,0.0,0.0,0.0,2025-SEPTEMBER:70;2025-OCTOBER:70;2025-NOVEMBER:90;2025-DECEMBER:50;2026-JANUARY:40;2026-FEBRUARY:50;2026-MARCH:90;2026-APRIL:90;2026-MAY:90;2026-JUNE:40;2026-JULY:30;2026-AUGUST:40,
what is rentvesting in australia,70,MEDIUM,39,0.13,4.44,0.06,2025-SEPTEMBER:70;2025-OCTOBER:50;2025-NOVEMBER:90;2025-DECEMBER:110;2026-JANUARY:110;2026-FEBRUARY:50;2026-MARCH:30;2026-APRIL:50;2026-MAY:170;2026-JUNE:40;2026-JULY:50;2026-AUGUST:30,
2026 postcode nsw,70,LOW,0,0.0,0.0,0.0,2025-SEPTEMBER:40;2025-OCTOBER:70;2025-NOVEMBER:70;2025-DECEMBER:90;2026-JANUARY:90;2026-FEBRUARY:90;2026-MARCH:70;2026-APRIL:90;2026-MAY:70;2026-JUNE:90;2026-JULY:70;2026-AUGUST:40,
3139 postcode victoria,70,LOW,0,0.0,0.0,0.0,2025-SEPTEMBER:70;2025-OCTOBER:90;2025-NOVEMBER:50;2025-DECEMBER:70;2026-JANUARY:70;2026-FEBRUARY:70;2026-MARCH:90;2026-APRIL:50;2026-MAY:50;2026-JUNE:70;2026-JULY:70;2026-AUGUST:50,
bank australia borrowing power,70,MEDIUM,39,2.09,9.8,2.52,2025-SEPTEMBER:50;2025-OCTOBER:70;2025-NOVEMBER:70;2025-DECEMBER:90;2026-JANUARY:110;2026-FEBRUARY:90;2026-MARCH:70;2026-APRIL:70;2026-MAY:70;2026-JUNE:50;2026-JULY:70;2026-AUGUST:70,
mortgage affordability calculator australia,70,HIGH,70,1.63,5.85,4.77,2025-SEPTEMBER:70;2025-OCTOBER:90;2025-NOVEMBER:50;2025-DECEMBER:40;2026-JANUARY:70;2026-FEBRUARY:70;2026-MARCH:70;2026-APRIL:90;2026-MAY:70;2026-JUNE:50;2026-JULY:70;2026-AUGUST:50,
how much can i afford to borrow,70,HIGH,71,1.13,6.48,5.65,2025-SEPTEMBER:50;2025-OCTOBER:90;2025-NOVEMBER:70;2025-DECEMBER:70;2026-JANUARY:70;2026-FEBRUARY:70;2026-MARCH:50;2026-APRIL:70;2026-MAY:50;2026-JUNE:40;2026-JULY:40;2026-AUGUST:30,
cromer postcode nsw,70,LOW,0,0.0,0.0,0.0,2025-SEPTEMBER:70;2025-OCTOBER:50;2025-NOVEMBER:90;2025-DECEMBER:70;2026-JANUARY:70;2026-FEBRUARY:70;2026-MARCH:70;2026-APRIL:50;2026-MAY:70;2026-JUNE:90;2026-JULY:70;2026-AUGUST:90,
house appraisal cost,70,MEDIUM,66,6.01,20.83,12.34,2025-SEPTEMBER:40;2025-OCTOBER:50;2025-NOVEMBER:30;2025-DECEMBER:20;2026-JANUARY:40;2026-FEBRUARY:70;2026-MARCH:70;2026-APRIL:110;2026-MAY:260;2026-JUNE:50;2026-JULY:30;2026-AUGUST:30,
how much can i borrow personal loan calculator,70,HIGH,71,1.61,9.4,9.47,2025-SEPTEMBER:90;2025-OCTOBER:70;2025-NOVEMBER:40;2025-DECEMBER:40;2026-JANUARY:70;2026-FEBRUARY:90;2026-MARCH:110;2026-APRIL:90;2026-MAY:90;2026-JUNE:50;2026-JULY:30;2026-AUGUST:30,
real estate commission calculator nsw,70,MEDIUM,34,1.74,6.11,5.08,2025-SEPTEMBER:170;2025-OCTOBER:90;2025-NOVEMBER:70;2025-DECEMBER:70;2026-JANUARY:90;2026-FEBRUARY:70;2026-MARCH:110;2026-APRIL:50;2026-MAY:50;2026-JUNE:30;2026-JULY:30;2026-AUGUST:40,
selling your home,70,MEDIUM,64,9.91,50.43,27.11,2025-SEPTEMBER:260;2025-OCTOBER:70;2025-NOVEMBER:30;2025-DECEMBER:40;2026-JANUARY:70;2026-FEBRUARY:50;2026-MARCH:140;2026-APRIL:70;2026-MAY:70;2026-JUNE:50;2026-JULY:30;2026-AUGUST:50,
taree postcode nsw,70,LOW,0,0.0,0.0,0.0,2025-SEPTEMBER:20;2025-OCTOBER:10;2025-NOVEMBER:30;2025-DECEMBER:90;2026-JANUARY:70;2026-FEBRUARY:90;2026-MARCH:90;2026-APRIL:90;2026-MAY:90;2026-JUNE:110;2026-JULY:90;2026-AUGUST:110,
brooklyn postcode vic,70,LOW,0,0.0,0.0,0.0,2025-SEPTEMBER:10;2025-OCTOBER:20;2025-NOVEMBER:20;2025-DECEMBER:10;2026-JANUARY:20;2026-FEBRUARY:40;2026-MARCH:30;2026-APRIL:70;2026-MAY:110;2026-JUNE:110;2026-JULY:140;2026-AUGUST:260,
lilydale postcode victoria,70,LOW,0,0.0,0.0,0.0,2025-SEPTEMBER:70;2025-OCTOBER:90;2025-NOVEMBER:70;2025-DECEMBER:90;2026-JANUARY:70;2026-FEBRUARY:70;2026-MARCH:90;2026-APRIL:50;2026-MAY:70;2026-JUNE:70;2026-JULY:70;2026-AUGUST:110,
ravenswood postcode wa,70,LOW,0,0.0,0.0,0.0,2025-SEPTEMBER:50;2025-OCTOBER:70;2025-NOVEMBER:70;2025-DECEMBER:70;2026-JANUARY:70;2026-FEBRUARY:70;2026-MARCH:50;2026-APRIL:70;2026-MAY:70;2026-JUNE:50;2026-JULY:90;2026-AUGUST:90,
rental property investment calculator,70,LOW,32,2.25,6.54,5.15,2025-SEPTEMBER:90;2025-OCTOBER:90;2025-NOVEMBER:70;2025-DECEMBER:70;2026-JANUARY:90;2026-FEBRUARY:70;2026-MARCH:90;2026-APRIL:70;2026-MAY:50;2026-JUNE:50;2026-JULY:70;2026-AUGUST:30,
how to work out rental return,70,LOW,7,0.0,0.0,0.0,2025-SEPTEMBER:90;2025-OCTOBER:110;2025-NOVEMBER:70;2025-DECEMBER:50;2026-JANUARY:50;2026-FEBRUARY:90;2026-MARCH:140;2026-APRIL:70;2026-MAY:70;2026-JUNE:40;2026-JULY:20;2026-AUGUST:30,
2500 postcode nsw,70,LOW,0,0.0,0.0,0.0,2025-SEPTEMBER:50;2025-OCTOBER:50;2025-NOVEMBER:70;2025-DECEMBER:70;2026-JANUARY:70;2026-FEBRUARY:50;2026-MARCH:70;2026-APRIL:50;2026-MAY:70;2026-JUNE:70;2026-JULY:70;2026-AUGUST:70,
newcastle postcode 2300,70,LOW,0,0.0,0.0,0.0,2025-SEPTEMBER:70;2025-OCTOBER:70;2025-NOVEMBER:90;2025-DECEMBER:90;2026-JANUARY:70;2026-FEBRUARY:90;2026-MARCH:70;2026-APRIL:20;2026-MAY:40;2026-JUNE:40;2026-JULY:50;2026-AUGUST:90,
rental report,70,LOW,7,1.21,4.05,4.66,2025-SEPTEMBER:210;2025-OCTOBER:70;2025-NOVEMBER:70;2025-DECEMBER:40;2026-JANUARY:90;2026-FEBRUARY:70;2026-MARCH:70;2026-APRIL:70;2026-MAY:70;2026-JUNE:50;2026-JULY:70;2026-AUGUST:50,
cgt on property sale,70,LOW,1,0.0,0.0,0.0,2025-SEPTEMBER:170;2025-OCTOBER:70;2025-NOVEMBER:70;2025-DECEMBER:50;2026-JANUARY:50;2026-FEBRUARY:50;2026-MARCH:50;2026-APRIL:50;2026-MAY:110;2026-JUNE:50;2026-JULY:50;2026-AUGUST:50,
kyogle real estate agents,70,MEDIUM,40,1.96,11.49,8.26,2025-SEPTEMBER:70;2025-OCTOBER:70;2025-NOVEMBER:50;2025-DECEMBER:50;2026-JANUARY:70;2026-FEBRUARY:70;2026-MARCH:110;2026-APRIL:90;2026-MAY:70;2026-JUNE:50;2026-JULY:30;2026-AUGUST:50,real estate agents kyogle
real estate agents lindfield,70,HIGH,69,5.68,13.25,12.51,2025-SEPTEMBER:70;2025-OCTOBER:50;2025-NOVEMBER:40;2025-DECEMBER:30;2026-JANUARY:110;2026-FEBRUARY:70;2026-MARCH:70;2026-APRIL:70;2026-MAY:70;2026-JUNE:50;2026-JULY:70;2026-AUGUST:50,
spring farm 2570,70,LOW,0,0.0,0.0,0.0,2025-SEPTEMBER:70;2025-OCTOBER:50;2025-NOVEMBER:70;2025-DECEMBER:40;2026-JANUARY:50;2026-FEBRUARY:70;2026-MARCH:90;2026-APRIL:70;2026-MAY:70;2026-JUNE:70;2026-JULY:50;2026-AUGUST:70,
caraban wa,70,LOW,0,0.0,0.0,0.0,2025-SEPTEMBER:70;2025-OCTOBER:70;2025-NOVEMBER:50;2025-DECEMBER:50;2026-JANUARY:90;2026-FEBRUARY:70;2026-MARCH:70;2026-APRIL:90;2026-MAY:70;2026-JUNE:70;2026-JULY:70;2026-AUGUST:70,
dandenong median house price,70,LOW,4,0.0,0.0,0.0,2025-SEPTEMBER:90;2025-OCTOBER:90;2025-NOVEMBER:70;2025-DECEMBER:50;2026-JANUARY:70;2026-FEBRUARY:70;2026-MARCH:70;2026-APRIL:70;2026-MAY:70;2026-JUNE:70;2026-JULY:50;2026-AUGUST:50,
edenhope population,70,LOW,0,0.0,0.0,0.0,2025-SEPTEMBER:50;2025-OCTOBER:50;2025-NOVEMBER:50;2025-DECEMBER:50;2026-JANUARY:70;2026-FEBRUARY:70;2026-MARCH:70;2026-APRIL:70;2026-MAY:50;2026-JUNE:40;2026-JULY:70;2026-AUGUST:90,
encumbrance on a property title,70,LOW,3,0.0,0.0,2.0,2025-SEPTEMBER:170;2025-OCTOBER:70;2025-NOVEMBER:70;2025-DECEMBER:50;2026-JANUARY:70;2026-FEBRUARY:70;2026-MARCH:70;2026-APRIL:50;2026-MAY:50;2026-JUNE:70;2026-JULY:40;2026-AUGUST:50,
how much can i loan for a house,70,HIGH,80,2.25,8.75,8.54,2025-SEPTEMBER:90;2025-OCTOBER:90;2025-NOVEMBER:70;2025-DECEMBER:70;2026-JANUARY:90;2026-FEBRUARY:70;2026-MARCH:90;2026-APRIL:70;2026-MAY:90;2026-JUNE:50;2026-JULY:70;2026-AUGUST:70,
real estate agencies ingleburn,70,MEDIUM,34,4.47,24.58,24.68,2025-SEPTEMBER:170;2025-OCTOBER:110;2025-NOVEMBER:70;2025-DECEMBER:50;2026-JANUARY:70;2026-FEBRUARY:70;2026-MARCH:70;2026-APRIL:90;2026-MAY:50;2026-JUNE:50;2026-JULY:70;2026-AUGUST:70,
agent fee for selling property,70,MEDIUM,57,4.35,18.36,13.41,2025-SEPTEMBER:320;2025-OCTOBER:50;2025-NOVEMBER:50;2025-DECEMBER:30;2026-JANUARY:70;2026-FEBRUARY:70;2026-MARCH:90;2026-APRIL:40;2026-MAY:70;2026-JUNE:30;2026-JULY:40;2026-AUGUST:70,
best suburb to live in brisbane for families,70,LOW,7,0.04,3.77,3.32,2025-SEPTEMBER:110;2025-OCTOBER:90;2025-NOVEMBER:90;2025-DECEMBER:40;2026-JANUARY:70;2026-FEBRUARY:50;2026-MARCH:90;2026-APRIL:90;2026-MAY:50;2026-JUNE:40;2026-JULY:70;2026-AUGUST:50,
kensington median house price,70,LOW,0,0.0,0.0,0.0,2025-SEPTEMBER:70;2025-OCTOBER:90;2025-NOVEMBER:90;2025-DECEMBER:70;2026-JANUARY:90;2026-FEBRUARY:70;2026-MARCH:90;2026-APRIL:70;2026-MAY:70;2026-JUNE:50;2026-JULY:50;2026-AUGUST:50,
nsw real estate commission calculator,70,MEDIUM,34,1.74,6.11,5.08,2025-SEPTEMBER:170;2025-OCTOBER:90;2025-NOVEMBER:70;2025-DECEMBER:70;2026-JANUARY:90;2026-FEBRUARY:70;2026-MARCH:110;2026-APRIL:50;2026-MAY:50;2026-JUNE:30;2026-JULY:30;2026-AUGUST:40,
prahran real estate agents,70,MEDIUM,41,10.64,42.74,27.34,2025-SEPTEMBER:70;2025-OCTOBER:90;2025-NOVEMBER:70;2025-DECEMBER:40;2026-JANUARY:70;2026-FEBRUARY:70;2026-MARCH:110;2026-APRIL:110;2026-MAY:70;2026-JUNE:50;2026-JULY:110;2026-AUGUST:70,
agent fees for selling property,70,MEDIUM,57,4.35,18.36,13.41,2025-SEPTEMBER:320;2025-OCTOBER:50;2025-NOVEMBER:50;2025-DECEMBER:30;2026-JANUARY:70;2026-FEBRUARY:70;2026-MARCH:90;2026-APRIL:40;2026-MAY:70;2026-JUNE:30;2026-JULY:40;2026-AUGUST:70,agents fees for selling property
bondi suburb,70,LOW,0,0.0,0.0,0.0,2025-SEPTEMBER:70;2025-OCTOBER:70;2025-NOVEMBER:90;2025-DECEMBER:140;2026-JANUARY:70;2026-FEBRUARY:70;2026-MARCH:70;2026-APRIL:70;2026-MAY:70;2026-JUNE:70;2026-JULY:50;2026-AUGUST:50,
commission house sale,70,MEDIUM,48,1.39,8.52,5.13,2025-SEPTEMBER:70;2025-OCTOBER:70;2025-NOVEMBER:90;2025-DECEMBER:70;2026-JANUARY:90;2026-FEBRUARY:70;2026-MARCH:110;2026-APRIL:50;2026-MAY:70;2026-JUNE:50;2026-JULY:50;2026-AUGUST:50,commission on house sale
frankston property growth,70,LOW,4,0.0,0.0,5.46,2025-SEPTEMBER:70;2025-OCTOBER:90;2025-NOVEMBER:90;2025-DECEMBER:50;2026-JANUARY:110;2026-FEBRUARY:110;2026-MARCH:90;2026-APRIL:90;2026-MAY:70;2026-JUNE:50;2026-JULY:70;2026-AUGUST:40,
home sale commission,70,MEDIUM,48,1.39,8.52,5.13,2025-SEPTEMBER:70;2025-OCTOBER:70;2025-NOVEMBER:90;2025-DECEMBER:70;2026-JANUARY:90;2026-FEBRUARY:70;2026-MARCH:110;2026-APRIL:50;2026-MAY:70;2026-JUNE:50;2026-JULY:50;2026-AUGUST:50,
how much is a mortgage,70,MEDIUM,61,1.5,4.24,6.28,2025-SEPTEMBER:70;2025-OCTOBER:70;2025-NOVEMBER:50;2025-DECEMBER:50;2026-JANUARY:70;2026-FEBRUARY:70;2026-MARCH:70;2026-APRIL:70;2026-MAY:70;2026-JUNE:50;2026-JULY:50;2026-AUGUST:70,
how much to sell a house,70,MEDIUM,66,2.71,11.56,10.52,2025-SEPTEMBER:110;2025-OCTOBER:90;2025-NOVEMBER:50;2025-DECEMBER:30;2026-JANUARY:50;2026-FEBRUARY:90;2026-MARCH:90;2026-APRIL:70;2026-MAY:70;2026-JUNE:40;2026-JULY:40;2026-AUGUST:40,
loan affordability calculator,70,HIGH,78,1.14,5.4,4.58,2025-SEPTEMBER:90;2025-OCTOBER:90;2025-NOVEMBER:90;2025-DECEMBER:70;2026-JANUARY:90;2026-FEBRUARY:70;2026-MARCH:70;2026-APRIL:50;2026-MAY:50;2026-JUNE:40;2026-JULY:50;2026-AUGUST:70,
maitland sa population,70,LOW,0,0.0,0.0,0.0,2025-SEPTEMBER:50;2025-OCTOBER:70;2025-NOVEMBER:70;2025-DECEMBER:70;2026-JANUARY:70;2026-FEBRUARY:70;2026-MARCH:90;2026-APRIL:70;2026-MAY:50;2026-JUNE:50;2026-JULY:70;2026-AUGUST:40,
median house price hervey bay,70,LOW,2,0.0,0.0,0.09,2025-SEPTEMBER:50;2025-OCTOBER:70;2025-NOVEMBER:70;2025-DECEMBER:50;2026-JANUARY:70;2026-FEBRUARY:50;2026-MARCH:50;2026-APRIL:70;2026-MAY:90;2026-JUNE:40;2026-JULY:70;2026-AUGUST:50,
mortgage calculator borrowing power,70,HIGH,80,0.91,6.12,4.77,2025-SEPTEMBER:70;2025-OCTOBER:90;2025-NOVEMBER:70;2025-DECEMBER:70;2026-JANUARY:90;2026-FEBRUARY:90;2026-MARCH:90;2026-APRIL:90;2026-MAY:70;2026-JUNE:50;2026-JULY:50;2026-AUGUST:70,
property suburb report,70,MEDIUM,49,1.21,3.13,2.51,2025-SEPTEMBER:140;2025-OCTOBER:90;2025-NOVEMBER:90;2025-DECEMBER:40;2026-JANUARY:90;2026-FEBRUARY:50;2026-MARCH:70;2026-APRIL:70;2026-MAY:50;2026-JUNE:40;2026-JULY:30;2026-AUGUST:30,
real estate agent commission percentage,70,MEDIUM,47,3.12,10.75,12.63,2025-SEPTEMBER:390;2025-OCTOBER:50;2025-NOVEMBER:40;2025-DECEMBER:30;2026-JANUARY:50;2026-FEBRUARY:40;2026-MARCH:50;2026-APRIL:50;2026-MAY:40;2026-JUNE:20;2026-JULY:20;2026-AUGUST:20,
real estate agents prahran,70,MEDIUM,41,10.64,42.74,27.34,2025-SEPTEMBER:70;2025-OCTOBER:90;2025-NOVEMBER:70;2025-DECEMBER:40;2026-JANUARY:70;2026-FEBRUARY:70;2026-MARCH:110;2026-APRIL:110;2026-MAY:70;2026-JUNE:50;2026-JULY:110;2026-AUGUST:70,
rentals north geelong,70,LOW,19,0.04,0.13,0.38,2025-SEPTEMBER:140;2025-OCTOBER:90;2025-NOVEMBER:50;2025-DECEMBER:40;2026-JANUARY:50;2026-FEBRUARY:90;2026-MARCH:110;2026-APRIL:70;2026-MAY:50;2026-JUNE:40;2026-JULY:20;2026-AUGUST:50,
toorak suburb profile,70,LOW,1,0.0,0.0,0.0,2025-SEPTEMBER:70;2025-OCTOBER:70;2025-NOVEMBER:70;2025-DECEMBER:70;2026-JANUARY:90;2026-FEBRUARY:70;2026-MARCH:70;2026-APRIL:70;2026-MAY:70;2026-JUNE:70;2026-JULY:70;2026-AUGUST:70,
where is morayfield queensland,70,LOW,0,0.0,0.0,0.0,2025-SEPTEMBER:40;2025-OCTOBER:90;2025-NOVEMBER:70;2025-DECEMBER:70;2026-JANUARY:110;2026-FEBRUARY:50;2026-MARCH:70;2026-APRIL:70;2026-MAY:70;2026-JUNE:90;2026-JULY:70;2026-AUGUST:90,
average house price nsw,70,LOW,0,0.0,0.0,0.0,2025-SEPTEMBER:70;2025-OCTOBER:70;2025-NOVEMBER:90;2025-DECEMBER:50;2026-JANUARY:70;2026-FEBRUARY:50;2026-MARCH:70;2026-APRIL:70;2026-MAY:70;2026-JUNE:50;2026-JULY:50;2026-AUGUST:50,
borrow money calculator,70,HIGH,77,1.36,6.04,6.0,2025-SEPTEMBER:50;2025-OCTOBER:70;2025-NOVEMBER:50;2025-DECEMBER:40;2026-JANUARY:70;2026-FEBRUARY:70;2026-MARCH:70;2026-APRIL:50;2026-MAY:70;2026-JUNE:50;2026-JULY:50;2026-AUGUST:50,
cash rate australia history,70,LOW,0,0.0,0.0,0.0,2025-SEPTEMBER:40;2025-OCTOBER:50;2025-NOVEMBER:50;2025-DECEMBER:40;2026-JANUARY:40;2026-FEBRUARY:90;2026-MARCH:110;2026-APRIL:50;2026-MAY:140;2026-JUNE:40;2026-JULY:40;2026-AUGUST:40,
hawthorn suburb profile,70,LOW,1,0.0,0.0,0.0,2025-SEPTEMBER:90;2025-OCTOBER:70;2025-NOVEMBER:70;2025-DECEMBER:70;2026-JANUARY:70;2026-FEBRUARY:70;2026-MARCH:90;2026-APRIL:90;2026-MAY:70;2026-JUNE:90;2026-JULY:50;2026-AUGUST:50,
house sale commission,70,MEDIUM,48,1.39,8.48,5.1,2025-SEPTEMBER:70;2025-OCTOBER:70;2025-NOVEMBER:90;2025-DECEMBER:70;2026-JANUARY:90;2026-FEBRUARY:70;2026-MARCH:110;2026-APRIL:50;2026-MAY:70;2026-JUNE:50;2026-JULY:50;2026-AUGUST:50,
how much can we borrow calculator,70,HIGH,81,0.9,6.4,5.15,2025-SEPTEMBER:30;2025-OCTOBER:70;2025-NOVEMBER:90;2025-DECEMBER:70;2026-JANUARY:110;2026-FEBRUARY:90;2026-MARCH:70;2026-APRIL:70;2026-MAY:90;2026-JUNE:50;2026-JULY:50;2026-AUGUST:50,
how much mortgage payment can i afford,70,HIGH,79,1.56,7.0,8.71,2025-SEPTEMBER:50;2025-OCTOBER:110;2025-NOVEMBER:50;2025-DECEMBER:40;2026-JANUARY:70;2026-FEBRUARY:70;2026-MARCH:210;2026-APRIL:40;2026-MAY:70;2026-JUNE:30;2026-JULY:40;2026-AUGUST:30,
ing how much can i borrow,70,MEDIUM,36,1.95,7.03,5.54,2025-SEPTEMBER:70;2025-OCTOBER:90;2025-NOVEMBER:70;2025-DECEMBER:50;2026-JANUARY:70;2026-FEBRUARY:70;2026-MARCH:70;2026-APRIL:50;2026-MAY:30;2026-JUNE:40;2026-JULY:30;2026-AUGUST:50,
investment rental calculator,70,LOW,32,2.24,6.51,5.12,2025-SEPTEMBER:90;2025-OCTOBER:90;2025-NOVEMBER:70;2025-DECEMBER:70;2026-JANUARY:90;2026-FEBRUARY:70;2026-MARCH:90;2026-APRIL:70;2026-MAY:50;2026-JUNE:50;2026-JULY:70;2026-AUGUST:30,
lindfield real estate agents,70,HIGH,69,5.65,13.19,12.45,2025-SEPTEMBER:70;2025-OCTOBER:50;2025-NOVEMBER:40;2025-DECEMBER:30;2026-JANUARY:110;2026-FEBRUARY:70;2026-MARCH:70;2026-APRIL:70;2026-MAY:70;2026-JUNE:50;2026-JULY:70;2026-AUGUST:50,
mortgage costs,70,MEDIUM,44,1.06,4.38,2.99,2025-SEPTEMBER:70;2025-OCTOBER:70;2025-NOVEMBER:50;2025-DECEMBER:70;2026-JANUARY:70;2026-FEBRUARY:90;2026-MARCH:70;2026-APRIL:70;2026-MAY:90;2026-JUNE:50;2026-JULY:40;2026-AUGUST:50,
nab home loan borrowing power,70,HIGH,70,2.15,8.38,2.3,2025-SEPTEMBER:110;2025-OCTOBER:90;2025-NOVEMBER:90;2025-DECEMBER:70;2026-JANUARY:110;2026-FEBRUARY:50;2026-MARCH:50;2026-APRIL:50;2026-MAY:50;2026-JUNE:30;2026-JULY:40;2026-AUGUST:30,
riverview suburb,70,LOW,0,0.0,0.0,0.0,2025-SEPTEMBER:50;2025-OCTOBER:50;2025-NOVEMBER:50;2025-DECEMBER:40;2026-JANUARY:50;2026-FEBRUARY:50;2026-MARCH:90;2026-APRIL:50;2026-MAY:70;2026-JUNE:50;2026-JULY:70;2026-AUGUST:90,
what are real estate agent fees,70,MEDIUM,39,2.24,10.62,7.77,2025-SEPTEMBER:140;2025-OCTOBER:70;2025-NOVEMBER:70;2025-DECEMBER:50;2026-JANUARY:70;2026-FEBRUARY:70;2026-MARCH:90;2026-APRIL:70;2026-MAY:50;2026-JUNE:50;2026-JULY:50;2026-AUGUST:70,
where is buderim qld,70,LOW,1,0.0,0.0,0.0,2025-SEPTEMBER:20;2025-OCTOBER:50;2025-NOVEMBER:140;2025-DECEMBER:70;2026-JANUARY:50;2026-FEBRUARY:50;2026-MARCH:90;2026-APRIL:70;2026-MAY:90;2026-JUNE:70;2026-JULY:70;2026-AUGUST:70,
where is morayfield qld,70,LOW,0,0.0,0.0,0.0,2025-SEPTEMBER:40;2025-OCTOBER:90;2025-NOVEMBER:70;2025-DECEMBER:70;2026-JANUARY:110;2026-FEBRUARY:50;2026-MARCH:70;2026-APRIL:70;2026-MAY:70;2026-JUNE:90;2026-JULY:70;2026-AUGUST:90,
agent commission,70,MEDIUM,43,4.13,19.5,12.6,2025-SEPTEMBER:170;2025-OCTOBER:90;2025-NOVEMBER:70;2025-DECEMBER:50;2026-JANUARY:90;2026-FEBRUARY:50;2026-MARCH:90;2026-APRIL:90;2026-MAY:70;2026-JUNE:40;2026-JULY:50;2026-AUGUST:50,
bacchus marsh real estate agents,70,MEDIUM,46,5.0,20.82,12.99,2025-SEPTEMBER:170;2025-OCTOBER:50;2025-NOVEMBER:70;2025-DECEMBER:50;2026-JANUARY:70;2026-FEBRUARY:90;2026-MARCH:70;2026-APRIL:40;2026-MAY:40;2026-JUNE:110;2026-JULY:50;2026-AUGUST:30,
best suburbs to live in brisbane for families,70,LOW,7,0.04,3.75,3.31,2025-SEPTEMBER:110;2025-OCTOBER:90;2025-NOVEMBER:90;2025-DECEMBER:40;2026-JANUARY:70;2026-FEBRUARY:50;2026-MARCH:90;2026-APRIL:90;2026-MAY:50;2026-JUNE:40;2026-JULY:70;2026-AUGUST:50,
body corporate company,70,MEDIUM,62,5.55,23.69,27.2,2025-SEPTEMBER:210;2025-OCTOBER:110;2025-NOVEMBER:50;2025-DECEMBER:50;2026-JANUARY:30;2026-FEBRUARY:40;2026-MARCH:70;2026-APRIL:50;2026-MAY:50;2026-JUNE:50;2026-JULY:70;2026-AUGUST:30,
bulleen median house price,70,LOW,0,0.0,0.0,0.0,2025-SEPTEMBER:70;2025-OCTOBER:90;2025-NOVEMBER:70;2025-DECEMBER:70;2026-JANUARY:40;2026-FEBRUARY:50;2026-MARCH:70;2026-APRIL:90;2026-MAY:110;2026-JUNE:260;2026-JULY:30;2026-AUGUST:30,
buyers agent fees perth,70,MEDIUM,45,3.71,7.73,0.0,2025-SEPTEMBER:480;2025-OCTOBER:40;2025-NOVEMBER:20;2025-DECEMBER:10;2026-JANUARY:30;2026-FEBRUARY:140;2026-MARCH:110;2026-APRIL:20;2026-MAY:10;2026-JUNE:10;2026-JULY:10;2026-AUGUST:10,
gold coast postcode surfers paradise,50,LOW,0,0.0,0.0,0.0,2025-SEPTEMBER:70;2025-OCTOBER:70;2025-NOVEMBER:90;2025-DECEMBER:70;2026-JANUARY:50;2026-FEBRUARY:40;2026-MARCH:50;2026-APRIL:20;2026-MAY:30;2026-JUNE:20;2026-JULY:40;2026-AUGUST:30,
steps to buying a property,50,MEDIUM,54,1.86,6.52,5.72,2025-SEPTEMBER:70;2025-OCTOBER:50;2025-NOVEMBER:70;2025-DECEMBER:40;2026-JANUARY:50;2026-FEBRUARY:50;2026-MARCH:70;2026-APRIL:50;2026-MAY:40;2026-JUNE:30;2026-JULY:50;2026-AUGUST:30,steps to buying property
renovation calculator australia,50,MEDIUM,37,1.15,3.61,2.65,2025-SEPTEMBER:90;2025-OCTOBER:70;2025-NOVEMBER:40;2025-DECEMBER:30;2026-JANUARY:50;2026-FEBRUARY:70;2026-MARCH:90;2026-APRIL:50;2026-MAY:70;2026-JUNE:40;2026-JULY:30;2026-AUGUST:40,
investment property return calculator,50,LOW,29,1.66,7.21,6.52,2025-SEPTEMBER:90;2025-OCTOBER:90;2025-NOVEMBER:70;2025-DECEMBER:50;2026-JANUARY:70;2026-FEBRUARY:70;2026-MARCH:70;2026-APRIL:50;2026-MAY:50;2026-JUNE:20;2026-JULY:20;2026-AUGUST:30,property investment return calculator
homebush postcode nsw,50,LOW,0,0.0,0.0,0.0,2025-SEPTEMBER:20;2025-OCTOBER:50;2025-NOVEMBER:50;2025-DECEMBER:40;2026-JANUARY:40;2026-FEBRUARY:40;2026-MARCH:30;2026-APRIL:30;2026-MAY:50;2026-JUNE:40;2026-JULY:50;2026-AUGUST:110,
3156 postcode victoria,50,LOW,0,0.0,0.0,0.0,2025-SEPTEMBER:10;2025-OCTOBER:20;2025-NOVEMBER:40;2025-DECEMBER:50;2026-JANUARY:70;2026-FEBRUARY:50;2026-MARCH:70;2026-APRIL:40;2026-MAY:50;2026-JUNE:70;2026-JULY:70;2026-AUGUST:70,
rental return on investment calculator,50,LOW,28,1.57,4.0,3.39,2025-SEPTEMBER:70;2025-OCTOBER:70;2025-NOVEMBER:90;2025-DECEMBER:50;2026-JANUARY:70;2026-FEBRUARY:50;2026-MARCH:40;2026-APRIL:50;2026-MAY:30;2026-JUNE:30;2026-JULY:40;2026-AUGUST:30,
wollongong property market,50,LOW,3,0.0,0.0,0.0,2025-SEPTEMBER:140;2025-OCTOBER:50;2025-NOVEMBER:40;2025-DECEMBER:40;2026-JANUARY:40;2026-FEBRUARY:30;2026-MARCH:70;2026-APRIL:30;2026-MAY:50;2026-JUNE:50;2026-JULY:40;2026-AUGUST:40,
investment property deductions calculator,50,LOW,2,0.0,0.0,0.0,2025-SEPTEMBER:170;2025-OCTOBER:70;2025-NOVEMBER:40;2025-DECEMBER:30;2026-JANUARY:70;2026-FEBRUARY:70;2026-MARCH:90;2026-APRIL:30;2026-MAY:50;2026-JUNE:20;2026-JULY:30;2026-AUGUST:30,
postcode 2170 nsw,50,LOW,0,0.0,0.0,0.0,2025-SEPTEMBER:30;2025-OCTOBER:50;2025-NOVEMBER:50;2025-DECEMBER:70;2026-JANUARY:70;2026-FEBRUARY:70;2026-MARCH:40;2026-APRIL:50;2026-MAY:50;2026-JUNE:50;2026-JULY:50;2026-AUGUST:40,
mount gambier suburb profile,50,LOW,0,0.0,0.0,0.0,2025-SEPTEMBER:70;2025-OCTOBER:70;2025-NOVEMBER:50;2025-DECEMBER:70;2026-JANUARY:70;2026-FEBRUARY:50;2026-MARCH:40;2026-APRIL:40;2026-MAY:40;2026-JUNE:30;2026-JULY:30;2026-AUGUST:20,
gawler postcode sa,50,LOW,0,0.0,0.0,0.0,2025-SEPTEMBER:30;2025-OCTOBER:30;2025-NOVEMBER:30;2025-DECEMBER:30;2026-JANUARY:30;2026-FEBRUARY:50;2026-MARCH:70;2026-APRIL:50;2026-MAY:50;2026-JUNE:70;2026-JULY:70;2026-AUGUST:50,
is morayfield a good suburb,50,LOW,0,0.0,0.0,0.0,2025-SEPTEMBER:50;2025-OCTOBER:50;2025-NOVEMBER:50;2025-DECEMBER:40;2026-JANUARY:70;2026-FEBRUARY:70;2026-MARCH:50;2026-APRIL:70;2026-MAY:40;2026-JUNE:30;2026-JULY:10;2026-AUGUST:40,
maryland postcode nsw,50,LOW,0,0.0,0.0,0.0,2025-SEPTEMBER:30;2025-OCTOBER:40;2025-NOVEMBER:50;2025-DECEMBER:40;2026-JANUARY:20;2026-FEBRUARY:40;2026-MARCH:30;2026-APRIL:50;2026-MAY:70;2026-JUNE:70;2026-JULY:110;2026-AUGUST:170,
codigo postal surfers paradise,50,LOW,0,0.0,0.0,0.0,2025-SEPTEMBER:70;2025-OCTOBER:50;2025-NOVEMBER:50;2025-DECEMBER:50;2026-JANUARY:50;2026-FEBRUARY:40;2026-MARCH:70;2026-APRIL:30;2026-MAY:30;2026-JUNE:40;2026-JULY:30;2026-AUGUST:40,
clyde north postal code,50,LOW,0,0.0,0.0,0.0,2025-SEPTEMBER:50;2025-OCTOBER:70;2025-NOVEMBER:50;2025-DECEMBER:50;2026-JANUARY:50;2026-FEBRUARY:70;2026-MARCH:50;2026-APRIL:40;2026-MAY:50;2026-JUNE:50;2026-JULY:40;2026-AUGUST:50,
4556 qld,50,LOW,0,0.0,0.0,0.0,2025-SEPTEMBER:50;2025-OCTOBER:40;2025-NOVEMBER:40;2025-DECEMBER:50;2026-JANUARY:50;2026-FEBRUARY:50;2026-MARCH:40;2026-APRIL:50;2026-MAY:50;2026-JUNE:50;2026-JULY:50;2026-AUGUST:70,
stamp duty by state,50,LOW,8,0.0,0.0,2.78,2025-SEPTEMBER:70;2025-OCTOBER:70;2025-NOVEMBER:50;2025-DECEMBER:70;2026-JANUARY:50;2026-FEBRUARY:90;2026-MARCH:50;2026-APRIL:40;2026-MAY:50;2026-JUNE:50;2026-JULY:50;2026-AUGUST:40,
devonport postcode tas,50,LOW,0,0.0,0.0,0.0,2025-SEPTEMBER:40;2025-OCTOBER:20;2025-NOVEMBER:30;2025-DECEMBER:40;2026-JANUARY:30;2026-FEBRUARY:40;2026-MARCH:70;2026-APRIL:70;2026-MAY:70;2026-JUNE:50;2026-JULY:90;2026-AUGUST:70,
hilbert suburb profile,50,LOW,5,0.0,0.0,3.4,2025-SEPTEMBER:40;2025-OCTOBER:70;2025-NOVEMBER:50;2025-DECEMBER:50;2026-JANUARY:50;2026-FEBRUARY:70;2026-MARCH:50;2026-APRIL:50;2026-MAY:40;2026-JUNE:20;2026-JULY:30;2026-AUGUST:30,
how do i sell my house,50,HIGH,73,7.16,36.37,45.32,2025-SEPTEMBER:90;2025-OCTOBER:90;2025-NOVEMBER:30;2025-DECEMBER:30;2026-JANUARY:20;2026-FEBRUARY:50;2026-MARCH:140;2026-APRIL:50;2026-MAY:50;2026-JUNE:30;2026-JULY:20;2026-AUGUST:30,
gross rental yield calculator,50,LOW,10,0.0,0.0,7.24,2025-SEPTEMBER:70;2025-OCTOBER:70;2025-NOVEMBER:70;2025-DECEMBER:50;2026-JANUARY:40;2026-FEBRUARY:70;2026-MARCH:70;2026-APRIL:40;2026-MAY:90;2026-JUNE:40;2026-JULY:40;2026-AUGUST:30,
mortgage power calculator,50,HIGH,75,1.1,5.59,4.09,2025-SEPTEMBER:70;2025-OCTOBER:70;2025-NOVEMBER:40;2025-DECEMBER:40;2026-JANUARY:50;2026-FEBRUARY:40;2026-MARCH:40;2026-APRIL:40;2026-MAY:40;2026-JUNE:50;2026-JULY:50;2026-AUGUST:40,
bankstown house prices,50,LOW,2,0.0,0.0,0.0,2025-SEPTEMBER:70;2025-OCTOBER:50;2025-NOVEMBER:70;2025-DECEMBER:70;2026-JANUARY:40;2026-FEBRUARY:70;2026-MARCH:40;2026-APRIL:50;2026-MAY:50;2026-JUNE:40;2026-JULY:40;2026-AUGUST:30,
dee why median house price,50,LOW,1,0.0,0.0,0.0,2025-SEPTEMBER:90;2025-OCTOBER:70;2025-NOVEMBER:50;2025-DECEMBER:50;2026-JANUARY:50;2026-FEBRUARY:40;2026-MARCH:50;2026-APRIL:50;2026-MAY:40;2026-JUNE:30;2026-JULY:40;2026-AUGUST:20,
2250 postcode nsw,50,LOW,0,0.0,0.0,0.0,2025-SEPTEMBER:70;2025-OCTOBER:50;2025-NOVEMBER:50;2025-DECEMBER:50;2026-JANUARY:70;2026-FEBRUARY:70;2026-MARCH:70;2026-APRIL:50;2026-MAY:70;2026-JUNE:50;2026-JULY:40;2026-AUGUST:40,
belmont postcode qld,50,LOW,0,0.0,0.0,0.0,2025-SEPTEMBER:50;2025-OCTOBER:70;2025-NOVEMBER:70;2025-DECEMBER:50;2026-JANUARY:70;2026-FEBRUARY:50;2026-MARCH:70;2026-APRIL:70;2026-MAY:40;2026-JUNE:30;2026-JULY:20;2026-AUGUST:50,
how much can i borrow australia,50,HIGH,80,1.09,5.91,4.07,2025-SEPTEMBER:50;2025-OCTOBER:50;2025-NOVEMBER:50;2025-DECEMBER:70;2026-JANUARY:70;2026-FEBRUARY:50;2026-MARCH:40;2026-APRIL:50;2026-MAY:40;2026-JUNE:50;2026-JULY:40;2026-AUGUST:30,
renovating your home,50,MEDIUM,62,2.19,16.98,13.09,2025-SEPTEMBER:90;2025-OCTOBER:50;2025-NOVEMBER:50;2025-DECEMBER:40;2026-JANUARY:70;2026-FEBRUARY:70;2026-MARCH:70;2026-APRIL:70;2026-MAY:50;2026-JUNE:40;2026-JULY:40;2026-AUGUST:40,
qld 4118,50,LOW,0,0.0,0.0,0.0,2025-SEPTEMBER:50;2025-OCTOBER:40;2025-NOVEMBER:50;2025-DECEMBER:30;2026-JANUARY:50;2026-FEBRUARY:50;2026-MARCH:70;2026-APRIL:90;2026-MAY:70;2026-JUNE:50;2026-JULY:70;2026-AUGUST:70,
real estate agents malvern,50,MEDIUM,48,4.23,25.32,3.38,2025-SEPTEMBER:140;2025-OCTOBER:50;2025-NOVEMBER:30;2025-DECEMBER:20;2026-JANUARY:50;2026-FEBRUARY:30;2026-MARCH:110;2026-APRIL:50;2026-MAY:50;2026-JUNE:20;2026-JULY:20;2026-AUGUST:20,
rouse hill postcode nsw,50,LOW,0,0.0,0.0,0.0,2025-SEPTEMBER:70;2025-OCTOBER:70;2025-NOVEMBER:70;2025-DECEMBER:70;2026-JANUARY:90;2026-FEBRUARY:50;2026-MARCH:70;2026-APRIL:50;2026-MAY:50;2026-JUNE:50;2026-JULY:30;2026-AUGUST:50,
aussie home loans borrowing power,50,HIGH,73,2.88,55.69,13.72,2025-SEPTEMBER:50;2025-OCTOBER:70;2025-NOVEMBER:70;2025-DECEMBER:50;2026-JANUARY:70;2026-FEBRUARY:70;2026-MARCH:30;2026-APRIL:40;2026-MAY:30;2026-JUNE:30;2026-JULY:40;2026-AUGUST:40,
highgate postal code,50,LOW,0,0.0,0.0,0.0,2025-SEPTEMBER:40;2025-OCTOBER:50;2025-NOVEMBER:50;2025-DECEMBER:40;2026-JANUARY:50;2026-FEBRUARY:50;2026-MARCH:50;2026-APRIL:50;2026-MAY:70;2026-JUNE:50;2026-JULY:50;2026-AUGUST:50,
median house price werribee,50,LOW,5,0.0,0.0,0.0,2025-SEPTEMBER:50;2025-OCTOBER:50;2025-NOVEMBER:40;2025-DECEMBER:40;2026-JANUARY:40;2026-FEBRUARY:50;2026-MARCH:70;2026-APRIL:50;2026-MAY:50;2026-JUNE:30;2026-JULY:20;2026-AUGUST:40,
real estate agent fees melbourne,50,MEDIUM,52,3.35,15.32,10.34,2025-SEPTEMBER:40;2025-OCTOBER:50;2025-NOVEMBER:70;2025-DECEMBER:30;2026-JANUARY:50;2026-FEBRUARY:50;2026-MARCH:70;2026-APRIL:50;2026-MAY:70;2026-JUNE:40;2026-JULY:40;2026-AUGUST:40,
4217 surfers paradise,50,LOW,3,0.0,0.0,0.0,2025-SEPTEMBER:70;2025-OCTOBER:70;2025-NOVEMBER:50;2025-DECEMBER:30;2026-JANUARY:50;2026-FEBRUARY:50;2026-MARCH:50;2026-APRIL:50;2026-MAY:50;2026-JUNE:50;2026-JULY:30;2026-AUGUST:40,
balmoral postcode nsw,50,LOW,0,0.0,0.0,0.0,2025-SEPTEMBER:50;2025-OCTOBER:70;2025-NOVEMBER:40;2025-DECEMBER:50;2026-JANUARY:40;2026-FEBRUARY:50;2026-MARCH:40;2026-APRIL:30;2026-MAY:40;2026-JUNE:30;2026-JULY:40;2026-AUGUST:50,
bankwest how much can i borrow,50,MEDIUM,58,2.72,7.62,2.41,2025-SEPTEMBER:90;2025-OCTOBER:50;2025-NOVEMBER:40;2025-DECEMBER:50;2026-JANUARY:70;2026-FEBRUARY:50;2026-MARCH:30;2026-APRIL:40;2026-MAY:40;2026-JUNE:30;2026-JULY:30;2026-AUGUST:30,
hoppers crossing property growth,50,LOW,3,0.0,0.0,0.0,2025-SEPTEMBER:40;2025-OCTOBER:70;2025-NOVEMBER:90;2025-DECEMBER:50;2026-JANUARY:40;2026-FEBRUARY:50;2026-MARCH:90;2026-APRIL:50;2026-MAY:50;2026-JUNE:40;2026-JULY:40;2026-AUGUST:30,
dubbo postcode 2852,50,LOW,0,0.0,0.0,0.0,2025-SEPTEMBER:40;2025-OCTOBER:70;2025-NOVEMBER:50;2025-DECEMBER:90;2026-JANUARY:90;2026-FEBRUARY:70;2026-MARCH:40;2026-APRIL:50;2026-MAY:70;2026-JUNE:50;2026-JULY:40;2026-AUGUST:30,
borrowing power calculator first home buyer,50,HIGH,79,3.16,11.64,12.45,2025-SEPTEMBER:40;2025-OCTOBER:70;2025-NOVEMBER:70;2025-DECEMBER:40;2026-JANUARY:90;2026-FEBRUARY:70;2026-MARCH:70;2026-APRIL:40;2026-MAY:50;2026-JUNE:40;2026-JULY:30;2026-AUGUST:50,
buyers agent cost brisbane,50,MEDIUM,39,0.0,0.0,0.0,2025-SEPTEMBER:480;2025-OCTOBER:20;2025-NOVEMBER:10;2025-DECEMBER:10;2026-JANUARY:50;2026-FEBRUARY:10;2026-MARCH:10;2026-APRIL:10;2026-MAY:10;2026-JUNE:10;2026-JULY:10;2026-AUGUST:10,
hilton suburb profile,50,LOW,0,0.0,0.0,0.0,2025-SEPTEMBER:50;2025-OCTOBER:70;2025-NOVEMBER:50;2025-DECEMBER:50;2026-JANUARY:50;2026-FEBRUARY:40;2026-MARCH:70;2026-APRIL:50;2026-MAY:50;2026-JUNE:40;2026-JULY:40;2026-AUGUST:30,
living in gladstone queensland australia,50,LOW,0,0.0,0.0,0.0,2025-SEPTEMBER:170;2025-OCTOBER:70;2025-NOVEMBER:50;2025-DECEMBER:50;2026-JANUARY:50;2026-FEBRUARY:40;2026-MARCH:40;2026-APRIL:30;2026-MAY:50;2026-JUNE:50;2026-JULY:30;2026-AUGUST:40,
selling a house in qld,50,HIGH,76,3.83,18.03,12.48,2025-SEPTEMBER:50;2025-OCTOBER:50;2025-NOVEMBER:70;2025-DECEMBER:50;2026-JANUARY:70;2026-FEBRUARY:30;2026-MARCH:90;2026-APRIL:40;2026-MAY:30;2026-JUNE:40;2026-JULY:50;2026-AUGUST:30,
south perth postcode wa,50,LOW,0,0.0,0.0,0.0,2025-SEPTEMBER:30;2025-OCTOBER:50;2025-NOVEMBER:50;2025-DECEMBER:70;2026-JANUARY:50;2026-FEBRUARY:40;2026-MARCH:30;2026-APRIL:40;2026-MAY:50;2026-JUNE:50;2026-JULY:40;2026-AUGUST:70,
where is highgate,50,LOW,0,0.0,0.0,0.0,2025-SEPTEMBER:40;2025-OCTOBER:50;2025-NOVEMBER:50;2025-DECEMBER:40;2026-JANUARY:50;2026-FEBRUARY:50;2026-MARCH:50;2026-APRIL:50;2026-MAY:50;2026-JUNE:70;2026-JULY:50;2026-AUGUST:90,
mt pleasant postcode wa,50,LOW,0,0.0,0.0,0.0,2025-SEPTEMBER:50;2025-OCTOBER:30;2025-NOVEMBER:40;2025-DECEMBER:50;2026-JANUARY:30;2026-FEBRUARY:20;2026-MARCH:50;2026-APRIL:40;2026-MAY:70;2026-JUNE:50;2026-JULY:40;2026-AUGUST:70,
what mortgage can i afford calculator,50,HIGH,68,1.71,6.35,5.07,2025-SEPTEMBER:50;2025-OCTOBER:70;2025-NOVEMBER:70;2025-DECEMBER:50;2026-JANUARY:90;2026-FEBRUARY:70;2026-MARCH:70;2026-APRIL:50;2026-MAY:40;2026-JUNE:40;2026-JULY:40;2026-AUGUST:50,
apartment renovation cost,50,LOW,31,2.15,9.76,8.67,2025-SEPTEMBER:90;2025-OCTOBER:90;2025-NOVEMBER:50;2025-DECEMBER:30;2026-JANUARY:30;2026-FEBRUARY:40;2026-MARCH:70;2026-APRIL:50;2026-MAY:40;2026-JUNE:30;2026-JULY:40;2026-AUGUST:30,
austral property growth,50,LOW,15,2.27,3.47,0.0,2025-SEPTEMBER:70;2025-OCTOBER:70;2025-NOVEMBER:70;2025-DECEMBER:30;2026-JANUARY:90;2026-FEBRUARY:50;2026-MARCH:90;2026-APRIL:50;2026-MAY:40;2026-JUNE:30;2026-JULY:50;2026-AUGUST:20,
form 2 business sale,50,LOW,15,1.76,7.29,7.17,2025-SEPTEMBER:170;2025-OCTOBER:40;2025-NOVEMBER:50;2025-DECEMBER:50;2026-JANUARY:30;2026-FEBRUARY:40;2026-MARCH:40;2026-APRIL:30;2026-MAY:30;2026-JUNE:40;2026-JULY:40;2026-AUGUST:40,
loan borrowing power,50,HIGH,78,0.7,6.26,3.63,2025-SEPTEMBER:40;2025-OCTOBER:50;2025-NOVEMBER:70;2025-DECEMBER:40;2026-JANUARY:50;2026-FEBRUARY:70;2026-MARCH:40;2026-APRIL:40;2026-MAY:40;2026-JUNE:50;2026-JULY:50;2026-AUGUST:30,
yarrunga victoria,50,LOW,0,0.0,0.0,0.0,2025-SEPTEMBER:70;2025-OCTOBER:50;2025-NOVEMBER:30;2025-DECEMBER:20;2026-JANUARY:50;2026-FEBRUARY:40;2026-MARCH:70;2026-APRIL:70;2026-MAY:30;2026-JUNE:30;2026-JULY:40;2026-AUGUST:50,
4551 postcode qld,50,LOW,0,0.0,0.0,0.0,2025-SEPTEMBER:20;2025-OCTOBER:50;2025-NOVEMBER:50;2025-DECEMBER:50;2026-JANUARY:90;2026-FEBRUARY:70;2026-MARCH:90;2026-APRIL:90;2026-MAY:50;2026-JUNE:40;2026-JULY:20;2026-AUGUST:30,
airlie beach population 2026,50,LOW,0,0.0,0.0,0.0,2025-SEPTEMBER:0;2025-OCTOBER:0;2025-NOVEMBER:0;2025-DECEMBER:0;2026-JANUARY:0;2026-FEBRUARY:0;2026-MARCH:30;2026-APRIL:90;2026-MAY:110;2026-JUNE:140;2026-JULY:170;2026-AUGUST:170,
boulia population,50,LOW,0,0.0,0.0,0.0,2025-SEPTEMBER:50;2025-OCTOBER:50;2025-NOVEMBER:30;2025-DECEMBER:30;2026-JANUARY:40;2026-FEBRUARY:30;2026-MARCH:40;2026-APRIL:50;2026-MAY:50;2026-JUNE:50;2026-JULY:90;2026-AUGUST:70,
calculator borrowing power,50,HIGH,82,1.39,7.84,7.29,2025-SEPTEMBER:70;2025-OCTOBER:70;2025-NOVEMBER:50;2025-DECEMBER:40;2026-JANUARY:50;2026-FEBRUARY:50;2026-MARCH:40;2026-APRIL:40;2026-MAY:50;2026-JUNE:40;2026-JULY:50;2026-AUGUST:50,
carlton median house price,50,LOW,4,0.0,0.0,0.0,2025-SEPTEMBER:50;2025-OCTOBER:70;2025-NOVEMBER:70;2025-DECEMBER:30;2026-JANUARY:70;2026-FEBRUARY:50;2026-MARCH:70;2026-APRIL:50;2026-MAY:70;2026-JUNE:40;2026-JULY:30;2026-AUGUST:50,
flemington postcode vic,50,LOW,0,0.0,0.0,0.0,2025-SEPTEMBER:30;2025-OCTOBER:50;2025-NOVEMBER:110;2025-DECEMBER:50;2026-JANUARY:70;2026-FEBRUARY:40;2026-MARCH:70;2026-APRIL:40;2026-MAY:30;2026-JUNE:40;2026-JULY:40;2026-AUGUST:40,
how much agent charge for selling house,50,MEDIUM,62,2.5,12.54,10.17,2025-SEPTEMBER:70;2025-OCTOBER:70;2025-NOVEMBER:50;2025-DECEMBER:30;2026-JANUARY:40;2026-FEBRUARY:50;2026-MARCH:70;2026-APRIL:70;2026-MAY:50;2026-JUNE:70;2026-JULY:50;2026-AUGUST:40,
how much can i borrow from centrelink,50,LOW,5,0.28,4.93,13.73,2025-SEPTEMBER:70;2025-OCTOBER:70;2025-NOVEMBER:50;2025-DECEMBER:50;2026-JANUARY:50;2026-FEBRUARY:70;2026-MARCH:50;2026-APRIL:50;2026-MAY:40;2026-JUNE:50;2026-JULY:40;2026-AUGUST:50,
how to buy land in australia,50,MEDIUM,58,1.93,6.41,7.36,2025-SEPTEMBER:50;2025-OCTOBER:70;2025-NOVEMBER:70;2025-DECEMBER:30;2026-JANUARY:70;2026-FEBRUARY:50;2026-MARCH:40;2026-APRIL:50;2026-MAY:40;2026-JUNE:40;2026-JULY:50;2026-AUGUST:50,
lamington kalgoorlie,50,LOW,1,0.0,0.0,0.0,2025-SEPTEMBER:50;2025-OCTOBER:70;2025-NOVEMBER:40;2025-DECEMBER:50;2026-JANUARY:50;2026-FEBRUARY:40;2026-MARCH:50;2026-APRIL:70;2026-MAY:40;2026-JUNE:70;2026-JULY:70;2026-AUGUST:50,
melbourne real estate agent fees,50,MEDIUM,52,3.35,15.32,10.35,2025-SEPTEMBER:40;2025-OCTOBER:50;2025-NOVEMBER:70;2025-DECEMBER:30;2026-JANUARY:50;2026-FEBRUARY:50;2026-MARCH:70;2026-APRIL:50;2026-MAY:70;2026-JUNE:40;2026-JULY:40;2026-AUGUST:40,
real estate selling fees nsw,50,MEDIUM,56,2.16,11.59,8.12,2025-SEPTEMBER:50;2025-OCTOBER:90;2025-NOVEMBER:50;2025-DECEMBER:20;2026-JANUARY:70;2026-FEBRUARY:50;2026-MARCH:50;2026-APRIL:40;2026-MAY:50;2026-JUNE:40;2026-JULY:30;2026-AUGUST:40,
the bluff qld,50,LOW,0,0.0,0.0,0.0,2025-SEPTEMBER:70;2025-OCTOBER:70;2025-NOVEMBER:110;2025-DECEMBER:50;2026-JANUARY:70;2026-FEBRUARY:50;2026-MARCH:40;2026-APRIL:40;2026-MAY:70;2026-JUNE:40;2026-JULY:50;2026-AUGUST:50,
wellington property market,50,LOW,1,0.0,0.0,0.0,2025-SEPTEMBER:50;2025-OCTOBER:50;2025-NOVEMBER:50;2025-DECEMBER:30;2026-JANUARY:30;2026-FEBRUARY:50;2026-MARCH:70;2026-APRIL:40;2026-MAY:70;2026-JUNE:30;2026-JULY:40;2026-AUGUST:70,
4701 qld,50,LOW,0,0.0,0.0,0.0,2025-SEPTEMBER:40;2025-OCTOBER:50;2025-NOVEMBER:50;2025-DECEMBER:10;2026-JANUARY:40;2026-FEBRUARY:40;2026-MARCH:50;2026-APRIL:50;2026-MAY:70;2026-JUNE:90;2026-JULY:70;2026-AUGUST:70,
ardrossan population,50,LOW,0,0.0,0.0,0.0,2025-SEPTEMBER:50;2025-OCTOBER:50;2025-NOVEMBER:50;2025-DECEMBER:50;2026-JANUARY:70;2026-FEBRUARY:50;2026-MARCH:40;2026-APRIL:70;2026-MAY:70;2026-JUNE:50;2026-JULY:40;2026-AUGUST:70,
bridging loan interest rates australia,50,MEDIUM,63,3.34,13.55,2.25,2025-SEPTEMBER:70;2025-OCTOBER:90;2025-NOVEMBER:50;2025-DECEMBER:30;2026-JANUARY:50;2026-FEBRUARY:70;2026-MARCH:50;2026-APRIL:40;2026-MAY:40;2026-JUNE:20;2026-JULY:20;2026-AUGUST:20,
carina postcode qld,50,LOW,0,0.0,0.0,0.0,2025-SEPTEMBER:30;2025-OCTOBER:30;2025-NOVEMBER:50;2025-DECEMBER:50;2026-JANUARY:50;2026-FEBRUARY:50;2026-MARCH:70;2026-APRIL:50;2026-MAY:40;2026-JUNE:50;2026-JULY:70;2026-AUGUST:70,
commission fee,50,LOW,4,0.0,0.0,0.0,2025-SEPTEMBER:70;2025-OCTOBER:70;2025-NOVEMBER:70;2025-DECEMBER:40;2026-JANUARY:50;2026-FEBRUARY:50;2026-MARCH:70;2026-APRIL:50;2026-MAY:50;2026-JUNE:40;2026-JULY:30;2026-AUGUST:50,
deception bay median house price,50,LOW,2,0.0,0.0,0.08,2025-SEPTEMBER:40;2025-OCTOBER:50;2025-NOVEMBER:50;2025-DECEMBER:50;2026-JANUARY:40;2026-FEBRUARY:40;2026-MARCH:40;2026-APRIL:50;2026-MAY:30;2026-JUNE:40;2026-JULY:30;2026-AUGUST:110,
elwood median house price,50,LOW,0,0.0,0.0,0.0,2025-SEPTEMBER:50;2025-OCTOBER:90;2025-NOVEMBER:70;2025-DECEMBER:50;2026-JANUARY:50;2026-FEBRUARY:70;2026-MARCH:50;2026-APRIL:70;2026-MAY:70;2026-JUNE:50;2026-JULY:30;2026-AUGUST:70,
2232 postcode nsw,50,LOW,0,0.0,0.0,0.0,2025-SEPTEMBER:20;2025-OCTOBER:20;2025-NOVEMBER:30;2025-DECEMBER:40;2026-JANUARY:30;2026-FEBRUARY:30;2026-MARCH:90;2026-APRIL:40;2026-MAY:90;2026-JUNE:70;2026-JULY:70;2026-AUGUST:70,
2620 postcode nsw,50,LOW,0,0.0,0.0,0.0,2025-SEPTEMBER:40;2025-OCTOBER:50;2025-NOVEMBER:40;2025-DECEMBER:50;2026-JANUARY:50;2026-FEBRUARY:50;2026-MARCH:70;2026-APRIL:40;2026-MAY:50;2026-JUNE:40;2026-JULY:50;2026-AUGUST:50,
5000 postcode australia,50,LOW,0,0.0,0.0,0.0,2025-SEPTEMBER:20;2025-OCTOBER:50;2025-NOVEMBER:50;2025-DECEMBER:40;2026-JANUARY:40;2026-FEBRUARY:50;2026-MARCH:50;2026-APRIL:30;2026-MAY:50;2026-JUNE:50;2026-JULY:70;2026-AUGUST:70,
cowes postcode vic,50,LOW,0,0.0,0.0,0.0,2025-SEPTEMBER:20;2025-OCTOBER:20;2025-NOVEMBER:10;2025-DECEMBER:40;2026-JANUARY:90;2026-FEBRUARY:70;2026-MARCH:50;2026-APRIL:90;2026-MAY:70;2026-JUNE:70;2026-JULY:50;2026-AUGUST:90,
woodstock postcode vic,50,LOW,0,0.0,0.0,0.0,2025-SEPTEMBER:40;2025-OCTOBER:40;2025-NOVEMBER:70;2025-DECEMBER:70;2026-JANUARY:70;2026-FEBRUARY:30;2026-MARCH:40;2026-APRIL:30;2026-MAY:30;2026-JUNE:40;2026-JULY:40;2026-AUGUST:30,
6148 postcode wa,50,LOW,0,0.0,0.0,0.0,2025-SEPTEMBER:20;2025-OCTOBER:40;2025-NOVEMBER:90;2025-DECEMBER:40;2026-JANUARY:90;2026-FEBRUARY:50;2026-MARCH:90;2026-APRIL:70;2026-MAY:50;2026-JUNE:20;2026-JULY:20;2026-AUGUST:40,
how much are repayments on a 400k mortgage,50,MEDIUM,58,0.75,5.1,4.25,2025-SEPTEMBER:70;2025-OCTOBER:40;2025-NOVEMBER:40;2025-DECEMBER:40;2026-JANUARY:50;2026-FEBRUARY:40;2026-MARCH:50;2026-APRIL:50;2026-MAY:40;2026-JUNE:40;2026-JULY:40;2026-AUGUST:50,
how much does negative gearing cost australia,50,LOW,0,0.0,0.0,0.0,2025-SEPTEMBER:30;2025-OCTOBER:20;2025-NOVEMBER:50;2025-DECEMBER:30;2026-JANUARY:30;2026-FEBRUARY:90;2026-MARCH:30;2026-APRIL:50;2026-MAY:170;2026-JUNE:50;2026-JULY:10;2026-AUGUST:10,
median house price strathfield,50,LOW,0,0.0,0.0,0.0,2025-SEPTEMBER:70;2025-OCTOBER:70;2025-NOVEMBER:70;2025-DECEMBER:50;2026-JANUARY:50;2026-FEBRUARY:50;2026-MARCH:90;2026-APRIL:50;2026-MAY:70;2026-JUNE:40;2026-JULY:40;2026-AUGUST:50,
moree real estate agents,50,MEDIUM,37,1.73,11.61,11.52,2025-SEPTEMBER:70;2025-OCTOBER:40;2025-NOVEMBER:70;2025-DECEMBER:40;2026-JANUARY:70;2026-FEBRUARY:50;2026-MARCH:90;2026-APRIL:50;2026-MAY:70;2026-JUNE:70;2026-JULY:40;2026-AUGUST:30,
mortgage eligibility calculator,50,HIGH,78,1.78,7.3,7.14,2025-SEPTEMBER:90;2025-OCTOBER:70;2025-NOVEMBER:70;2025-DECEMBER:50;2026-JANUARY:70;2026-FEBRUARY:70;2026-MARCH:40;2026-APRIL:40;2026-MAY:50;2026-JUNE:30;2026-JULY:50;2026-AUGUST:50,
real estate commission fees nsw,50,MEDIUM,51,2.98,10.33,4.56,2025-SEPTEMBER:170;2025-OCTOBER:90;2025-NOVEMBER:90;2025-DECEMBER:50;2026-JANUARY:70;2026-FEBRUARY:90;2026-MARCH:30;2026-APRIL:30;2026-MAY:10;2026-JUNE:10;2026-JULY:20;2026-AUGUST:20,
real estate terms,50,LOW,0,0.0,0.0,0.0,2025-SEPTEMBER:140;2025-OCTOBER:50;2025-NOVEMBER:40;2025-DECEMBER:40;2026-JANUARY:50;2026-FEBRUARY:50;2026-MARCH:50;2026-APRIL:50;2026-MAY:40;2026-JUNE:50;2026-JULY:50;2026-AUGUST:40,
stafford dc,50,LOW,0,0.0,0.0,0.0,2025-SEPTEMBER:40;2025-OCTOBER:40;2025-NOVEMBER:30;2025-DECEMBER:50;2026-JANUARY:20;2026-FEBRUARY:40;2026-MARCH:50;2026-APRIL:40;2026-MAY:30;2026-JUNE:50;2026-JULY:70;2026-AUGUST:70,
steps in buying a house australia,50,HIGH,75,1.56,6.54,6.05,2025-SEPTEMBER:70;2025-OCTOBER:40;2025-NOVEMBER:50;2025-DECEMBER:50;2026-JANUARY:70;2026-FEBRUARY:50;2026-MARCH:70;2026-APRIL:50;2026-MAY:30;2026-JUNE:30;2026-JULY:50;2026-AUGUST:40,steps to buying a house australia
sydney house prices by suburb map,50,LOW,16,0.83,1.95,1.3,2025-SEPTEMBER:70;2025-OCTOBER:110;2025-NOVEMBER:90;2025-DECEMBER:40;2026-JANUARY:50;2026-FEBRUARY:30;2026-MARCH:30;2026-APRIL:20;2026-MAY:20;2026-JUNE:10;2026-JULY:30;2026-AUGUST:20,
vic 3500,50,LOW,2,0.0,0.0,0.14,2025-SEPTEMBER:30;2025-OCTOBER:50;2025-NOVEMBER:40;2025-DECEMBER:30;2026-JANUARY:40;2026-FEBRUARY:50;2026-MARCH:70;2026-APRIL:70;2026-MAY:70;2026-JUNE:50;2026-JULY:70;2026-AUGUST:50,
victoria hill qld,50,LOW,0,0.0,0.0,0.0,2025-SEPTEMBER:50;2025-OCTOBER:50;2025-NOVEMBER:70;2025-DECEMBER:30;2026-JANUARY:50;2026-FEBRUARY:30;2026-MARCH:50;2026-APRIL:50;2026-MAY:70;2026-JUNE:40;2026-JULY:90;2026-AUGUST:50,
zeehan tasmania population,50,LOW,0,0.0,0.0,0.0,2025-SEPTEMBER:50;2025-OCTOBER:50;2025-NOVEMBER:30;2025-DECEMBER:40;2026-JANUARY:50;2026-FEBRUARY:30;2026-MARCH:50;2026-APRIL:40;2026-MAY:90;2026-JUNE:50;2026-JULY:40;2026-AUGUST:30,
average real estate agent commission sydney,50,MEDIUM,48,1.97,9.77,6.13,2025-SEPTEMBER:140;2025-OCTOBER:50;2025-NOVEMBER:50;2025-DECEMBER:30;2026-JANUARY:20;2026-FEBRUARY:50;2026-MARCH:40;2026-APRIL:30;2026-MAY:30;2026-JUNE:30;2026-JULY:30;2026-AUGUST:40,
beverley hills primary,50,LOW,2,0.0,0.0,0.0,2025-SEPTEMBER:40;2025-OCTOBER:40;2025-NOVEMBER:30;2025-DECEMBER:70;2026-JANUARY:20;2026-FEBRUARY:50;2026-MARCH:40;2026-APRIL:40;2026-MAY:110;2026-JUNE:30;2026-JULY:50;2026-AUGUST:40,
broadway schools,50,LOW,1,0.0,0.0,0.0,2025-SEPTEMBER:50;2025-OCTOBER:70;2025-NOVEMBER:70;2025-DECEMBER:70;2026-JANUARY:40;2026-FEBRUARY:70;2026-MARCH:70;2026-APRIL:40;2026-MAY:50;2026-JUNE:50;2026-JULY:40;2026-AUGUST:40,
buyers agent gold coast fees,50,HIGH,73,7.54,23.9,27.86,2025-SEPTEMBER:170;2025-OCTOBER:50;2025-NOVEMBER:40;2025-DECEMBER:30;2026-JANUARY:70;2026-FEBRUARY:40;2026-MARCH:50;2026-APRIL:30;2026-MAY:40;2026-JUNE:10;2026-JULY:10;2026-AUGUST:10,
perth property market forecast 2026,50,LOW,7,0.0,0.0,0.0,2025-SEPTEMBER:90;2025-OCTOBER:70;2025-NOVEMBER:50;2025-DECEMBER:40;2026-JANUARY:70;2026-FEBRUARY:40;2026-MARCH:40;2026-APRIL:50;2026-MAY:40;2026-JUNE:40;2026-JULY:30;2026-AUGUST:20,
carine median house price,50,LOW,0,0.0,0.0,0.0,2025-SEPTEMBER:90;2025-OCTOBER:70;2025-NOVEMBER:70;2025-DECEMBER:40;2026-JANUARY:50;2026-FEBRUARY:40;2026-MARCH:50;2026-APRIL:50;2026-MAY:50;2026-JUNE:40;2026-JULY:40;2026-AUGUST:70,
real estate agent fees sydney,40,MEDIUM,50,4.24,20.05,11.43,2025-SEPTEMBER:110;2025-OCTOBER:40;2025-NOVEMBER:30;2025-DECEMBER:10;2026-JANUARY:40;2026-FEBRUARY:40;2026-MARCH:40;2026-APRIL:40;2026-MAY:40;2026-JUNE:20;2026-JULY:20;2026-AUGUST:20,
morayfield house prices,40,LOW,10,0.03,2.44,0.03,2025-SEPTEMBER:30;2025-OCTOBER:30;2025-NOVEMBER:50;2025-DECEMBER:40;2026-JANUARY:40;2026-FEBRUARY:40;2026-MARCH:40;2026-APRIL:50;2026-MAY:30;2026-JUNE:30;2026-JULY:30;2026-AUGUST:40,
morayfield postcode qld,40,LOW,0,0.0,0.0,0.0,2025-SEPTEMBER:50;2025-OCTOBER:40;2025-NOVEMBER:20;2025-DECEMBER:50;2026-JANUARY:30;2026-FEBRUARY:40;2026-MARCH:30;2026-APRIL:30;2026-MAY:30;2026-JUNE:30;2026-JULY:50;2026-AUGUST:70,
morayfield property growth,40,LOW,4,0.0,0.0,0.0,2025-SEPTEMBER:50;2025-OCTOBER:70;2025-NOVEMBER:40;2025-DECEMBER:40;2026-JANUARY:50;2026-FEBRUARY:40;2026-MARCH:70;2026-APRIL:30;2026-MAY:40;2026-JUNE:30;2026-JULY:20;2026-AUGUST:40,
taralga population,40,LOW,0,0.0,0.0,0.0,2025-SEPTEMBER:50;2025-OCTOBER:40;2025-NOVEMBER:40;2025-DECEMBER:30;2026-JANUARY:50;2026-FEBRUARY:30;2026-MARCH:30;2026-APRIL:40;2026-MAY:50;2026-JUNE:20;2026-JULY:40;2026-AUGUST:30,
airlie beach property market,40,LOW,6,0.0,0.0,2.06,2025-SEPTEMBER:70;2025-OCTOBER:50;2025-NOVEMBER:50;2025-DECEMBER:30;2026-JANUARY:50;2026-FEBRUARY:40;2026-MARCH:50;2026-APRIL:20;2026-MAY:30;2026-JUNE:20;2026-JULY:30;2026-AUGUST:30,
best suburbs to live in australia,40,LOW,2,0.0,0.0,0.0,2025-SEPTEMBER:50;2025-OCTOBER:50;2025-NOVEMBER:50;2025-DECEMBER:40;2026-JANUARY:40;2026-FEBRUARY:30;2026-MARCH:40;2026-APRIL:30;2026-MAY:50;2026-JUNE:30;2026-JULY:20;2026-AUGUST:40,
humpybong qld,40,LOW,0,0.0,0.0,0.0,2025-SEPTEMBER:20;2025-OCTOBER:40;2025-NOVEMBER:30;2025-DECEMBER:40;2026-JANUARY:30;2026-FEBRUARY:30;2026-MARCH:40;2026-APRIL:140;2026-MAY:20;2026-JUNE:20;2026-JULY:20;2026-AUGUST:30,
morayfield population,40,LOW,0,0.0,0.0,0.0,2025-SEPTEMBER:50;2025-OCTOBER:50;2025-NOVEMBER:40;2025-DECEMBER:50;2026-JANUARY:50;2026-FEBRUARY:40;2026-MARCH:20;2026-APRIL:40;2026-MAY:50;2026-JUNE:40;2026-JULY:40;2026-AUGUST:30,
median house price kellyville,40,LOW,0,0.0,0.0,0.0,2025-SEPTEMBER:50;2025-OCTOBER:70;2025-NOVEMBER:40;2025-DECEMBER:30;2026-JANUARY:40;2026-FEBRUARY:40;2026-MARCH:70;2026-APRIL:40;2026-MAY:50;2026-JUNE:30;2026-JULY:20;2026-AUGUST:30,
parkwood suburb profile,40,LOW,1,0.0,0.0,0.0,2025-SEPTEMBER:50;2025-OCTOBER:50;2025-NOVEMBER:50;2025-DECEMBER:40;2026-JANUARY:40;2026-FEBRUARY:50;2026-MARCH:50;2026-APRIL:30;2026-MAY:20;2026-JUNE:20;2026-JULY:20;2026-AUGUST:30,
morayfield median house price,40,LOW,1,0.0,0.0,0.08,2025-SEPTEMBER:20;2025-OCTOBER:50;2025-NOVEMBER:50;2025-DECEMBER:20;2026-JANUARY:50;2026-FEBRUARY:40;2026-MARCH:40;2026-APRIL:50;2026-MAY:30;2026-JUNE:40;2026-JULY:20;2026-AUGUST:30,
rentvesting strategy property purchase,40,HIGH,86,0.0,0.0,0.0,2025-SEPTEMBER:0;2025-OCTOBER:480;2025-NOVEMBER:0;2025-DECEMBER:0;2026-JANUARY:10;2026-FEBRUARY:0;2026-MARCH:0;2026-APRIL:10;2026-MAY:0;2026-JUNE:0;2026-JULY:10;2026-AUGUST:10,
3099 postcode victoria,40,LOW,0,0.0,0.0,0.0,2025-SEPTEMBER:50;2025-OCTOBER:30;2025-NOVEMBER:40;2025-DECEMBER:30;2026-JANUARY:40;2026-FEBRUARY:50;2026-MARCH:40;2026-APRIL:30;2026-MAY:40;2026-JUNE:30;2026-JULY:30;2026-AUGUST:30,
median house price williamstown,40,LOW,0,0.0,0.0,0.0,2025-SEPTEMBER:40;2025-OCTOBER:50;2025-NOVEMBER:40;2025-DECEMBER:30;2026-JANUARY:50;2026-FEBRUARY:50;2026-MARCH:70;2026-APRIL:70;2026-MAY:40;2026-JUNE:30;2026-JULY:30;2026-AUGUST:30,
queensland property stamp duty,40,MEDIUM,36,0.13,0.92,0.37,2025-SEPTEMBER:140;2025-OCTOBER:50;2025-NOVEMBER:20;2025-DECEMBER:20;2026-JANUARY:40;2026-FEBRUARY:40;2026-MARCH:40;2026-APRIL:20;2026-MAY:30;2026-JUNE:20;2026-JULY:30;2026-AUGUST:20,
morayfield crime rate,40,LOW,0,0.0,0.0,0.0,2025-SEPTEMBER:40;2025-OCTOBER:50;2025-NOVEMBER:30;2025-DECEMBER:30;2026-JANUARY:40;2026-FEBRUARY:40;2026-MARCH:20;2026-APRIL:40;2026-MAY:40;2026-JUNE:40;2026-JULY:30;2026-AUGUST:30,
tingalpa postcode qld,40,LOW,0,0.0,0.0,0.0,2025-SEPTEMBER:50;2025-OCTOBER:50;2025-NOVEMBER:70;2025-DECEMBER:40;2026-JANUARY:30;2026-FEBRUARY:40;2026-MARCH:40;2026-APRIL:20;2026-MAY:20;2026-JUNE:30;2026-JULY:20;2026-AUGUST:40,
home loan eligibility calculator australia,40,HIGH,86,3.03,8.05,6.95,2025-SEPTEMBER:70;2025-OCTOBER:70;2025-NOVEMBER:20;2025-DECEMBER:30;2026-JANUARY:40;2026-FEBRUARY:30;2026-MARCH:70;2026-APRIL:50;2026-MAY:50;2026-JUNE:30;2026-JULY:30;2026-AUGUST:30,
median house price dandenong,40,LOW,12,0.0,0.0,0.0,2025-SEPTEMBER:50;2025-OCTOBER:90;2025-NOVEMBER:20;2025-DECEMBER:10;2026-JANUARY:20;2026-FEBRUARY:30;2026-MARCH:90;2026-APRIL:40;2026-MAY:40;2026-JUNE:20;2026-JULY:20;2026-AUGUST:10,
booragoon postcode wa,40,LOW,0,0.0,0.0,0.0,2025-SEPTEMBER:30;2025-OCTOBER:30;2025-NOVEMBER:40;2025-DECEMBER:70;2026-JANUARY:40;2026-FEBRUARY:40;2026-MARCH:30;2026-APRIL:30;2026-MAY:30;2026-JUNE:30;2026-JULY:20;2026-AUGUST:30,
gatton postcode qld,40,LOW,0,0.0,0.0,0.0,2025-SEPTEMBER:30;2025-OCTOBER:20;2025-NOVEMBER:40;2025-DECEMBER:30;2026-JANUARY:30;2026-FEBRUARY:50;2026-MARCH:30;2026-APRIL:30;2026-MAY:40;2026-JUNE:40;2026-JULY:50;2026-AUGUST:70,
how much can i afford,40,HIGH,72,0.71,5.96,3.57,2025-SEPTEMBER:70;2025-OCTOBER:70;2025-NOVEMBER:20;2025-DECEMBER:20;2026-JANUARY:30;2026-FEBRUARY:40;2026-MARCH:90;2026-APRIL:40;2026-MAY:40;2026-JUNE:20;2026-JULY:30;2026-AUGUST:30,
median house price south yarra,40,LOW,0,0.0,0.0,0.0,2025-SEPTEMBER:30;2025-OCTOBER:30;2025-NOVEMBER:20;2025-DECEMBER:30;2026-JANUARY:30;2026-FEBRUARY:50;2026-MARCH:90;2026-APRIL:30;2026-MAY:50;2026-JUNE:20;2026-JULY:30;2026-AUGUST:20,
exmouth postcode wa,40,LOW,0,0.0,0.0,0.0,2025-SEPTEMBER:90;2025-OCTOBER:50;2025-NOVEMBER:50;2025-DECEMBER:30;2026-JANUARY:10;2026-FEBRUARY:20;2026-MARCH:30;2026-APRIL:40;2026-MAY:40;2026-JUNE:30;2026-JULY:40;2026-AUGUST:50,
helens hill qld,40,LOW,0,0.0,0.0,0.0,2025-SEPTEMBER:30;2025-OCTOBER:50;2025-NOVEMBER:50;2025-DECEMBER:50;2026-JANUARY:40;2026-FEBRUARY:30;2026-MARCH:30;2026-APRIL:30;2026-MAY:30;2026-JUNE:40;2026-JULY:50;2026-AUGUST:40,
2557 postcode nsw,40,LOW,0,0.0,0.0,0.0,2025-SEPTEMBER:10;2025-OCTOBER:20;2025-NOVEMBER:10;2025-DECEMBER:20;2026-JANUARY:50;2026-FEBRUARY:40;2026-MARCH:50;2026-APRIL:30;2026-MAY:40;2026-JUNE:50;2026-JULY:70;2026-AUGUST:70,
mortgage eligibility calculator australia,40,HIGH,86,3.03,8.05,6.95,2025-SEPTEMBER:70;2025-OCTOBER:70;2025-NOVEMBER:20;2025-DECEMBER:30;2026-JANUARY:40;2026-FEBRUARY:30;2026-MARCH:70;2026-APRIL:50;2026-MAY:50;2026-JUNE:30;2026-JULY:30;2026-AUGUST:30,
real estate listing fees,40,MEDIUM,56,4.65,19.47,19.96,2025-SEPTEMBER:50;2025-OCTOBER:50;2025-NOVEMBER:40;2025-DECEMBER:20;2026-JANUARY:30;2026-FEBRUARY:70;2026-MARCH:90;2026-APRIL:30;2026-MAY:50;2026-JUNE:30;2026-JULY:20;2026-AUGUST:30,
average house price in toorak,40,LOW,0,0.0,0.0,0.0,2025-SEPTEMBER:30;2025-OCTOBER:40;2025-NOVEMBER:40;2025-DECEMBER:40;2026-JANUARY:30;2026-FEBRUARY:40;2026-MARCH:40;2026-APRIL:50;2026-MAY:40;2026-JUNE:50;2026-JULY:40;2026-AUGUST:30,
calculate home loan borrowing power,40,HIGH,81,2.27,8.44,7.06,2025-SEPTEMBER:50;2025-OCTOBER:30;2025-NOVEMBER:20;2025-DECEMBER:30;2026-JANUARY:50;2026-FEBRUARY:40;2026-MARCH:50;2026-APRIL:50;2026-MAY:40;2026-JUNE:40;2026-JULY:40;2026-AUGUST:40,
harrisdale suburb profile,40,LOW,2,0.0,0.0,0.0,2025-SEPTEMBER:40;2025-OCTOBER:50;2025-NOVEMBER:40;2025-DECEMBER:40;2026-JANUARY:40;2026-FEBRUARY:90;2026-MARCH:70;2026-APRIL:50;2026-MAY:20;2026-JUNE:20;2026-JULY:30;2026-AUGUST:30,
how to calculate rental yield australia,40,LOW,0,0.0,0.0,0.0,2025-SEPTEMBER:40;2025-OCTOBER:50;2025-NOVEMBER:90;2025-DECEMBER:50;2026-JANUARY:70;2026-FEBRUARY:70;2026-MARCH:40;2026-APRIL:10;2026-MAY:20;2026-JUNE:10;2026-JULY:10;2026-AUGUST:10,
kingsford postcode nsw,40,LOW,0,0.0,0.0,0.0,2025-SEPTEMBER:40;2025-OCTOBER:40;2025-NOVEMBER:40;2025-DECEMBER:50;2026-JANUARY:50;2026-FEBRUARY:50;2026-MARCH:40;2026-APRIL:20;2026-MAY:30;2026-JUNE:30;2026-JULY:20;2026-AUGUST:50,
mount gambier property growth,40,LOW,1,0.0,0.0,0.0,2025-SEPTEMBER:140;2025-OCTOBER:50;2025-NOVEMBER:30;2025-DECEMBER:30;2026-JANUARY:40;2026-FEBRUARY:20;2026-MARCH:20;2026-APRIL:30;2026-MAY:30;2026-JUNE:20;2026-JULY:10;2026-AUGUST:10,
real estate agent flat fee,40,MEDIUM,46,5.1,40.41,21.73,2025-SEPTEMBER:20;2025-OCTOBER:20;2025-NOVEMBER:10;2025-DECEMBER:10;2026-JANUARY:20;2026-FEBRUARY:90;2026-MARCH:50;2026-APRIL:70;2026-MAY:110;2026-JUNE:20;2026-JULY:10;2026-AUGUST:20,
gross yield calculator,40,LOW,4,0.0,0.0,0.0,2025-SEPTEMBER:50;2025-OCTOBER:70;2025-NOVEMBER:30;2025-DECEMBER:30;2026-JANUARY:40;2026-FEBRUARY:40;2026-MARCH:50;2026-APRIL:40;2026-MAY:50;2026-JUNE:30;2026-JULY:50;2026-AUGUST:20,
hawthorn east median house price,40,LOW,2,0.0,0.0,0.0,2025-SEPTEMBER:50;2025-OCTOBER:40;2025-NOVEMBER:50;2025-DECEMBER:40;2026-JANUARY:50;2026-FEBRUARY:40;2026-MARCH:50;2026-APRIL:40;2026-MAY:40;2026-JUNE:20;2026-JULY:20;2026-AUGUST:30,
thirroul population,40,LOW,0,0.0,0.0,0.0,2025-SEPTEMBER:30;2025-OCTOBER:40;2025-NOVEMBER:50;2025-DECEMBER:40;2026-JANUARY:50;2026-FEBRUARY:40;2026-MARCH:30;2026-APRIL:50;2026-MAY:20;2026-JUNE:30;2026-JULY:50;2026-AUGUST:20,
average real estate commission nsw,40,MEDIUM,47,3.02,11.67,9.11,2025-SEPTEMBER:40;2025-OCTOBER:40;2025-NOVEMBER:40;2025-DECEMBER:30;2026-JANUARY:30;2026-FEBRUARY:40;2026-MARCH:50;2026-APRIL:40;2026-MAY:50;2026-JUNE:30;2026-JULY:30;2026-AUGUST:20,
banksia 2216,40,LOW,1,0.0,0.0,0.03,2025-SEPTEMBER:30;2025-OCTOBER:30;2025-NOVEMBER:30;2025-DECEMBER:30;2026-JANUARY:40;2026-FEBRUARY:30;2026-MARCH:50;2026-APRIL:30;2026-MAY:40;2026-JUNE:70;2026-JULY:40;2026-AUGUST:50,
forestville median house price,40,LOW,0,0.0,0.0,0.0,2025-SEPTEMBER:50;2025-OCTOBER:40;2025-NOVEMBER:50;2025-DECEMBER:30;2026-JANUARY:30;2026-FEBRUARY:30;2026-MARCH:40;2026-APRIL:40;2026-MAY:20;2026-JUNE:30;2026-JULY:20;2026-AUGUST:30,
pascoe vale south median house price,40,LOW,1,0.0,0.0,0.0,2025-SEPTEMBER:40;2025-OCTOBER:50;2025-NOVEMBER:30;2025-DECEMBER:40;2026-JANUARY:40;2026-FEBRUARY:50;2026-MARCH:40;2026-APRIL:50;2026-MAY:40;2026-JUNE:30;2026-JULY:40;2026-AUGUST:40,
real estate agents rhodes,40,MEDIUM,41,8.19,25.16,14.44,2025-SEPTEMBER:30;2025-OCTOBER:40;2025-NOVEMBER:30;2025-DECEMBER:20;2026-JANUARY:10;2026-FEBRUARY:90;2026-MARCH:110;2026-APRIL:30;2026-MAY:40;2026-JUNE:20;2026-JULY:20;2026-AUGUST:20,
real estate fees victoria,40,MEDIUM,56,2.23,9.81,8.79,2025-SEPTEMBER:50;2025-OCTOBER:50;2025-NOVEMBER:40;2025-DECEMBER:30;2026-JANUARY:50;2026-FEBRUARY:50;2026-MARCH:50;2026-APRIL:30;2026-MAY:40;2026-JUNE:20;2026-JULY:20;2026-AUGUST:20,
renovation cost melbourne,40,LOW,32,2.05,6.22,5.18,2025-SEPTEMBER:70;2025-OCTOBER:70;2025-NOVEMBER:50;2025-DECEMBER:40;2026-JANUARY:30;2026-FEBRUARY:30;2026-MARCH:20;2026-APRIL:40;2026-MAY:20;2026-JUNE:30;2026-JULY:20;2026-AUGUST:30,
smithfield postcode cairns,40,LOW,0,0.0,0.0,0.0,2025-SEPTEMBER:40;2025-OCTOBER:40;2025-NOVEMBER:40;2025-DECEMBER:40;2026-JANUARY:30;2026-FEBRUARY:30;2026-MARCH:50;2026-APRIL:30;2026-MAY:40;2026-JUNE:50;2026-JULY:40;2026-AUGUST:40,
lidcombe postal code,40,LOW,0,0.0,0.0,0.0,2025-SEPTEMBER:30;2025-OCTOBER:30;2025-NOVEMBER:30;2025-DECEMBER:30;2026-JANUARY:40;2026-FEBRUARY:50;2026-MARCH:50;2026-APRIL:30;2026-MAY:40;2026-JUNE:30;2026-JULY:40;2026-AUGUST:50,
unley postcode sa,40,LOW,0,0.0,0.0,0.0,2025-SEPTEMBER:30;2025-OCTOBER:30;2025-NOVEMBER:40;2025-DECEMBER:30;2026-JANUARY:30;2026-FEBRUARY:40;2026-MARCH:40;2026-APRIL:30;2026-MAY:40;2026-JUNE:40;2026-JULY:70;2026-AUGUST:90,
vic 3142,40,LOW,0,0.0,0.0,0.0,2025-SEPTEMBER:40;2025-OCTOBER:40;2025-NOVEMBER:30;2025-DECEMBER:40;2026-JANUARY:40;2026-FEBRUARY:40;2026-MARCH:30;2026-APRIL:40;2026-MAY:70;2026-JUNE:40;2026-JULY:30;2026-AUGUST:50,
average repayments on 500k mortgage,40,MEDIUM,48,0.77,4.92,8.6,2025-SEPTEMBER:50;2025-OCTOBER:70;2025-NOVEMBER:40;2025-DECEMBER:40;2026-JANUARY:40;2026-FEBRUARY:40;2026-MARCH:40;2026-APRIL:20;2026-MAY:10;2026-JUNE:10;2026-JULY:30;2026-AUGUST:20,
davoren park suburb profile,40,LOW,3,0.0,0.0,0.0,2025-SEPTEMBER:50;2025-OCTOBER:40;2025-NOVEMBER:40;2025-DECEMBER:30;2026-JANUARY:50;2026-FEBRUARY:30;2026-MARCH:50;2026-APRIL:40;2026-MAY:40;2026-JUNE:30;2026-JULY:40;2026-AUGUST:30,
define dual occupancy,40,LOW,2,0.0,0.0,0.0,2025-SEPTEMBER:50;2025-OCTOBER:50;2025-NOVEMBER:30;2025-DECEMBER:20;2026-JANUARY:30;2026-FEBRUARY:40;2026-MARCH:90;2026-APRIL:50;2026-MAY:40;2026-JUNE:30;2026-JULY:20;2026-AUGUST:20,
flat fee real estate agent,40,MEDIUM,46,5.1,40.41,21.73,2025-SEPTEMBER:20;2025-OCTOBER:20;2025-NOVEMBER:10;2025-DECEMBER:10;2026-JANUARY:20;2026-FEBRUARY:90;2026-MARCH:50;2026-APRIL:70;2026-MAY:110;2026-JUNE:20;2026-JULY:10;2026-AUGUST:20,
frenchs forest median house price,40,LOW,0,0.0,0.0,0.0,2025-SEPTEMBER:40;2025-OCTOBER:70;2025-NOVEMBER:50;2025-DECEMBER:40;2026-JANUARY:50;2026-FEBRUARY:40;2026-MARCH:50;2026-APRIL:40;2026-MAY:40;2026-JUNE:30;2026-JULY:40;2026-AUGUST:30,
hamilton hill suburb profile,40,LOW,1,0.0,0.0,0.0,2025-SEPTEMBER:50;2025-OCTOBER:70;2025-NOVEMBER:40;2025-DECEMBER:70;2026-JANUARY:70;2026-FEBRUARY:50;2026-MARCH:50;2026-APRIL:40;2026-MAY:20;2026-JUNE:20;2026-JULY:30;2026-AUGUST:20,
how much borrow,40,HIGH,80,0.86,3.75,2.31,2025-SEPTEMBER:70;2025-OCTOBER:50;2025-NOVEMBER:50;2025-DECEMBER:40;2026-JANUARY:50;2026-FEBRUARY:40;2026-MARCH:40;2026-APRIL:30;2026-MAY:40;2026-JUNE:20;2026-JULY:30;2026-AUGUST:30,
how to find a real estate agent,40,MEDIUM,42,7.54,80.75,89.53,2025-SEPTEMBER:40;2025-OCTOBER:50;2025-NOVEMBER:30;2025-DECEMBER:20;2026-JANUARY:40;2026-FEBRUARY:50;2026-MARCH:70;2026-APRIL:20;2026-MAY:20;2026-JUNE:20;2026-JULY:20;2026-AUGUST:30,
liverpool median house price,40,LOW,0,0.0,0.0,0.0,2025-SEPTEMBER:50;2025-OCTOBER:70;2025-NOVEMBER:40;2025-DECEMBER:30;2026-JANUARY:40;2026-FEBRUARY:30;2026-MARCH:90;2026-APRIL:40;2026-MAY:50;2026-JUNE:30;2026-JULY:30;2026-AUGUST:20,
mount pleasant postcode wa,40,LOW,0,0.0,0.0,0.0,2025-SEPTEMBER:30;2025-OCTOBER:20;2025-NOVEMBER:40;2025-DECEMBER:40;2026-JANUARY:20;2026-FEBRUARY:20;2026-MARCH:30;2026-APRIL:20;2026-MAY:40;2026-JUNE:40;2026-JULY:50;2026-AUGUST:90,
net yield,40,LOW,4,0.0,0.0,0.0,2025-SEPTEMBER:50;2025-OCTOBER:40;2025-NOVEMBER:20;2025-DECEMBER:30;2026-JANUARY:30;2026-FEBRUARY:70;2026-MARCH:40;2026-APRIL:50;2026-MAY:50;2026-JUNE:40;2026-JULY:30;2026-AUGUST:30,
pymble real estate agents,40,MEDIUM,48,5.06,20.84,17.19,2025-SEPTEMBER:30;2025-OCTOBER:70;2025-NOVEMBER:70;2025-DECEMBER:10;2026-JANUARY:50;2026-FEBRUARY:40;2026-MARCH:20;2026-APRIL:30;2026-MAY:30;2026-JUNE:30;2026-JULY:30;2026-AUGUST:50,real estate agents pymble
real estate agent percentage,40,MEDIUM,36,2.54,10.79,7.74,2025-SEPTEMBER:50;2025-OCTOBER:50;2025-NOVEMBER:50;2025-DECEMBER:40;2026-JANUARY:50;2026-FEBRUARY:50;2026-MARCH:50;2026-APRIL:40;2026-MAY:30;2026-JUNE:20;2026-JULY:20;2026-AUGUST:40,
real estate commission australia,40,MEDIUM,41,2.33,7.31,4.31,2025-SEPTEMBER:140;2025-OCTOBER:40;2025-NOVEMBER:40;2025-DECEMBER:40;2026-JANUARY:40;2026-FEBRUARY:40;2026-MARCH:70;2026-APRIL:30;2026-MAY:30;2026-JUNE:20;2026-JULY:20;2026-AUGUST:20,
south melbourne median house price,40,LOW,1,0.0,0.0,0.0,2025-SEPTEMBER:50;2025-OCTOBER:70;2025-NOVEMBER:40;2025-DECEMBER:40;2026-JANUARY:40;2026-FEBRUARY:50;2026-MARCH:70;2026-APRIL:50;2026-MAY:40;2026-JUNE:40;2026-JULY:40;2026-AUGUST:30,
where is mortlake nsw,40,LOW,0,0.0,0.0,0.0,2025-SEPTEMBER:40;2025-OCTOBER:50;2025-NOVEMBER:40;2025-DECEMBER:40;2026-JANUARY:50;2026-FEBRUARY:40;2026-MARCH:30;2026-APRIL:40;2026-MAY:40;2026-JUNE:40;2026-JULY:40;2026-AUGUST:50,
beaconsfield population,40,LOW,0,0.0,0.0,0.0,2025-SEPTEMBER:40;2025-OCTOBER:40;2025-NOVEMBER:30;2025-DECEMBER:30;2026-JANUARY:40;2026-FEBRUARY:40;2026-MARCH:30;2026-APRIL:50;2026-MAY:40;2026-JUNE:30;2026-JULY:40;2026-AUGUST:40,
best suburb to live in australia,40,LOW,2,0.0,0.0,0.0,2025-SEPTEMBER:50;2025-OCTOBER:50;2025-NOVEMBER:50;2025-DECEMBER:40;2026-JANUARY:40;2026-FEBRUARY:30;2026-MARCH:40;2026-APRIL:30;2026-MAY:50;2026-JUNE:30;2026-JULY:20;2026-AUGUST:40,
byron bay property market,40,LOW,2,0.0,0.0,0.0,2025-SEPTEMBER:40;2025-OCTOBER:50;2025-NOVEMBER:40;2025-DECEMBER:30;2026-JANUARY:70;2026-FEBRUARY:50;2026-MARCH:50;2026-APRIL:40;2026-MAY:40;2026-JUNE:30;2026-JULY:40;2026-AUGUST:30,
commercial property stamp duty calculator qld,40,LOW,5,0.0,0.0,0.0,2025-SEPTEMBER:70;2025-OCTOBER:40;2025-NOVEMBER:50;2025-DECEMBER:20;2026-JANUARY:30;2026-FEBRUARY:50;2026-MARCH:30;2026-APRIL:30;2026-MAY:40;2026-JUNE:40;2026-JULY:40;2026-AUGUST:30,
3752 postcode victoria,40,LOW,0,0.0,0.0,0.0,2025-SEPTEMBER:30;2025-OCTOBER:50;2025-NOVEMBER:40;2025-DECEMBER:30;2026-JANUARY:50;2026-FEBRUARY:50;2026-MARCH:40;2026-APRIL:20;2026-MAY:30;2026-JUNE:50;2026-JULY:50;2026-AUGUST:50,
gross yield calculation,40,LOW,4,0.0,0.0,0.0,2025-SEPTEMBER:50;2025-OCTOBER:70;2025-NOVEMBER:30;2025-DECEMBER:30;2026-JANUARY:40;2026-FEBRUARY:40;2026-MARCH:50;2026-APRIL:40;2026-MAY:50;2026-JUNE:30;2026-JULY:50;2026-AUGUST:20,
hilltown sa,40,LOW,0,0.0,0.0,0.0,2025-SEPTEMBER:30;2025-OCTOBER:30;2025-NOVEMBER:50;2025-DECEMBER:40;2026-JANUARY:30;2026-FEBRUARY:50;2026-MARCH:140;2026-APRIL:30;2026-MAY:30;2026-JUNE:20;2026-JULY:30;2026-AUGUST:40,
investment property dubbo,40,LOW,14,3.98,9.97,0.0,2025-SEPTEMBER:140;2025-OCTOBER:40;2025-NOVEMBER:50;2025-DECEMBER:30;2026-JANUARY:40;2026-FEBRUARY:40;2026-MARCH:40;2026-APRIL:30;2026-MAY:30;2026-JUNE:20;2026-JULY:20;2026-AUGUST:30,
killara suburb profile,40,LOW,0,0.0,0.0,0.0,2025-SEPTEMBER:70;2025-OCTOBER:50;2025-NOVEMBER:50;2025-DECEMBER:30;2026-JANUARY:70;2026-FEBRUARY:30;2026-MARCH:50;2026-APRIL:30;2026-MAY:30;2026-JUNE:20;2026-JULY:30;2026-AUGUST:20,
property sale calculator,40,MEDIUM,39,2.78,6.25,8.47,2025-SEPTEMBER:110;2025-OCTOBER:20;2025-NOVEMBER:20;2025-DECEMBER:20;2026-JANUARY:40;2026-FEBRUARY:30;2026-MARCH:40;2026-APRIL:30;2026-MAY:50;2026-JUNE:20;2026-JULY:30;2026-AUGUST:30,
real estate listing fee,40,MEDIUM,56,4.63,19.38,19.86,2025-SEPTEMBER:50;2025-OCTOBER:50;2025-NOVEMBER:40;2025-DECEMBER:20;2026-JANUARY:30;2026-FEBRUARY:70;2026-MARCH:90;2026-APRIL:30;2026-MAY:50;2026-JUNE:30;2026-JULY:20;2026-AUGUST:30,
springwood suburb profile,40,LOW,0,0.0,0.0,0.0,2025-SEPTEMBER:50;2025-OCTOBER:50;2025-NOVEMBER:50;2025-DECEMBER:30;2026-JANUARY:50;2026-FEBRUARY:50;2026-MARCH:40;2026-APRIL:40;2026-MAY:40;2026-JUNE:40;2026-JULY:20;2026-AUGUST:30,
what mortgage can i get,40,HIGH,79,2.58,8.52,6.25,2025-SEPTEMBER:50;2025-OCTOBER:50;2025-NOVEMBER:30;2025-DECEMBER:30;2026-JANUARY:30;2026-FEBRUARY:30;2026-MARCH:50;2026-APRIL:40;2026-MAY:30;2026-JUNE:30;2026-JULY:30;2026-AUGUST:30,
willoughby real estate agents,40,MEDIUM,59,3.74,38.83,39.27,2025-SEPTEMBER:90;2025-OCTOBER:20;2025-NOVEMBER:20;2025-DECEMBER:50;2026-JANUARY:110;2026-FEBRUARY:30;2026-MARCH:40;2026-APRIL:20;2026-MAY:30;2026-JUNE:20;2026-JULY:20;2026-AUGUST:30,
agents commission qld,40,MEDIUM,46,2.44,10.42,3.9,2025-SEPTEMBER:50;2025-OCTOBER:40;2025-NOVEMBER:50;2025-DECEMBER:30;2026-JANUARY:50;2026-FEBRUARY:40;2026-MARCH:50;2026-APRIL:30;2026-MAY:30;2026-JUNE:30;2026-JULY:20;2026-AUGUST:10,
borrowing power cal,40,HIGH,67,0.37,4.05,2.48,2025-SEPTEMBER:50;2025-OCTOBER:50;2025-NOVEMBER:50;2025-DECEMBER:30;2026-JANUARY:50;2026-FEBRUARY:50;2026-MARCH:50;2026-APRIL:30;2026-MAY:40;2026-JUNE:30;2026-JULY:40;2026-AUGUST:30,
bowral median house price,40,LOW,2,0.0,0.0,0.22,2025-SEPTEMBER:50;2025-OCTOBER:40;2025-NOVEMBER:50;2025-DECEMBER:30;2026-JANUARY:40;2026-FEBRUARY:40;2026-MARCH:30;2026-APRIL:40;2026-MAY:40;2026-JUNE:40;2026-JULY:40;2026-AUGUST:30,
can i afford a house,40,HIGH,81,2.58,8.59,9.99,2025-SEPTEMBER:50;2025-OCTOBER:50;2025-NOVEMBER:40;2025-DECEMBER:40;2026-JANUARY:50;2026-FEBRUARY:50;2026-MARCH:40;2026-APRIL:50;2026-MAY:30;2026-JUNE:40;2026-JULY:40;2026-AUGUST:30,
chapel hill median house price,40,LOW,0,0.0,0.0,0.0,2025-SEPTEMBER:70;2025-OCTOBER:90;2025-NOVEMBER:40;2025-DECEMBER:40;2026-JANUARY:70;2026-FEBRUARY:30;2026-MARCH:50;2026-APRIL:30;2026-MAY:30;2026-JUNE:30;2026-JULY:30;2026-AUGUST:30,
cost of selling a house nsw,30,MEDIUM,57,2.5,8.67,8.14,2025-SEPTEMBER:50;2025-OCTOBER:30;2025-NOVEMBER:40;2025-DECEMBER:20;2026-JANUARY:30;2026-FEBRUARY:30;2026-MARCH:40;2026-APRIL:30;2026-MAY:30;2026-JUNE:20;2026-JULY:20;2026-AUGUST:20,
canberra house prices by suburb,30,LOW,17,1.21,4.51,11.14,2025-SEPTEMBER:30;2025-OCTOBER:40;2025-NOVEMBER:50;2025-DECEMBER:40;2026-JANUARY:40;2026-FEBRUARY:30;2026-MARCH:30;2026-APRIL:30;2026-MAY:20;2026-JUNE:20;2026-JULY:20;2026-AUGUST:20,
morayfield property market,30,LOW,3,0.0,0.0,0.0,2025-SEPTEMBER:20;2025-OCTOBER:30;2025-NOVEMBER:40;2025-DECEMBER:30;2026-JANUARY:20;2026-FEBRUARY:20;2026-MARCH:50;2026-APRIL:10;2026-MAY:10;2026-JUNE:10;2026-JULY:30;2026-AUGUST:30,
arundel postcode qld,30,LOW,0,0.0,0.0,0.0,2025-SEPTEMBER:30;2025-OCTOBER:40;2025-NOVEMBER:30;2025-DECEMBER:30;2026-JANUARY:30;2026-FEBRUARY:20;2026-MARCH:20;2026-APRIL:30;2026-MAY:30;2026-JUNE:30;2026-JULY:40;2026-AUGUST:40,
rental property yield calculator,30,LOW,29,1.56,11.8,11.56,2025-SEPTEMBER:30;2025-OCTOBER:30;2025-NOVEMBER:30;2025-DECEMBER:30;2026-JANUARY:20;2026-FEBRUARY:40;2026-MARCH:40;2026-APRIL:40;2026-MAY:40;2026-JUNE:20;2026-JULY:30;2026-AUGUST:30,yield on rental property calculator
net rental yield calculator,30,LOW,11,0.0,0.0,0.0,2025-SEPTEMBER:30;2025-OCTOBER:30;2025-NOVEMBER:30;2025-DECEMBER:30;2026-JANUARY:30;2026-FEBRUARY:30;2026-MARCH:50;2026-APRIL:30;2026-MAY:30;2026-JUNE:20;2026-JULY:20;2026-AUGUST:20,
property investment yield calculator,30,LOW,24,1.38,5.01,1.99,2025-SEPTEMBER:50;2025-OCTOBER:40;2025-NOVEMBER:30;2025-DECEMBER:20;2026-JANUARY:40;2026-FEBRUARY:30;2026-MARCH:30;2026-APRIL:30;2026-MAY:20;2026-JUNE:20;2026-JULY:10;2026-AUGUST:10,investment property yield calculator
2283 postcode nsw,30,LOW,0,0.0,0.0,0.0,2025-SEPTEMBER:20;2025-OCTOBER:30;2025-NOVEMBER:30;2025-DECEMBER:30;2026-JANUARY:40;2026-FEBRUARY:30;2026-MARCH:50;2026-APRIL:30;2026-MAY:50;2026-JUNE:40;2026-JULY:30;2026-AUGUST:30,
buying real estate australia,30,LOW,0,0.0,0.0,0.0,2025-SEPTEMBER:70;2025-OCTOBER:50;2025-NOVEMBER:20;2025-DECEMBER:10;2026-JANUARY:10;2026-FEBRUARY:40;2026-MARCH:70;2026-APRIL:30;2026-MAY:30;2026-JUNE:10;2026-JULY:10;2026-AUGUST:10,buying real estate in australia
nsw 2777,30,LOW,0,0.0,0.0,0.0,2025-SEPTEMBER:30;2025-OCTOBER:30;2025-NOVEMBER:20;2025-DECEMBER:30;2026-JANUARY:30;2026-FEBRUARY:30;2026-MARCH:40;2026-APRIL:30;2026-MAY:50;2026-JUNE:30;2026-JULY:30;2026-AUGUST:50,
casula postcode nsw,30,LOW,0,0.0,0.0,0.0,2025-SEPTEMBER:10;2025-OCTOBER:10;2025-NOVEMBER:20;2025-DECEMBER:30;2026-JANUARY:30;2026-FEBRUARY:30;2026-MARCH:30;2026-APRIL:30;2026-MAY:30;2026-JUNE:40;2026-JULY:30;2026-AUGUST:30,
selling a home,30,HIGH,75,4.06,34.7,45.23,2025-SEPTEMBER:50;2025-OCTOBER:30;2025-NOVEMBER:10;2025-DECEMBER:20;2026-JANUARY:10;2026-FEBRUARY:30;2026-MARCH:90;2026-APRIL:20;2026-MAY:10;2026-JUNE:10;2026-JULY:10;2026-AUGUST:10,selling home
woodvale postcode wa,30,LOW,0,0.0,0.0,0.0,2025-SEPTEMBER:30;2025-OCTOBER:30;2025-NOVEMBER:30;2025-DECEMBER:50;2026-JANUARY:40;2026-FEBRUARY:30;2026-MARCH:30;2026-APRIL:30;2026-MAY:30;2026-JUNE:20;2026-JULY:40;2026-AUGUST:50,
average renovation cost,30,LOW,19,0.65,6.73,11.83,2025-SEPTEMBER:90;2025-OCTOBER:30;2025-NOVEMBER:30;2025-DECEMBER:20;2026-JANUARY:20;2026-FEBRUARY:30;2026-MARCH:20;2026-APRIL:10;2026-MAY:20;2026-JUNE:20;2026-JULY:10;2026-AUGUST:30,
regents park postcode qld,30,LOW,0,0.0,0.0,0.0,2025-SEPTEMBER:30;2025-OCTOBER:20;2025-NOVEMBER:30;2025-DECEMBER:30;2026-JANUARY:10;2026-FEBRUARY:30;2026-MARCH:20;2026-APRIL:30;2026-MAY:40;2026-JUNE:20;2026-JULY:30;2026-AUGUST:70,
browns plains postcode qld,30,LOW,0,0.0,0.0,0.0,2025-SEPTEMBER:40;2025-OCTOBER:20;2025-NOVEMBER:30;2025-DECEMBER:50;2026-JANUARY:30;2026-FEBRUARY:30;2026-MARCH:20;2026-APRIL:30;2026-MAY:30;2026-JUNE:40;2026-JULY:50;2026-AUGUST:40,
postcode 2043 nsw,30,LOW,0,0.0,0.0,0.0,2025-SEPTEMBER:0;2025-OCTOBER:0;2025-NOVEMBER:0;2025-DECEMBER:50;2026-JANUARY:40;2026-FEBRUARY:30;2026-MARCH:40;2026-APRIL:50;2026-MAY:50;2026-JUNE:40;2026-JULY:30;2026-AUGUST:50,
nsw 2026 postcode,30,LOW,0,0.0,0.0,0.0,2025-SEPTEMBER:0;2025-OCTOBER:0;2025-NOVEMBER:0;2025-DECEMBER:30;2026-JANUARY:40;2026-FEBRUARY:30;2026-MARCH:50;2026-APRIL:40;2026-MAY:40;2026-JUNE:30;2026-JULY:40;2026-AUGUST:50,
4498 postcode australia,30,LOW,0,0.0,0.0,0.0,2025-SEPTEMBER:30;2025-OCTOBER:40;2025-NOVEMBER:20;2025-DECEMBER:30;2026-JANUARY:30;2026-FEBRUARY:20;2026-MARCH:30;2026-APRIL:40;2026-MAY:30;2026-JUNE:20;2026-JULY:10;2026-AUGUST:20,
where is badagarang nsw,30,LOW,0,0.0,0.0,0.0,2025-SEPTEMBER:40;2025-OCTOBER:50;2025-NOVEMBER:50;2025-DECEMBER:30;2026-JANUARY:30;2026-FEBRUARY:30;2026-MARCH:20;2026-APRIL:40;2026-MAY:30;2026-JUNE:30;2026-JULY:30;2026-AUGUST:20,
bondi postal code,30,LOW,0,0.0,0.0,0.0,2025-SEPTEMBER:40;2025-OCTOBER:50;2025-NOVEMBER:40;2025-DECEMBER:40;2026-JANUARY:50;2026-FEBRUARY:30;2026-MARCH:30;2026-APRIL:20;2026-MAY:20;2026-JUNE:20;2026-JULY:20;2026-AUGUST:20,
how to buy property in australia,30,HIGH,78,2.34,9.38,7.36,2025-SEPTEMBER:40;2025-OCTOBER:40;2025-NOVEMBER:20;2025-DECEMBER:20;2026-JANUARY:40;2026-FEBRUARY:20;2026-MARCH:30;2026-APRIL:20;2026-MAY:40;2026-JUNE:20;2026-JULY:20;2026-AUGUST:20,
buderim property market,30,LOW,10,0.0,0.0,17.56,2025-SEPTEMBER:30;2025-OCTOBER:20;2025-NOVEMBER:30;2025-DECEMBER:20;2026-JANUARY:30;2026-FEBRUARY:30;2026-MARCH:70;2026-APRIL:20;2026-MAY:40;2026-JUNE:40;2026-JULY:30;2026-AUGUST:10,
casuarina postcode nsw,30,LOW,0,0.0,0.0,0.0,2025-SEPTEMBER:70;2025-OCTOBER:70;2025-NOVEMBER:50;2025-DECEMBER:40;2026-JANUARY:20;2026-FEBRUARY:20;2026-MARCH:20;2026-APRIL:20;2026-MAY:20;2026-JUNE:20;2026-JULY:20;2026-AUGUST:20,
nebo population,30,LOW,0,0.0,0.0,0.0,2025-SEPTEMBER:30;2025-OCTOBER:30;2025-NOVEMBER:30;2025-DECEMBER:30;2026-JANUARY:30;2026-FEBRUARY:20;2026-MARCH:10;2026-APRIL:20;2026-MAY:30;2026-JUNE:40;2026-JULY:30;2026-AUGUST:30,
bridging loans guide,30,LOW,7,0.0,0.0,0.0,2025-SEPTEMBER:170;2025-OCTOBER:20;2025-NOVEMBER:40;2025-DECEMBER:30;2026-JANUARY:10;2026-FEBRUARY:10;2026-MARCH:10;2026-APRIL:10;2026-MAY:10;2026-JUNE:10;2026-JULY:10;2026-AUGUST:10,
butler postcode wa,30,LOW,0,0.0,0.0,0.0,2025-SEPTEMBER:20;2025-OCTOBER:20;2025-NOVEMBER:30;2025-DECEMBER:40;2026-JANUARY:30;2026-FEBRUARY:30;2026-MARCH:20;2026-APRIL:20;2026-MAY:20;2026-JUNE:40;2026-JULY:40;2026-AUGUST:50,
home affordability,30,LOW,8,0.0,0.0,0.0,2025-SEPTEMBER:20;2025-OCTOBER:50;2025-NOVEMBER:70;2025-DECEMBER:30;2026-JANUARY:30;2026-FEBRUARY:20;2026-MARCH:20;2026-APRIL:20;2026-MAY:10;2026-JUNE:20;2026-JULY:30;2026-AUGUST:20,
reid south australia,30,LOW,0,0.0,0.0,0.0,2025-SEPTEMBER:30;2025-OCTOBER:30;2025-NOVEMBER:40;2025-DECEMBER:30;2026-JANUARY:30;2026-FEBRUARY:30;2026-MARCH:40;2026-APRIL:40;2026-MAY:20;2026-JUNE:30;2026-JULY:20;2026-AUGUST:20,
property advice,30,MEDIUM,51,3.93,12.86,14.31,2025-SEPTEMBER:40;2025-OCTOBER:40;2025-NOVEMBER:40;2025-DECEMBER:20;2026-JANUARY:40;2026-FEBRUARY:40;2026-MARCH:30;2026-APRIL:30;2026-MAY:20;2026-JUNE:30;2026-JULY:40;2026-AUGUST:30,
ashfield postcode wa,30,LOW,0,0.0,0.0,0.0,2025-SEPTEMBER:10;2025-OCTOBER:10;2025-NOVEMBER:40;2025-DECEMBER:20;2026-JANUARY:30;2026-FEBRUARY:30;2026-MARCH:40;2026-APRIL:40;2026-MAY:40;2026-JUNE:30;2026-JULY:20;2026-AUGUST:40,
blackbutt postcode qld,30,LOW,0,0.0,0.0,0.0,2025-SEPTEMBER:10;2025-OCTOBER:10;2025-NOVEMBER:20;2025-DECEMBER:30;2026-JANUARY:20;2026-FEBRUARY:20;2026-MARCH:30;2026-APRIL:40;2026-MAY:40;2026-JUNE:30;2026-JULY:40;2026-AUGUST:50,
median house price fitzroy,30,LOW,0,0.0,0.0,0.0,2025-SEPTEMBER:30;2025-OCTOBER:40;2025-NOVEMBER:20;2025-DECEMBER:20;2026-JANUARY:30;2026-FEBRUARY:20;2026-MARCH:50;2026-APRIL:40;2026-MAY:30;2026-JUNE:20;2026-JULY:20;2026-AUGUST:20,
bridging finance guide,30,LOW,7,0.0,0.0,0.0,2025-SEPTEMBER:170;2025-OCTOBER:20;2025-NOVEMBER:40;2025-DECEMBER:30;2026-JANUARY:10;2026-FEBRUARY:10;2026-MARCH:10;2026-APRIL:10;2026-MAY:10;2026-JUNE:10;2026-JULY:10;2026-AUGUST:10,
rental income calculator australia,30,LOW,15,0.0,0.0,14.91,2025-SEPTEMBER:40;2025-OCTOBER:40;2025-NOVEMBER:30;2025-DECEMBER:40;2026-JANUARY:30;2026-FEBRUARY:30;2026-MARCH:40;2026-APRIL:20;2026-MAY:30;2026-JUNE:20;2026-JULY:10;2026-AUGUST:10,
triabunna population,30,LOW,0,0.0,0.0,0.0,2025-SEPTEMBER:20;2025-OCTOBER:20;2025-NOVEMBER:30;2025-DECEMBER:30;2026-JANUARY:40;2026-FEBRUARY:40;2026-MARCH:30;2026-APRIL:30;2026-MAY:10;2026-JUNE:20;2026-JULY:20;2026-AUGUST:20,
how to sell your home,30,MEDIUM,61,6.71,22.22,16.49,2025-SEPTEMBER:70;2025-OCTOBER:30;2025-NOVEMBER:10;2025-DECEMBER:10;2026-JANUARY:10;2026-FEBRUARY:30;2026-MARCH:70;2026-APRIL:30;2026-MAY:50;2026-JUNE:10;2026-JULY:10;2026-AUGUST:20,
3978 postcode victoria,30,LOW,0,0.0,0.0,0.0,2025-SEPTEMBER:20;2025-OCTOBER:10;2025-NOVEMBER:20;2025-DECEMBER:30;2026-JANUARY:30;2026-FEBRUARY:30;2026-MARCH:40;2026-APRIL:40;2026-MAY:30;2026-JUNE:30;2026-JULY:50;2026-AUGUST:40,
burra population 2025,30,LOW,0,0.0,0.0,0.0,2025-SEPTEMBER:0;2025-OCTOBER:30;2025-NOVEMBER:20;2025-DECEMBER:40;2026-JANUARY:40;2026-FEBRUARY:30;2026-MARCH:30;2026-APRIL:10;2026-MAY:30;2026-JUNE:40;2026-JULY:20;2026-AUGUST:30,
5037 postcode sa,30,LOW,0,0.0,0.0,0.0,2025-SEPTEMBER:40;2025-OCTOBER:40;2025-NOVEMBER:20;2025-DECEMBER:30;2026-JANUARY:10;2026-FEBRUARY:10;2026-MARCH:40;2026-APRIL:40;2026-MAY:50;2026-JUNE:50;2026-JULY:30;2026-AUGUST:40,
bethania postcode qld,30,LOW,0,0.0,0.0,0.0,2025-SEPTEMBER:0;2025-OCTOBER:0;2025-NOVEMBER:30;2025-DECEMBER:20;2026-JANUARY:30;2026-FEBRUARY:30;2026-MARCH:50;2026-APRIL:40;2026-MAY:70;2026-JUNE:40;2026-JULY:40;2026-AUGUST:30,
2099 postcode nsw,30,LOW,1,0.0,0.0,0.0,2025-SEPTEMBER:20;2025-OCTOBER:20;2025-NOVEMBER:30;2025-DECEMBER:20;2026-JANUARY:30;2026-FEBRUARY:30;2026-MARCH:70;2026-APRIL:50;2026-MAY:30;2026-JUNE:20;2026-JULY:50;2026-AUGUST:30,
chermside postal code,30,LOW,0,0.0,0.0,0.0,2025-SEPTEMBER:30;2025-OCTOBER:30;2025-NOVEMBER:30;2025-DECEMBER:20;2026-JANUARY:30;2026-FEBRUARY:40;2026-MARCH:30;2026-APRIL:30;2026-MAY:20;2026-JUNE:30;2026-JULY:20;2026-AUGUST:30,
cost of selling a house in nsw calculator,30,MEDIUM,56,1.64,7.75,6.98,2025-SEPTEMBER:20;2025-OCTOBER:20;2025-NOVEMBER:30;2025-DECEMBER:20;2026-JANUARY:40;2026-FEBRUARY:20;2026-MARCH:30;2026-APRIL:30;2026-MAY:40;2026-JUNE:20;2026-JULY:20;2026-AUGUST:30,
lorne median house price,30,LOW,2,0.0,0.0,0.0,2025-SEPTEMBER:20;2025-OCTOBER:20;2025-NOVEMBER:30;2025-DECEMBER:20;2026-JANUARY:50;2026-FEBRUARY:10;2026-MARCH:70;2026-APRIL:20;2026-MAY:10;2026-JUNE:10;2026-JULY:20;2026-AUGUST:20,
north melbourne median house price,30,LOW,0,0.0,0.0,0.0,2025-SEPTEMBER:50;2025-OCTOBER:70;2025-NOVEMBER:20;2025-DECEMBER:20;2026-JANUARY:20;2026-FEBRUARY:30;2026-MARCH:70;2026-APRIL:30;2026-MAY:40;2026-JUNE:20;2026-JULY:20;2026-AUGUST:40,
woodford postcode qld,30,LOW,0,0.0,0.0,0.0,2025-SEPTEMBER:10;2025-OCTOBER:30;2025-NOVEMBER:20;2025-DECEMBER:30;2026-JANUARY:30;2026-FEBRUARY:10;2026-MARCH:30;2026-APRIL:30;2026-MAY:20;2026-JUNE:40;2026-JULY:50;2026-AUGUST:90,
4118 qld,30,LOW,0,0.0,0.0,0.0,2025-SEPTEMBER:30;2025-OCTOBER:20;2025-NOVEMBER:30;2025-DECEMBER:30;2026-JANUARY:20;2026-FEBRUARY:20;2026-MARCH:30;2026-APRIL:70;2026-MAY:40;2026-JUNE:40;2026-JULY:30;2026-AUGUST:40,
4506 qld,30,LOW,0,0.0,0.0,0.0,2025-SEPTEMBER:20;2025-OCTOBER:30;2025-NOVEMBER:20;2025-DECEMBER:30;2026-JANUARY:20;2026-FEBRUARY:20;2026-MARCH:20;2026-APRIL:20;2026-MAY:20;2026-JUNE:30;2026-JULY:30;2026-AUGUST:40,
bathroom and kitchen remodel cost,30,MEDIUM,47,2.61,8.0,7.5,2025-SEPTEMBER:40;2025-OCTOBER:20;2025-NOVEMBER:30;2025-DECEMBER:10;2026-JANUARY:30;2026-FEBRUARY:40;2026-MARCH:30;2026-APRIL:70;2026-MAY:30;2026-JUNE:20;2026-JULY:20;2026-AUGUST:10,
brisbane family suburbs,30,LOW,3,0.0,0.0,2.78,2025-SEPTEMBER:30;2025-OCTOBER:30;2025-NOVEMBER:30;2025-DECEMBER:30;2026-JANUARY:20;2026-FEBRUARY:20;2026-MARCH:20;2026-APRIL:10;2026-MAY:20;2026-JUNE:30;2026-JULY:30;2026-AUGUST:20,
campsie property growth,30,LOW,2,0.0,0.0,0.0,2025-SEPTEMBER:30;2025-OCTOBER:50;2025-NOVEMBER:30;2025-DECEMBER:20;2026-JANUARY:20;2026-FEBRUARY:20;2026-MARCH:50;2026-APRIL:40;2026-MAY:30;2026-JUNE:20;2026-JULY:10;2026-AUGUST:10,
greenwald victoria,30,LOW,0,0.0,0.0,0.0,2025-SEPTEMBER:10;2025-OCTOBER:30;2025-NOVEMBER:30;2025-DECEMBER:20;2026-JANUARY:50;2026-FEBRUARY:30;2026-MARCH:70;2026-APRIL:40;2026-MAY:10;2026-JUNE:20;2026-JULY:20;2026-AUGUST:20,
horsham property management,30,MEDIUM,48,0.0,0.0,38.34,2025-SEPTEMBER:90;2025-OCTOBER:40;2025-NOVEMBER:20;2025-DECEMBER:30;2026-JANUARY:50;2026-FEBRUARY:40;2026-MARCH:50;2026-APRIL:40;2026-MAY:20;2026-JUNE:10;2026-JULY:10;2026-AUGUST:10,
chillagoe population,30,LOW,0,0.0,0.0,0.0,2025-SEPTEMBER:30;2025-OCTOBER:30;2025-NOVEMBER:20;2025-DECEMBER:20;2026-JANUARY:30;2026-FEBRUARY:20;2026-MARCH:20;2026-APRIL:20;2026-MAY:30;2026-JUNE:40;2026-JULY:50;2026-AUGUST:40,
gregory hills postcode nsw,30,LOW,0,0.0,0.0,0.0,2025-SEPTEMBER:30;2025-OCTOBER:30;2025-NOVEMBER:30;2025-DECEMBER:30;2026-JANUARY:20;2026-FEBRUARY:30;2026-MARCH:30;2026-APRIL:30;2026-MAY:30;2026-JUNE:30;2026-JULY:20;2026-AUGUST:30,
rental yield calculation for property,30,LOW,29,1.56,11.82,11.57,2025-SEPTEMBER:30;2025-OCTOBER:30;2025-NOVEMBER:30;2025-DECEMBER:30;2026-JANUARY:20;2026-FEBRUARY:40;2026-MARCH:40;2026-APRIL:40;2026-MAY:40;2026-JUNE:20;2026-JULY:30;2026-AUGUST:30,
bellbird postcode nsw,30,LOW,0,0.0,0.0,0.0,2025-SEPTEMBER:20;2025-OCTOBER:30;2025-NOVEMBER:20;2025-DECEMBER:20;2026-JANUARY:30;2026-FEBRUARY:30;2026-MARCH:20;2026-APRIL:20;2026-MAY:20;2026-JUNE:40;2026-JULY:40;2026-AUGUST:40,
2400 postcode nsw,30,LOW,0,0.0,0.0,0.0,2025-SEPTEMBER:20;2025-OCTOBER:20;2025-NOVEMBER:30;2025-DECEMBER:20;2026-JANUARY:30;2026-FEBRUARY:30;2026-MARCH:30;2026-APRIL:40;2026-MAY:30;2026-JUNE:30;2026-JULY:30;2026-AUGUST:40,
pascoe vale to essendon,30,LOW,0,0.0,0.0,0.0,2025-SEPTEMBER:30;2025-OCTOBER:20;2025-NOVEMBER:30;2025-DECEMBER:30;2026-JANUARY:30;2026-FEBRUARY:20;2026-MARCH:20;2026-APRIL:30;2026-MAY:20;2026-JUNE:30;2026-JULY:20;2026-AUGUST:30,
coomera median house price,30,LOW,0,0.0,0.0,0.0,2025-SEPTEMBER:50;2025-OCTOBER:40;2025-NOVEMBER:50;2025-DECEMBER:30;2026-JANUARY:50;2026-FEBRUARY:40;2026-MARCH:30;2026-APRIL:20;2026-MAY:20;2026-JUNE:20;2026-JULY:20;2026-AUGUST:20,
fixed fee real estate agents,30,HIGH,69,4.41,41.06,14.38,2025-SEPTEMBER:40;2025-OCTOBER:50;2025-NOVEMBER:40;2025-DECEMBER:20;2026-JANUARY:30;2026-FEBRUARY:30;2026-MARCH:40;2026-APRIL:40;2026-MAY:20;2026-JUNE:20;2026-JULY:20;2026-AUGUST:20,
kiama property market,30,LOW,1,0.0,0.0,0.0,2025-SEPTEMBER:90;2025-OCTOBER:30;2025-NOVEMBER:30;2025-DECEMBER:20;2026-JANUARY:20;2026-FEBRUARY:30;2026-MARCH:50;2026-APRIL:20;2026-MAY:20;2026-JUNE:20;2026-JULY:20;2026-AUGUST:30,
nelson bay postcode nsw,30,LOW,0,0.0,0.0,0.0,2025-SEPTEMBER:20;2025-OCTOBER:30;2025-NOVEMBER:40;2025-DECEMBER:30;2026-JANUARY:40;2026-FEBRUARY:40;2026-MARCH:30;2026-APRIL:30;2026-MAY:20;2026-JUNE:30;2026-JULY:30;2026-AUGUST:40,
property value guide,30,MEDIUM,47,0.76,2.61,6.27,2025-SEPTEMBER:30;2025-OCTOBER:20;2025-NOVEMBER:50;2025-DECEMBER:30;2026-JANUARY:30;2026-FEBRUARY:50;2026-MARCH:50;2026-APRIL:40;2026-MAY:40;2026-JUNE:10;2026-JULY:20;2026-AUGUST:10,
real estate agent commission victoria,30,LOW,17,2.52,16.44,7.84,2025-SEPTEMBER:90;2025-OCTOBER:30;2025-NOVEMBER:30;2025-DECEMBER:30;2026-JANUARY:20;2026-FEBRUARY:20;2026-MARCH:30;2026-APRIL:30;2026-MAY:20;2026-JUNE:20;2026-JULY:20;2026-AUGUST:30,
real estate agent fees sa,30,MEDIUM,45,3.95,22.4,13.43,2025-SEPTEMBER:20;2025-OCTOBER:30;2025-NOVEMBER:20;2025-DECEMBER:20;2026-JANUARY:30;2026-FEBRUARY:30;2026-MARCH:30;2026-APRIL:40;2026-MAY:40;2026-JUNE:30;2026-JULY:20;2026-AUGUST:10,
real estate agents moree,30,MEDIUM,39,3.14,14.09,11.21,2025-SEPTEMBER:20;2025-OCTOBER:70;2025-NOVEMBER:20;2025-DECEMBER:10;2026-JANUARY:20;2026-FEBRUARY:40;2026-MARCH:50;2026-APRIL:20;2026-MAY:40;2026-JUNE:20;2026-JULY:10;2026-AUGUST:30,
vic 3167,30,LOW,0,0.0,0.0,0.0,2025-SEPTEMBER:20;2025-OCTOBER:20;2025-NOVEMBER:30;2025-DECEMBER:20;2026-JANUARY:20;2026-FEBRUARY:20;2026-MARCH:30;2026-APRIL:20;2026-MAY:30;2026-JUNE:30;2026-JULY:30;2026-AUGUST:40,
borrowing capacity calculator australia,30,MEDIUM,61,2.17,8.08,7.86,2025-SEPTEMBER:50;2025-OCTOBER:20;2025-NOVEMBER:20;2025-DECEMBER:20;2026-JANUARY:50;2026-FEBRUARY:40;2026-MARCH:20;2026-APRIL:50;2026-MAY:30;2026-JUNE:20;2026-JULY:30;2026-AUGUST:30,
bredbo population,30,LOW,0,0.0,0.0,0.0,2025-SEPTEMBER:30;2025-OCTOBER:20;2025-NOVEMBER:20;2025-DECEMBER:40;2026-JANUARY:20;2026-FEBRUARY:30;2026-MARCH:20;2026-APRIL:20;2026-MAY:30;2026-JUNE:30;2026-JULY:40;2026-AUGUST:50,
moulamein population,30,LOW,0,0.0,0.0,0.0,2025-SEPTEMBER:30;2025-OCTOBER:20;2025-NOVEMBER:30;2025-DECEMBER:30;2026-JANUARY:30;2026-FEBRUARY:30;2026-MARCH:30;2026-APRIL:30;2026-MAY:30;2026-JUNE:30;2026-JULY:30;2026-AUGUST:40,
postcode 4551 qld,30,LOW,0,0.0,0.0,0.0,2025-SEPTEMBER:20;2025-OCTOBER:30;2025-NOVEMBER:40;2025-DECEMBER:30;2026-JANUARY:40;2026-FEBRUARY:20;2026-MARCH:30;2026-APRIL:30;2026-MAY:20;2026-JUNE:30;2026-JULY:20;2026-AUGUST:30,
2140 nsw,30,LOW,0,0.0,0.0,0.0,2025-SEPTEMBER:30;2025-OCTOBER:30;2025-NOVEMBER:20;2025-DECEMBER:20;2026-JANUARY:30;2026-FEBRUARY:50;2026-MARCH:30;2026-APRIL:40;2026-MAY:20;2026-JUNE:20;2026-JULY:20;2026-AUGUST:20,
4000 postcode qld,30,LOW,0,0.0,0.0,0.0,2025-SEPTEMBER:20;2025-OCTOBER:30;2025-NOVEMBER:30;2025-DECEMBER:30;2026-JANUARY:30;2026-FEBRUARY:30;2026-MARCH:20;2026-APRIL:30;2026-MAY:30;2026-JUNE:20;2026-JULY:30;2026-AUGUST:40,
home loan power calculator,30,HIGH,78,1.05,4.65,3.58,2025-SEPTEMBER:30;2025-OCTOBER:40;2025-NOVEMBER:40;2025-DECEMBER:30;2026-JANUARY:40;2026-FEBRUARY:30;2026-MARCH:40;2026-APRIL:40;2026-MAY:70;2026-JUNE:20;2026-JULY:10;2026-AUGUST:20,
how to buy a property in australia,30,HIGH,78,2.33,9.33,7.33,2025-SEPTEMBER:40;2025-OCTOBER:40;2025-NOVEMBER:20;2025-DECEMBER:20;2026-JANUARY:40;2026-FEBRUARY:20;2026-MARCH:30;2026-APRIL:20;2026-MAY:40;2026-JUNE:20;2026-JULY:20;2026-AUGUST:20,
mortgage calculator how much can i borrow australia,30,HIGH,77,1.66,5.75,5.81,2025-SEPTEMBER:40;2025-OCTOBER:40;2025-NOVEMBER:30;2025-DECEMBER:40;2026-JANUARY:30;2026-FEBRUARY:50;2026-MARCH:50;2026-APRIL:20;2026-MAY:30;2026-JUNE:10;2026-JULY:20;2026-AUGUST:20,
moving house cost calculator,30,MEDIUM,59,2.92,7.23,9.6,2025-SEPTEMBER:10;2025-OCTOBER:10;2025-NOVEMBER:20;2025-DECEMBER:20;2026-JANUARY:50;2026-FEBRUARY:30;2026-MARCH:30;2026-APRIL:20;2026-MAY:30;2026-JUNE:30;2026-JULY:40;2026-AUGUST:20,
qld 4102,30,LOW,0,0.0,0.0,0.0,2025-SEPTEMBER:20;2025-OCTOBER:30;2025-NOVEMBER:30;2025-DECEMBER:20;2026-JANUARY:20;2026-FEBRUARY:30;2026-MARCH:50;2026-APRIL:40;2026-MAY:40;2026-JUNE:30;2026-JULY:30;2026-AUGUST:30,
real estate agent glenhaven,30,MEDIUM,47,3.7,19.25,15.1,2025-SEPTEMBER:110;2025-OCTOBER:10;2025-NOVEMBER:0;2025-DECEMBER:10;2026-JANUARY:10;2026-FEBRUARY:40;2026-MARCH:30;2026-APRIL:20;2026-MAY:40;2026-JUNE:10;2026-JULY:10;2026-AUGUST:20,
real estate agents in harrisdale,30,LOW,29,11.39,33.47,30.66,2025-SEPTEMBER:30;2025-OCTOBER:30;2025-NOVEMBER:20;2025-DECEMBER:20;2026-JANUARY:50;2026-FEBRUARY:40;2026-MARCH:40;2026-APRIL:40;2026-MAY:30;2026-JUNE:10;2026-JULY:50;2026-AUGUST:40,
stamp duty payable in qld,30,LOW,26,0.18,0.7,0.45,2025-SEPTEMBER:70;2025-OCTOBER:40;2025-NOVEMBER:20;2025-DECEMBER:20;2026-JANUARY:30;2026-FEBRUARY:30;2026-MARCH:20;2026-APRIL:30;2026-MAY:20;2026-JUNE:30;2026-JULY:10;2026-AUGUST:10,
tugun property market,30,LOW,4,0.0,0.0,0.0,2025-SEPTEMBER:30;2025-OCTOBER:40;2025-NOVEMBER:20;2025-DECEMBER:20;2026-JANUARY:40;2026-FEBRUARY:30;2026-MARCH:50;2026-APRIL:30;2026-MAY:40;2026-JUNE:20;2026-JULY:30;2026-AUGUST:20,
west end suburb,30,LOW,0,0.0,0.0,0.0,2025-SEPTEMBER:30;2025-OCTOBER:40;2025-NOVEMBER:20;2025-DECEMBER:30;2026-JANUARY:20;2026-FEBRUARY:40;2026-MARCH:30;2026-APRIL:30;2026-MAY:40;2026-JUNE:30;2026-JULY:40;2026-AUGUST:70,
2076 postcode nsw,30,LOW,0,0.0,0.0,0.0,2025-SEPTEMBER:10;2025-OCTOBER:20;2025-NOVEMBER:10;2025-DECEMBER:10;2026-JANUARY:10;2026-FEBRUARY:20;2026-MARCH:30;2026-APRIL:40;2026-MAY:40;2026-JUNE:50;2026-JULY:30;2026-AUGUST:50,
4212 qld,30,LOW,0,0.0,0.0,0.0,2025-SEPTEMBER:40;2025-OCTOBER:30;2025-NOVEMBER:30;2025-DECEMBER:40;2026-JANUARY:20;2026-FEBRUARY:30;2026-MARCH:40;2026-APRIL:30;2026-MAY:50;2026-JUNE:30;2026-JULY:40;2026-AUGUST:30,
asic mortgage repayment calculator,30,LOW,0,0.0,0.0,0.0,2025-SEPTEMBER:10;2025-OCTOBER:20;2025-NOVEMBER:20;2025-DECEMBER:10;2026-JANUARY:30;2026-FEBRUARY:30;2026-MARCH:30;2026-APRIL:40;2026-MAY:40;2026-JUNE:10;2026-JULY:20;2026-AUGUST:40,
australia property stamp duty,30,LOW,26,0.24,1.05,1.0,2025-SEPTEMBER:30;2025-OCTOBER:30;2025-NOVEMBER:20;2025-DECEMBER:30;2026-JANUARY:30;2026-FEBRUARY:30;2026-MARCH:10;2026-APRIL:20;2026-MAY:30;2026-JUNE:30;2026-JULY:20;2026-AUGUST:20,
average monthly mortgage repayments,30,LOW,14,2.96,5.94,0.0,2025-SEPTEMBER:50;2025-OCTOBER:40;2025-NOVEMBER:30;2025-DECEMBER:20;2026-JANUARY:30;2026-FEBRUARY:20;2026-MARCH:30;2026-APRIL:30;2026-MAY:40;2026-JUNE:30;2026-JULY:30;2026-AUGUST:20,
barmedman population,30,LOW,0,0.0,0.0,0.0,2025-SEPTEMBER:30;2025-OCTOBER:20;2025-NOVEMBER:20;2025-DECEMBER:20;2026-JANUARY:30;2026-FEBRUARY:30;2026-MARCH:30;2026-APRIL:20;2026-MAY:30;2026-JUNE:10;2026-JULY:20;2026-AUGUST:20,
bridging funding,30,LOW,12,0.0,0.0,40.11,2025-SEPTEMBER:90;2025-OCTOBER:30;2025-NOVEMBER:30;2025-DECEMBER:30;2026-JANUARY:20;2026-FEBRUARY:30;2026-MARCH:20;2026-APRIL:10;2026-MAY:20;2026-JUNE:20;2026-JULY:10;2026-AUGUST:20,
median house price by state australia,30,LOW,0,0.0,0.0,0.0,2025-SEPTEMBER:140;2025-OCTOBER:30;2025-NOVEMBER:10;2025-DECEMBER:20;2026-JANUARY:20;2026-FEBRUARY:20;2026-MARCH:10;2026-APRIL:20;2026-MAY:20;2026-JUNE:20;2026-JULY:20;2026-AUGUST:10,
2137 postcode nsw,30,LOW,0,0.0,0.0,0.0,2025-SEPTEMBER:10;2025-OCTOBER:30;2025-NOVEMBER:20;2025-DECEMBER:20;2026-JANUARY:40;2026-FEBRUARY:20;2026-MARCH:20;2026-APRIL:40;2026-MAY:50;2026-JUNE:30;2026-JULY:20;2026-AUGUST:30,
adf property guide,30,MEDIUM,59,2.63,8.02,10.68,2025-SEPTEMBER:30;2025-OCTOBER:30;2025-NOVEMBER:20;2025-DECEMBER:30;2026-JANUARY:50;2026-FEBRUARY:30;2026-MARCH:20;2026-APRIL:20;2026-MAY:20;2026-JUNE:30;2026-JULY:30;2026-AUGUST:10,
cannington postcode wa,30,LOW,0,0.0,0.0,0.0,2025-SEPTEMBER:10;2025-OCTOBER:20;2025-NOVEMBER:30;2025-DECEMBER:30;2026-JANUARY:10;2026-FEBRUARY:20;2026-MARCH:20;2026-APRIL:20;2026-MAY:40;2026-JUNE:40;2026-JULY:40;2026-AUGUST:70,
carlaminda nsw,30,LOW,0,0.0,0.0,0.0,2025-SEPTEMBER:10;2025-OCTOBER:10;2025-NOVEMBER:20;2025-DECEMBER:30;2026-JANUARY:40;2026-FEBRUARY:10;2026-MARCH:20;2026-APRIL:20;2026-MAY:30;2026-JUNE:30;2026-JULY:40;2026-AUGUST:50,
renovation cost australia,20,LOW,14,0.0,0.0,0.0,2025-SEPTEMBER:20;2025-OCTOBER:20;2025-NOVEMBER:20;2025-DECEMBER:20;2026-JANUARY:20;2026-FEBRUARY:10;2026-MARCH:20;2026-APRIL:20;2026-MAY:10;2026-JUNE:10;2026-JULY:10;2026-AUGUST:10,
best suburbs in moreton bay region,20,LOW,0,0.0,0.0,0.0,2025-SEPTEMBER:90;2025-OCTOBER:20;2025-NOVEMBER:20;2025-DECEMBER:10;2026-JANUARY:20;2026-FEBRUARY:10;2026-MARCH:20;2026-APRIL:10;2026-MAY:10;2026-JUNE:20;2026-JULY:20;2026-AUGUST:10,
highgate postcode wa,20,LOW,0,0.0,0.0,0.0,2025-SEPTEMBER:10;2025-OCTOBER:20;2025-NOVEMBER:20;2025-DECEMBER:10;2026-JANUARY:10;2026-FEBRUARY:10;2026-MARCH:10;2026-APRIL:10;2026-MAY:10;2026-JUNE:20;2026-JULY:20;2026-AUGUST:70,
rentvesting strategy,20,MEDIUM,40,2.8,11.03,9.65,2025-SEPTEMBER:20;2025-OCTOBER:10;2025-NOVEMBER:20;2025-DECEMBER:20;2026-JANUARY:20;2026-FEBRUARY:10;2026-MARCH:30;2026-APRIL:10;2026-MAY:20;2026-JUNE:10;2026-JULY:10;2026-AUGUST:20,
south lake suburb profile,20,LOW,2,0.0,0.0,0.0,2025-SEPTEMBER:20;2025-OCTOBER:40;2025-NOVEMBER:30;2025-DECEMBER:20;2026-JANUARY:20;2026-FEBRUARY:30;2026-MARCH:30;2026-APRIL:30;2026-MAY:10;2026-JUNE:10;2026-JULY:10;2026-AUGUST:10,
moorebank postcode nsw,20,LOW,0,0.0,0.0,0.0,2025-SEPTEMBER:10;2025-OCTOBER:10;2025-NOVEMBER:20;2025-DECEMBER:20;2026-JANUARY:20;2026-FEBRUARY:10;2026-MARCH:20;2026-APRIL:10;2026-MAY:20;2026-JUNE:30;2026-JULY:40;2026-AUGUST:50,
4217 postcode australia,20,LOW,0,0.0,0.0,0.0,2025-SEPTEMBER:10;2025-OCTOBER:10;2025-NOVEMBER:10;2025-DECEMBER:10;2026-JANUARY:20;2026-FEBRUARY:20;2026-MARCH:20;2026-APRIL:20;2026-MAY:20;2026-JUNE:20;2026-JULY:20;2026-AUGUST:10,
kenmore postcode qld,20,LOW,0,0.0,0.0,0.0,2025-SEPTEMBER:10;2025-OCTOBER:10;2025-NOVEMBER:20;2025-DECEMBER:20;2026-JANUARY:20;2026-FEBRUARY:20;2026-MARCH:40;2026-APRIL:20;2026-MAY:20;2026-JUNE:30;2026-JULY:40;2026-AUGUST:50,
spring farm property growth,20,LOW,3,0.0,0.0,0.0,2025-SEPTEMBER:20;2025-OCTOBER:40;2025-NOVEMBER:20;2025-DECEMBER:10;2026-JANUARY:10;2026-FEBRUARY:30;2026-MARCH:40;2026-APRIL:20;2026-MAY:30;2026-JUNE:20;2026-JULY:20;2026-AUGUST:10,
your property guide,20,LOW,22,2.87,11.13,14.5,2025-SEPTEMBER:10;2025-OCTOBER:10;2025-NOVEMBER:10;2025-DECEMBER:10;2026-JANUARY:20;2026-FEBRUARY:20;2026-MARCH:30;2026-APRIL:30;2026-MAY:40;2026-JUNE:20;2026-JULY:10;2026-AUGUST:20,
erskineville postcode nsw,20,LOW,0,0.0,0.0,0.0,2025-SEPTEMBER:20;2025-OCTOBER:10;2025-NOVEMBER:20;2025-DECEMBER:20;2026-JANUARY:20;2026-FEBRUARY:10;2026-MARCH:20;2026-APRIL:10;2026-MAY:10;2026-JUNE:10;2026-JULY:10;2026-AUGUST:20,
airlie beach postcode qld,20,LOW,0,0.0,0.0,0.0,2025-SEPTEMBER:20;2025-OCTOBER:20;2025-NOVEMBER:40;2025-DECEMBER:20;2026-JANUARY:10;2026-FEBRUARY:20;2026-MARCH:20;2026-APRIL:10;2026-MAY:20;2026-JUNE:20;2026-JULY:30;2026-AUGUST:40,
loganholme postcode qld,20,LOW,0,0.0,0.0,0.0,2025-SEPTEMBER:10;2025-OCTOBER:20;2025-NOVEMBER:20;2025-DECEMBER:30;2026-JANUARY:30;2026-FEBRUARY:30;2026-MARCH:30;2026-APRIL:20;2026-MAY:10;2026-JUNE:20;2026-JULY:10;2026-AUGUST:20,
flat fee commissions,20,,,0.0,0.0,0.0,2025-SEPTEMBER:210;2025-OCTOBER:10;2025-NOVEMBER:0;2025-DECEMBER:0;2026-JANUARY:10;2026-FEBRUARY:0;2026-MARCH:0;2026-APRIL:0;2026-MAY:10;2026-JUNE:0;2026-JULY:0;2026-AUGUST:0,
monterey postcode nsw,20,LOW,0,0.0,0.0,0.0,2025-SEPTEMBER:10;2025-OCTOBER:10;2025-NOVEMBER:10;2025-DECEMBER:10;2026-JANUARY:20;2026-FEBRUARY:20;2026-MARCH:20;2026-APRIL:10;2026-MAY:30;2026-JUNE:30;2026-JULY:40;2026-AUGUST:40,
beerwah postcode qld,20,LOW,0,0.0,0.0,0.0,2025-SEPTEMBER:10;2025-OCTOBER:10;2025-NOVEMBER:10;2025-DECEMBER:20;2026-JANUARY:20;2026-FEBRUARY:20;2026-MARCH:20;2026-APRIL:10;2026-MAY:10;2026-JUNE:10;2026-JULY:20;2026-AUGUST:40,
kilmore property growth,20,LOW,14,0.0,0.0,0.0,2025-SEPTEMBER:20;2025-OCTOBER:20;2025-NOVEMBER:20;2025-DECEMBER:10;2026-JANUARY:10;2026-FEBRUARY:30;2026-MARCH:40;2026-APRIL:20;2026-MAY:20;2026-JUNE:10;2026-JULY:10;2026-AUGUST:10,
what is the postcode for liverpool,20,LOW,0,0.0,0.0,0.0,2025-SEPTEMBER:20;2025-OCTOBER:20;2025-NOVEMBER:20;2025-DECEMBER:20;2026-JANUARY:20;2026-FEBRUARY:10;2026-MARCH:20;2026-APRIL:20;2026-MAY:20;2026-JUNE:30;2026-JULY:20;2026-AUGUST:40,
buderim postcode 4556,20,LOW,0,0.0,0.0,0.0,2025-SEPTEMBER:20;2025-OCTOBER:20;2025-NOVEMBER:20;2025-DECEMBER:30;2026-JANUARY:30;2026-FEBRUARY:30;2026-MARCH:20;2026-APRIL:20;2026-MAY:20;2026-JUNE:20;2026-JULY:30;2026-AUGUST:30,
suburb advice,20,LOW,3,0.0,0.0,0.0,2025-SEPTEMBER:20;2025-OCTOBER:30;2025-NOVEMBER:20;2025-DECEMBER:10;2026-JANUARY:20;2026-FEBRUARY:20;2026-MARCH:20;2026-APRIL:30;2026-MAY:10;2026-JUNE:10;2026-JULY:20;2026-AUGUST:10,
surfers paradise postcode 4217,20,LOW,0,0.0,0.0,0.0,2025-SEPTEMBER:10;2025-OCTOBER:20;2025-NOVEMBER:10;2025-DECEMBER:20;2026-JANUARY:20;2026-FEBRUARY:20;2026-MARCH:20;2026-APRIL:10;2026-MAY:10;2026-JUNE:10;2026-JULY:10;2026-AUGUST:30,
postal code surfers paradise,20,LOW,0,0.0,0.0,0.0,2025-SEPTEMBER:20;2025-OCTOBER:20;2025-NOVEMBER:20;2025-DECEMBER:30;2026-JANUARY:30;2026-FEBRUARY:20;2026-MARCH:30;2026-APRIL:10;2026-MAY:20;2026-JUNE:20;2026-JULY:10;2026-AUGUST:20,
toorak population,20,LOW,0,0.0,0.0,0.0,2025-SEPTEMBER:20;2025-OCTOBER:40;2025-NOVEMBER:10;2025-DECEMBER:20;2026-JANUARY:30;2026-FEBRUARY:10;2026-MARCH:20;2026-APRIL:20;2026-MAY:20;2026-JUNE:20;2026-JULY:20;2026-AUGUST:30,
2170 suburb,20,LOW,0,0.0,0.0,0.0,2025-SEPTEMBER:0;2025-OCTOBER:0;2025-NOVEMBER:0;2025-DECEMBER:40;2026-JANUARY:20;2026-FEBRUARY:20;2026-MARCH:20;2026-APRIL:20;2026-MAY:30;2026-JUNE:20;2026-JULY:20;2026-AUGUST:20,
toorak postcode 3142,20,LOW,0,0.0,0.0,0.0,2025-SEPTEMBER:20;2025-OCTOBER:10;2025-NOVEMBER:20;2025-DECEMBER:20;2026-JANUARY:10;2026-FEBRUARY:20;2026-MARCH:20;2026-APRIL:10;2026-MAY:20;2026-JUNE:20;2026-JULY:10;2026-AUGUST:20,
elderslie postcode nsw,20,LOW,0,0.0,0.0,0.0,2025-SEPTEMBER:10;2025-OCTOBER:20;2025-NOVEMBER:10;2025-DECEMBER:30;2026-JANUARY:10;2026-FEBRUARY:10;2026-MARCH:10;2026-APRIL:10;2026-MAY:20;2026-JUNE:20;2026-JULY:30;2026-AUGUST:50,
morayfield postcode 4506,20,LOW,0,0.0,0.0,0.0,2025-SEPTEMBER:10;2025-OCTOBER:20;2025-NOVEMBER:20;2025-DECEMBER:20;2026-JANUARY:10;2026-FEBRUARY:10;2026-MARCH:20;2026-APRIL:10;2026-MAY:20;2026-JUNE:20;2026-JULY:10;2026-AUGUST:30,
postcode 2026 nsw,20,LOW,0,0.0,0.0,0.0,2025-SEPTEMBER:0;2025-OCTOBER:0;2025-NOVEMBER:0;2025-DECEMBER:20;2026-JANUARY:40;2026-FEBRUARY:20;2026-MARCH:20;2026-APRIL:30;2026-MAY:40;2026-JUNE:30;2026-JULY:40;2026-AUGUST:30,
4114 postcode qld,20,LOW,0,0.0,0.0,0.0,2025-SEPTEMBER:0;2025-OCTOBER:0;2025-NOVEMBER:0;2025-DECEMBER:0;2026-JANUARY:0;2026-FEBRUARY:0;2026-MARCH:30;2026-APRIL:40;2026-MAY:50;2026-JUNE:40;2026-JULY:20;2026-AUGUST:90,
junee postcode nsw,20,LOW,0,0.0,0.0,0.0,2025-SEPTEMBER:10;2025-OCTOBER:10;2025-NOVEMBER:10;2025-DECEMBER:30;2026-JANUARY:20;2026-FEBRUARY:10;2026-MARCH:20;2026-APRIL:10;2026-MAY:20;2026-JUNE:20;2026-JULY:20;2026-AUGUST:20,
where is postcode 2043,20,LOW,0,0.0,0.0,0.0,2025-SEPTEMBER:0;2025-OCTOBER:30;2025-NOVEMBER:20;2025-DECEMBER:30;2026-JANUARY:10;2026-FEBRUARY:20;2026-MARCH:20;2026-APRIL:20;2026-MAY:20;2026-JUNE:20;2026-JULY:30;2026-AUGUST:10,
edinburgh postcode sa,20,LOW,0,0.0,0.0,0.0,2025-SEPTEMBER:20;2025-OCTOBER:20;2025-NOVEMBER:20;2025-DECEMBER:20;2026-JANUARY:20;2026-FEBRUARY:20;2026-MARCH:20;2026-APRIL:10;2026-MAY:30;2026-JUNE:20;2026-JULY:20;2026-AUGUST:40,
mandurah postal code,20,LOW,0,0.0,0.0,0.0,2025-SEPTEMBER:20;2025-OCTOBER:20;2025-NOVEMBER:20;2025-DECEMBER:20;2026-JANUARY:30;2026-FEBRUARY:30;2026-MARCH:30;2026-APRIL:10;2026-MAY:20;2026-JUNE:10;2026-JULY:10;2026-AUGUST:30,
penshurst postcode nsw,20,LOW,0,0.0,0.0,0.0,2025-SEPTEMBER:20;2025-OCTOBER:10;2025-NOVEMBER:20;2025-DECEMBER:10;2026-JANUARY:10;2026-FEBRUARY:20;2026-MARCH:20;2026-APRIL:20;2026-MAY:30;2026-JUNE:30;2026-JULY:30;2026-AUGUST:30,
selling a house in australia,20,HIGH,74,5.28,15.45,12.28,2025-SEPTEMBER:50;2025-OCTOBER:20;2025-NOVEMBER:20;2025-DECEMBER:10;2026-JANUARY:10;2026-FEBRUARY:20;2026-MARCH:70;2026-APRIL:30;2026-MAY:30;2026-JUNE:10;2026-JULY:10;2026-AUGUST:10,sell house in australia|selling house australia
forestville postcode nsw,20,LOW,0,0.0,0.0,0.0,2025-SEPTEMBER:10;2025-OCTOBER:10;2025-NOVEMBER:10;2025-DECEMBER:10;2026-JANUARY:20;2026-FEBRUARY:30;2026-MARCH:20;2026-APRIL:10;2026-MAY:20;2026-JUNE:20;2026-JULY:10;2026-AUGUST:20,
riverview postcode nsw,20,LOW,0,0.0,0.0,0.0,2025-SEPTEMBER:20;2025-OCTOBER:20;2025-NOVEMBER:20;2025-DECEMBER:30;2026-JANUARY:20;2026-FEBRUARY:10;2026-MARCH:20;2026-APRIL:10;2026-MAY:10;2026-JUNE:10;2026-JULY:30;2026-AUGUST:20,
surfers paradise area code,20,LOW,0,0.0,0.0,0.0,2025-SEPTEMBER:10;2025-OCTOBER:20;2025-NOVEMBER:20;2025-DECEMBER:20;2026-JANUARY:10;2026-FEBRUARY:20;2026-MARCH:20;2026-APRIL:10;2026-MAY:10;2026-JUNE:10;2026-JULY:20;2026-AUGUST:20,
rocklea suburb profile,20,LOW,5,0.0,0.0,0.0,2025-SEPTEMBER:20;2025-OCTOBER:30;2025-NOVEMBER:20;2025-DECEMBER:20;2026-JANUARY:30;2026-FEBRUARY:20;2026-MARCH:20;2026-APRIL:20;2026-MAY:10;2026-JUNE:10;2026-JULY:10;2026-AUGUST:10,
bulleen postcode vic,20,LOW,0,0.0,0.0,0.0,2025-SEPTEMBER:20;2025-OCTOBER:20;2025-NOVEMBER:30;2025-DECEMBER:40;2026-JANUARY:10;2026-FEBRUARY:10;2026-MARCH:10;2026-APRIL:20;2026-MAY:20;2026-JUNE:20;2026-JULY:10;2026-AUGUST:20,
chipping norton lga,20,LOW,0,0.0,0.0,0.0,2025-SEPTEMBER:20;2025-OCTOBER:10;2025-NOVEMBER:20;2025-DECEMBER:10;2026-JANUARY:20;2026-FEBRUARY:20;2026-MARCH:10;2026-APRIL:10;2026-MAY:10;2026-JUNE:20;2026-JULY:10;2026-AUGUST:20,
depreciation negative gearing,20,LOW,14,0.0,0.0,28.09,2025-SEPTEMBER:30;2025-OCTOBER:10;2025-NOVEMBER:10;2025-DECEMBER:10;2026-JANUARY:10;2026-FEBRUARY:10;2026-MARCH:10;2026-APRIL:10;2026-MAY:70;2026-JUNE:10;2026-JULY:10;2026-AUGUST:10,
north rockhampton qld 4701,20,LOW,0,0.0,0.0,0.0,2025-SEPTEMBER:30;2025-OCTOBER:30;2025-NOVEMBER:30;2025-DECEMBER:10;2026-JANUARY:10;2026-FEBRUARY:20;2026-MARCH:20;2026-APRIL:20;2026-MAY:20;2026-JUNE:30;2026-JULY:20;2026-AUGUST:30,
postcode 2250 nsw,20,LOW,0,0.0,0.0,0.0,2025-SEPTEMBER:10;2025-OCTOBER:10;2025-NOVEMBER:10;2025-DECEMBER:10;2026-JANUARY:10;2026-FEBRUARY:10;2026-MARCH:30;2026-APRIL:30;2026-MAY:40;2026-JUNE:30;2026-JULY:20;2026-AUGUST:10,
property buying guide,20,HIGH,77,2.0,8.52,1.26,2025-SEPTEMBER:110;2025-OCTOBER:20;2025-NOVEMBER:10;2025-DECEMBER:10;2026-JANUARY:10;2026-FEBRUARY:20;2026-MARCH:10;2026-APRIL:10;2026-MAY:10;2026-JUNE:10;2026-JULY:10;2026-AUGUST:10,
negative gearing depreciation,20,LOW,14,0.0,0.0,28.09,2025-SEPTEMBER:30;2025-OCTOBER:10;2025-NOVEMBER:10;2025-DECEMBER:10;2026-JANUARY:10;2026-FEBRUARY:10;2026-MARCH:10;2026-APRIL:10;2026-MAY:70;2026-JUNE:10;2026-JULY:10;2026-AUGUST:10,
northbridge wa 6865,20,LOW,1,0.0,0.0,0.0,2025-SEPTEMBER:20;2025-OCTOBER:10;2025-NOVEMBER:20;2025-DECEMBER:20;2026-JANUARY:20;2026-FEBRUARY:20;2026-MARCH:20;2026-APRIL:30;2026-MAY:20;2026-JUNE:20;2026-JULY:10;2026-AUGUST:40,
sell my home australia,20,MEDIUM,49,3.75,17.7,15.16,2025-SEPTEMBER:10;2025-OCTOBER:20;2025-NOVEMBER:20;2025-DECEMBER:20;2026-JANUARY:20;2026-FEBRUARY:20;2026-MARCH:30;2026-APRIL:40;2026-MAY:30;2026-JUNE:10;2026-JULY:10;2026-AUGUST:20,
rental property calculator australia,20,LOW,32,2.42,6.08,3.75,2025-SEPTEMBER:40;2025-OCTOBER:30;2025-NOVEMBER:30;2025-DECEMBER:20;2026-JANUARY:30;2026-FEBRUARY:20;2026-MARCH:10;2026-APRIL:20;2026-MAY:40;2026-JUNE:10;2026-JULY:10;2026-AUGUST:10,
what commission do real estate agents make in australia,20,LOW,13,0.0,0.0,7.2,2025-SEPTEMBER:110;2025-OCTOBER:20;2025-NOVEMBER:10;2025-DECEMBER:10;2026-JANUARY:10;2026-FEBRUARY:10;2026-MARCH:10;2026-APRIL:10;2026-MAY:10;2026-JUNE:10;2026-JULY:10;2026-AUGUST:10,
wingfield postcode sa,20,LOW,0,0.0,0.0,0.0,2025-SEPTEMBER:10;2025-OCTOBER:10;2025-NOVEMBER:10;2025-DECEMBER:10;2026-JANUARY:10;2026-FEBRUARY:10;2026-MARCH:10;2026-APRIL:30;2026-MAY:20;2026-JUNE:10;2026-JULY:10;2026-AUGUST:40,
general renovation costs,20,,,0.0,0.0,0.0,2025-SEPTEMBER:90;2025-OCTOBER:30;2025-NOVEMBER:20;2025-DECEMBER:20;2026-JANUARY:10;2026-FEBRUARY:20;2026-MARCH:10;2026-APRIL:10;2026-MAY:0;2026-JUNE:0;2026-JULY:0;2026-AUGUST:0,
haynes suburb profile,20,LOW,4,0.0,0.0,0.0,2025-SEPTEMBER:20;2025-OCTOBER:20;2025-NOVEMBER:20;2025-DECEMBER:20;2026-JANUARY:20;2026-FEBRUARY:30;2026-MARCH:30;2026-APRIL:50;2026-MAY:20;2026-JUNE:10;2026-JULY:10;2026-AUGUST:20,
hawthorn east postal code,20,LOW,0,0.0,0.0,0.0,2025-SEPTEMBER:10;2025-OCTOBER:20;2025-NOVEMBER:10;2025-DECEMBER:10;2026-JANUARY:20;2026-FEBRUARY:10;2026-MARCH:20;2026-APRIL:20;2026-MAY:20;2026-JUNE:10;2026-JULY:10;2026-AUGUST:20,
horfield victoria,20,LOW,0,0.0,0.0,0.0,2025-SEPTEMBER:10;2025-OCTOBER:20;2025-NOVEMBER:10;2025-DECEMBER:10;2026-JANUARY:20;2026-FEBRUARY:30;2026-MARCH:30;2026-APRIL:30;2026-MAY:30;2026-JUNE:30;2026-JULY:30;2026-AUGUST:40,
postcode 4118 suburb,20,LOW,0,0.0,0.0,0.0,2025-SEPTEMBER:10;2025-OCTOBER:20;2025-NOVEMBER:10;2025-DECEMBER:20;2026-JANUARY:20;2026-FEBRUARY:20;2026-MARCH:10;2026-APRIL:30;2026-MAY:10;2026-JUNE:10;2026-JULY:20;2026-AUGUST:10,
burnett heads population,20,LOW,0,0.0,0.0,0.0,2025-SEPTEMBER:10;2025-OCTOBER:20;2025-NOVEMBER:10;2025-DECEMBER:10;2026-JANUARY:10;2026-FEBRUARY:20;2026-MARCH:10;2026-APRIL:10;2026-MAY:40;2026-JUNE:10;2026-JULY:10;2026-AUGUST:20,
postcode 4069 suburb,20,LOW,0,0.0,0.0,0.0,2025-SEPTEMBER:30;2025-OCTOBER:20;2025-NOVEMBER:20;2025-DECEMBER:10;2026-JANUARY:30;2026-FEBRUARY:30;2026-MARCH:20;2026-APRIL:10;2026-MAY:30;2026-JUNE:10;2026-JULY:10;2026-AUGUST:20,
prestons nsw postcode 2170,20,LOW,0,0.0,0.0,0.0,2025-SEPTEMBER:0;2025-OCTOBER:0;2025-NOVEMBER:0;2025-DECEMBER:0;2026-JANUARY:0;2026-FEBRUARY:0;2026-MARCH:0;2026-APRIL:0;2026-MAY:0;2026-JUNE:70;2026-JULY:90;2026-AUGUST:20,
thirroul postcode nsw,20,LOW,0,0.0,0.0,0.0,2025-SEPTEMBER:10;2025-OCTOBER:30;2025-NOVEMBER:20;2025-DECEMBER:20;2026-JANUARY:10;2026-FEBRUARY:20;2026-MARCH:10;2026-APRIL:10;2026-MAY:10;2026-JUNE:30;2026-JULY:30;2026-AUGUST:20,
postcode 4575 queensland,20,LOW,0,0.0,0.0,0.0,2025-SEPTEMBER:0;2025-OCTOBER:0;2025-NOVEMBER:0;2025-DECEMBER:30;2026-JANUARY:20;2026-FEBRUARY:20;2026-MARCH:10;2026-APRIL:10;2026-MAY:20;2026-JUNE:30;2026-JULY:20;2026-AUGUST:20,
gundillion suburb,20,LOW,0,0.0,0.0,0.0,2025-SEPTEMBER:0;2025-OCTOBER:0;2025-NOVEMBER:0;2025-DECEMBER:0;2026-JANUARY:0;2026-FEBRUARY:0;2026-MARCH:0;2026-APRIL:0;2026-MAY:40;2026-JUNE:170;2026-JULY:70;2026-AUGUST:10,
2222 postcode nsw,20,LOW,0,0.0,0.0,0.0,2025-SEPTEMBER:30;2025-OCTOBER:30;2025-NOVEMBER:20;2025-DECEMBER:10;2026-JANUARY:20;2026-FEBRUARY:20;2026-MARCH:20;2026-APRIL:10;2026-MAY:10;2026-JUNE:10;2026-JULY:10;2026-AUGUST:10,
postcode 2137 suburb,20,LOW,0,0.0,0.0,0.0,2025-SEPTEMBER:10;2025-OCTOBER:20;2025-NOVEMBER:20;2025-DECEMBER:20;2026-JANUARY:20;2026-FEBRUARY:10;2026-MARCH:20;2026-APRIL:10;2026-MAY:20;2026-JUNE:10;2026-JULY:10;2026-AUGUST:20,
3500 postcode australia,20,LOW,1,0.0,0.0,0.0,2025-SEPTEMBER:10;2025-OCTOBER:10;2025-NOVEMBER:10;2025-DECEMBER:20;2026-JANUARY:20;2026-FEBRUARY:30;2026-MARCH:20;2026-APRIL:20;2026-MAY:20;2026-JUNE:30;2026-JULY:20;2026-AUGUST:20,
aubin grove suburb profile,20,LOW,0,0.0,0.0,0.0,2025-SEPTEMBER:30;2025-OCTOBER:10;2025-NOVEMBER:20;2025-DECEMBER:30;2026-JANUARY:20;2026-FEBRUARY:30;2026-MARCH:20;2026-APRIL:20;2026-MAY:20;2026-JUNE:20;2026-JULY:10;2026-AUGUST:10,
fern bay postcode nsw,20,LOW,0,0.0,0.0,0.0,2025-SEPTEMBER:20;2025-OCTOBER:10;2025-NOVEMBER:20;2025-DECEMBER:40;2026-JANUARY:10;2026-FEBRUARY:20;2026-MARCH:20;2026-APRIL:20;2026-MAY:30;2026-JUNE:20;2026-JULY:30;2026-AUGUST:30,
kenmore east,20,LOW,0,0.0,0.0,0.0,2025-SEPTEMBER:20;2025-OCTOBER:30;2025-NOVEMBER:10;2025-DECEMBER:30;2026-JANUARY:20;2026-FEBRUARY:10;2026-MARCH:20;2026-APRIL:20;2026-MAY:20;2026-JUNE:20;2026-JULY:10;2026-AUGUST:10,
nelson bay property growth,20,LOW,3,0.0,0.0,0.0,2025-SEPTEMBER:20;2025-OCTOBER:20;2025-NOVEMBER:10;2025-DECEMBER:20;2026-JANUARY:20;2026-FEBRUARY:10;2026-MARCH:30;2026-APRIL:20;2026-MAY:10;2026-JUNE:10;2026-JULY:10;2026-AUGUST:10,
north sydney property market,20,LOW,12,0.0,0.0,3.67,2025-SEPTEMBER:110;2025-OCTOBER:20;2025-NOVEMBER:10;2025-DECEMBER:10;2026-JANUARY:10;2026-FEBRUARY:10;2026-MARCH:30;2026-APRIL:10;2026-MAY:10;2026-JUNE:10;2026-JULY:10;2026-AUGUST:10,
paradise postcode sa,20,LOW,0,0.0,0.0,0.0,2025-SEPTEMBER:30;2025-OCTOBER:10;2025-NOVEMBER:10;2025-DECEMBER:20;2026-JANUARY:20;2026-FEBRUARY:20;2026-MARCH:20;2026-APRIL:20;2026-MAY:20;2026-JUNE:20;2026-JULY:10;2026-AUGUST:30,
warner property growth,20,LOW,0,0.0,0.0,0.0,2025-SEPTEMBER:20;2025-OCTOBER:30;2025-NOVEMBER:10;2025-DECEMBER:10;2026-JANUARY:10;2026-FEBRUARY:20;2026-MARCH:30;2026-APRIL:10;2026-MAY:20;2026-JUNE:10;2026-JULY:10;2026-AUGUST:10,
are bridging loans expensive,20,MEDIUM,47,1.9,10.14,9.36,2025-SEPTEMBER:10;2025-OCTOBER:10;2025-NOVEMBER:20;2025-DECEMBER:10;2026-JANUARY:20;2026-FEBRUARY:10;2026-MARCH:10;2026-APRIL:20;2026-MAY:30;2026-JUNE:20;2026-JULY:20;2026-AUGUST:20,
humpybong australia,20,LOW,0,0.0,0.0,0.0,2025-SEPTEMBER:20;2025-OCTOBER:10;2025-NOVEMBER:10;2025-DECEMBER:10;2026-JANUARY:20;2026-FEBRUARY:30;2026-MARCH:20;2026-APRIL:50;2026-MAY:20;2026-JUNE:20;2026-JULY:10;2026-AUGUST:20,
postcode 2540 nsw,20,LOW,0,0.0,0.0,0.0,2025-SEPTEMBER:30;2025-OCTOBER:30;2025-NOVEMBER:30;2025-DECEMBER:30;2026-JANUARY:30;2026-FEBRUARY:20;2026-MARCH:10;2026-APRIL:20;2026-MAY:20;2026-JUNE:20;2026-JULY:20;2026-AUGUST:20,
acacia ridge postcode qld,20,LOW,0,0.0,0.0,0.0,2025-SEPTEMBER:20;2025-OCTOBER:10;2025-NOVEMBER:10;2025-DECEMBER:20;2026-JANUARY:20;2026-FEBRUARY:20;2026-MARCH:30;2026-APRIL:20;2026-MAY:20;2026-JUNE:20;2026-JULY:20;2026-AUGUST:40,
how to rentvest,20,MEDIUM,56,1.01,6.32,10.71,2025-SEPTEMBER:30;2025-OCTOBER:20;2025-NOVEMBER:20;2025-DECEMBER:20;2026-JANUARY:20;2026-FEBRUARY:20;2026-MARCH:10;2026-APRIL:10;2026-MAY:20;2026-JUNE:10;2026-JULY:10;2026-AUGUST:10,
is cessnock a good place to invest,20,LOW,0,0.0,0.0,0.0,2025-SEPTEMBER:30;2025-OCTOBER:30;2025-NOVEMBER:30;2025-DECEMBER:20;2026-JANUARY:20;2026-FEBRUARY:10;2026-MARCH:30;2026-APRIL:10;2026-MAY:20;2026-JUNE:10;2026-JULY:20;2026-AUGUST:10,
lakemba property growth,20,LOW,4,0.0,0.0,0.0,2025-SEPTEMBER:20;2025-OCTOBER:20;2025-NOVEMBER:20;2025-DECEMBER:10;2026-JANUARY:10;2026-FEBRUARY:20;2026-MARCH:40;2026-APRIL:20;2026-MAY:20;2026-JUNE:10;2026-JULY:20;2026-AUGUST:10,
mortgage loan affordability,20,HIGH,80,1.82,8.77,7.43,2025-SEPTEMBER:20;2025-OCTOBER:20;2025-NOVEMBER:10;2025-DECEMBER:20;2026-JANUARY:30;2026-FEBRUARY:20;2026-MARCH:30;2026-APRIL:40;2026-MAY:20;2026-JUNE:10;2026-JULY:10;2026-AUGUST:20,
how much can i borrow on 150k salary in australia,20,HIGH,72,1.55,4.88,2.7,2025-SEPTEMBER:30;2025-OCTOBER:30;2025-NOVEMBER:30;2025-DECEMBER:20;2026-JANUARY:20;2026-FEBRUARY:20;2026-MARCH:10;2026-APRIL:10;2026-MAY:10;2026-JUNE:10;2026-JULY:20;2026-AUGUST:20,
pooraka postcode sa,20,LOW,0,0.0,0.0,0.0,2025-SEPTEMBER:0;2025-OCTOBER:0;2025-NOVEMBER:0;2025-DECEMBER:20;2026-JANUARY:30;2026-FEBRUARY:10;2026-MARCH:30;2026-APRIL:30;2026-MAY:10;2026-JUNE:20;2026-JULY:20;2026-AUGUST:40,
queanbeyan postcode australia,20,LOW,0,0.0,0.0,0.0,2025-SEPTEMBER:20;2025-OCTOBER:20;2025-NOVEMBER:20;2025-DECEMBER:20;2026-JANUARY:30;2026-FEBRUARY:10;2026-MARCH:10;2026-APRIL:20;2026-MAY:20;2026-JUNE:20;2026-JULY:20;2026-AUGUST:20,
where is badagarang,20,LOW,0,0.0,0.0,0.0,2025-SEPTEMBER:0;2025-OCTOBER:0;2025-NOVEMBER:0;2025-DECEMBER:0;2026-JANUARY:0;2026-FEBRUARY:40;2026-MARCH:30;2026-APRIL:20;2026-MAY:30;2026-JUNE:20;2026-JULY:40;2026-AUGUST:20,
5114 postcode sa,20,LOW,0,0.0,0.0,0.0,2025-SEPTEMBER:10;2025-OCTOBER:10;2025-NOVEMBER:10;2025-DECEMBER:10;2026-JANUARY:10;2026-FEBRUARY:20;2026-MARCH:30;2026-APRIL:30;2026-MAY:10;2026-JUNE:10;2026-JULY:20;2026-AUGUST:20,
agency property guides,20,LOW,15,0.0,0.0,0.0,2025-SEPTEMBER:30;2025-OCTOBER:20;2025-NOVEMBER:10;2025-DECEMBER:10;2026-JANUARY:20;2026-FEBRUARY:20;2026-MARCH:30;2026-APRIL:30;2026-MAY:20;2026-JUNE:20;2026-JULY:10;2026-AUGUST:10,
ferntree gully postcode 3158,20,LOW,0,0.0,0.0,0.0,2025-SEPTEMBER:10;2025-OCTOBER:20;2025-NOVEMBER:30;2025-DECEMBER:30;2026-JANUARY:20;2026-FEBRUARY:20;2026-MARCH:30;2026-APRIL:20;2026-MAY:20;2026-JUNE:20;2026-JULY:30;2026-AUGUST:40,
population of morayfield,20,LOW,0,0.0,0.0,0.0,2025-SEPTEMBER:30;2025-OCTOBER:30;2025-NOVEMBER:30;2025-DECEMBER:20;2026-JANUARY:20;2026-FEBRUARY:20;2026-MARCH:30;2026-APRIL:20;2026-MAY:20;2026-JUNE:20;2026-JULY:10;2026-AUGUST:20,
postcode 4122 suburb,20,LOW,0,0.0,0.0,0.0,2025-SEPTEMBER:30;2025-OCTOBER:20;2025-NOVEMBER:20;2025-DECEMBER:20;2026-JANUARY:30;2026-FEBRUARY:10;2026-MARCH:20;2026-APRIL:20;2026-MAY:30;2026-JUNE:20;2026-JULY:30;2026-AUGUST:20,
three springs population,20,LOW,0,0.0,0.0,0.0,2025-SEPTEMBER:30;2025-OCTOBER:20;2025-NOVEMBER:10;2025-DECEMBER:20;2026-JANUARY:30;2026-FEBRUARY:20;2026-MARCH:30;2026-APRIL:30;2026-MAY:20;2026-JUNE:20;2026-JULY:20;2026-AUGUST:20,
yangebup suburb profile,20,LOW,0,0.0,0.0,0.0,2025-SEPTEMBER:20;2025-OCTOBER:20;2025-NOVEMBER:20;2025-DECEMBER:20;2026-JANUARY:30;2026-FEBRUARY:30;2026-MARCH:40;2026-APRIL:30;2026-MAY:10;2026-JUNE:20;2026-JULY:10;2026-AUGUST:10,
fixed commission real estate,20,MEDIUM,39,0.0,0.0,0.0,2025-SEPTEMBER:20;2025-OCTOBER:20;2025-NOVEMBER:90;2025-DECEMBER:20;2026-JANUARY:30;2026-FEBRUARY:30;2026-MARCH:30;2026-APRIL:20;2026-MAY:20;2026-JUNE:10;2026-JULY:10;2026-AUGUST:10,
geelong rental market,20,LOW,0,0.0,0.0,0.0,2025-SEPTEMBER:20;2025-OCTOBER:30;2025-NOVEMBER:10;2025-DECEMBER:10;2026-JANUARY:20;2026-FEBRUARY:30;2026-MARCH:40;2026-APRIL:20;2026-MAY:20;2026-JUNE:10;2026-JULY:20;2026-AUGUST:10,
house growth calculator,20,LOW,5,0.0,0.0,0.0,2025-SEPTEMBER:30;2025-OCTOBER:40;2025-NOVEMBER:30;2025-DECEMBER:30;2026-JANUARY:20;2026-FEBRUARY:20;2026-MARCH:20;2026-APRIL:20;2026-MAY:30;2026-JUNE:20;2026-JULY:20;2026-AUGUST:10,
house guide,20,LOW,6,0.0,0.0,0.0,2025-SEPTEMBER:20;2025-OCTOBER:30;2025-NOVEMBER:30;2025-DECEMBER:30;2026-JANUARY:20;2026-FEBRUARY:20;2026-MARCH:20;2026-APRIL:20;2026-MAY:20;2026-JUNE:10;2026-JULY:10;2026-AUGUST:20,
house loan affordability,20,HIGH,80,1.82,8.77,7.43,2025-SEPTEMBER:20;2025-OCTOBER:20;2025-NOVEMBER:10;2025-DECEMBER:20;2026-JANUARY:30;2026-FEBRUARY:20;2026-MARCH:30;2026-APRIL:40;2026-MAY:20;2026-JUNE:10;2026-JULY:10;2026-AUGUST:20,
market rent valuation,20,MEDIUM,62,3.19,7.5,6.18,2025-SEPTEMBER:90;2025-OCTOBER:20;2025-NOVEMBER:10;2025-DECEMBER:10;2026-JANUARY:20;2026-FEBRUARY:10;2026-MARCH:10;2026-APRIL:10;2026-MAY:10;2026-JUNE:10;2026-JULY:10;2026-AUGUST:10,
murwillumbah postcode nsw,20,LOW,0,0.0,0.0,0.0,2025-SEPTEMBER:10;2025-OCTOBER:20;2025-NOVEMBER:20;2025-DECEMBER:20;2026-JANUARY:10;2026-FEBRUARY:20;2026-MARCH:10;2026-APRIL:10;2026-MAY:10;2026-JUNE:10;2026-JULY:10;2026-AUGUST:30,
postcode 3073 victoria,20,LOW,0,0.0,0.0,0.0,2025-SEPTEMBER:10;2025-OCTOBER:20;2025-NOVEMBER:20;2025-DECEMBER:30;2026-JANUARY:20;2026-FEBRUARY:20;2026-MARCH:30;2026-APRIL:20;2026-MAY:20;2026-JUNE:20;2026-JULY:10;2026-AUGUST:20,
rosebud property growth,20,LOW,0,0.0,0.0,0.0,2025-SEPTEMBER:10;2025-OCTOBER:10;2025-NOVEMBER:10;2025-DECEMBER:20;2026-JANUARY:20;2026-FEBRUARY:20;2026-MARCH:40;2026-APRIL:20;2026-MAY:20;2026-JUNE:10;2026-JULY:10;2026-AUGUST:10,
sell my house australia,20,MEDIUM,49,3.75,17.71,15.16,2025-SEPTEMBER:10;2025-OCTOBER:20;2025-NOVEMBER:20;2025-DECEMBER:20;2026-JANUARY:20;2026-FEBRUARY:20;2026-MARCH:30;2026-APRIL:40;2026-MAY:30;2026-JUNE:10;2026-JULY:10;2026-AUGUST:20,
taigum suburb profile,20,LOW,0,0.0,0.0,0.0,2025-SEPTEMBER:30;2025-OCTOBER:40;2025-NOVEMBER:30;2025-DECEMBER:30;2026-JANUARY:40;2026-FEBRUARY:20;2026-MARCH:30;2026-APRIL:20;2026-MAY:20;2026-JUNE:10;2026-JULY:10;2026-AUGUST:10,
to sell a house,20,,,0.0,0.0,0.0,2025-SEPTEMBER:30;2025-OCTOBER:20;2025-NOVEMBER:10;2025-DECEMBER:10;2026-JANUARY:10;2026-FEBRUARY:20;2026-MARCH:50;2026-APRIL:10;2026-MAY:30;2026-JUNE:10;2026-JULY:10;2026-AUGUST:0,
toorak property prices,20,LOW,4,0.0,0.0,0.84,2025-SEPTEMBER:20;2025-OCTOBER:20;2025-NOVEMBER:30;2025-DECEMBER:20;2026-JANUARY:20;2026-FEBRUARY:20;2026-MARCH:20;2026-APRIL:30;2026-MAY:20;2026-JUNE:20;2026-JULY:20;2026-AUGUST:20,
urangan postcode qld,20,LOW,0,0.0,0.0,0.0,2025-SEPTEMBER:20;2025-OCTOBER:20;2025-NOVEMBER:10;2025-DECEMBER:20;2026-JANUARY:10;2026-FEBRUARY:20;2026-MARCH:30;2026-APRIL:20;2026-MAY:10;2026-JUNE:20;2026-JULY:20;2026-AUGUST:20,
4116 qld,20,LOW,0,0.0,0.0,0.0,2025-SEPTEMBER:20;2025-OCTOBER:30;2025-NOVEMBER:20;2025-DECEMBER:20;2026-JANUARY:20;2026-FEBRUARY:10;2026-MARCH:40;2026-APRIL:40;2026-MAY:20;2026-JUNE:30;2026-JULY:30;2026-AUGUST:30,
arana hills suburb profile,20,LOW,2,0.0,0.0,0.0,2025-SEPTEMBER:30;2025-OCTOBER:40;2025-NOVEMBER:40;2025-DECEMBER:20;2026-JANUARY:30;2026-FEBRUARY:20;2026-MARCH:30;2026-APRIL:20;2026-MAY:20;2026-JUNE:10;2026-JULY:10;2026-AUGUST:10,
australia borrowing power calculator,20,HIGH,85,1.15,6.47,5.54,2025-SEPTEMBER:20;2025-OCTOBER:20;2025-NOVEMBER:20;2025-DECEMBER:10;2026-JANUARY:10;2026-FEBRUARY:20;2026-MARCH:50;2026-APRIL:10;2026-MAY:20;2026-JUNE:20;2026-JULY:10;2026-AUGUST:20,
beaconsfield tasmania population,20,LOW,0,0.0,0.0,0.0,2025-SEPTEMBER:20;2025-OCTOBER:20;2025-NOVEMBER:10;2025-DECEMBER:20;2026-JANUARY:20;2026-FEBRUARY:10;2026-MARCH:10;2026-APRIL:20;2026-MAY:10;2026-JUNE:10;2026-JULY:10;2026-AUGUST:20,
bridging loan terms,20,MEDIUM,50,4.67,16.09,0.0,2025-SEPTEMBER:110;2025-OCTOBER:50;2025-NOVEMBER:30;2025-DECEMBER:20;2026-JANUARY:10;2026-FEBRUARY:10;2026-MARCH:20;2026-APRIL:10;2026-MAY:10;2026-JUNE:10;2026-JULY:10;2026-AUGUST:10,
compulsory acquisition australia,20,LOW,7,0.0,0.0,0.0,2025-SEPTEMBER:20;2025-OCTOBER:20;2025-NOVEMBER:20;2025-DECEMBER:30;2026-JANUARY:20;2026-FEBRUARY:20;2026-MARCH:30;2026-APRIL:10;2026-MAY:10;2026-JUNE:20;2026-JULY:10;2026-AUGUST:30,
cowes property growth,20,LOW,0,0.0,0.0,0.0,2025-SEPTEMBER:20;2025-OCTOBER:30;2025-NOVEMBER:10;2025-DECEMBER:10;2026-JANUARY:10;2026-FEBRUARY:20;2026-MARCH:40;2026-APRIL:20;2026-MAY:20;2026-JUNE:10;2026-JULY:20;2026-AUGUST:10,
cronulla postcode nsw,20,LOW,0,0.0,0.0,0.0,2025-SEPTEMBER:10;2025-OCTOBER:20;2025-NOVEMBER:30;2025-DECEMBER:30;2026-JANUARY:20;2026-FEBRUARY:10;2026-MARCH:10;2026-APRIL:20;2026-MAY:20;2026-JUNE:10;2026-JULY:10;2026-AUGUST:10,
brookvale postcode australia,20,LOW,0,0.0,0.0,0.0,2025-SEPTEMBER:10;2025-OCTOBER:20;2025-NOVEMBER:30;2025-DECEMBER:30;2026-JANUARY:20;2026-FEBRUARY:20;2026-MARCH:10;2026-APRIL:10;2026-MAY:30;2026-JUNE:30;2026-JULY:20;2026-AUGUST:30,
karnup postcode wa,20,LOW,0,0.0,0.0,0.0,2025-SEPTEMBER:0;2025-OCTOBER:0;2025-NOVEMBER:0;2025-DECEMBER:20;2026-JANUARY:20;2026-FEBRUARY:10;2026-MARCH:10;2026-APRIL:10;2026-MAY:20;2026-JUNE:30;2026-JULY:30;2026-AUGUST:30,
mount gambier investment property,20,LOW,9,0.0,0.0,0.0,2025-SEPTEMBER:90;2025-OCTOBER:20;2025-NOVEMBER:20;2025-DECEMBER:10;2026-JANUARY:10;2026-FEBRUARY:10;2026-MARCH:10;2026-APRIL:10;2026-MAY:10;2026-JUNE:10;2026-JULY:10;2026-AUGUST:10,
postcode 3156 suburb,20,LOW,0,0.0,0.0,0.0,2025-SEPTEMBER:20;2025-OCTOBER:10;2025-NOVEMBER:10;2025-DECEMBER:20;2026-JANUARY:10;2026-FEBRUARY:20;2026-MARCH:20;2026-APRIL:10;2026-MAY:10;2026-JUNE:10;2026-JULY:10;2026-AUGUST:20,
tomakin postcode nsw,20,LOW,0,0.0,0.0,0.0,2025-SEPTEMBER:0;2025-OCTOBER:0;2025-NOVEMBER:0;2025-DECEMBER:0;2026-JANUARY:40;2026-FEBRUARY:20;2026-MARCH:50;2026-APRIL:40;2026-MAY:20;2026-JUNE:20;2026-JULY:30;2026-AUGUST:20,
3232 postcode victoria,20,LOW,0,0.0,0.0,0.0,2025-SEPTEMBER:20;2025-OCTOBER:20;2025-NOVEMBER:30;2025-DECEMBER:10;2026-JANUARY:20;2026-FEBRUARY:10;2026-MARCH:20;2026-APRIL:10;2026-MAY:20;2026-JUNE:10;2026-JULY:10;2026-AUGUST:10,
browns plains postal code,20,LOW,0,0.0,0.0,0.0,2025-SEPTEMBER:20;2025-OCTOBER:20;2025-NOVEMBER:30;2025-DECEMBER:20;2026-JANUARY:10;2026-FEBRUARY:10;2026-MARCH:20;2026-APRIL:10;2026-MAY:10;2026-JUNE:20;2026-JULY:20;2026-AUGUST:20,
home loan affordability,20,HIGH,80,1.81,8.73,7.39,2025-SEPTEMBER:20;2025-OCTOBER:20;2025-NOVEMBER:10;2025-DECEMBER:20;2026-JANUARY:30;2026-FEBRUARY:20;2026-MARCH:30;2026-APRIL:40;2026-MAY:20;2026-JUNE:10;2026-JULY:10;2026-AUGUST:20,
how much loan can i get for home,20,HIGH,75,2.73,8.29,9.44,2025-SEPTEMBER:20;2025-OCTOBER:20;2025-NOVEMBER:20;2025-DECEMBER:10;2026-JANUARY:10;2026-FEBRUARY:20;2026-MARCH:10;2026-APRIL:10;2026-MAY:10;2026-JUNE:10;2026-JULY:20;2026-AUGUST:20,
joondanna suburb review,20,LOW,0,0.0,0.0,0.0,2025-SEPTEMBER:110;2025-OCTOBER:10;2025-NOVEMBER:20;2025-DECEMBER:20;2026-JANUARY:10;2026-FEBRUARY:10;2026-MARCH:10;2026-APRIL:10;2026-MAY:0;2026-JUNE:10;2026-JULY:10;2026-AUGUST:10,
loan eligibility calculator australia,20,MEDIUM,51,3.32,9.88,9.22,2025-SEPTEMBER:30;2025-OCTOBER:10;2025-NOVEMBER:20;2025-DECEMBER:10;2026-JANUARY:10;2026-FEBRUARY:20;2026-MARCH:20;2026-APRIL:30;2026-MAY:20;2026-JUNE:10;2026-JULY:10;2026-AUGUST:10,
logan city dc,20,LOW,0,0.0,0.0,0.0,2025-SEPTEMBER:40;2025-OCTOBER:20;2025-NOVEMBER:10;2025-DECEMBER:10;2026-JANUARY:10;2026-FEBRUARY:20;2026-MARCH:20;2026-APRIL:10;2026-MAY:30;2026-JUNE:20;2026-JULY:40;2026-AUGUST:30,
median house price in toorak,20,LOW,0,0.0,0.0,0.0,2025-SEPTEMBER:20;2025-OCTOBER:20;2025-NOVEMBER:30;2025-DECEMBER:10;2026-JANUARY:20;2026-FEBRUARY:10;2026-MARCH:20;2026-APRIL:10;2026-MAY:40;2026-JUNE:20;2026-JULY:20;2026-AUGUST:30,
morningside property growth,20,LOW,0,0.0,0.0,0.0,2025-SEPTEMBER:50;2025-OCTOBER:20;2025-NOVEMBER:20;2025-DECEMBER:10;2026-JANUARY:10;2026-FEBRUARY:20;2026-MARCH:40;2026-APRIL:20;2026-MAY:10;2026-JUNE:10;2026-JULY:10;2026-AUGUST:10,
narara postcode nsw,20,LOW,0,0.0,0.0,0.0,2025-SEPTEMBER:10;2025-OCTOBER:20;2025-NOVEMBER:20;2025-DECEMBER:30;2026-JANUARY:10;2026-FEBRUARY:40;2026-MARCH:20;2026-APRIL:10;2026-MAY:10;2026-JUNE:10;2026-JULY:20;2026-AUGUST:30,
northcote property management,20,LOW,17,0.0,0.0,0.0,2025-SEPTEMBER:70;2025-OCTOBER:10;2025-NOVEMBER:10;2025-DECEMBER:20;2026-JANUARY:20;2026-FEBRUARY:20;2026-MARCH:20;2026-APRIL:20;2026-MAY:10;2026-JUNE:10;2026-JULY:10;2026-AUGUST:10,
real estate agents bull creek,20,MEDIUM,44,1.79,16.71,3.93,2025-SEPTEMBER:10;2025-OCTOBER:20;2025-NOVEMBER:10;2025-DECEMBER:10;2026-JANUARY:40;2026-FEBRUARY:30;2026-MARCH:20;2026-APRIL:20;2026-MAY:20;2026-JUNE:20;2026-JULY:10;2026-AUGUST:20,
red hill suburb profile,20,LOW,0,0.0,0.0,0.0,2025-SEPTEMBER:20;2025-OCTOBER:30;2025-NOVEMBER:30;2025-DECEMBER:30;2026-JANUARY:20;2026-FEBRUARY:40;2026-MARCH:20;2026-APRIL:20;2026-MAY:20;2026-JUNE:20;2026-JULY:20;2026-AUGUST:10,
rockhampton 4701,20,LOW,2,0.0,0.0,0.0,2025-SEPTEMBER:20;2025-OCTOBER:20;2025-NOVEMBER:20;2025-DECEMBER:10;2026-JANUARY:10;2026-FEBRUARY:10;2026-MARCH:20;2026-APRIL:10;2026-MAY:20;2026-JUNE:10;2026-JULY:20;2026-AUGUST:20,
rockingham property market,20,LOW,4,0.0,0.0,0.0,2025-SEPTEMBER:30;2025-OCTOBER:30;2025-NOVEMBER:20;2025-DECEMBER:10;2026-JANUARY:20;2026-FEBRUARY:30;2026-MARCH:40;2026-APRIL:30;2026-MAY:20;2026-JUNE:20;2026-JULY:10;2026-AUGUST:20,
sell your own house australia,20,MEDIUM,57,2.95,10.68,6.73,2025-SEPTEMBER:50;2025-OCTOBER:30;2025-NOVEMBER:10;2025-DECEMBER:10;2026-JANUARY:10;2026-FEBRUARY:20;2026-MARCH:50;2026-APRIL:10;2026-MAY:20;2026-JUNE:10;2026-JULY:10;2026-AUGUST:10,
suburb guide,20,LOW,6,0.0,0.0,2.04,2025-SEPTEMBER:20;2025-OCTOBER:10;2025-NOVEMBER:20;2025-DECEMBER:10;2026-JANUARY:10;2026-FEBRUARY:10;2026-MARCH:10;2026-APRIL:10;2026-MAY:10;2026-JUNE:20;2026-JULY:40;2026-AUGUST:10,
toorak demographics,20,LOW,0,0.0,0.0,0.0,2025-SEPTEMBER:20;2025-OCTOBER:20;2025-NOVEMBER:10;2025-DECEMBER:20;2026-JANUARY:20;2026-FEBRUARY:20;2026-MARCH:20;2026-APRIL:20;2026-MAY:20;2026-JUNE:10;2026-JULY:20;2026-AUGUST:20,
tweed heads property market,20,LOW,2,0.0,0.0,0.0,2025-SEPTEMBER:30;2025-OCTOBER:40;2025-NOVEMBER:20;2025-DECEMBER:10;2026-JANUARY:10;2026-FEBRUARY:20;2026-MARCH:40;2026-APRIL:20;2026-MAY:20;2026-JUNE:20;2026-JULY:10;2026-AUGUST:20,
what fees do real estate agents charge,20,MEDIUM,55,2.52,14.4,9.33,2025-SEPTEMBER:10;2025-OCTOBER:20;2025-NOVEMBER:10;2025-DECEMBER:10;2026-JANUARY:30;2026-FEBRUARY:30;2026-MARCH:20;2026-APRIL:10;2026-MAY:20;2026-JUNE:20;2026-JULY:10;2026-AUGUST:20,
windsor gardens postcode sa,20,LOW,0,0.0,0.0,0.0,2025-SEPTEMBER:10;2025-OCTOBER:20;2025-NOVEMBER:40;2025-DECEMBER:20;2026-JANUARY:10;2026-FEBRUARY:20;2026-MARCH:20;2026-APRIL:20;2026-MAY:20;2026-JUNE:20;2026-JULY:40;2026-AUGUST:30,
wollongong real estate market,20,LOW,12,0.0,0.0,0.0,2025-SEPTEMBER:50;2025-OCTOBER:10;2025-NOVEMBER:10;2025-DECEMBER:10;2026-JANUARY:10;2026-FEBRUARY:10;2026-MARCH:40;2026-APRIL:10;2026-MAY:10;2026-JUNE:10;2026-JULY:10;2026-AUGUST:10,
atwell suburb profile,20,LOW,2,0.0,0.0,0.0,2025-SEPTEMBER:20;2025-OCTOBER:20;2025-NOVEMBER:30;2025-DECEMBER:20;2026-JANUARY:40;2026-FEBRUARY:20;2026-MARCH:20;2026-APRIL:20;2026-MAY:10;2026-JUNE:10;2026-JULY:10;2026-AUGUST:10,
bendigo housing market,20,LOW,9,0.0,0.0,0.06,2025-SEPTEMBER:20;2025-OCTOBER:30;2025-NOVEMBER:10;2025-DECEMBER:10;2026-JANUARY:10;2026-FEBRUARY:20;2026-MARCH:30;2026-APRIL:10;2026-MAY:20;2026-JUNE:20;2026-JULY:20;2026-AUGUST:10,
bermagui real estate rent,20,LOW,9,0.0,0.0,4.7,2025-SEPTEMBER:40;2025-OCTOBER:20;2025-NOVEMBER:20;2025-DECEMBER:30;2026-JANUARY:30;2026-FEBRUARY:40;2026-MARCH:30;2026-APRIL:10;2026-MAY:20;2026-JUNE:20;2026-JULY:10;2026-AUGUST:10,
bibra lake suburb profile,20,LOW,0,0.0,0.0,0.0,2025-SEPTEMBER:20;2025-OCTOBER:20;2025-NOVEMBER:20;2025-DECEMBER:20;2026-JANUARY:30;2026-FEBRUARY:30;2026-MARCH:30;2026-APRIL:20;2026-MAY:10;2026-JUNE:10;2026-JULY:10;2026-AUGUST:10,
bondi beach suburb profile,20,LOW,0,0.0,0.0,0.0,2025-SEPTEMBER:30;2025-OCTOBER:20;2025-NOVEMBER:20;2025-DECEMBER:20;2026-JANUARY:20;2026-FEBRUARY:10;2026-MARCH:20;2026-APRIL:10;2026-MAY:20;2026-JUNE:10;2026-JULY:10;2026-AUGUST:10,
fixed fee buyers agent,20,MEDIUM,53,4.77,14.97,12.3,2025-SEPTEMBER:10;2025-OCTOBER:10;2025-NOVEMBER:20;2025-DECEMBER:10;2026-JANUARY:10;2026-FEBRUARY:20;2026-MARCH:40;2026-APRIL:20;2026-MAY:10;2026-JUNE:50;2026-JULY:10;2026-AUGUST:20,
goombungee population,20,LOW,0,0.0,0.0,0.0,2025-SEPTEMBER:10;2025-OCTOBER:20;2025-NOVEMBER:20;2025-DECEMBER:10;2026-JANUARY:20;2026-FEBRUARY:10;2026-MARCH:20;2026-APRIL:20;2026-MAY:20;2026-JUNE:10;2026-JULY:20;2026-AUGUST:10,
is pascoe vale south a good suburb,20,LOW,0,0.0,0.0,0.0,2025-SEPTEMBER:40;2025-OCTOBER:40;2025-NOVEMBER:20;2025-DECEMBER:20;2026-JANUARY:20;2026-FEBRUARY:10;2026-MARCH:20;2026-APRIL:10;2026-MAY:20;2026-JUNE:10;2026-JULY:20;2026-AUGUST:30,
tarneit rental yield,20,LOW,0,0.0,0.0,0.0,2025-SEPTEMBER:20;2025-OCTOBER:30;2025-NOVEMBER:30;2025-DECEMBER:20;2026-JANUARY:20;2026-FEBRUARY:20;2026-MARCH:20;2026-APRIL:20;2026-MAY:20;2026-JUNE:10;2026-JULY:10;2026-AUGUST:10,
toorak crime rate,20,LOW,0,0.0,0.0,0.0,2025-SEPTEMBER:30;2025-OCTOBER:30;2025-NOVEMBER:30;2025-DECEMBER:20;2026-JANUARY:20;2026-FEBRUARY:20;2026-MARCH:20;2026-APRIL:20;2026-MAY:20;2026-JUNE:20;2026-JULY:10;2026-AUGUST:10,
2300 postcode nsw,20,LOW,0,0.0,0.0,0.0,2025-SEPTEMBER:0;2025-OCTOBER:0;2025-NOVEMBER:0;2025-DECEMBER:0;2026-JANUARY:30;2026-FEBRUARY:30;2026-MARCH:30;2026-APRIL:30;2026-MAY:30;2026-JUNE:30;2026-JULY:30;2026-AUGUST:30,
4701 postcode australia,20,LOW,0,0.0,0.0,0.0,2025-SEPTEMBER:0;2025-OCTOBER:0;2025-NOVEMBER:0;2025-DECEMBER:0;2026-JANUARY:0;2026-FEBRUARY:0;2026-MARCH:0;2026-APRIL:0;2026-MAY:30;2026-JUNE:50;2026-JULY:50;2026-AUGUST:90,
5061 postcode adelaide,20,LOW,0,0.0,0.0,0.0,2025-SEPTEMBER:0;2025-OCTOBER:0;2025-NOVEMBER:0;2025-DECEMBER:20;2026-JANUARY:20;2026-FEBRUARY:20;2026-MARCH:30;2026-APRIL:20;2026-MAY:20;2026-JUNE:20;2026-JULY:20;2026-AUGUST:40,
6156 postcode wa,20,LOW,0,0.0,0.0,0.0,2025-SEPTEMBER:0;2025-OCTOBER:0;2025-NOVEMBER:0;2025-DECEMBER:0;2026-JANUARY:40;2026-FEBRUARY:40;2026-MARCH:20;2026-APRIL:10;2026-MAY:10;2026-JUNE:10;2026-JULY:20;2026-AUGUST:30,
bokarina postcode qld,20,LOW,0,0.0,0.0,0.0,2025-SEPTEMBER:20;2025-OCTOBER:20;2025-NOVEMBER:10;2025-DECEMBER:20;2026-JANUARY:20;2026-FEBRUARY:10;2026-MARCH:10;2026-APRIL:30;2026-MAY:20;2026-JUNE:10;2026-JULY:20;2026-AUGUST:30,
brisbane suburbs quiz,20,LOW,0,0.0,0.0,0.0,2025-SEPTEMBER:0;2025-OCTOBER:0;2025-NOVEMBER:0;2025-DECEMBER:50;2026-JANUARY:10;2026-FEBRUARY:40;2026-MARCH:20;2026-APRIL:20;2026-MAY:20;2026-JUNE:10;2026-JULY:20;2026-AUGUST:40,
camp hill property growth,20,LOW,0,0.0,0.0,0.0,2025-SEPTEMBER:10;2025-OCTOBER:30;2025-NOVEMBER:10;2025-DECEMBER:10;2026-JANUARY:10;2026-FEBRUARY:20;2026-MARCH:30;2026-APRIL:20;2026-MAY:20;2026-JUNE:20;2026-JULY:20;2026-AUGUST:10,
cheltenham postcode victoria,20,LOW,0,0.0,0.0,0.0,2025-SEPTEMBER:10;2025-OCTOBER:10;2025-NOVEMBER:10;2025-DECEMBER:10;2026-JANUARY:10;2026-FEBRUARY:10;2026-MARCH:10;2026-APRIL:10;2026-MAY:20;2026-JUNE:10;2026-JULY:50;2026-AUGUST:70,
clifton hill median house price,20,LOW,0,0.0,0.0,0.0,2025-SEPTEMBER:20;2025-OCTOBER:30;2025-NOVEMBER:20;2025-DECEMBER:20;2026-JANUARY:20;2026-FEBRUARY:20;2026-MARCH:20;2026-APRIL:20;2026-MAY:20;2026-JUNE:20;2026-JULY:10;2026-AUGUST:10,
collingwood median house price,20,LOW,0,0.0,0.0,0.0,2025-SEPTEMBER:30;2025-OCTOBER:20;2025-NOVEMBER:20;2025-DECEMBER:10;2026-JANUARY:20;2026-FEBRUARY:20;2026-MARCH:20;2026-APRIL:20;2026-MAY:20;2026-JUNE:10;2026-JULY:10;2026-AUGUST:10,
real estate yield calculator,10,LOW,10,1.19,10.37,24.97,2025-SEPTEMBER:10;2025-OCTOBER:10;2025-NOVEMBER:10;2025-DECEMBER:10;2026-JANUARY:10;2026-FEBRUARY:20;2026-MARCH:20;2026-APRIL:10;2026-MAY:10;2026-JUNE:10;2026-JULY:10;2026-AUGUST:20,
rental income yield calculator,10,LOW,7,0.0,0.0,0.0,2025-SEPTEMBER:10;2025-OCTOBER:10;2025-NOVEMBER:10;2025-DECEMBER:10;2026-JANUARY:10;2026-FEBRUARY:10;2026-MARCH:10;2026-APRIL:10;2026-MAY:10;2026-JUNE:0;2026-JULY:10;2026-AUGUST:10,
morayfield capital growth,10,LOW,0,0.0,0.0,0.0,2025-SEPTEMBER:10;2025-OCTOBER:20;2025-NOVEMBER:10;2025-DECEMBER:10;2026-JANUARY:10;2026-FEBRUARY:10;2026-MARCH:20;2026-APRIL:10;2026-MAY:10;2026-JUNE:10;2026-JULY:10;2026-AUGUST:10,
dapto rental market,10,,,0.0,0.0,0.0,2025-SEPTEMBER:10;2025-OCTOBER:10;2025-NOVEMBER:10;2025-DECEMBER:0;2026-JANUARY:10;2026-FEBRUARY:10;2026-MARCH:10;2026-APRIL:10;2026-MAY:10;2026-JUNE:0;2026-JULY:10;2026-AUGUST:0,
fee structure for home staging,10,,,0.0,0.0,0.0,2025-SEPTEMBER:0;2025-OCTOBER:0;2025-NOVEMBER:0;2025-DECEMBER:0;2026-JANUARY:0;2026-FEBRUARY:10;2026-MARCH:0;2026-APRIL:0;2026-MAY:0;2026-JUNE:0;2026-JULY:0;2026-AUGUST:0,
morayfield property investment,10,LOW,0,0.0,0.0,0.0,2025-SEPTEMBER:10;2025-OCTOBER:20;2025-NOVEMBER:10;2025-DECEMBER:10;2026-JANUARY:10;2026-FEBRUARY:10;2026-MARCH:30;2026-APRIL:10;2026-MAY:10;2026-JUNE:0;2026-JULY:0;2026-AUGUST:10,
30000 renovation budget,10,,,0.0,0.0,0.0,2025-SEPTEMBER:110;2025-OCTOBER:10;2025-NOVEMBER:10;2025-DECEMBER:0;2026-JANUARY:10;2026-FEBRUARY:10;2026-MARCH:0;2026-APRIL:10;2026-MAY:0;2026-JUNE:10;2026-JULY:10;2026-AUGUST:0,
work out rental yield calculator,10,LOW,24,0.0,0.0,1.7,2025-SEPTEMBER:10;2025-OCTOBER:20;2025-NOVEMBER:10;2025-DECEMBER:10;2026-JANUARY:10;2026-FEBRUARY:10;2026-MARCH:10;2026-APRIL:10;2026-MAY:10;2026-JUNE:10;2026-JULY:10;2026-AUGUST:10,
terms to know when buying a house,10,LOW,0,0.0,0.0,0.0,2025-SEPTEMBER:90;2025-OCTOBER:0;2025-NOVEMBER:10;2025-DECEMBER:10;2026-JANUARY:10;2026-FEBRUARY:10;2026-MARCH:10;2026-APRIL:10;2026-MAY:0;2026-JUNE:0;2026-JULY:0;2026-AUGUST:10,
qld stamp duty calculator first home buyer,10,LOW,19,0.0,0.0,0.0,2025-SEPTEMBER:40;2025-OCTOBER:20;2025-NOVEMBER:10;2025-DECEMBER:10;2026-JANUARY:10;2026-FEBRUARY:10;2026-MARCH:10;2026-APRIL:10;2026-MAY:10;2026-JUNE:10;2026-JULY:10;2026-AUGUST:10,
rental house investment calculator,10,,,0.0,0.0,0.0,2025-SEPTEMBER:0;2025-OCTOBER:0;2025-NOVEMBER:0;2025-DECEMBER:10;2026-JANUARY:0;2026-FEBRUARY:0;2026-MARCH:0;2026-APRIL:0;2026-MAY:0;2026-JUNE:0;2026-JULY:0;2026-AUGUST:0,
basic real estate terms,10,,,0.0,0.0,0.0,2025-SEPTEMBER:90;2025-OCTOBER:10;2025-NOVEMBER:0;2025-DECEMBER:10;2026-JANUARY:10;2026-FEBRUARY:10;2026-MARCH:10;2026-APRIL:10;2026-MAY:10;2026-JUNE:10;2026-JULY:10;2026-AUGUST:0,
real estate key terms,10,,,0.0,0.0,0.0,2025-SEPTEMBER:70;2025-OCTOBER:10;2025-NOVEMBER:10;2025-DECEMBER:0;2026-JANUARY:10;2026-FEBRUARY:10;2026-MARCH:10;2026-APRIL:10;2026-MAY:0;2026-JUNE:10;2026-JULY:10;2026-AUGUST:0,
how to find a real estate agent buyer,10,,,0.0,0.0,0.0,2025-SEPTEMBER:10;2025-OCTOBER:10;2025-NOVEMBER:10;2025-DECEMBER:10;2026-JANUARY:10;2026-FEBRUARY:10;2026-MARCH:10;2026-APRIL:10;2026-MAY:10;2026-JUNE:10;2026-JULY:0;2026-AUGUST:0,
renovation estimator australia,10,HIGH,83,1.64,5.93,2.48,2025-SEPTEMBER:20;2025-OCTOBER:30;2025-NOVEMBER:10;2025-DECEMBER:10;2026-JANUARY:20;2026-FEBRUARY:10;2026-MARCH:10;2026-APRIL:10;2026-MAY:10;2026-JUNE:10;2026-JULY:10;2026-AUGUST:10,
how to find an agent for buying a house,10,HIGH,86,0.0,0.0,0.0,2025-SEPTEMBER:0;2025-OCTOBER:10;2025-NOVEMBER:0;2025-DECEMBER:10;2026-JANUARY:0;2026-FEBRUARY:10;2026-MARCH:0;2026-APRIL:0;2026-MAY:0;2026-JUNE:0;2026-JULY:0;2026-AUGUST:10,
find the right property,10,LOW,21,0.0,0.0,0.0,2025-SEPTEMBER:30;2025-OCTOBER:20;2025-NOVEMBER:10;2025-DECEMBER:10;2026-JANUARY:10;2026-FEBRUARY:20;2026-MARCH:30;2026-APRIL:10;2026-MAY:20;2026-JUNE:10;2026-JULY:10;2026-AUGUST:10,
rental property costs calculator,10,LOW,11,0.0,0.0,3.56,2025-SEPTEMBER:10;2025-OCTOBER:10;2025-NOVEMBER:10;2025-DECEMBER:20;2026-JANUARY:10;2026-FEBRUARY:10;2026-MARCH:10;2026-APRIL:10;2026-MAY:10;2026-JUNE:10;2026-JULY:10;2026-AUGUST:10,
rental property profit calculator,10,LOW,0,0.0,0.0,0.0,2025-SEPTEMBER:0;2025-OCTOBER:10;2025-NOVEMBER:10;2025-DECEMBER:10;2026-JANUARY:10;2026-FEBRUARY:10;2026-MARCH:10;2026-APRIL:10;2026-MAY:10;2026-JUNE:0;2026-JULY:10;2026-AUGUST:10,
small house renovation cost,10,,,0.0,0.0,0.0,2025-SEPTEMBER:10;2025-OCTOBER:0;2025-NOVEMBER:0;2025-DECEMBER:10;2026-JANUARY:10;2026-FEBRUARY:10;2026-MARCH:10;2026-APRIL:10;2026-MAY:0;2026-JUNE:0;2026-JULY:0;2026-AUGUST:0,
how much do renovations cost australia,10,,,0.0,0.0,0.0,2025-SEPTEMBER:30;2025-OCTOBER:20;2025-NOVEMBER:10;2025-DECEMBER:10;2026-JANUARY:10;2026-FEBRUARY:20;2026-MARCH:20;2026-APRIL:10;2026-MAY:10;2026-JUNE:10;2026-JULY:10;2026-AUGUST:0,
methods of selling a property,10,LOW,14,0.0,0.0,0.0,2025-SEPTEMBER:20;2025-OCTOBER:0;2025-NOVEMBER:0;2025-DECEMBER:10;2026-JANUARY:10;2026-FEBRUARY:0;2026-MARCH:0;2026-APRIL:0;2026-MAY:0;2026-JUNE:10;2026-JULY:0;2026-AUGUST:10,
property guide australia,10,MEDIUM,34,1.15,5.82,1.9,2025-SEPTEMBER:10;2025-OCTOBER:10;2025-NOVEMBER:10;2025-DECEMBER:10;2026-JANUARY:10;2026-FEBRUARY:20;2026-MARCH:10;2026-APRIL:10;2026-MAY:10;2026-JUNE:10;2026-JULY:20;2026-AUGUST:10,
property guide sydney,10,LOW,0,0.0,0.0,0.0,2025-SEPTEMBER:10;2025-OCTOBER:10;2025-NOVEMBER:0;2025-DECEMBER:10;2026-JANUARY:10;2026-FEBRUARY:10;2026-MARCH:10;2026-APRIL:10;2026-MAY:10;2026-JUNE:10;2026-JULY:10;2026-AUGUST:10,
how to find property buyers,10,,,0.0,0.0,0.0,2025-SEPTEMBER:10;2025-OCTOBER:0;2025-NOVEMBER:0;2025-DECEMBER:0;2026-JANUARY:0;2026-FEBRUARY:10;2026-MARCH:0;2026-APRIL:10;2026-MAY:0;2026-JUNE:10;2026-JULY:10;2026-AUGUST:0,
investment property affordability calculator,10,LOW,21,0.0,0.0,7.58,2025-SEPTEMBER:10;2025-OCTOBER:10;2025-NOVEMBER:10;2025-DECEMBER:10;2026-JANUARY:20;2026-FEBRUARY:10;2026-MARCH:10;2026-APRIL:20;2026-MAY:10;2026-JUNE:10;2026-JULY:10;2026-AUGUST:10,
seller leads,10,MEDIUM,39,0.0,0.0,0.0,2025-SEPTEMBER:10;2025-OCTOBER:10;2025-NOVEMBER:10;2025-DECEMBER:0;2026-JANUARY:10;2026-FEBRUARY:10;2026-MARCH:30;2026-APRIL:10;2026-MAY:10;2026-JUNE:10;2026-JULY:10;2026-AUGUST:10,
vendor leads,10,MEDIUM,47,7.14,24.45,0.0,2025-SEPTEMBER:10;2025-OCTOBER:10;2025-NOVEMBER:10;2025-DECEMBER:10;2026-JANUARY:10;2026-FEBRUARY:20;2026-MARCH:20;2026-APRIL:10;2026-MAY:20;2026-JUNE:10;2026-JULY:10;2026-AUGUST:10,
how to find real estate buyers,10,HIGH,79,0.0,0.0,0.0,2025-SEPTEMBER:10;2025-OCTOBER:10;2025-NOVEMBER:0;2025-DECEMBER:10;2026-JANUARY:0;2026-FEBRUARY:10;2026-MARCH:0;2026-APRIL:0;2026-MAY:10;2026-JUNE:10;2026-JULY:10;2026-AUGUST:10,how to find buyers in real estate
guide to selling your property,10,LOW,29,0.0,0.0,0.0,2025-SEPTEMBER:90;2025-OCTOBER:0;2025-NOVEMBER:10;2025-DECEMBER:0;2026-JANUARY:10;2026-FEBRUARY:0;2026-MARCH:0;2026-APRIL:10;2026-MAY:10;2026-JUNE:0;2026-JULY:0;2026-AUGUST:10,
appraisal leads,10,,,0.0,0.0,0.0,2025-SEPTEMBER:0;2025-OCTOBER:0;2025-NOVEMBER:0;2025-DECEMBER:0;2026-JANUARY:10;2026-FEBRUARY:10;2026-MARCH:10;2026-APRIL:10;2026-MAY:10;2026-JUNE:10;2026-JULY:10;2026-AUGUST:0,
investment property income calculator,10,MEDIUM,57,0.0,0.0,0.0,2025-SEPTEMBER:10;2025-OCTOBER:10;2025-NOVEMBER:10;2025-DECEMBER:10;2026-JANUARY:10;2026-FEBRUARY:10;2026-MARCH:10;2026-APRIL:10;2026-MAY:10;2026-JUNE:10;2026-JULY:10;2026-AUGUST:10,
gepps cross postcode sa,10,LOW,0,0.0,0.0,0.0,2025-SEPTEMBER:10;2025-OCTOBER:10;2025-NOVEMBER:10;2025-DECEMBER:20;2026-JANUARY:10;2026-FEBRUARY:10;2026-MARCH:10;2026-APRIL:10;2026-MAY:10;2026-JUNE:20;2026-JULY:20;2026-AUGUST:40,
real estate rental calculator,10,LOW,13,0.0,0.0,1.55,2025-SEPTEMBER:10;2025-OCTOBER:10;2025-NOVEMBER:10;2025-DECEMBER:10;2026-JANUARY:20;2026-FEBRUARY:10;2026-MARCH:10;2026-APRIL:10;2026-MAY:10;2026-JUNE:10;2026-JULY:10;2026-AUGUST:10,
sydney rental yields by suburb,10,LOW,0,0.0,0.0,0.0,2025-SEPTEMBER:10;2025-OCTOBER:10;2025-NOVEMBER:10;2025-DECEMBER:10;2026-JANUARY:10;2026-FEBRUARY:10;2026-MARCH:10;2026-APRIL:10;2026-MAY:10;2026-JUNE:10;2026-JULY:10;2026-AUGUST:10,
real estate income calculator,10,MEDIUM,36,0.0,0.0,1.16,2025-SEPTEMBER:10;2025-OCTOBER:10;2025-NOVEMBER:10;2025-DECEMBER:10;2026-JANUARY:0;2026-FEBRUARY:0;2026-MARCH:0;2026-APRIL:0;2026-MAY:10;2026-JUNE:10;2026-JULY:0;2026-AUGUST:10,
home buying guide australia,10,MEDIUM,43,0.0,0.0,0.0,2025-SEPTEMBER:10;2025-OCTOBER:10;2025-NOVEMBER:10;2025-DECEMBER:10;2026-JANUARY:10;2026-FEBRUARY:10;2026-MARCH:10;2026-APRIL:10;2026-MAY:10;2026-JUNE:10;2026-JULY:20;2026-AUGUST:10,
$30 000 home renovation,10,,,0.0,0.0,0.0,2025-SEPTEMBER:90;2025-OCTOBER:10;2025-NOVEMBER:0;2025-DECEMBER:0;2026-JANUARY:10;2026-FEBRUARY:0;2026-MARCH:0;2026-APRIL:0;2026-MAY:10;2026-JUNE:0;2026-JULY:0;2026-AUGUST:0,
buying a house with unpaid property taxes,10,,,0.0,0.0,0.0,2025-SEPTEMBER:90;2025-OCTOBER:10;2025-NOVEMBER:0;2025-DECEMBER:0;2026-JANUARY:10;2026-FEBRUARY:0;2026-MARCH:0;2026-APRIL:0;2026-MAY:0;2026-JUNE:0;2026-JULY:0;2026-AUGUST:0,
top suburbs,10,LOW,0,0.0,0.0,0.0,2025-SEPTEMBER:40;2025-OCTOBER:20;2025-NOVEMBER:10;2025-DECEMBER:10;2026-JANUARY:10;2026-FEBRUARY:20;2026-MARCH:30;2026-APRIL:10;2026-MAY:10;2026-JUNE:10;2026-JULY:10;2026-AUGUST:10,
homesguide com au,10,LOW,0,0.0,0.0,0.0,2025-SEPTEMBER:0;2025-OCTOBER:10;2025-NOVEMBER:0;2025-DECEMBER:0;2026-JANUARY:10;2026-FEBRUARY:0;2026-MARCH:10;2026-APRIL:10;2026-MAY:10;2026-JUNE:10;2026-JULY:0;2026-AUGUST:10,
rental appraisal dandenong,10,,,0.0,0.0,0.0,2025-SEPTEMBER:0;2025-OCTOBER:0;2025-NOVEMBER:0;2025-DECEMBER:0;2026-JANUARY:0;2026-FEBRUARY:0;2026-MARCH:0;2026-APRIL:0;2026-MAY:10;2026-JUNE:0;2026-JULY:0;2026-AUGUST:0,
buderim capital growth,10,,,0.0,0.0,0.0,2025-SEPTEMBER:20;2025-OCTOBER:10;2025-NOVEMBER:10;2025-DECEMBER:10;2026-JANUARY:10;2026-FEBRUARY:10;2026-MARCH:20;2026-APRIL:10;2026-MAY:10;2026-JUNE:10;2026-JULY:0;2026-AUGUST:0,
buying rental property calculator,10,,,0.0,0.0,0.0,2025-SEPTEMBER:10;2025-OCTOBER:10;2025-NOVEMBER:0;2025-DECEMBER:10;2026-JANUARY:10;2026-FEBRUARY:10;2026-MARCH:10;2026-APRIL:10;2026-MAY:10;2026-JUNE:0;2026-JULY:10;2026-AUGUST:0,
owners title insurance cost,10,LOW,0,0.0,0.0,0.0,2025-SEPTEMBER:70;2025-OCTOBER:10;2025-NOVEMBER:0;2025-DECEMBER:0;2026-JANUARY:10;2026-FEBRUARY:10;2026-MARCH:10;2026-APRIL:20;2026-MAY:20;2026-JUNE:10;2026-JULY:10;2026-AUGUST:10,
property leads,10,MEDIUM,36,0.0,0.0,4.26,2025-SEPTEMBER:10;2025-OCTOBER:10;2025-NOVEMBER:10;2025-DECEMBER:10;2026-JANUARY:30;2026-FEBRUARY:10;2026-MARCH:50;2026-APRIL:10;2026-MAY:10;2026-JUNE:10;2026-JULY:10;2026-AUGUST:10,
bondi postcode nsw,10,LOW,0,0.0,0.0,0.0,2025-SEPTEMBER:10;2025-OCTOBER:10;2025-NOVEMBER:10;2025-DECEMBER:10;2026-JANUARY:10;2026-FEBRUARY:10;2026-MARCH:10;2026-APRIL:10;2026-MAY:10;2026-JUNE:10;2026-JULY:10;2026-AUGUST:10,
best rental yield suburbs australia,10,LOW,29,0.0,0.0,0.0,2025-SEPTEMBER:10;2025-OCTOBER:10;2025-NOVEMBER:20;2025-DECEMBER:10;2026-JANUARY:10;2026-FEBRUARY:10;2026-MARCH:10;2026-APRIL:10;2026-MAY:10;2026-JUNE:10;2026-JULY:10;2026-AUGUST:10,
4118 postcode qld,10,LOW,0,0.0,0.0,0.0,2025-SEPTEMBER:0;2025-OCTOBER:0;2025-NOVEMBER:0;2025-DECEMBER:0;2026-JANUARY:0;2026-FEBRUARY:0;2026-MARCH:0;2026-APRIL:0;2026-MAY:0;2026-JUNE:0;2026-JULY:30;2026-AUGUST:90,
4506 postcode qld,10,LOW,1,0.0,0.0,0.0,2025-SEPTEMBER:0;2025-OCTOBER:0;2025-NOVEMBER:0;2025-DECEMBER:0;2026-JANUARY:0;2026-FEBRUARY:0;2026-MARCH:0;2026-APRIL:0;2026-MAY:30;2026-JUNE:50;2026-JULY:30;2026-AUGUST:40,
114 shady hills view bullsbrook,10,LOW,0,0.0,0.0,0.0,2025-SEPTEMBER:0;2025-OCTOBER:0;2025-NOVEMBER:0;2025-DECEMBER:0;2026-JANUARY:0;2026-FEBRUARY:0;2026-MARCH:0;2026-APRIL:0;2026-MAY:0;2026-JUNE:0;2026-JULY:0;2026-AUGUST:170,
2141 postcode nsw,10,LOW,0,0.0,0.0,0.0,2025-SEPTEMBER:0;2025-OCTOBER:0;2025-NOVEMBER:0;2025-DECEMBER:0;2026-JANUARY:0;2026-FEBRUARY:0;2026-MARCH:0;2026-APRIL:0;2026-MAY:0;2026-JUNE:0;2026-JULY:0;2026-AUGUST:50,
114 shady hills bullsbrook,10,LOW,1,0.0,0.0,1.18,2025-SEPTEMBER:0;2025-OCTOBER:0;2025-NOVEMBER:0;2025-DECEMBER:0;2026-JANUARY:0;2026-FEBRUARY:0;2026-MARCH:0;2026-APRIL:0;2026-MAY:0;2026-JUNE:0;2026-JULY:0;2026-AUGUST:170,
dubbo postcode 2830,10,LOW,0,0.0,0.0,0.0,2025-SEPTEMBER:0;2025-OCTOBER:0;2025-NOVEMBER:0;2025-DECEMBER:0;2026-JANUARY:0;2026-FEBRUARY:0;2026-MARCH:0;2026-APRIL:0;2026-MAY:0;2026-JUNE:0;2026-JULY:30;2026-AUGUST:30,
what is rentvesting australia,10,LOW,0,0.0,0.0,0.0,2025-SEPTEMBER:0;2025-OCTOBER:0;2025-NOVEMBER:0;2025-DECEMBER:0;2026-JANUARY:0;2026-FEBRUARY:0;2026-MARCH:20;2026-APRIL:10;2026-MAY:10;2026-JUNE:10;2026-JULY:10;2026-AUGUST:10,
hawthorn east postcode victoria,10,LOW,0,0.0,0.0,0.0,2025-SEPTEMBER:0;2025-OCTOBER:0;2025-NOVEMBER:0;2025-DECEMBER:0;2026-JANUARY:0;2026-FEBRUARY:0;2026-MARCH:0;2026-APRIL:0;2026-MAY:0;2026-JUNE:0;2026-JULY:0;2026-AUGUST:20,
rentvesting trend australia,10,,,0.0,0.0,0.0,2025-SEPTEMBER:10;2025-OCTOBER:10;2025-NOVEMBER:0;2025-DECEMBER:0;2026-JANUARY:0;2026-FEBRUARY:0;2026-MARCH:0;2026-APRIL:10;2026-MAY:0;2026-JUNE:0;2026-JULY:10;2026-AUGUST:0,
darling point postcode nsw,10,LOW,0,0.0,0.0,0.0,2025-SEPTEMBER:0;2025-OCTOBER:0;2025-NOVEMBER:20;2025-DECEMBER:20;2026-JANUARY:20;2026-FEBRUARY:10;2026-MARCH:20;2026-APRIL:10;2026-MAY:10;2026-JUNE:20;2026-JULY:20;2026-AUGUST:30,
what postcode is 2170,10,LOW,0,0.0,0.0,0.0,2025-SEPTEMBER:0;2025-OCTOBER:0;2025-NOVEMBER:0;2025-DECEMBER:0;2026-JANUARY:0;2026-FEBRUARY:0;2026-MARCH:0;2026-APRIL:0;2026-MAY:0;2026-JUNE:0;2026-JULY:20;2026-AUGUST:20,
4214 postcode australia,10,LOW,0,0.0,0.0,0.0,2025-SEPTEMBER:10;2025-OCTOBER:20;2025-NOVEMBER:20;2025-DECEMBER:10;2026-JANUARY:10;2026-FEBRUARY:10;2026-MARCH:10;2026-APRIL:20;2026-MAY:10;2026-JUNE:10;2026-JULY:10;2026-AUGUST:30,
postcode 4217 qld,10,LOW,0,0.0,0.0,0.0,2025-SEPTEMBER:0;2025-OCTOBER:0;2025-NOVEMBER:0;2025-DECEMBER:0;2026-JANUARY:0;2026-FEBRUARY:20;2026-MARCH:20;2026-APRIL:30;2026-MAY:20;2026-JUNE:30;2026-JULY:10;2026-AUGUST:20,
mortlake postcode vic,10,LOW,0,0.0,0.0,0.0,2025-SEPTEMBER:0;2025-OCTOBER:0;2025-NOVEMBER:0;2025-DECEMBER:0;2026-JANUARY:0;2026-FEBRUARY:0;2026-MARCH:0;2026-APRIL:20;2026-MAY:30;2026-JUNE:20;2026-JULY:20;2026-AUGUST:30,
qld real estate commission table,10,,,0.0,0.0,0.0,2025-SEPTEMBER:0;2025-OCTOBER:0;2025-NOVEMBER:0;2025-DECEMBER:10;2026-JANUARY:10;2026-FEBRUARY:0;2026-MARCH:10;2026-APRIL:10;2026-MAY:0;2026-JUNE:0;2026-JULY:0;2026-AUGUST:0,
2170 postcode australia,10,LOW,0,0.0,0.0,0.0,2025-SEPTEMBER:30;2025-OCTOBER:20;2025-NOVEMBER:10;2025-DECEMBER:20;2026-JANUARY:10;2026-FEBRUARY:10;2026-MARCH:10;2026-APRIL:10;2026-MAY:20;2026-JUNE:10;2026-JULY:10;2026-AUGUST:10,
compare real estate agent commissions,10,HIGH,75,40.81,126.58,17.72,2025-SEPTEMBER:0;2025-OCTOBER:0;2025-NOVEMBER:0;2025-DECEMBER:10;2026-JANUARY:10;2026-FEBRUARY:10;2026-MARCH:10;2026-APRIL:10;2026-MAY:0;2026-JUNE:0;2026-JULY:0;2026-AUGUST:10,
bankstown property prices,10,LOW,12,0.0,0.0,1.34,2025-SEPTEMBER:10;2025-OCTOBER:20;2025-NOVEMBER:10;2025-DECEMBER:10;2026-JANUARY:10;2026-FEBRUARY:30;2026-MARCH:20;2026-APRIL:10;2026-MAY:10;2026-JUNE:10;2026-JULY:10;2026-AUGUST:10,
finding a realtor for buying,10,,,0.0,0.0,0.0,2025-SEPTEMBER:0;2025-OCTOBER:0;2025-NOVEMBER:10;2025-DECEMBER:0;2026-JANUARY:0;2026-FEBRUARY:0;2026-MARCH:0;2026-APRIL:0;2026-MAY:0;2026-JUNE:0;2026-JULY:0;2026-AUGUST:0,
the property market claremont,10,LOW,0,0.0,0.0,0.0,2025-SEPTEMBER:10;2025-OCTOBER:10;2025-NOVEMBER:0;2025-DECEMBER:0;2026-JANUARY:0;2026-FEBRUARY:10;2026-MARCH:30;2026-APRIL:10;2026-MAY:10;2026-JUNE:10;2026-JULY:10;2026-AUGUST:10,
top suburbs in australia,10,LOW,0,0.0,0.0,0.0,2025-SEPTEMBER:20;2025-OCTOBER:30;2025-NOVEMBER:10;2025-DECEMBER:10;2026-JANUARY:10;2026-FEBRUARY:10;2026-MARCH:10;2026-APRIL:10;2026-MAY:10;2026-JUNE:10;2026-JULY:10;2026-AUGUST:10,
tweed heads real estate market,10,LOW,7,0.0,0.0,0.0,2025-SEPTEMBER:10;2025-OCTOBER:20;2025-NOVEMBER:10;2025-DECEMBER:0;2026-JANUARY:10;2026-FEBRUARY:10;2026-MARCH:30;2026-APRIL:10;2026-MAY:10;2026-JUNE:10;2026-JULY:10;2026-AUGUST:10,
best suburbs for families brisbane,10,LOW,8,0.0,0.0,0.0,2025-SEPTEMBER:10;2025-OCTOBER:10;2025-NOVEMBER:10;2025-DECEMBER:10;2026-JANUARY:10;2026-FEBRUARY:10;2026-MARCH:10;2026-APRIL:10;2026-MAY:10;2026-JUNE:10;2026-JULY:10;2026-AUGUST:10,
capital growth rate,10,LOW,0,0.0,0.0,0.0,2025-SEPTEMBER:10;2025-OCTOBER:10;2025-NOVEMBER:10;2025-DECEMBER:10;2026-JANUARY:10;2026-FEBRUARY:10;2026-MARCH:10;2026-APRIL:10;2026-MAY:10;2026-JUNE:10;2026-JULY:10;2026-AUGUST:10,
financial affordability assessment,10,,,0.0,0.0,0.0,2025-SEPTEMBER:0;2025-OCTOBER:0;2025-NOVEMBER:0;2025-DECEMBER:0;2026-JANUARY:10;2026-FEBRUARY:0;2026-MARCH:0;2026-APRIL:0;2026-MAY:0;2026-JUNE:0;2026-JULY:0;2026-AUGUST:0,
home buying blogs,10,,,0.0,0.0,0.0,2025-SEPTEMBER:90;2025-OCTOBER:0;2025-NOVEMBER:0;2025-DECEMBER:10;2026-JANUARY:10;2026-FEBRUARY:0;2026-MARCH:0;2026-APRIL:0;2026-MAY:0;2026-JUNE:0;2026-JULY:0;2026-AUGUST:0,
how much commission real estate nsw,10,,,0.0,0.0,0.0,2025-SEPTEMBER:10;2025-OCTOBER:10;2025-NOVEMBER:0;2025-DECEMBER:0;2026-JANUARY:10;2026-FEBRUARY:10;2026-MARCH:10;2026-APRIL:10;2026-MAY:10;2026-JUNE:0;2026-JULY:0;2026-AUGUST:0,
is fixed or variable better,10,LOW,21,4.71,11.91,52.22,2025-SEPTEMBER:10;2025-OCTOBER:10;2025-NOVEMBER:10;2025-DECEMBER:10;2026-JANUARY:20;2026-FEBRUARY:10;2026-MARCH:20;2026-APRIL:10;2026-MAY:20;2026-JUNE:10;2026-JULY:10;2026-AUGUST:10,
remodel costs 2022,10,LOW,0,0.0,0.0,0.0,2025-SEPTEMBER:10;2025-OCTOBER:0;2025-NOVEMBER:0;2025-DECEMBER:0;2026-JANUARY:10;2026-FEBRUARY:10;2026-MARCH:0;2026-APRIL:20;2026-MAY:0;2026-JUNE:0;2026-JULY:10;2026-AUGUST:10,
first time home buyer mortgage interest rates,10,,,0.0,0.0,0.0,2025-SEPTEMBER:110;2025-OCTOBER:10;2025-NOVEMBER:0;2025-DECEMBER:0;2026-JANUARY:10;2026-FEBRUARY:0;2026-MARCH:0;2026-APRIL:10;2026-MAY:0;2026-JUNE:0;2026-JULY:0;2026-AUGUST:0,
grafton property market,10,LOW,10,0.0,0.0,0.08,2025-SEPTEMBER:10;2025-OCTOBER:10;2025-NOVEMBER:10;2025-DECEMBER:20;2026-JANUARY:10;2026-FEBRUARY:10;2026-MARCH:10;2026-APRIL:10;2026-MAY:10;2026-JUNE:20;2026-JULY:10;2026-AUGUST:10,
what are landlords fixtures and fittings,10,LOW,0,0.0,0.0,0.0,2025-SEPTEMBER:0;2025-OCTOBER:10;2025-NOVEMBER:0;2025-DECEMBER:0;2026-JANUARY:0;2026-FEBRUARY:10;2026-MARCH:0;2026-APRIL:10;2026-MAY:10;2026-JUNE:10;2026-JULY:10;2026-AUGUST:10,
buyers guide real estate,10,HIGH,100,3.61,10.78,0.0,2025-SEPTEMBER:20;2025-OCTOBER:10;2025-NOVEMBER:10;2025-DECEMBER:10;2026-JANUARY:10;2026-FEBRUARY:20;2026-MARCH:20;2026-APRIL:20;2026-MAY:10;2026-JUNE:10;2026-JULY:10;2026-AUGUST:10,
average cost to remodel kitchen and bathroom,10,LOW,14,0.0,0.0,6.71,2025-SEPTEMBER:10;2025-OCTOBER:10;2025-NOVEMBER:10;2025-DECEMBER:10;2026-JANUARY:10;2026-FEBRUARY:10;2026-MARCH:0;2026-APRIL:10;2026-MAY:0;2026-JUNE:0;2026-JULY:10;2026-AUGUST:10,
dual occupancy separate title,10,LOW,0,0.0,0.0,0.0,2025-SEPTEMBER:10;2025-OCTOBER:10;2025-NOVEMBER:10;2025-DECEMBER:10;2026-JANUARY:10;2026-FEBRUARY:10;2026-MARCH:30;2026-APRIL:20;2026-MAY:10;2026-JUNE:10;2026-JULY:10;2026-AUGUST:10,
rental appraisal drouin,10,,,0.0,0.0,0.0,2025-SEPTEMBER:0;2025-OCTOBER:0;2025-NOVEMBER:0;2025-DECEMBER:0;2026-JANUARY:10;2026-FEBRUARY:0;2026-MARCH:0;2026-APRIL:10;2026-MAY:0;2026-JUNE:0;2026-JULY:0;2026-AUGUST:0,
tenant fixtures,10,LOW,0,0.0,0.0,0.0,2025-SEPTEMBER:10;2025-OCTOBER:10;2025-NOVEMBER:10;2025-DECEMBER:10;2026-JANUARY:10;2026-FEBRUARY:10;2026-MARCH:30;2026-APRIL:10;2026-MAY:10;2026-JUNE:10;2026-JULY:10;2026-AUGUST:10,
flinders view suburb profile,10,LOW,3,0.0,0.0,0.0,2025-SEPTEMBER:10;2025-OCTOBER:20;2025-NOVEMBER:20;2025-DECEMBER:10;2026-JANUARY:20;2026-FEBRUARY:10;2026-MARCH:10;2026-APRIL:20;2026-MAY:10;2026-JUNE:10;2026-JULY:10;2026-AUGUST:10,
nab home loan calculator how much can i borrow,10,,,0.0,0.0,0.0,2025-SEPTEMBER:10;2025-OCTOBER:10;2025-NOVEMBER:10;2025-DECEMBER:10;2026-JANUARY:10;2026-FEBRUARY:10;2026-MARCH:10;2026-APRIL:10;2026-MAY:10;2026-JUNE:0;2026-JULY:0;2026-AUGUST:0,
renovation cost per m2 melbourne,10,LOW,14,0.0,0.0,3.03,2025-SEPTEMBER:10;2025-OCTOBER:10;2025-NOVEMBER:10;2025-DECEMBER:10;2026-JANUARY:10;2026-FEBRUARY:10;2026-MARCH:10;2026-APRIL:10;2026-MAY:10;2026-JUNE:10;2026-JULY:10;2026-AUGUST:10,
30k renovation budget,10,,,0.0,0.0,0.0,2025-SEPTEMBER:110;2025-OCTOBER:10;2025-NOVEMBER:0;2025-DECEMBER:0;2026-JANUARY:0;2026-FEBRUARY:10;2026-MARCH:0;2026-APRIL:10;2026-MAY:0;2026-JUNE:10;2026-JULY:0;2026-AUGUST:0,
erskineville property growth,10,LOW,4,0.0,0.0,0.0,2025-SEPTEMBER:90;2025-OCTOBER:10;2025-NOVEMBER:10;2025-DECEMBER:10;2026-JANUARY:10;2026-FEBRUARY:10;2026-MARCH:10;2026-APRIL:10;2026-MAY:10;2026-JUNE:10;2026-JULY:10;2026-AUGUST:10,
lysterfield postcode australia,10,LOW,0,0.0,0.0,0.0,2025-SEPTEMBER:10;2025-OCTOBER:10;2025-NOVEMBER:10;2025-DECEMBER:20;2026-JANUARY:10;2026-FEBRUARY:10;2026-MARCH:20;2026-APRIL:10;2026-MAY:10;2026-JUNE:10;2026-JULY:10;2026-AUGUST:20,
real estate leads australia,10,HIGH,86,6.84,29.02,46.57,2025-SEPTEMBER:10;2025-OCTOBER:10;2025-NOVEMBER:10;2025-DECEMBER:10;2026-JANUARY:10;2026-FEBRUARY:10;2026-MARCH:10;2026-APRIL:0;2026-MAY:10;2026-JUNE:0;2026-JULY:10;2026-AUGUST:10,
compare borrowing power,10,HIGH,86,7.52,14.45,11.35,2025-SEPTEMBER:10;2025-OCTOBER:20;2025-NOVEMBER:10;2025-DECEMBER:10;2026-JANUARY:20;2026-FEBRUARY:10;2026-MARCH:10;2026-APRIL:10;2026-MAY:10;2026-JUNE:20;2026-JULY:10;2026-AUGUST:10,
how much house can i afford australia,10,LOW,3,0.0,0.0,0.0,2025-SEPTEMBER:40;2025-OCTOBER:20;2025-NOVEMBER:10;2025-DECEMBER:10;2026-JANUARY:10;2026-FEBRUARY:10;2026-MARCH:30;2026-APRIL:10;2026-MAY:10;2026-JUNE:10;2026-JULY:10;2026-AUGUST:10,
primary schools in caversham,10,LOW,8,0.0,0.0,0.0,2025-SEPTEMBER:10;2025-OCTOBER:10;2025-NOVEMBER:10;2025-DECEMBER:10;2026-JANUARY:10;2026-FEBRUARY:10;2026-MARCH:10;2026-APRIL:10;2026-MAY:10;2026-JUNE:10;2026-JULY:10;2026-AUGUST:10,
real estate agent commission percentage nsw,10,LOW,29,0.0,0.0,0.0,2025-SEPTEMBER:20;2025-OCTOBER:20;2025-NOVEMBER:10;2025-DECEMBER:10;2026-JANUARY:10;2026-FEBRUARY:10;2026-MARCH:20;2026-APRIL:10;2026-MAY:10;2026-JUNE:10;2026-JULY:10;2026-AUGUST:10,
residential property settlements,10,LOW,0,0.0,0.0,0.0,2025-SEPTEMBER:10;2025-OCTOBER:10;2025-NOVEMBER:0;2025-DECEMBER:0;2026-JANUARY:10;2026-FEBRUARY:0;2026-MARCH:10;2026-APRIL:10;2026-MAY:10;2026-JUNE:0;2026-JULY:10;2026-AUGUST:10,
cgt for residential property,10,LOW,0,0.0,0.0,0.0,2025-SEPTEMBER:50;2025-OCTOBER:20;2025-NOVEMBER:10;2025-DECEMBER:10;2026-JANUARY:10;2026-FEBRUARY:0;2026-MARCH:10;2026-APRIL:10;2026-MAY:20;2026-JUNE:10;2026-JULY:10;2026-AUGUST:10,
estate agent selling fees,10,HIGH,67,2.64,20.61,18.92,2025-SEPTEMBER:10;2025-OCTOBER:10;2025-NOVEMBER:10;2025-DECEMBER:10;2026-JANUARY:10;2026-FEBRUARY:10;2026-MARCH:10;2026-APRIL:10;2026-MAY:10;2026-JUNE:10;2026-JULY:10;2026-AUGUST:10,
fixed real estate,10,MEDIUM,33,0.0,0.0,0.33,2025-SEPTEMBER:90;2025-OCTOBER:10;2025-NOVEMBER:10;2025-DECEMBER:10;2026-JANUARY:10;2026-FEBRUARY:10;2026-MARCH:10;2026-APRIL:10;2026-MAY:10;2026-JUNE:10;2026-JULY:10;2026-AUGUST:10,
how much should you borrow for a mortgage,10,MEDIUM,38,0.0,0.0,0.0,2025-SEPTEMBER:40;2025-OCTOBER:20;2025-NOVEMBER:10;2025-DECEMBER:10;2026-JANUARY:10;2026-FEBRUARY:10;2026-MARCH:30;2026-APRIL:10;2026-MAY:10;2026-JUNE:10;2026-JULY:10;2026-AUGUST:10,
how to sell a house in queensland,10,HIGH,74,4.63,16.25,9.57,2025-SEPTEMBER:10;2025-OCTOBER:10;2025-NOVEMBER:10;2025-DECEMBER:10;2026-JANUARY:10;2026-FEBRUARY:10;2026-MARCH:10;2026-APRIL:10;2026-MAY:10;2026-JUNE:10;2026-JULY:10;2026-AUGUST:10,
2026 nsw postcode,10,LOW,0,0.0,0.0,0.0,2025-SEPTEMBER:0;2025-OCTOBER:0;2025-NOVEMBER:0;2025-DECEMBER:0;2026-JANUARY:0;2026-FEBRUARY:0;2026-MARCH:0;2026-APRIL:0;2026-MAY:0;2026-JUNE:0;2026-JULY:0;2026-AUGUST:20,
renovation costs 2025,10,,,0.0,0.0,0.0,2025-SEPTEMBER:10;2025-OCTOBER:20;2025-NOVEMBER:10;2025-DECEMBER:10;2026-JANUARY:10;2026-FEBRUARY:10;2026-MARCH:0;2026-APRIL:10;2026-MAY:0;2026-JUNE:0;2026-JULY:0;2026-AUGUST:0,
2487 postcode nsw,10,LOW,0,0.0,0.0,0.0,2025-SEPTEMBER:0;2025-OCTOBER:0;2025-NOVEMBER:0;2025-DECEMBER:0;2026-JANUARY:0;2026-FEBRUARY:0;2026-MARCH:0;2026-APRIL:0;2026-MAY:0;2026-JUNE:0;2026-JULY:20;2026-AUGUST:20,
firb approval meaning,10,LOW,0,0.0,0.0,0.0,2025-SEPTEMBER:0;2025-OCTOBER:0;2025-NOVEMBER:0;2025-DECEMBER:10;2026-JANUARY:10;2026-FEBRUARY:10;2026-MARCH:10;2026-APRIL:20;2026-MAY:10;2026-JUNE:10;2026-JULY:10;2026-AUGUST:10,
kirra postcode queensland,10,LOW,0,0.0,0.0,0.0,2025-SEPTEMBER:0;2025-OCTOBER:0;2025-NOVEMBER:0;2025-DECEMBER:0;2026-JANUARY:0;2026-FEBRUARY:0;2026-MARCH:30;2026-APRIL:20;2026-MAY:20;2026-JUNE:20;2026-JULY:10;2026-AUGUST:20,
heatherton postcode vic,10,LOW,0,0.0,0.0,0.0,2025-SEPTEMBER:0;2025-OCTOBER:0;2025-NOVEMBER:0;2025-DECEMBER:0;2026-JANUARY:0;2026-FEBRUARY:0;2026-MARCH:0;2026-APRIL:0;2026-MAY:0;2026-JUNE:0;2026-JULY:0;2026-AUGUST:40,
portland postcode victoria,10,LOW,0,0.0,0.0,0.0,2025-SEPTEMBER:0;2025-OCTOBER:0;2025-NOVEMBER:0;2025-DECEMBER:0;2026-JANUARY:0;2026-FEBRUARY:0;2026-MARCH:0;2026-APRIL:0;2026-MAY:0;2026-JUNE:0;2026-JULY:50;2026-AUGUST:90,
postcode 2232 suburb,10,LOW,0,0.0,0.0,0.0,2025-SEPTEMBER:0;2025-OCTOBER:0;2025-NOVEMBER:0;2025-DECEMBER:0;2026-JANUARY:0;2026-FEBRUARY:0;2026-MARCH:40;2026-APRIL:20;2026-MAY:20;2026-JUNE:10;2026-JULY:30;2026-AUGUST:10,
2043 nsw postcode,10,LOW,0,0.0,0.0,0.0,2025-SEPTEMBER:20;2025-OCTOBER:20;2025-NOVEMBER:10;2025-DECEMBER:20;2026-JANUARY:10;2026-FEBRUARY:20;2026-MARCH:10;2026-APRIL:10;2026-MAY:10;2026-JUNE:10;2026-JULY:10;2026-AUGUST:10,
2539 postcode nsw,10,LOW,0,0.0,0.0,0.0,2025-SEPTEMBER:0;2025-OCTOBER:0;2025-NOVEMBER:0;2025-DECEMBER:0;2026-JANUARY:0;2026-FEBRUARY:0;2026-MARCH:0;2026-APRIL:0;2026-MAY:30;2026-JUNE:10;2026-JULY:20;2026-AUGUST:30,
3142 postcode victoria,10,LOW,0,0.0,0.0,0.0,2025-SEPTEMBER:20;2025-OCTOBER:30;2025-NOVEMBER:10;2025-DECEMBER:10;2026-JANUARY:10;2026-FEBRUARY:10;2026-MARCH:10;2026-APRIL:10;2026-MAY:10;2026-JUNE:10;2026-JULY:10;2026-AUGUST:10,
3978 australia postcode,10,,,0.0,0.0,0.0,2025-SEPTEMBER:10;2025-OCTOBER:0;2025-NOVEMBER:0;2025-DECEMBER:0;2026-JANUARY:10;2026-FEBRUARY:10;2026-MARCH:10;2026-APRIL:10;2026-MAY:10;2026-JUNE:10;2026-JULY:0;2026-AUGUST:0,
craigmore postcode sa,10,LOW,0,0.0,0.0,0.0,2025-SEPTEMBER:0;2025-OCTOBER:0;2025-NOVEMBER:0;2025-DECEMBER:20;2026-JANUARY:10;2026-FEBRUARY:10;2026-MARCH:20;2026-APRIL:10;2026-MAY:10;2026-JUNE:10;2026-JULY:10;2026-AUGUST:20,
nsw 2170 suburb,10,LOW,0,0.0,0.0,0.0,2025-SEPTEMBER:0;2025-OCTOBER:0;2025-NOVEMBER:20;2025-DECEMBER:20;2026-JANUARY:10;2026-FEBRUARY:20;2026-MARCH:30;2026-APRIL:10;2026-MAY:20;2026-JUNE:10;2026-JULY:20;2026-AUGUST:20,
what postcode is liverpool,10,LOW,0,0.0,0.0,0.0,2025-SEPTEMBER:10;2025-OCTOBER:10;2025-NOVEMBER:10;2025-DECEMBER:10;2026-JANUARY:10;2026-FEBRUARY:10;2026-MARCH:10;2026-APRIL:10;2026-MAY:10;2026-JUNE:10;2026-JULY:10;2026-AUGUST:10,
australian property investment losses,10,,,0.0,0.0,0.0,2025-SEPTEMBER:0;2025-OCTOBER:0;2025-NOVEMBER:0;2025-DECEMBER:0;2026-JANUARY:10;2026-FEBRUARY:10;2026-MARCH:10;2026-APRIL:10;2026-MAY:0;2026-JUNE:0;2026-JULY:10;2026-AUGUST:0,
nab calculator how much can i borrow,10,HIGH,71,0.0,0.0,1.1,2025-SEPTEMBER:10;2025-OCTOBER:0;2025-NOVEMBER:10;2025-DECEMBER:10;2026-JANUARY:10;2026-FEBRUARY:10;2026-MARCH:10;2026-APRIL:10;2026-MAY:10;2026-JUNE:10;2026-JULY:0;2026-AUGUST:10,
property sales leads,10,,,0.0,0.0,0.0,2025-SEPTEMBER:30;2025-OCTOBER:0;2025-NOVEMBER:0;2025-DECEMBER:0;2026-JANUARY:10;2026-FEBRUARY:0;2026-MARCH:0;2026-APRIL:0;2026-MAY:0;2026-JUNE:0;2026-JULY:0;2026-AUGUST:0,
buderim real estate market,10,LOW,0,0.0,0.0,0.0,2025-SEPTEMBER:20;2025-OCTOBER:10;2025-NOVEMBER:10;2025-DECEMBER:10;2026-JANUARY:10;2026-FEBRUARY:20;2026-MARCH:30;2026-APRIL:10;2026-MAY:10;2026-JUNE:10;2026-JULY:10;2026-AUGUST:10,
buyers agent roseville,10,LOW,0,0.0,0.0,0.0,2025-SEPTEMBER:140;2025-OCTOBER:20;2025-NOVEMBER:0;2025-DECEMBER:10;2026-JANUARY:10;2026-FEBRUARY:10;2026-MARCH:10;2026-APRIL:10;2026-MAY:10;2026-JUNE:0;2026-JULY:10;2026-AUGUST:10,
commercial real estate investment calculator,10,MEDIUM,43,0.0,0.0,0.0,2025-SEPTEMBER:10;2025-OCTOBER:10;2025-NOVEMBER:10;2025-DECEMBER:0;2026-JANUARY:10;2026-FEBRUARY:10;2026-MARCH:0;2026-APRIL:0;2026-MAY:10;2026-JUNE:0;2026-JULY:0;2026-AUGUST:10,
glenelg postcode sa,10,LOW,0,0.0,0.0,0.0,2025-SEPTEMBER:10;2025-OCTOBER:10;2025-NOVEMBER:10;2025-DECEMBER:10;2026-JANUARY:10;2026-FEBRUARY:10;2026-MARCH:10;2026-APRIL:10;2026-MAY:10;2026-JUNE:10;2026-JULY:10;2026-AUGUST:40,
how much to spend on renovation,10,LOW,0,0.0,0.0,0.0,2025-SEPTEMBER:30;2025-OCTOBER:30;2025-NOVEMBER:10;2025-DECEMBER:10;2026-JANUARY:10;2026-FEBRUARY:10;2026-MARCH:30;2026-APRIL:20;2026-MAY:10;2026-JUNE:10;2026-JULY:10;2026-AUGUST:10,
how to start a renovation business in australia,10,LOW,14,0.0,0.0,9.22,2025-SEPTEMBER:10;2025-OCTOBER:10;2025-NOVEMBER:10;2025-DECEMBER:10;2026-JANUARY:10;2026-FEBRUARY:10;2026-MARCH:10;2026-APRIL:10;2026-MAY:10;2026-JUNE:10;2026-JULY:10;2026-AUGUST:10,
is surfers paradise a good place to live,10,LOW,0,0.0,0.0,0.0,2025-SEPTEMBER:10;2025-OCTOBER:10;2025-NOVEMBER:10;2025-DECEMBER:10;2026-JANUARY:10;2026-FEBRUARY:10;2026-MARCH:10;2026-APRIL:10;2026-MAY:10;2026-JUNE:10;2026-JULY:10;2026-AUGUST:10,
listing leads,10,LOW,30,4.9,18.79,6.58,2025-SEPTEMBER:10;2025-OCTOBER:10;2025-NOVEMBER:10;2025-DECEMBER:10;2026-JANUARY:20;2026-FEBRUARY:20;2026-MARCH:30;2026-APRIL:10;2026-MAY:10;2026-JUNE:10;2026-JULY:10;2026-AUGUST:10,
property for sale cassowary coast,10,LOW,0,0.0,0.0,0.0,2025-SEPTEMBER:10;2025-OCTOBER:10;2025-NOVEMBER:10;2025-DECEMBER:10;2026-JANUARY:10;2026-FEBRUARY:10;2026-MARCH:10;2026-APRIL:10;2026-MAY:10;2026-JUNE:10;2026-JULY:10;2026-AUGUST:10,
rental appraisal carrum downs,10,,,0.0,0.0,0.0,2025-SEPTEMBER:10;2025-OCTOBER:0;2025-NOVEMBER:0;2025-DECEMBER:0;2026-JANUARY:10;2026-FEBRUARY:10;2026-MARCH:0;2026-APRIL:10;2026-MAY:10;2026-JUNE:0;2026-JULY:0;2026-AUGUST:0,
rental appraisal endeavour hills,10,,,0.0,0.0,0.0,2025-SEPTEMBER:0;2025-OCTOBER:0;2025-NOVEMBER:0;2025-DECEMBER:0;2026-JANUARY:10;2026-FEBRUARY:10;2026-MARCH:0;2026-APRIL:10;2026-MAY:0;2026-JUNE:0;2026-JULY:0;2026-AUGUST:0,
3310 postal code,10,LOW,0,0.0,0.0,0.0,2025-SEPTEMBER:10;2025-OCTOBER:10;2025-NOVEMBER:0;2025-DECEMBER:10;2026-JANUARY:0;2026-FEBRUARY:10;2026-MARCH:0;2026-APRIL:10;2026-MAY:10;2026-JUNE:10;2026-JULY:10;2026-AUGUST:10,
7 yield on property,10,LOW,29,0.0,0.0,0.0,2025-SEPTEMBER:10;2025-OCTOBER:10;2025-NOVEMBER:10;2025-DECEMBER:10;2026-JANUARY:10;2026-FEBRUARY:10;2026-MARCH:10;2026-APRIL:10;2026-MAY:10;2026-JUNE:10;2026-JULY:10;2026-AUGUST:10,
agent commission victoria,10,MEDIUM,50,5.12,34.7,5.67,2025-SEPTEMBER:30;2025-OCTOBER:20;2025-NOVEMBER:30;2025-DECEMBER:20;2026-JANUARY:10;2026-FEBRUARY:10;2026-MARCH:10;2026-APRIL:10;2026-MAY:10;2026-JUNE:10;2026-JULY:10;2026-AUGUST:10,
agent fees canberra,10,MEDIUM,57,0.0,0.0,10.25,2025-SEPTEMBER:10;2025-OCTOBER:10;2025-NOVEMBER:0;2025-DECEMBER:0;2026-JANUARY:10;2026-FEBRUARY:10;2026-MARCH:10;2026-APRIL:10;2026-MAY:10;2026-JUNE:0;2026-JULY:10;2026-AUGUST:10,
agents fees selling house melbourne,10,,,0.0,0.0,0.0,2025-SEPTEMBER:0;2025-OCTOBER:0;2025-NOVEMBER:0;2025-DECEMBER:10;2026-JANUARY:10;2026-FEBRUARY:0;2026-MARCH:10;2026-APRIL:0;2026-MAY:0;2026-JUNE:0;2026-JULY:0;2026-AUGUST:0,
aussie home loans how much can i borrow,10,HIGH,79,3.11,33.34,7.53,2025-SEPTEMBER:10;2025-OCTOBER:10;2025-NOVEMBER:10;2025-DECEMBER:10;2026-JANUARY:10;2026-FEBRUARY:10;2026-MARCH:10;2026-APRIL:10;2026-MAY:10;2026-JUNE:10;2026-JULY:10;2026-AUGUST:10,
average cost to remodel a kitchen in 2022,10,,,0.0,0.0,0.0,2025-SEPTEMBER:10;2025-OCTOBER:0;2025-NOVEMBER:0;2025-DECEMBER:0;2026-JANUARY:10;2026-FEBRUARY:10;2026-MARCH:0;2026-APRIL:10;2026-MAY:0;2026-JUNE:0;2026-JULY:0;2026-AUGUST:0,
capital gains on property sold,10,LOW,0,0.0,0.0,0.0,2025-SEPTEMBER:90;2025-OCTOBER:10;2025-NOVEMBER:10;2025-DECEMBER:10;2026-JANUARY:0;2026-FEBRUARY:10;2026-MARCH:10;2026-APRIL:10;2026-MAY:10;2026-JUNE:0;2026-JULY:10;2026-AUGUST:10,
dakabin property growth,10,,,0.0,0.0,0.0,2025-SEPTEMBER:10;2025-OCTOBER:10;2025-NOVEMBER:10;2025-DECEMBER:10;2026-JANUARY:10;2026-FEBRUARY:10;2026-MARCH:20;2026-APRIL:10;2026-MAY:20;2026-JUNE:10;2026-JULY:10;2026-AUGUST:0,
how much can j,10,MEDIUM,43,0.0,0.0,0.0,2025-SEPTEMBER:0;2025-OCTOBER:10;2025-NOVEMBER:10;2025-DECEMBER:10;2026-JANUARY:10;2026-FEBRUARY:0;2026-MARCH:10;2026-APRIL:10;2026-MAY:10;2026-JUNE:10;2026-JULY:10;2026-AUGUST:10,
kingswood property growth,10,LOW,7,0.0,0.0,0.0,2025-SEPTEMBER:20;2025-OCTOBER:30;2025-NOVEMBER:20;2025-DECEMBER:20;2026-JANUARY:20;2026-FEBRUARY:10;2026-MARCH:20;2026-APRIL:20;2026-MAY:10;2026-JUNE:10;2026-JULY:10;2026-AUGUST:10,
lake coogee suburb profile,10,LOW,7,0.0,0.0,0.0,2025-SEPTEMBER:10;2025-OCTOBER:10;2025-NOVEMBER:10;2025-DECEMBER:10;2026-JANUARY:20;2026-FEBRUARY:20;2026-MARCH:10;2026-APRIL:20;2026-MAY:10;2026-JUNE:10;2026-JULY:10;2026-AUGUST:10,
melbourne rental returns,10,MEDIUM,36,0.0,0.0,9.9,2025-SEPTEMBER:10;2025-OCTOBER:10;2025-NOVEMBER:10;2025-DECEMBER:10;2026-JANUARY:10;2026-FEBRUARY:10;2026-MARCH:10;2026-APRIL:10;2026-MAY:10;2026-JUNE:10;2026-JULY:10;2026-AUGUST:10,rental return melbourne
postal code 2170,10,LOW,0,0.0,0.0,0.0,2025-SEPTEMBER:10;2025-OCTOBER:10;2025-NOVEMBER:10;2025-DECEMBER:10;2026-JANUARY:10;2026-FEBRUARY:10;2026-MARCH:10;2026-APRIL:10;2026-MAY:10;2026-JUNE:10;2026-JULY:10;2026-AUGUST:10,
process of buying land in australia,10,LOW,7,0.0,0.0,0.0,2025-SEPTEMBER:10;2025-OCTOBER:10;2025-NOVEMBER:10;2025-DECEMBER:10;2026-JANUARY:10;2026-FEBRUARY:10;2026-MARCH:50;2026-APRIL:0;2026-MAY:10;2026-JUNE:10;2026-JULY:10;2026-AUGUST:10,
property management magill,10,,,0.0,0.0,0.0,2025-SEPTEMBER:90;2025-OCTOBER:10;2025-NOVEMBER:10;2025-DECEMBER:10;2026-JANUARY:0;2026-FEBRUARY:10;2026-MARCH:10;2026-APRIL:20;2026-MAY:10;2026-JUNE:10;2026-JULY:10;2026-AUGUST:0,
rate of return calculator real estate,10,,,0.0,0.0,0.0,2025-SEPTEMBER:0;2025-OCTOBER:0;2025-NOVEMBER:0;2025-DECEMBER:0;2026-JANUARY:10;2026-FEBRUARY:0;2026-MARCH:0;2026-APRIL:0;2026-MAY:0;2026-JUNE:10;2026-JULY:0;2026-AUGUST:0,
real estate agent cost to sell home,10,HIGH,69,5.75,17.57,14.7,2025-SEPTEMBER:10;2025-OCTOBER:10;2025-NOVEMBER:10;2025-DECEMBER:10;2026-JANUARY:10;2026-FEBRUARY:10;2026-MARCH:10;2026-APRIL:10;2026-MAY:10;2026-JUNE:10;2026-JULY:10;2026-AUGUST:10,
real estate commission rates australia,10,MEDIUM,36,0.0,0.0,7.19,2025-SEPTEMBER:10;2025-OCTOBER:10;2025-NOVEMBER:10;2025-DECEMBER:10;2026-JANUARY:10;2026-FEBRUARY:10;2026-MARCH:10;2026-APRIL:10;2026-MAY:10;2026-JUNE:10;2026-JULY:10;2026-AUGUST:10,
sellers title insurance cost,10,LOW,0,0.0,0.0,0.0,2025-SEPTEMBER:90;2025-OCTOBER:10;2025-NOVEMBER:0;2025-DECEMBER:10;2026-JANUARY:10;2026-FEBRUARY:10;2026-MARCH:0;2026-APRIL:10;2026-MAY:0;2026-JUNE:10;2026-JULY:0;2026-AUGUST:10,
will home renovation costs go down in 2023,10,,,0.0,0.0,0.0,2025-SEPTEMBER:0;2025-OCTOBER:0;2025-NOVEMBER:0;2025-DECEMBER:0;2026-JANUARY:0;2026-FEBRUARY:0;2026-MARCH:0;2026-APRIL:10;2026-MAY:0;2026-JUNE:10;2026-JULY:0;2026-AUGUST:0,
agent fees hobart,10,,,0.0,0.0,0.0,2025-SEPTEMBER:0;2025-OCTOBER:0;2025-NOVEMBER:0;2025-DECEMBER:10;2026-JANUARY:0;2026-FEBRUARY:10;2026-MARCH:10;2026-APRIL:10;2026-MAY:10;2026-JUNE:10;2026-JULY:0;2026-AUGUST:0,
fixed fee real estate,10,MEDIUM,43,0.0,0.0,0.0,2025-SEPTEMBER:10;2025-OCTOBER:10;2025-NOVEMBER:10;2025-DECEMBER:10;2026-JANUARY:10;2026-FEBRUARY:10;2026-MARCH:10;2026-APRIL:10;2026-MAY:10;2026-JUNE:10;2026-JULY:10;2026-AUGUST:10,
harrismith postal code,10,LOW,0,0.0,0.0,0.0,2025-SEPTEMBER:10;2025-OCTOBER:0;2025-NOVEMBER:10;2025-DECEMBER:0;2026-JANUARY:10;2026-FEBRUARY:10;2026-MARCH:10;2026-APRIL:0;2026-MAY:10;2026-JUNE:10;2026-JULY:10;2026-AUGUST:10,
home buyer's guide,10,LOW,0,0.0,0.0,0.0,2025-SEPTEMBER:0;2025-OCTOBER:0;2025-NOVEMBER:0;2025-DECEMBER:10;2026-JANUARY:10;2026-FEBRUARY:0;2026-MARCH:10;2026-APRIL:10;2026-MAY:10;2026-JUNE:0;2026-JULY:0;2026-AUGUST:10,
home sale appraisal,10,LOW,5,0.0,0.0,0.0,2025-SEPTEMBER:10;2025-OCTOBER:10;2025-NOVEMBER:10;2025-DECEMBER:10;2026-JANUARY:0;2026-FEBRUARY:10;2026-MARCH:10;2026-APRIL:10;2026-MAY:10;2026-JUNE:10;2026-JULY:20;2026-AUGUST:10,
how much can i borrow self employed,10,HIGH,71,0.0,0.0,4.99,2025-SEPTEMBER:10;2025-OCTOBER:10;2025-NOVEMBER:10;2025-DECEMBER:10;2026-JANUARY:10;2026-FEBRUARY:10;2026-MARCH:10;2026-APRIL:10;2026-MAY:10;2026-JUNE:10;2026-JULY:10;2026-AUGUST:10,
oatlands postcode nsw,10,LOW,0,0.0,0.0,0.0,2025-SEPTEMBER:10;2025-OCTOBER:10;2025-NOVEMBER:10;2025-DECEMBER:10;2026-JANUARY:20;2026-FEBRUARY:10;2026-MARCH:10;2026-APRIL:10;2026-MAY:10;2026-JUNE:10;2026-JULY:10;2026-AUGUST:20,
ocean grove real estate growth,10,,,0.0,0.0,0.0,2025-SEPTEMBER:10;2025-OCTOBER:10;2025-NOVEMBER:10;2025-DECEMBER:10;2026-JANUARY:10;2026-FEBRUARY:10;2026-MARCH:20;2026-APRIL:10;2026-MAY:10;2026-JUNE:0;2026-JULY:10;2026-AUGUST:0,
queensland first home buyers guide,10,HIGH,86,0.0,0.0,10.2,2025-SEPTEMBER:10;2025-OCTOBER:0;2025-NOVEMBER:0;2025-DECEMBER:10;2026-JANUARY:10;2026-FEBRUARY:10;2026-MARCH:10;2026-APRIL:10;2026-MAY:10;2026-JUNE:0;2026-JULY:0;2026-AUGUST:10,
real estate agents ambarvale,10,,,0.0,0.0,0.0,2025-SEPTEMBER:70;2025-OCTOBER:10;2025-NOVEMBER:10;2025-DECEMBER:10;2026-JANUARY:10;2026-FEBRUARY:10;2026-MARCH:10;2026-APRIL:10;2026-MAY:0;2026-JUNE:0;2026-JULY:0;2026-AUGUST:0,
real estate rates for selling,10,HIGH,67,3.93,18.23,17.25,2025-SEPTEMBER:10;2025-OCTOBER:20;2025-NOVEMBER:10;2025-DECEMBER:10;2026-JANUARY:10;2026-FEBRUARY:10;2026-MARCH:10;2026-APRIL:10;2026-MAY:10;2026-JUNE:10;2026-JULY:10;2026-AUGUST:10,
real estate selling costs calculator,10,MEDIUM,46,0.0,0.0,7.53,2025-SEPTEMBER:10;2025-OCTOBER:10;2025-NOVEMBER:0;2025-DECEMBER:10;2026-JANUARY:10;2026-FEBRUARY:10;2026-MARCH:10;2026-APRIL:10;2026-MAY:10;2026-JUNE:10;2026-JULY:10;2026-AUGUST:10,
little mountain postcode qld,10,LOW,0,0.0,0.0,0.0,2025-SEPTEMBER:0;2025-OCTOBER:0;2025-NOVEMBER:0;2025-DECEMBER:0;2026-JANUARY:0;2026-FEBRUARY:0;2026-MARCH:20;2026-APRIL:10;2026-MAY:10;2026-JUNE:10;2026-JULY:20;2026-AUGUST:20,
postcode 3066 victoria,10,LOW,0,0.0,0.0,0.0,2025-SEPTEMBER:20;2025-OCTOBER:10;2025-NOVEMBER:10;2025-DECEMBER:10;2026-JANUARY:10;2026-FEBRUARY:10;2026-MARCH:10;2026-APRIL:10;2026-MAY:10;2026-JUNE:10;2026-JULY:10;2026-AUGUST:10,
postcode 6210 western australia,10,LOW,0,0.0,0.0,0.0,2025-SEPTEMBER:0;2025-OCTOBER:0;2025-NOVEMBER:0;2025-DECEMBER:0;2026-JANUARY:0;2026-FEBRUARY:0;2026-MARCH:20;2026-APRIL:10;2026-MAY:10;2026-JUNE:20;2026-JULY:20;2026-AUGUST:10,
lutana postcode tas,10,LOW,0,0.0,0.0,0.0,2025-SEPTEMBER:10;2025-OCTOBER:10;2025-NOVEMBER:10;2025-DECEMBER:10;2026-JANUARY:20;2026-FEBRUARY:10;2026-MARCH:20;2026-APRIL:10;2026-MAY:10;2026-JUNE:20;2026-JULY:20;2026-AUGUST:10,
3981 postcode victoria,10,LOW,0,0.0,0.0,0.0,2025-SEPTEMBER:10;2025-OCTOBER:10;2025-NOVEMBER:10;2025-DECEMBER:10;2026-JANUARY:10;2026-FEBRUARY:10;2026-MARCH:10;2026-APRIL:10;2026-MAY:10;2026-JUNE:10;2026-JULY:10;2026-AUGUST:10,
gundagai population 2026,10,LOW,0,0.0,0.0,0.0,2025-SEPTEMBER:0;2025-OCTOBER:0;2025-NOVEMBER:0;2025-DECEMBER:0;2026-JANUARY:0;2026-FEBRUARY:0;2026-MARCH:0;2026-APRIL:0;2026-MAY:0;2026-JUNE:0;2026-JULY:50;2026-AUGUST:90,
postcode 2400 nsw,10,LOW,0,0.0,0.0,0.0,2025-SEPTEMBER:0;2025-OCTOBER:0;2025-NOVEMBER:0;2025-DECEMBER:0;2026-JANUARY:0;2026-FEBRUARY:0;2026-MARCH:0;2026-APRIL:0;2026-MAY:0;2026-JUNE:0;2026-JULY:0;2026-AUGUST:20,
midvale postcode wa,10,LOW,0,0.0,0.0,0.0,2025-SEPTEMBER:0;2025-OCTOBER:0;2025-NOVEMBER:0;2025-DECEMBER:0;2026-JANUARY:0;2026-FEBRUARY:0;2026-MARCH:0;2026-APRIL:0;2026-MAY:0;2026-JUNE:0;2026-JULY:0;2026-AUGUST:30,
postcode 3124 victoria,10,LOW,0,0.0,0.0,0.0,2025-SEPTEMBER:20;2025-OCTOBER:10;2025-NOVEMBER:10;2025-DECEMBER:20;2026-JANUARY:10;2026-FEBRUARY:10;2026-MARCH:10;2026-APRIL:10;2026-MAY:20;2026-JUNE:20;2026-JULY:20;2026-AUGUST:10,
postcode 3142 victoria,10,LOW,0,0.0,0.0,0.0,2025-SEPTEMBER:10;2025-OCTOBER:10;2025-NOVEMBER:10;2025-DECEMBER:20;2026-JANUARY:10;2026-FEBRUARY:10;2026-MARCH:10;2026-APRIL:10;2026-MAY:10;2026-JUNE:10;2026-JULY:10;2026-AUGUST:10,
postcode mickleham 3064,10,LOW,0,0.0,0.0,0.0,2025-SEPTEMBER:0;2025-OCTOBER:0;2025-NOVEMBER:0;2025-DECEMBER:0;2026-JANUARY:0;2026-FEBRUARY:0;2026-MARCH:0;2026-APRIL:0;2026-MAY:0;2026-JUNE:10;2026-JULY:20;2026-AUGUST:30,
sale of land act s32,10,LOW,2,0.0,0.0,0.0,2025-SEPTEMBER:10;2025-OCTOBER:10;2025-NOVEMBER:10;2025-DECEMBER:10;2026-JANUARY:10;2026-FEBRUARY:10;2026-MARCH:10;2026-APRIL:20;2026-MAY:20;2026-JUNE:20;2026-JULY:10;2026-AUGUST:10,sale of land act section 32
selling a house in queensland,10,HIGH,78,2.01,15.61,11.43,2025-SEPTEMBER:20;2025-OCTOBER:10;2025-NOVEMBER:10;2025-DECEMBER:10;2026-JANUARY:10;2026-FEBRUARY:10;2026-MARCH:10;2026-APRIL:10;2026-MAY:10;2026-JUNE:10;2026-JULY:10;2026-AUGUST:10,
selling a house real estate fees,10,,,0.0,0.0,0.0,2025-SEPTEMBER:0;2025-OCTOBER:0;2025-NOVEMBER:10;2025-DECEMBER:10;2026-JANUARY:10;2026-FEBRUARY:10;2026-MARCH:10;2026-APRIL:10;2026-MAY:10;2026-JUNE:10;2026-JULY:10;2026-AUGUST:0,
selling property in australia,10,MEDIUM,49,2.33,6.13,0.0,2025-SEPTEMBER:10;2025-OCTOBER:10;2025-NOVEMBER:10;2025-DECEMBER:10;2026-JANUARY:10;2026-FEBRUARY:10;2026-MARCH:10;2026-APRIL:10;2026-MAY:10;2026-JUNE:10;2026-JULY:10;2026-AUGUST:10,
which rate is better fixed or variable,10,,,0.0,0.0,0.0,2025-SEPTEMBER:10;2025-OCTOBER:10;2025-NOVEMBER:10;2025-DECEMBER:10;2026-JANUARY:0;2026-FEBRUARY:10;2026-MARCH:10;2026-APRIL:0;2026-MAY:10;2026-JUNE:0;2026-JULY:0;2026-AUGUST:0,
$200 k renovation before and after,10,LOW,0,0.0,0.0,0.0,2025-SEPTEMBER:10;2025-OCTOBER:10;2025-NOVEMBER:10;2025-DECEMBER:10;2026-JANUARY:10;2026-FEBRUARY:10;2026-MARCH:10;2026-APRIL:10;2026-MAY:10;2026-JUNE:10;2026-JULY:0;2026-AUGUST:10,$200k renovation before and after
agency fee real estate,10,,,0.0,0.0,0.0,2025-SEPTEMBER:10;2025-OCTOBER:0;2025-NOVEMBER:0;2025-DECEMBER:10;2026-JANUARY:10;2026-FEBRUARY:0;2026-MARCH:10;2026-APRIL:0;2026-MAY:0;2026-JUNE:0;2026-JULY:10;2026-AUGUST:0,
agent fees nsw,10,LOW,21,0.0,0.0,0.0,2025-SEPTEMBER:20;2025-OCTOBER:20;2025-NOVEMBER:20;2025-DECEMBER:20;2026-JANUARY:20;2026-FEBRUARY:10;2026-MARCH:20;2026-APRIL:10;2026-MAY:10;2026-JUNE:10;2026-JULY:10;2026-AUGUST:10,
agents commission calculator nsw,10,MEDIUM,36,0.0,0.0,2.54,2025-SEPTEMBER:10;2025-OCTOBER:10;2025-NOVEMBER:10;2025-DECEMBER:10;2026-JANUARY:10;2026-FEBRUARY:0;2026-MARCH:20;2026-APRIL:10;2026-MAY:10;2026-JUNE:10;2026-JULY:10;2026-AUGUST:10,
average property tax rates by state,10,,,0.0,0.0,0.0,2025-SEPTEMBER:0;2025-OCTOBER:10;2025-NOVEMBER:10;2025-DECEMBER:0;2026-JANUARY:0;2026-FEBRUARY:0;2026-MARCH:10;2026-APRIL:10;2026-MAY:0;2026-JUNE:10;2026-JULY:0;2026-AUGUST:0,
berry property market,10,LOW,0,0.0,0.0,0.0,2025-SEPTEMBER:70;2025-OCTOBER:20;2025-NOVEMBER:10;2025-DECEMBER:10;2026-JANUARY:20;2026-FEBRUARY:10;2026-MARCH:10;2026-APRIL:10;2026-MAY:10;2026-JUNE:10;2026-JULY:10;2026-AUGUST:10,
byron bay real estate market,10,,,0.0,0.0,0.0,2025-SEPTEMBER:10;2025-OCTOBER:10;2025-NOVEMBER:10;2025-DECEMBER:10;2026-JANUARY:10;2026-FEBRUARY:10;2026-MARCH:10;2026-APRIL:10;2026-MAY:10;2026-JUNE:10;2026-JULY:10;2026-AUGUST:0,
cavan postcode sa,10,LOW,0,0.0,0.0,0.0,2025-SEPTEMBER:20;2025-OCTOBER:10;2025-NOVEMBER:10;2025-DECEMBER:10;2026-JANUARY:10;2026-FEBRUARY:10;2026-MARCH:10;2026-APRIL:10;2026-MAY:10;2026-JUNE:20;2026-JULY:10;2026-AUGUST:20,
deception bay property market,10,LOW,1,0.0,0.0,0.0,2025-SEPTEMBER:20;2025-OCTOBER:10;2025-NOVEMBER:10;2025-DECEMBER:10;2026-JANUARY:10;2026-FEBRUARY:20;2026-MARCH:40;2026-APRIL:10;2026-MAY:10;2026-JUNE:10;2026-JULY:20;2026-AUGUST:20,
find an agent to sell my house,10,HIGH,76,0.0,0.0,0.0,2025-SEPTEMBER:10;2025-OCTOBER:10;2025-NOVEMBER:10;2025-DECEMBER:10;2026-JANUARY:0;2026-FEBRUARY:10;2026-MARCH:10;2026-APRIL:10;2026-MAY:10;2026-JUNE:10;2026-JULY:0;2026-AUGUST:10,
finding a real estate agent to buy a house,10,,,0.0,0.0,0.0,2025-SEPTEMBER:0;2025-OCTOBER:10;2025-NOVEMBER:10;2025-DECEMBER:10;2026-JANUARY:0;2026-FEBRUARY:0;2026-MARCH:0;2026-APRIL:10;2026-MAY:10;2026-JUNE:0;2026-JULY:0;2026-AUGUST:0,
geebung property growth,10,LOW,0,0.0,0.0,0.0,2025-SEPTEMBER:10;2025-OCTOBER:20;2025-NOVEMBER:10;2025-DECEMBER:10;2026-JANUARY:10;2026-FEBRUARY:20;2026-MARCH:30;2026-APRIL:10;2026-MAY:10;2026-JUNE:10;2026-JULY:10;2026-AUGUST:10,
how much can i borrow on 150k salary,10,MEDIUM,43,1.56,4.81,3.98,2025-SEPTEMBER:20;2025-OCTOBER:20;2025-NOVEMBER:20;2025-DECEMBER:10;2026-JANUARY:20;2026-FEBRUARY:10;2026-MARCH:20;2026-APRIL:20;2026-MAY:10;2026-JUNE:10;2026-JULY:10;2026-AUGUST:10,
kingston property market,10,LOW,8,0.0,0.0,0.0,2025-SEPTEMBER:10;2025-OCTOBER:10;2025-NOVEMBER:10;2025-DECEMBER:10;2026-JANUARY:10;2026-FEBRUARY:20;2026-MARCH:20;2026-APRIL:10;2026-MAY:10;2026-JUNE:10;2026-JULY:10;2026-AUGUST:10,
miles property management,10,LOW,16,0.0,0.0,3.03,2025-SEPTEMBER:20;2025-OCTOBER:10;2025-NOVEMBER:10;2025-DECEMBER:10;2026-JANUARY:10;2026-FEBRUARY:10;2026-MARCH:20;2026-APRIL:10;2026-MAY:10;2026-JUNE:10;2026-JULY:10;2026-AUGUST:10,
no commission real estate,10,HIGH,71,0.0,0.0,0.0,2025-SEPTEMBER:20;2025-OCTOBER:10;2025-NOVEMBER:10;2025-DECEMBER:10;2026-JANUARY:10;2026-FEBRUARY:10;2026-MARCH:10;2026-APRIL:20;2026-MAY:10;2026-JUNE:10;2026-JULY:10;2026-AUGUST:10,
qld stamp duty calculator osr,10,,,0.0,0.0,0.0,2025-SEPTEMBER:30;2025-OCTOBER:10;2025-NOVEMBER:10;2025-DECEMBER:0;2026-JANUARY:30;2026-FEBRUARY:10;2026-MARCH:10;2026-APRIL:10;2026-MAY:10;2026-JUNE:10;2026-JULY:10;2026-AUGUST:0,
rate estate agents,10,,,0.0,0.0,0.0,2025-SEPTEMBER:10;2025-OCTOBER:10;2025-NOVEMBER:10;2025-DECEMBER:0;2026-JANUARY:0;2026-FEBRUARY:0;2026-MARCH:10;2026-APRIL:0;2026-MAY:10;2026-JUNE:0;2026-JULY:10;2026-AUGUST:0,
real estate agents commission nsw,10,HIGH,68,3.21,9.88,6.7,2025-SEPTEMBER:10;2025-OCTOBER:10;2025-NOVEMBER:10;2025-DECEMBER:10;2026-JANUARY:10;2026-FEBRUARY:10;2026-MARCH:10;2026-APRIL:10;2026-MAY:10;2026-JUNE:10;2026-JULY:10;2026-AUGUST:10,
real estate fees melbourne,10,MEDIUM,43,0.0,0.0,0.0,2025-SEPTEMBER:10;2025-OCTOBER:10;2025-NOVEMBER:10;2025-DECEMBER:10;2026-JANUARY:10;2026-FEBRUARY:10;2026-MARCH:10;2026-APRIL:10;2026-MAY:10;2026-JUNE:10;2026-JULY:10;2026-AUGUST:10,
real estate fees selling house calculator,10,HIGH,86,0.0,0.0,5.37,2025-SEPTEMBER:10;2025-OCTOBER:10;2025-NOVEMBER:10;2025-DECEMBER:10;2026-JANUARY:10;2026-FEBRUARY:10;2026-MARCH:40;2026-APRIL:10;2026-MAY:10;2026-JUNE:10;2026-JULY:10;2026-AUGUST:10,
renovation costs gold coast,10,LOW,24,0.0,0.0,0.0,2025-SEPTEMBER:10;2025-OCTOBER:10;2025-NOVEMBER:10;2025-DECEMBER:10;2026-JANUARY:10;2026-FEBRUARY:0;2026-MARCH:10;2026-APRIL:0;2026-MAY:0;2026-JUNE:10;2026-JULY:0;2026-AUGUST:10,
strata title property settlements,10,,,0.0,0.0,0.0,2025-SEPTEMBER:10;2025-OCTOBER:10;2025-NOVEMBER:10;2025-DECEMBER:0;2026-JANUARY:10;2026-FEBRUARY:0;2026-MARCH:0;2026-APRIL:0;2026-MAY:10;2026-JUNE:10;2026-JULY:10;2026-AUGUST:0,
what house can i afford australia,10,,,0.0,0.0,0.0,2025-SEPTEMBER:20;2025-OCTOBER:10;2025-NOVEMBER:10;2025-DECEMBER:10;2026-JANUARY:10;2026-FEBRUARY:10;2026-MARCH:30;2026-APRIL:10;2026-MAY:10;2026-JUNE:10;2026-JULY:0;2026-AUGUST:0,
agent commission nsw,10,MEDIUM,38,0.0,0.0,0.0,2025-SEPTEMBER:10;2025-OCTOBER:20;2025-NOVEMBER:40;2025-DECEMBER:10;2026-JANUARY:10;2026-FEBRUARY:10;2026-MARCH:10;2026-APRIL:20;2026-MAY:10;2026-JUNE:10;2026-JULY:10;2026-AUGUST:10,agents commission nsw
anz calculator how much can i borrow,10,MEDIUM,49,1.32,9.02,10.85,2025-SEPTEMBER:10;2025-OCTOBER:10;2025-NOVEMBER:20;2025-DECEMBER:10;2026-JANUARY:10;2026-FEBRUARY:10;2026-MARCH:10;2026-APRIL:10;2026-MAY:10;2026-JUNE:10;2026-JULY:10;2026-AUGUST:10,
arundel population,10,LOW,0,0.0,0.0,0.0,2025-SEPTEMBER:10;2025-OCTOBER:10;2025-NOVEMBER:10;2025-DECEMBER:10;2026-JANUARY:10;2026-FEBRUARY:10;2026-MARCH:10;2026-APRIL:10;2026-MAY:10;2026-JUNE:10;2026-JULY:10;2026-AUGUST:10,
average house price frenchs forest,10,LOW,2,0.0,0.0,0.0,2025-SEPTEMBER:20;2025-OCTOBER:20;2025-NOVEMBER:10;2025-DECEMBER:20;2026-JANUARY:10;2026-FEBRUARY:20;2026-MARCH:10;2026-APRIL:10;2026-MAY:10;2026-JUNE:10;2026-JULY:10;2026-AUGUST:10,
best rental yield gold coast,10,LOW,29,0.0,0.0,0.0,2025-SEPTEMBER:10;2025-OCTOBER:10;2025-NOVEMBER:10;2025-DECEMBER:10;2026-JANUARY:10;2026-FEBRUARY:10;2026-MARCH:10;2026-APRIL:10;2026-MAY:10;2026-JUNE:10;2026-JULY:0;2026-AUGUST:10,
building renovation costs,10,LOW,26,0.0,0.0,5.96,2025-SEPTEMBER:10;2025-OCTOBER:10;2025-NOVEMBER:10;2025-DECEMBER:10;2026-JANUARY:0;2026-FEBRUARY:10;2026-MARCH:10;2026-APRIL:10;2026-MAY:10;2026-JUNE:10;2026-JULY:10;2026-AUGUST:10,
buyer agent commission percentage,10,,,0.0,0.0,0.0,2025-SEPTEMBER:0;2025-OCTOBER:10;2025-NOVEMBER:10;2025-DECEMBER:10;2026-JANUARY:0;2026-FEBRUARY:0;2026-MARCH:10;2026-APRIL:10;2026-MAY:10;2026-JUNE:0;2026-JULY:10;2026-AUGUST:0,
buyers agent lismore,10,MEDIUM,38,5.24,23.22,8.94,2025-SEPTEMBER:10;2025-OCTOBER:10;2025-NOVEMBER:10;2025-DECEMBER:10;2026-JANUARY:10;2026-FEBRUARY:10;2026-MARCH:20;2026-APRIL:10;2026-MAY:10;2026-JUNE:0;2026-JULY:10;2026-AUGUST:10,
buyers agent sandringham,10,LOW,0,0.0,0.0,0.0,2025-SEPTEMBER:10;2025-OCTOBER:0;2025-NOVEMBER:0;2025-DECEMBER:10;2026-JANUARY:10;2026-FEBRUARY:10;2026-MARCH:0;2026-APRIL:10;2026-MAY:10;2026-JUNE:20;2026-JULY:10;2026-AUGUST:10,
byron bay property growth,10,LOW,0,0.0,0.0,0.0,2025-SEPTEMBER:10;2025-OCTOBER:20;2025-NOVEMBER:10;2025-DECEMBER:10;2026-JANUARY:10;2026-FEBRUARY:10;2026-MARCH:30;2026-APRIL:10;2026-MAY:20;2026-JUNE:10;2026-JULY:10;2026-AUGUST:10,
cgt calculated on properties,10,,,0.0,0.0,0.0,2025-SEPTEMBER:0;2025-OCTOBER:0;2025-NOVEMBER:0;2025-DECEMBER:0;2026-JANUARY:0;2026-FEBRUARY:0;2026-MARCH:10;2026-APRIL:10;2026-MAY:10;2026-JUNE:0;2026-JULY:0;2026-AUGUST:0,
commercial investment property calculator,10,LOW,0,0.0,0.0,0.0,2025-SEPTEMBER:110;2025-OCTOBER:10;2025-NOVEMBER:10;2025-DECEMBER:0;2026-JANUARY:10;2026-FEBRUARY:10;2026-MARCH:10;2026-APRIL:10;2026-MAY:10;2026-JUNE:10;2026-JULY:10;2026-AUGUST:10,
commission kickback rate,10,LOW,0,0.0,0.0,0.0,2025-SEPTEMBER:0;2025-OCTOBER:0;2025-NOVEMBER:0;2025-DECEMBER:0;2026-JANUARY:0;2026-FEBRUARY:10;2026-MARCH:10;2026-APRIL:10;2026-MAY:0;2026-JUNE:10;2026-JULY:10;2026-AUGUST:10,
cost of selling a house through an estate agent,10,,,0.0,0.0,0.0,2025-SEPTEMBER:0;2025-OCTOBER:0;2025-NOVEMBER:0;2025-DECEMBER:0;2026-JANUARY:0;2026-FEBRUARY:0;2026-MARCH:0;2026-APRIL:0;2026-MAY:10;2026-JUNE:0;2026-JULY:0;2026-AUGUST:0,
dale district,10,LOW,0,0.0,0.0,0.0,2025-SEPTEMBER:10;2025-OCTOBER:0;2025-NOVEMBER:10;2025-DECEMBER:10;2026-JANUARY:10;2026-FEBRUARY:0;2026-MARCH:10;2026-APRIL:10;2026-MAY:10;2026-JUNE:10;2026-JULY:10;2026-AUGUST:10,
deepdene real estate agents,10,LOW,0,0.0,0.0,0.0,2025-SEPTEMBER:0;2025-OCTOBER:10;2025-NOVEMBER:0;2025-DECEMBER:0;2026-JANUARY:10;2026-FEBRUARY:0;2026-MARCH:0;2026-APRIL:0;2026-MAY:10;2026-JUNE:0;2026-JULY:0;2026-AUGUST:10,
surfers paradise population 2026,10,LOW,0,0.0,0.0,0.0,2025-SEPTEMBER:0;2025-OCTOBER:0;2025-NOVEMBER:0;2025-DECEMBER:0;2026-JANUARY:0;2026-FEBRUARY:0;2026-MARCH:0;2026-APRIL:0;2026-MAY:0;2026-JUNE:20;2026-JULY:30;2026-AUGUST:30,
hazelmere postcode wa,10,LOW,0,0.0,0.0,0.0,2025-SEPTEMBER:0;2025-OCTOBER:0;2025-NOVEMBER:0;2025-DECEMBER:0;2026-JANUARY:0;2026-FEBRUARY:0;2026-MARCH:0;2026-APRIL:0;2026-MAY:0;2026-JUNE:0;2026-JULY:30;2026-AUGUST:50,
nsw 2027 postcode,10,LOW,0,0.0,0.0,0.0,2025-SEPTEMBER:10;2025-OCTOBER:10;2025-NOVEMBER:10;2025-DECEMBER:10;2026-JANUARY:10;2026-FEBRUARY:10;2026-MARCH:20;2026-APRIL:10;2026-MAY:10;2026-JUNE:10;2026-JULY:20;2026-AUGUST:10,
postcode 3072 victoria,10,LOW,0,0.0,0.0,0.0,2025-SEPTEMBER:0;2025-OCTOBER:0;2025-NOVEMBER:0;2025-DECEMBER:0;2026-JANUARY:0;2026-FEBRUARY:0;2026-MARCH:0;2026-APRIL:0;2026-MAY:0;2026-JUNE:20;2026-JULY:20;2026-AUGUST:10,
acacia ridge postal code,10,LOW,0,0.0,0.0,0.0,2025-SEPTEMBER:20;2025-OCTOBER:10;2025-NOVEMBER:10;2025-DECEMBER:10;2026-JANUARY:10;2026-FEBRUARY:10;2026-MARCH:10;2026-APRIL:10;2026-MAY:10;2026-JUNE:20;2026-JULY:10;2026-AUGUST:20,
annandale crime rate,10,LOW,0,0.0,0.0,0.0,2025-SEPTEMBER:10;2025-OCTOBER:10;2025-NOVEMBER:10;2025-DECEMBER:10;2026-JANUARY:10;2026-FEBRUARY:10;2026-MARCH:10;2026-APRIL:10;2026-MAY:10;2026-JUNE:10;2026-JULY:10;2026-AUGUST:10,
buyers agent summer hill,10,MEDIUM,46,0.0,0.0,0.0,2025-SEPTEMBER:30;2025-OCTOBER:30;2025-NOVEMBER:10;2025-DECEMBER:10;2026-JANUARY:10;2026-FEBRUARY:10;2026-MARCH:10;2026-APRIL:10;2026-MAY:10;2026-JUNE:10;2026-JULY:0;2026-AUGUST:10,
doreen postal code,10,LOW,0,0.0,0.0,0.0,2025-SEPTEMBER:0;2025-OCTOBER:0;2025-NOVEMBER:0;2025-DECEMBER:0;2026-JANUARY:0;2026-FEBRUARY:0;2026-MARCH:20;2026-APRIL:20;2026-MAY:20;2026-JUNE:10;2026-JULY:20;2026-AUGUST:10,
first home guarantee 2023 24,10,,,0.0,0.0,0.0,2025-SEPTEMBER:10;2025-OCTOBER:0;2025-NOVEMBER:10;2025-DECEMBER:0;2026-JANUARY:10;2026-FEBRUARY:10;2026-MARCH:0;2026-APRIL:20;2026-MAY:0;2026-JUNE:10;2026-JULY:10;2026-AUGUST:0,first home guarantee 2023-24
hawthorn property growth,10,LOW,0,0.0,0.0,0.0,2025-SEPTEMBER:10;2025-OCTOBER:10;2025-NOVEMBER:10;2025-DECEMBER:10;2026-JANUARY:10;2026-FEBRUARY:10;2026-MARCH:30;2026-APRIL:10;2026-MAY:10;2026-JUNE:10;2026-JULY:10;2026-AUGUST:10,
home buyer agent fees,10,LOW,9,0.0,0.0,0.0,2025-SEPTEMBER:0;2025-OCTOBER:10;2025-NOVEMBER:10;2025-DECEMBER:10;2026-JANUARY:10;2026-FEBRUARY:10;2026-MARCH:10;2026-APRIL:10;2026-MAY:10;2026-JUNE:10;2026-JULY:10;2026-AUGUST:10,
house appraisal tips,10,MEDIUM,43,0.0,0.0,0.0,2025-SEPTEMBER:90;2025-OCTOBER:10;2025-NOVEMBER:0;2025-DECEMBER:10;2026-JANUARY:10;2026-FEBRUARY:0;2026-MARCH:10;2026-APRIL:10;2026-MAY:10;2026-JUNE:0;2026-JULY:0;2026-AUGUST:10,
how much does apartment renovation cost,10,,,0.0,0.0,0.0,2025-SEPTEMBER:20;2025-OCTOBER:10;2025-NOVEMBER:10;2025-DECEMBER:10;2026-JANUARY:10;2026-FEBRUARY:10;2026-MARCH:10;2026-APRIL:10;2026-MAY:10;2026-JUNE:0;2026-JULY:10;2026-AUGUST:0,
how to find a buyer's agent,10,MEDIUM,47,11.62,35.89,43.47,2025-SEPTEMBER:20;2025-OCTOBER:20;2025-NOVEMBER:30;2025-DECEMBER:10;2026-JANUARY:20;2026-FEBRUARY:20;2026-MARCH:10;2026-APRIL:10;2026-MAY:10;2026-JUNE:10;2026-JULY:10;2026-AUGUST:10,
kalgoorlie property market 2018,10,,,0.0,0.0,0.0,2025-SEPTEMBER:10;2025-OCTOBER:10;2025-NOVEMBER:10;2025-DECEMBER:0;2026-JANUARY:0;2026-FEBRUARY:10;2026-MARCH:20;2026-APRIL:10;2026-MAY:10;2026-JUNE:10;2026-JULY:10;2026-AUGUST:0,
kanpa australia,10,LOW,0,0.0,0.0,0.0,2025-SEPTEMBER:10;2025-OCTOBER:10;2025-NOVEMBER:10;2025-DECEMBER:20;2026-JANUARY:20;2026-FEBRUARY:10;2026-MARCH:10;2026-APRIL:10;2026-MAY:10;2026-JUNE:10;2026-JULY:10;2026-AUGUST:10,
lien on a title,10,LOW,0,0.0,0.0,0.0,2025-SEPTEMBER:90;2025-OCTOBER:10;2025-NOVEMBER:10;2025-DECEMBER:10;2026-JANUARY:10;2026-FEBRUARY:10;2026-MARCH:10;2026-APRIL:10;2026-MAY:10;2026-JUNE:10;2026-JULY:10;2026-AUGUST:10,
merrimac suburb review,10,LOW,0,0.0,0.0,0.0,2025-SEPTEMBER:0;2025-OCTOBER:10;2025-NOVEMBER:10;2025-DECEMBER:10;2026-JANUARY:0;2026-FEBRUARY:10;2026-MARCH:0;2026-APRIL:10;2026-MAY:0;2026-JUNE:10;2026-JULY:10;2026-AUGUST:10,
mortgage qualification calculator,10,HIGH,86,0.0,0.0,0.0,2025-SEPTEMBER:10;2025-OCTOBER:10;2025-NOVEMBER:10;2025-DECEMBER:10;2026-JANUARY:10;2026-FEBRUARY:10;2026-MARCH:10;2026-APRIL:10;2026-MAY:10;2026-JUNE:10;2026-JULY:10;2026-AUGUST:10,
price bidder australia,10,,,0.0,0.0,0.0,2025-SEPTEMBER:10;2025-OCTOBER:0;2025-NOVEMBER:0;2025-DECEMBER:0;2026-JANUARY:0;2026-FEBRUARY:0;2026-MARCH:0;2026-APRIL:0;2026-MAY:0;2026-JUNE:0;2026-JULY:0;2026-AUGUST:0,
property loan eligibility calculator,10,,,0.0,0.0,0.0,2025-SEPTEMBER:0;2025-OCTOBER:10;2025-NOVEMBER:0;2025-DECEMBER:10;2026-JANUARY:10;2026-FEBRUARY:10;2026-MARCH:10;2026-APRIL:10;2026-MAY:10;2026-JUNE:0;2026-JULY:0;2026-AUGUST:0,
real estate agent selling fees canberra,10,LOW,0,0.0,0.0,0.0,2025-SEPTEMBER:0;2025-OCTOBER:10;2025-NOVEMBER:0;2025-DECEMBER:10;2026-JANUARY:10;2026-FEBRUARY:0;2026-MARCH:10;2026-APRIL:0;2026-MAY:10;2026-JUNE:10;2026-JULY:0;2026-AUGUST:10,
real estate agents goodna,10,MEDIUM,33,0.0,0.0,0.0,2025-SEPTEMBER:10;2025-OCTOBER:10;2025-NOVEMBER:10;2025-DECEMBER:10;2026-JANUARY:20;2026-FEBRUARY:10;2026-MARCH:10;2026-APRIL:10;2026-MAY:10;2026-JUNE:20;2026-JULY:10;2026-AUGUST:10,
real estate commission canberra,10,MEDIUM,43,0.0,0.0,27.71,2025-SEPTEMBER:10;2025-OCTOBER:10;2025-NOVEMBER:10;2025-DECEMBER:10;2026-JANUARY:10;2026-FEBRUARY:10;2026-MARCH:10;2026-APRIL:10;2026-MAY:10;2026-JUNE:10;2026-JULY:10;2026-AUGUST:10,
rental appraisal wantirna south,10,,,0.0,0.0,0.0,2025-SEPTEMBER:0;2025-OCTOBER:0;2025-NOVEMBER:0;2025-DECEMBER:0;2026-JANUARY:0;2026-FEBRUARY:0;2026-MARCH:0;2026-APRIL:10;2026-MAY:10;2026-JUNE:0;2026-JULY:0;2026-AUGUST:0,
restrictive covenants property,10,LOW,0,0.0,0.0,0.0,2025-SEPTEMBER:90;2025-OCTOBER:10;2025-NOVEMBER:10;2025-DECEMBER:10;2026-JANUARY:10;2026-FEBRUARY:10;2026-MARCH:10;2026-APRIL:10;2026-MAY:10;2026-JUNE:10;2026-JULY:10;2026-AUGUST:10,
sell my house privately australia,10,MEDIUM,39,3.07,11.96,6.05,2025-SEPTEMBER:10;2025-OCTOBER:10;2025-NOVEMBER:0;2025-DECEMBER:10;2026-JANUARY:10;2026-FEBRUARY:10;2026-MARCH:10;2026-APRIL:10;2026-MAY:10;2026-JUNE:10;2026-JULY:10;2026-AUGUST:10,
selling your home costs calculator,10,,,0.0,0.0,0.0,2025-SEPTEMBER:10;2025-OCTOBER:0;2025-NOVEMBER:10;2025-DECEMBER:0;2026-JANUARY:10;2026-FEBRUARY:10;2026-MARCH:10;2026-APRIL:0;2026-MAY:0;2026-JUNE:10;2026-JULY:10;2026-AUGUST:0,
settlement agent fees calculator wa,10,MEDIUM,54,2.54,6.43,4.56,2025-SEPTEMBER:10;2025-OCTOBER:10;2025-NOVEMBER:10;2025-DECEMBER:20;2026-JANUARY:20;2026-FEBRUARY:10;2026-MARCH:20;2026-APRIL:20;2026-MAY:10;2026-JUNE:20;2026-JULY:10;2026-AUGUST:10,
tresco population,10,LOW,0,0.0,0.0,0.0,2025-SEPTEMBER:10;2025-OCTOBER:0;2025-NOVEMBER:10;2025-DECEMBER:0;2026-JANUARY:10;2026-FEBRUARY:10;2026-MARCH:10;2026-APRIL:10;2026-MAY:10;2026-JUNE:10;2026-JULY:10;2026-AUGUST:10,
what is my house worth to rent,10,,,0.0,0.0,0.0,2025-SEPTEMBER:10;2025-OCTOBER:10;2025-NOVEMBER:10;2025-DECEMBER:10;2026-JANUARY:20;2026-FEBRUARY:10;2026-MARCH:0;2026-APRIL:10;2026-MAY:10;2026-JUNE:10;2026-JULY:10;2026-AUGUST:0,
what percentage do real estate agents charge in nsw,10,HIGH,71,0.0,0.0,7.98,2025-SEPTEMBER:10;2025-OCTOBER:10;2025-NOVEMBER:10;2025-DECEMBER:10;2026-JANUARY:10;2026-FEBRUARY:10;2026-MARCH:10;2026-APRIL:10;2026-MAY:10;2026-JUNE:0;2026-JULY:10;2026-AUGUST:10,
withdraw super for house deposit 2023,10,,,0.0,0.0,0.0,2025-SEPTEMBER:0;2025-OCTOBER:0;2025-NOVEMBER:0;2025-DECEMBER:0;2026-JANUARY:0;2026-FEBRUARY:10;2026-MARCH:0;2026-APRIL:10;2026-MAY:0;2026-JUNE:10;2026-JULY:0;2026-AUGUST:0,
wollongong rental market,10,LOW,29,0.0,0.0,0.0,2025-SEPTEMBER:10;2025-OCTOBER:20;2025-NOVEMBER:10;2025-DECEMBER:10;2026-JANUARY:10;2026-FEBRUARY:10;2026-MARCH:40;2026-APRIL:10;2026-MAY:10;2026-JUNE:10;2026-JULY:10;2026-AUGUST:10,
4118 postal code,10,,,0.0,0.0,0.0,2025-SEPTEMBER:0;2025-OCTOBER:0;2025-NOVEMBER:0;2025-DECEMBER:0;2026-JANUARY:10;2026-FEBRUARY:0;2026-MARCH:10;2026-APRIL:0;2026-MAY:0;2026-JUNE:0;2026-JULY:10;2026-AUGUST:0,
4556 buderim,10,LOW,0,0.0,0.0,0.0,2025-SEPTEMBER:10;2025-OCTOBER:10;2025-NOVEMBER:10;2025-DECEMBER:20;2026-JANUARY:20;2026-FEBRUARY:10;2026-MARCH:20;2026-APRIL:20;2026-MAY:10;2026-JUNE:10;2026-JULY:20;2026-AUGUST:10,
agent fees 2016,10,,,0.0,0.0,0.0,2025-SEPTEMBER:0;2025-OCTOBER:0;2025-NOVEMBER:0;2025-DECEMBER:10;2026-JANUARY:10;2026-FEBRUARY:10;2026-MARCH:10;2026-APRIL:10;2026-MAY:10;2026-JUNE:0;2026-JULY:0;2026-AUGUST:0,
ardeer property growth,10,,,0.0,0.0,0.0,2025-SEPTEMBER:20;2025-OCTOBER:20;2025-NOVEMBER:10;2025-DECEMBER:10;2026-JANUARY:10;2026-FEBRUARY:20;2026-MARCH:20;2026-APRIL:10;2026-MAY:20;2026-JUNE:10;2026-JULY:10;2026-AUGUST:0,
banks postcode act,10,LOW,0,0.0,0.0,0.0,2025-SEPTEMBER:10;2025-OCTOBER:10;2025-NOVEMBER:10;2025-DECEMBER:10;2026-JANUARY:10;2026-FEBRUARY:10;2026-MARCH:10;2026-APRIL:10;2026-MAY:10;2026-JUNE:10;2026-JULY:20;2026-AUGUST:20,
beacon population,10,LOW,0,0.0,0.0,0.0,2025-SEPTEMBER:10;2025-OCTOBER:10;2025-NOVEMBER:10;2025-DECEMBER:10;2026-JANUARY:10;2026-FEBRUARY:10;2026-MARCH:10;2026-APRIL:10;2026-MAY:10;2026-JUNE:10;2026-JULY:10;2026-AUGUST:10,
belgrave property market,10,LOW,14,0.0,0.0,0.0,2025-SEPTEMBER:10;2025-OCTOBER:10;2025-NOVEMBER:10;2025-DECEMBER:0;2026-JANUARY:10;2026-FEBRUARY:20;2026-MARCH:30;2026-APRIL:10;2026-MAY:10;2026-JUNE:10;2026-JULY:10;2026-AUGUST:10,
buyers agent commission rate,10,,,0.0,0.0,0.0,2025-SEPTEMBER:10;2025-OCTOBER:10;2025-NOVEMBER:0;2025-DECEMBER:10;2026-JANUARY:10;2026-FEBRUARY:10;2026-MARCH:10;2026-APRIL:10;2026-MAY:10;2026-JUNE:10;2026-JULY:10;2026-AUGUST:0,
buyers agent elwood,10,,,0.0,0.0,0.0,2025-SEPTEMBER:10;2025-OCTOBER:10;2025-NOVEMBER:0;2025-DECEMBER:10;2026-JANUARY:10;2026-FEBRUARY:10;2026-MARCH:0;2026-APRIL:10;2026-MAY:10;2026-JUNE:10;2026-JULY:10;2026-AUGUST:0,
marcoola postcode australia,10,LOW,0,0.0,0.0,0.0,2025-SEPTEMBER:0;2025-OCTOBER:0;2025-NOVEMBER:0;2025-DECEMBER:0;2026-JANUARY:0;2026-FEBRUARY:0;2026-MARCH:0;2026-APRIL:0;2026-MAY:0;2026-JUNE:0;2026-JULY:0;2026-AUGUST:30,
moving affordability calculator,10,LOW,0,0.0,0.0,0.0,2025-SEPTEMBER:0;2025-OCTOBER:0;2025-NOVEMBER:0;2025-DECEMBER:0;2026-JANUARY:0;2026-FEBRUARY:0;2026-MARCH:0;2026-APRIL:0;2026-MAY:0;2026-JUNE:0;2026-JULY:0;2026-AUGUST:50,
postcode 4556 qld,10,LOW,0,0.0,0.0,0.0,2025-SEPTEMBER:0;2025-OCTOBER:0;2025-NOVEMBER:20;2025-DECEMBER:20;2026-JANUARY:20;2026-FEBRUARY:20;2026-MARCH:10;2026-APRIL:10;2026-MAY:40;2026-JUNE:10;2026-JULY:20;2026-AUGUST:10,
st peters postcode adelaide,10,LOW,0,0.0,0.0,0.0,2025-SEPTEMBER:0;2025-OCTOBER:0;2025-NOVEMBER:0;2025-DECEMBER:0;2026-JANUARY:0;2026-FEBRUARY:0;2026-MARCH:0;2026-APRIL:0;2026-MAY:0;2026-JUNE:0;2026-JULY:0;2026-AUGUST:30,
stanmore buyers agent,10,,,0.0,0.0,0.0,2025-SEPTEMBER:20;2025-OCTOBER:20;2025-NOVEMBER:20;2025-DECEMBER:10;2026-JANUARY:10;2026-FEBRUARY:10;2026-MARCH:10;2026-APRIL:10;2026-MAY:10;2026-JUNE:0;2026-JULY:0;2026-AUGUST:0,
walkerville postcode sa,10,LOW,0,0.0,0.0,0.0,2025-SEPTEMBER:0;2025-OCTOBER:0;2025-NOVEMBER:0;2025-DECEMBER:0;2026-JANUARY:0;2026-FEBRUARY:0;2026-MARCH:0;2026-APRIL:0;2026-MAY:30;2026-JUNE:20;2026-JULY:20;2026-AUGUST:30,
2113 postcode sydney,10,LOW,0,0.0,0.0,0.0,2025-SEPTEMBER:0;2025-OCTOBER:0;2025-NOVEMBER:0;2025-DECEMBER:0;2026-JANUARY:0;2026-FEBRUARY:0;2026-MARCH:0;2026-APRIL:0;2026-MAY:0;2026-JUNE:0;2026-JULY:0;2026-AUGUST:20,
2170 postal code,10,LOW,0,0.0,0.0,0.0,2025-SEPTEMBER:10;2025-OCTOBER:10;2025-NOVEMBER:10;2025-DECEMBER:10;2026-JANUARY:10;2026-FEBRUARY:10;2026-MARCH:10;2026-APRIL:10;2026-MAY:10;2026-JUNE:10;2026-JULY:10;2026-AUGUST:10,
2316 zip code,10,,,0.0,0.0,0.0,2025-SEPTEMBER:0;2025-OCTOBER:0;2025-NOVEMBER:0;2025-DECEMBER:0;2026-JANUARY:10;2026-FEBRUARY:0;2026-MARCH:0;2026-APRIL:0;2026-MAY:0;2026-JUNE:0;2026-JULY:10;2026-AUGUST:0,
3024 suburb,10,LOW,0,0.0,0.0,0.0,2025-SEPTEMBER:30;2025-OCTOBER:20;2025-NOVEMBER:10;2025-DECEMBER:20;2026-JANUARY:20;2026-FEBRUARY:10;2026-MARCH:10;2026-APRIL:10;2026-MAY:20;2026-JUNE:10;2026-JULY:10;2026-AUGUST:20,
3142 vic,10,LOW,0,0.0,0.0,0.0,2025-SEPTEMBER:10;2025-OCTOBER:10;2025-NOVEMBER:10;2025-DECEMBER:10;2026-JANUARY:10;2026-FEBRUARY:20;2026-MARCH:20;2026-APRIL:10;2026-MAY:20;2026-JUNE:10;2026-JULY:10;2026-AUGUST:20,
angle vale postcode sa,10,LOW,0,0.0,0.0,0.0,2025-SEPTEMBER:0;2025-OCTOBER:0;2025-NOVEMBER:0;2025-DECEMBER:20;2026-JANUARY:20;2026-FEBRUARY:20;2026-MARCH:20;2026-APRIL:20;2026-MAY:10;2026-JUNE:20;2026-JULY:20;2026-AUGUST:20,
canning vale property growth,10,,,0.0,0.0,0.0,2025-SEPTEMBER:10;2025-OCTOBER:20;2025-NOVEMBER:20;2025-DECEMBER:10;2026-JANUARY:10;2026-FEBRUARY:10;2026-MARCH:20;2026-APRIL:10;2026-MAY:10;2026-JUNE:10;2026-JULY:10;2026-AUGUST:0,
carina property growth,10,LOW,0,0.0,0.0,0.0,2025-SEPTEMBER:20;2025-OCTOBER:20;2025-NOVEMBER:10;2025-DECEMBER:10;2026-JANUARY:10;2026-FEBRUARY:20;2026-MARCH:30;2026-APRIL:20;2026-MAY:20;2026-JUNE:10;2026-JULY:10;2026-AUGUST:10,
cessnock real estate market,10,,,0.0,0.0,0.0,2025-SEPTEMBER:10;2025-OCTOBER:10;2025-NOVEMBER:10;2025-DECEMBER:0;2026-JANUARY:10;2026-FEBRUARY:10;2026-MARCH:30;2026-APRIL:10;2026-MAY:10;2026-JUNE:0;2026-JULY:10;2026-AUGUST:0,
chipping norton postcode nsw,10,LOW,0,0.0,0.0,0.0,2025-SEPTEMBER:10;2025-OCTOBER:10;2025-NOVEMBER:20;2025-DECEMBER:20;2026-JANUARY:10;2026-FEBRUARY:10;2026-MARCH:20;2026-APRIL:10;2026-MAY:10;2026-JUNE:20;2026-JULY:10;2026-AUGUST:10,
how to work out property yield calculator,0,,,0.0,0.0,0.0,2025-SEPTEMBER:0;2025-OCTOBER:0;2025-NOVEMBER:0;2025-DECEMBER:0;2026-JANUARY:0;2026-FEBRUARY:0;2026-MARCH:0;2026-APRIL:0;2026-MAY:0;2026-JUNE:0;2026-JULY:0;2026-AUGUST:0,
nedlands rental yield,0,,,0.0,0.0,0.0,,
rental appraisal port hedland,0,,,0.0,0.0,0.0,,
rental report brisbane,0,,,0.0,0.0,0.0,,
centre of excellence in agricultural education school suburb state australia address,0,,,0.0,0.0,0.0,,
camillo median rent,0,,,0.0,0.0,0.0,,
trinity catholic college school suburb state australia address,0,,,0.0,0.0,0.0,,
3a willowie road castle cove nsw 2069,0,,,0.0,0.0,0.0,,
suburb growth rates wa,0,,,0.0,0.0,0.0,,
bankstown property appraisal,0,,,0.0,0.0,0.0,,
nedlands rental investment,0,,,0.0,0.0,0.0,,
brighton sa rental yield,0,,,0.0,0.0,0.0,,
real estate agent goodna dc,0,,,0.0,0.0,0.0,,
darch rental investment,0,,,0.0,0.0,0.0,,
canberra suburbs median property prices latest,0,,,0.0,0.0,0.0,,
canberra property market value report,0,,,0.0,0.0,0.0,,
floreat rental investment,0,,,0.0,0.0,0.0,,
joondalup rental investment,0,,,0.0,0.0,0.0,,
landsdale rental investment,0,,,0.0,0.0,0.0,,
first home buyer guide nsw government schemes,0,,,0.0,0.0,0.0,,first home buyer guide - nsw government schemes
rental estimate canberra,0,,,0.0,0.0,0.0,,
churchlands rental investment,0,,,0.0,0.0,0.0,,
canberra property value estimate,0,,,0.0,0.0,0.0,,
rental yields in mount gambier sa,0,,,0.0,0.0,0.0,,"rental yields in mount gambier, sa"
1 68 coates street mount louisa qld 4814,0,,,0.0,0.0,0.0,,1/68 coates street mount louisa qld 4814
mortgage brokers baldersleigh,0,,,0.0,0.0,0.0,,
1 19 gildan street balwyn north vic 3104,0,,,0.0,0.0,0.0,,1/19 gildan street balwyn north vic 3104
938 mountain ash road gundary nsw 2580,0,,,0.0,0.0,0.0,,
innaloo rental investment,0,,,0.0,0.0,0.0,,
property management murdoch,0,,,0.0,0.0,0.0,,
calculate rental yield perth,0,,,0.0,0.0,0.0,,
10 obryans road hallston vic 3953,0,,,0.0,0.0,0.0,,
high rental yields in geraldton,0,,,0.0,0.0,0.0,,
property management fees goodna,0,,,0.0,0.0,0.0,,
ocean reef rental investment,0,,,0.0,0.0,0.0,,
investment secondary dwellings qld,0,,,0.0,0.0,0.0,,
rent reviews picton,0,,,0.0,0.0,0.0,,
rent reviews davidson,0,,,0.0,0.0,0.0,,
rental appraisal act,0,,,0.0,0.0,0.0,,
karrinyup rental investment,0,,,0.0,0.0,0.0,,
rent reviews tahmoor,0,,,0.0,0.0,0.0,,
secondary dwelling sa,0,,,0.0,0.0,0.0,,
str in burwood east,0,,,0.0,0.0,0.0,,
appraisal for rent canberra,0,,,0.0,0.0,0.0,,
property buying process in victoria,0,,,0.0,0.0,0.0,,
sinagra rental investment,0,,,0.0,0.0,0.0,,
mortgage brokers atitjere,0,,,0.0,0.0,0.0,,
beverley hills primary school zone,0,,,0.0,0.0,0.0,,
melbourne vs australia house price growth,0,,,0.0,0.0,0.0,,
albany senior high school boys enrolment,0,,,0.0,0.0,0.0,,"""albany senior high school"" ""boys enrolment"""
brighton sa days on market,0,,,0.0,0.0,0.0,,
rental appraisal scarborough 4020,0,,,0.0,0.0,0.0,,
ironside primary school catchment area,0,,,0.0,0.0,0.0,,
first home buyer house and land nsw,0,,,0.0,0.0,0.0,,
mortgage brokers crooked brook,0,,,0.0,0.0,0.0,,
tenant screening canberra,0,,,0.0,0.0,0.0,,
postcode buderim 4556,0,,,0.0,0.0,0.0,,
property management haynes,0,,,0.0,0.0,0.0,,
49 inkerman street burren junction nsw 2386,0,,,0.0,0.0,0.0,,
how to vet a property developer australia,0,,,0.0,0.0,0.0,,
conveyancers kyalite,0,,,0.0,0.0,0.0,,
wanneroo rental investment,0,,,0.0,0.0,0.0,,
1 1 bowen street st helens tas 7216,0,,,0.0,0.0,0.0,,1/1 bowen street st helens tas 7216
boondall average property price,0,,,0.0,0.0,0.0,,
203 81 harbour street haymarket nsw 2000,0,,,0.0,0.0,0.0,,203/81 harbour street haymarket nsw 2000
chermside west rental yield,0,,,0.0,0.0,0.0,,
doubleview rental investment,0,,,0.0,0.0,0.0,,
brighton sa capital growth 5 years,0,,,0.0,0.0,0.0,,
private school exam eastwood,0,,,0.0,0.0,0.0,,
strathfield girls high school catchment,0,,,0.0,0.0,0.0,,strathfield girl high school catchment
albany senior high school student enrolments,0,,,0.0,0.0,0.0,,"""albany senior high school"" ""student enrolments"""
4018 postcode brisbane,0,,,0.0,0.0,0.0,,
algester state school catchment,0,,,0.0,0.0,0.0,,
rent or buy property north shore,0,,,0.0,0.0,0.0,,
4 49 tulip lane buderim qld 4556,0,,,0.0,0.0,0.0,,4/49 tulip lane buderim qld 4556
qld first home buyer property,0,,,0.0,0.0,0.0,,
everton park rental growth,0,,,0.0,0.0,0.0,,
devonport median house prices,0,,,0.0,0.0,0.0,,
rental appraisal karratha,0,,,0.0,0.0,0.0,,
rental appraisal newport 4020,0,,,0.0,0.0,0.0,,
,0,,,0.0,0.0,0.0,,site:www.yourpropertyguide.com.au
upgrade or downsize your home,0,,,0.0,0.0,0.0,,
wynnum west dt,0,,,0.0,0.0,0.0,,
gst property specialist,0,,,0.0,0.0,0.0,,
private school entrance exam eastwood,0,,,0.0,0.0,0.0,,
property value ipswich qld,0,,,0.0,0.0,0.0,,
what are the most affordable suburbs to buy in perth,0,,,0.0,0.0,0.0,,
which clyde estate has the best schools,0,,,0.0,0.0,0.0,,
campbell high school catchment area,0,,,0.0,0.0,0.0,,
strathfield girl high school catchment,0,,,0.0,0.0,0.0,,
townsville rental appraisal,0,,,0.0,0.0,0.0,,
which perth suburbs have high rental yield,0,,,0.0,0.0,0.0,,
45 murray farm road carlingford nsw 2118,0,,,0.0,0.0,0.0,,
epping boys high school catchment,0,,,0.0,0.0,0.0,,
free property appraisal wollert,0,,,0.0,0.0,0.0,,
rental appraisal dampier,0,,,0.0,0.0,0.0,,
gosford east public school catchment,0,,,0.0,0.0,0.0,,
rental appraisal medowie,0,,,0.0,0.0,0.0,,
commission on selling a house brighton,0,,,0.0,0.0,0.0,,
granny flat investment qld,0,,,0.0,0.0,0.0,,
rental appraisal tom price,0,,,0.0,0.0,0.0,,
what schools are near riverfield estate,0,,,0.0,0.0,0.0,,
albany senior high school 48116,0,,,0.0,0.0,0.0,,"""albany-senior-high-school-48116"""
3221 postcode melbourne,0,,,0.0,0.0,0.0,,
bondi beach suburb score,0,,,0.0,0.0,0.0,,
regional property markets in wa,0,,,0.0,0.0,0.0,,
rent determination dandenong,0,,,0.0,0.0,0.0,,
rent reviews wollongong,0,,,0.0,0.0,0.0,,
rental appraisals strathpine,0,,,0.0,0.0,0.0,,
rental property review hobart,0,,,0.0,0.0,0.0,,
springfield high school qld,0,,,0.0,0.0,0.0,,
str in melton,0,,,0.0,0.0,0.0,,
tell me about scaddan,0,,,0.0,0.0,0.0,,tell me about scaddan?
what suburbs have good family homes near schools,0,,,0.0,0.0,0.0,,
yes,0,,,0.0,0.0,0.0,,
11 stockyard heights drive stockyard qld 4703,0,,,0.0,0.0,0.0,,
7 high street bugaldie nsw 2357,0,,,0.0,0.0,0.0,,
borrowing power calculator brisbane,0,,,0.0,0.0,0.0,,
granny flat investment property queensland,0,,,0.0,0.0,0.0,,
morayfield postal code,0,,,0.0,0.0,0.0,,
tenant rights after sale victoria,0,,,0.0,0.0,0.0,,
greater college park,0,,,0.0,0.0,0.0,,
south melbourne rental yield,0,,,0.0,0.0,0.0,,
what postcode is 2043,0,,,0.0,0.0,0.0,,
631 mardan road koorooman vic 3953,0,,,0.0,0.0,0.0,,
brighton sa capital growth,0,,,0.0,0.0,0.0,,
port melbourne rental yield,0,,,0.0,0.0,0.0,,
tullimbar postcode nsw,0,,,0.0,0.0,0.0,,
what is the capital growth of surfers paradise,0,,,0.0,0.0,0.0,,
what suburb is 5070,0,,,0.0,0.0,0.0,,what suburb is 5070?
2830 postcode nsw,0,,,0.0,0.0,0.0,,
banksia postcode nsw,0,,,0.0,0.0,0.0,,
college park postal code,0,,,0.0,0.0,0.0,,
free stamp duty calculator online in brighton,0,,,0.0,0.0,0.0,,
high yield rental suburbs adelaide,0,,,0.0,0.0,0.0,,high-yield rental suburbs adelaide
property management fees petrie,0,,,0.0,0.0,0.0,,
property valuation castle hill,0,,,0.0,0.0,0.0,,
vacancy rate property manager petrie,0,,,0.0,0.0,0.0,,
what are the typical costs for full property staging in sydney,0,,,0.0,0.0,0.0,,what are the typical costs for full property staging in sydney?
bayview state school catchment area,0,,,0.0,0.0,0.0,,
chermside west rental growth,0,,,0.0,0.0,0.0,,
commission on selling a house bracken ridge,0,,,0.0,0.0,0.0,,
conveyancer kronkup,0,,,0.0,0.0,0.0,,
glenmore road public school catchment area,0,,,0.0,0.0,0.0,,
house valuation flinders view,0,,,0.0,0.0,0.0,,
how much can i borrow brisbane,0,,,0.0,0.0,0.0,,
postcode 2283 nsw,0,,,0.0,0.0,0.0,,
property valuation glenmore park,0,,,0.0,0.0,0.0,,
rent reviews bankstown,0,,,0.0,0.0,0.0,,
rental appraisal bentley,0,,,0.0,0.0,0.0,,
rental appraisal cooktown,0,,,0.0,0.0,0.0,,
st helena suburb profile,0,,,0.0,0.0,0.0,,
suburb comparison australia,0,,,0.0,0.0,0.0,,
the ins and outs of rent collection in surfers paradise,0,,,0.0,0.0,0.0,,
the ponds high school catchment for rent,0,,,0.0,0.0,0.0,,
tom price property management,0,,,0.0,0.0,0.0,,
what mortgage could i afford,0,,,0.0,0.0,0.0,,
48116 albany senior high school boys,0,,,0.0,0.0,0.0,,"""48116"" ""albany senior high school"" boys"
2a moulder street orange nsw 2800,0,,,0.0,0.0,0.0,,
downsizing homes australi,0,,,0.0,0.0,0.0,,
heatherbrae dt,0,,,0.0,0.0,0.0,,
house valuation wingecarribee shire,0,,,0.0,0.0,0.0,,
how much is my house worth bankstown,0,,,0.0,0.0,0.0,,
how to check out a builder in australia,0,,,0.0,0.0,0.0,,
loan affordability calculation,0,,,0.0,0.0,0.0,2025-SEPTEMBER:0;2025-OCTOBER:0;2025-NOVEMBER:0;2025-DECEMBER:0;2026-JANUARY:0;2026-FEBRUARY:0;2026-MARCH:0;2026-APRIL:0;2026-MAY:0;2026-JUNE:0;2026-JULY:0;2026-AUGUST:0,
kororoit creek catchment,0,,,0.0,0.0,0.0,,
mount victoria median house prices,0,,,0.0,0.0,0.0,,
postal code 4118,0,,,0.0,0.0,0.0,,
postcode 2099 suburb,0,,,0.0,0.0,0.0,,
secondary houses coolum beach,0,,,0.0,0.0,0.0,,
stirling rent estimate,0,,,0.0,0.0,0.0,,
surfers paradise postcode queensland,0,,,0.0,0.0,0.0,,
what's my house worth flinders view,0,,,0.0,0.0,0.0,,
which brisbane suburbs have good schools and family homes,0,,,0.0,0.0,0.0,,
zillmere rental yield,0,,,0.0,0.0,0.0,,
4 ritchie drive kangaroo flat vic 3555,0,,,0.0,0.0,0.0,,"""4 ritchie drive"" kangaroo flat vic 3555"
6 3 shortland close north richmond nsw 2754,0,,,0.0,0.0,0.0,,6/3 shortland close north richmond nsw 2754
61 zenith way wattleup wa 6166,0,,,0.0,0.0,0.0,,
botanic ridge primary school,0,,,0.0,0.0,0.0,,
brighton secondary school catchment property,0,,,0.0,0.0,0.0,,
brisbane home value,0,,,0.0,0.0,0.0,,
buyers agency lilyfield,0,,,0.0,0.0,0.0,,
city beach high school perth,0,,,0.0,0.0,0.0,,
compare current rental prices for properties in melbourne,0,,,0.0,0.0,0.0,,compare current rental prices for properties in melbourne.
donnybrook and mickleham price trends,0,,,0.0,0.0,0.0,,
home staging cost australia,0,,,0.0,0.0,0.0,,
how much is my house worth ipswich,0,,,0.0,0.0,0.0,,
mortgage brokers beemunnel,0,,,0.0,0.0,0.0,,
real estate fees ipswich,0,,,0.0,0.0,0.0,,
rental appraisal point cook,0,,,0.0,0.0,0.0,,
rental appraisal south hedland,0,,,0.0,0.0,0.0,,
rental valuation maida vale,0,,,0.0,0.0,0.0,,
rental valuation stirling,0,,,0.0,0.0,0.0,,
templeton primary school zone,0,,,0.0,0.0,0.0,,
understanding capital gains tax on an investment property,0,,,0.0,0.0,0.0,,
2038 postcode nsw,0,,,0.0,0.0,0.0,,
affordability checking,0,,,0.0,0.0,0.0,,
average cost of apartments in rhodes,0,,,0.0,0.0,0.0,,
bridging loan costs australia,0,,,0.0,0.0,0.0,,
devon borough downs,0,,,0.0,0.0,0.0,,
eden hill rent estimate,0,,,0.0,0.0,0.0,,
find local property expert,0,,,0.0,0.0,0.0,,
highest growth subhurb western australia,0,,,0.0,0.0,0.0,,
living in moreton bay,0,,,0.0,0.0,0.0,,
mackenzie state school,0,,,0.0,0.0,0.0,,
mortgage brokers blanche harbor,0,,,0.0,0.0,0.0,,
murray farm public school catchment,0,,,0.0,0.0,0.0,,
population burra sa,0,,,0.0,0.0,0.0,,
property valuation marrickville,0,,,0.0,0.0,0.0,,
property valuation oran park,0,,,0.0,0.0,0.0,,
real estate agents yangebup,0,,,0.0,0.0,0.0,,
rental appraisal booragoon,0,,,0.0,0.0,0.0,,
rental valuation booragoon,0,,,0.0,0.0,0.0,,
rental valuation shelley,0,,,0.0,0.0,0.0,,
renting out property in australia,0,,,0.0,0.0,0.0,,
rothbury suburb profile,0,,,0.0,0.0,0.0,,
search new home builder,0,,,0.0,0.0,0.0,,
secondary houses coolum,0,,,0.0,0.0,0.0,,
site logan qld gov au browns plains suburb,0,,,0.0,0.0,0.0,,%site.logan.qld.gov.au browns plains suburb
1 rouse avenue cambewarra village nsw 2540,0,,,0.0,0.0,0.0,,
2 2 braemar road buderim qld 4556,0,,,0.0,0.0,0.0,,2/2 braemar road buderim qld 4556
artarmon public school catchment,0,,,0.0,0.0,0.0,,
boondall rental yield,0,,,0.0,0.0,0.0,,
brighton sa median house price,0,,,0.0,0.0,0.0,,
buying a property for dummies australian edition,0,,,0.0,0.0,0.0,,"buying a property for dummies, australian edition"
cannington rent estimate,0,,,0.0,0.0,0.0,,
chipping norton postal code,0,,,0.0,0.0,0.0,,
first home buyer land releases qld,0,,,0.0,0.0,0.0,,
how to sell property brisbane,0,,,0.0,0.0,0.0,,
kings langley nsw median house price 2026,0,,,0.0,0.0,0.0,,
main beach southport property prices rise 15 southport main beach southport property prices rise main beach median house,0,,,0.0,0.0,0.0,,main beach southport property prices rise 15% southport main beach southport property prices rise main beach median house
mortgage brokers beebo,0,,,0.0,0.0,0.0,,
port melbourne property investment,0,,,0.0,0.0,0.0,,
postcode 2557 suburb,0,,,0.0,0.0,0.0,,
postcode 4005 queensland,0,,,0.0,0.0,0.0,,
property appraisal hawkesbury,0,,,0.0,0.0,0.0,,
property expert directory,0,,,0.0,0.0,0.0,,
property market reports australia,0,,,0.0,0.0,0.0,,
property valuation campsie,0,,,0.0,0.0,0.0,,
property value vic,0,,,0.0,0.0,0.0,,
rental appraisal maida vale,0,,,0.0,0.0,0.0,,
rental appraisal port melbourne,0,,,0.0,0.0,0.0,,
rental appraisal stirling,0,,,0.0,0.0,0.0,,
rental appraisals petrie,0,,,0.0,0.0,0.0,,
rental management tom price,0,,,0.0,0.0,0.0,,
real estate leads for new agents australia,0,,,0.0,0.0,0.0,2025-SEPTEMBER:0;2025-OCTOBER:0;2025-NOVEMBER:0;2025-DECEMBER:0;2026-JANUARY:0;2026-FEBRUARY:0;2026-MARCH:0;2026-APRIL:0;2026-MAY:0;2026-JUNE:0;2026-JULY:0;2026-AUGUST:0,
sell my house goodna,0,,,0.0,0.0,0.0,,
springfield high school,0,,,0.0,0.0,0.0,,
subdivision jamestown,0,,,0.0,0.0,0.0,,
upgrading or downsizing real estate,0,,,0.0,0.0,0.0,,
ajuga school teaching staff,0,,,0.0,0.0,0.0,,"""ajuga school"" ""teaching staff"""
12 burnt bridge road burnt bridge nsw 2440,0,,,0.0,0.0,0.0,,
co educational school ropeley,0,,,0.0,0.0,0.0,,co-educational school ropeley
common mistakes first home buyers make,0,,,0.0,0.0,0.0,,
darcy road public school ranking,0,,,0.0,0.0,0.0,,
erskine park real estate market,0,,,0.0,0.0,0.0,,
home appraisals huntingdale,0,,,0.0,0.0,0.0,,
malak postcode nt,0,,,0.0,0.0,0.0,,
marangaroo rent estimate,0,,,0.0,0.0,0.0,,
mortgage brokers barjarg,0,,,0.0,0.0,0.0,,
mortgage brokers carrajung south,0,,,0.0,0.0,0.0,,
mosman park rent estimate,0,,,0.0,0.0,0.0,,
mount gambier property investment,0,,,0.0,0.0,0.0,,
nowra dt,0,,,0.0,0.0,0.0,,
private school entrance exam ryde,0,,,0.0,0.0,0.0,,
property portfolio bankstown,0,,,0.0,0.0,0.0,,
property renovation australia,0,,,0.0,0.0,0.0,,
real estate agent bandiana,0,,,0.0,0.0,0.0,,real estate agents bandiana
real estate agents in yangebup,0,,,0.0,0.0,0.0,,
rental appraisal eden hill,0,,,0.0,0.0,0.0,,
rental appraisal shelley,0,,,0.0,0.0,0.0,,
rental property advice norwood sa,0,,,0.0,0.0,0.0,,
rental valuation bentley,0,,,0.0,0.0,0.0,,
shelley primary school,0,,,0.0,0.0,0.0,,
shelley rent estimate,0,,,0.0,0.0,0.0,,
should i fix my home loan or stay variable in 2026,0,,,0.0,0.0,0.0,,should i fix my home loan or stay variable in 2026?
treeby conveyancing,0,,,0.0,0.0,0.0,,
which suburbs are the cheapest to buy in australia,0,,,0.0,0.0,0.0,,
ajuga school full time equivalent teaching staff,0,,,0.0,0.0,0.0,,"""ajuga school"" ""full-time equivalent teaching staff"""
henbury school teaching staff,0,,,0.0,0.0,0.0,,"""henbury school"" ""teaching staff"""
1050 schoolhouse lane ladys pass vic 3523,0,,,0.0,0.0,0.0,,
115 lilli pilli point road lilli pilli nsw 2229,0,,,0.0,0.0,0.0,,
12 32 oxford street burwood nsw 2134,0,,,0.0,0.0,0.0,,12-32 oxford street burwood nsw 2134
2 15 oxford street kingscliff nsw 2487,0,,,0.0,0.0,0.0,,2/15 oxford street kingscliff nsw 2487
206 sandy flat road brodribb river vic 3888,0,,,0.0,0.0,0.0,,
2140 postcode nsw,0,,,0.0,0.0,0.0,,
4860 postcode qld,0,,,0.0,0.0,0.0,,
and call clause house contracts,0,,,0.0,0.0,0.0,,
aspley rental yields,0,,,0.0,0.0,0.0,,
bardwell park real estate agents,0,,,0.0,0.0,0.0,,
barham public school,0,,,0.0,0.0,0.0,,
borrowing power calculator gross income,0,,,0.0,0.0,0.0,,
brighton sa property values 2026,0,,,0.0,0.0,0.0,,
burra postcode sa,0,,,0.0,0.0,0.0,,
buyers agent riverview,0,,,0.0,0.0,0.0,,
college park,0,,,0.0,0.0,0.0,,
commission on selling a house deagon,0,,,0.0,0.0,0.0,,
eight mile plains state school,0,,,0.0,0.0,0.0,,
find property expert,0,,,0.0,0.0,0.0,,
real estate commission split comparison,0,,,0.0,0.0,0.0,2025-SEPTEMBER:0;2025-OCTOBER:0;2025-NOVEMBER:0;2025-DECEMBER:0;2026-JANUARY:0;2026-FEBRUARY:0;2026-MARCH:0;2026-APRIL:0;2026-MAY:0;2026-JUNE:0;2026-JULY:0;2026-AUGUST:0,
auction v's private treaty,0,,,0.0,0.0,0.0,2025-SEPTEMBER:0;2025-OCTOBER:0;2025-NOVEMBER:0;2025-DECEMBER:0;2026-JANUARY:0;2026-FEBRUARY:0;2026-MARCH:0;2026-APRIL:0;2026-MAY:0;2026-JUNE:0;2026-JULY:0;2026-AUGUST:0,
griffin property market,0,,,0.0,0.0,0.0,,
home rental appraisal modbury,0,,,0.0,0.0,0.0,,
house valuation bankstown,0,,,0.0,0.0,0.0,,
how much does a buyer& 039 s agent cost,0,,,0.0,0.0,0.0,,how much does a buyer&#039 s agent cost
how much is the median rent for a unit in sydney,0,,,0.0,0.0,0.0,,how much is the median rent for a unit in sydney?
kilmore postcode 3764,0,,,0.0,0.0,0.0,,
madeley rent estimate,0,,,0.0,0.0,0.0,,
maida vale rent estimate,0,,,0.0,0.0,0.0,,
mortgage brokers arrowsmith east,0,,,0.0,0.0,0.0,,
mortgage brokers bedgerabong,0,,,0.0,0.0,0.0,,
mortgage brokers campoona,0,,,0.0,0.0,0.0,,
mortgage calculator for first home buyers,0,,,0.0,0.0,0.0,,
muslim girls grammar school school suburb state australia address,0,,,0.0,0.0,0.0,,
naplan preparation plumpton,0,,,0.0,0.0,0.0,,
nedlands rent estimate,0,,,0.0,0.0,0.0,,
pakenham lakeside primary school,0,,,0.0,0.0,0.0,,
piara waters property market,0,,,0.0,0.0,0.0,,
primary school helidon,0,,,0.0,0.0,0.0,,
property listings by suburb,0,,,0.0,0.0,0.0,,
property com au albion 3020 median house price 2026,0,,,0.0,0.0,0.0,,property.com.au albion 3020 median house price 2026
real estate agent near me thurgoona,0,,,0.0,0.0,0.0,,
real estate agents in coolbellup,0,,,0.0,0.0,0.0,,
rent determination frankston,0,,,0.0,0.0,0.0,,
rental appraisal bankstown,0,,,0.0,0.0,0.0,,
rolling hills primary school,0,,,0.0,0.0,0.0,,
second dwelling investment property queensland,0,,,0.0,0.0,0.0,,
sell my house hawkesbury,0,,,0.0,0.0,0.0,,
sydenham buyers agent,0,,,0.0,0.0,0.0,,
teneriffe postcode 4005,0,,,0.0,0.0,0.0,,
tuart hill rent estimate,0,,,0.0,0.0,0.0,,
wamuran state school,0,,,0.0,0.0,0.0,,
what are the costs associated with home staging in sydney,0,,,0.0,0.0,0.0,,what are the costs associated with home staging in sydney?
what is my house worth buderim,0,,,0.0,0.0,0.0,,
what is the median house and unit price in canberra,0,,,0.0,0.0,0.0,,what is the median house and unit price in canberra?
where can i access buyer guides and property buying advice my location is australia,0,,,0.0,0.0,0.0,,where can i access buyer guides and property buying advice?. my location is australia.
willaston primary school,0,,,0.0,0.0,0.0,,
woodlands rental investment,0,,,0.0,0.0,0.0,,
wyoming post code nsw,0,,,0.0,0.0,0.0,,
nemarluk school teaching staff,0,,,0.0,0.0,0.0,,"""nemarluk school"" ""teaching staff"""
105 lilli pilli point road lilli pilli nsw 2229,0,,,0.0,0.0,0.0,,
13 hope street griffin qld 4503,0,,,0.0,0.0,0.0,,
13 semmes street ashford nsw 2361,0,,,0.0,0.0,0.0,,
13 stockyard heights drive stockyard qld 4703,0,,,0.0,0.0,0.0,,
15 naylor street carcoar nsw 2791,0,,,0.0,0.0,0.0,,
2540 postcode suburb name,0,,,0.0,0.0,0.0,,
2a moulder street orange,0,,,0.0,0.0,0.0,,
3019 postcode melbourne,0,,,0.0,0.0,0.0,,
3818 postcode victoria,0,,,0.0,0.0,0.0,,
446 swifts creek east road swifts creek vic 3896,0,,,0.0,0.0,0.0,,
628 swifts creek east road swifts creek vic 3896,0,,,0.0,0.0,0.0,,
agency greenwith,0,,,0.0,0.0,0.0,,
applecross rent estimate,0,,,0.0,0.0,0.0,,
aspley rental growth,0,,,0.0,0.0,0.0,,
australian consumer law misleading conduct property sale water rights wa,0,,,0.0,0.0,0.0,,
banum warrik primary school,0,,,0.0,0.0,0.0,,
bentleigh vic median house price 2026,0,,,0.0,0.0,0.0,,
boat selling agents,0,,,0.0,0.0,0.0,,
body corporate valuer,0,,,0.0,0.0,0.0,,
boondall rental growth,0,,,0.0,0.0,0.0,,
booragoon rent estimate,0,,,0.0,0.0,0.0,,
bridgingbrokers com au,0,,,0.0,0.0,0.0,,
brighton sa property market,0,,,0.0,0.0,0.0,,
bull creek rent estimate,0,,,0.0,0.0,0.0,,
bulleen heights school ranking,0,,,0.0,0.0,0.0,,
buy first sell later home loan,0,,,0.0,0.0,0.0,,
buyers agent city beach,0,,,0.0,0.0,0.0,,
buyers agent fees gold coast,0,,,0.0,0.0,0.0,,
buyers agent naremburn,0,,,0.0,0.0,0.0,,
buyers agent woodville,0,,,0.0,0.0,0.0,,
chermside average property price,0,,,0.0,0.0,0.0,,
chermside west average house price,0,,,0.0,0.0,0.0,,
chermside west average property price,0,,,0.0,0.0,0.0,,
commercial property valuation marrickville,0,,,0.0,0.0,0.0,,
