url,coverage,last_crawl,google_canonical,referring_urls
/,Submitted and indexed,2026-10-09,https://www.yourpropertyguide.com.au,2
/about,Submitted and indexed,2026-08-28,https://www.yourpropertyguide.com.au/about,1
/affordability-calculator,Submitted and indexed,2026-09-16,https://www.yourpropertyguide.com.au/affordability-calculator,2
/appraisal,Submitted and indexed,2026-08-02,https://www.yourpropertyguide.com.au/appraisal,2
/best-deals,Submitted and indexed,2026-10-07,https://www.yourpropertyguide.com.au/best-deals,3
/best-suburbs,Submitted and indexed,2026-07-30,https://www.yourpropertyguide.com.au/best-suburbs,2
/best-suburbs/best-rental-yield/melbourne,Submitted and indexed,2026-10-01,https://www.yourpropertyguide.com.au/best-suburbs/best-rental-yield/melbourne,0
/best-suburbs/for-families/adelaide,Submitted and indexed,2026-10-01,https://www.yourpropertyguide.com.au/best-suburbs/for-families/adelaide,0
/best-suburbs/for-families/brisbane,Submitted and indexed,2026-10-01,https://www.yourpropertyguide.com.au/best-suburbs/for-families/brisbane,0
/best-suburbs/for-families/canberra,Submitted and indexed,2026-10-01,https://www.yourpropertyguide.com.au/best-suburbs/for-families/canberra,0
/best-suburbs/for-families/darwin,Submitted and indexed,2026-10-01,https://www.yourpropertyguide.com.au/best-suburbs/for-families/darwin,0
/best-suburbs/for-families/hobart,Submitted and indexed,2026-10-01,https://www.yourpropertyguide.com.au/best-suburbs/for-families/hobart,0
/best-suburbs/for-families/melbourne,Submitted and indexed,2026-10-01,https://www.yourpropertyguide.com.au/best-suburbs/for-families/melbourne,0
/best-suburbs/for-families/nsw,Submitted and indexed,2026-06-18,https://www.yourpropertyguide.com.au/best-suburbs/for-families/nsw,1
/best-suburbs/for-families/perth,Submitted and indexed,2026-10-01,https://www.yourpropertyguide.com.au/best-suburbs/for-families/perth,0
/best-suburbs/for-families/sydney,Submitted and indexed,2026-10-01,https://www.yourpropertyguide.com.au/best-suburbs/for-families/sydney,0
/best-suburbs/for-families/tas,Submitted and indexed,2026-09-29,https://www.yourpropertyguide.com.au/best-suburbs/for-families/tas,1
/best-suburbs/highest-growth/adelaide,Submitted and indexed,2026-10-01,https://www.yourpropertyguide.com.au/best-suburbs/highest-growth/adelaide,0
/best-suburbs/highest-growth/sa,Submitted and indexed,2026-09-10,https://www.yourpropertyguide.com.au/best-suburbs/highest-growth/sa,1
/best-suburbs/lowest-flood-risk/act,Submitted and indexed,2026-06-24,https://www.yourpropertyguide.com.au/best-suburbs/lowest-flood-risk/act,0
/best-suburbs/lowest-flood-risk/nsw,Submitted and indexed,2026-10-06,https://www.yourpropertyguide.com.au/best-suburbs/lowest-flood-risk/nsw,0
/best-suburbs/lowest-flood-risk/qld,Submitted and indexed,2026-09-22,https://www.yourpropertyguide.com.au/best-suburbs/lowest-flood-risk/qld,1
/best-suburbs/lowest-flood-risk/sa,Submitted and indexed,2026-07-07,https://www.yourpropertyguide.com.au/best-suburbs/lowest-flood-risk/sa,1
/best-suburbs/lowest-flood-risk/vic,Submitted and indexed,2026-06-20,https://www.yourpropertyguide.com.au/best-suburbs/lowest-flood-risk/vic,0
/best-suburbs/lowest-flood-risk/wa,Submitted and indexed,2026-10-09,https://www.yourpropertyguide.com.au/best-suburbs/lowest-flood-risk/wa,0
/best-suburbs/most-affordable/act,Submitted and indexed,2026-09-07,https://www.yourpropertyguide.com.au/best-suburbs/most-affordable/act,0
/best-suburbs/most-affordable/adelaide,Submitted and indexed,2026-10-01,https://www.yourpropertyguide.com.au/best-suburbs/most-affordable/adelaide,0
/best-suburbs/most-affordable/brisbane,Submitted and indexed,2026-10-09,https://www.yourpropertyguide.com.au/best-suburbs/most-affordable/brisbane,0
/best-suburbs/most-affordable/canberra,Submitted and indexed,2026-10-07,https://www.yourpropertyguide.com.au/best-suburbs/most-affordable/canberra,0
/best-suburbs/most-affordable/darwin,Submitted and indexed,2026-10-01,https://www.yourpropertyguide.com.au/best-suburbs/most-affordable/darwin,0
/best-suburbs/most-affordable/melbourne,Submitted and indexed,2026-10-01,https://www.yourpropertyguide.com.au/best-suburbs/most-affordable/melbourne,0
/best-suburbs/most-affordable/perth,Submitted and indexed,2026-10-01,https://www.yourpropertyguide.com.au/best-suburbs/most-affordable/perth,0
/best-suburbs/most-affordable/vic,Submitted and indexed,2026-06-30,https://www.yourpropertyguide.com.au/best-suburbs/most-affordable/vic,0
/best-suburbs/most-affordable/wa,Submitted and indexed,2026-06-26,https://www.yourpropertyguide.com.au/best-suburbs/most-affordable/wa,0
/best-suburbs/most-walkable/adelaide,Submitted and indexed,2026-10-01,https://www.yourpropertyguide.com.au/best-suburbs/most-walkable/adelaide,0
/best-suburbs/most-walkable/brisbane,Submitted and indexed,2026-10-01,https://www.yourpropertyguide.com.au/best-suburbs/most-walkable/brisbane,0
/best-suburbs/most-walkable/canberra,Submitted and indexed,2026-10-08,https://www.yourpropertyguide.com.au/best-suburbs/most-walkable/canberra,0
/best-suburbs/most-walkable/darwin,Submitted and indexed,2026-10-01,https://www.yourpropertyguide.com.au/best-suburbs/most-walkable/darwin,0
/best-suburbs/most-walkable/hobart,Submitted and indexed,2026-10-01,https://www.yourpropertyguide.com.au/best-suburbs/most-walkable/hobart,0
/best-suburbs/most-walkable/melbourne,Submitted and indexed,2026-10-01,https://www.yourpropertyguide.com.au/best-suburbs/most-walkable/melbourne,0
/best-suburbs/most-walkable/perth,Submitted and indexed,2026-10-01,https://www.yourpropertyguide.com.au/best-suburbs/most-walkable/perth,0
/best-suburbs/most-walkable/sydney,Submitted and indexed,2026-10-01,https://www.yourpropertyguide.com.au/best-suburbs/most-walkable/sydney,0
/best-suburbs/most-walkable/vic,Submitted and indexed,2026-06-17,https://www.yourpropertyguide.com.au/best-suburbs/most-walkable/vic,0
/borrowing-power-calculator,Submitted and indexed,2026-08-25,https://www.yourpropertyguide.com.au/borrowing-power-calculator,2
/bridging-loan-calculator,Submitted and indexed,2026-10-06,https://www.yourpropertyguide.com.au/bridging-loan-calculator,0
/buying-guide,Submitted and indexed,2026-08-11,https://www.yourpropertyguide.com.au/buying-guide,4
/cgt-calculator,Submitted and indexed,2026-10-01,https://www.yourpropertyguide.com.au/cgt-calculator,0
/compare,Submitted and indexed,2026-09-17,https://www.yourpropertyguide.com.au/compare,2
/data,Submitted and indexed,2026-06-28,https://www.yourpropertyguide.com.au/data,1
/fhss-calculator,Submitted and indexed,2026-10-06,https://www.yourpropertyguide.com.au/fhss-calculator,0
/find-an-expert,Submitted and indexed,2026-10-09,https://www.yourpropertyguide.com.au/find-an-expert,3
/find-your-suburb,Submitted and indexed,2026-08-25,https://www.yourpropertyguide.com.au/find-your-suburb,2
/first-home-buyers,Submitted and indexed,2026-10-07,https://www.yourpropertyguide.com.au/first-home-buyers,2
/glossary,Submitted and indexed,2026-07-16,https://www.yourpropertyguide.com.au/glossary,2
/guides,Submitted and indexed,2026-10-07,https://www.yourpropertyguide.com.au/guides,2
/guides/5-percent-deposit-scheme-now-open-all-first-home-buyers,Submitted and indexed,2026-06-16,https://www.yourpropertyguide.com.au/guides/5-percent-deposit-scheme-now-open-all-first-home-buyers,0
/guides/adelaide-property-market-2026,Submitted and indexed,2026-10-01,https://www.yourpropertyguide.com.au/guides/adelaide-property-market-2026,0
/guides/apra-3-percent-buffer-new-lending-limits-2026,Submitted and indexed,2026-06-24,https://www.yourpropertyguide.com.au/guides/apra-3-percent-buffer-new-lending-limits-2026,1
/guides/auction-clearance-rates-slump-2026,Submitted and indexed,2026-06-24,https://www.yourpropertyguide.com.au/guides/auction-clearance-rates-slump-2026,0
/guides/auction-vs-private-treaty,Submitted and indexed,2026-07-03,https://www.yourpropertyguide.com.au/guides/auction-vs-private-treaty,1
/guides/australia-fastest-growing-suburbs-2026,Submitted and indexed,2026-10-01,https://www.yourpropertyguide.com.au/guides/australia-fastest-growing-suburbs-2026,0
/guides/australian-property-prices-mid-2026-sydney-melbourne-cool,Submitted and indexed,2026-08-20,https://www.yourpropertyguide.com.au/guides/australian-property-prices-mid-2026-sydney-melbourne-cool,1
/guides/australian-rents-record-highs-mid-2026,Submitted and indexed,2026-10-01,https://www.yourpropertyguide.com.au/guides/australian-rents-record-highs-mid-2026,1
/guides/best-brisbane-suburbs-for-families-2026,Submitted and indexed,2026-07-13,https://www.yourpropertyguide.com.au/guides/best-brisbane-suburbs-for-families-2026,1
/guides/best-regional-towns-invest-australia-2026,Submitted and indexed,2026-10-01,https://www.yourpropertyguide.com.au/guides/best-regional-towns-invest-australia-2026,0
/guides/best-time-to-buy-property-australia,Submitted and indexed,2026-07-12,https://www.yourpropertyguide.com.au/guides/best-time-to-buy-property-australia,1
/guides/best-time-to-sell-a-house-australia,Submitted and indexed,2026-08-26,https://www.yourpropertyguide.com.au/guides/best-time-to-sell-a-house-australia,1
/guides/bridging-loan-alternatives,Submitted and indexed,2026-10-06,https://www.yourpropertyguide.com.au/guides/bridging-loan-alternatives,0
/guides/bridging-loans-guide,Submitted and indexed,2026-07-12,https://www.yourpropertyguide.com.au/guides/bridging-loans-guide,2
/guides/brisbane-property-market-2026,Submitted and indexed,2026-07-14,https://www.yourpropertyguide.com.au/guides/brisbane-property-market-2026,0
/guides/building-approvals-slump-housing-supply-2026,Submitted and indexed,2026-10-01,https://www.yourpropertyguide.com.au/guides/building-approvals-slump-housing-supply-2026,1
/guides/buyers-agent-cost-australia,Submitted and indexed,2026-07-13,https://www.yourpropertyguide.com.au/guides/buyers-agent-cost-australia,1
/guides/buying-property-australia,Submitted and indexed,2026-10-04,https://www.yourpropertyguide.com.au/guides/buying-property-australia,2
/guides/canberra-act-property-market-2026,Submitted and indexed,2026-10-01,https://www.yourpropertyguide.com.au/guides/canberra-act-property-market-2026,0
/guides/category/buying-guide,Submitted and indexed,2026-07-08,https://www.yourpropertyguide.com.au/guides/category/buying-guide,0
/guides/category/investment,Submitted and indexed,2026-07-08,https://www.yourpropertyguide.com.au/guides/category/investment,0
/guides/category/market-update,Submitted and indexed,2026-07-08,https://www.yourpropertyguide.com.au/guides/category/market-update,0
/guides/category/news,Submitted and indexed,2026-08-31,https://www.yourpropertyguide.com.au/guides/category/news,3
/guides/category/selling,Submitted and indexed,2026-07-08,https://www.yourpropertyguide.com.au/guides/category/selling,0
/guides/category/suburb-guide,Submitted and indexed,2026-07-08,https://www.yourpropertyguide.com.au/guides/category/suburb-guide,0
/guides/cgt-changes-2026-budget,Submitted and indexed,2026-07-26,https://www.yourpropertyguide.com.au/guides/cgt-changes-2026-budget,2
/guides/changing-real-estate-agents-mid-campaign,Submitted and indexed,2026-10-01,https://www.yourpropertyguide.com.au/guides/changing-real-estate-agents-mid-campaign,0
/guides/cheapest-suburbs-australian-capitals-winter-2026,Submitted and indexed,2026-10-01,https://www.yourpropertyguide.com.au/guides/cheapest-suburbs-australian-capitals-winter-2026,1
/guides/cheapest-suburbs-buy-house-australia-2026,Submitted and indexed,2026-10-01,https://www.yourpropertyguide.com.au/guides/cheapest-suburbs-buy-house-australia-2026,0
/guides/contract-of-sale-nsw,Submitted and indexed,2026-09-20,https://www.yourpropertyguide.com.au/guides/contract-of-sale-nsw,0
/guides/contract-of-sale-qld,Submitted and indexed,2026-09-20,https://www.yourpropertyguide.com.au/guides/contract-of-sale-qld,0
/guides/contract-of-sale-sa,Submitted and indexed,2026-10-01,https://www.yourpropertyguide.com.au/guides/contract-of-sale-sa,1
/guides/contract-of-sale-wa,Submitted and indexed,2026-10-01,https://www.yourpropertyguide.com.au/guides/contract-of-sale-wa,1
/guides/cooling-off-period-by-state-australia,Submitted and indexed,2026-07-13,https://www.yourpropertyguide.com.au/guides/cooling-off-period-by-state-australia,2
/guides/cooling-off-period-vic,Submitted and indexed,2026-10-01,https://www.yourpropertyguide.com.au/guides/cooling-off-period-vic,0
/guides/cost-of-selling-a-house-act,Submitted and indexed,2026-10-01,https://www.yourpropertyguide.com.au/guides/cost-of-selling-a-house-act,1
/guides/cost-of-selling-a-house-australia,Submitted and indexed,2026-07-03,https://www.yourpropertyguide.com.au/guides/cost-of-selling-a-house-australia,2
/guides/cost-of-selling-a-house-nsw,Submitted and indexed,2026-10-01,https://www.yourpropertyguide.com.au/guides/cost-of-selling-a-house-nsw,0
/guides/cost-of-selling-a-house-nt,Submitted and indexed,2026-10-01,https://www.yourpropertyguide.com.au/guides/cost-of-selling-a-house-nt,0
/guides/cost-of-selling-a-house-qld,Submitted and indexed,2026-10-01,https://www.yourpropertyguide.com.au/guides/cost-of-selling-a-house-qld,0
/guides/cost-of-selling-a-house-sa,Submitted and indexed,2026-10-01,https://www.yourpropertyguide.com.au/guides/cost-of-selling-a-house-sa,0
/guides/cost-of-selling-a-house-tas,Submitted and indexed,2026-10-01,https://www.yourpropertyguide.com.au/guides/cost-of-selling-a-house-tas,0
/guides/cost-of-selling-a-house-vic,Submitted and indexed,2026-10-01,https://www.yourpropertyguide.com.au/guides/cost-of-selling-a-house-vic,1
/guides/cost-of-selling-a-house-wa,Submitted and indexed,2026-10-01,https://www.yourpropertyguide.com.au/guides/cost-of-selling-a-house-wa,0
/guides/darwin-nt-property-market-2026,Submitted and indexed,2026-10-01,https://www.yourpropertyguide.com.au/guides/darwin-nt-property-market-2026,0
/guides/deposit-bonds,Submitted and indexed,2026-10-06,https://www.yourpropertyguide.com.au/guides/deposit-bonds,0
/guides/downsizers-guide,Submitted and indexed,2026-07-20,https://www.yourpropertyguide.com.au/guides/downsizers-guide,0
/guides/first-home-buyer-guide,Submitted and indexed,2026-07-26,https://www.yourpropertyguide.com.au/guides/first-home-buyer-guide,2
/guides/first-home-buyer-guide-moreton-bay-2025,Submitted and indexed,2026-10-01,https://www.yourpropertyguide.com.au/guides/first-home-buyer-guide-moreton-bay-2025,1
/guides/first-home-buyer-mistakes-to-avoid,Submitted and indexed,2026-08-25,https://www.yourpropertyguide.com.au/guides/first-home-buyer-mistakes-to-avoid,1
/guides/first-home-buyer-nsw,Submitted and indexed,2026-07-01,https://www.yourpropertyguide.com.au/guides/first-home-buyer-nsw,2
/guides/first-home-buyer-qld,Submitted and indexed,2026-07-03,https://www.yourpropertyguide.com.au/guides/first-home-buyer-qld,2
/guides/first-home-buyer-sa,Submitted and indexed,2026-07-12,https://www.yourpropertyguide.com.au/guides/first-home-buyer-sa,1
/guides/first-home-buyer-schemes-by-state-australia-2026,Submitted and indexed,2026-10-01,https://www.yourpropertyguide.com.au/guides/first-home-buyer-schemes-by-state-australia-2026,0
/guides/first-home-buyer-tas,Submitted and indexed,2026-07-13,https://www.yourpropertyguide.com.au/guides/first-home-buyer-tas,1
/guides/first-home-buyer-wa,Submitted and indexed,2026-07-03,https://www.yourpropertyguide.com.au/guides/first-home-buyer-wa,1
/guides/first-home-guarantee,Submitted and indexed,2026-07-15,https://www.yourpropertyguide.com.au/guides/first-home-guarantee,0
/guides/first-home-owner-grant-australia,Submitted and indexed,2026-07-18,https://www.yourpropertyguide.com.au/guides/first-home-owner-grant-australia,0
/guides/first-home-super-saver-scheme,Submitted and indexed,2026-07-17,https://www.yourpropertyguide.com.au/guides/first-home-super-saver-scheme,0
/guides/fixed-fee-vs-commission-real-estate-agents,Submitted and indexed,2026-10-01,https://www.yourpropertyguide.com.au/guides/fixed-fee-vs-commission-real-estate-agents,0
/guides/fixed-vs-variable-rate-guide,Submitted and indexed,2026-09-19,https://www.yourpropertyguide.com.au/guides/fixed-vs-variable-rate-guide,0
/guides/granny-flat-guide-nsw,Submitted and indexed,2026-08-25,https://www.yourpropertyguide.com.au/guides/granny-flat-guide-nsw,0
/guides/granny-flat-guide-qld,Submitted and indexed,2026-07-13,https://www.yourpropertyguide.com.au/guides/granny-flat-guide-qld,1
/guides/granny-flat-guide-sa,Submitted and indexed,2026-07-12,https://www.yourpropertyguide.com.au/guides/granny-flat-guide-sa,1
/guides/granny-flat-guide-vic,Submitted and indexed,2026-07-13,https://www.yourpropertyguide.com.au/guides/granny-flat-guide-vic,1
/guides/granny-flat-guide-wa,Submitted and indexed,2026-07-13,https://www.yourpropertyguide.com.au/guides/granny-flat-guide-wa,1
/guides/help-to-buy-scheme-first-buyers-moving-in-2026,Submitted and indexed,2026-10-01,https://www.yourpropertyguide.com.au/guides/help-to-buy-scheme-first-buyers-moving-in-2026,1
/guides/help-to-buy-scheme-nsw,Submitted and indexed,2026-10-06,https://www.yourpropertyguide.com.au/guides/help-to-buy-scheme-nsw,0
/guides/help-to-buy-scheme-qld,Submitted and indexed,2026-10-06,https://www.yourpropertyguide.com.au/guides/help-to-buy-scheme-qld,0
/guides/help-to-buy-scheme-victoria,Submitted and indexed,2026-10-06,https://www.yourpropertyguide.com.au/guides/help-to-buy-scheme-victoria,0
/guides/help-to-buy-scheme-wa,Submitted and indexed,2026-10-06,https://www.yourpropertyguide.com.au/guides/help-to-buy-scheme-wa,0
/guides/hobart-tasmania-property-market-2026,Submitted and indexed,2026-10-01,https://www.yourpropertyguide.com.au/guides/hobart-tasmania-property-market-2026,0
/guides/home-values-biggest-monthly-fall-june-2026,Submitted and indexed,2026-09-06,https://www.yourpropertyguide.com.au/guides/home-values-biggest-monthly-fall-june-2026,2
/guides/house-and-land-packages-are-they-worth-it,Submitted and indexed,2026-10-01,https://www.yourpropertyguide.com.au/guides/house-and-land-packages-are-they-worth-it,0
/guides/house-price-forecasts-2026-2027-by-capital-city,Submitted and indexed,2026-09-20,https://www.yourpropertyguide.com.au/guides/house-price-forecasts-2026-2027-by-capital-city,0
/guides/how-long-does-it-take-to-buy-a-house-australia,Submitted and indexed,2026-07-12,https://www.yourpropertyguide.com.au/guides/how-long-does-it-take-to-buy-a-house-australia,0
/guides/how-much-can-i-borrow-australia,Submitted and indexed,2026-07-03,https://www.yourpropertyguide.com.au/guides/how-much-can-i-borrow-australia,1
/guides/how-much-deposit-to-buy-a-house,Submitted and indexed,2026-10-07,https://www.yourpropertyguide.com.au/guides/how-much-deposit-to-buy-a-house,2
/guides/how-much-is-my-house-worth-australia,Submitted and indexed,2026-07-03,https://www.yourpropertyguide.com.au/guides/how-much-is-my-house-worth-australia,2
/guides/how-to-buy-property-interstate-australia-2026,Submitted and indexed,2026-10-01,https://www.yourpropertyguide.com.au/guides/how-to-buy-property-interstate-australia-2026,1
/guides/how-to-prepare-for-a-property-appraisal,Submitted and indexed,2026-07-03,https://www.yourpropertyguide.com.au/guides/how-to-prepare-for-a-property-appraisal,1
/guides/how-to-sell-a-house-australia,Submitted and indexed,2026-07-16,https://www.yourpropertyguide.com.au/guides/how-to-sell-a-house-australia,2
/guides/investment-property-guide-moreton-bay-corridor,Submitted and indexed,2026-10-01,https://www.yourpropertyguide.com.au/guides/investment-property-guide-moreton-bay-corridor,0
/guides/moreton-bay-property-market-update-q1-2025,Submitted and indexed,2026-10-01,https://www.yourpropertyguide.com.au/guides/moreton-bay-property-market-update-q1-2025,0
/guides/negative-gearing-australia,Submitted and indexed,2026-07-03,https://www.yourpropertyguide.com.au/guides/negative-gearing-australia,2
/guides/negative-gearing-cgt-changes-now-law-2026,Submitted and indexed,2026-09-06,https://www.yourpropertyguide.com.au/guides/negative-gearing-cgt-changes-now-law-2026,1
/guides/negative-gearing-changes-2026-budget,Submitted and indexed,2026-07-17,https://www.yourpropertyguide.com.au/guides/negative-gearing-changes-2026-budget,1
/guides/nsw-building-reforms-prefab-modular-2026,Submitted and indexed,2026-10-01,https://www.yourpropertyguide.com.au/guides/nsw-building-reforms-prefab-modular-2026,1
/guides/offset-accounts-explained-australia,Submitted and indexed,2026-06-21,https://www.yourpropertyguide.com.au/guides/offset-accounts-explained-australia,0
/guides/perth-property-market-2026,Submitted and indexed,2026-10-03,https://www.yourpropertyguide.com.au/guides/perth-property-market-2026,2
/guides/property-auction-guide,Submitted and indexed,2026-07-13,https://www.yourpropertyguide.com.au/guides/property-auction-guide,2
/guides/property-depreciation-guide,Submitted and indexed,2026-07-14,https://www.yourpropertyguide.com.au/guides/property-depreciation-guide,2
/guides/property-management-fees-australia,Submitted and indexed,2026-07-13,https://www.yourpropertyguide.com.au/guides/property-management-fees-australia,1
/guides/property-market-wrap-late-july-2026-spring-outlook,Submitted and indexed,2026-09-06,https://www.yourpropertyguide.com.au/guides/property-market-wrap-late-july-2026-spring-outlook,1
/guides/queensland-30000-first-home-grant-closing-june-2026,Submitted and indexed,2026-06-24,https://www.yourpropertyguide.com.au/guides/queensland-30000-first-home-grant-closing-june-2026,1
/guides/queensland-30000-grant-locked-in-help-to-buy-expands,Submitted and indexed,2026-10-01,https://www.yourpropertyguide.com.au/guides/queensland-30000-grant-locked-in-help-to-buy-expands,1
/guides/questions-to-ask-a-real-estate-agent,Submitted and indexed,2026-07-03,https://www.yourpropertyguide.com.au/guides/questions-to-ask-a-real-estate-agent,1
/guides/rba-cash-rate-june-2026-what-it-means-for-buyers,Submitted and indexed,2026-10-06,https://www.yourpropertyguide.com.au/guides/rba-cash-rate-june-2026-what-it-means-for-buyers,0
/guides/real-estate-agency-agreements-by-state,Submitted and indexed,2026-09-20,https://www.yourpropertyguide.com.au/guides/real-estate-agency-agreements-by-state,0
/guides/real-estate-agent-complaints-and-red-flags,Submitted and indexed,2026-10-01,https://www.yourpropertyguide.com.au/guides/real-estate-agent-complaints-and-red-flags,0
/guides/real-estate-agent-fees-australia,Submitted and indexed,2026-08-20,https://www.yourpropertyguide.com.au/guides/real-estate-agent-fees-australia,2
/guides/real-estate-commission-act,Submitted and indexed,2026-06-17,https://www.yourpropertyguide.com.au/guides/real-estate-commission-act,1
/guides/real-estate-commission-nsw,Submitted and indexed,2026-10-02,https://www.yourpropertyguide.com.au/guides/real-estate-commission-nsw,2
/guides/real-estate-commission-nt,Submitted and indexed,2026-08-16,https://www.yourpropertyguide.com.au/guides/real-estate-commission-nt,1
/guides/real-estate-commission-tas,Submitted and indexed,2026-10-09,https://www.yourpropertyguide.com.au/guides/real-estate-commission-tas,1
/guides/real-estate-commission-vic,Submitted and indexed,2026-09-24,https://www.yourpropertyguide.com.au/guides/real-estate-commission-vic,2
/guides/real-estate-commission-wa,Submitted and indexed,2026-07-04,https://www.yourpropertyguide.com.au/guides/real-estate-commission-wa,1
/guides/renovation-cost-australia-2026,Submitted and indexed,2026-07-26,https://www.yourpropertyguide.com.au/guides/renovation-cost-australia-2026,4
/guides/rental-vacancy-rate-rises-1-2-percent-2026,Submitted and indexed,2026-10-01,https://www.yourpropertyguide.com.au/guides/rental-vacancy-rate-rises-1-2-percent-2026,0
/guides/renters-rights-act,Submitted and indexed,2026-09-22,https://www.yourpropertyguide.com.au/guides/renters-rights-act,2
/guides/renters-rights-nsw,Submitted and indexed,2026-07-13,https://www.yourpropertyguide.com.au/guides/renters-rights-nsw,1
/guides/renters-rights-nt,Submitted and indexed,2026-09-26,https://www.yourpropertyguide.com.au/guides/renters-rights-nt,1
/guides/renters-rights-qld,Submitted and indexed,2026-07-13,https://www.yourpropertyguide.com.au/guides/renters-rights-qld,1
/guides/renters-rights-sa,Submitted and indexed,2026-07-13,https://www.yourpropertyguide.com.au/guides/renters-rights-sa,1
/guides/renters-rights-tas,Submitted and indexed,2026-08-18,https://www.yourpropertyguide.com.au/guides/renters-rights-tas,1
/guides/renters-rights-vic,Submitted and indexed,2026-09-05,https://www.yourpropertyguide.com.au/guides/renters-rights-vic,1
/guides/renters-rights-wa,Submitted and indexed,2026-08-24,https://www.yourpropertyguide.com.au/guides/renters-rights-wa,2
/guides/rentvesting-australia,Submitted and indexed,2026-07-16,https://www.yourpropertyguide.com.au/guides/rentvesting-australia,1
/guides/rentvesting-australia-state-by-state-guide-2026,Submitted and indexed,2026-10-01,https://www.yourpropertyguide.com.au/guides/rentvesting-australia-state-by-state-guide-2026,0
/guides/reserve-price-auction,Submitted and indexed,2026-10-01,https://www.yourpropertyguide.com.au/guides/reserve-price-auction,1
/guides/section-32-vendor-statement-victoria,Submitted and indexed,2026-09-20,https://www.yourpropertyguide.com.au/guides/section-32-vendor-statement-victoria,0
/guides/sell-first-or-buy-first,Submitted and indexed,2026-08-17,https://www.yourpropertyguide.com.au/guides/sell-first-or-buy-first,1
/guides/sell-your-house-privately-australia,Submitted and indexed,2026-09-16,https://www.yourpropertyguide.com.au/guides/sell-your-house-privately-australia,0
/guides/selling-a-deceased-estate-property,Submitted and indexed,2026-10-01,https://www.yourpropertyguide.com.au/guides/selling-a-deceased-estate-property,0
/guides/selling-a-house-after-separation-or-divorce,Submitted and indexed,2026-10-01,https://www.yourpropertyguide.com.au/guides/selling-a-house-after-separation-or-divorce,0
/guides/selling-a-house-with-tenants,Submitted and indexed,2026-10-01,https://www.yourpropertyguide.com.au/guides/selling-a-house-with-tenants,0
/guides/selling-your-home-tips-for-maximum-value,Submitted and indexed,2026-10-01,https://www.yourpropertyguide.com.au/guides/selling-your-home-tips-for-maximum-value,0
/guides/shared-equity-schemes-australia,Submitted and indexed,2026-10-06,https://www.yourpropertyguide.com.au/guides/shared-equity-schemes-australia,0
/guides/smsf-property-guide,Submitted and indexed,2026-07-12,https://www.yourpropertyguide.com.au/guides/smsf-property-guide,0
/guides/stamp-duty-act,Submitted and indexed,2026-06-17,https://www.yourpropertyguide.com.au/guides/stamp-duty-act,0
/guides/stamp-duty-nsw,Submitted and indexed,2026-07-14,https://www.yourpropertyguide.com.au/guides/stamp-duty-nsw,0
/guides/stamp-duty-nt,Submitted and indexed,2026-06-17,https://www.yourpropertyguide.com.au/guides/stamp-duty-nt,1
/guides/stamp-duty-qld,Submitted and indexed,2026-07-15,https://www.yourpropertyguide.com.au/guides/stamp-duty-qld,0
/guides/stamp-duty-sa,Submitted and indexed,2026-06-17,https://www.yourpropertyguide.com.au/guides/stamp-duty-sa,0
/guides/stamp-duty-tas,Submitted and indexed,2026-06-17,https://www.yourpropertyguide.com.au/guides/stamp-duty-tas,1
/guides/stamp-duty-vic,Submitted and indexed,2026-07-14,https://www.yourpropertyguide.com.au/guides/stamp-duty-vic,0
/guides/stamp-duty-wa,Submitted and indexed,2026-07-25,https://www.yourpropertyguide.com.au/guides/stamp-duty-wa,0
/guides/sydney-property-market-2026,Submitted and indexed,2026-10-03,https://www.yourpropertyguide.com.au/guides/sydney-property-market-2026,1
/guides/sydney-vs-melbourne-property-market,Submitted and indexed,2026-07-13,https://www.yourpropertyguide.com.au/guides/sydney-vs-melbourne-property-market,1
/guides/top-5-suburbs-families-moreton-bay,Submitted and indexed,2026-10-01,https://www.yourpropertyguide.com.au/guides/top-5-suburbs-families-moreton-bay,1
/guides/underquoting-laws-by-state,Submitted and indexed,2026-09-20,https://www.yourpropertyguide.com.au/guides/underquoting-laws-by-state,0
/guides/understanding-off-market-properties,Submitted and indexed,2026-10-07,https://www.yourpropertyguide.com.au/guides/understanding-off-market-properties,0
/guides/use-super-to-buy-a-house,Submitted and indexed,2026-10-06,https://www.yourpropertyguide.com.au/guides/use-super-to-buy-a-house,0
/guides/winter-property-market-wrap-july-2026,Submitted and indexed,2026-10-01,https://www.yourpropertyguide.com.au/guides/winter-property-market-wrap-july-2026,1
/help-to-buy-calculator,Submitted and indexed,2026-10-06,https://www.yourpropertyguide.com.au/help-to-buy-calculator,0
/insights,Submitted and indexed,2026-08-30,https://www.yourpropertyguide.com.au/insights,3
/investing,Submitted and indexed,2026-10-02,https://www.yourpropertyguide.com.au/investing,3
/lmi-calculator,Submitted and indexed,2026-10-01,https://www.yourpropertyguide.com.au/lmi-calculator,0
/market-reports,Submitted and indexed,2026-08-28,https://www.yourpropertyguide.com.au/market-reports,3
/market-reports/act,Submitted and indexed,2026-07-03,https://www.yourpropertyguide.com.au/market-reports/act,2
/market-reports/nsw,Submitted and indexed,2026-07-28,https://www.yourpropertyguide.com.au/market-reports/nsw,1
/market-reports/nt,Submitted and indexed,2026-07-18,https://www.yourpropertyguide.com.au/market-reports/nt,1
/market-reports/sa,Submitted and indexed,2026-07-03,https://www.yourpropertyguide.com.au/market-reports/sa,2
/market-reports/tas,Submitted and indexed,2026-09-13,https://www.yourpropertyguide.com.au/market-reports/tas,1
/market-reports/vic,Submitted and indexed,2026-10-06,https://www.yourpropertyguide.com.au/market-reports/vic,1
/market-reports/wa,Submitted and indexed,2026-09-03,https://www.yourpropertyguide.com.au/market-reports/wa,1
/mortgage-calculator,Submitted and indexed,2026-09-10,https://www.yourpropertyguide.com.au/mortgage-calculator,2
/negative-gearing-calculator,Submitted and indexed,2026-10-01,https://www.yourpropertyguide.com.au/negative-gearing-calculator,0
/off-market,Submitted and indexed,2026-07-09,https://www.yourpropertyguide.com.au/off-market,2
/postcodes,Submitted and indexed,2026-10-07,https://www.yourpropertyguide.com.au/postcodes,3
/postcodes/2023,Submitted and indexed,2026-10-01,https://www.yourpropertyguide.com.au/postcodes/2023,0
/postcodes/2043,Submitted and indexed,2026-07-30,https://www.yourpropertyguide.com.au/postcodes/2043,0
/postcodes/2068,Submitted and indexed,2026-06-15,https://www.yourpropertyguide.com.au/postcodes/2068,0
/postcodes/2087,Submitted and indexed,2026-10-03,https://www.yourpropertyguide.com.au/postcodes/2087,0
/postcodes/2140,Submitted and indexed,2026-10-01,https://www.yourpropertyguide.com.au/postcodes/2140,0
/postcodes/2141,Submitted and indexed,2026-09-23,https://www.yourpropertyguide.com.au/postcodes/2141,0
/postcodes/2170,Submitted and indexed,2026-10-07,https://www.yourpropertyguide.com.au/postcodes/2170,0
/postcodes/2203,Submitted and indexed,2026-08-31,https://www.yourpropertyguide.com.au/postcodes/2203,0
/postcodes/2222,Submitted and indexed,2026-10-06,https://www.yourpropertyguide.com.au/postcodes/2222,0
/postcodes/2250,Submitted and indexed,2026-09-10,https://www.yourpropertyguide.com.au/postcodes/2250,0
/postcodes/2261,Submitted and indexed,2026-09-25,https://www.yourpropertyguide.com.au/postcodes/2261,0
/postcodes/2295,Submitted and indexed,2026-06-27,https://www.yourpropertyguide.com.au/postcodes/2295,0
/postcodes/2446,Submitted and indexed,2026-07-10,https://www.yourpropertyguide.com.au/postcodes/2446,0
/postcodes/2502,Submitted and indexed,2026-10-03,https://www.yourpropertyguide.com.au/postcodes/2502,0
/postcodes/2557,Submitted and indexed,2026-07-11,https://www.yourpropertyguide.com.au/postcodes/2557,0
/postcodes/2564,Submitted and indexed,2026-09-16,https://www.yourpropertyguide.com.au/postcodes/2564,0
/postcodes/2834,Submitted and indexed,2026-07-30,https://www.yourpropertyguide.com.au/postcodes/2834,0
/postcodes/3024,Submitted and indexed,2026-07-14,https://www.yourpropertyguide.com.au/postcodes/3024,0
/postcodes/3099,Submitted and indexed,2026-09-21,https://www.yourpropertyguide.com.au/postcodes/3099,0
/postcodes/3140,Submitted and indexed,2026-09-27,https://www.yourpropertyguide.com.au/postcodes/3140,0
/postcodes/3156,Submitted and indexed,2026-07-29,https://www.yourpropertyguide.com.au/postcodes/3156,0
/postcodes/3167,Submitted and indexed,2026-09-20,https://www.yourpropertyguide.com.au/postcodes/3167,0
/postcodes/3192,Submitted and indexed,2026-08-22,https://www.yourpropertyguide.com.au/postcodes/3192,0
/postcodes/3202,Submitted and indexed,2026-10-02,https://www.yourpropertyguide.com.au/postcodes/3202,0
/postcodes/3272,Submitted and indexed,2026-08-29,https://www.yourpropertyguide.com.au/postcodes/3272,0
/postcodes/3419,Submitted and indexed,2026-07-03,https://www.yourpropertyguide.com.au/postcodes/3419,0
/postcodes/3472,Submitted and indexed,2026-08-12,https://www.yourpropertyguide.com.au/postcodes/3472,0
/postcodes/3556,Submitted and indexed,2026-08-01,https://www.yourpropertyguide.com.au/postcodes/3556,0
/postcodes/3561,Submitted and indexed,2026-09-26,https://www.yourpropertyguide.com.au/postcodes/3561,0
/postcodes/3666,Submitted and indexed,2026-07-25,https://www.yourpropertyguide.com.au/postcodes/3666,0
/postcodes/3669,Submitted and indexed,2026-09-11,https://www.yourpropertyguide.com.au/postcodes/3669,0
/postcodes/3690,Submitted and indexed,2026-09-22,https://www.yourpropertyguide.com.au/postcodes/3690,0
/postcodes/3978,Submitted and indexed,2026-09-19,https://www.yourpropertyguide.com.au/postcodes/3978,0
/postcodes/4005,Submitted and indexed,2026-07-30,https://www.yourpropertyguide.com.au/postcodes/4005,0
/postcodes/4013,Submitted and indexed,2026-10-02,https://www.yourpropertyguide.com.au/postcodes/4013,0
/postcodes/4067,Submitted and indexed,2026-08-22,https://www.yourpropertyguide.com.au/postcodes/4067,0
/postcodes/4102,Submitted and indexed,2026-10-01,https://www.yourpropertyguide.com.au/postcodes/4102,0
/postcodes/4116,Submitted and indexed,2026-08-27,https://www.yourpropertyguide.com.au/postcodes/4116,0
/postcodes/4118,Submitted and indexed,2026-10-09,https://www.yourpropertyguide.com.au/postcodes/4118,0
/postcodes/4212,Submitted and indexed,2026-09-10,https://www.yourpropertyguide.com.au/postcodes/4212,0
/postcodes/4225,Submitted and indexed,2026-09-10,https://www.yourpropertyguide.com.au/postcodes/4225,1
/postcodes/4345,Submitted and indexed,2026-09-21,https://www.yourpropertyguide.com.au/postcodes/4345,0
/postcodes/4465,Submitted and indexed,2026-07-08,https://www.yourpropertyguide.com.au/postcodes/4465,1
/postcodes/4494,Submitted and indexed,2026-06-28,https://www.yourpropertyguide.com.au/postcodes/4494,0
/postcodes/4519,Submitted and indexed,2026-08-05,https://www.yourpropertyguide.com.au/postcodes/4519,0
/postcodes/4550,Submitted and indexed,2026-10-05,https://www.yourpropertyguide.com.au/postcodes/4550,0
/postcodes/4557,Submitted and indexed,2026-06-04,https://www.yourpropertyguide.com.au/postcodes/4557,0
/postcodes/5061,Submitted and indexed,2026-08-22,https://www.yourpropertyguide.com.au/postcodes/5061,0
/postcodes/5094,Submitted and indexed,2026-09-23,https://www.yourpropertyguide.com.au/postcodes/5094,0
/postcodes/5111,Submitted and indexed,2026-10-06,https://www.yourpropertyguide.com.au/postcodes/5111,0
/postcodes/6084,Submitted and indexed,2026-08-02,https://www.yourpropertyguide.com.au/postcodes/6084,0
/postcodes/6103,Submitted and indexed,2026-09-11,https://www.yourpropertyguide.com.au/postcodes/6103,0
/postcodes/6171,Submitted and indexed,2026-07-19,https://www.yourpropertyguide.com.au/postcodes/6171,0
/postcodes/6211,Submitted and indexed,2026-10-06,https://www.yourpropertyguide.com.au/postcodes/6211,0
/postcodes/6462,Submitted and indexed,2026-06-09,https://www.yourpropertyguide.com.au/postcodes/6462,0
/postcodes/6537,Submitted and indexed,2026-10-07,https://www.yourpropertyguide.com.au/postcodes/6537,0
/postcodes/6954,Submitted and indexed,2026-10-01,https://www.yourpropertyguide.com.au/postcodes/6954,0
/price-guide,Submitted and indexed,2026-08-30,https://www.yourpropertyguide.com.au/price-guide,4
/privacy,Submitted and indexed,2026-08-28,https://www.yourpropertyguide.com.au/privacy,2
/property-market,Submitted and indexed,2026-07-03,https://www.yourpropertyguide.com.au/property-market,1
/property-market/adelaide,Submitted and indexed,2026-07-03,https://www.yourpropertyguide.com.au/property-market/adelaide,2
/property-market/brisbane,Submitted and indexed,2026-07-03,https://www.yourpropertyguide.com.au/property-market/brisbane,2
/property-market/canberra,Submitted and indexed,2026-08-30,https://www.yourpropertyguide.com.au/property-market/canberra,1
/property-market/darwin,Submitted and indexed,2026-07-03,https://www.yourpropertyguide.com.au/property-market/darwin,2
/property-market/hobart,Submitted and indexed,2026-07-03,https://www.yourpropertyguide.com.au/property-market/hobart,2
/property-market/melbourne,Submitted and indexed,2026-07-03,https://www.yourpropertyguide.com.au/property-market/melbourne,1
/property-market/perth,Submitted and indexed,2026-07-03,https://www.yourpropertyguide.com.au/property-market/perth,1
/property-market/sydney,Submitted and indexed,2026-07-03,https://www.yourpropertyguide.com.au/property-market/sydney,2
/property-valuation,Submitted and indexed,2026-10-01,https://www.yourpropertyguide.com.au/property-valuation,0
/rba-cash-rate,Submitted and indexed,2026-08-14,https://www.yourpropertyguide.com.au/rba-cash-rate,4
/real-estate-commission-calculator,Submitted and indexed,2026-10-05,https://www.yourpropertyguide.com.au/real-estate-commission-calculator,1
/real-estate-leads,Submitted and indexed,2026-09-26,https://www.yourpropertyguide.com.au/real-estate-leads,0
/real-estate-leads/appraisal-leads,Submitted and indexed,2026-10-09,https://www.yourpropertyguide.com.au/real-estate-leads/appraisal-leads,0
/real-estate-leads/buyer-leads,Submitted and indexed,2026-10-07,https://www.yourpropertyguide.com.au/real-estate-leads/buyer-leads,0
/refinancing-calculator,Submitted and indexed,2026-10-01,https://www.yourpropertyguide.com.au/refinancing-calculator,0
/regions,Submitted and indexed,2026-09-03,https://www.yourpropertyguide.com.au/regions,1
/regions/cassowary-coast,Submitted and indexed,2026-09-10,https://www.yourpropertyguide.com.au/regions/cassowary-coast,0
/regions/christmas-island,Submitted and indexed,2026-08-01,https://www.yourpropertyguide.com.au/regions/christmas-island,0
/regions/darebin,Submitted and indexed,2026-09-20,https://www.yourpropertyguide.com.au/regions/darebin,0
/regions/gwydir,Submitted and indexed,2026-07-04,https://www.yourpropertyguide.com.au/regions/gwydir,1
/regions/kangaroo-island,Submitted and indexed,2026-09-25,https://www.yourpropertyguide.com.au/regions/kangaroo-island,1
/regions/logan,Submitted and indexed,2026-07-02,https://www.yourpropertyguide.com.au/regions/logan,1
/regions/queanbeyan-palerang,Submitted and indexed,2026-06-03,https://www.yourpropertyguide.com.au/regions/queanbeyan-palerang,0
/regions/robe,Submitted and indexed,2026-06-12,https://www.yourpropertyguide.com.au/regions/robe,0
/regions/shark-bay,Submitted and indexed,2026-07-03,https://www.yourpropertyguide.com.au/regions/shark-bay,1
/regions/shellharbour,Submitted and indexed,2026-08-06,https://www.yourpropertyguide.com.au/regions/shellharbour,1
/regions/south-canberra,Submitted and indexed,2026-07-24,https://www.yourpropertyguide.com.au/regions/south-canberra,0
/regions/west-torrens,Submitted and indexed,2026-07-29,https://www.yourpropertyguide.com.au/regions/west-torrens,2
/regions/wingecarribee,Submitted and indexed,2026-07-03,https://www.yourpropertyguide.com.au/regions/wingecarribee,1
/regions/yorke-peninsula,Submitted and indexed,2026-06-29,https://www.yourpropertyguide.com.au/regions/yorke-peninsula,1
/renovating,Submitted and indexed,2026-07-15,https://www.yourpropertyguide.com.au/renovating,3
/rental-yield-calculator,Submitted and indexed,2026-10-07,https://www.yourpropertyguide.com.au/rental-yield-calculator,2
/schools,Submitted and indexed,2026-09-10,https://www.yourpropertyguide.com.au/schools,2
/schools/aberfeldie-primary-school-44727,Submitted and indexed,2026-06-04,https://www.yourpropertyguide.com.au/schools/aberfeldie-primary-school-44727,0
/schools/aberfeldie-primary-school-44727/vs/st-bernard-s-college-45864,Submitted and indexed,2026-06-22,https://www.yourpropertyguide.com.au/schools/aberfeldie-primary-school-44727/vs/st-bernard-s-college-45864,0
/schools/albany-senior-high-school-48116/vs/bethel-christian-school-49054,Submitted and indexed,2026-10-02,https://www.yourpropertyguide.com.au/schools/albany-senior-high-school-48116/vs/bethel-christian-school-49054,1
/schools/arthur-phillip-high-school-41848/vs/parramatta-high-school-41804,Submitted and indexed,2026-06-16,https://www.yourpropertyguide.com.au/schools/arthur-phillip-high-school-41848/vs/parramatta-high-school-41804,0
/schools/ashdale-primary-school-48763/vs/kingsway-christian-college-49068,Submitted and indexed,2026-06-17,https://www.yourpropertyguide.com.au/schools/ashdale-primary-school-48763/vs/kingsway-christian-college-49068,1
/schools/banum-warrik-primary-school-53302/vs/gilgai-plains-primary-school-53063,Submitted and indexed,2026-09-19,https://www.yourpropertyguide.com.au/schools/banum-warrik-primary-school-53302/vs/gilgai-plains-primary-school-53063,1
/schools/barker-college-43838,Submitted and indexed,2026-07-07,https://www.yourpropertyguide.com.au/schools/barker-college-43838,1
/schools/beaconhills-college-46282/vs/pakenham-lakeside-primary-school-45262,Submitted and indexed,2026-10-02,https://www.yourpropertyguide.com.au/schools/beaconhills-college-46282/vs/pakenham-lakeside-primary-school-45262,1
/schools/beverley-hills-primary-school-44855,Submitted and indexed,2026-09-20,https://www.yourpropertyguide.com.au/schools/beverley-hills-primary-school-44855,0
/schools/campbell-high-school-49912,Submitted and indexed,2026-07-20,https://www.yourpropertyguide.com.au/schools/campbell-high-school-49912,1
/schools/carlingford-public-school-41802/vs/carlingford-west-public-school-41730,Submitted and indexed,2026-06-03,https://www.yourpropertyguide.com.au/schools/carlingford-public-school-41802/vs/carlingford-west-public-school-41730,1
/schools/centenary-state-high-school-47217,Submitted and indexed,2026-07-07,https://www.yourpropertyguide.com.au/schools/centenary-state-high-school-47217,1
/schools/centre-of-excellence-in-agricultural-education-52933,Submitted and indexed,2026-07-11,https://www.yourpropertyguide.com.au/schools/centre-of-excellence-in-agricultural-education-52933,1
/schools/chevalier-college-43669/vs/oxley-college-43890,Submitted and indexed,2026-06-30,https://www.yourpropertyguide.com.au/schools/chevalier-college-43669/vs/oxley-college-43890,0
/schools/denistone-east-public-school-41256/vs/epping-boys-high-school-41353,Submitted and indexed,2026-10-02,https://www.yourpropertyguide.com.au/schools/denistone-east-public-school-41256/vs/epping-boys-high-school-41353,1
/schools/faith-lutheran-college-plainland-47958/vs/sophia-college-52744,Submitted and indexed,2026-07-28,https://www.yourpropertyguide.com.au/schools/faith-lutheran-college-plainland-47958/vs/sophia-college-52744,1
/schools/goondiwindi-state-high-school-47477,Submitted and indexed,2026-07-10,https://www.yourpropertyguide.com.au/schools/goondiwindi-state-high-school-47477,1
/schools/ironside-state-school-46479,Submitted and indexed,2026-07-06,https://www.yourpropertyguide.com.au/schools/ironside-state-school-46479,1
/schools/kambala-43920/vs/kincoppal-rose-bay-school-of-the-sacred-heart-43686,Submitted and indexed,2026-08-25,https://www.yourpropertyguide.com.au/schools/kambala-43920/vs/kincoppal-rose-bay-school-of-the-sacred-heart-43686,0
/schools/kellyville-public-school-41634/vs/sherwood-ridge-public-school-41787,Submitted and indexed,2026-07-02,https://www.yourpropertyguide.com.au/schools/kellyville-public-school-41634/vs/sherwood-ridge-public-school-41787,1
/schools/kororoit-creek-primary-school-50284,Submitted and indexed,2026-08-30,https://www.yourpropertyguide.com.au/schools/kororoit-creek-primary-school-50284,1
/schools/loganlea-state-high-school-47532,Submitted and indexed,2026-07-09,https://www.yourpropertyguide.com.au/schools/loganlea-state-high-school-47532,1
/schools/murray-farm-public-school-41298/vs/carlingford-west-public-school-41730,Submitted and indexed,2026-07-07,https://www.yourpropertyguide.com.au/schools/murray-farm-public-school-41298/vs/carlingford-west-public-school-41730,1
/schools/nemarluk-school-50070,Submitted and indexed,2026-07-17,https://www.yourpropertyguide.com.au/schools/nemarluk-school-50070,1
/schools/newport-lakes-primary-school-44044/vs/newport-gardens-primary-school-50217,Submitted and indexed,2026-07-02,https://www.yourpropertyguide.com.au/schools/newport-lakes-primary-school-44044/vs/newport-gardens-primary-school-50217,1
/schools/rowville-primary-school-44961,Submitted and indexed,2026-07-31,https://www.yourpropertyguide.com.au/schools/rowville-primary-school-44961,0
/schools/sophia-college-52744/vs/faith-lutheran-college-plainland-47958,Submitted and indexed,2026-06-22,https://www.yourpropertyguide.com.au/schools/sophia-college-52744/vs/faith-lutheran-college-plainland-47958,0
/schools/southwell-primary-school-48602,Submitted and indexed,2026-07-03,https://www.yourpropertyguide.com.au/schools/southwell-primary-school-48602,1
/schools/st-therese-s-school-45804/vs/aberfeldie-primary-school-44727,Submitted and indexed,2026-07-30,https://www.yourpropertyguide.com.au/schools/st-therese-s-school-45804/vs/aberfeldie-primary-school-44727,0
/schools/strathfield-girls-high-school-41556,Submitted and indexed,2026-10-01,https://www.yourpropertyguide.com.au/schools/strathfield-girls-high-school-41556,0
/schools/trinity-catholic-college-43322,Submitted and indexed,2026-10-03,https://www.yourpropertyguide.com.au/schools/trinity-catholic-college-43322,1
/search,Submitted and indexed,2026-07-18,https://www.yourpropertyguide.com.au/search,3
/selling,Submitted and indexed,2026-07-17,https://www.yourpropertyguide.com.au/selling,2
/selling-costs-calculator,Submitted and indexed,2026-09-24,https://www.yourpropertyguide.com.au/selling-costs-calculator,0
/selling-guide,Submitted and indexed,2026-08-20,https://www.yourpropertyguide.com.au/selling-guide,4
/site-map,Submitted and indexed,2026-08-14,https://www.yourpropertyguide.com.au/site-map,3
/stamp-duty-calculator,Submitted and indexed,2026-08-31,https://www.yourpropertyguide.com.au/stamp-duty-calculator,2
/states,Submitted and indexed,2026-08-24,https://www.yourpropertyguide.com.au/states,2
/suburbs,Submitted and indexed,2026-10-06,https://www.yourpropertyguide.com.au/suburbs,2
/suburbs/aarons-pass-nsw-2850,Submitted and indexed,2026-06-17,https://www.yourpropertyguide.com.au/suburbs/aarons-pass-nsw-2850,0
/suburbs/aberfeldie-vic-3040/agents,Submitted and indexed,2026-09-25,https://www.yourpropertyguide.com.au/suburbs/aberfeldie-vic-3040/agents,1
/suburbs/aberfoyle-park-sa-5159/agents,Submitted and indexed,2026-10-08,https://www.yourpropertyguide.com.au/suburbs/aberfoyle-park-sa-5159/agents,0
/suburbs/acacia-ridge-dc-qld-4110,Submitted and indexed,2026-08-14,https://www.yourpropertyguide.com.au/suburbs/acacia-ridge-dc-qld-4110,1
/suburbs/adelaide-bc-sa-5000/schools,Submitted and indexed,2026-07-14,https://www.yourpropertyguide.com.au/suburbs/adelaide-bc-sa-5000/schools,1
/suburbs/adelaide-sa-5000/rental-market,Submitted and indexed,2026-09-29,https://www.yourpropertyguide.com.au/suburbs/adelaide-sa-5000/rental-market,1
/suburbs/airlie-beach-qld-4802,Submitted and indexed,2026-07-01,https://www.yourpropertyguide.com.au/suburbs/airlie-beach-qld-4802,1
/suburbs/albanvale-vic-3021/agents,Submitted and indexed,2026-09-27,https://www.yourpropertyguide.com.au/suburbs/albanvale-vic-3021/agents,1
/suburbs/albany-wa-6330/agents,Submitted and indexed,2026-09-27,https://www.yourpropertyguide.com.au/suburbs/albany-wa-6330/agents,1
/suburbs/albert-park-vic-3206/agents,Submitted and indexed,2026-09-24,https://www.yourpropertyguide.com.au/suburbs/albert-park-vic-3206/agents,1
/suburbs/angas-plains-sa-5255,Submitted and indexed,2026-06-17,https://www.yourpropertyguide.com.au/suburbs/angas-plains-sa-5255,0
/suburbs/angle-vale-sa-5117,Submitted and indexed,2026-06-22,https://www.yourpropertyguide.com.au/suburbs/angle-vale-sa-5117,0
/suburbs/annandale-nsw-2038,Submitted and indexed,2026-08-26,https://www.yourpropertyguide.com.au/suburbs/annandale-nsw-2038,0
/suburbs/araluen-nt-0870/schools,Submitted and indexed,2026-07-03,https://www.yourpropertyguide.com.au/suburbs/araluen-nt-0870/schools,2
/suburbs/arundel-qld-4214,Submitted and indexed,2026-09-25,https://www.yourpropertyguide.com.au/suburbs/arundel-qld-4214,1
/suburbs/ashfield-nsw-2131/rental-market,Submitted and indexed,2026-07-03,https://www.yourpropertyguide.com.au/suburbs/ashfield-nsw-2131/rental-market,1
/suburbs/atherton-qld-4883/rental-market,Submitted and indexed,2026-07-06,https://www.yourpropertyguide.com.au/suburbs/atherton-qld-4883/rental-market,2
/suburbs/australia-fair-qld-4215/schools,Submitted and indexed,2026-07-17,https://www.yourpropertyguide.com.au/suburbs/australia-fair-qld-4215/schools,1
/suburbs/back-creek-nsw-2729/schools,Submitted and indexed,2026-07-03,https://www.yourpropertyguide.com.au/suburbs/back-creek-nsw-2729/schools,1
/suburbs/badagarang-nsw-2540,Submitted and indexed,2026-09-14,https://www.yourpropertyguide.com.au/suburbs/badagarang-nsw-2540,0
/suburbs/bald-hills-qld-4036/rental-market,Submitted and indexed,2026-07-03,https://www.yourpropertyguide.com.au/suburbs/bald-hills-qld-4036/rental-market,1
/suburbs/ballina-nsw-2478/agents,Submitted and indexed,2026-09-26,https://www.yourpropertyguide.com.au/suburbs/ballina-nsw-2478/agents,1
/suburbs/balnarring-vic-3926/agents,Submitted and indexed,2026-09-24,https://www.yourpropertyguide.com.au/suburbs/balnarring-vic-3926/agents,1
/suburbs/balwyn-north-vic-3104/agents,Submitted and indexed,2026-09-25,https://www.yourpropertyguide.com.au/suburbs/balwyn-north-vic-3104/agents,1
/suburbs/bandiana-vic-3691/agents,Submitted and indexed,2026-09-24,https://www.yourpropertyguide.com.au/suburbs/bandiana-vic-3691/agents,1
/suburbs/bandiana-vic-3694/agents,Submitted and indexed,2026-09-28,https://www.yourpropertyguide.com.au/suburbs/bandiana-vic-3694/agents,1
/suburbs/bango-nsw-2582,Submitted and indexed,2026-07-08,https://www.yourpropertyguide.com.au/suburbs/bango-nsw-2582,2
/suburbs/banksia-nsw-2216,Submitted and indexed,2026-08-21,https://www.yourpropertyguide.com.au/suburbs/banksia-nsw-2216,0
/suburbs/bankstown-north-nsw-2200/rental-market,Submitted and indexed,2026-09-25,https://www.yourpropertyguide.com.au/suburbs/bankstown-north-nsw-2200/rental-market,1
/suburbs/bankstown-nsw-2200/rental-market,Submitted and indexed,2026-09-12,https://www.yourpropertyguide.com.au/suburbs/bankstown-nsw-2200/rental-market,1
/suburbs/bankstown-nsw-2200/vs/mount-lewis-nsw-2190,Submitted and indexed,2026-09-15,https://www.yourpropertyguide.com.au/suburbs/bankstown-nsw-2200/vs/mount-lewis-nsw-2190,1
/suburbs/bankstown-square-nsw-2200/rental-market,Submitted and indexed,2026-07-03,https://www.yourpropertyguide.com.au/suburbs/bankstown-square-nsw-2200/rental-market,1
/suburbs/bannockburn-vic-3331/agents,Submitted and indexed,2026-10-01,https://www.yourpropertyguide.com.au/suburbs/bannockburn-vic-3331/agents,1
/suburbs/baradine-nsw-2396,Submitted and indexed,2026-06-18,https://www.yourpropertyguide.com.au/suburbs/baradine-nsw-2396,0
/suburbs/barton-act-2600,Submitted and indexed,2026-09-25,https://www.yourpropertyguide.com.au/suburbs/barton-act-2600,0
/suburbs/bathurst-nsw-2795/agents,Submitted and indexed,2026-09-25,https://www.yourpropertyguide.com.au/suburbs/bathurst-nsw-2795/agents,1
/suburbs/baw-baw-nsw-2580/schools,Submitted and indexed,2026-07-03,https://www.yourpropertyguide.com.au/suburbs/baw-baw-nsw-2580/schools,1
/suburbs/bayview-heights-qld-4868/schools,Submitted and indexed,2026-07-03,https://www.yourpropertyguide.com.au/suburbs/bayview-heights-qld-4868/schools,1
/suburbs/beaudesert-qld-4285/rental-market,Submitted and indexed,2026-07-03,https://www.yourpropertyguide.com.au/suburbs/beaudesert-qld-4285/rental-market,1
/suburbs/belconnen-dc-act-2617/schools,Submitted and indexed,2026-07-03,https://www.yourpropertyguide.com.au/suburbs/belconnen-dc-act-2617/schools,1
/suburbs/belmont-qld-4153,Submitted and indexed,2026-07-08,https://www.yourpropertyguide.com.au/suburbs/belmont-qld-4153,1
/suburbs/benayeo-vic-3319/schools,Submitted and indexed,2026-07-20,https://www.yourpropertyguide.com.au/suburbs/benayeo-vic-3319/schools,1
/suburbs/bendigo-vic-3550/rental-market,Submitted and indexed,2026-08-25,https://www.yourpropertyguide.com.au/suburbs/bendigo-vic-3550/rental-market,0
/suburbs/bermagui-nsw-2546/agents,Submitted and indexed,2026-09-28,https://www.yourpropertyguide.com.au/suburbs/bermagui-nsw-2546/agents,1
/suburbs/berserker-qld-4701/rental-market,Submitted and indexed,2026-07-03,https://www.yourpropertyguide.com.au/suburbs/berserker-qld-4701/rental-market,1
/suburbs/berwick-vic-3806/rental-market,Submitted and indexed,2026-09-12,https://www.yourpropertyguide.com.au/suburbs/berwick-vic-3806/rental-market,2
/suburbs/bindera-nsw-2422,Submitted and indexed,2026-10-06,https://www.yourpropertyguide.com.au/suburbs/bindera-nsw-2422,1
/suburbs/blackburn-vic-3130/agents,Submitted and indexed,2026-09-26,https://www.yourpropertyguide.com.au/suburbs/blackburn-vic-3130/agents,1
/suburbs/blackburn-vic-3130/rental-market,Submitted and indexed,2026-07-03,https://www.yourpropertyguide.com.au/suburbs/blackburn-vic-3130/rental-market,1
/suburbs/blackbutt-north-qld-4314,Submitted and indexed,2026-09-24,https://www.yourpropertyguide.com.au/suburbs/blackbutt-north-qld-4314,0
/suburbs/blacks-beach-qld-4740,Submitted and indexed,2026-08-30,https://www.yourpropertyguide.com.au/suburbs/blacks-beach-qld-4740,2
/suburbs/blacktown-nsw-2148/rental-market,Submitted and indexed,2026-09-16,https://www.yourpropertyguide.com.au/suburbs/blacktown-nsw-2148/rental-market,1
/suburbs/boambee-nsw-2450/rental-market,Submitted and indexed,2026-07-03,https://www.yourpropertyguide.com.au/suburbs/boambee-nsw-2450/rental-market,1
/suburbs/bolton-point-nsw-2283,Submitted and indexed,2026-07-02,https://www.yourpropertyguide.com.au/suburbs/bolton-point-nsw-2283,1
/suburbs/bom-bom-nsw-2460/rental-market,Submitted and indexed,2026-10-08,https://www.yourpropertyguide.com.au/suburbs/bom-bom-nsw-2460/rental-market,0
/suburbs/bondi-junction-nsw-2022,Submitted and indexed,2026-07-15,https://www.yourpropertyguide.com.au/suburbs/bondi-junction-nsw-2022,0
/suburbs/bondi-nsw-2026,Submitted and indexed,2026-08-29,https://www.yourpropertyguide.com.au/suburbs/bondi-nsw-2026,0
/suburbs/boodarie-wa-6722,Submitted and indexed,2026-06-17,https://www.yourpropertyguide.com.au/suburbs/boodarie-wa-6722,0
/suburbs/booragoon-wa-6154,Submitted and indexed,2026-08-27,https://www.yourpropertyguide.com.au/suburbs/booragoon-wa-6154,1
/suburbs/boronia-vic-3155/rental-market,Submitted and indexed,2026-07-03,https://www.yourpropertyguide.com.au/suburbs/boronia-vic-3155/rental-market,1
/suburbs/boulia-qld-4829,Submitted and indexed,2026-09-10,https://www.yourpropertyguide.com.au/suburbs/boulia-qld-4829,0
/suburbs/bowden-sa-5007/rental-market,Submitted and indexed,2026-07-03,https://www.yourpropertyguide.com.au/suburbs/bowden-sa-5007/rental-market,1
/suburbs/bowen-qld-4805/rental-market,Submitted and indexed,2026-07-03,https://www.yourpropertyguide.com.au/suburbs/bowen-qld-4805/rental-market,1
/suburbs/box-hill-south-vic-3128/agents,Submitted and indexed,2026-09-26,https://www.yourpropertyguide.com.au/suburbs/box-hill-south-vic-3128/agents,0
/suburbs/box-hill-vic-3128/rental-market,Submitted and indexed,2026-07-03,https://www.yourpropertyguide.com.au/suburbs/box-hill-vic-3128/rental-market,1
/suburbs/bradys-lake-tas-7140/schools,Submitted and indexed,2026-07-17,https://www.yourpropertyguide.com.au/suburbs/bradys-lake-tas-7140/schools,1
/suburbs/bribie-island-qld-4507/agents,Submitted and indexed,2026-09-29,https://www.yourpropertyguide.com.au/suburbs/bribie-island-qld-4507/agents,1
/suburbs/bribie-island-qld-4507/rental-market,Submitted and indexed,2026-07-03,https://www.yourpropertyguide.com.au/suburbs/bribie-island-qld-4507/rental-market,1
/suburbs/brighton-sa-5048/agents,Submitted and indexed,2026-09-26,https://www.yourpropertyguide.com.au/suburbs/brighton-sa-5048/agents,1
/suburbs/brighton-sa-5048/rental-market,Submitted and indexed,2026-07-03,https://www.yourpropertyguide.com.au/suburbs/brighton-sa-5048/rental-market,1
/suburbs/brisbane-city-dc-qld-4000/rental-market,Submitted and indexed,2026-07-03,https://www.yourpropertyguide.com.au/suburbs/brisbane-city-dc-qld-4000/rental-market,1
/suburbs/brisbane-city-qld-4000/rental-market,Submitted and indexed,2026-07-03,https://www.yourpropertyguide.com.au/suburbs/brisbane-city-qld-4000/rental-market,1
/suburbs/brisbane-gpo-qld-4000,Submitted and indexed,2026-07-08,https://www.yourpropertyguide.com.au/suburbs/brisbane-gpo-qld-4000,1
/suburbs/brisbane-market-qld-4106/rental-market,Submitted and indexed,2026-07-03,https://www.yourpropertyguide.com.au/suburbs/brisbane-market-qld-4106/rental-market,1
/suburbs/brisbane-qld-4000/rental-market,Submitted and indexed,2026-07-03,https://www.yourpropertyguide.com.au/suburbs/brisbane-qld-4000/rental-market,1
/suburbs/brompton-sa-5007/agents,Submitted and indexed,2026-09-24,https://www.yourpropertyguide.com.au/suburbs/brompton-sa-5007/agents,1
/suburbs/brookside-centre-qld-4053/schools,Submitted and indexed,2026-10-06,https://www.yourpropertyguide.com.au/suburbs/brookside-centre-qld-4053/schools,1
/suburbs/brookvale-nsw-2100,Submitted and indexed,2026-06-17,https://www.yourpropertyguide.com.au/suburbs/brookvale-nsw-2100,0
/suburbs/browns-plains-bc-qld-4118,Submitted and indexed,2026-08-29,https://www.yourpropertyguide.com.au/suburbs/browns-plains-bc-qld-4118,0
/suburbs/bruce-act-2617/agents,Submitted and indexed,2026-09-25,https://www.yourpropertyguide.com.au/suburbs/bruce-act-2617/agents,1
/suburbs/brunswick-vic-3056/rental-market,Submitted and indexed,2026-07-03,https://www.yourpropertyguide.com.au/suburbs/brunswick-vic-3056/rental-market,1
/suburbs/buderim-qld-4556,Submitted and indexed,2026-08-28,https://www.yourpropertyguide.com.au/suburbs/buderim-qld-4556,1
/suburbs/budgee-qld-4359,Submitted and indexed,2026-06-18,https://www.yourpropertyguide.com.au/suburbs/budgee-qld-4359,0
/suburbs/bulleen-vic-3105,Submitted and indexed,2026-09-30,https://www.yourpropertyguide.com.au/suburbs/bulleen-vic-3105,0
/suburbs/bundanoon-nsw-2578,Submitted and indexed,2026-07-03,https://www.yourpropertyguide.com.au/suburbs/bundanoon-nsw-2578,1
/suburbs/burnett-heads-qld-4670,Submitted and indexed,2026-09-28,https://www.yourpropertyguide.com.au/suburbs/burnett-heads-qld-4670,0
/suburbs/burnside-vic-3023/agents,Submitted and indexed,2026-09-27,https://www.yourpropertyguide.com.au/suburbs/burnside-vic-3023/agents,1
/suburbs/burra-sa-5417,Submitted and indexed,2026-10-09,https://www.yourpropertyguide.com.au/suburbs/burra-sa-5417,1
/suburbs/burwood-east-vic-3151/rental-market,Submitted and indexed,2026-07-03,https://www.yourpropertyguide.com.au/suburbs/burwood-east-vic-3151/rental-market,1
/suburbs/burwood-vic-3125/rental-market,Submitted and indexed,2026-07-03,https://www.yourpropertyguide.com.au/suburbs/burwood-vic-3125/rental-market,1
/suburbs/butler-wa-6036,Submitted and indexed,2026-08-22,https://www.yourpropertyguide.com.au/suburbs/butler-wa-6036,0
/suburbs/buxton-nsw-2571/rental-market,Submitted and indexed,2026-07-03,https://www.yourpropertyguide.com.au/suburbs/buxton-nsw-2571/rental-market,1
/suburbs/caboolture-qld-4510/rental-market,Submitted and indexed,2026-07-03,https://www.yourpropertyguide.com.au/suburbs/caboolture-qld-4510/rental-market,1
/suburbs/calista-wa-6167/agents,Submitted and indexed,2026-10-06,https://www.yourpropertyguide.com.au/suburbs/calista-wa-6167/agents,0
/suburbs/callaghans-creek-nsw-2422/rental-market,Submitted and indexed,2026-07-03,https://www.yourpropertyguide.com.au/suburbs/callaghans-creek-nsw-2422/rental-market,1
/suburbs/camberwell-vic-3124/agents,Submitted and indexed,2026-09-24,https://www.yourpropertyguide.com.au/suburbs/camberwell-vic-3124/agents,1
/suburbs/camillo-wa-6111/rental-market,Submitted and indexed,2026-07-03,https://www.yourpropertyguide.com.au/suburbs/camillo-wa-6111/rental-market,1
/suburbs/camperdown-nsw-2050/rental-market,Submitted and indexed,2026-07-03,https://www.yourpropertyguide.com.au/suburbs/camperdown-nsw-2050/rental-market,1
/suburbs/canada-bay-nsw-2046/schools,Submitted and indexed,2026-07-03,https://www.yourpropertyguide.com.au/suburbs/canada-bay-nsw-2046/schools,1
/suburbs/canberra-act-2600/rental-market,Submitted and indexed,2026-07-03,https://www.yourpropertyguide.com.au/suburbs/canberra-act-2600/rental-market,1
/suburbs/canterbury-vic-3126/agents,Submitted and indexed,2026-09-24,https://www.yourpropertyguide.com.au/suburbs/canterbury-vic-3126/agents,0
/suburbs/cardiff-south-nsw-2285,Submitted and indexed,2026-06-26,https://www.yourpropertyguide.com.au/suburbs/cardiff-south-nsw-2285,0
/suburbs/carindale-qld-4152/agents,Submitted and indexed,2026-09-24,https://www.yourpropertyguide.com.au/suburbs/carindale-qld-4152/agents,1
/suburbs/carlton-north-vic-3054/agents,Submitted and indexed,2026-09-30,https://www.yourpropertyguide.com.au/suburbs/carlton-north-vic-3054/agents,1
/suburbs/carlton-vic-3000/agents,Submitted and indexed,2026-09-27,https://www.yourpropertyguide.com.au/suburbs/carlton-vic-3000/agents,1
/suburbs/carnegie-vic-3163/agents,Submitted and indexed,2026-09-24,https://www.yourpropertyguide.com.au/suburbs/carnegie-vic-3163/agents,0
/suburbs/caroline-springs-vic-3023/agents,Submitted and indexed,2026-09-26,https://www.yourpropertyguide.com.au/suburbs/caroline-springs-vic-3023/agents,0
/suburbs/carramar-wa-6031/agents,Submitted and indexed,2026-09-24,https://www.yourpropertyguide.com.au/suburbs/carramar-wa-6031/agents,1
/suburbs/castle-hill-nsw-2154/agents,Submitted and indexed,2026-09-28,https://www.yourpropertyguide.com.au/suburbs/castle-hill-nsw-2154/agents,1
/suburbs/casuarina-nsw-2487,Submitted and indexed,2026-07-05,https://www.yourpropertyguide.com.au/suburbs/casuarina-nsw-2487,0
/suburbs/catherine-hill-bay-nsw-2281,Submitted and indexed,2026-08-20,https://www.yourpropertyguide.com.au/suburbs/catherine-hill-bay-nsw-2281,1
/suburbs/caulfield-north-vic-3161/agents,Submitted and indexed,2026-09-26,https://www.yourpropertyguide.com.au/suburbs/caulfield-north-vic-3161/agents,1
/suburbs/caulfield-south-vic-3162/agents,Submitted and indexed,2026-09-25,https://www.yourpropertyguide.com.au/suburbs/caulfield-south-vic-3162/agents,1
/suburbs/champion-lakes-wa-6111,Submitted and indexed,2026-06-18,https://www.yourpropertyguide.com.au/suburbs/champion-lakes-wa-6111,0
/suburbs/charlestown-nsw-2290,Submitted and indexed,2026-06-19,https://www.yourpropertyguide.com.au/suburbs/charlestown-nsw-2290,0
/suburbs/charleville-qld-4470/rental-market,Submitted and indexed,2026-07-03,https://www.yourpropertyguide.com.au/suburbs/charleville-qld-4470/rental-market,1
/suburbs/charters-towers-qld-4820/agents,Submitted and indexed,2026-09-25,https://www.yourpropertyguide.com.au/suburbs/charters-towers-qld-4820/agents,0
/suburbs/chelsea-heights-vic-3196/agents,Submitted and indexed,2026-09-27,https://www.yourpropertyguide.com.au/suburbs/chelsea-heights-vic-3196/agents,1
/suburbs/cheltenham-vic-3192/agents,Submitted and indexed,2026-09-28,https://www.yourpropertyguide.com.au/suburbs/cheltenham-vic-3192/agents,0
/suburbs/chermside-south-qld-4032,Submitted and indexed,2026-07-08,https://www.yourpropertyguide.com.au/suburbs/chermside-south-qld-4032,1
/suburbs/chifley-nsw-2036,Submitted and indexed,2026-09-10,https://www.yourpropertyguide.com.au/suburbs/chifley-nsw-2036,0
/suburbs/chinchilla-qld-4413/rental-market,Submitted and indexed,2026-07-03,https://www.yourpropertyguide.com.au/suburbs/chinchilla-qld-4413/rental-market,1
/suburbs/chipping-norton-nsw-2170,Submitted and indexed,2026-08-29,https://www.yourpropertyguide.com.au/suburbs/chipping-norton-nsw-2170,0
/suburbs/christies-beach-sa-5165/rental-market,Submitted and indexed,2026-07-03,https://www.yourpropertyguide.com.au/suburbs/christies-beach-sa-5165/rental-market,1
/suburbs/churchlands-wa-6018/rental-market,Submitted and indexed,2026-07-03,https://www.yourpropertyguide.com.au/suburbs/churchlands-wa-6018/rental-market,1
/suburbs/clarkson-wa-6030/rental-market,Submitted and indexed,2026-07-03,https://www.yourpropertyguide.com.au/suburbs/clarkson-wa-6030/rental-market,1
/suburbs/claymore-nsw-2559,Submitted and indexed,2026-09-10,https://www.yourpropertyguide.com.au/suburbs/claymore-nsw-2559,0
/suburbs/clayton-south-vic-3169/agents,Submitted and indexed,2026-09-26,https://www.yourpropertyguide.com.au/suburbs/clayton-south-vic-3169/agents,1
/suburbs/clayton-vic-3168/agents,Submitted and indexed,2026-09-28,https://www.yourpropertyguide.com.au/suburbs/clayton-vic-3168/agents,1
/suburbs/cleveland-qld-4163/rental-market,Submitted and indexed,2026-07-03,https://www.yourpropertyguide.com.au/suburbs/cleveland-qld-4163/rental-market,1
/suburbs/clifton-hill-vic-3066/rental-market,Submitted and indexed,2026-07-21,https://www.yourpropertyguide.com.au/suburbs/clifton-hill-vic-3066/rental-market,0
/suburbs/clyde-vic-3978/schools,Submitted and indexed,2026-07-16,https://www.yourpropertyguide.com.au/suburbs/clyde-vic-3978/schools,1
/suburbs/coburg-vic-3058/rental-market,Submitted and indexed,2026-07-03,https://www.yourpropertyguide.com.au/suburbs/coburg-vic-3058/rental-market,0
/suburbs/college-park-sa-5069,Submitted and indexed,2026-09-26,https://www.yourpropertyguide.com.au/suburbs/college-park-sa-5069,0
/suburbs/collingwood-vic-3066/agents,Submitted and indexed,2026-09-29,https://www.yourpropertyguide.com.au/suburbs/collingwood-vic-3066/agents,1
/suburbs/collinsville-qld-4804/agents,Submitted and indexed,2026-09-25,https://www.yourpropertyguide.com.au/suburbs/collinsville-qld-4804/agents,1
/suburbs/como-wa-6152/agents,Submitted and indexed,2026-09-27,https://www.yourpropertyguide.com.au/suburbs/como-wa-6152/agents,1
/suburbs/conjola-nsw-2539,Submitted and indexed,2026-08-31,https://www.yourpropertyguide.com.au/suburbs/conjola-nsw-2539,0
/suburbs/coogee-nsw-2034,Submitted and indexed,2026-07-08,https://www.yourpropertyguide.com.au/suburbs/coogee-nsw-2034,1
/suburbs/cooktown-qld-4895/rental-market,Submitted and indexed,2026-07-03,https://www.yourpropertyguide.com.au/suburbs/cooktown-qld-4895/rental-market,1
/suburbs/coolangatta-qld-4225/rental-market,Submitted and indexed,2026-07-03,https://www.yourpropertyguide.com.au/suburbs/coolangatta-qld-4225/rental-market,1
/suburbs/coolbellup-wa-6163/agents,Submitted and indexed,2026-09-24,https://www.yourpropertyguide.com.au/suburbs/coolbellup-wa-6163/agents,1
/suburbs/coolum-beach-qld-4573/rental-market,Submitted and indexed,2026-07-03,https://www.yourpropertyguide.com.au/suburbs/coolum-beach-qld-4573/rental-market,1
/suburbs/coomera-qld-4209,Submitted and indexed,2026-10-03,https://www.yourpropertyguide.com.au/suburbs/coomera-qld-4209,0
/suburbs/coonambula-qld-4626,Submitted and indexed,2026-06-18,https://www.yourpropertyguide.com.au/suburbs/coonambula-qld-4626,0
/suburbs/cootamundra-nsw-2590,Submitted and indexed,2026-06-17,https://www.yourpropertyguide.com.au/suburbs/cootamundra-nsw-2590,0
/suburbs/cowes-vic-3922/agents,Submitted and indexed,2026-10-01,https://www.yourpropertyguide.com.au/suburbs/cowes-vic-3922/agents,1
/suburbs/cowra-nsw-2794,Submitted and indexed,2026-06-18,https://www.yourpropertyguide.com.au/suburbs/cowra-nsw-2794,0
/suburbs/craigieburn-vic-3064/rental-market,Submitted and indexed,2026-07-03,https://www.yourpropertyguide.com.au/suburbs/craigieburn-vic-3064/rental-market,1
/suburbs/craigieburn-vic-3064/vs/yuroke-vic-3063,Submitted and indexed,2026-09-15,https://www.yourpropertyguide.com.au/suburbs/craigieburn-vic-3064/vs/yuroke-vic-3063,0
/suburbs/craigmore-sa-5114,Submitted and indexed,2026-08-29,https://www.yourpropertyguide.com.au/suburbs/craigmore-sa-5114,0
/suburbs/cranbourne-vic-3977/rental-market,Submitted and indexed,2026-07-03,https://www.yourpropertyguide.com.au/suburbs/cranbourne-vic-3977/rental-market,1
/suburbs/croydon-nsw-2132,Submitted and indexed,2026-07-07,https://www.yourpropertyguide.com.au/suburbs/croydon-nsw-2132,1
/suburbs/cullalla-wa-6503,Submitted and indexed,2026-06-17,https://www.yourpropertyguide.com.au/suburbs/cullalla-wa-6503,0
/suburbs/dalby-qld-4405/rental-market,Submitted and indexed,2026-07-03,https://www.yourpropertyguide.com.au/suburbs/dalby-qld-4405/rental-market,1
/suburbs/dales-creek-vic-3341/schools,Submitted and indexed,2026-07-03,https://www.yourpropertyguide.com.au/suburbs/dales-creek-vic-3341/schools,1
/suburbs/dandenong-vic-3175/rental-market,Submitted and indexed,2026-09-22,https://www.yourpropertyguide.com.au/suburbs/dandenong-vic-3175/rental-market,0
/suburbs/dapto-nsw-2530/rental-market,Submitted and indexed,2026-07-03,https://www.yourpropertyguide.com.au/suburbs/dapto-nsw-2530/rental-market,1
/suburbs/darch-wa-6065/rental-market,Submitted and indexed,2026-07-03,https://www.yourpropertyguide.com.au/suburbs/darch-wa-6065/rental-market,1
/suburbs/darling-point-nsw-2027,Submitted and indexed,2026-09-29,https://www.yourpropertyguide.com.au/suburbs/darling-point-nsw-2027,0
/suburbs/davidson-nsw-2085/rental-market,Submitted and indexed,2026-07-03,https://www.yourpropertyguide.com.au/suburbs/davidson-nsw-2085/rental-market,1
/suburbs/davoren-park-sa-5113/rental-market,Submitted and indexed,2026-07-03,https://www.yourpropertyguide.com.au/suburbs/davoren-park-sa-5113/rental-market,1
/suburbs/deception-bay-qld-4508,Submitted and indexed,2026-10-04,https://www.yourpropertyguide.com.au/suburbs/deception-bay-qld-4508,3
/suburbs/deception-bay-qld-4508/rental-market,Submitted and indexed,2026-07-03,https://www.yourpropertyguide.com.au/suburbs/deception-bay-qld-4508/rental-market,1
/suburbs/deepdene-vic-3103,Submitted and indexed,2026-09-27,https://www.yourpropertyguide.com.au/suburbs/deepdene-vic-3103,0
/suburbs/deepdene-vic-3103/agents,Submitted and indexed,2026-09-24,https://www.yourpropertyguide.com.au/suburbs/deepdene-vic-3103/agents,1
/suburbs/deniliquin-nsw-2710,Submitted and indexed,2026-06-17,https://www.yourpropertyguide.com.au/suburbs/deniliquin-nsw-2710,0
/suburbs/denmark-wa-6333/agents,Submitted and indexed,2026-09-27,https://www.yourpropertyguide.com.au/suburbs/denmark-wa-6333/agents,1
/suburbs/devonport-tas-7310,Submitted and indexed,2026-07-09,https://www.yourpropertyguide.com.au/suburbs/devonport-tas-7310,1
/suburbs/devonport-tas-7310/agents,Submitted and indexed,2026-09-30,https://www.yourpropertyguide.com.au/suburbs/devonport-tas-7310/agents,1
/suburbs/devonport-tas-7310/rental-market,Submitted and indexed,2026-07-03,https://www.yourpropertyguide.com.au/suburbs/devonport-tas-7310/rental-market,1
/suburbs/diamond-creek-vic-3089/agents,Submitted and indexed,2026-09-26,https://www.yourpropertyguide.com.au/suburbs/diamond-creek-vic-3089/agents,1
/suburbs/docklands-vic-3008/agents,Submitted and indexed,2026-09-25,https://www.yourpropertyguide.com.au/suburbs/docklands-vic-3008/agents,1
/suburbs/docklands-vic-3008/schools,Submitted and indexed,2026-07-17,https://www.yourpropertyguide.com.au/suburbs/docklands-vic-3008/schools,1
/suburbs/doncaster-east-vic-3109/rental-market,Submitted and indexed,2026-09-10,https://www.yourpropertyguide.com.au/suburbs/doncaster-east-vic-3109/rental-market,1
/suburbs/donvale-vic-3111/agents,Submitted and indexed,2026-09-25,https://www.yourpropertyguide.com.au/suburbs/donvale-vic-3111/agents,1
/suburbs/doreen-vic-3754/agents,Submitted and indexed,2026-10-01,https://www.yourpropertyguide.com.au/suburbs/doreen-vic-3754/agents,1
/suburbs/drouin-vic-3818,Submitted and indexed,2026-07-08,https://www.yourpropertyguide.com.au/suburbs/drouin-vic-3818,1
/suburbs/dubbo-nsw-2830,Submitted and indexed,2026-09-30,https://www.yourpropertyguide.com.au/suburbs/dubbo-nsw-2830,0
/suburbs/dubbo-nsw-2830/agents,Submitted and indexed,2026-09-24,https://www.yourpropertyguide.com.au/suburbs/dubbo-nsw-2830/agents,0
/suburbs/dundas-nsw-2117,Submitted and indexed,2026-07-08,https://www.yourpropertyguide.com.au/suburbs/dundas-nsw-2117,2
/suburbs/dunlop-act-2615/vs/latham-act-2615,Submitted and indexed,2026-09-24,https://www.yourpropertyguide.com.au/suburbs/dunlop-act-2615/vs/latham-act-2615,0
/suburbs/dysart-qld-4745/rental-market,Submitted and indexed,2026-07-03,https://www.yourpropertyguide.com.au/suburbs/dysart-qld-4745/rental-market,1
/suburbs/east-devonport-tas-7310/agents,Submitted and indexed,2026-09-25,https://www.yourpropertyguide.com.au/suburbs/east-devonport-tas-7310/agents,1
/suburbs/east-fremantle-wa-6158/agents,Submitted and indexed,2026-09-29,https://www.yourpropertyguide.com.au/suburbs/east-fremantle-wa-6158/agents,1
/suburbs/east-innisfail-qld-4860,Submitted and indexed,2026-06-18,https://www.yourpropertyguide.com.au/suburbs/east-innisfail-qld-4860,0
/suburbs/east-melbourne-vic-3002/agents,Submitted and indexed,2026-09-24,https://www.yourpropertyguide.com.au/suburbs/east-melbourne-vic-3002/agents,1
/suburbs/east-side-nt-0870/agents,Submitted and indexed,2026-09-25,https://www.yourpropertyguide.com.au/suburbs/east-side-nt-0870/agents,1
/suburbs/eastgardens-nsw-2036/vs/maroubra-nsw-2035,Submitted and indexed,2026-10-01,https://www.yourpropertyguide.com.au/suburbs/eastgardens-nsw-2036/vs/maroubra-nsw-2035,0
/suburbs/eastwood-nsw-2122/schools,Submitted and indexed,2026-09-10,https://www.yourpropertyguide.com.au/suburbs/eastwood-nsw-2122/schools,1
/suburbs/echuca-vic-3564/agents,Submitted and indexed,2026-09-25,https://www.yourpropertyguide.com.au/suburbs/echuca-vic-3564/agents,1
/suburbs/edenhope-vic-3318,Submitted and indexed,2026-08-29,https://www.yourpropertyguide.com.au/suburbs/edenhope-vic-3318,1
/suburbs/edinburgh-sa-5111/schools,Submitted and indexed,2026-07-16,https://www.yourpropertyguide.com.au/suburbs/edinburgh-sa-5111/schools,1
/suburbs/elderslie-nsw-2570,Submitted and indexed,2026-09-30,https://www.yourpropertyguide.com.au/suburbs/elderslie-nsw-2570,0
/suburbs/eldorado-vic-3746,Submitted and indexed,2026-07-31,https://www.yourpropertyguide.com.au/suburbs/eldorado-vic-3746,0
/suburbs/elimbah-qld-4516/agents,Submitted and indexed,2026-09-24,https://www.yourpropertyguide.com.au/suburbs/elimbah-qld-4516/agents,1
/suburbs/elizabeth-south-sa-5112/rental-market,Submitted and indexed,2026-07-03,https://www.yourpropertyguide.com.au/suburbs/elizabeth-south-sa-5112/rental-market,1
/suburbs/ellenbrook-wa-6069/agents,Submitted and indexed,2026-09-24,https://www.yourpropertyguide.com.au/suburbs/ellenbrook-wa-6069/agents,1
/suburbs/eltham-vic-3095/agents,Submitted and indexed,2026-09-26,https://www.yourpropertyguide.com.au/suburbs/eltham-vic-3095/agents,1
/suburbs/elwood-vic-3184/agents,Submitted and indexed,2026-09-25,https://www.yourpropertyguide.com.au/suburbs/elwood-vic-3184/agents,0
/suburbs/emerald-qld-4720/rental-market,Submitted and indexed,2026-07-03,https://www.yourpropertyguide.com.au/suburbs/emerald-qld-4720/rental-market,1
/suburbs/emerald-vic-3782/agents,Submitted and indexed,2026-09-27,https://www.yourpropertyguide.com.au/suburbs/emerald-vic-3782/agents,1
/suburbs/essendon-vic-3040/agents,Submitted and indexed,2026-09-24,https://www.yourpropertyguide.com.au/suburbs/essendon-vic-3040/agents,0
/suburbs/everton-park-qld-4053/rental-market,Submitted and indexed,2026-07-03,https://www.yourpropertyguide.com.au/suburbs/everton-park-qld-4053/rental-market,1
/suburbs/fairlight-nsw-2094,Submitted and indexed,2026-09-26,https://www.yourpropertyguide.com.au/suburbs/fairlight-nsw-2094,0
/suburbs/ferndale-wa-6148,Submitted and indexed,2026-06-18,https://www.yourpropertyguide.com.au/suburbs/ferndale-wa-6148,0
/suburbs/fine-flower-nsw-2460,Submitted and indexed,2026-06-20,https://www.yourpropertyguide.com.au/suburbs/fine-flower-nsw-2460,0
/suburbs/fitzroy-north-vic-3068/agents,Submitted and indexed,2026-09-25,https://www.yourpropertyguide.com.au/suburbs/fitzroy-north-vic-3068/agents,1
/suburbs/fitzroy-vic-3065/agents,Submitted and indexed,2026-09-24,https://www.yourpropertyguide.com.au/suburbs/fitzroy-vic-3065/agents,0
/suburbs/flinders-park-sa-5025/agents,Submitted and indexed,2026-09-25,https://www.yourpropertyguide.com.au/suburbs/flinders-park-sa-5025/agents,1
/suburbs/flinders-view-qld-4305,Submitted and indexed,2026-08-29,https://www.yourpropertyguide.com.au/suburbs/flinders-view-qld-4305,1
/suburbs/floreat-wa-6014/rental-market,Submitted and indexed,2026-07-03,https://www.yourpropertyguide.com.au/suburbs/floreat-wa-6014/rental-market,1
/suburbs/flowerdale-tas-7325/vs/wynyard-tas-7325,Submitted and indexed,2026-10-01,https://www.yourpropertyguide.com.au/suburbs/flowerdale-tas-7325/vs/wynyard-tas-7325,0
/suburbs/footscray-vic-3011/rental-market,Submitted and indexed,2026-07-03,https://www.yourpropertyguide.com.au/suburbs/footscray-vic-3011/rental-market,1
/suburbs/fountain-gate-vic-3805,Submitted and indexed,2026-06-17,https://www.yourpropertyguide.com.au/suburbs/fountain-gate-vic-3805,0
/suburbs/frankston-south-vic-3199/agents,Submitted and indexed,2026-09-25,https://www.yourpropertyguide.com.au/suburbs/frankston-south-vic-3199/agents,1
/suburbs/frankston-vic-3199/agents,Submitted and indexed,2026-09-29,https://www.yourpropertyguide.com.au/suburbs/frankston-vic-3199/agents,1
/suburbs/fraser-rise-vic-3336/agents,Submitted and indexed,2026-09-25,https://www.yourpropertyguide.com.au/suburbs/fraser-rise-vic-3336/agents,1
/suburbs/fyansford-vic-3218/agents,Submitted and indexed,2026-09-25,https://www.yourpropertyguide.com.au/suburbs/fyansford-vic-3218/agents,1
/suburbs/gamboola-qld-4892,Submitted and indexed,2026-06-16,https://www.yourpropertyguide.com.au/suburbs/gamboola-qld-4892,1
/suburbs/garbutt-qld-4814/rental-market,Submitted and indexed,2026-07-03,https://www.yourpropertyguide.com.au/suburbs/garbutt-qld-4814/rental-market,1
/suburbs/garran-act-2605,Submitted and indexed,2026-08-29,https://www.yourpropertyguide.com.au/suburbs/garran-act-2605,1
/suburbs/gatton-qld-4343/rental-market,Submitted and indexed,2026-07-14,https://www.yourpropertyguide.com.au/suburbs/gatton-qld-4343/rental-market,1
/suburbs/gawler-east-sa-5118,Submitted and indexed,2026-08-26,https://www.yourpropertyguide.com.au/suburbs/gawler-east-sa-5118,0
/suburbs/geelong-vic-3220/rental-market,Submitted and indexed,2026-07-03,https://www.yourpropertyguide.com.au/suburbs/geelong-vic-3220/rental-market,1
/suburbs/geraldton-wa-6530/rental-market,Submitted and indexed,2026-07-03,https://www.yourpropertyguide.com.au/suburbs/geraldton-wa-6530/rental-market,1
/suburbs/gin-gin-qld-4671/agents,Submitted and indexed,2026-09-25,https://www.yourpropertyguide.com.au/suburbs/gin-gin-qld-4671/agents,1
/suburbs/giralang-act-2617/agents,Submitted and indexed,2026-09-26,https://www.yourpropertyguide.com.au/suburbs/giralang-act-2617/agents,1
/suburbs/gladstone-qld-4680/rental-market,Submitted and indexed,2026-10-03,https://www.yourpropertyguide.com.au/suburbs/gladstone-qld-4680/rental-market,1
/suburbs/glen-huntly-vic-3163/agents,Submitted and indexed,2026-09-24,https://www.yourpropertyguide.com.au/suburbs/glen-huntly-vic-3163/agents,1
/suburbs/glen-iris-vic-3146/agents,Submitted and indexed,2026-09-28,https://www.yourpropertyguide.com.au/suburbs/glen-iris-vic-3146/agents,1
/suburbs/glen-waverley-vic-3150/agents,Submitted and indexed,2026-09-27,https://www.yourpropertyguide.com.au/suburbs/glen-waverley-vic-3150/agents,1
/suburbs/glencoe-nsw-2365/rental-market,Submitted and indexed,2026-09-12,https://www.yourpropertyguide.com.au/suburbs/glencoe-nsw-2365/rental-market,1
/suburbs/glenelg-east-sa-5045/agents,Submitted and indexed,2026-09-29,https://www.yourpropertyguide.com.au/suburbs/glenelg-east-sa-5045/agents,1
/suburbs/glenelg-north-sa-5045/agents,Submitted and indexed,2026-09-25,https://www.yourpropertyguide.com.au/suburbs/glenelg-north-sa-5045/agents,1
/suburbs/glenelg-south-sa-5045,Submitted and indexed,2026-06-18,https://www.yourpropertyguide.com.au/suburbs/glenelg-south-sa-5045,0
/suburbs/glenelg-south-sa-5045/rental-market,Submitted and indexed,2026-07-03,https://www.yourpropertyguide.com.au/suburbs/glenelg-south-sa-5045/rental-market,1
/suburbs/glenorchy-tas-7010,Submitted and indexed,2026-08-27,https://www.yourpropertyguide.com.au/suburbs/glenorchy-tas-7010,0
/suburbs/glenorchy-tas-7010/agents,Submitted and indexed,2026-09-24,https://www.yourpropertyguide.com.au/suburbs/glenorchy-tas-7010/agents,1
/suburbs/glenroy-vic-3046/agents,Submitted and indexed,2026-09-24,https://www.yourpropertyguide.com.au/suburbs/glenroy-vic-3046/agents,0
/suburbs/glenroy-vic-3046/rental-market,Submitted and indexed,2026-07-03,https://www.yourpropertyguide.com.au/suburbs/glenroy-vic-3046/rental-market,1
/suburbs/glenvale-park-qld-4350/schools,Submitted and indexed,2026-07-16,https://www.yourpropertyguide.com.au/suburbs/glenvale-park-qld-4350/schools,1
/suburbs/gold-coast-mc-qld-4217/rental-market,Submitted and indexed,2026-07-03,https://www.yourpropertyguide.com.au/suburbs/gold-coast-mc-qld-4217/rental-market,1
/suburbs/golden-bay-wa-6174,Submitted and indexed,2026-10-01,https://www.yourpropertyguide.com.au/suburbs/golden-bay-wa-6174,0
/suburbs/golden-grove-village-sa-5125,Submitted and indexed,2026-07-18,https://www.yourpropertyguide.com.au/suburbs/golden-grove-village-sa-5125,0
/suburbs/goodna-qld-4300/agents,Submitted and indexed,2026-09-24,https://www.yourpropertyguide.com.au/suburbs/goodna-qld-4300/agents,1
/suburbs/goodna-qld-4300/rental-market,Submitted and indexed,2026-07-03,https://www.yourpropertyguide.com.au/suburbs/goodna-qld-4300/rental-market,1
/suburbs/goodwood-sa-5034,Submitted and indexed,2026-09-09,https://www.yourpropertyguide.com.au/suburbs/goodwood-sa-5034,0
/suburbs/goodwood-sa-5034/agents,Submitted and indexed,2026-09-24,https://www.yourpropertyguide.com.au/suburbs/goodwood-sa-5034/agents,1
/suburbs/goombungee-qld-4354,Submitted and indexed,2026-07-07,https://www.yourpropertyguide.com.au/suburbs/goombungee-qld-4354,1
/suburbs/gosnells-wa-6110/agents,Submitted and indexed,2026-09-24,https://www.yourpropertyguide.com.au/suburbs/gosnells-wa-6110/agents,1
/suburbs/goulburn-nsw-2580/agents,Submitted and indexed,2026-09-25,https://www.yourpropertyguide.com.au/suburbs/goulburn-nsw-2580/agents,1
/suburbs/gowanford-vic-3544,Submitted and indexed,2026-07-03,https://www.yourpropertyguide.com.au/suburbs/gowanford-vic-3544,1
/suburbs/grafton-nsw-2460/agents,Submitted and indexed,2026-09-27,https://www.yourpropertyguide.com.au/suburbs/grafton-nsw-2460/agents,1
/suburbs/greenfield-park-nsw-2176,Submitted and indexed,2026-09-26,https://www.yourpropertyguide.com.au/suburbs/greenfield-park-nsw-2176,0
/suburbs/greensborough-vic-3088/agents,Submitted and indexed,2026-10-01,https://www.yourpropertyguide.com.au/suburbs/greensborough-vic-3088/agents,0
/suburbs/greenslopes-qld-4120,Submitted and indexed,2026-10-04,https://www.yourpropertyguide.com.au/suburbs/greenslopes-qld-4120,0
/suburbs/greenwith-sa-5125/agents,Submitted and indexed,2026-09-26,https://www.yourpropertyguide.com.au/suburbs/greenwith-sa-5125/agents,1
/suburbs/grogan-nsw-2666/rental-market,Submitted and indexed,2026-07-03,https://www.yourpropertyguide.com.au/suburbs/grogan-nsw-2666/rental-market,1
/suburbs/gulgong-nsw-2852,Submitted and indexed,2026-09-30,https://www.yourpropertyguide.com.au/suburbs/gulgong-nsw-2852,0
/suburbs/gum-scrub-nsw-2441/rental-market,Submitted and indexed,2026-07-03,https://www.yourpropertyguide.com.au/suburbs/gum-scrub-nsw-2441/rental-market,1
/suburbs/gundagai-nsw-2722,Submitted and indexed,2026-09-15,https://www.yourpropertyguide.com.au/suburbs/gundagai-nsw-2722,1
/suburbs/gungahlin-act-2912/vs/throsby-act-2914,Submitted and indexed,2026-09-15,https://www.yourpropertyguide.com.au/suburbs/gungahlin-act-2912/vs/throsby-act-2914,0
/suburbs/gunn-nt-0832/vs/woodroffe-nt-0830,Submitted and indexed,2026-10-08,https://www.yourpropertyguide.com.au/suburbs/gunn-nt-0832/vs/woodroffe-nt-0830,0
/suburbs/gymea-bay-nsw-2227,Submitted and indexed,2026-06-19,https://www.yourpropertyguide.com.au/suburbs/gymea-bay-nsw-2227,0
/suburbs/hallett-cove-sa-5158/vs/lonsdale-sa-5160,Submitted and indexed,2026-09-15,https://www.yourpropertyguide.com.au/suburbs/hallett-cove-sa-5158/vs/lonsdale-sa-5160,0
/suburbs/hallett-cove-sa-5158/vs/marino-sa-5049,Submitted and indexed,2026-09-15,https://www.yourpropertyguide.com.au/suburbs/hallett-cove-sa-5158/vs/marino-sa-5049,0
/suburbs/hamilton-vic-3300/agents,Submitted and indexed,2026-09-28,https://www.yourpropertyguide.com.au/suburbs/hamilton-vic-3300/agents,1
/suburbs/hardwicke-bay-sa-5575,Submitted and indexed,2026-06-18,https://www.yourpropertyguide.com.au/suburbs/hardwicke-bay-sa-5575,0
/suburbs/harrisdale-wa-6112/agents,Submitted and indexed,2026-09-25,https://www.yourpropertyguide.com.au/suburbs/harrisdale-wa-6112/agents,1
/suburbs/hastings-vic-3915/rental-market,Submitted and indexed,2026-07-03,https://www.yourpropertyguide.com.au/suburbs/hastings-vic-3915/rental-market,1
/suburbs/hawthorn-east-vic-3123,Submitted and indexed,2026-09-10,https://www.yourpropertyguide.com.au/suburbs/hawthorn-east-vic-3123,0
/suburbs/hawthorn-vic-3122,Submitted and indexed,2026-08-11,https://www.yourpropertyguide.com.au/suburbs/hawthorn-vic-3122,0
/suburbs/haynes-wa-6112/rental-market,Submitted and indexed,2026-07-17,https://www.yourpropertyguide.com.au/suburbs/haynes-wa-6112/rental-market,0
/suburbs/highfields-qld-4352/rental-market,Submitted and indexed,2026-07-03,https://www.yourpropertyguide.com.au/suburbs/highfields-qld-4352/rental-market,1
/suburbs/highgate-wa-6003,Submitted and indexed,2026-10-04,https://www.yourpropertyguide.com.au/suburbs/highgate-wa-6003,0
/suburbs/highgate-wa-6003/schools,Submitted and indexed,2026-07-19,https://www.yourpropertyguide.com.au/suburbs/highgate-wa-6003/schools,2
/suburbs/hill-plain-nsw-2710/rental-market,Submitted and indexed,2026-07-03,https://www.yourpropertyguide.com.au/suburbs/hill-plain-nsw-2710/rental-market,1
/suburbs/holder-act-2611,Submitted and indexed,2026-09-25,https://www.yourpropertyguide.com.au/suburbs/holder-act-2611,0
/suburbs/holt-act-2615/agents,Submitted and indexed,2026-10-01,https://www.yourpropertyguide.com.au/suburbs/holt-act-2615/agents,1
/suburbs/homebush-bay-nsw-2127,Submitted and indexed,2026-09-29,https://www.yourpropertyguide.com.au/suburbs/homebush-bay-nsw-2127,0
/suburbs/hornsby-nsw-2077,Submitted and indexed,2026-08-12,https://www.yourpropertyguide.com.au/suburbs/hornsby-nsw-2077,1
/suburbs/hornsby-nsw-2077/rental-market,Submitted and indexed,2026-07-03,https://www.yourpropertyguide.com.au/suburbs/hornsby-nsw-2077/rental-market,1
/suburbs/horsham-vic-3400/agents,Submitted and indexed,2026-09-25,https://www.yourpropertyguide.com.au/suburbs/horsham-vic-3400/agents,1
/suburbs/horsham-vic-3400/rental-market,Submitted and indexed,2026-07-03,https://www.yourpropertyguide.com.au/suburbs/horsham-vic-3400/rental-market,1
/suburbs/horsham-vic-3401/agents,Submitted and indexed,2026-09-24,https://www.yourpropertyguide.com.au/suburbs/horsham-vic-3401/agents,0
/suburbs/hughes-act-2605/agents,Submitted and indexed,2026-09-24,https://www.yourpropertyguide.com.au/suburbs/hughes-act-2605/agents,0
/suburbs/hurstville-westfield-nsw-2220/schools,Submitted and indexed,2026-07-03,https://www.yourpropertyguide.com.au/suburbs/hurstville-westfield-nsw-2220/schools,1
/suburbs/inala-qld-4077/schools,Submitted and indexed,2026-08-24,https://www.yourpropertyguide.com.au/suburbs/inala-qld-4077/schools,1
/suburbs/ingham-qld-4850,Submitted and indexed,2026-08-26,https://www.yourpropertyguide.com.au/suburbs/ingham-qld-4850,1
/suburbs/inglewood-qld-4387,Submitted and indexed,2026-08-27,https://www.yourpropertyguide.com.au/suburbs/inglewood-qld-4387,1
/suburbs/innaloo-wa-6018/rental-market,Submitted and indexed,2026-07-18,https://www.yourpropertyguide.com.au/suburbs/innaloo-wa-6018/rental-market,1
/suburbs/inverloch-vic-3996/agents,Submitted and indexed,2026-09-29,https://www.yourpropertyguide.com.au/suburbs/inverloch-vic-3996/agents,1
/suburbs/ironbark-nsw-2347,Submitted and indexed,2026-07-04,https://www.yourpropertyguide.com.au/suburbs/ironbark-nsw-2347,1
/suburbs/irymple-vic-3498/vs/mildura-vic-3500,Submitted and indexed,2026-10-03,https://www.yourpropertyguide.com.au/suburbs/irymple-vic-3498/vs/mildura-vic-3500,0
/suburbs/ivanhoe-east-vic-3079/agents,Submitted and indexed,2026-09-27,https://www.yourpropertyguide.com.au/suburbs/ivanhoe-east-vic-3079/agents,1
/suburbs/jandakot-wa-6164/agents,Submitted and indexed,2026-09-27,https://www.yourpropertyguide.com.au/suburbs/jandakot-wa-6164/agents,1
/suburbs/joondalup-wa-6027/rental-market,Submitted and indexed,2026-07-03,https://www.yourpropertyguide.com.au/suburbs/joondalup-wa-6027/rental-market,1
/suburbs/junee-nsw-2663,Submitted and indexed,2026-09-30,https://www.yourpropertyguide.com.au/suburbs/junee-nsw-2663,0
/suburbs/kalgoorlie-wa-6430/agents,Submitted and indexed,2026-09-24,https://www.yourpropertyguide.com.au/suburbs/kalgoorlie-wa-6430/agents,1
/suburbs/kalkallo-vic-3064/agents,Submitted and indexed,2026-09-26,https://www.yourpropertyguide.com.au/suburbs/kalkallo-vic-3064/agents,0
/suburbs/kallangur-qld-4503/rental-market,Submitted and indexed,2026-07-03,https://www.yourpropertyguide.com.au/suburbs/kallangur-qld-4503/rental-market,1
/suburbs/kalpowar-qld-4630/rental-market,Submitted and indexed,2026-07-03,https://www.yourpropertyguide.com.au/suburbs/kalpowar-qld-4630/rental-market,1
/suburbs/kanyaka-sa-5434,Submitted and indexed,2026-06-16,https://www.yourpropertyguide.com.au/suburbs/kanyaka-sa-5434,0
/suburbs/karoonda-sa-5307/schools,Submitted and indexed,2026-07-17,https://www.yourpropertyguide.com.au/suburbs/karoonda-sa-5307/schools,1
/suburbs/karratha-wa-6714/agents,Submitted and indexed,2026-09-29,https://www.yourpropertyguide.com.au/suburbs/karratha-wa-6714/agents,1
/suburbs/karratha-wa-6714/rental-market,Submitted and indexed,2026-07-03,https://www.yourpropertyguide.com.au/suburbs/karratha-wa-6714/rental-market,1
/suburbs/karrinyup-wa-6018,Submitted and indexed,2026-08-27,https://www.yourpropertyguide.com.au/suburbs/karrinyup-wa-6018,0
/suburbs/karrinyup-wa-6018/rental-market,Submitted and indexed,2026-07-03,https://www.yourpropertyguide.com.au/suburbs/karrinyup-wa-6018/rental-market,1
/suburbs/kenmore-east-qld-4069,Submitted and indexed,2026-09-30,https://www.yourpropertyguide.com.au/suburbs/kenmore-east-qld-4069,0
/suburbs/kensington-park-sa-5068/agents,Submitted and indexed,2026-09-25,https://www.yourpropertyguide.com.au/suburbs/kensington-park-sa-5068/agents,1
/suburbs/kensington-vic-3031/agents,Submitted and indexed,2026-09-25,https://www.yourpropertyguide.com.au/suburbs/kensington-vic-3031/agents,0
/suburbs/kenthurst-nsw-2156/schools,Submitted and indexed,2026-07-03,https://www.yourpropertyguide.com.au/suburbs/kenthurst-nsw-2156/schools,1
/suburbs/kew-east-vic-3102/agents,Submitted and indexed,2026-09-25,https://www.yourpropertyguide.com.au/suburbs/kew-east-vic-3102/agents,1
/suburbs/kew-vic-3101,Submitted and indexed,2026-07-03,https://www.yourpropertyguide.com.au/suburbs/kew-vic-3101,1
/suburbs/kew-vic-3101/agents,Submitted and indexed,2026-09-24,https://www.yourpropertyguide.com.au/suburbs/kew-vic-3101/agents,1
/suburbs/kiama-nsw-2533,Submitted and indexed,2026-06-17,https://www.yourpropertyguide.com.au/suburbs/kiama-nsw-2533,0
/suburbs/kiama-nsw-2533/agents,Submitted and indexed,2026-09-24,https://www.yourpropertyguide.com.au/suburbs/kiama-nsw-2533/agents,1
/suburbs/kilmore-vic-3764,Submitted and indexed,2026-07-08,https://www.yourpropertyguide.com.au/suburbs/kilmore-vic-3764,1
/suburbs/kincumber-south-nsw-2251/rental-market,Submitted and indexed,2026-09-20,https://www.yourpropertyguide.com.au/suburbs/kincumber-south-nsw-2251/rental-market,1
/suburbs/kingoonya-sa-5710,Submitted and indexed,2026-06-20,https://www.yourpropertyguide.com.au/suburbs/kingoonya-sa-5710,0
/suburbs/kingsbury-vic-3083,Submitted and indexed,2026-08-26,https://www.yourpropertyguide.com.au/suburbs/kingsbury-vic-3083,2
/suburbs/kippax-centre-act-2615/schools,Submitted and indexed,2026-07-28,https://www.yourpropertyguide.com.au/suburbs/kippax-centre-act-2615/schools,0
/suburbs/kirkconnell-nsw-2795,Submitted and indexed,2026-07-08,https://www.yourpropertyguide.com.au/suburbs/kirkconnell-nsw-2795,1
/suburbs/kirwan-qld-4817/vs/mount-louisa-qld-4814,Submitted and indexed,2026-09-15,https://www.yourpropertyguide.com.au/suburbs/kirwan-qld-4817/vs/mount-louisa-qld-4814,0
/suburbs/kiwirrkurra-wa-0872,Submitted and indexed,2026-07-24,https://www.yourpropertyguide.com.au/suburbs/kiwirrkurra-wa-0872,0
/suburbs/knox-city-centre-vic-3152/schools,Submitted and indexed,2026-07-17,https://www.yourpropertyguide.com.au/suburbs/knox-city-centre-vic-3152/schools,0
/suburbs/koolewong-nsw-2256/rental-market,Submitted and indexed,2026-07-03,https://www.yourpropertyguide.com.au/suburbs/koolewong-nsw-2256/rental-market,1
/suburbs/koonawarra-nsw-2530/rental-market,Submitted and indexed,2026-07-03,https://www.yourpropertyguide.com.au/suburbs/koonawarra-nsw-2530/rental-market,1
/suburbs/kooyong-vic-3144/agents,Submitted and indexed,2026-09-25,https://www.yourpropertyguide.com.au/suburbs/kooyong-vic-3144/agents,1
/suburbs/kukerin-wa-6352/schools,Submitted and indexed,2026-07-03,https://www.yourpropertyguide.com.au/suburbs/kukerin-wa-6352/schools,1
/suburbs/kyogle-nsw-2474/agents,Submitted and indexed,2026-09-25,https://www.yourpropertyguide.com.au/suburbs/kyogle-nsw-2474/agents,1
/suburbs/la-trobe-university-vic-3083/schools,Submitted and indexed,2026-07-03,https://www.yourpropertyguide.com.au/suburbs/la-trobe-university-vic-3083/schools,1
/suburbs/landsdale-wa-6065/rental-market,Submitted and indexed,2026-07-03,https://www.yourpropertyguide.com.au/suburbs/landsdale-wa-6065/rental-market,1
/suburbs/lane-cove-nsw-2066/agents,Submitted and indexed,2026-09-25,https://www.yourpropertyguide.com.au/suburbs/lane-cove-nsw-2066/agents,1
/suburbs/lara-vic-3212/rental-market,Submitted and indexed,2026-07-03,https://www.yourpropertyguide.com.au/suburbs/lara-vic-3212/rental-market,1
/suburbs/laverton-vic-3028,Submitted and indexed,2026-09-11,https://www.yourpropertyguide.com.au/suburbs/laverton-vic-3028,1
/suburbs/leeming-wa-6149/agents,Submitted and indexed,2026-09-30,https://www.yourpropertyguide.com.au/suburbs/leeming-wa-6149/agents,0
/suburbs/lidcombe-nsw-2141/rental-market,Submitted and indexed,2026-07-03,https://www.yourpropertyguide.com.au/suburbs/lidcombe-nsw-2141/rental-market,1
/suburbs/lidcombe-nsw-2141/schools,Submitted and indexed,2026-07-19,https://www.yourpropertyguide.com.au/suburbs/lidcombe-nsw-2141/schools,2
/suburbs/lidsdale-nsw-2790/rental-market,Submitted and indexed,2026-07-03,https://www.yourpropertyguide.com.au/suburbs/lidsdale-nsw-2790/rental-market,1
/suburbs/lilli-pilli-nsw-2536/agents,Submitted and indexed,2026-09-25,https://www.yourpropertyguide.com.au/suburbs/lilli-pilli-nsw-2536/agents,1
/suburbs/linley-point-nsw-2066/rental-market,Submitted and indexed,2026-07-19,https://www.yourpropertyguide.com.au/suburbs/linley-point-nsw-2066/rental-market,1
/suburbs/little-mountain-qld-4551,Submitted and indexed,2026-07-07,https://www.yourpropertyguide.com.au/suburbs/little-mountain-qld-4551,0
/suburbs/liverpool-westfield-nsw-2170/schools,Submitted and indexed,2026-07-03,https://www.yourpropertyguide.com.au/suburbs/liverpool-westfield-nsw-2170/schools,1
/suburbs/lochinvar-nsw-2321,Submitted and indexed,2026-07-08,https://www.yourpropertyguide.com.au/suburbs/lochinvar-nsw-2321,1
/suburbs/logan-central-qld-4114,Submitted and indexed,2026-06-18,https://www.yourpropertyguide.com.au/suburbs/logan-central-qld-4114,0
/suburbs/logan-city-bc-qld-4114/schools,Submitted and indexed,2026-07-14,https://www.yourpropertyguide.com.au/suburbs/logan-city-bc-qld-4114/schools,1
/suburbs/logan-hyperdome-bc-qld-4128/schools,Submitted and indexed,2026-07-03,https://www.yourpropertyguide.com.au/suburbs/logan-hyperdome-bc-qld-4128/schools,1
/suburbs/lovely-banks-vic-3221/agents,Submitted and indexed,2026-09-25,https://www.yourpropertyguide.com.au/suburbs/lovely-banks-vic-3221/agents,1
/suburbs/lower-lewis-ponds-nsw-2800,Submitted and indexed,2026-09-11,https://www.yourpropertyguide.com.au/suburbs/lower-lewis-ponds-nsw-2800,1
/suburbs/lucyvale-vic-3691,Submitted and indexed,2026-06-17,https://www.yourpropertyguide.com.au/suburbs/lucyvale-vic-3691,1
/suburbs/lysterfield-vic-3156,Submitted and indexed,2026-10-03,https://www.yourpropertyguide.com.au/suburbs/lysterfield-vic-3156,0
/suburbs/macarthur-vic-3286/agents,Submitted and indexed,2026-10-09,https://www.yourpropertyguide.com.au/suburbs/macarthur-vic-3286/agents,0
/suburbs/macquarie-centre-nsw-2113/schools,Submitted and indexed,2026-07-15,https://www.yourpropertyguide.com.au/suburbs/macquarie-centre-nsw-2113/schools,1
/suburbs/macquarie-park-nsw-2113/schools,Submitted and indexed,2026-07-17,https://www.yourpropertyguide.com.au/suburbs/macquarie-park-nsw-2113/schools,0
/suburbs/magill-sa-5072/rental-market,Submitted and indexed,2026-07-03,https://www.yourpropertyguide.com.au/suburbs/magill-sa-5072/rental-market,1
/suburbs/mahanewo-sa-5717,Submitted and indexed,2026-10-06,https://www.yourpropertyguide.com.au/suburbs/mahanewo-sa-5717,2
/suburbs/maitland-sa-5573,Submitted and indexed,2026-07-08,https://www.yourpropertyguide.com.au/suburbs/maitland-sa-5573,1
/suburbs/maldon-vic-3463/agents,Submitted and indexed,2026-10-01,https://www.yourpropertyguide.com.au/suburbs/maldon-vic-3463/agents,1
/suburbs/malvern-east-vic-3145/agents,Submitted and indexed,2026-09-26,https://www.yourpropertyguide.com.au/suburbs/malvern-east-vic-3145/agents,0
/suburbs/malvern-vic-3144/agents,Submitted and indexed,2026-09-25,https://www.yourpropertyguide.com.au/suburbs/malvern-vic-3144/agents,1
/suburbs/mambourin-vic-3024/vs/werribee-vic-3030,Submitted and indexed,2026-10-01,https://www.yourpropertyguide.com.au/suburbs/mambourin-vic-3024/vs/werribee-vic-3030,0
/suburbs/mango-hill-qld-4509/rental-market,Submitted and indexed,2026-07-03,https://www.yourpropertyguide.com.au/suburbs/mango-hill-qld-4509/rental-market,1
/suburbs/mansfield-vic-3722/agents,Submitted and indexed,2026-09-24,https://www.yourpropertyguide.com.au/suburbs/mansfield-vic-3722/agents,1
/suburbs/manyana-nsw-2539,Submitted and indexed,2026-07-08,https://www.yourpropertyguide.com.au/suburbs/manyana-nsw-2539,1
/suburbs/marcoola-qld-4564,Submitted and indexed,2026-06-22,https://www.yourpropertyguide.com.au/suburbs/marcoola-qld-4564,1
/suburbs/mascot-nsw-2020,Submitted and indexed,2026-10-06,https://www.yourpropertyguide.com.au/suburbs/mascot-nsw-2020,0
/suburbs/mater-hospital-qld-4101/schools,Submitted and indexed,2026-07-03,https://www.yourpropertyguide.com.au/suburbs/mater-hospital-qld-4101/schools,1
/suburbs/mawson-act-2607,Submitted and indexed,2026-07-03,https://www.yourpropertyguide.com.au/suburbs/mawson-act-2607,1
/suburbs/mccrae-vic-3938/agents,Submitted and indexed,2026-09-24,https://www.yourpropertyguide.com.au/suburbs/mccrae-vic-3938/agents,1
/suburbs/medindie-sa-5081,Submitted and indexed,2026-07-02,https://www.yourpropertyguide.com.au/suburbs/medindie-sa-5081,1
/suburbs/melbourne-vic-3000/rental-market,Submitted and indexed,2026-07-03,https://www.yourpropertyguide.com.au/suburbs/melbourne-vic-3000/rental-market,1
/suburbs/melbourne-vic-3004/rental-market,Submitted and indexed,2026-07-23,https://www.yourpropertyguide.com.au/suburbs/melbourne-vic-3004/rental-market,0
/suburbs/melton-vic-3337/rental-market,Submitted and indexed,2026-07-16,https://www.yourpropertyguide.com.au/suburbs/melton-vic-3337/rental-market,0
/suburbs/melville-wa-6156/agents,Submitted and indexed,2026-09-24,https://www.yourpropertyguide.com.au/suburbs/melville-wa-6156/agents,1
/suburbs/merrylands-nsw-2160/vs/woodpark-nsw-2164,Submitted and indexed,2026-09-15,https://www.yourpropertyguide.com.au/suburbs/merrylands-nsw-2160/vs/woodpark-nsw-2164,0
/suburbs/middle-park-vic-3206/agents,Submitted and indexed,2026-09-27,https://www.yourpropertyguide.com.au/suburbs/middle-park-vic-3206/agents,1
/suburbs/mildura-east-vic-3500/vs/mildura-vic-3500,Submitted and indexed,2026-10-01,https://www.yourpropertyguide.com.au/suburbs/mildura-east-vic-3500/vs/mildura-vic-3500,0
/suburbs/milsons-point-nsw-2061/schools,Submitted and indexed,2026-07-19,https://www.yourpropertyguide.com.au/suburbs/milsons-point-nsw-2061/schools,1
/suburbs/miners-rest-vic-3352/agents,Submitted and indexed,2026-10-09,https://www.yourpropertyguide.com.au/suburbs/miners-rest-vic-3352/agents,0
/suburbs/moliagul-vic-3472,Submitted and indexed,2026-06-17,https://www.yourpropertyguide.com.au/suburbs/moliagul-vic-3472,0
/suburbs/monash-act-2904/agents,Submitted and indexed,2026-09-26,https://www.yourpropertyguide.com.au/suburbs/monash-act-2904/agents,1
/suburbs/moncrieff-act-2914/agents,Submitted and indexed,2026-09-25,https://www.yourpropertyguide.com.au/suburbs/moncrieff-act-2914/agents,1
/suburbs/monterey-nsw-2217,Submitted and indexed,2026-08-28,https://www.yourpropertyguide.com.au/suburbs/monterey-nsw-2217,0
/suburbs/mooneba-nsw-2440/rental-market,Submitted and indexed,2026-07-03,https://www.yourpropertyguide.com.au/suburbs/mooneba-nsw-2440/rental-market,1
/suburbs/moorebank-nsw-2170,Submitted and indexed,2026-09-26,https://www.yourpropertyguide.com.au/suburbs/moorebank-nsw-2170,0
/suburbs/morayfield-qld-4506,Submitted and indexed,2026-10-09,https://www.yourpropertyguide.com.au/suburbs/morayfield-qld-4506,2
/suburbs/morayfield-qld-4506/rental-market,Submitted and indexed,2026-07-03,https://www.yourpropertyguide.com.au/suburbs/morayfield-qld-4506/rental-market,1
/suburbs/moree-nsw-2400/agents,Submitted and indexed,2026-09-25,https://www.yourpropertyguide.com.au/suburbs/moree-nsw-2400/agents,1
/suburbs/morgantown-wa-6701/rental-market,Submitted and indexed,2026-10-07,https://www.yourpropertyguide.com.au/suburbs/morgantown-wa-6701/rental-market,0
/suburbs/morphett-vale-sa-5162/rental-market,Submitted and indexed,2026-07-03,https://www.yourpropertyguide.com.au/suburbs/morphett-vale-sa-5162/rental-market,1
/suburbs/mortlake-nsw-2137,Submitted and indexed,2026-09-27,https://www.yourpropertyguide.com.au/suburbs/mortlake-nsw-2137,0
/suburbs/morwell-vic-3840/rental-market,Submitted and indexed,2026-07-03,https://www.yourpropertyguide.com.au/suburbs/morwell-vic-3840/rental-market,1
/suburbs/mosman-nsw-2088/agents,Submitted and indexed,2026-09-27,https://www.yourpropertyguide.com.au/suburbs/mosman-nsw-2088/agents,1
/suburbs/mount-eliza-vic-3930/agents,Submitted and indexed,2026-09-24,https://www.yourpropertyguide.com.au/suburbs/mount-eliza-vic-3930/agents,1
/suburbs/mount-gambier-east-sa-5291/rental-market,Submitted and indexed,2026-07-03,https://www.yourpropertyguide.com.au/suburbs/mount-gambier-east-sa-5291/rental-market,1
/suburbs/mount-gambier-west-sa-5291/rental-market,Submitted and indexed,2026-07-17,https://www.yourpropertyguide.com.au/suburbs/mount-gambier-west-sa-5291/rental-market,1
/suburbs/mount-martha-vic-3934/agents,Submitted and indexed,2026-09-26,https://www.yourpropertyguide.com.au/suburbs/mount-martha-vic-3934/agents,1
/suburbs/mount-pleasant-wa-6153,Submitted and indexed,2026-08-28,https://www.yourpropertyguide.com.au/suburbs/mount-pleasant-wa-6153,2
/suburbs/mount-sheridan-qld-4868,Submitted and indexed,2026-08-25,https://www.yourpropertyguide.com.au/suburbs/mount-sheridan-qld-4868,1
/suburbs/mount-waverley-vic-3149/agents,Submitted and indexed,2026-10-01,https://www.yourpropertyguide.com.au/suburbs/mount-waverley-vic-3149/agents,1
/suburbs/murarrie-qld-4172,Submitted and indexed,2026-09-11,https://www.yourpropertyguide.com.au/suburbs/murarrie-qld-4172,1
/suburbs/murdoch-wa-6150/rental-market,Submitted and indexed,2026-07-03,https://www.yourpropertyguide.com.au/suburbs/murdoch-wa-6150/rental-market,1
/suburbs/murputja-homelands-nt-0872/schools,Submitted and indexed,2026-07-03,https://www.yourpropertyguide.com.au/suburbs/murputja-homelands-nt-0872/schools,1
/suburbs/murraydale-vic-3586/schools,Submitted and indexed,2026-07-16,https://www.yourpropertyguide.com.au/suburbs/murraydale-vic-3586/schools,1
/suburbs/myrtle-creek-vic-3551,Submitted and indexed,2026-06-17,https://www.yourpropertyguide.com.au/suburbs/myrtle-creek-vic-3551,0
/suburbs/nailsworth-sa-5083/rental-market,Submitted and indexed,2026-07-14,https://www.yourpropertyguide.com.au/suburbs/nailsworth-sa-5083/rental-market,1
/suburbs/nambour-qld-4560/rental-market,Submitted and indexed,2026-08-22,https://www.yourpropertyguide.com.au/suburbs/nambour-qld-4560/rental-market,1
/suburbs/narangba-qld-4504/rental-market,Submitted and indexed,2026-07-03,https://www.yourpropertyguide.com.au/suburbs/narangba-qld-4504/rental-market,1
/suburbs/narooma-nsw-2546/agents,Submitted and indexed,2026-09-27,https://www.yourpropertyguide.com.au/suburbs/narooma-nsw-2546/agents,1
/suburbs/nebo-qld-4742,Submitted and indexed,2026-07-08,https://www.yourpropertyguide.com.au/suburbs/nebo-qld-4742,1
/suburbs/nedlands-dc-wa-6009,Submitted and indexed,2026-06-18,https://www.yourpropertyguide.com.au/suburbs/nedlands-dc-wa-6009,0
/suburbs/nedlands-dc-wa-6009/rental-market,Submitted and indexed,2026-07-23,https://www.yourpropertyguide.com.au/suburbs/nedlands-dc-wa-6009/rental-market,0
/suburbs/nedlands-wa-6909/rental-market,Submitted and indexed,2026-07-03,https://www.yourpropertyguide.com.au/suburbs/nedlands-wa-6909/rental-market,1
/suburbs/nelson-bay-nsw-2315,Submitted and indexed,2026-06-18,https://www.yourpropertyguide.com.au/suburbs/nelson-bay-nsw-2315,0
/suburbs/nelson-nsw-2765/schools,Submitted and indexed,2026-07-03,https://www.yourpropertyguide.com.au/suburbs/nelson-nsw-2765/schools,1
/suburbs/newcastle-east-nsw-2300,Submitted and indexed,2026-08-11,https://www.yourpropertyguide.com.au/suburbs/newcastle-east-nsw-2300,0
/suburbs/newman-wa-6753,Submitted and indexed,2026-10-02,https://www.yourpropertyguide.com.au/suburbs/newman-wa-6753,0
/suburbs/newry-vic-3859,Submitted and indexed,2026-07-03,https://www.yourpropertyguide.com.au/suburbs/newry-vic-3859,1
/suburbs/newstead-qld-4006,Submitted and indexed,2026-07-08,https://www.yourpropertyguide.com.au/suburbs/newstead-qld-4006,1
/suburbs/newton-sa-5074/agents,Submitted and indexed,2026-09-25,https://www.yourpropertyguide.com.au/suburbs/newton-sa-5074/agents,1
/suburbs/noble-park-vic-3174/agents,Submitted and indexed,2026-09-26,https://www.yourpropertyguide.com.au/suburbs/noble-park-vic-3174/agents,1
/suburbs/noona-nsw-2835/rental-market,Submitted and indexed,2026-09-19,https://www.yourpropertyguide.com.au/suburbs/noona-nsw-2835/rental-market,1
/suburbs/noosaville-bc-qld-4566,Submitted and indexed,2026-06-17,https://www.yourpropertyguide.com.au/suburbs/noosaville-bc-qld-4566,0
/suburbs/north-casino-nsw-2470,Submitted and indexed,2026-08-30,https://www.yourpropertyguide.com.au/suburbs/north-casino-nsw-2470,0
/suburbs/north-coogee-wa-6163/agents,Submitted and indexed,2026-09-24,https://www.yourpropertyguide.com.au/suburbs/north-coogee-wa-6163/agents,1
/suburbs/north-haven-sa-5018/agents,Submitted and indexed,2026-09-27,https://www.yourpropertyguide.com.au/suburbs/north-haven-sa-5018/agents,1
/suburbs/north-kellyville-nsw-2155/schools,Submitted and indexed,2026-07-20,https://www.yourpropertyguide.com.au/suburbs/north-kellyville-nsw-2155/schools,0
/suburbs/north-melbourne-vic-3051/agents,Submitted and indexed,2026-09-24,https://www.yourpropertyguide.com.au/suburbs/north-melbourne-vic-3051/agents,1
/suburbs/north-rockhampton-qld-4701,Submitted and indexed,2026-07-09,https://www.yourpropertyguide.com.au/suburbs/north-rockhampton-qld-4701,1
/suburbs/north-stradbroke-island-qld-4183/schools,Submitted and indexed,2026-07-03,https://www.yourpropertyguide.com.au/suburbs/north-stradbroke-island-qld-4183/schools,1
/suburbs/northbridge-nsw-2063,Submitted and indexed,2026-08-20,https://www.yourpropertyguide.com.au/suburbs/northbridge-nsw-2063,1
/suburbs/northbridge-wa-6803,Submitted and indexed,2026-09-11,https://www.yourpropertyguide.com.au/suburbs/northbridge-wa-6803,0
/suburbs/northcote-vic-3070/agents,Submitted and indexed,2026-10-01,https://www.yourpropertyguide.com.au/suburbs/northcote-vic-3070/agents,1
/suburbs/northcote-vic-3070/rental-market,Submitted and indexed,2026-08-31,https://www.yourpropertyguide.com.au/suburbs/northcote-vic-3070/rental-market,1
/suburbs/norwood-sa-5067/rental-market,Submitted and indexed,2026-07-03,https://www.yourpropertyguide.com.au/suburbs/norwood-sa-5067/rental-market,1
/suburbs/o-halloran-hill-dc-sa-5158/schools,Submitted and indexed,2026-07-05,https://www.yourpropertyguide.com.au/suburbs/o-halloran-hill-dc-sa-5158/schools,1
/suburbs/oaklands-park-sa-5046/agents,Submitted and indexed,2026-09-29,https://www.yourpropertyguide.com.au/suburbs/oaklands-park-sa-5046/agents,1
/suburbs/oakleigh-east-vic-3166/agents,Submitted and indexed,2026-09-25,https://www.yourpropertyguide.com.au/suburbs/oakleigh-east-vic-3166/agents,1
/suburbs/oakleigh-south-vic-3167,Submitted and indexed,2026-09-11,https://www.yourpropertyguide.com.au/suburbs/oakleigh-south-vic-3167,1
/suburbs/ocean-grove-vic-3226/rental-market,Submitted and indexed,2026-07-14,https://www.yourpropertyguide.com.au/suburbs/ocean-grove-vic-3226/rental-market,1
/suburbs/ocean-reef-wa-6027/rental-market,Submitted and indexed,2026-07-14,https://www.yourpropertyguide.com.au/suburbs/ocean-reef-wa-6027/rental-market,0
/suburbs/orelia-wa-6167,Submitted and indexed,2026-06-16,https://www.yourpropertyguide.com.au/suburbs/orelia-wa-6167,0
/suburbs/pacific-paradise-qld-4564,Submitted and indexed,2026-09-10,https://www.yourpropertyguide.com.au/suburbs/pacific-paradise-qld-4564,0
/suburbs/paradise-waters-qld-4217,Submitted and indexed,2026-09-06,https://www.yourpropertyguide.com.au/suburbs/paradise-waters-qld-4217,0
/suburbs/paralowie-sa-5108/vs/salisbury-sa-5108,Submitted and indexed,2026-09-15,https://www.yourpropertyguide.com.au/suburbs/paralowie-sa-5108/vs/salisbury-sa-5108,0
/suburbs/parawa-sa-5203/rental-market,Submitted and indexed,2026-08-29,https://www.yourpropertyguide.com.au/suburbs/parawa-sa-5203/rental-market,0
/suburbs/paringa-sa-5340/rental-market,Submitted and indexed,2026-07-03,https://www.yourpropertyguide.com.au/suburbs/paringa-sa-5340/rental-market,1
/suburbs/parliament-house-act-2600/schools,Submitted and indexed,2026-07-03,https://www.yourpropertyguide.com.au/suburbs/parliament-house-act-2600/schools,1
/suburbs/parramatta-westfield-nsw-2150/schools,Submitted and indexed,2026-08-11,https://www.yourpropertyguide.com.au/suburbs/parramatta-westfield-nsw-2150/schools,0
/suburbs/parrearra-qld-4575,Submitted and indexed,2026-08-26,https://www.yourpropertyguide.com.au/suburbs/parrearra-qld-4575,1
/suburbs/pasadena-sa-5042/agents,Submitted and indexed,2026-09-24,https://www.yourpropertyguide.com.au/suburbs/pasadena-sa-5042/agents,1
/suburbs/pascoe-vale-vic-3044/rental-market,Submitted and indexed,2026-07-03,https://www.yourpropertyguide.com.au/suburbs/pascoe-vale-vic-3044/rental-market,1
/suburbs/payneham-sa-5070,Submitted and indexed,2026-08-25,https://www.yourpropertyguide.com.au/suburbs/payneham-sa-5070,1
/suburbs/penrith-south-nsw-2750,Submitted and indexed,2026-07-08,https://www.yourpropertyguide.com.au/suburbs/penrith-south-nsw-2750,1
/suburbs/petrie-qld-4502/rental-market,Submitted and indexed,2026-07-14,https://www.yourpropertyguide.com.au/suburbs/petrie-qld-4502/rental-market,1
/suburbs/picton-nsw-2571/rental-market,Submitted and indexed,2026-07-16,https://www.yourpropertyguide.com.au/suburbs/picton-nsw-2571/rental-market,1
/suburbs/pinjarra-wa-6208,Submitted and indexed,2026-09-26,https://www.yourpropertyguide.com.au/suburbs/pinjarra-wa-6208,0
/suburbs/pinjarra-wa-6208/agents,Submitted and indexed,2026-09-26,https://www.yourpropertyguide.com.au/suburbs/pinjarra-wa-6208/agents,1
/suburbs/point-cook-vic-3030/agents,Submitted and indexed,2026-09-28,https://www.yourpropertyguide.com.au/suburbs/point-cook-vic-3030/agents,1
/suburbs/pomonal-vic-3381,Submitted and indexed,2026-07-07,https://www.yourpropertyguide.com.au/suburbs/pomonal-vic-3381,1
/suburbs/pooraka-sa-5095,Submitted and indexed,2026-08-29,https://www.yourpropertyguide.com.au/suburbs/pooraka-sa-5095,1
/suburbs/port-hedland-wa-6721/rental-market,Submitted and indexed,2026-07-03,https://www.yourpropertyguide.com.au/suburbs/port-hedland-wa-6721/rental-market,1
/suburbs/port-melbourne-vic-3207/agents,Submitted and indexed,2026-09-27,https://www.yourpropertyguide.com.au/suburbs/port-melbourne-vic-3207/agents,0
/suburbs/port-pirie-sa-5540/rental-market,Submitted and indexed,2026-07-03,https://www.yourpropertyguide.com.au/suburbs/port-pirie-sa-5540/rental-market,1
/suburbs/prahran-vic-3143/agents,Submitted and indexed,2026-09-25,https://www.yourpropertyguide.com.au/suburbs/prahran-vic-3143/agents,1
/suburbs/prahran-vic-3181/agents,Submitted and indexed,2026-09-26,https://www.yourpropertyguide.com.au/suburbs/prahran-vic-3181/agents,1
/suburbs/preston-vic-3072/agents,Submitted and indexed,2026-09-25,https://www.yourpropertyguide.com.au/suburbs/preston-vic-3072/agents,1
/suburbs/preston-vic-3072/rental-market,Submitted and indexed,2026-07-03,https://www.yourpropertyguide.com.au/suburbs/preston-vic-3072/rental-market,1
/suburbs/prospect-sa-5082/agents,Submitted and indexed,2026-09-29,https://www.yourpropertyguide.com.au/suburbs/prospect-sa-5082/agents,1
/suburbs/queanbeyan-west-nsw-2620,Submitted and indexed,2026-09-24,https://www.yourpropertyguide.com.au/suburbs/queanbeyan-west-nsw-2620,0
/suburbs/quiera-nsw-2622/rental-market,Submitted and indexed,2026-09-12,https://www.yourpropertyguide.com.au/suburbs/quiera-nsw-2622/rental-market,1
/suburbs/ravenhall-vic-3023/vs/tarneit-vic-3029,Submitted and indexed,2026-10-02,https://www.yourpropertyguide.com.au/suburbs/ravenhall-vic-3023/vs/tarneit-vic-3029,0
/suburbs/ravenswood-wa-6208,Submitted and indexed,2026-09-28,https://www.yourpropertyguide.com.au/suburbs/ravenswood-wa-6208,0
/suburbs/red-hill-act-2603,Submitted and indexed,2026-08-19,https://www.yourpropertyguide.com.au/suburbs/red-hill-act-2603,0
/suburbs/redbank-plains-qld-4301/rental-market,Submitted and indexed,2026-07-03,https://www.yourpropertyguide.com.au/suburbs/redbank-plains-qld-4301/rental-market,1
/suburbs/reservoir-south-vic-3073,Submitted and indexed,2026-08-27,https://www.yourpropertyguide.com.au/suburbs/reservoir-south-vic-3073,1
/suburbs/reservoir-vic-3073/agents,Submitted and indexed,2026-10-01,https://www.yourpropertyguide.com.au/suburbs/reservoir-vic-3073/agents,1
/suburbs/reservoir-vic-3073/rental-market,Submitted and indexed,2026-07-03,https://www.yourpropertyguide.com.au/suburbs/reservoir-vic-3073/rental-market,1
/suburbs/retreat-nsw-2713,Submitted and indexed,2026-06-17,https://www.yourpropertyguide.com.au/suburbs/retreat-nsw-2713,0
/suburbs/rhyll-vic-3923,Submitted and indexed,2026-09-10,https://www.yourpropertyguide.com.au/suburbs/rhyll-vic-3923,0
/suburbs/richmond-vic-3121/agents,Submitted and indexed,2026-09-27,https://www.yourpropertyguide.com.au/suburbs/richmond-vic-3121/agents,1
/suburbs/ringwood-east-vic-3135/agents,Submitted and indexed,2026-10-02,https://www.yourpropertyguide.com.au/suburbs/ringwood-east-vic-3135/agents,1
/suburbs/riverside-tas-7250,Submitted and indexed,2026-07-06,https://www.yourpropertyguide.com.au/suburbs/riverside-tas-7250,2
/suburbs/riverview-nsw-2066,Submitted and indexed,2026-09-28,https://www.yourpropertyguide.com.au/suburbs/riverview-nsw-2066,1
/suburbs/rockhampton-qld-4700/rental-market,Submitted and indexed,2026-07-03,https://www.yourpropertyguide.com.au/suburbs/rockhampton-qld-4700/rental-market,1
/suburbs/rockingham-dc-wa-6168,Submitted and indexed,2026-08-28,https://www.yourpropertyguide.com.au/suburbs/rockingham-dc-wa-6168,1
/suburbs/rockingham-wa-6168/agents,Submitted and indexed,2026-09-25,https://www.yourpropertyguide.com.au/suburbs/rockingham-wa-6168/agents,1
/suburbs/roleystone-wa-6111/agents,Submitted and indexed,2026-09-24,https://www.yourpropertyguide.com.au/suburbs/roleystone-wa-6111/agents,1
/suburbs/rose-valley-nsw-2630,Submitted and indexed,2026-06-16,https://www.yourpropertyguide.com.au/suburbs/rose-valley-nsw-2630,0
/suburbs/rosebud-vic-3939/agents,Submitted and indexed,2026-09-24,https://www.yourpropertyguide.com.au/suburbs/rosebud-vic-3939/agents,1
/suburbs/rosevears-tas-7277,Submitted and indexed,2026-07-03,https://www.yourpropertyguide.com.au/suburbs/rosevears-tas-7277,1
/suburbs/rostrevor-sa-5073/agents,Submitted and indexed,2026-10-01,https://www.yourpropertyguide.com.au/suburbs/rostrevor-sa-5073/agents,1
/suburbs/roto-nsw-2675,Submitted and indexed,2026-06-18,https://www.yourpropertyguide.com.au/suburbs/roto-nsw-2675,0
/suburbs/rouse-hill-nsw-2155,Submitted and indexed,2026-08-29,https://www.yourpropertyguide.com.au/suburbs/rouse-hill-nsw-2155,1
/suburbs/sale-vic-3850/agents,Submitted and indexed,2026-09-27,https://www.yourpropertyguide.com.au/suburbs/sale-vic-3850/agents,1
/suburbs/salisbury-park-sa-5109,Submitted and indexed,2026-08-22,https://www.yourpropertyguide.com.au/suburbs/salisbury-park-sa-5109,1
/suburbs/salisbury-plain-sa-5109/agents,Submitted and indexed,2026-09-25,https://www.yourpropertyguide.com.au/suburbs/salisbury-plain-sa-5109/agents,0
/suburbs/sancrox-nsw-2446/schools,Submitted and indexed,2026-07-16,https://www.yourpropertyguide.com.au/suburbs/sancrox-nsw-2446/schools,1
/suburbs/scarborough-qld-4020/rental-market,Submitted and indexed,2026-07-03,https://www.yourpropertyguide.com.au/suburbs/scarborough-qld-4020/rental-market,1
/suburbs/scarborough-wa-6019/agents,Submitted and indexed,2026-09-29,https://www.yourpropertyguide.com.au/suburbs/scarborough-wa-6019/agents,1
/suburbs/seaford-heights-sa-5169,Submitted and indexed,2026-09-24,https://www.yourpropertyguide.com.au/suburbs/seaford-heights-sa-5169,0
/suburbs/seaford-heights-sa-5169/agents,Submitted and indexed,2026-09-24,https://www.yourpropertyguide.com.au/suburbs/seaford-heights-sa-5169/agents,1
/suburbs/seaford-vic-3198/rental-market,Submitted and indexed,2026-08-19,https://www.yourpropertyguide.com.au/suburbs/seaford-vic-3198/rental-market,1
/suburbs/sebastopol-vic-3356/agents,Submitted and indexed,2026-09-24,https://www.yourpropertyguide.com.au/suburbs/sebastopol-vic-3356/agents,1
/suburbs/sedgefield-nsw-2330/rental-market,Submitted and indexed,2026-09-19,https://www.yourpropertyguide.com.au/suburbs/sedgefield-nsw-2330/rental-market,1
/suburbs/seisia-qld-4876,Submitted and indexed,2026-10-09,https://www.yourpropertyguide.com.au/suburbs/seisia-qld-4876,1
/suburbs/shellharbour-square-nsw-2529/schools,Submitted and indexed,2026-07-03,https://www.yourpropertyguide.com.au/suburbs/shellharbour-square-nsw-2529/schools,1
/suburbs/sinagra-wa-6065/rental-market,Submitted and indexed,2026-07-03,https://www.yourpropertyguide.com.au/suburbs/sinagra-wa-6065/rental-market,1
/suburbs/singleton-nsw-2330/rental-market,Submitted and indexed,2026-07-17,https://www.yourpropertyguide.com.au/suburbs/singleton-nsw-2330/rental-market,0
/suburbs/smithtown-nsw-2440/rental-market,Submitted and indexed,2026-08-11,https://www.yourpropertyguide.com.au/suburbs/smithtown-nsw-2440/rental-market,1
/suburbs/sorrento-vic-3943/agents,Submitted and indexed,2026-09-26,https://www.yourpropertyguide.com.au/suburbs/sorrento-vic-3943/agents,1
/suburbs/south-bank-qld-4101,Submitted and indexed,2026-07-07,https://www.yourpropertyguide.com.au/suburbs/south-bank-qld-4101,1
/suburbs/south-hedland-wa-6722/agents,Submitted and indexed,2026-09-24,https://www.yourpropertyguide.com.au/suburbs/south-hedland-wa-6722/agents,1
/suburbs/south-lake-wa-6164/rental-market,Submitted and indexed,2026-08-25,https://www.yourpropertyguide.com.au/suburbs/south-lake-wa-6164/rental-market,1
/suburbs/south-melbourne-vic-3205/agents,Submitted and indexed,2026-09-24,https://www.yourpropertyguide.com.au/suburbs/south-melbourne-vic-3205/agents,1
/suburbs/south-morang-vic-3752/agents,Submitted and indexed,2026-09-27,https://www.yourpropertyguide.com.au/suburbs/south-morang-vic-3752/agents,1
/suburbs/south-murwillumbah-nsw-2484,Submitted and indexed,2026-07-08,https://www.yourpropertyguide.com.au/suburbs/south-murwillumbah-nsw-2484,1
/suburbs/south-perth-angelo-st-wa-6151,Submitted and indexed,2026-06-16,https://www.yourpropertyguide.com.au/suburbs/south-perth-angelo-st-wa-6151,0
/suburbs/south-wolumla-nsw-2550/rental-market,Submitted and indexed,2026-07-03,https://www.yourpropertyguide.com.au/suburbs/south-wolumla-nsw-2550/rental-market,1
/suburbs/south-yarra-vic-3141/agents,Submitted and indexed,2026-09-24,https://www.yourpropertyguide.com.au/suburbs/south-yarra-vic-3141/agents,1
/suburbs/south-yarra-vic-3141/rental-market,Submitted and indexed,2026-09-12,https://www.yourpropertyguide.com.au/suburbs/south-yarra-vic-3141/rental-market,1
/suburbs/spalding-sa-5454/schools,Submitted and indexed,2026-07-03,https://www.yourpropertyguide.com.au/suburbs/spalding-sa-5454/schools,1
/suburbs/spearwood-wa-6163/agents,Submitted and indexed,2026-10-01,https://www.yourpropertyguide.com.au/suburbs/spearwood-wa-6163/agents,1
/suburbs/spring-farm-nsw-2570,Submitted and indexed,2026-08-21,https://www.yourpropertyguide.com.au/suburbs/spring-farm-nsw-2570,0
/suburbs/springdale-heights-nsw-2641/agents,Submitted and indexed,2026-09-24,https://www.yourpropertyguide.com.au/suburbs/springdale-heights-nsw-2641/agents,1
/suburbs/springfield-lakes-qld-4300/rental-market,Submitted and indexed,2026-07-03,https://www.yourpropertyguide.com.au/suburbs/springfield-lakes-qld-4300/rental-market,1
/suburbs/springfield-sa-5062/rental-market,Submitted and indexed,2026-09-12,https://www.yourpropertyguide.com.au/suburbs/springfield-sa-5062/rental-market,1
/suburbs/springwood-nsw-2777,Submitted and indexed,2026-09-25,https://www.yourpropertyguide.com.au/suburbs/springwood-nsw-2777,1
/suburbs/st-kilda-west-vic-3182/agents,Submitted and indexed,2026-09-25,https://www.yourpropertyguide.com.au/suburbs/st-kilda-west-vic-3182/agents,1
/suburbs/stanhope-vic-3623/agents,Submitted and indexed,2026-09-25,https://www.yourpropertyguide.com.au/suburbs/stanhope-vic-3623/agents,1
/suburbs/strathmore-heights-vic-3041/agents,Submitted and indexed,2026-09-26,https://www.yourpropertyguide.com.au/suburbs/strathmore-heights-vic-3041/agents,1
/suburbs/sunshine-north-vic-3020/agents,Submitted and indexed,2026-09-25,https://www.yourpropertyguide.com.au/suburbs/sunshine-north-vic-3020/agents,0
/suburbs/surfers-paradise-qld-4217,Submitted and indexed,2026-08-02,https://www.yourpropertyguide.com.au/suburbs/surfers-paradise-qld-4217,1
/suburbs/surrey-hills-vic-3127/agents,Submitted and indexed,2026-09-24,https://www.yourpropertyguide.com.au/suburbs/surrey-hills-vic-3127/agents,1
/suburbs/sydenham-vic-3037/agents,Submitted and indexed,2026-09-24,https://www.yourpropertyguide.com.au/suburbs/sydenham-vic-3037/agents,1
/suburbs/sydney-domestic-airport-nsw-2020/schools,Submitted and indexed,2026-07-03,https://www.yourpropertyguide.com.au/suburbs/sydney-domestic-airport-nsw-2020/schools,1
/suburbs/sydney-international-airport-nsw-2020/schools,Submitted and indexed,2026-08-11,https://www.yourpropertyguide.com.au/suburbs/sydney-international-airport-nsw-2020/schools,0
/suburbs/tahmoor-nsw-2573/rental-market,Submitted and indexed,2026-07-03,https://www.yourpropertyguide.com.au/suburbs/tahmoor-nsw-2573/rental-market,1
/suburbs/taigum-qld-4018,Submitted and indexed,2026-08-29,https://www.yourpropertyguide.com.au/suburbs/taigum-qld-4018,1
/suburbs/taralga-nsw-2580,Submitted and indexed,2026-09-24,https://www.yourpropertyguide.com.au/suburbs/taralga-nsw-2580,0
/suburbs/taren-point-nsw-2229,Submitted and indexed,2026-07-03,https://www.yourpropertyguide.com.au/suburbs/taren-point-nsw-2229,1
/suburbs/tarrington-vic-3301,Submitted and indexed,2026-07-04,https://www.yourpropertyguide.com.au/suburbs/tarrington-vic-3301,0
/suburbs/templestowe-lower-vic-3107/agents,Submitted and indexed,2026-10-01,https://www.yourpropertyguide.com.au/suburbs/templestowe-lower-vic-3107/agents,1
/suburbs/tewantin-qld-4565/agents,Submitted and indexed,2026-09-26,https://www.yourpropertyguide.com.au/suburbs/tewantin-qld-4565/agents,0
/suburbs/the-head-qld-4373,Submitted and indexed,2026-06-22,https://www.yourpropertyguide.com.au/suburbs/the-head-qld-4373,0
/suburbs/the-junction-nsw-2291,Submitted and indexed,2026-09-24,https://www.yourpropertyguide.com.au/suburbs/the-junction-nsw-2291,0
/suburbs/the-ponds-nsw-2769/schools,Submitted and indexed,2026-07-03,https://www.yourpropertyguide.com.au/suburbs/the-ponds-nsw-2769/schools,1
/suburbs/thirroul-nsw-2515,Submitted and indexed,2026-07-08,https://www.yourpropertyguide.com.au/suburbs/thirroul-nsw-2515,1
/suburbs/thomastown-vic-3074/agents,Submitted and indexed,2026-09-27,https://www.yourpropertyguide.com.au/suburbs/thomastown-vic-3074/agents,1
/suburbs/thornbury-vic-3071/agents,Submitted and indexed,2026-09-25,https://www.yourpropertyguide.com.au/suburbs/thornbury-vic-3071/agents,1
/suburbs/thornlands-qld-4164/rental-market,Submitted and indexed,2026-07-03,https://www.yourpropertyguide.com.au/suburbs/thornlands-qld-4164/rental-market,1
/suburbs/toorak-vic-3142,Submitted and indexed,2026-08-20,https://www.yourpropertyguide.com.au/suburbs/toorak-vic-3142,0
/suburbs/torquay-vic-3228/agents,Submitted and indexed,2026-09-28,https://www.yourpropertyguide.com.au/suburbs/torquay-vic-3228/agents,1
/suburbs/torquay-vic-3228/rental-market,Submitted and indexed,2026-09-14,https://www.yourpropertyguide.com.au/suburbs/torquay-vic-3228/rental-market,1
/suburbs/torwood-vic-3821/schools,Submitted and indexed,2026-07-03,https://www.yourpropertyguide.com.au/suburbs/torwood-vic-3821/schools,1
/suburbs/trafalgar-south-vic-3824,Submitted and indexed,2026-06-16,https://www.yourpropertyguide.com.au/suburbs/trafalgar-south-vic-3824,0
/suburbs/trafalgar-vic-3824/agents,Submitted and indexed,2026-09-24,https://www.yourpropertyguide.com.au/suburbs/trafalgar-vic-3824/agents,1
/suburbs/traralgon-east-vic-3844/agents,Submitted and indexed,2026-09-24,https://www.yourpropertyguide.com.au/suburbs/traralgon-east-vic-3844/agents,1
/suburbs/traralgon-vic-3844/rental-market,Submitted and indexed,2026-07-03,https://www.yourpropertyguide.com.au/suburbs/traralgon-vic-3844/rental-market,1
/suburbs/travancore-vic-3032/agents,Submitted and indexed,2026-09-24,https://www.yourpropertyguide.com.au/suburbs/travancore-vic-3032/agents,1
/suburbs/tullimbar-nsw-2527,Submitted and indexed,2026-08-24,https://www.yourpropertyguide.com.au/suburbs/tullimbar-nsw-2527,1
/suburbs/tully-qld-4854/rental-market,Submitted and indexed,2026-07-03,https://www.yourpropertyguide.com.au/suburbs/tully-qld-4854/rental-market,1
/suburbs/turrella-nsw-2205,Submitted and indexed,2026-07-08,https://www.yourpropertyguide.com.au/suburbs/turrella-nsw-2205,1
/suburbs/umina-beach-nsw-2257/rental-market,Submitted and indexed,2026-10-07,https://www.yourpropertyguide.com.au/suburbs/umina-beach-nsw-2257/rental-market,1
/suburbs/unanderra-dc-nsw-2526,Submitted and indexed,2026-08-28,https://www.yourpropertyguide.com.au/suburbs/unanderra-dc-nsw-2526,1
/suburbs/underbool-vic-3509,Submitted and indexed,2026-07-08,https://www.yourpropertyguide.com.au/suburbs/underbool-vic-3509,1
/suburbs/unley-sa-5061/agents,Submitted and indexed,2026-09-24,https://www.yourpropertyguide.com.au/suburbs/unley-sa-5061/agents,1
/suburbs/upper-coomera-qld-4209/rental-market,Submitted and indexed,2026-07-03,https://www.yourpropertyguide.com.au/suburbs/upper-coomera-qld-4209/rental-market,1
/suburbs/upper-mount-gravatt-bc-qld-4122,Submitted and indexed,2026-08-29,https://www.yourpropertyguide.com.au/suburbs/upper-mount-gravatt-bc-qld-4122,1
/suburbs/urangan-qld-4655,Submitted and indexed,2026-08-29,https://www.yourpropertyguide.com.au/suburbs/urangan-qld-4655,1
/suburbs/wahroonga-nsw-2076,Submitted and indexed,2026-06-20,https://www.yourpropertyguide.com.au/suburbs/wahroonga-nsw-2076,0
/suburbs/waikiki-wa-6169/agents,Submitted and indexed,2026-10-01,https://www.yourpropertyguide.com.au/suburbs/waikiki-wa-6169/agents,1
/suburbs/wallacia-nsw-2745,Submitted and indexed,2026-06-18,https://www.yourpropertyguide.com.au/suburbs/wallacia-nsw-2745,0
/suburbs/wanneroo-wa-6065/rental-market,Submitted and indexed,2026-07-03,https://www.yourpropertyguide.com.au/suburbs/wanneroo-wa-6065/rental-market,1
/suburbs/warrnambool-vic-3280/agents,Submitted and indexed,2026-09-25,https://www.yourpropertyguide.com.au/suburbs/warrnambool-vic-3280/agents,0
/suburbs/warrnambool-vic-3280/rental-market,Submitted and indexed,2026-09-29,https://www.yourpropertyguide.com.au/suburbs/warrnambool-vic-3280/rental-market,1
/suburbs/warwick-farm-nsw-2170/rental-market,Submitted and indexed,2026-09-12,https://www.yourpropertyguide.com.au/suburbs/warwick-farm-nsw-2170/rental-market,1
/suburbs/warwick-qld-4370/agents,Submitted and indexed,2026-09-26,https://www.yourpropertyguide.com.au/suburbs/warwick-qld-4370/agents,1
/suburbs/warwick-qld-4370/rental-market,Submitted and indexed,2026-07-03,https://www.yourpropertyguide.com.au/suburbs/warwick-qld-4370/rental-market,1
/suburbs/warwick-wa-6024,Submitted and indexed,2026-07-03,https://www.yourpropertyguide.com.au/suburbs/warwick-wa-6024,1
/suburbs/waterloo-sa-5413,Submitted and indexed,2026-06-18,https://www.yourpropertyguide.com.au/suburbs/waterloo-sa-5413,0
/suburbs/waterloo-wa-6228,Submitted and indexed,2026-09-26,https://www.yourpropertyguide.com.au/suburbs/waterloo-wa-6228,0
/suburbs/waterways-vic-3195/agents,Submitted and indexed,2026-10-01,https://www.yourpropertyguide.com.au/suburbs/waterways-vic-3195/agents,1
/suburbs/waurn-ponds-vic-3216,Submitted and indexed,2026-09-11,https://www.yourpropertyguide.com.au/suburbs/waurn-ponds-vic-3216,1
/suburbs/weipa-qld-4874/rental-market,Submitted and indexed,2026-07-03,https://www.yourpropertyguide.com.au/suburbs/weipa-qld-4874/rental-market,1
/suburbs/wellesley-wa-6233/schools,Submitted and indexed,2026-07-03,https://www.yourpropertyguide.com.au/suburbs/wellesley-wa-6233/schools,1
/suburbs/wendouree-vic-3355/agents,Submitted and indexed,2026-09-24,https://www.yourpropertyguide.com.au/suburbs/wendouree-vic-3355/agents,1
/suburbs/werribee-vic-3030/rental-market,Submitted and indexed,2026-07-03,https://www.yourpropertyguide.com.au/suburbs/werribee-vic-3030/rental-market,1
/suburbs/werribee-vic-3030/vs/wyndham-vale-vic-3024,Submitted and indexed,2026-09-17,https://www.yourpropertyguide.com.au/suburbs/werribee-vic-3030/vs/wyndham-vale-vic-3024,0
/suburbs/werrikimbe-nsw-2446/rental-market,Submitted and indexed,2026-07-03,https://www.yourpropertyguide.com.au/suburbs/werrikimbe-nsw-2446/rental-market,1
/suburbs/west-end-qld-4101,Submitted and indexed,2026-06-21,https://www.yourpropertyguide.com.au/suburbs/west-end-qld-4101,0
/suburbs/west-gosford-nsw-2250,Submitted and indexed,2026-07-08,https://www.yourpropertyguide.com.au/suburbs/west-gosford-nsw-2250,1
/suburbs/westbourne-park-sa-5041/agents,Submitted and indexed,2026-09-26,https://www.yourpropertyguide.com.au/suburbs/westbourne-park-sa-5041/agents,1
/suburbs/whyalla-norrie-east-sa-5608/schools,Submitted and indexed,2026-07-03,https://www.yourpropertyguide.com.au/suburbs/whyalla-norrie-east-sa-5608/schools,1
/suburbs/willagee-wa-6156/agents,Submitted and indexed,2026-09-27,https://www.yourpropertyguide.com.au/suburbs/willagee-wa-6156/agents,1
/suburbs/willetton-wa-6155/agents,Submitted and indexed,2026-09-25,https://www.yourpropertyguide.com.au/suburbs/willetton-wa-6155/agents,1
/suburbs/williams-landing-vic-3027/schools,Submitted and indexed,2026-07-03,https://www.yourpropertyguide.com.au/suburbs/williams-landing-vic-3027/schools,1
/suburbs/williamstown-north-vic-3016/agents,Submitted and indexed,2026-09-24,https://www.yourpropertyguide.com.au/suburbs/williamstown-north-vic-3016/agents,1
/suburbs/williamstown-vic-3016/agents,Submitted and indexed,2026-09-27,https://www.yourpropertyguide.com.au/suburbs/williamstown-vic-3016/agents,1
/suburbs/willunga-sa-5172/agents,Submitted and indexed,2026-09-24,https://www.yourpropertyguide.com.au/suburbs/willunga-sa-5172/agents,1
/suburbs/wilsons-promontory-vic-3960,Submitted and indexed,2026-06-20,https://www.yourpropertyguide.com.au/suburbs/wilsons-promontory-vic-3960,0
/suburbs/wingfield-sa-5013,Submitted and indexed,2026-08-30,https://www.yourpropertyguide.com.au/suburbs/wingfield-sa-5013,0
/suburbs/wodonga-vic-3690/rental-market,Submitted and indexed,2026-09-11,https://www.yourpropertyguide.com.au/suburbs/wodonga-vic-3690/rental-market,1
/suburbs/wollert-vic-3750/rental-market,Submitted and indexed,2026-07-03,https://www.yourpropertyguide.com.au/suburbs/wollert-vic-3750/rental-market,1
/suburbs/wolli-creek-nsw-2205/schools,Submitted and indexed,2026-09-23,https://www.yourpropertyguide.com.au/suburbs/wolli-creek-nsw-2205/schools,1
/suburbs/wollongong-nsw-2500,Submitted and indexed,2026-06-17,https://www.yourpropertyguide.com.au/suburbs/wollongong-nsw-2500,0
/suburbs/wollongong-nsw-2500/rental-market,Submitted and indexed,2026-07-15,https://www.yourpropertyguide.com.au/suburbs/wollongong-nsw-2500/rental-market,0
/suburbs/woodridge-qld-4114/rental-market,Submitted and indexed,2026-07-03,https://www.yourpropertyguide.com.au/suburbs/woodridge-qld-4114/rental-market,1
/suburbs/woodsreef-nsw-2347/rental-market,Submitted and indexed,2026-07-03,https://www.yourpropertyguide.com.au/suburbs/woodsreef-nsw-2347/rental-market,1
/suburbs/woodvale-wa-6026,Submitted and indexed,2026-09-27,https://www.yourpropertyguide.com.au/suburbs/woodvale-wa-6026,1
/suburbs/woodvale-wa-6026/rental-market,Submitted and indexed,2026-07-03,https://www.yourpropertyguide.com.au/suburbs/woodvale-wa-6026/rental-market,1
/suburbs/woodwark-qld-4802,Submitted and indexed,2026-06-17,https://www.yourpropertyguide.com.au/suburbs/woodwark-qld-4802,0
/suburbs/woolloongabba-qld-4102,Submitted and indexed,2026-09-23,https://www.yourpropertyguide.com.au/suburbs/woolloongabba-qld-4102,0
/suburbs/woori-yallock-vic-3139/agents,Submitted and indexed,2026-09-25,https://www.yourpropertyguide.com.au/suburbs/woori-yallock-vic-3139/agents,1
/suburbs/worrolong-sa-5291,Submitted and indexed,2026-06-17,https://www.yourpropertyguide.com.au/suburbs/worrolong-sa-5291,0
/suburbs/worrolong-sa-5291/schools,Submitted and indexed,2026-07-03,https://www.yourpropertyguide.com.au/suburbs/worrolong-sa-5291/schools,1
/suburbs/wulagi-nt-0812,Submitted and indexed,2026-07-03,https://www.yourpropertyguide.com.au/suburbs/wulagi-nt-0812,1
/suburbs/wynnum-west-qld-4178/rental-market,Submitted and indexed,2026-07-03,https://www.yourpropertyguide.com.au/suburbs/wynnum-west-qld-4178/rental-market,1
/suburbs/yallaroi-nsw-2408,Submitted and indexed,2026-07-04,https://www.yourpropertyguide.com.au/suburbs/yallaroi-nsw-2408,0
/suburbs/yamba-nsw-2464/agents,Submitted and indexed,2026-09-28,https://www.yourpropertyguide.com.au/suburbs/yamba-nsw-2464/agents,1
/suburbs/yandina-creek-qld-4561,Submitted and indexed,2026-06-17,https://www.yourpropertyguide.com.au/suburbs/yandina-creek-qld-4561,0
/suburbs/yangebup-wa-6164/agents,Submitted and indexed,2026-09-24,https://www.yourpropertyguide.com.au/suburbs/yangebup-wa-6164/agents,0
/suburbs/yarraville-vic-3013/agents,Submitted and indexed,2026-10-01,https://www.yourpropertyguide.com.au/suburbs/yarraville-vic-3013/agents,1
/suburbs/yinnar-vic-3869/agents,Submitted and indexed,2026-09-24,https://www.yourpropertyguide.com.au/suburbs/yinnar-vic-3869/agents,1
/suburbs/yundi-sa-5172/rental-market,Submitted and indexed,2026-07-16,https://www.yourpropertyguide.com.au/suburbs/yundi-sa-5172/rental-market,0
/tools,Submitted and indexed,2026-07-02,https://www.yourpropertyguide.com.au/tools,2
/upgrading,Submitted and indexed,2026-08-30,https://www.yourpropertyguide.com.au/upgrading,2
/best-suburbs/best-rental-yield/qld,Crawled - currently not indexed,2026-06-26,https://www.yourpropertyguide.com.au/best-suburbs/best-rental-yield/qld,0
/best-suburbs/best-rental-yield/vic,Crawled - currently not indexed,2026-07-03,https://www.yourpropertyguide.com.au/best-suburbs/best-rental-yield/vic,0
/best-suburbs/for-families/act,Crawled - currently not indexed,2026-06-27,https://www.yourpropertyguide.com.au/best-suburbs/for-families/act,1
/best-suburbs/for-families/nt,Crawled - currently not indexed,2026-07-01,https://www.yourpropertyguide.com.au/best-suburbs/for-families/nt,1
/best-suburbs/for-families/qld,Crawled - currently not indexed,2026-07-05,https://www.yourpropertyguide.com.au/best-suburbs/for-families/qld,1
/best-suburbs/for-families/sa,Crawled - currently not indexed,2026-06-04,https://www.yourpropertyguide.com.au/best-suburbs/for-families/sa,1
/best-suburbs/for-families/vic,Crawled - currently not indexed,2026-05-17,https://www.yourpropertyguide.com.au/best-suburbs/for-families/vic,0
/best-suburbs/for-families/wa,Crawled - currently not indexed,2026-06-08,https://www.yourpropertyguide.com.au/best-suburbs/for-families/wa,1
/best-suburbs/highest-growth/nsw,Crawled - currently not indexed,2026-06-27,https://www.yourpropertyguide.com.au/best-suburbs/highest-growth/nsw,0
/best-suburbs/lowest-flood-risk/nt,Crawled - currently not indexed,2026-07-05,https://www.yourpropertyguide.com.au/best-suburbs/lowest-flood-risk/nt,1
/best-suburbs/lowest-flood-risk/tas,Crawled - currently not indexed,2026-06-18,https://www.yourpropertyguide.com.au/best-suburbs/lowest-flood-risk/tas,0
/best-suburbs/most-affordable/nsw,Crawled - currently not indexed,2026-06-23,https://www.yourpropertyguide.com.au/best-suburbs/most-affordable/nsw,0
/best-suburbs/most-affordable/nt,Crawled - currently not indexed,2026-06-26,https://www.yourpropertyguide.com.au/best-suburbs/most-affordable/nt,0
/best-suburbs/most-affordable/qld,Crawled - currently not indexed,2026-07-05,https://www.yourpropertyguide.com.au/best-suburbs/most-affordable/qld,1
/best-suburbs/most-affordable/sa,Crawled - currently not indexed,2026-06-16,https://www.yourpropertyguide.com.au/best-suburbs/most-affordable/sa,1
/best-suburbs/most-affordable/tas,Crawled - currently not indexed,2026-06-29,https://www.yourpropertyguide.com.au/best-suburbs/most-affordable/tas,0
/best-suburbs/most-walkable,Crawled - currently not indexed,2026-04-25,https://www.yourpropertyguide.com.au/best-suburbs/most-walkable,0
/best-suburbs/most-walkable/act,Crawled - currently not indexed,2026-06-23,https://www.yourpropertyguide.com.au/best-suburbs/most-walkable/act,0
/best-suburbs/most-walkable/nsw,Crawled - currently not indexed,2026-06-17,https://www.yourpropertyguide.com.au/best-suburbs/most-walkable/nsw,1
/best-suburbs/most-walkable/nt,Crawled - currently not indexed,2026-06-27,https://www.yourpropertyguide.com.au/best-suburbs/most-walkable/nt,1
/best-suburbs/most-walkable/qld,Crawled - currently not indexed,2026-07-04,https://www.yourpropertyguide.com.au/best-suburbs/most-walkable/qld,0
/best-suburbs/most-walkable/sa,Crawled - currently not indexed,2026-07-02,https://www.yourpropertyguide.com.au/best-suburbs/most-walkable/sa,1
/best-suburbs/most-walkable/tas,Crawled - currently not indexed,2026-07-06,https://www.yourpropertyguide.com.au/best-suburbs/most-walkable/tas,0
/best-suburbs/most-walkable/wa,Crawled - currently not indexed,2026-07-03,https://www.yourpropertyguide.com.au/best-suburbs/most-walkable/wa,0
/buy,Crawled - currently not indexed,2026-04-22,,2
/data-updates,Crawled - currently not indexed,2026-05-06,https://www.yourpropertyguide.com.au/data-updates,1
/guides/building-pest-inspection,Crawled - currently not indexed,2026-07-07,https://www.yourpropertyguide.com.au/guides/building-pest-inspection,2
/guides/capital-growth-vs-cash-flow-australia,Crawled - currently not indexed,2026-07-01,https://www.yourpropertyguide.com.au/guides/capital-growth-vs-cash-flow-australia,0
/guides/conveyancing-guide,Crawled - currently not indexed,2026-07-03,https://www.yourpropertyguide.com.au/guides/conveyancing-guide,2
/guides/due-diligence-checklist-buying-a-house,Crawled - currently not indexed,2026-06-17,https://www.yourpropertyguide.com.au/guides/due-diligence-checklist-buying-a-house,2
/guides/federal-budget-2026-property,Crawled - currently not indexed,2026-07-03,https://www.yourpropertyguide.com.au/guides/federal-budget-2026-property,1
/guides/first-home-buyer-act,Crawled - currently not indexed,2026-05-06,https://www.yourpropertyguide.com.au/guides/first-home-buyer-act,1
/guides/first-home-buyer-nt,Crawled - currently not indexed,2026-07-24,https://www.yourpropertyguide.com.au/guides/first-home-buyer-nt,1
/guides/first-home-buyer-vic,Crawled - currently not indexed,2026-06-05,https://www.yourpropertyguide.com.au/guides/first-home-buyer-vic,1
/guides/foreign-buyer-firb-guide,Crawled - currently not indexed,2026-06-03,https://www.yourpropertyguide.com.au/guides/foreign-buyer-firb-guide,1
/guides/help-to-buy-scheme-australia,Crawled - currently not indexed,2026-07-14,https://www.yourpropertyguide.com.au/guides/help-to-buy-scheme-australia,0
/guides/home-loan-pre-approval-australia,Crawled - currently not indexed,2026-06-17,https://www.yourpropertyguide.com.au/guides/home-loan-pre-approval-australia,1
/guides/home-staging-cost-australia,Crawled - currently not indexed,2026-07-03,https://www.yourpropertyguide.com.au/guides/home-staging-cost-australia,1
/guides/house-vs-apartment-investment-australia,Crawled - currently not indexed,2026-06-04,https://www.yourpropertyguide.com.au/guides/house-vs-apartment-investment-australia,1
/guides/how-to-choose-a-mortgage-broker,Crawled - currently not indexed,2026-07-15,https://www.yourpropertyguide.com.au/guides/how-to-choose-a-mortgage-broker,2
/guides/how-to-choose-a-selling-agent,Crawled - currently not indexed,2026-07-13,https://www.yourpropertyguide.com.au/guides/how-to-choose-a-selling-agent,2
/guides/how-to-find-a-builder-australia,Crawled - currently not indexed,2026-07-08,https://www.yourpropertyguide.com.au/guides/how-to-find-a-builder-australia,1
/guides/how-to-negotiate-property-price-australia,Crawled - currently not indexed,2026-06-28,https://www.yourpropertyguide.com.au/guides/how-to-negotiate-property-price-australia,1
/guides/how-to-negotiate-real-estate-agent-commission,Crawled - currently not indexed,2026-07-03,https://www.yourpropertyguide.com.au/guides/how-to-negotiate-real-estate-agent-commission,1
/guides/lenders-mortgage-insurance-guide,Crawled - currently not indexed,2026-06-08,https://www.yourpropertyguide.com.au/guides/lenders-mortgage-insurance-guide,0
/guides/real-estate-commission-qld,Crawled - currently not indexed,2026-06-17,,0
/guides/real-estate-commission-sa,Crawled - currently not indexed,2026-07-10,https://www.yourpropertyguide.com.au/guides/real-estate-commission-sa,2
/guides/settlement-day-australia,Crawled - currently not indexed,2026-06-27,https://www.yourpropertyguide.com.au/guides/settlement-day-australia,1
/guides/what-to-fix-before-selling-a-house,Crawled - currently not indexed,2026-07-03,https://www.yourpropertyguide.com.au/guides/what-to-fix-before-selling-a-house,1
/market-reports/qld,Crawled - currently not indexed,2026-07-28,https://www.yourpropertyguide.com.au/market-reports/qld,1
/methodology,Crawled - currently not indexed,2026-06-27,https://www.yourpropertyguide.com.au/methodology,2
/postcodes/0810,Crawled - currently not indexed,2026-07-06,https://www.yourpropertyguide.com.au/postcodes/0810,1
/postcodes/2025,Crawled - currently not indexed,2026-06-24,https://www.yourpropertyguide.com.au/postcodes/2025,0
/postcodes/2076,Crawled - currently not indexed,2026-06-24,https://www.yourpropertyguide.com.au/postcodes/2076,0
/postcodes/2108,Crawled - currently not indexed,2026-04-28,https://www.yourpropertyguide.com.au/postcodes/2108,0
/postcodes/2122,Crawled - currently not indexed,2026-06-14,https://www.yourpropertyguide.com.au/postcodes/2122,0
/postcodes/2213,Crawled - currently not indexed,2026-06-04,https://www.yourpropertyguide.com.au/postcodes/2213,0
/postcodes/2225,Crawled - currently not indexed,2026-04-24,https://www.yourpropertyguide.com.au/postcodes/2225,0
/postcodes/2466,Crawled - currently not indexed,2026-07-05,https://www.yourpropertyguide.com.au/postcodes/2466,0
/postcodes/2489,Crawled - currently not indexed,2026-06-23,https://www.yourpropertyguide.com.au/postcodes/2489,0
/postcodes/2506,Crawled - currently not indexed,2026-06-08,https://www.yourpropertyguide.com.au/postcodes/2506,0
/postcodes/2611,Crawled - currently not indexed,2026-06-03,https://www.yourpropertyguide.com.au/postcodes/2611,0
/postcodes/2869,Crawled - currently not indexed,2026-06-24,https://www.yourpropertyguide.com.au/postcodes/2869,0
/postcodes/3137,Crawled - currently not indexed,2026-06-03,https://www.yourpropertyguide.com.au/postcodes/3137,0
/postcodes/3153,Crawled - currently not indexed,2026-06-04,https://www.yourpropertyguide.com.au/postcodes/3153,0
/postcodes/3282,Crawled - currently not indexed,2026-06-15,https://www.yourpropertyguide.com.au/postcodes/3282,0
/postcodes/3447,Crawled - currently not indexed,2026-07-15,https://www.yourpropertyguide.com.au/postcodes/3447,0
/postcodes/3468,Crawled - currently not indexed,2026-06-03,https://www.yourpropertyguide.com.au/postcodes/3468,0
/postcodes/3512,Crawled - currently not indexed,2026-06-08,https://www.yourpropertyguide.com.au/postcodes/3512,0
/postcodes/3557,Crawled - currently not indexed,2026-06-25,https://www.yourpropertyguide.com.au/postcodes/3557,0
/postcodes/3623,Crawled - currently not indexed,2026-04-21,https://www.yourpropertyguide.com.au/postcodes/3623,0
/postcodes/3891,Crawled - currently not indexed,2026-06-11,https://www.yourpropertyguide.com.au/postcodes/3891,0
/postcodes/3928,Crawled - currently not indexed,2026-07-04,https://www.yourpropertyguide.com.au/postcodes/3928,1
/postcodes/4359,Crawled - currently not indexed,2026-06-03,https://www.yourpropertyguide.com.au/postcodes/4359,0
/postcodes/4373,Crawled - currently not indexed,2026-06-03,https://www.yourpropertyguide.com.au/postcodes/4373,0
/postcodes/4416,Crawled - currently not indexed,2026-06-03,https://www.yourpropertyguide.com.au/postcodes/4416,0
/postcodes/4741,Crawled - currently not indexed,2026-06-24,https://www.yourpropertyguide.com.au/postcodes/4741,0
/postcodes/4810,Crawled - currently not indexed,2026-06-24,https://www.yourpropertyguide.com.au/postcodes/4810,0
/postcodes/4854,Crawled - currently not indexed,2026-06-03,https://www.yourpropertyguide.com.au/postcodes/4854,0
/postcodes/5045,Crawled - currently not indexed,2026-06-07,https://www.yourpropertyguide.com.au/postcodes/5045,0
/postcodes/5132,Crawled - currently not indexed,2026-04-24,https://www.yourpropertyguide.com.au/postcodes/5132,0
/postcodes/5156,Crawled - currently not indexed,2026-06-05,https://www.yourpropertyguide.com.au/postcodes/5156,0
/postcodes/5171,Crawled - currently not indexed,2026-06-08,https://www.yourpropertyguide.com.au/postcodes/5171,0
/postcodes/5279,Crawled - currently not indexed,2026-06-02,https://www.yourpropertyguide.com.au/postcodes/5279,0
/postcodes/5611,Crawled - currently not indexed,2026-04-25,https://www.yourpropertyguide.com.au/postcodes/5611,0
/postcodes/6009,Crawled - currently not indexed,2026-06-26,https://www.yourpropertyguide.com.au/postcodes/6009,0
/postcodes/6251,Crawled - currently not indexed,2026-04-23,https://www.yourpropertyguide.com.au/postcodes/6251,0
/postcodes/6357,Crawled - currently not indexed,2026-04-23,https://www.yourpropertyguide.com.au/postcodes/6357,0
/postcodes/6631,Crawled - currently not indexed,2026-06-05,https://www.yourpropertyguide.com.au/postcodes/6631,0
/postcodes/6762,Crawled - currently not indexed,2026-06-03,https://www.yourpropertyguide.com.au/postcodes/6762,0
/postcodes/7012,Crawled - currently not indexed,2026-06-03,https://www.yourpropertyguide.com.au/postcodes/7012,0
/postcodes/7187,Crawled - currently not indexed,2026-04-23,https://www.yourpropertyguide.com.au/postcodes/7187,0
/postcodes/872,Crawled - currently not indexed,2026-04-22,https://www.yourpropertyguide.com.au/postcodes/872,0
/regions/bundaberg,Crawled - currently not indexed,2026-06-03,https://www.yourpropertyguide.com.au/regions/bundaberg,0
/regions/cabonne,Crawled - currently not indexed,2026-07-03,https://www.yourpropertyguide.com.au/regions/cabonne,1
/regions/cambridge,Crawled - currently not indexed,2026-07-02,https://www.yourpropertyguide.com.au/regions/cambridge,1
/regions/canterbury-bankstown,Crawled - currently not indexed,2026-04-24,https://www.yourpropertyguide.com.au/regions/canterbury-bankstown,0
/regions/circular-head,Crawled - currently not indexed,2026-07-08,https://www.yourpropertyguide.com.au/regions/circular-head,1
/regions/derby-west-kimberley,Crawled - currently not indexed,2026-04-24,https://www.yourpropertyguide.com.au/regions/derby-west-kimberley,0
/regions/gungahlin,Crawled - currently not indexed,2026-06-03,https://www.yourpropertyguide.com.au/regions/gungahlin,0
/regions/hawkesbury,Crawled - currently not indexed,2026-06-03,https://www.yourpropertyguide.com.au/regions/hawkesbury,0
/regions/horsham,Crawled - currently not indexed,2026-04-25,https://www.yourpropertyguide.com.au/regions/horsham,0
/regions/ipswich,Crawled - currently not indexed,2026-07-06,https://www.yourpropertyguide.com.au/regions/ipswich,1
/regions/lord-howe-island,Crawled - currently not indexed,2026-04-22,https://www.yourpropertyguide.com.au/regions/lord-howe-island,0
/regions/murrindindi,Crawled - currently not indexed,2026-06-03,https://www.yourpropertyguide.com.au/regions/murrindindi,0
/regions/ravensthorpe,Crawled - currently not indexed,2026-06-29,https://www.yourpropertyguide.com.au/regions/ravensthorpe,1
/regions/stirling,Crawled - currently not indexed,2026-06-06,https://www.yourpropertyguide.com.au/regions/stirling,0
/regions/tasman,Crawled - currently not indexed,2026-06-03,https://www.yourpropertyguide.com.au/regions/tasman,1
/regions/temora,Crawled - currently not indexed,2026-04-26,https://www.yourpropertyguide.com.au/regions/temora,0
/regions/the-hills,Crawled - currently not indexed,2026-06-04,https://www.yourpropertyguide.com.au/regions/the-hills,0
/regions/vincent,Crawled - currently not indexed,2026-04-27,,1
/regions/walgett,Crawled - currently not indexed,2026-07-03,https://www.yourpropertyguide.com.au/regions/walgett,1
/regions/wangaratta,Crawled - currently not indexed,2026-06-03,https://www.yourpropertyguide.com.au/regions/wangaratta,0
/regions/west-wimmera,Crawled - currently not indexed,2026-07-02,https://www.yourpropertyguide.com.au/regions/west-wimmera,1
/regions/whittlesea,Crawled - currently not indexed,2026-07-04,https://www.yourpropertyguide.com.au/regions/whittlesea,1
/regions/wollongong,Crawled - currently not indexed,2026-07-02,https://www.yourpropertyguide.com.au/regions/wollongong,1
/regions/wudinna,Crawled - currently not indexed,2026-06-29,https://www.yourpropertyguide.com.au/regions/wudinna,1
/regions/yarriambiack,Crawled - currently not indexed,2026-06-03,https://www.yourpropertyguide.com.au/regions/yarriambiack,0
/research,Crawled - currently not indexed,2026-05-28,,3
/schools/abbotsford-primary-school-44370,Crawled - currently not indexed,2026-04-25,https://www.yourpropertyguide.com.au/schools/abbotsford-primary-school-44370,0
/schools/albany-senior-high-school-48116/vs/albany-primary-school-48265,Crawled - currently not indexed,2026-06-03,https://www.yourpropertyguide.com.au/schools/albany-senior-high-school-48116/vs/albany-primary-school-48265,1
/schools/albany-senior-high-school-48116/vs/australian-christian-college-southlands-49125,Crawled - currently not indexed,2026-04-22,https://www.yourpropertyguide.com.au/schools/albany-senior-high-school-48116/vs/australian-christian-college-southlands-49125,1
/schools/albany-senior-high-school-48116/vs/parklands-school-49081,Crawled - currently not indexed,2026-04-22,https://www.yourpropertyguide.com.au/schools/albany-senior-high-school-48116/vs/parklands-school-49081,1
/schools/amphitheatre-primary-school-44330,Crawled - currently not indexed,2026-06-17,https://www.yourpropertyguide.com.au/schools/amphitheatre-primary-school-44330,0
/schools/ashdale-secondary-college-48258,Crawled - currently not indexed,2026-04-23,https://www.yourpropertyguide.com.au/schools/ashdale-secondary-college-48258,0
/schools/bradbury-public-school-41482,Crawled - currently not indexed,2026-04-23,https://www.yourpropertyguide.com.au/schools/bradbury-public-school-41482,0
/schools/bradfordville-public-school-42876,Crawled - currently not indexed,2026-04-21,https://www.yourpropertyguide.com.au/schools/bradfordville-public-school-42876,1
/schools/brisbane-girls-grammar-school-48034/vs/all-hallows-school-47882,Crawled - currently not indexed,2026-06-01,https://www.yourpropertyguide.com.au/schools/brisbane-girls-grammar-school-48034/vs/all-hallows-school-47882,1
/schools/caboolture-state-school-46663,Crawled - currently not indexed,2026-04-21,https://www.yourpropertyguide.com.au/schools/caboolture-state-school-46663,1
/schools/henbury-school-50069,Crawled - currently not indexed,2026-06-14,https://www.yourpropertyguide.com.au/schools/henbury-school-50069,0
/schools/kesser-torah-college-43839,Crawled - currently not indexed,2026-04-16,https://www.yourpropertyguide.com.au/schools/kesser-torah-college-43839,0
/schools/laura-primary-school-49210,Crawled - currently not indexed,2026-04-21,https://www.yourpropertyguide.com.au/schools/laura-primary-school-49210,0
/schools/leichhardt-public-school-41140,Crawled - currently not indexed,2026-07-08,https://www.yourpropertyguide.com.au/schools/leichhardt-public-school-41140,1
/schools/menzies-creek-primary-school-44469,Crawled - currently not indexed,2026-04-24,https://www.yourpropertyguide.com.au/schools/menzies-creek-primary-school-44469,1
/schools/newman-primary-school-48557,Crawled - currently not indexed,2026-06-05,https://www.yourpropertyguide.com.au/schools/newman-primary-school-48557,1
/schools/north-albany-senior-high-school-48227,Crawled - currently not indexed,2026-06-15,https://www.yourpropertyguide.com.au/schools/north-albany-senior-high-school-48227,0
/schools/norwood-primary-school-49164,Crawled - currently not indexed,2026-07-01,https://www.yourpropertyguide.com.au/schools/norwood-primary-school-49164,1
/schools/redcliffe-primary-school-48492,Crawled - currently not indexed,2026-04-16,https://www.yourpropertyguide.com.au/schools/redcliffe-primary-school-48492,0
/schools/scotch-college-49815,Crawled - currently not indexed,2026-06-08,https://www.yourpropertyguide.com.au/schools/scotch-college-49815,0
/schools/spearwood-alternative-school-48673,Crawled - currently not indexed,2026-04-26,https://www.yourpropertyguide.com.au/schools/spearwood-alternative-school-48673,0
/schools/st-agatha-s-school-46019,Crawled - currently not indexed,2026-07-03,https://www.yourpropertyguide.com.au/schools/st-agatha-s-school-46019,1
/schools/st-brigid-s-school-48885,Crawled - currently not indexed,2026-06-27,https://www.yourpropertyguide.com.au/schools/st-brigid-s-school-48885,2
/schools/st-francis-xavier-s-catholic-primary-school-43423,Crawled - currently not indexed,2026-07-03,https://www.yourpropertyguide.com.au/schools/st-francis-xavier-s-catholic-primary-school-43423,1
/schools/st-mary-s-catholic-primary-school-43405,Crawled - currently not indexed,2026-07-02,https://www.yourpropertyguide.com.au/schools/st-mary-s-catholic-primary-school-43405,1
/schools/st-philip-neri-catholic-primary-school-43251,Crawled - currently not indexed,2026-07-05,https://www.yourpropertyguide.com.au/schools/st-philip-neri-catholic-primary-school-43251,1
/schools/st-thomas-more-s-school-46057,Crawled - currently not indexed,2026-07-03,https://www.yourpropertyguide.com.au/schools/st-thomas-more-s-school-46057,2
/schools/tallangatta-secondary-college-45472,Crawled - currently not indexed,2026-06-07,https://www.yourpropertyguide.com.au/schools/tallangatta-secondary-college-45472,0
/schools/trinity-catholic-college-43474,Crawled - currently not indexed,2026-04-22,https://www.yourpropertyguide.com.au/schools/trinity-catholic-college-43474,0
/sold,Crawled - currently not indexed,2026-04-28,https://www.yourpropertyguide.com.au/sold,1
/states/act,Crawled - currently not indexed,2026-04-24,https://www.yourpropertyguide.com.au/states/act,0
/states/nsw,Crawled - currently not indexed,2026-06-03,https://www.yourpropertyguide.com.au/states/nsw,0
/states/nt,Crawled - currently not indexed,2026-04-24,https://www.yourpropertyguide.com.au/states/nt,0
/states/qld,Crawled - currently not indexed,2026-04-26,https://www.yourpropertyguide.com.au/states/qld,0
/states/sa,Crawled - currently not indexed,2026-06-29,https://www.yourpropertyguide.com.au/states/sa,1
/states/tas,Crawled - currently not indexed,2026-07-02,https://www.yourpropertyguide.com.au/states/tas,1
/states/vic,Crawled - currently not indexed,2026-06-03,https://www.yourpropertyguide.com.au/states/vic,0
/states/wa,Crawled - currently not indexed,2026-07-04,https://www.yourpropertyguide.com.au/states/wa,1
/suburbs/allambie-heights-nsw-2100,Crawled - currently not indexed,2026-06-18,https://www.yourpropertyguide.com.au/suburbs/allambie-heights-nsw-2100,1
/suburbs/baringhup-vic-3463,Crawled - currently not indexed,2026-06-03,https://www.yourpropertyguide.com.au/suburbs/baringhup-vic-3463,0
/suburbs/beltana-station-sa-5730,Crawled - currently not indexed,2026-06-03,https://www.yourpropertyguide.com.au/suburbs/beltana-station-sa-5730,0
/suburbs/berowra-heights-nsw-2082,Crawled - currently not indexed,2026-06-17,https://www.yourpropertyguide.com.au/suburbs/berowra-heights-nsw-2082,0
/suburbs/braunstone-nsw-2460,Crawled - currently not indexed,2026-06-03,https://www.yourpropertyguide.com.au/suburbs/braunstone-nsw-2460,0
/suburbs/bundemar-nsw-2823,Crawled - currently not indexed,2026-07-19,https://www.yourpropertyguide.com.au/suburbs/bundemar-nsw-2823,3
/suburbs/carrowbrook-nsw-2330,Crawled - currently not indexed,2026-06-20,https://www.yourpropertyguide.com.au/suburbs/carrowbrook-nsw-2330,0
/suburbs/charles-sturt-university-nsw-2795/schools,Crawled - currently not indexed,2026-07-03,https://www.yourpropertyguide.com.au/suburbs/charles-sturt-university-nsw-2795/schools,1
/suburbs/colac-west-vic-3250,Crawled - currently not indexed,2026-06-20,https://www.yourpropertyguide.com.au/suburbs/colac-west-vic-3250,0
/suburbs/currumbin-waters-qld-4223,Crawled - currently not indexed,2026-05-06,https://www.yourpropertyguide.com.au/suburbs/currumbin-waters-qld-4223,0
/suburbs/darkes-forest-nsw-2508,Crawled - currently not indexed,2026-06-07,https://www.yourpropertyguide.com.au/suburbs/darkes-forest-nsw-2508,1
/suburbs/dugandan-qld-4310,Crawled - currently not indexed,2026-06-30,https://www.yourpropertyguide.com.au/suburbs/dugandan-qld-4310,1
/suburbs/eastbrook-wa-6260,Crawled - currently not indexed,2026-05-06,https://www.yourpropertyguide.com.au/suburbs/eastbrook-wa-6260,0
/suburbs/exeter-nsw-2579,Crawled - currently not indexed,2026-05-08,https://www.yourpropertyguide.com.au/suburbs/exeter-nsw-2579,0
/suburbs/exmouth-gulf-wa-6707,Crawled - currently not indexed,2026-06-26,https://www.yourpropertyguide.com.au/suburbs/exmouth-gulf-wa-6707,0
/suburbs/fullerton-cove-nsw-2318,Crawled - currently not indexed,2026-06-16,https://www.yourpropertyguide.com.au/suburbs/fullerton-cove-nsw-2318,1
/suburbs/garnant-qld-4702,Crawled - currently not indexed,2026-06-17,https://www.yourpropertyguide.com.au/suburbs/garnant-qld-4702,0
/suburbs/gawler-sa-5118,Crawled - currently not indexed,2026-07-08,https://www.yourpropertyguide.com.au/suburbs/gawler-sa-5118,0
/suburbs/haliday-bay-qld-4740,Crawled - currently not indexed,2026-06-27,https://www.yourpropertyguide.com.au/suburbs/haliday-bay-qld-4740,0
/suburbs/kalbeeba-sa-5118,Crawled - currently not indexed,2026-06-22,https://www.yourpropertyguide.com.au/suburbs/kalbeeba-sa-5118,0
/suburbs/kuttabul-qld-4741/schools,Crawled - currently not indexed,2026-07-16,https://www.yourpropertyguide.com.au/suburbs/kuttabul-qld-4741/schools,1
/suburbs/lange-wa-6330,Crawled - currently not indexed,2026-06-16,https://www.yourpropertyguide.com.au/suburbs/lange-wa-6330,0
/suburbs/lughrata-tas-7255,Crawled - currently not indexed,2026-04-15,https://www.yourpropertyguide.com.au/suburbs/lughrata-tas-7255,2
/suburbs/maffra-nsw-2630,Crawled - currently not indexed,2026-06-21,https://www.yourpropertyguide.com.au/suburbs/maffra-nsw-2630,0
/suburbs/maryland-nsw-2287,Crawled - currently not indexed,2026-07-08,https://www.yourpropertyguide.com.au/suburbs/maryland-nsw-2287,1
/suburbs/melton-mowbray-tas-7030,Crawled - currently not indexed,2026-06-19,https://www.yourpropertyguide.com.au/suburbs/melton-mowbray-tas-7030,0
/suburbs/meringo-nsw-2537,Crawled - currently not indexed,2026-05-23,https://www.yourpropertyguide.com.au/suburbs/meringo-nsw-2537,1
/suburbs/mole-creek-tas-7304,Crawled - currently not indexed,2026-06-07,https://www.yourpropertyguide.com.au/suburbs/mole-creek-tas-7304,1
/suburbs/mount-molloy-qld-4871,Crawled - currently not indexed,2026-05-10,https://www.yourpropertyguide.com.au/suburbs/mount-molloy-qld-4871,0
/suburbs/mundoo-qld-4860,Crawled - currently not indexed,2026-06-26,https://www.yourpropertyguide.com.au/suburbs/mundoo-qld-4860,1
/suburbs/mylor-sa-5153,Crawled - currently not indexed,2026-06-27,https://www.yourpropertyguide.com.au/suburbs/mylor-sa-5153,0
/suburbs/needles-tas-7304,Crawled - currently not indexed,2026-06-14,https://www.yourpropertyguide.com.au/suburbs/needles-tas-7304,1
/suburbs/north-maleny-qld-4552,Crawled - currently not indexed,2026-07-02,https://www.yourpropertyguide.com.au/suburbs/north-maleny-qld-4552,0
/suburbs/penshurst-vic-3289,Crawled - currently not indexed,2026-05-10,,0
/suburbs/piturie-qld-4825,Crawled - currently not indexed,2026-06-27,https://www.yourpropertyguide.com.au/suburbs/piturie-qld-4825,1
/suburbs/princes-hill-vic-3054,Crawled - currently not indexed,2026-06-07,https://www.yourpropertyguide.com.au/suburbs/princes-hill-vic-3054,0
/suburbs/reedy-flat-vic-3895,Crawled - currently not indexed,2026-06-26,https://www.yourpropertyguide.com.au/suburbs/reedy-flat-vic-3895,0
/suburbs/rottnest-island-wa-6161,Crawled - currently not indexed,2026-07-04,https://www.yourpropertyguide.com.au/suburbs/rottnest-island-wa-6161,0
/suburbs/shallow-bay-nsw-2428/rental-market,Crawled - currently not indexed,2026-07-03,https://www.yourpropertyguide.com.au/suburbs/shallow-bay-nsw-2428/rental-market,1
/suburbs/stockwell-sa-5355,Crawled - currently not indexed,2026-05-06,https://www.yourpropertyguide.com.au/suburbs/stockwell-sa-5355,0
/suburbs/tarneit-vic-3029/vs/truganina-vic-3029,Crawled - currently not indexed,2026-05-03,https://www.yourpropertyguide.com.au/suburbs/tarneit-vic-3029/vs/truganina-vic-3029,1
/suburbs/taromeo-qld-4306,Crawled - currently not indexed,2026-07-06,https://www.yourpropertyguide.com.au/suburbs/taromeo-qld-4306,1
/suburbs/tingalpa-bc-qld-4173,Crawled - currently not indexed,2026-07-08,https://www.yourpropertyguide.com.au/suburbs/tingalpa-bc-qld-4173,1
/suburbs/townsville-qld-4810/rental-market,Crawled - currently not indexed,2026-06-01,https://www.yourpropertyguide.com.au/suburbs/townsville-qld-4810/rental-market,1
/suburbs/wattle-range-east-sa-5279,Crawled - currently not indexed,2026-06-23,https://www.yourpropertyguide.com.au/suburbs/wattle-range-east-sa-5279,0
/suburbs/west-mackay-qld-4740,Crawled - currently not indexed,2026-06-18,https://www.yourpropertyguide.com.au/suburbs/west-mackay-qld-4740,1
/suburbs/west-tamworth-nsw-2340,Crawled - currently not indexed,2026-05-05,https://www.yourpropertyguide.com.au/suburbs/west-tamworth-nsw-2340,0
/suburbs/wynnum-west-qld-4178,Crawled - currently not indexed,2026-06-30,https://www.yourpropertyguide.com.au/suburbs/wynnum-west-qld-4178,2
/suburbs/yambacoona-tas-7256,Crawled - currently not indexed,2026-04-25,https://www.yourpropertyguide.com.au/suburbs/yambacoona-tas-7256,0
/suburbs/yangan-qld-4371,Crawled - currently not indexed,2026-06-16,https://www.yourpropertyguide.com.au/suburbs/yangan-qld-4371,0
/suburbs/yarrol-qld-4630,Crawled - currently not indexed,2026-06-17,https://www.yourpropertyguide.com.au/suburbs/yarrol-qld-4630,1
/contact,Discovered – currently not indexed,,,2
/postcodes/4113,Discovered – currently not indexed,,,1
/postcodes/6151,Discovered – currently not indexed,,,0
/real-estate-leads/property-developer-leads,Discovered – currently not indexed,,,0
/real-estate-leads/vendor-leads,Discovered – currently not indexed,,,0
/rent,Discovered – currently not indexed,,,3
/suburbs/alice-springs-nt-0872/vs/gillen-nt-0870,Discovered – currently not indexed,,,1
/suburbs/ambleside-tas-7310/schools,Discovered – currently not indexed,,,0
/suburbs/axedale-vic-3551/schools,Discovered – currently not indexed,,,0
/suburbs/bohena-creek-nsw-2390/rental-market,Discovered – currently not indexed,,,1
/suburbs/bowmans-forest-vic-3735,Discovered – currently not indexed,,,0
/suburbs/carngham-vic-3351/schools,Discovered – currently not indexed,,,2
/suburbs/castaways-beach-qld-4567,Discovered – currently not indexed,,,0
/suburbs/champion-lakes-wa-6111/vs/gosnells-wa-6110,Discovered – currently not indexed,,,1
/suburbs/cornelian-bay-tas-7008/vs/lenah-valley-tas-7008,Discovered – currently not indexed,,,1
/suburbs/dropmore-vic-3660/schools,Discovered – currently not indexed,,,2
/suburbs/ferguson-vic-3237,Discovered – currently not indexed,,,0
/suburbs/gateshead-nsw-2290/rental-market,Discovered – currently not indexed,,,0
/suburbs/headington-hill-qld-4361,Discovered – currently not indexed,,,0
/suburbs/holmes-nt-0812/vs/karama-nt-0812,Discovered – currently not indexed,,,0
/suburbs/jamberoo-nsw-2533/rental-market,Discovered – currently not indexed,,,0
/suburbs/kambah-act-2902/vs/kambah-village-act-2902,Discovered – currently not indexed,,,0
/suburbs/wollombi-nsw-2325/rental-market,Discovered – currently not indexed,,,0
/suburbs/yallunda-flat-sa-5607/rental-market,Discovered – currently not indexed,,,0
/suburbs/mount-gambier-east-sa-5291/vs/mount-gambier-sa-5290,"Duplicate, Google chose different canonical than user",2026-10-08,https://www.yourpropertyguide.com.au/suburbs/mount-gambier-east-sa-5291/vs/mount-gambier-sa-5291,0
/suburbs/beaconsfield-tas-7270,Excluded by ‘noindex’ tag,2026-09-29,https://www.yourpropertyguide.com.au/suburbs/beaconsfield-tas-7270,0
/suburbs/bilgola-nsw-2107,Excluded by ‘noindex’ tag,2026-09-26,https://www.yourpropertyguide.com.au/suburbs/bilgola-nsw-2107,0
/suburbs/camberwell-north-vic-3124,Excluded by ‘noindex’ tag,2026-09-26,https://www.yourpropertyguide.com.au/suburbs/camberwell-north-vic-3124,0
/suburbs/collingwood-north-vic-3066,Excluded by ‘noindex’ tag,2026-09-27,https://www.yourpropertyguide.com.au/suburbs/collingwood-north-vic-3066,0
/suburbs/cromer-heights-nsw-2099,Excluded by ‘noindex’ tag,2026-09-26,https://www.yourpropertyguide.com.au/suburbs/cromer-heights-nsw-2099,0
/suburbs/davoren-park-south-sa-5113,Excluded by ‘noindex’ tag,2026-09-26,https://www.yourpropertyguide.com.au/suburbs/davoren-park-south-sa-5113,0
/suburbs/homebush-south-nsw-2140,Excluded by ‘noindex’ tag,2026-09-26,https://www.yourpropertyguide.com.au/suburbs/homebush-south-nsw-2140,0
/suburbs/lockyer-qld-4344,Excluded by ‘noindex’ tag,2026-09-25,https://www.yourpropertyguide.com.au/suburbs/lockyer-qld-4344,0
/suburbs/loganholme-bc-qld-4129,Excluded by ‘noindex’ tag,2026-09-25,https://www.yourpropertyguide.com.au/suburbs/loganholme-bc-qld-4129,0
/suburbs/mandurah-dc-wa-6210,Excluded by ‘noindex’ tag,2026-09-28,https://www.yourpropertyguide.com.au/suburbs/mandurah-dc-wa-6210,0
/suburbs/mildura-east-vic-3500,Excluded by ‘noindex’ tag,2026-09-27,https://www.yourpropertyguide.com.au/suburbs/mildura-east-vic-3500,0
/suburbs/george-town-sa-7253,Page with redirect,2026-10-04,https://www.yourpropertyguide.com.au/suburbs/george-town-tas-7253,1
/suburbs/guanaba-qld-4210,Page with redirect,2026-06-13,https://www.yourpropertyguide.com.au/suburbs/guanaba-qld-4210,0
/suburbs/hughes-act-2605,Page with redirect,2026-06-12,https://www.yourpropertyguide.com.au/suburbs/hughes-act-2605,0
/suburbs/killara-nsw-2071,Page with redirect,2026-07-16,https://www.yourpropertyguide.com.au/suburbs/killara-nsw-2071,0
/suburbs/merrimac-qld-4226,Page with redirect,2026-07-21,https://www.yourpropertyguide.com.au/suburbs/merrimac-qld-4226,0
/best-suburbs/best-rental-yield,Server error (5xx),2026-06-16,,1
/best-suburbs/for-families,Server error (5xx),2026-06-05,,0
/best-suburbs/highest-growth,Server error (5xx),2026-06-22,,0
/best-suburbs/lowest-flood-risk,Server error (5xx),2026-06-18,,0
/best-suburbs/most-affordable,Server error (5xx),2026-06-05,,0
/guides/melbourne-property-market-2026,URL is unknown to Google,,,0
/suburbs/fernbank-creek-nsw-2444/vs/port-macquarie-nsw-2444,URL is unknown to Google,,,0
/suburbs/glenmore-nsw-2570/rental-market,URL is unknown to Google,,,0
