query,our_rank,our_url,top10,paa,ai_overview,aio_cites_us,aio_cited,serp_features
real estate commission nsw,11,https://www.yourpropertyguide.com.au/real-estate-commission-calculator,1 https://www.nsw.gov.au/business-and-economy/licences-and-credentials/becoming-a-property-agent/property-and-stock-agents-fees | 2 https://raywhitetoronto.com.au/news/paying-the-agent-what-is-the-right-amount-to-pay-for-a-sale | 3 https://www.localagentfinder.com.au/blog/real-estate-agent-commission | 4 https://www.openagent.com.au/glossary/Commission | 5 https://www.apartments.com.au/news/how-much-should-your-estate-agents-commission-fee-be-new-australia-wide-survey | 6 https://www.localsearch.com.au/guides/real-estate-agents/real-estate-commission-new-south-wales | 7 https://www.reddit.com/r/sydney/comments/6h6cmk/what_is_the_going_rate_for_agents_commission_when/ | 8 https://www.localagentfinder.com.au/real-estate-tools/agent-commission-calculator | 9 https://different.com.au/blog/real-estate-agent-commission-guide/ | 10 https://different.com.au/blog/real-estate-agent-commission-guide/,What is the usual estate agent commission? | How fast can you become a real estate agent? | How much does a real estate agent make in Australia? | What is the most common complaint filed against realtors? | What is the biggest mistake a real estate agent can make? | What are some unethical practices in real estate? | What is the most common reason clients sue their real estate agents? | Where can I file a complaint about a real estate agent in NSW? | Is it normal for a real estate agent to lie about other offers on a house?,yes,no,openagent.com.au | propertynow.com.au | salebyhomeowner.com.au | realestate.com.au | connectskillsinstitute.edu.au | ncat.nsw.gov.au,"ai_overview,organic,people_also_ask,related_searches"
real estate commission vic,,,1 https://www.reddit.com/r/AusPropertyChat/comments/1g7vcca/what_are_standard_real_estate_agents_rates/ | 2 https://www.openagent.com.au/tools/commissions-calculator | 3 https://www.victorianpropertysettlements.com.au/news/2025/7/10/when-is-an-estate-agent-entitled-to-commission-if-the-contract-does-not-proceed | 4 https://www.archerinstitute.edu.au/blog/estate-agent-salary-victoria/ | 5 https://www.comparethemarket.com.au/home-loans/real-estate-commission-fees/ | 6 https://citylinkconveyancing.com.au/cost-sell-property-victoria/ | 7 https://lawyersconveyancing.com.au/encyclopaedia/unfair-real-estate-fees/ | 8 https://reaa.com.au/how-to-become-a-real-estate-agent-in-victoria-australia/ | 9 https://www.openagent.com.au/blog/when-does-real-estate-agent-receive-commission | 10 https://www.consumer.vic.gov.au/licensing-and-registration/estate-agents/agents-representatives,"What is the usual estate agent commission? | How much does a Real Estate Agent make in Australia? | What is the average price of a house in Victoria, Australia? | Does commission include GST? | Do you pay tax on commission in Australia? | What is a reasonable commission rate? | Is 3% commission a lot? | Is 7% commission a lot? | Is 6% a good commission?",yes,no,whichrealestateagent.com.au | onegrouprealty.com.au | agentselect.com.au | vendormarketing.com.au | realestate.com.au | ianreid.com.au | openagent.com.au | connectskillsinstitute.edu.au | irec.com.au | consumer.vic.gov.au,"ai_overview,organic,people_also_ask,people_also_search,related_searches"
real estate commission qld,,,1 https://www.reiq.com/articles/property-sales/protecting-your-commission | 2 https://www.localagentfinder.com.au/blog/real-estate-agent-commission | 3 https://www.reddit.com/r/AusPropertyChat/comments/1g7vcca/what_are_standard_real_estate_agents_rates/ | 4 https://whichrealestateagent.com.au/calculators/agent-fees-commission/ | 5 https://www.maplawyers.com.au/when-is-the-agent-entitled-to-charge-their-commission-in-queensland/ | 6 https://www.openagent.com.au/blog/what-commission-rates-to-expect-when-selling-property-t101 | 7 https://queenslandlawhandbook.org.au/the-queensland-law-handbook/living-and-working-in-society/buying-selling-and-building-a-home/real-estate-agents-right-to-commission-and-incidental-expenses/ | 8 https://www.facebook.com/groups/yeppoon.qld/posts/26486966877660918/ | 9 https://www.qld.gov.au/law/housing-and-neighbours/renting-and-owning-property/deciding-how-to-manage-your-investment-property/property-management-fees-and-charges | 10 https://www.qld.gov.au/law/housing-and-neighbours/renting-and-owning-property/deciding-how-to-manage-your-investment-property/property-management-fees-and-charges,What are the key responsibilities of a real estate agent? | What is the usual estate agent commission? | What is the most common complaint filed against realtors? | How much do you have to pay the government when you sell your house? | Do you pay stamp duty when selling a house in QLD? | What is the hardest month to sell a house? | What devalues a house the most? | Which week in 2026 is the best to sell a house? | Should I renovate before selling?,yes,no,whichrealestateagent.com.au | unreservedrealestate.com.au | eng.quicklaw.com.au | reiq.com | connectskillsinstitute.edu.au | qld.gov.au | empirelegal.com.au | localagentfinder.com.au | openagent.com.au,"ai_overview,organic,people_also_ask,related_searches"
real estate commission wa,,,1 https://reiwa.com.au/the-wa-market/resources/articles/why-your-sale-price-isnt-the-final-figure/ | 2 https://www.facebook.com/groups/1756093917959595/posts/4456434117925548/ | 3 https://www.propertynow.com.au/blog/real-estate-agent-commissions-how-much-should-you-pay/ | 4 https://www.consumerprotection.wa.gov.au/publications/real-estate-fees-negotiating-agent | 5 https://www.reddit.com/r/perth/comments/1rrgqxf/real_estate_commission_in_perth/ | 6 https://www.facebook.com/mikegjestlandrizerealestate/posts/faq-how-much-commission-will-i-pay-an-agent-in-perth-in-perth-metro-commission-u/1719750250159405/ | 7 https://keylaw.com.au/commission-calculator/ | 8 https://www.wa.gov.au/organisation/service-delivery/real-estate-licensing-and-registration | 9 https://www.top10realestateagent.com.au/real-estate-agent-commission-australia.html | 10 https://legalvision.com.au/assisting-with-real-estate-fee-collection/,What is the usual estate agent commission? | How much does a real estate agent make in Australia? | What is the most common complaint filed against realtors? | Is 3% normal for a real estate agent? | What is the lowest commission a realtor will take? | Is 3% commission a lot? | What is a reasonable commission rate? | Is 70/30 a good commission split? | Why does the seller pay the buyer's agent?,yes,no,listwithclever.com | youtube.com | everydoorrealestate.com | study.com | dol.wa.gov | realestateschool.org,"ai_overview,organic,people_also_ask,related_searches"
real estate commission sa,,,1 https://whichrealestateagent.com.au/calculators/agent-fees-commission/ | 2 https://keylaw.com.au/commission-calculator/ | 3 https://www.lawhandbook.sa.gov.au/ch23s09.php | 4 https://thepropertytribune.com.au/business-industry/how-much-commission-do-real-estate-agents-make/ | 5 https://salistings.blog/tag/real-estate-commissions/ | 6 https://www.top10realestateagent.com.au/real-estate-agent-commission-australia.html | 7 https://www.ljhooker.com.au/sell/selling-real-estate-guides-for-your-state/selling-real-estate-in-sa | 8 https://www.facebook.com/groups/northernsuburbsadelaide/posts/23969373989349924/ | 9 https://www.sa.gov.au/topics/housing/buying-building-selling/selling-a-property/solving-a-problem-with-a-real-estate-agency | 10 https://whichrealestateagent.com.au/agent-fees/discount-and-flat-commission-real-estate/,What is the usual estate agent commission? | What is the hardest month to sell a house? | How much is stamp duty in South Australia? | How do you sell a house privately in South Australia? | What are the typical fees involved in selling a house in South Australia? | What is the most common reason a property fails to sell? | What devalues a house the most? | What to do when your property is not selling? | What are some red flags when selling?,yes,no,irec.com.au | dealsa.com.au | openagent.com.au | whichrealestateagent.com.au | realestate.com.au | gawlereastrealestate.au,"ai_overview,organic,people_also_ask,related_searches"
real estate commission tasmania,,,1 https://propertyagentsboard.com.au/ | 2 https://myhobarthome.com.au/buyers-agent-fees-in-tasmania/ | 3 https://whichrealestateagent.com.au/best-agents/hobart-hobart-remainder-tas-7000/ | 4 https://www.reddit.com/r/AusPropertyChat/comments/1g7vcca/what_are_standard_real_estate_agents_rates/ | 5 https://ablis.business.gov.au/service/tas/code-of-conduct-for-property-agents/7772 | 6 https://www.apartments.com.au/news/how-much-should-your-estate-agents-commission-fee-be-new-australia-wide-survey | 7 https://ablis.business.gov.au/service/tas/real-estate-agent-licence/7369 | 8 https://whichrealestateagent.com.au/best-agents/lake-st-clair-tas-7140/ | 9 https://commissionflow.com.au/everything-you-need-to-know-about-real-estate-commission/ | 10 https://www.facebook.com/groups/473403246424166/posts/2530769730687497/,What is the usual estate agent commission? | What is the median price of a house in Tasmania? | How long does it take to become a real estate agent in Australia? | What is the average salary for a real estate agent in Tasmania? | What is the biggest mistake a Real Estate Agent can make? | What percentage do most real estate agents take? | Is 3% commission a lot? | Do real estate agents get paid if the house doesn't sell? | What is the highest paid type of Real Estate Agent? | Who is the richest real estate agent? | What is higher than a real estate agent? | What is the lowest commission a Realtor will take? | What is the most common complaint filed against realtors?,yes,no,propertynow.com.au | unreservedrealestate.com.au | openagent.com.au | sellingyourproperty.com.au | irec.com.au | whichrealestateagent.com.au,"ai_overview,organic,people_also_ask,related_searches"
real estate commission act,,,1 https://www.legislation.wa.gov.au/legislation/statutes.nsf/main_mrtitle_810_homepage.html | 2 https://independent.com.au/commission | 3 https://reiv.com.au/advocacy/estate-agents-act-1980 | 4 https://queenslandlawhandbook.org.au/the-queensland-law-handbook/living-and-working-in-society/buying-selling-and-building-a-home/real-estate-agents-right-to-commission-and-incidental-expenses/ | 5 https://www.openagent.com.au/blog/commissions-pay-new-south-wales-real-estate-agent | 6 https://www.legislation.tas.gov.au/view/pdf/authorised/2025-07-01%202025-07-01/act-2016-058 | 7 https://www.realestate.com.au/advice/real-estate-agent-commissions/ | 8 https://www.legislation.wa.gov.au/legislation/statutes.nsf/RedirectURL?OpenAgent&query=mrdoc_42406.htm | 9 https://rankinellison.com.au/publications/property-sale-through-a-real-estate-agent/ | 10 https://legislation.nsw.gov.au/view/whole/html/2017-07-07/act-2002-066,Who is the regulator for real estate in Victoria? | What is the most common complaint filed against realtors? | How much does a real estate agent make in Australia? | What is the property law in Australia? | What are the two main laws in Australia? | What are the new property laws in Australia? | Can I sell my house to my son for $1 dollar in Australia? | What are the latest real estate news in Australia? | What is the ATO's 6-year rule for capital gains on former homes?,yes,no,openagent.com.au | independent.com.au | salebyhomeowner.com.au | legislation.tas.gov.au | reiv.com.au | queenslandlawhandbook.org.au | smartpropertyinvestment.com.au | leveragegroup.com.au | legislation.wa.gov.au | www5.austlii.edu.au | lawhandbook.sa.gov.au,"ai_overview,organic,people_also_ask,related_searches"
real estate commission nt,,,1 https://nt.gov.au/property/buying-and-selling-a-home/ways-to-buy-or-sell-a-home/dealing-with-a-real-estate-agent | 2 https://www.openagent.com.au/blog/how-much-does-it-cost-to-sell-a-house-in-nt | 3 https://www.irec.com.au/real-estate-agent-fees-and-commission-nt | 4 https://connectskillsinstitute.edu.au/real-estate-commission-nt-calculator/ | 5 https://ablis.business.gov.au/service/nt/real-estate-agents-licence/3264 | 6 https://www.unreservedrealestate.com.au/savings-calculator/nt/ | 7 https://www.openagent.com.au/real-estate-agent-fees/nt | 8 https://www.realestatetraining.com.au/nt-courses?srsltid=AU7gw4Xu2HbE9K5WDzpwWNbyPeLzhLIOgkhmTifqlAjW608VxneJ7t9f | 9 https://www.propertynow.com.au/blog/real-estate-agent-commission-by-state/ | 10 https://www.ljhooker.com.au/sell/selling-real-estate-guides-for-your-state/selling-real-estate-in-nt,What percentage do most real estate agents take? | How to work out commission on real estate? | What percentage do most estate agents charge? | Do real estate agents get paid if the house doesn't sell? | Does the seller lose money if the buyer pulls out? | What is the hardest month to sell a house in Australia? | What devalues a house the most? | Who pays for the renovations on selling houses in Australia? | Will 2026 be a good time to sell?,yes,no,unreservedrealestate.com.au | openagent.com.au | irec.com.au | propertynow.com.au | ljhooker.com.au | nt.gov.au,"ai_overview,organic,paid,people_also_ask,related_searches"
real estate agent fees,7,https://www.yourpropertyguide.com.au/guides/real-estate-commission-vic,1 https://whichrealestateagent.com.au/agent-fees/real-estate-agent-fee-structures/ | 2 https://www.localagentfinder.com.au/real-estate-tools/agent-commission-calculator | 3 https://www.reddit.com/r/australian/comments/1ctt3iv/why_are_real_estate_fees_so_cooked/ | 4 https://urbanrenters.com.au/blog/rental-agent-fees/ | 5 https://www.realestate.com.au/advice/how-much-does-it-cost-to-sell-a-house/ | 6 https://www.irec.com.au/real-estate-agent-fees-and-commission | 7 https://www.yourpropertyguide.com.au/guides/real-estate-commission-vic | 8 https://lawyersconveyancing.com.au/encyclopaedia/unfair-real-estate-fees/ | 9 https://www.facebook.com/groups/1756093917959595/posts/4011409062428058/ | 10 https://www.salebyhomeowner.com.au/average-real-estate-agent-commission-in-nsw/,Do estate agents charge commission? | How much does a real estate agent make in Australia? | Is 3% good for a realtor? | What is the average property management fee in NSW? | How much do agents charge to rent your property? | How much is a reasonable management fee? | What are the typical full management fees for estate agents? | What is a normal management fee? | What is an appropriate management fee?,yes,yes,whichrealestateagent.com.au | onegrouprealty.com.au | localagentfinder.com.au | irec.com.au | agentselect.com.au | realestate.com.au | independent.com.au | yourpropertyguide.com.au,"ai_overview,discussions_and_forums,organic,people_also_ask,related_searches"
real estate agent commission,15,https://www.yourpropertyguide.com.au/guides/real-estate-commission-vic,1 https://www.agentselect.com.au/agent-fees-commissions/perth-and-western-australia/ | 2 https://whichrealestateagent.com.au/agent-fees/real-estate-agent-fees-commission/ | 3 https://ianreid.com.au/setting-effective-agents-commission/ | 4 https://eng.quicklaw.com.au/public/convey-comm-calc-qld.aspx?ref=constructor.net.au | 5 https://www.onegrouprealty.com.au/agent-commission-explained/ | 6 https://www.irec.com.au/real-estate-agent-fees-and-commission-vic | 7 https://www.localagentfinder.com.au/real-estate-tools/agent-commission-calculator | 8 https://www.irec.com.au/real-estate-agent-fees-and-commission-qld | 9 https://www.salebyhomeowner.com.au/average-real-estate-agent-commission-in-nsw/ | 10 https://www.reddit.com/r/perth/comments/1rrgqxf/real_estate_commission_in_perth/,Do estate agents charge commission? | How much does a real estate agent make in Australia? | How fast can you become a real estate agent? | Is 3% good for a realtor? | What is the hardest month to sell a house? | Is 3% normal for a real estate agent? | What percentage do most real estate agents get? | How old are most real estate agents? | What's the hardest thing about being a realtor?,yes,no,top10realestateagent.com.au | propertynow.com.au | realestate.com.au | openagent.com.au | comparethemarket.com.au | localagentfinder.com.au,"ai_overview,images,organic,people_also_ask,related_searches"
how much do real estate agents charge,10,https://www.yourpropertyguide.com.au/guides/real-estate-commission-nsw,1 https://www.openagent.com.au/tools/commissions-calculator | 2 https://www.levypropertygroup.com.au/eastern-suburbs-how-much-commission-does-a-real-estate-agent-charge-in-sydney/ | 3 https://whichrealestateagent.com.au/blog/wp-content/uploads/2024/08/Guide-to-Agent-Fees-Which-Real-Estate-Agent.pdf | 4 https://whichrealestateagent.com.au/property-management/fees/sa-adelaide/ | 5 https://www.reddit.com/r/AusPropertyChat/comments/1gz3ml0/agent_selling_fees_brisbane_area_is_this_ok/ | 6 https://www.openagent.com.au/real-estate-agent-fees/tas | 7 https://www.youtube.com/watch?v=euLuPAcbjlQ | 8 https://www.vendoradvocatemelb.com.au/real-estate-agent-fees-melbourne-what-are-you-really-paying-for/ | 9 https://www.openagent.com.au/real-estate-agent-fees/vic | 10 https://www.yourpropertyguide.com.au/guides/real-estate-commission-nsw,Do estate agents charge a percentage? | How much does a real estate agent make in Australia? | Is 3% good for a realtor? | What is the biggest mistake a real estate agent can make? | What is the failure rate of a real estate agent? | What is an unethical real estate agent? | What not to say to a real estate agent? | What is the most common complaint filed against realtors? | Do estate agents have to be honest?,yes,yes,propertynow.com.au | top10realestateagent.com.au | nestpath.com.au | openagent.com.au | yourpropertyguide.com.au | canstar.com.au | agentselect.com.au | fletcherslocal.au | youtube.com,"ai_overview,discussions_and_forums,organic,people_also_ask,related_searches"
real estate commission,13,https://www.yourpropertyguide.com.au/guides/real-estate-commission-nsw,1 https://www.agentselect.com.au/agent-fees-commissions/perth-and-western-australia/ | 2 https://eng.quicklaw.com.au/public/convey-comm-calc-qld.aspx?ref=constructor.net.au | 3 https://www.onegrouprealty.com.au/agent-commission-explained/ | 4 https://www.localagentfinder.com.au/real-estate-tools/agent-commission-calculator | 5 https://www.irec.com.au/real-estate-agent-fees-and-commission-nt | 6 https://www.irec.com.au/real-estate-agent-fees-and-commission-vic | 7 https://www.irec.com.au/real-estate-agent-fees-and-commission | 8 https://whichrealestateagent.com.au/glossary/agent-commission-rate/ | 9 https://connectskillsinstitute.edu.au/real-estate-commission-wa-calculator/ | 10 https://connectskillsinstitute.edu.au/real-estate-commission-wa-calculator/,"Do estate agents charge commission? | How much does a real estate agent make in Australia? | How fast can you become a real estate agent? | How do I renew my real estate license in NSW, Australia? | How much does it cost to renew a real estate licence in NSW? | Is it hard to start out as a real estate agent? | What's the easiest job in real estate? | What is the hardest part of becoming a realtor? | How likely are you to succeed as a real estate agent?",yes,no,irec.com.au | localagentfinder.com.au | agentselect.com.au | onegrouprealty.com.au | connectskillsinstitute.edu.au,"ai_overview,organic,people_also_ask,related_searches"
real estate agent fees nsw,,,1 https://www.dijones.com.au/library/blog/selling-property/how-much-does-it-cost-to-sell-your-house-in-nsw-in-2025 | 2 https://www.localagentfinder.com.au/blog/real-estate-agent-commission | 3 https://www.myagency.com.au/membership | 4 https://www.nsw.gov.au/housing-and-construction/buying-and-selling-property/selling-a-property/agency-agreements | 5 https://www.reddit.com/r/sydney/comments/6h6cmk/what_is_the_going_rate_for_agents_commission_when/ | 6 https://realestate-david-beshay.com.au/real-estate-agent-fees-when-selling/ | 7 https://higginsrealestatelismore.com.au/2017/05/how-much-does-it-cost-to-sell-a-house/ | 8 https://www.nsw.gov.au/departments-and-agencies/fair-trading/resources/fees | 9 https://www.nsw.gov.au/departments-and-agencies/fair-trading/resources/fees | 10 https://ownhome.com/articles/how-much-does-a-buyers-agent-cost-in-australia,Do estate agents charge commission? | How much does a real estate agent make in Australia? | What is the hardest month to sell a house? | What percentage do most real estate agents take? | What is the biggest mistake a real estate agent can make? | Is 3% commission a lot? | Is 70/30 a good commission split? | Why does the seller pay the buyer's agent? | Is 2% a good commission?,yes,no,openagent.com.au | salebyhomeowner.com.au | reddit.com | agentselect.com.au | propertynow.com.au | realestate.com.au | whichrealestateagent.com.au,"ai_overview,discussions_and_forums,organic,people_also_ask,related_searches"
real estate commission calculator,,,1 https://www.mortgagecalculator.org/calcs/commission.php | 2 https://whichrealestateagent.com.au/agent-fees/real-estate-agent-fees-wa/ | 3 https://www.calculator.net/commission-calculator.html | 4 https://www.realestate.com.au/advice/real-estate-agent-commissions/ | 5 https://connectskillsinstitute.edu.au/real-estate-commission-vic-calculator/ | 6 https://www.gogecko.com.au/sell/commission-calculator/ | 7 https://www.localagentfinder.com.au/real-estate-agent-commission-fees | 8 https://connectskillsinstitute.edu.au/real-estate-commission-wa-calculator/ | 9 https://www.openagent.com.au/blog/what-commission-should-you-pay-victoria-real-estate-agents | 10 https://whichrealestateagent.com.au/agent-fees/tasmania-real-estate-agents-fees-commissions/,"Do estate agents charge commission? | How much does a real estate agent make in Australia? | Is 3% good for a realtor? | How do you calculate a commission? | What is the formula for calculating commission? | Is 5% commission a lot? | What is a reasonable commission rate? | What is 5% commission on $200,000? | Is 2% a good commission?",yes,no,whichrealestateagent.com.au | salebyhomeowner.com.au | realestate.com.au | openagent.com.au | agentselect.com.au,"ai_overview,organic,people_also_ask,related_searches"
real estate commission sydney,,,1 https://www.reddit.com/r/AusFinance/comments/urfknj/whats_a_reasonable_comission_for_a_real_estate/ | 2 https://www.openagent.com.au/blog/commissions-pay-new-south-wales-real-estate-agent | 3 https://whichrealestateagent.com.au/agent-fees/real-estate-agents-fees-and-commissions-nsw/ | 4 https://www.levypropertygroup.com.au/eastern-suburbs-how-much-commission-does-a-real-estate-agent-charge-in-sydney/ | 5 https://www.localagentfinder.com.au/real-estate-tools/agent-commission-calculator | 6 https://entryeducation.edu.au/blog/buyers-agent-fees-and-commissions-australia/ | 7 https://www.canstar.com.au/home-loans/real-estate-commission-fees/ | 8 https://www.realestate.com.au/advice/real-estate-agent-commissions/ | 9 https://www.irec.com.au/real-estate-agent-fees-and-commission-nsw | 10 https://www.salebyhomeowner.com.au/average-real-estate-agent-commission-in-nsw/,Is 3% commission a lot? | What percentage do most real estate agents take? | What is the typical range of property management fees in Sydney? | What is the real estate commission in NSW? | How much commission do real estate agents make in Sydney? | What is the biggest mistake a real estate agent can make? | What is an unethical real estate agent? | What is the failure rate of a real estate agent? | What is the most common complaint filed against realtors?,yes,no,reddit.com | openagent.com.au | salebyhomeowner.com.au | whichrealestateagent.com.au | levypropertygroup.com.au | irec.com.au | connectskillsinstitute.edu.au | realestate.com.au | agentselect.com.au | localagentfinder.com.au,"ai_overview,organic,people_also_ask,related_searches"
real estate commission melbourne,,,1 https://www.openagent.com.au/blog/commissions-pay-new-south-wales-real-estate-agent | 2 https://www.localagentfinder.com.au/real-estate-agent-commission-fees | 3 https://www.consumer.vic.gov.au/licensing-and-registration/estate-agents/running-your-business/authorities-commissions-and-contracts/authorities-rebates-and-commission | 4 https://lawyersconveyancing.com.au/encyclopaedia/unfair-real-estate-fees/ | 5 https://whichrealestateagent.com.au/agent-fees/ | 6 https://fletcherslocal.au/property-guides/choosing-the-right-real-estate-agent/how-do-i-negotiate-a-better-commission-with-my-real-estate-agent-in-me | 7 https://www.reddit.com/r/AusProperty/comments/14vrgnu/agent_commission_vic/ | 8 https://www.facebook.com/fb-answers/average-real-estate-agent-commission-melbourne/ | 9 https://www.unreservedrealestate.com.au/locations/vic/melbourne/ | 10 https://ianreid.com.au/setting-effective-agents-commission/,What is the usual estate agent commission? | Will Melbourne house prices rise in 2026? | How much does a real estate agent make in Australia? | How much does it cost to get a property valued in Melbourne? | How to check property value in Melbourne? | How are property valuations calculated? | How to identify the market value of a property? | How much do property valuations charge? | How can I calculate the value of my house?,yes,no,reddit.com | whichrealestateagent.com.au | openagent.com.au | agentselect.com.au | vendormarketing.com.au | onegrouprealty.com.au | propertynow.com.au | realestate.com.au,"ai_overview,organic,people_also_ask,related_searches"
real estate commission brisbane,,,1 https://www.reddit.com/r/AusFinance/comments/1jaw69d/whats_the_current_going_rate_for_brisbane_real/ | 2 https://whichrealestateagent.com.au/agent-fees/real-estate-agent-commission-qld/ | 3 https://www.openagent.com.au/blog/commissions-pay-queensland-real-estate-agent | 4 https://eng.quicklaw.com.au/public/convey-comm-calc-qld.aspx?ref=constructor.net.au | 5 https://www.canstar.com.au/home-loans/real-estate-commission-fees/ | 6 https://www.localagentfinder.com.au/real-estate-tools/agent-commission-calculator | 7 https://www.unreservedrealestate.com.au/savings-calculator/qld/ | 8 https://empirelegal.com.au/real-estate-commission-calculator/ | 9 https://thepropertytribune.com.au/business-industry/how-much-commission-do-real-estate-agents-make/ | 10 https://connectskillsinstitute.edu.au/real-estate-commission-qld-calculator/,What is the standard real estate commission in QLD? | What percentage do most real estate agents charge? | How much money do real estate agents make in Brisbane? | How to calculate commission on sale of house? | Is 70/30 a good commission split? | How to figure out commission on a sale? | What is the formula for calculating commission? | What is a normal commission rate for sales? | What is the formula to calculate selling price?,yes,no,openagent.com.au | empirelegal.com.au | whichrealestateagent.com.au | realestate.com.au | calibrerealestate.com.au | localagentfinder.com.au,"ai_overview,organic,people_also_ask,people_also_search,related_searches"
real estate commission perth,,,1 https://www.onepercentrealtywa.com.au/commission-calculator | 2 https://www.realestate.com.au/advice/real-estate-agent-commissions/ | 3 https://www.reddit.com/r/perth/comments/143azje/real_estate_commission/ | 4 https://whichrealestateagent.com.au/agent-fees/real-estate-agent-fees-wa/ | 5 https://reiwa.com.au/the-wa-market/resources/faqs/agent-fees/ | 6 https://thepropertytribune.com.au/business-industry/how-much-commission-do-real-estate-agents-make/ | 7 https://keyhive.com.au/learn/fixed-fee-vs-commission | 8 https://www.openagent.com.au/real-estate-agent-fees | 9 https://www.facebook.com/mikegjestlandrizerealestate/posts/faq-how-much-commission-will-i-pay-an-agent-in-perth-in-perth-metro-commission-u/1719750250159405/ | 10 https://www.unreservedrealestate.com.au/savings-calculator/wa/,"How much money do real estate agents make in Perth? | What is the real estate commission in WA? | What percentage do most real estate agents take? | How much do settlement agents charge in WA? | Who is the cheapest settlement agent in Perth? | Who pays settlement fees, buyer or seller? | Do I have to do anything on settlement Day? | Who pays most of the closing cost? | Do you pay stamp duty when selling a house in Australia?",yes,no,whichrealestateagent.com.au | keyhive.com.au | thepropertytribune.com.au | reiwa.com.au | realestate.com.au | openagent.com.au | agentselect.com.au | facebook.com,"ai_overview,organic,people_also_ask,related_searches"
cost of selling a house,,,1 https://www.westpac.com.au/home-loans/next-home/cost-selling-house | 2 https://www.openagent.com.au/blog/how-much-does-it-cost-to-sell-a-house-in-qld | 3 https://www.banksa.com.au/personal/home-loans/next-home/cost-selling-house | 4 https://www.reddit.com/r/AusPropertyChat/comments/1btnu8h/how_much_does_it_cost_to_sell_a_house/ | 5 https://whichrealestateagent.com.au/agent-fees/costs-of-selling-a-property-perth-wa/ | 6 https://www.anz.com.au/personal/home-loans/tips-and-guides/typical-costs/ | 7 https://www.canstar.com.au/home-loans/cost-selling-house/ | 8 https://www.mitchelltorre.com.au/post/understanding-property-selling-costs-in-victoria | 9 https://www.bcu.com.au/calculators/home-buying-and-selling-cost-calculator/ | 10 https://www.realestate.com.au/advice/how-much-does-it-cost-to-sell-a-house/,What fees are there when you sell a house? | What devalues a house the most? | How much tax do I pay if I sell my house in Australia? | Do you pay stamp duty when you sell a house in Victoria? | How to avoid paying stamp duty in Victoria? | Who pays the stamp duty when selling a house? | How to avoid stamp duty? | How much is stamp duty in Victoria? | How to calculate stamp duty on transfer?,yes,no,propertynow.com.au | westpac.com.au | openagent.com.au | realestate.com.au | canstar.com.au | empirelegal.com.au,"ai_overview,organic,people_also_ask,people_also_search,related_searches"
cost of selling a house nsw,7,https://www.yourpropertyguide.com.au/guides/cost-of-selling-a-house-nsw,1 https://www.bankofmelbourne.com.au/personal/home-loans/next-home/cost-selling-house | 2 https://keylaw.com.au/the-cost-of-selling-a-house/ | 3 https://www.openagent.com.au/blog/how-much-does-it-cost-to-sell-a-house-in-wa | 4 https://ybr.com.au/home-loans/how-to-work-out-the-costs-of-selling-a-house/ | 5 https://www.ljhooker.com.au/how-much-does-it-cost-to-sell-a-house | 6 https://www.bcu.com.au/calculators/home-buying-and-selling-cost-calculator/ | 7 https://www.yourpropertyguide.com.au/guides/cost-of-selling-a-house-nsw | 8 https://www.savings.com.au/property/what-are-the-costs-of-selling-a-home | 9 https://www.hauss.com.au/what-are-the-costs-when-selling-a-house/ | 10 https://www.facebook.com/groups/2090694557842967/posts/3736527249926348/,What is the average cost of a house in NSW? | How much do you pay conveyancing fees? | What is the hardest month to sell a house? | Who pays the most closing costs? | What is the most expensive part of closing costs? | Can you roll closing costs into a mortgage? | What closing costs cannot be rolled into a mortgage? | Do most people roll closing costs into a mortgage? | Can closing costs be financed?,yes,yes,localagentfinder.com.au | yourpropertyguide.com.au | michaelkalinovski.com | openagent.com.au | dijones.com.au | onegrouprealty.com.au | sellingmyplace.com.au | westpac.com.au | nestpath.com.au | ownagent.com.au,"ai_overview,organic,people_also_ask,related_searches"
cost of selling a house vic,16,https://www.yourpropertyguide.com.au/guides/real-estate-commission-vic,1 https://www.stgeorge.com.au/personal/home-loans/next-home/cost-selling-house | 2 https://www.openagent.com.au/blog/how-much-does-it-cost-to-sell-a-house-in-qld | 3 https://www.sro.vic.gov.au/buying-property/costs-buying-and-owning-property | 4 https://keylaw.com.au/the-cost-of-selling-a-house/ | 5 https://citylinkconveyancing.com.au/cost-sell-property-victoria/ | 6 https://www.openagent.com.au/blog/how-much-does-it-cost-to-sell-a-house-in-south-australia | 7 https://oneagencymildura.com.au/how-much-does-it-cost-to-sell-a-house/ | 8 https://aussiewidefs.com.au/home-loan-calculators/buying-selling-costs-calculator/ | 9 https://www.realestate.com.au/vic/sale-3850/ | 10 https://www.facebook.com/groups/1797120997185429/posts/4232369620327209/,How much income do you need to buy a $650 000 house in Australia? | What is the hardest month to sell a house? | How to sell a house in South Australia? | Can you show me a graph of the current house prices in Melbourne? | What is the forecast for the Melbourne property market in 2026? | Are house prices dropping in Melbourne? | What devalues a house the most? | Will 2026 be a good time to sell? | Should I sell my house now or wait until 2026 in Australia? | What is the hardest month to sell a house in Australia? | What decreases property value the most? | What to remove when selling a house? | What increases house value the most?,yes,no,propertyupdate.com.au | openagent.com.au | mitchelltorre.com.au | whichrealestateagent.com.au | realestate.com.au | onegrouprealty.com.au | conveyancing.com | tickboxconveyancing.com.au | anz.com.au | citylinkconveyancing.com.au | barryplant.com.au | localagentfinder.com.au | canstar.com.au,"ai_overview,organic,people_also_ask,related_searches"
cost of selling a house qld,,,1 https://www.banksa.com.au/personal/home-loans/next-home/cost-selling-house | 2 https://www.reddit.com/r/AusPropertyChat/comments/1qob4us/tips_and_typical_selling_costs_in_brisbane/ | 3 https://www.qld.gov.au/housing/buying-owning-home/selling-a-home | 4 https://www.yorkrealty.com.au/2018/08/how-much-does-it-cost-to-sell-a-house/ | 5 https://www.hauss.com.au/what-are-the-costs-when-selling-a-house/ | 6 https://www.ljhooker.com.au/how-much-does-it-cost-to-sell-a-house | 7 https://www.commbank.com.au/articles/property/costs-of-selling-house-buying-again.html | 8 https://www.reddit.com/r/AusPropertyChat/comments/1n8so24/went_to_know_how_much_it_is_to_sell_a_house/ | 9 https://www.openagent.com.au/real-estate-agent-fees/qld | 10 https://www.facebook.com/carolynmolerealestate/videos/thinking-of-selling-your-property-in-qld-heres-what-it-really-costswhen-selling-/2346884012472359/,How much do you have to pay the government when you sell your house? | How to calculate selling costs? | What is the best way to sell and buy a house simultaneously? | What is the hardest month to sell a house? | What devalues a house the most? | Which week in 2026 is the best to sell a house? | Is it better to sell now or wait? | Should I renovate before selling? | Will 2026 be a good time to sell?,yes,no,empirelegal.com.au | rcblaw.com.au | openagent.com.au | propertysphere.com.au | keylaw.com.au | anz.com.au | realestate.com.au,"ai_overview,organic,people_also_ask,related_searches"
cost of selling a house wa,,,1 https://www.banksa.com.au/personal/home-loans/next-home/cost-selling-house | 2 https://www.thepropertymasters.com.au/2022/04/08/how-much-does-it-cost-to-sell-your-home/ | 3 https://www.cslegal.com.au/blog/settlements/costs-buying-a-house-in-perth/ | 4 https://www.forsalebyowner.com.au/sell-my-house-myself-perth/ | 5 https://www.openagent.com.au/tools/selling-costs-calculator | 6 https://www.onepercentrealtywa.com.au/commission-calculator | 7 https://www.yorkrealty.com.au/2021/07/how-much-does-it-cost-to-sell/ | 8 https://realestate-david-beshay.com.au/agent-fees-for-selling-a-house/ | 9 https://keylaw.com.au/the-cost-of-selling-a-house/ | 10 https://wellingtonandreeves.com.au/costs-of-selling-your-home/,How much income do you need to buy a $650 000 house in Australia? | What is the hardest month to sell a house? | How to sell a property in WA? | Who pays the most closing costs? | What is the most expensive part of closing costs? | Can you roll closing costs into a mortgage? | What closing costs cannot be rolled into a mortgage? | Do most people roll closing costs into a mortgage? | Can closing costs be financed?,yes,no,unreservedrealestate.com.au | openagent.com.au | reiwa.com.au | realestate.com.au | canstar.com.au,"ai_overview,organic,people_also_ask,people_also_search,related_searches"
cost of selling a house sa,,,1 https://www.localagentfinder.com.au/real-estate-tools/selling-costs-calculator | 2 https://www.commbank.com.au/articles/property/costs-of-selling-house-buying-again.html | 3 https://www.hauss.com.au/what-are-the-costs-when-selling-a-house/ | 4 https://www.huntergalloway.com.au/how-much-does-it-cost-to-sell-a-house/ | 5 https://www.calibrerealestate.com.au/breaking-down-the-costs-when-selling-a-house-a-comprehensive-guide/ | 6 https://conveyancingsa.com.au/what-costs-should-i-know-about/ | 7 https://www.familyagedcareadvocates.com.au/blog/what-costs-to-expect-when-selling-your-property | 8 https://www.savings.com.au/property/what-are-the-costs-of-selling-a-home | 9 https://www.forsalebyowner.com.au/for-sale-by-owner-sa/ | 10 https://cornerstonesa.com.au/a-step-by-step-guide-to-buying-or-selling-a-property/,How much are conveyancing fees when selling a house? | What is the best way to sell and buy a house simultaneously? | Is it cheaper to build or buy? | Who pays the most closing costs? | What is the most expensive part of closing costs? | Can you roll closing costs into a mortgage? | What closing costs cannot be rolled into a mortgage? | Do most people roll closing costs into a mortgage? | Can closing costs be financed?,yes,no,forsalebyowner.com.au | exfin.com | savings.com.au | conveyancingsa.com.au | calibrerealestate.com.au,"ai_overview,organic,people_also_ask,people_also_search,related_searches"
selling costs calculator,,,1 https://www.amo.com.au/calculators/buying-selling-costs-calculator.html | 2 https://www.mymoneyhouse.com.au/calculators/property-selling-cost-calculator/ | 3 https://www.money.com.au/calculators/capital-gains-tax-calculator | 4 https://acres.au/insights/selling-costs-calculator-queensland | 5 https://entourage.com.au/resources/loan-calculators/buy-sell-costs-calculator/ | 6 https://www.pinpointfinance.com.au/property-selling-cost-calculator/ | 7 https://smartfinn.com.au/loan-calulators/buying-selling-cost-calculator/ | 8 https://nineten.com.au/property-selling-cost-calculator%E2%80%8B/ | 9 https://www.myfinanceagent.com.au/calculator/property-selling-cost | 10 https://brokercentre.mylocalbroker.com.au/article/2xa80jztl4-property-selling-cost-calculator,,yes,no,entourage.com.au | amo.com.au | akkadiafinance.com.au | danielgierach.com | mymoneyhouse.com.au | money.com.au | mfinance.net.au,"ai_overview,organic,related_searches"
house selling costs calculator,,,1 https://www.openagent.com.au/tools/selling-costs-calculator | 2 https://melbourne.finance/buying-and-selling-costs-calculator/ | 3 https://reiwa.com.au/the-wa-market/resources/calculators/property-selling-cost-calculator/ | 4 https://www.creditunionsa.com.au/tools/calculators/buying-and-selling-costs | 5 https://www.bcu.com.au/calculators/home-buying-and-selling-cost-calculator/ | 6 https://www.pnbank.com.au/calculators/home-buying-and-selling-cost/ | 7 https://www.localagentfinder.com.au/real-estate-tools/selling-costs-calculator | 8 https://dynamicfinancebrokerstasmania.com.au/calculators/cost-of-selling-a-house-calculator/ | 9 https://afgonline.com.au/calculators/property-selling-cost-calculator/ | 10 https://www.bankwaw.com.au/Calculators/Buying-and-Selling-Costs,"How much tax do you pay when selling a house in Australia? | How to calculate sales costs? | How can I calculate the cost of replacing my roof in Australia? | Can I use the sale proceeds to buy another house? | How can I avoid capital gains tax? | How much of my equity can I use to buy another house? | Is it worth using equity to buy another property? | How much would a $100,000 home equity loan cost per month? | Can I take equity out of my house without remortgaging?",yes,no,realestatecalc.com.au | carlislehomes.com.au | mckinleyplowman.com.au | openagent.com.au | localagentfinder.com.au | reiwa.com.au,"ai_overview,organic,people_also_ask,related_searches"
how to sell a house,,,1 https://www.consumer.vic.gov.au/housing/buying-and-selling-property/checklists/selling-property | 2 https://www.coastandcountryfn.com.au/i-want-to-sell-my-house-where-do-i-start/ | 3 https://www.dijones.com.au/library/guides/guide-to-selling-my-house-or-apartment-in-nsw | 4 https://minustheagent.com.au/blog/how-do-you-sell-your-house-yourself/ | 5 https://mcgrathwidebay.com.au/sell/guide-to-sell-my-house-or-apartment/ | 6 https://bombayre.com.au/how-to-sell-your-house-quickly-in-melbourne/ | 7 https://esalesinternational.com/2025/05/22/how-to-sell-a-house-in-australia/ | 8 https://www.nelsonalexander.com.au/news/selling-your-first-home-in-melbourne-what-you-need-to-know/ | 9 https://www.openagent.com.au/selling/wa | 10 https://www.youtube.com/watch?v=Q0HTeG_Xuc0,"How do I sell my house without an agent in Australia? | What are the new rules for selling houses in Queensland? | Is Selling Houses Australia still being made? | How much income do you need to buy a $650 000 house in Australia? | How much income do you need to buy a $500,000 house in Australia? | How many Australians have $100,000 in savings? | How many Australians have $1,000,000 in superannuation? | Is $600000 enough to retire at 60 in Australia? | How many people have $1,000,000 in retirement savings?",yes,no,minustheagent.com.au | unreservedrealestate.com.au | esalesinternational.com | openagent.com.au | ljhooker.com.au | dijones.com.au | propertyplusre.com.au | mcgrathwidebay.com.au | youtube.com | coastandcountryfn.com.au | nelsonalexander.com.au | consumer.vic.gov.au,"ai_overview,organic,people_also_ask,related_searches"
selling a house,,,1 https://www.nsw.gov.au/housing-and-construction/buying-and-selling-property/selling-a-property/steps-to-selling-a-property | 2 https://www.reiq.com/articles/property-investment/eight-steps-for-selling-property | 3 https://www.qld.gov.au/housing/buying-owning-home/selling-a-home | 4 https://www.realestate.com.au/advice/selling/ | 5 https://www.amp.com.au/resources/insights-hub/key-steps-to-selling-property-in-australia | 6 https://www.ljhooker.com.au/blog/step-by-step-guide-to-selling-your-property | 7 https://www.consumer.vic.gov.au/housing/buying-and-selling-property/selling-property | 8 https://www.commbank.com.au/articles/property/costs-of-selling-house-buying-again.html | 9 https://reiwa.com.au/the-wa-market/resources/guides/wa-first-time-seller-guide/ | 10 https://www.forsalebyowner.com.au/sell-my-house-myself-perth/,What do you need to do to sell a house in QLD? | What devalues a house the most? | How much tax do you pay when selling a house in Australia? | What is the best thing to do when selling a house? | What is the hardest month to sell a house? | What are the top 10 things to do before selling your house? | What is the most common reason a property fails to sell? | What should I do before selling a house? | How do you prepare your house?,yes,no,amp.com.au | aussie.com.au | consumer.vic.gov.au | nsw.gov.au | facebook.com | youtube.com,"ai_overview,organic,people_also_ask,people_also_search,related_searches"
sell house privately,,,1 https://www.noagentproperty.com.au/sell-my-house-in-vic/ | 2 https://www.savings.com.au/property/selling-house-privately-without-using-an-agent | 3 https://www.reddit.com/r/AusPropertyChat/comments/1oyc3g0/seeking_advice_on_how_to_sell_your_house/ | 4 https://reiwa.com.au/the-wa-market/resources/articles/the-cost-of-privately-selling-your-home/ | 5 https://www.propertynow.com.au/how-to-sell-your-house-privately/ | 6 https://www.unreservedrealestate.com.au/articles/selling-a-house-privately-in-wa/ | 7 https://buymyplace.com.au/sell-your-property-privately/7-steps-of-selling-my-place-privately | 8 https://www.youtube.com/watch?v=qp2Yrh12-mw | 9 https://www.forsalebyowner.com.au/how-to-sell-your-house-privately-in-nsw/ | 10 https://www.forsalebyowner.com.au/private-house-sales-australian-capital-territory/,How do I sell my house without an agent in Australia? | What is the most common reason a property fails to sell? | What is the easiest way to sell my house? | What is the hardest month to sell a house? | What devalues a house the most? | Which week in 2026 is the best to sell a house? | Is it better to sell now or wait? | Should I renovate before selling? | Will 2026 be a good time to sell?,yes,no,whichrealestateagent.com.au | salebyhomeowner.com.au | reiwa.com.au | buymyplace.com.au | unreservedrealestate.com.au | noagentproperty.com.au | savings.com.au | realestateyourself.com.au,"ai_overview,organic,people_also_ask,related_searches"
best time to sell a house,,,1 https://www.realestate.com.au/news/is-now-the-right-time-to-sell-what-the-latest-property-forecasts-reveal/ | 2 https://www.calibrerealestate.com.au/the-worst-time-to-sell-a-home-in-australia-key-insights-for-2024/ | 3 https://www.bankrate.com/mortgages/best-time-to-sell-house/ | 4 https://www.hauss.com.au/when-is-the-best-time-to-sell-a-house/ | 5 https://www.rightmove.co.uk/guides/seller/preparing-to-sell/is-now-the-right-time-to-sell/ | 6 https://www.reddit.com/r/AusPropertyChat/comments/1lqj4n8/is_it_a_good_time_to_sell/ | 7 https://solutions.ljhooker.com.au/blog/why-autumn-is-the-perfect-time-to-sell-on-the-gold-coast | 8 https://bestlifeagency.com.au/when-is-the-best-time-to-sell/ | 9 https://www.urbanadelaide.com.au/best-time-to-sell | 10 https://www.smartpropertyinvestment.com.au/hotspots/23620-is-autumn-a-good-time-to-sell-your-property,"What is the hardest time to sell a house? | How much income do you need to buy a $650 000 house in Australia? | Will house prices drop in Australia in 2026? | What decreases property value the most? | What to remove when selling a house? | What increases house value the most? | What adds 100k value to a home? | What are 10 things that can make my home look cheap? | How to increase home value by $50,000 in Australia?",yes,no,mgpproperty.com.au | inovayt.com.au | bestlifeagency.com.au | solutions.ljhooker.com.au | jasonhall.areaspecialist.com.au | calibrerealestate.com.au | montproperty.com.au | realestate.com.au | propertynow.com.au,"ai_overview,discussions_and_forums,organic,people_also_ask,related_searches"
fixed fee real estate agent,,,1 https://whichrealestateagent.com.au/agent-fees/real-estate-agent-fees-and-charges/ | 2 https://jenman.com.au/real-estate-agent-commission-explained/ | 3 https://goldcoastrealestateagents.au/real-estate-agent-fees-gold-coast/ | 4 https://livefinancialplanning.com.au/how-much-do-real-estate-agents-charge-and-what-is-fair/ | 5 https://heathbassettproperty.com.au/low-commission-real-estate-perth/ | 6 https://buyersagencyaustralia.com.au/blog/looking-for-a-buyers-agent-in-melbourne-to-buy-your-dream-house/ | 7 https://ianreid.com.au/setting-effective-agents-commission/ | 8 https://prdwagga.com.au/what-costs-should-i-consider-before-selling-my-home/ | 9 https://www.openagent.com.au/blog/what-commission-should-you-pay-victoria-real-estate-agents | 10 https://www.reddit.com/r/AusFinance/comments/7mqw5l/selling_houses_fixed_fee_or_commission_based/,"How much does a real estate agent make in Australia? | Is 3% normal for a real estate agent? | Which is better, a broker or an agent? | Are estate agents allowed to charge fees? | How can I avoid paying estate agent fees? | What is the biggest mistake a real estate agent can make? | What is an unethical real estate agent? | What is the failure rate of a real estate agent? | Do estate agents have to be honest?",no,no,,"discussions_and_forums,local_pack,organic,people_also_ask,related_searches"
how to negotiate real estate commission,,,1 https://www.reddit.com/r/AusProperty/comments/1bn5z6k/rea_fees_how_to_best_negotiate/ | 2 https://www.openagent.com.au/blog/are-real-estate-agent-fees-negotiable | 3 https://www.dixonrealestate.com.au/how-to-negotiate-real-estate-agent-fees-sydney/ | 4 https://jenman.com.au/how-to-negotiate-a-fair-commission/ | 5 https://www.realestate.com.au/news/how-to-negotiate-your-real-estate-agents-commission/ | 6 https://www.ljhooker.com.au/blog/tips-on-agent-commission | 7 https://goldcoastschools.com/news/how-to-negotiate-your-commission-as-a-real-estate-agent/ | 8 https://www.facebook.com/groups/360074911945474/posts/1527329101886710/ | 9 https://scottkim.com.au/when-should-we-negotiate-the-commission/ | 10 https://www.zillow.com/learn/negotiating-with-real-estate-agents/,What are the 5 rules of negotiation in real estate? | What is the lowest commission a realtor will take? | What not to say to a real estate agent? | Is 3% normal for a real estate agent? | How old are most real estate agents? | Why does the seller pay the buyer's agent? | Is a buyer's agent worth the money? | Do I have to pay estate agents fees if I pull out of a sale? | Does a seller need to pay an agent fee?,yes,no,jenman.com.au | realestate.com.au | homelight.com | openagent.com.au | dixonrealestate.com.au | ljhooker.com.au | reddit.com | youtube.com,"ai_overview,discussions_and_forums,organic,people_also_ask,related_searches,video"
how to choose a real estate agent,,,1 https://www.racv.com.au/royalauto/property/buying/choose-a-real-estate-agent.html | 2 https://www.realestate.com.au/advice/how-to-choose-a-real-estate-agent/ | 3 https://www.openagent.com.au/blog/top-5-ways-to-find-a-trustworthy-agent | 4 https://www.localagentfinder.com.au/blog/how-to-choose-a-real-estate-agent | 5 https://durrandco.com.au/how-to-choose-the-right-real-estate-agent | 6 https://www.reddit.com/r/AusPropertyChat/comments/1i9elue/how_do_you_decide_on_which_real_estate_agent_to/ | 7 https://www.sellingperth.com.au/how-to-choose-selling-agent-perth/ | 8 https://raywhiteakg.com.au/news/how-to-choose-the-right-real-estate-agent | 9 https://reiwa.com.au/the-wa-market/resources/articles/how-to-choose-a-real-estate-agent-that's-right-for-you/ | 10 https://www.primeproperty.com.au/pages/real-estate/blog/9237/5-tips-on-choosing-the-right-real-estate-agent,What not to say to a real estate agent? | What is the rule of 7 in real estate? | What is the hardest month to sell a house? | How do I choose a good estate agent? | What is the biggest mistake a real estate agent can make? | What is the best way to pick a real estate agent? | How do I choose the right real estate agent? | How to interview a real estate agent? | What is an exclusive right to sell agreement?,yes,no,racv.com.au | realestate.com.au | chanyahl.com.au | youtube.com | boutiquerealtyperth.com.au | instagram.com,"ai_overview,organic,people_also_ask,related_searches"
underquoting,,,1 https://www.smartpropertyinvestment.com.au/tax-and-legal/26861-auction-underquoting-taskforce-targets-melbourne-s-north | 2 https://www.reddit.com/r/melbourne/comments/1mlwepn/half_the_time_you_waste_your_time_rampant_scale/ | 3 https://www.slklawyers.com.au/protect-yourself-against-underquoting-when-buying-property/ | 4 https://www.facebook.com/9News/videos/underquoting-is-in-the-spotlight/1539252364147365/ | 5 https://entryeducation.edu.au/blog/changes-to-underquoting-laws-in-nsw/ | 6 https://gooddeeds.com.au/auctions/why-do-agents-underquote/ | 7 https://www.theage.com.au/national/i-ve-had-people-in-my-office-crying-the-three-ways-underquoting-stings-sellers-20251203-p5nkmn.html | 8 https://www.moneymag.com.au/property-underquoting-auction-price | 9 https://trulo.com.au/compliance-hub/underquoting/ | 10 https://www.purchasewithpenny.com.au/purchasing-advice/underquoting,"Who is the best person to talk about property investment? | What is the most common complaint filed against realtors? | Can you buy a house in Australia for $100,000? | Are houses sold by auction in Australia? | What is the hardest month to sell a house in Australia? | What happens if you win a house auction and can't pay? | What not to do at a house auction? | What is the 15 minute rule in an auction? | Do you still pay if you lose an auction?",yes,no,slklawyers.com.au | dylaninns.com.au | industryinsider.com.au | reddit.com | theage.com.au | youtube.com | facebook.com | entryeducation.edu.au | sharrockpitman.com.au | realestate.com.au | armstronglegal.com.au,"ai_overview,organic,people_also_ask,related_searches"
section 32,,,1 https://www.consumer.vic.gov.au/housing/buying-and-selling-property/selling-property/conveyancing-and-contracts-for-sellers | 2 https://www.mertonlawyers.com.au/blog/vendors-alert-need-section-32 | 3 https://www.racv.com.au/royalauto/property/buying/what-is-section-32.html | 4 https://classic.austlii.edu.au/au/legis/vic/consol_act/sola1962100/s32.html | 5 https://lawyersconveyancing.com.au/faq/section-32-faq/ | 6 https://www.coulterlegal.com.au/what-is-a-section-32-statement/ | 7 https://www.dijones.com.au/library/blog/selling-property/house-flipping-australia | 8 https://nwflegal.com.au/what-is-a-section-32-statement-in-victoria/ | 9 https://lplc.com.au/resources/lplc-article/section-32-statements-the-basics | 10 https://mcnabstarke.com.au/blog/what-is-the-section-32-vendor-statement/,What is section 32 in Australia? | How do I get section 32 in Victoria? | What does a section 32 cost in Victoria? | How long does a section 32 last in Victoria? | Can you sell a property in Victoria without a section 32? | When can a seller pull out of a sale? | Can a seller just ignore an offer? | Do I have to pay solicitor fees if the seller pulls out? | What is the hardest month to sell a house?,yes,no,racv.com.au | melbournecentralconveyancing.com.au | raywhitedaisyhill.com.au | consumer.vic.gov.au | btlegal.com.au,"ai_overview,organic,people_also_ask,related_searches"
auction vs private sale,,,1 https://www.reddit.com/r/AusPropertyChat/comments/1d427bu/auction_vs_private_sale/ | 2 https://raywhitemarsden.com.au/news/auction-vs-private-sale | 3 https://www.openagent.com.au/blog/auction-vs-private-sale-which-is-better | 4 https://www.realestate.com.au/advice/auction-vs-private-sale-which-is-right-for-you/ | 5 https://www.anz.com.au/personal/home-loans/tips-and-guides/property-auction-vs-private-sale/ | 6 https://www.eaglepeak.com.au/blog/auction-vs-private-sale-conveyancing-guide/ | 7 https://www.nab.com.au/personal/life-moments/home-property/buy-first-home/auction-vs-private-sale | 8 https://www.commbank.com.au/articles/property/selling-by-auction-vs-private-treaty.html | 9 https://lukeokelly.com.au/auction-vs-private-sale/ | 10 https://jonnywarren.com.au/auction-vs-private-treaty-which-is-the-best-way-to-sell-your-property-in-canberra/,Is private sale better than auction? | What are the disadvantages of auctions? | Is it cheaper to buy at auction? | Can a sale fall through after auction? | What is the 15 minute rule in an auction? | Can a seller pull out of an auction sale? | What happens if you bid at an auction and can't pay? | Can a seller just ignore an offer? | Do auctions charge the seller?,yes,no,openagent.com.au | lukeokelly.com.au | realestate.com.au | nab.com.au | newerarealestate.com.au | reddit.com | anz.com.au | unloan.com.au | raywhitemarsden.com.au | hillsdirect.com.au | eaglepeak.com.au | commbank.com.au,"ai_overview,organic,people_also_ask,related_searches"
home staging cost,,,1 https://www.ljhooker.com.au/blog/how-to-stage-your-home-to-sell | 2 https://www.hausofgray.com.au/post/home-staging-faq | 3 https://www.cravehomestaging.com.au/news-insights/what-is-the-average-cost-to-stage-a-house-in-perth/ | 4 https://soldonstaging.com.au/post/home-staging-costs-is-it-worth-the-investment-for-selling-your-home | 5 https://www.primepropertystyling.com/is-home-staging-worth-it-sydney/ | 6 https://www.sellsoonerhomestaging.com/about-1 | 7 https://foxyhomestaging.com.au/2022/01/11/cost-comparison-of-home-staging-diy-vs-professional/ | 8 https://www.professionalstamborinemountain.com.au/2024/04/how-much-does-it-cost-to-stage-a-house/ | 9 https://realestate-david-beshay.com.au/house-staging-cost/ | 10 https://www.facebook.com/perthstagedtosell/posts/how-much-does-it-cost-to-stage-a-per-house-in-perth-many-factors-are-going-influ/473895908721146/,"How much does house staging cost in Melbourne? | What is the hardest month to sell a house? | What are some quick staging tips? | Is $400,000 enough to build a house? | Is it cheaper to build or buy a house in Australia? | What is the most expensive part of building a house? | What decreases property value the most? | What is the cheapest part of building a house? | What is the most expensive thing when renovating a house?",yes,no,whichrealestateagent.com.au | foxyhomestaging.com.au | ljhooker.com.au | primepropertystyling.com | hausofgray.com.au | soldonstaging.com.au | sellinstyle.com.au | sellsoonerhomestaging.com | professionalstamborinemountain.com.au | smartpropertyinvestment.com.au,"ai_overview,discussions_and_forums,organic,people_also_ask,related_searches"
selling a deceased estate,,,1 https://www.hjlaw.com.au/blog/post/12082/deceased-estates-and-property-what-are-your-options/ | 2 https://bare.com.au/blog/deceased-real-estate-how-to-transfer-property | 3 https://www.ascentwa.com.au/a-guide-to-navigating-the-sale-of-property-from-the-deceased | 4 https://www.ato.gov.au/individuals-and-families/investments-and-assets/capital-gains-tax/inherited-assets-and-capital-gains-tax | 5 https://www.lawgix.com.au/post/can-i-sell-property-of-a-deceased-estate-before-probate-is-granted-in-nsw | 6 https://selectpropertyadvocates.com.au/selling-a-deceased-estate/ | 7 https://probatemadeeasy.com.au/blog/selling-deceased-estate-property-queensland | 8 https://www.century21.com.au/post/selling-a-deceased-estate-century-21 | 9 https://www.dottandcrossitt.com.au/info-hub/articles/our-guide-to-selling-an-inherited-property | 10 https://www.reddit.com/r/AusLegal/comments/1ldh5gu/deceased_estate_property_sale/,What is a deceased estate sale? | Is an executor liable for estate debts? | What is a deed of appropriation? | Can an executor screw over a beneficiary? | What should an executor not do? | How long can an executor hold money from an estate? | Does money in a bank account go through probate? | What is the most an executor can charge? | Can an executor refuse to speak to a beneficiary?,yes,no,flint-lawyers.com.au | futureadvisory.com.au | hqf.com.au | bare.com.au | feroscare.com.au | mckinleyplowman.com.au | thorntonking.com.au,"ai_overview,organic,people_also_ask,related_searches"
property appraisal,,,1 https://smartrealty.com.au/real-estate-appraisal-in-perth-australia-a-comprehensive-guide/ | 2 https://www.adelaidepropertyvaluations.net.au/blog/how-to-evaluate-property-value-in-adelaide/ | 3 https://websites.reapit.com.au/defineproperty/market-appraisal/ | 4 https://www.perthpropertyvaluations.net.au/how-to-get-property-valuation-and-its-certificate/ | 5 https://gccar.com.au/valuer-news/best-property-valuation-nsw/ | 6 https://assetvaluations.com.au/property-valuations-townsville/ | 7 https://wiseberry.com.au/appraisal | 8 https://beadneeds.com.au/what-is-property-valuations-sydney-and-appraisal/ | 9 https://valuation.property.nsw.gov.au/content/about/ | 10 https://homeappraisals.au/,"Which online property valuation is most accurate? | How do I find the history of my property in Australia? | How do I become a property valuer in Australia? | What is the 1% rule in property investing? | Can I sell my house to my son for $1 dollar in Australia? | What creates 90% of millionaires? | How to tell if someone is quietly wealthy? | How to turn $100,000 into $1000000 fast? | Who is the kindest rich person?",no,no,,"images,local_pack,organic,people_also_ask,related_searches"
free property appraisal,,,1 https://www.commbank.com.au/retail/netbank/home-buying/tools/property-insights | 2 https://www.anz.com.au/personal/home-loans/calculators-tools/property-profile-reports/ | 3 https://www.domain.com.au/property-profile | 4 https://www.reddit.com/r/AusPropertyChat/comments/14jdp5j/best_online_property_valuation_tool/ | 5 https://sale-appraisal.professionals.com.au/ | 6 https://raywhiteonegroup.com.au/price-estimate/ | 7 https://www.ljhooker.com.au/property-appraisal | 8 https://www.property.com.au/ | 9 https://www.bcu.com.au/home-loans/free-online-property-report/ | 10 https://www.openagent.com.au/blog/what-is-my-property-worth-t102,Is property appraisal free? | Where can I get a free property valuation? | How to get CoreLogic for free? | How to find out the market value of a property? | How to find the market value for a property? | What's the difference between valuation and appraisal? | What is a red flag on an appraisal? | How much does a property valuation cost in Australia? | Do appraisals usually match the asking price?,yes,no,commbank.com.au | facebook.com | domain.com.au | anz.com.au | ljhooker.com.au | sale-appraisal.professionals.com.au | raywhiteonegroup.com.au,"ai_overview,organic,people_also_ask,related_searches"
house appraisal,,,1 https://www.realestate.com.au/property/ | 2 https://sale-appraisal.professionals.com.au/ | 3 https://valuergeneral.sa.gov.au/valuation/Property-Valuations | 4 https://www.ljhooker.com.au/sell/understanding-property-appraisals | 5 https://valuation.property.nsw.gov.au/ | 6 https://www.openagent.com.au/openestimates/ | 7 https://www.aussie.com.au/insights/articles/property-appraisals-vs-valuations-difference/ | 8 https://www.anz.com.au/personal/home-loans/calculators-tools/property-profile-reports/ | 9 https://www.valuationssa.com.au/ | 10 https://www.cotality.com/au/insights/articles/what-is-my-property-worth-a-definitive-australian-guide-to-discovering-your-homes-value,What does it mean to do an appraisal on a house? | How much does it cost to get a house valued in Australia? | What negatively affects an appraisal? | How much does it cost to get a house valued? | What devalues a house the most? | What is the hardest month to sell a home? | What day not to move house? | When's the worst time to sell a house? | Should I renovate before selling?,yes,no,ljhooker.com.au | aussie.com.au | sale-appraisal.professionals.com.au | cotality.com | realestate.com.au | anz.com.au | valuationssa.com.au | broker.loanmarket.com.au | allianceaustraliaproperty.com.au | facebook.com,"ai_overview,google_reviews,knowledge_graph,organic,people_also_ask,related_searches"
property valuation,,,1 https://www.adelaidevaluations.com.au/ | 2 https://www.australianvaluers.com.au/property-valuation-canberra/ | 3 https://www.valuationsvic.com.au/current-market-value.html | 4 https://propertyvaluationsmelbourne.com.au/ | 5 https://www.propertybuyer.com.au/blog/richs-blog/understanding-property-valuation | 6 https://www.homesuite.com.au/property-report/ | 7 https://www.eaglepeak.com.au/blog/property-valuation-tips-australia/ | 8 https://www.valuationsnsw.com.au/blog/know-how-much-is-your-home-worth.html | 9 https://www.youtube.com/watch?v=x3DApzCi1_c&xstg=CAMSBhUDzO3xHw%3D%3D | 10 https://www.youtube.com/watch?v=x3DApzCi1_c&xstg=CAMSBhUDzO3xHw%3D%3D,Which online property valuation is most accurate? | How much is the Australian housing market worth? | How do I become a property valuer in Australia? | Can I find land values online in NSW? | Where can I get a free property valuation? | How to calculate the value of the land? | How do I calculate the value of a property? | How to calculate land value in Australia? | How can I calculate my land?,yes,no,propertyvaluationsmelbourne.com.au | valuationsvic.com.au | ljhooker.com.au | eaglepeak.com.au | adelaidevaluations.com.au | valuationsnsw.com.au | homesuite.com.au | australianvaluers.com.au | propertybuyer.com.au | study.com,"ai_overview,organic,people_also_ask,related_searches"
house valuation,,,1 https://www.reiq.com/articles/property-sales/how-much-is-my-house-worth | 2 https://www.nab.com.au/personal/life-moments/home-property/buy-next-home/property-value | 3 https://www.cotality.com/au/insights/articles/what-is-my-property-worth-a-definitive-australian-guide-to-discovering-your-homes-value | 4 https://www.anz.com.au/personal/home-loans/tips-and-guides/work-out-property-worth/ | 5 https://www.lendi.com.au/property-report/ | 6 https://value-australia.com.au/ | 7 https://www.lendi.com.au/inspire/finance/how-do-property-valuations-work/ | 8 https://www.melbourne.vic.gov.au/property-valuations | 9 https://www.valuationsnsw.com.au/blog/how-much-is-my-house-worth-nsw.html | 10 https://www.valuationsnsw.com.au/blog/how-much-is-my-house-worth-nsw.html,,yes,no,lendi.com.au | nab.com.au | valuationsnsw.com.au | value-australia.com.au | aussie.com.au | brisbanepropertyvaluers.net.au | cotality.com | anz.com.au,"ai_overview,organic,related_searches"
property value estimate,,,1 https://www.property.com.au/ | 2 https://www.commbank.com.au/retail/netbank/home-buying/tools/property-insights | 3 https://www.domain.com.au/property-profile | 4 https://www.propertyvalue.com.au/ | 5 https://raywhiteonegroup.com.au/price-estimate/ | 6 https://ourtop10.com.au/blog/property-value-estimate/ | 7 https://www.cotality.com/au/insights/articles/what-is-my-property-worth-a-definitive-australian-guide-to-discovering-your-homes-value | 8 https://valuation.property.nsw.gov.au/ | 9 https://www.pnbank.com.au/home-loans/free-property-report/ | 10 https://www.openagent.com.au/openestimates/,How do I check what my property is worth? | Can you estimate the value of a property? | How do I get an estimate of the value of my property? | How accurate is a real estate property value estimate? | Who gives the most accurate home value estimate? | What devalues a house the most? | What raises property value the most? | What is the hardest month to sell a home? | What are 10 things that can make my home look cheap?,yes,no,openagent.com.au | savantwealth.com | localagentfinder.com.au | propertyvalue.com.au | facebook.com | realestate.com.au | domain.com.au | property.com.au | raywhiteonegroup.com.au | cotality.com | aussie.com.au | opteonsolutions.com,"ai_overview,organic,people_also_ask,people_also_search,related_searches"
how much is my house worth,,,1 https://www.lendi.com.au/property-report/ | 2 https://www.nab.com.au/personal/home-loans/property-insights | 3 https://smartrealty.com.au/how-much-is-my-house-worth-in-perth/ | 4 https://www.realestate.com.au/advice/what-is-a-property-valuation/ | 5 https://independent.com.au/appraisal | 6 https://circaproperty.com.au/property-estimate/ | 7 https://www.unloan.com.au/check-a-property | 8 https://value-australia.com.au/ | 9 https://dimosons.com.au/instant-online-valuation-2/ | 10 https://www.valuationsnsw.com.au/blog/know-how-much-is-your-home-worth.html,Which online property valuation is most accurate? | How much is the Australian housing market worth? | What is the hardest month to sell a house? | How much do property valuations charge? | Does it cost money to get your house valued? | Where can I get a free property valuation report? | How can I check the value of my house? | What is the best free home value estimator? | Which estate agents do free valuations?,yes,no,,"ai_overview,organic,people_also_ask,related_searches"
what is my house worth,,,1 https://www.unloan.com.au/learn/how-to-estimate-your-propertys-current-value | 2 https://www.anz.com.au/personal/home-loans/tips-and-guides/work-out-property-worth/ | 3 https://www.lendi.com.au/property-report/ | 4 https://www.nab.com.au/personal/home-loans/property-insights | 5 https://ourtop10.com.au/blog/property-value-estimate/ | 6 https://propertyhub.harcourts.com.au/sales-appraisal | 7 https://smartrealty.com.au/how-much-is-my-house-worth-in-perth/ | 8 https://dimosons.com.au/instant-online-valuation-2/ | 9 https://www.realestate.com.au/advice/what-is-a-property-valuation/ | 10 https://value-australia.com.au/,"Which online property valuation is most accurate? | How much is the Australian housing market worth? | What is the hardest month to sell a house? | How much income do you need to buy a $650 000 house in Australia? | How much income do you need to buy a $500,000 house in Australia? | How much deposit do I need for a $500,000 house? | Can I buy a house with a $10,000 deposit? | How much is a 300k mortgage over 25 years? | How much of a deposit do I need for an $800000 house?",yes,no,harcourts.net | unloan.com.au | myprivaterealestate.com.au | checkmyhousevalue.net | ipvaluations.sydney | nab.com.au | realestate.com.au | anz.com.au,"ai_overview,organic,people_also_ask,related_searches"
real estate agents near me,,,1 https://www.openagent.com.au/smartsearch/?pid=8373 | 2 https://www.openagent.com.au/smartsearch/?pid=6259 | 3 https://www.openagent.com.au/smartsearch/?pid=728 | 4 https://www.openagent.com.au/smartsearch/?pid=13147 | 5 https://www.openagent.com.au/smartsearch/?pid=10907 | 6 https://www.openagent.com.au/smartsearch/?pid=8032 | 7 https://www.openagent.com.au/smartsearch/?pid=13065 | 8 https://www.openagent.com.au/smartsearch/?pid=1292 | 9 https://www.openagent.com.au/smartsearch/?pid=3316 | 10 https://listedea.com.au/,"Which company is best for real estate? | Who are some popular Australian real estate influencers? | Which is better, a realtor or a real estate agent? | Who is the largest real estate agent in Australia? | What is higher than a real estate agent? | Who is the most successful real estate agent? | Who is the highest-paid real estate agent in Australia? | How to find the best real estate agent? | Who is the richest real estate person?",yes,no,openagent.com.au | google.com,"ai_overview,google_reviews,knowledge_graph,organic,people_also_ask,related_searches"
compare real estate agents,,,1 https://www.realestate.com.au/find-agent/sydney-nsw-2000 | 2 https://www.ratemyagent.com.au/real-estate-profile/sales/new-south-wales/agents | 3 https://www.turnerrealestate.com.au/ | 4 https://www.ratemyagent.com.au/real-estate-profile/sales/queensland/brisbane-qld/agents | 5 https://www.realestate.com.au/find-agent/melbourne-vic | 6 https://www.realestatebusiness.com.au/reb-top-100-agents-2025 | 7 https://www.raywhite.com/ | 8 https://whichrealestateagent.com.au/real-estate-agents-near-me/ | 9 https://www.facebook.com/fb-answers/real-estate-agent-comparison-melbourne/ | 10 https://smartrealty.com.au/real-estate-agent-comparison-australia/,Is it better to use a local real estate agent? | Which company is best for real estate? | Who is the largest real estate agent in Australia? | How do I choose a good estate agent? | What not to say to a real estate agent? | What is the hardest month to sell a house? | Which week in 2026 is the best to sell a house? | Which month sells most houses? | What time of year is the best time to sell a house?,yes,no,openagent.com.au | ratemyagent.com.au | smartrealty.com.au | hoa.org.uk | whichrealestateagent.com.au | realestate.com.au | facebook.com,"ai_overview,organic,people_also_ask,related_searches"
find a real estate agent,,,"1 https://www.realestate.com.au/ | 2 https://www.atrealty.com.au/ | 3 https://www.tga.gov.au/products/medical-devices/application-and-market-authorisation/supply-medical-device/real-world-evidence | 4 https://www.safework.nsw.gov.au/news/safework-media-releases/the-real-juice-company-and-director-fined-a-combined-$249,600-after-worker-struck-by-forklift | 5 https://www.austrac.gov.au/industry-and-business/education-and-resources/publications-and-resources/risk-insights-and-indicators-suspicious-activity-real-estate-sector | 6 https://www.abs.gov.au/statistics/classifications/australian-and-new-zealand-standard-industrial-classification-anzsic/2006-revision-2-0/detailed-classification/l | 7 https://www.legislation.sa.gov.au/lz?path=/c/r/real%20property%20regulations%202024 | 8 https://movember.com/programs/the-real-face-of-mens-health-report | 9 https://www.youtube.com/watch?v=xssDr9wNr_8 | 10 https://www.aemc.gov.au/rule-changes/real-time-data-consumers",What is the best way to find a real estate agent? | How to find a good property agent? | How to find a real estate agent to sell a house? | How to find the best estate agent in your area? | What is the best way to pick a real estate agent? | Which estate agent has the lowest fees? | Do all estate agents do no sale no fee? | Which real estate agency charges the least? | How can I avoid paying estate agent fees?,no,no,,"google_reviews,knowledge_graph,organic,people_also_ask,related_searches"
best real estate agents sydney,,,1 https://lsre.com.au/ | 2 https://whichrealestateagent.com.au/real-estate-agents-sydney/ | 3 https://www.realestatebusiness.com.au/reb-top-100-agents-2025 | 4 https://www.levypropertygroup.com.au/bondi-top-real-estate-agents-sydney/ | 5 https://www.top10realestateagent.com.au/ | 6 https://www.thebestrealestateagents.com.au/best-residential-real-estate-agents-in-sydney/ | 7 https://www.realestate.com.au/find-agency/sydney-cbd-nsw/ | 8 https://best10realestateagents.com.au/sydney/best-real-estate-sydney/ | 9 https://www.localagentfinder.com.au/real-estate-agents-cities/sydney | 10 https://www.vanguarde.com.au/,Who is the top real estate agent in Sydney? | Who is the most successful real estate agent in Australia? | What are the top 10 real estate agencies in Australia? | Who is the most successful real estate agent? | Who is the highest-paid real estate agent in Australia? | How to find the best real estate agent? | What is the hardest month to sell a house? | What is the biggest mistake a real estate agent can make? | How to pick a good estate agent?,no,no,,"local_pack,organic,people_also_ask,related_searches"
best real estate agents melbourne,,,1 https://www.realestate.com.au/find-agent/melbourne-vic-3004 | 2 https://www.agentspot.com.au/vic/melbourne | 3 https://www.quora.com/Who-is-the-best-real-estate-agent-in-Melbourne | 4 https://www.realestatebusiness.com.au/industry/27906-top-50-victorian-agents-for-2024-released | 5 https://www.collings.com.au/how-do-i-choose-the-best-real-estate-agent-in-melbourne/ | 6 https://www.top10realestateagent.com.au/the-best-buyers-agents-in-melbourne.html | 7 https://www.realestate.com.au/find-agent/melbourne-vic?page=4 | 8 https://www.realestate.com.au/find-agent/in-melbourne?page=9&source=results | 9 https://www.facebook.com/groups/MelbourneForRent/posts/4608739919382079/ | 10 https://www.collings.com.au/who-are-the-top-rated-real-estate-agents-in-eaglemont/,How much does the average real estate agent make in Melbourne? | How to pick a good estate agent? | What is the biggest real estate agency in Australia? | Which company is best for real estate? | What is the most successful real estate agency? | Which real estate agency is best? | Who is Australia's best real estate agent? | How to pick the best real estate agent? | How to find the best estate agent in your area?,yes,no,marshallwhite.com.au | jelliscraig.com.au | mre.today | belleproperty.com | woodards.com.au | reddit.com | realestate.com.au | top10realestateagent.com.au,"ai_overview,local_pack,organic,people_also_ask,related_searches"
best real estate agents brisbane,,,1 https://brisbanerealestate.com.au/ | 2 https://whichrealestateagent.com.au/real-estate-agents-brisbane/ | 3 https://www.realestatebusiness.com.au/industry/30014-top-50-agents-in-qld-released-for-2025 | 4 https://www.realestate.com.au/find-agent/brisbane-qld | 5 https://best10realestateagents.com.au/brisbane/best-real-estate-brisbane/ | 6 https://www.top10realestateagent.com.au/ | 7 https://bestlifeagency.com.au/ | 8 https://www.localagentfinder.com.au/real-estate-agents-cities/brisbane | 9 https://www.torresproperty.com.au/ | 10 https://www.reddit.com/r/brisbane/comments/1kypuk2/best_real_estate_agencies/,"Who is the most successful real estate agent in Australia? | How to pick the best real estate agent? | How to find the best estate agent in your area? | Which Brisbane suburbs will boom in 2026? | Which Brisbane suburbs are undervalued? | What are the best upcoming suburbs in Brisbane? | What are the best suburbs in Brisbane to invest in for $500,000 or less? | What are the trendiest suburbs in Brisbane? | Is the property market slowing down in Brisbane?",yes,no,realestate.com.au | whichrealestateagent.com.au | realestatebusiness.com.au | best10realestateagents.com.au | google.com | harcourtssolutions.com.au,"ai_overview,local_pack,organic,people_also_ask,related_searches"
real estate leads,,,1 https://customer.realestate.com.au/residential/seller-leads/ | 2 https://getlistings.com.au/ | 3 https://www.stepps.com.au/category/lead-generation/ | 4 https://wealthify.com.au/real-estate-leads/ | 5 https://www.mrisoftware.com/au/blog/10-real-estate-lead-generation-tips/ | 6 https://www.k2x.com.au/ | 7 https://mailchimp.com/resources/generate-real-estate-leads/ | 8 https://open2viewqld.com.au/generating-real-estate-leads-12-strategies-to-ensure-you-can-get-through-any-market-lull/ | 9 https://leadrealestate.com.au/ | 10 https://www.youtube.com/watch?v=v91_NNWSxmI,How can I get leads for real estate? | Where do realtors get most of their leads? | How much do real estate leads cost? | Is it worth paying for leads? | What is the 5 minute rule for leads? | How much should I pay per lead? | What are the 7 types of leads in sales? | How can realtors generate leads? | What is the 3-3-3 rule for marketing?,yes,no,customer.realestate.com.au | getlistings.com.au | wealthify.com.au | beforeyoubuy.com.au | youtube.com | open2viewqld.com.au | mrisoftware.com | reddit.com,"ai_overview,organic,people_also_ask,related_searches"
vendor leads,,,1 https://vendorleads.com.au/ | 2 https://betterleads.com.au/industries/real-estate/ | 3 https://www.stepps.com.au/lead-generation/wake-up-call-the-real-estate-lead-crisis/ | 4 https://help.jamesedition.com/en/1.-what-are-vendor-leads-and-how-do-they-work | 5 https://hoole.co/vendor-lead-generation-3-steps-to-reeling-them-in/ | 6 https://www.facebook.com/tompanos.training/videos/are-you-getting-the-leads-in-your-desired-farm-area/569977532156714/ | 7 https://www.voqo.ai/blog/real-estate-vendor-lead-generation | 8 https://tradepage.com.au/real-estate-marketing/guides | 9 https://customer.realestate.com.au/residential/seller-leads/ | 10 https://www.collings.com.au/how-to-build-a-pipeline-of-vendor-leads/,Where do most realtors get their leads? | What are the best lead generation companies in Australia? | What does a vendor mean in real estate? | Which AI is best for real estate agents? | How to use chat gpt for real estate? | Who are the big 4 AI agents? | How much do AI agents cost? | Which AI agent is the most popular? | What are the risks of using AI agents?,yes,no,stepps.com.au | help.jamesedition.com | primeleads.com.au | hoole.co | s3.us-central-1.wasabisys.com | realestatebusiness.com.au | collings.com.au | customer.realestate.com.au,"ai_overview,organic,people_also_ask"
appraisal leads,,,1 https://www.callforce.com.au/real-estate-leads | 2 https://www.reddit.com/r/appraisal/comments/1fwyy6l/appraisal_leads/ | 3 https://www.openagent.com.au/blog/how-do-top-performing-agents-convert-more-leads | 4 https://help.realestate.com.au/hc/en-us/articles/360000833846-A-guide-to-Seller-Leads-in-Ignite | 5 https://instantappraisal.co/ | 6 https://www.propertyme.com.au/blog/sales/30-real-estate-lead-generation-ideas | 7 https://www.listingboost.com.au/post/why-appraisal-funnels-should-be-a-bigger-priority-for-agents | 8 https://www.openn.com/en-au/blogs/ultimate-guide-to-winning-more-listings-tips-for-real-estate-agents | 9 https://betterleads.com.au/industries/real-estate/ | 10 https://betterleads.com.au/industries/real-estate/,What are the 7 steps of the appraisal process? | How to get leads for property? | What are the red flags on an appraisal report? | What are the three methods of appraisal? | What are the 8 most common performance appraisal methods? | What are the top 3 valuation methods? | What are the four main valuation methodologies? | What are the five methods of valuation? | What are the three core valuation methods?,yes,no,help.realestate.com.au | customer.realestate.com.au | listready.me | callforce.com.au | leadsnow.ai | needleads.com.au | stepps.com.au | realestatebrilliance.com.au,"ai_overview,organic,people_also_ask,related_searches"
stamp duty calculator,,,1 https://www.sro.vic.gov.au/buying-property/land-transfer-stamp-duty/land-transfer-stamp-duty-calculator | 2 https://www.realestate.com.au/home-loans/stamp-duty-calculator/ | 3 https://revenuesa.sa.gov.au/stamp-duty/calculate-stamp-duty | 4 https://qro.qld.gov.au/duties/transfer-duty/calculate/transfer-duty-estimator/ | 5 https://www.banksyd.com.au/stamp-duty-calculator | 6 https://www.revenue.nsw.gov.au/help-centre/calculators | 7 https://www.boq.com.au/personal/help-and-support/tools-calculators/stamp-duty-calculator | 8 https://apps.osr.wa.gov.au/revenuewaconnect/0/home?destination=calculators:transferduty | 9 https://www.commbank.com.au/digital/home-buying/calculator/stamp-duty-calculator | 10 https://reiwa.com.au/the-wa-market/resources/calculators/stamp-duty-calculator/,,yes,no,sro.vic.gov.au | service.nsw.gov.au | qro.qld.gov.au | revenuesa.sa.gov.au | apps.osr.wa.gov.au | realestate.com.au | youtube.com | anz.com.au | stampdutycalcs.com.au,"ai_overview,organic,related_searches"
stamp duty calculator nsw,,,1 https://www.revenue.nsw.gov.au/help-centre/calculators | 2 https://www.macquarie.com.au/home-loans/home-loan-calculators/stamp-duty-calculator.html | 3 https://www.revenue.nsw.gov.au/taxes-duties-levies-royalties/transfer-duty/understanding-transfer-duty/calculate-transfer-duty | 4 https://www.commbank.com.au/digital/home-buying/calculator/stamp-duty-calculator | 5 https://www.banksyd.com.au/stamp-duty-calculator | 6 https://www.realestate.com.au/home-loans/stamp-duty-calculator/ | 7 https://www.revenue.nsw.gov.au/taxes-duties-levies-royalties/transfer-duty | 8 https://stampduty.calculatorsaustralia.com.au/stamp-duty-nsw | 9 https://www.service.nsw.gov.au/transaction/check-motor-vehicle-stamp-duty | 10 https://www.nab.com.au/personal/home-loans/calculators/stamp-duty-calculator,How much is stamp duty on a $800000 house in NSW? | What are the stamp duty rates for NSW in 2026? | How to calculate buyer stamp duty? | How do I calculate the transfer duty on a property I purchased? | What are the new transfer fees for 2026? | What is the formula for calculating stamp duty? | How is stamp duty calculated in Australia? | How to calculate stamp duty on transfer? | How can I calculate the stamp duty amount I will have to pay as a first home buyer in Queensland?,no,no,,"organic,people_also_ask,related_searches"
stamp duty calculator vic,,,1 https://www.sro.vic.gov.au/buying-property/land-transfer-stamp-duty/land-transfer-stamp-duty-calculator | 2 https://www.commbank.com.au/digital/home-buying/calculator/stamp-duty-calculator | 3 https://www.sro.vic.gov.au/self-service-options/calculators | 4 https://www.realestate.com.au/home-loans/stamp-duty-calculator/ | 5 https://www.sro.vic.gov.au/buying-property/land-transfer-stamp-duty | 6 https://www.sro.vic.gov.au/vehicles-and-car-parks/motor-vehicle-duty/motor-vehicle-duty-calculator | 7 https://www.nab.com.au/personal/home-loans/calculators/stamp-duty-calculator | 8 https://www.anz.com.au/personal/home-loans/calculators-tools/stamp-duty-calculator/ | 9 https://www.macquarie.com.au/home-loans/home-loan-calculators/stamp-duty-calculator.html | 10 https://www.stampdutycalcs.com.au/vic,"What are the current stamp duty rates in VIC? | How to avoid paying stamp duty in Victoria? | Do pensioners have to pay stamp duty in Victoria? | How much stamp duty would I pay on a property worth $700,000 in Victoria? | What are the requirements to be exempt from stamp duty in Victoria in 2026? | How to calculate stamp duty in Victoria? | How to avoid stamp duty? | What is the stamp duty on $820,000? | What is the formula for calculating stamp duty?",no,no,,"organic,people_also_ask,related_searches"
stamp duty calculator qld,,,1 https://qro.qld.gov.au/duties/transfer-duty/calculate/transfer-duty-estimator/ | 2 https://www.boq.com.au/personal/help-and-support/tools-calculators/stamp-duty-calculator | 3 https://qro.qld.gov.au/duties/transfer-duty/calculate/ | 4 https://www.queenslandcountry.bank/calculator/stamp-duty-calculator/ | 5 https://amun.osr.qld.gov.au/sap/osrqld/wd_tfr_calc_com?WDDISABLEUSERPERSONALIZATION=X | 6 https://qro.qld.gov.au/duties/transfer-duty/calculate/how-to-calculate/ | 7 https://www.reckon.com/au/small-business-resources/tax/queensland-stamp-duty/ | 8 https://stanfordfinancial.com.au/calculators/stamp-duty-calculator | 9 https://www.realestate.com.au/home-loans/stamp-duty-calculator/ | 10 https://stampduty.calculatorsaustralia.com.au/stamp-duty-qld,"How much is stamp duty on a $700000 house in QLD? | How do I calculate stamp duty in Queensland? | How to avoid paying stamp duty in QLD? | What are the current stamp duty rates in Queensland? | Is QLD getting rid of stamp duty? | How to calculate stamp duty costs? | How do I calculate the transfer duty on a property I purchased? | How to calculate buyer stamp duty? | What is the stamp duty on $820,000?",no,no,,"organic,people_also_ask,related_searches"
stamp duty calculator wa,,,1 https://www.anz.com.au/personal/home-loans/calculators-tools/stamp-duty-calculator/ | 2 https://www.commercial-loans.net.au/commercial-property-stamp-duty-calculator.html | 3 https://www.canstar.com.au/home-loans/stamp-duty-cost-in-wa/ | 4 https://www.feasly.com.au/tools/stamp-duty-calculator | 5 https://www.mortgagecalculatoragent.com.au/stamp-duty-calculator/wa | 6 https://www.mintrealestate.com.au/stamp-duty-calculator | 7 https://propertytaxtools.com.au/calculators/stamp-duty-calculator/wa/ | 8 https://www.mortgagechoice.com.au/guides/stamp-duty-in-western-australia/ | 9 https://hometrics.com.au/tools/stamp-duty-calculator/wa | 10 https://www.citywidecommercial.com.au/citywide-commercial/stamp-duty-calculator/,Do you pay stamp duty on land in Western Australia? | How to avoid stamp duty? | Is stamp duty tax deductible? | How to avoid transfer duty? | What are the new transfer fees for 2026? | What is the best way to transfer property between family members? | Can I sell my property to my son for $1? | Which property cannot be transferred? | Do I need to pay stamp duty when transferring property?,yes,no,wa.gov.au | reiwa.com.au | listedea.com.au | wellmoney.com.au | stampdutycalcs.com.au | onepercentrealtywa.com.au | iselect.com.au | uhre.com.au | feasly.com.au,"ai_overview,organic,people_also_ask,related_searches"
stamp duty calculator sa,,,1 https://www.macquarie.com.au/home-loans/home-loan-calculators/stamp-duty-calculator.html | 2 https://www.mortgagechoice.com.au/guides/stamp-duty-in-south-australia/ | 3 https://quickbooks.intuit.com/au/blog/taxes/stamp-duty-sa/ | 4 https://www.money.com.au/home-loans/calculators/stamp-duty-calculator | 5 https://bhprealestate.com.au/buy/stamp-duty-calculator | 6 https://lendology.com.au/answers/stamp-duty-sa/ | 7 https://www.anz.com.au/personal/home-loans/calculators-tools/stamp-duty-calculator/ | 8 https://www.realestate.com.au/advice/how-much-is-stamp-duty-in-south-australia/ | 9 https://lendology.com.au/blog/stamp-duty-sa/ | 10 https://risehigh.com.au/calculator/stamp-duty-calculator/,"Does SA have stamp duty on commercial property? | How to avoid stamp duty? | Do you have to pay stamp duty on an inheritance? | What is the calculation for stamp duty? | How to calculate stamp duty payable? | Is stamp duty tax deductible? | Who is exempted from stamp duty? | What is the stamp duty on $820,000? | Can I sell my property to my son for $1?",yes,no,revenuesa.sa.gov.au | sa.gov.au | reckon.com | stampdutycalcs.com.au | money.com.au,"ai_overview,organic,people_also_ask,related_searches"
stamp duty calculator act,,,1 https://www.feasly.com.au/tools/stamp-duty-calculator | 2 https://moneywisecalc.com.au/guides/states/stamp-duty-act | 3 https://calk-au.com/calculator/car-stamp-duty-calculator-act/ | 4 https://www.canstar.com.au/home-loans/stamp-duty-cost-in-act/ | 5 https://www.revenue.act.gov.au/help-and-resources/calculators/calculate-your-rates-and-land-tax-2012-to-2018 | 6 https://www.investmentpropertycalculator.com.au/online-ACT-stamp-duty-calculator.php | 7 https://www.clarityfinancial.com.au/calculators/stamp-duty-calculator/ | 8 https://www.gotocourt.com.au/civil-law/act/stamp-duty-in-the | 9 https://hometrics.com.au/tools/stamp-duty-calculator/act | 10 https://www.revenue.act.gov.au/help-and-resources/check-your-eligibility,Which state has the highest stamp duty in Australia? | How much is stamp duty in ACT? | What are the ACT stamp duty Concession Codes? | How does stamp duty work in Australia? | How do I avoid stamp duty? | Is stamp duty tax deductible? | Can you claim your mortgage on your taxes? | Can you capitalise stamp duty? | Does stamp duty form part of the cost base?,yes,no,revenue.act.gov.au | wagecalculator.com.au | money.com.au | comparethemarket.com.au | services.revenue.act.gov.au,"ai_overview,organic,people_also_ask,related_searches"
stamp duty calculator tas,,,1 https://www.nab.com.au/personal/home-loans/calculators/stamp-duty-calculator | 2 https://stampduty.calculatorsaustralia.com.au/ | 3 https://www.trotest.treasury.tas.gov.au/Home/Calculators | 4 https://www.anz.com.au/personal/home-loans/calculators-tools/stamp-duty-calculator/ | 5 https://savingsmate.com.au/tools/stamp-duty-calculator/750000-tas | 6 https://dynamicfinancebrokerstasmania.com.au/blog-tasmanian-stamp-duty-explained/ | 7 https://sproal.au/duty-calculator | 8 https://www.sro.tas.gov.au/property-transfer-duties/rates-of-duty?ref=ausproperty.news | 9 https://savingsmate.com.au/tools/stamp-duty-calculator/900000-tas | 10 https://quickbooks.intuit.com/au/blog/taxes/stamp-duty-tasmania/,,yes,no,tro.tas.gov.au | service.tas.gov.au | aussie.com.au | money.com.au | ownhome.com | stampdutycalcs.com.au,"ai_overview,organic,related_searches"
stamp duty nsw,,,1 https://www.lendi.com.au/home-loans/stamp-duty-nsw/ | 2 https://actbookkeepinggroup.com.au/nsw-stamp-duty-sme-guide/ | 3 https://www.quinns.com.au/blog/accounting-news/understanding-nsw-duty-payments/ | 4 http://eng.quicklaw.com.au/public/nsw-stamp-duty-calc.aspx | 5 https://www.turnerfreeman.com.au/blog/nsw-stamp-duty-changes/ | 6 https://www.realestatecalc.com.au/articles/stamp-duty-nsw-2026 | 7 https://www.nsw.gov.au/initiative/property-tax-reform/common-questions | 8 https://avid.com.au/your-guide-to-stamp-duty-in-nsw-qld-vic/ | 9 https://www.facebook.com/Walkdenlaw/posts/-legal-term-of-the-week-stamp-dutydid-you-know-that-stamp-duty-is-now-officially/1829097355242356/ | 10 https://www.nsw.gov.au/initiative/property-tax-reform/common-questions,How much is stamp duty in NSW on property? | How to avoid stamp duty? | What is the first home buyers grant in NSW and how can I qualify for it? | Is stamp duty payable on commercial property in NSW? | How to avoid stamp duty in NSW? | How can I calculate the stamp duty rate for commercial property in NSW? | Is there still stamp duty on commercial property in South Australia? | What are the stamp duty rates for NSW in 2026? | What is the formula for calculating stamp duty?,yes,no,revenue.nsw.gov.au | ownhome.com | stampdutycalcs.com.au,"ai_overview,organic,people_also_ask,related_searches"
stamp duty vic,,,1 https://www.eaglepeak.com.au/blog/understanding-stamp-duty-in-victoria-2025-guide/ | 2 https://www.realestate.com.au/advice/stamp-duty-in-victoria/ | 3 https://www.savings.com.au/calculators/stamp-duty-calculator | 4 https://www.coulterlegal.com.au/stamp-duty-victoria/ | 5 https://www.conveyancing.com.au/victoria | 6 https://conveyancingprofessionals.com.au/victorian-stamp-duty-calculator/ | 7 https://blog.cedarwoods.com.au/melbourne-and-vic/understanding-stamp-duty-land-transfer-duty-in-victoria-a-guide-for-first-home-buyers | 8 https://www.youtube.com/watch?v=xIe3B-_sT1s | 9 https://blog.cedarwoods.com.au/clara-place/understanding-stamp-duty-in-victoria | 10 https://www.completeconveyancing.com.au/what-is-stamp-duty/,What is the stamp duty amount in Victoria? | Is stamp duty tax deductible? | How much is stamp duty on a $700000 house in Queensland? | How much is stamp duty in SA? | Which state has the most expensive stamp duty in Australia? | How to avoid stamp duty? | How much stamp duty will I pay? | Does a transfer of equity require payment of stamp duty? | What is the stamp duty rate on a second home in Scotland?,no,no,,"organic,people_also_ask,related_searches"
stamp duty qld,,,1 https://qro.qld.gov.au/duties/transfer-duty/calculate/transfer-duty-estimator/ | 2 https://stampduty.calculatorsaustralia.com.au/stamp-duty-qld | 3 https://qro.qld.gov.au/duties/transfer-duty/calculate/ | 4 https://qro.qld.gov.au/duties/transfer-duty/ | 5 https://www.money.com.au/home-loans/calculators/stamp-duty-calculator/qld | 6 https://www.qld.gov.au/housing/buying-owning-home/home-buyers-financial-help/transfer-duty | 7 https://www.boq.com.au/personal/help-and-support/tools-calculators/stamp-duty-calculator | 8 https://qro.qld.gov.au/duties/transfer-duty/calculate/concession-rates/ | 9 https://www.conveyancing.com.au/blogs/stamp-duty-qld | 10 https://www.stampdutycalcs.com.au/qld,"How much is stamp duty in Queensland? | How much stamp duty would I pay on a $1,000,000 house in Queensland? | How much stamp duty would I pay on a $700 000 property in Queensland? | Do you pay stamp duty when you buy a house in QLD? | How to avoid paying stamp duty in QLD? | Is QLD getting rid of stamp duty? | Who is exempt from paying stamp duty in QLD? | How to avoid stamp duty? | Which Australian state has the lowest stamp duty?",yes,no,qro.qld.gov.au | qld.gov.au | stampduty.calculatorsaustralia.com.au | stampdutycalcs.com.au | aussie.com.au | lendi.com.au,"ai_overview,organic,people_also_ask,related_searches"
stamp duty wa,,,1 https://www.wa.gov.au/service/financial-management/taxation-and-duty/calculate-your-transfer-duty | 2 https://reiwa.com.au/the-wa-market/resources/calculators/stamp-duty-calculator/ | 3 https://apps.osr.wa.gov.au/revenuewaconnect/0/home?destination=calculators:transferduty | 4 https://www.transport.wa.gov.au/licensing/vehicle/duty-calculator | 5 https://www.feasly.com.au/guides/stamp-duty-calculator-wa | 6 https://www.stampdutycalcs.com.au/wa | 7 https://www.iselect.com.au/home-loans/stamp-duty/wa/ | 8 https://www.money.com.au/home-loans/calculators/stamp-duty-calculator/wa | 9 https://www.aussie.com.au/insights/articles/how-does-stamp-duty-work-in-WA/ | 10 https://lotuslegalperth.com.au/what-is-stamp-duty/,"How much is the stamp duty in WA? | How to avoid paying stamp duty in WA? | Do seniors pay stamp duty in WA? | What is the stamp duty on $820,000? | How much stamp duty would I pay on $800,000? | Do seniors get a discount on stamp duty? | Who is exempted from stamp duty? | Do downsizers pay stamp duty? | How to avoid stamp duty?",yes,no,wa.gov.au | reiwa.com.au | iselect.com.au | uhre.com.au | feasly.com.au | stampdutycalcs.com.au | onepercentrealtywa.com.au | transport.wa.gov.au | stampduty.calculatorsaustralia.com.au,"ai_overview,organic,people_also_ask,related_searches"
stamp duty first home buyer,,,1 https://sbsolicitors.com.au/stamp-duty-exemption-vic/ | 2 https://www.inovayt.com.au/blog/stamp-duty-exemption-in-nsw/ | 3 https://keylaw.com.au/stamp-duty-savings-first-home-buyers-queensland/ | 4 https://firsthomeunlocked.com.au/resources/nsw-first-home-buyer-support | 5 https://cleartax.com.au/tax/specific-taxes-and-levies/stamp-duty-in-australia/ | 6 https://financecorp.com.au/wa-first-home-buyer-stamp-duty-concessions-explained/ | 7 https://www.huntergalloway.com.au/stamp-duty-nsw/ | 8 https://www.stampdutycalcs.com.au/guides/first-home-buyer-guide | 9 https://nfinityfinancials.com/what-first-homebuyers-should-know-about-stamp-duty-waiver-qld/ | 10 https://bricksfinance.com.au/blog/stamp-duty-nsw-explained,"Can I get a stamp duty exemption as a first home buyer in NSW? | How to avoid stamp duty? | How much stamp duty would I pay on a $500,000 property in NSW? | What is a 5% deposit on a $600000 house? | How much income do you need to buy a $500,000 house in Australia? | How much will I need to repay monthly on a $1,000,000 mortgage? | At what age do Australians typically pay off their mortgage? | How much do you need to earn for a $700000 mortgage? | How much would I need to repay for a mortgage on $800,000 in Australia?",yes,no,youi.com.au | inovayt.com.au | cleartax.com.au | keylaw.com.au | firsthomebuyersclub.com.au | afmsgroup.com.au,"ai_overview,organic,people_also_ask"
first home owners grant,,,1 https://www.bankofmelbourne.com.au/personal/home-loans/first-home-buyer-grants | 2 https://vic.homebuyers.com.au/home-grants/ | 3 https://wa.homebuyers.com.au/first-home-owner-grant-wa/ | 4 https://www.mortgagechoice.com.au/guides/first-home-owner-grant/fhog-nsw/ | 5 https://en.wikipedia.org/wiki/First-time_home_buyer_grant | 6 https://www.plantationhomes.com.au/home-builder-guide/first-home-owners-grant-qld | 7 https://www.housingaustralia.gov.au/first-home-guarantee | 8 https://www.mortgagechoice.com.au/guides/first-home-owner-grant/fhog-vic/ | 9 https://www.savings.com.au/home-loans/buying-first-home/nsw-first-home-buyer-grants | 10 https://www.yard.com.au/resources/post/first-home-owner-grant,"How much is the first home owners grant in SA? | Is stamp duty free for first home buyers in NSW? | Do first home buyers pay stamp duty in WA? | How much is the first home owners grant in WA? | Is there still a first home buyers grant in WA? | How much deposit do you need with the first home owners grant? | How much do I need for a deposit on a $500,000 house? | What is the best loan for first time home buyers? | How much do you need to earn for a $700000 mortgage?",yes,no,mozo.com.au | plantationhomes.com.au | wa.homebuyers.com.au | savings.com.au | vic.homebuyers.com.au | aussie.com.au | bankofmelbourne.com.au | stgeorge.com.au,"ai_overview,organic,people_also_ask,related_searches"
first home owners grant nsw,,,1 https://ownhome.com/articles/what-is-the-first-home-buyer-scheme-in-nsw-and-how-does-it-work | 2 https://en.wikipedia.org/wiki/First-time_home_buyer_grant | 3 https://kaleido.com.au/learning-centre/first-home-buyer-grant-nsw-2024/ | 4 https://www.clarencevalleyfinance.com.au/everything-you-need-to-know-about-the-first-home-owner-grant-nsw/ | 5 https://goodsuburb.com/au/nsw/guides/first-home-owner-grant-nsw | 6 https://bangalowconveyancing.com.au/nsw-first-home-owner-new-homes-grant/ | 7 https://www.yourmortgage.com.au/first-home-buyer-loans/nsw-first-home-buyer-grant | 8 https://homebuildbudget.com/guides/first-home-owner-grant-nsw/ | 9 https://www.easylinkconveyancing.com.au/resources/first-home-buyers-grant-nsw/ | 10 https://kaleido.com.au/learning-centre/ultimate-first-home-buyer-benefits-guide-for-nsw/,"How much is the first home buyers grant in NSW? | What qualifies you as a first time buyer? | What does it mean if the government owns 30% of your house? | What is a 5% deposit on a $600000 house? | How much income do you need to buy a $500,000 house in Australia? | Can I buy a house with $20,000 deposit? | How much do you need to earn for a $700000 mortgage? | How much of a down payment do I need for a $300,000 house? | How much deposit do I need for a $500,000 house?",yes,no,revenue.nsw.gov.au | nsw.gov.au | youtube.com | mortgagechoice.com.au,"ai_overview,organic,people_also_ask,related_searches"
first home owners grant qld,,,1 https://brisbanehomeloan.com.au/first-home-owners-grant-qld/ | 2 https://ownhome.com/articles/what-is-the-queensland-first-home-owner-grant | 3 https://www.publications.qld.gov.au/dataset/8b32b109-fe07-4c2c-94d9-47f4f85ef657/resource/58d58fbd-b8e4-4b47-a1bc-d151e6f01be0/download/previous-grant-amounts.pdf | 4 https://www.reddit.com/r/AusPropertyChat/comments/1qigiqu/taking_advantage_of_first_home_buyer_schemes_qld/ | 5 https://www.treasury.qld.gov.au/policies-and-programs/home-ownership/ | 6 https://broker.loanmarket.com.au/loan-market-ignite/blog/first-home-buyers-grant-qld/ | 7 https://www.amo.com.au/first-home-owners-grant.html | 8 https://www.facebook.com/QueenslandGovernment/posts/thinking-about-buying-or-building-your-first-home-good-news-we-have-doubled-our-/860728296088505/ | 9 https://qro.qld.gov.au/2025/06/proposed-changes-first-home-owner-grant/ | 10 https://www.facebook.com/QueenslandGovernment/posts/thinking-about-buying-or-building-your-first-home-good-news-we-have-doubled-our-/860728296088505/,"Who is eligible for the first home buyers grant in QLD? | What is a 5% deposit on a $600000 house? | What does it mean if the government owns 30% of your house? | What is the 2% deposit scheme in Queensland? | What will happen to the First home Buyers Scheme in Queensland in 2026? | How much deposit do I need for a $700000 house? | Can I buy a house with $30,000 deposit? | How much will I need to repay monthly on a $1,000,000 mortgage? | Is $400,000 enough to build a house?",yes,no,qld.gov.au | masonfinancegroup.com.au | qro.qld.gov.au | boq.com.au | peoplefirstbank.com.au | grants.services.qld.gov.au | plantationhomes.com.au | treasury.qld.gov.au,"ai_overview,organic,people_also_ask,related_searches"
first home owners grant vic,,,1 https://www.amp.com.au/resources/insights-hub/first-home-owner-grants | 2 https://www.sro.vic.gov.au/buying-property/first-home-owner-grant/lodgement-guide-first-home-owner-grant | 3 https://www.firsthome.gov.au/apply/vic/ | 4 https://aussiewidefs.com.au/first-home-owner-grant/ | 5 https://vic.homebuyers.com.au/home-grants/first-home-buyer-guarantee/ | 6 https://jgkinghomes.com.au/blog/first-home-owners-grant-everything-you-need-to-know | 7 https://www.facebook.com/groups/449524955817843/posts/1678328412937485/ | 8 https://www.sro.vic.gov.au/buying-property/first-home-owner-grant/approved-agents-first-home-owner-grant | 9 https://www.burbank.com.au/blog/victorian-first-home-buyer-grants-and-incentives | 10 https://www.amo.com.au/first-home-owners-grant.html,"How much income do you need to buy a $650 000 house in Australia? | Can I buy a house with $20,000 deposit? | What does it mean if the government owns 30% of your house? | What is a 5% deposit on a $600000 house? | How much income do you need to buy a $500,000 house in Australia? | How much will I need to repay monthly on a $1,000,000 mortgage? | At what age do Australians typically pay off their mortgage? | How much would I need to repay for a mortgage on $800,000 in Australia? | What is the average mortgage for a 50-year-old in Australia?",yes,no,sro.vic.gov.au | qpf.com.au | vic.homebuyers.com.au | bankofmelbourne.com.au | facebook.com | abchomes.com.au | vic.gov.au | peoplefirstbank.com.au,"ai_overview,organic,people_also_ask,related_searches"
first home owners grant wa,,,1 https://www.wa.gov.au/organisation/department-of-treasury-and-finance/first-home-owner-grant-fhog | 2 https://www.amp.com.au/resources/insights-hub/first-home-owner-grants | 3 https://www.firsthome.gov.au/ | 4 https://www.keystart.com.au/buying-a-home/deciding-to-buy-a-home/first-home-buyer-benefits | 5 https://www.mortgagechoice.com.au/guides/first-home-owner-grant/fhog-wa/ | 6 https://www.wa.gov.au/government/publications/about-the-first-home-owner-grant | 7 https://www.wowhomes.com.au/how-the-wa-first-home-owners-grant-works-in-2025/ | 8 https://wa.homebuyers.com.au/first-home-owner-grant-wa/ | 9 https://broker.loanmarket.com.au/bal-and-associates/blog/first-home-owner-grant-wa/ | 10 https://www.celebrationhomes.com.au/first-home-buyers-grant/,"Is there still a first home buyers grant in WA? | Do first home buyers pay stamp duty in WA? | How much do first home buyers get in WA? | How much deposit do you need with the first home owners grant? | How much do I need for a deposit on a $500,000 house? | What is the best loan for first time home buyers? | How much of a down payment do I need for a $300,000 house? | How much income to qualify for a $200,000 mortgage? | Which bank is best for first home buyers?",no,no,,"google_reviews,knowledge_graph,organic,people_also_ask,related_searches"
first home buyer grant sa,,,1 https://newenham.com.au/stories/great-news-for-first-home-buyers-in-south-australia | 2 https://www.metricon.com.au/first-home-buyer/south-australia | 3 https://revenuesa.sa.gov.au/tools-and-resources/resources/publications/information-circulars/information-circulars/ic_052 | 4 https://zandawealth.com.au/first-home-owners-grant-sa/ | 5 https://www.finspo.com.au/learn/ultimate-guide-to-first-home-buyer-grants-schemes/ | 6 https://www.realestate.com.au/news/stamp-duty-axed-entirely-for-first-home-buyers-of-new-builds-in-sa/ | 7 https://www.money.com.au/home-loans/first-home-buyer/grants | 8 https://lendology.com.au/blog/first-home-owner-grant-sa/ | 9 https://firsthomeunlocked.com.au/resources/sa-first-home-buyer-support | 10 https://www.firsthome.gov.au/apply/sa/,"How much is the first home owners grant in SA? | How much income do you need to buy a $650 000 house in Australia? | Can I buy a house with $20,000 deposit? | What does it mean if the government owns 30% of your house? | How much deposit do I need for a $700000 house? | How many Australians own their own home without a mortgage? | At what age do Australians typically pay off their mortgage? | Who are the no. 1 immigrants in Australia? | How many Australians have $100,000 in savings? | How many Australians have $1,000,000 in superannuation? | Is $600000 enough to retire at 60 in Australia? | How long will $1,000,000 last in retirement in Australia? | What percentage of people retire with $1,000,000?",yes,no,revenuesa.sa.gov.au | mozo.com.au | greencirclehomeloans.com.au | peoplefirstbank.com.au | youtube.com | banksa.com.au | homeseeker.sa.gov.au | abchomes.com.au | firsthome.gov.au,"ai_overview,organic,people_also_ask,related_searches"
first home buyer guide,,,1 https://www.ljhooker.com.au/buy/first-home-buyers-guides-for-your-state/first-home-buyers-guide-sa | 2 https://www.anz.com.au/personal/home-loans/tips-and-guides/what-you-should-know-about-buying-your-first-house/ | 3 https://www.firsthomeownerscentre.com.au/what-is-the-ultimate-guide-for-first-home-buyers-in-perth-and-how-to-avoid-common-mistakes/ | 4 https://firsthomebuyers.gov.au/helptobuycustomerguide | 5 https://lpadvisory.com.au/blogs/first-home-buyers-guide-melbourne/ | 6 https://no1propertyguide.com.au/first-home-buyer-guide/ | 7 https://ourtop10.com.au/blog/buying-my-first-home-a-comprehensive-guide-and-checklist-in-2025/ | 8 https://www.brightonhomes.net.au/building-with-us/buying-your-first-home | 9 https://www.youtube.com/watch?v=JYycusT9Wc0 | 10 https://www.youtube.com/watch?v=_m6xnagYyG8,"How much income do you need to buy a $650 000 house in Australia? | What qualifies you as a first time buyer? | What are some tips for buying a house in Australia? | Can I buy a house with $20,000 deposit? | How much deposit do I need for a $500,000 house? | How much deposit do I need to buy a $800,000 house? | How much will I need to repay monthly on a $1,000,000 mortgage? | Is $400,000 enough for a house deposit? | How much of a down payment do I need for a $300,000 house?",yes,no,anz.com.au | treasury.gov.au | mortgagechoice.com.au | mortgagecalculatoragent.com.au | ljhooker.com.au | bankwest.com.au | youtube.com | lpadvisory.com.au,"ai_overview,images,organic,people_also_ask,related_searches"
first home buyer schemes,,,1 https://firsthomebuyers.gov.au/ | 2 https://www.vic.gov.au/support-first-home-buyers | 3 https://www.revenue.nsw.gov.au/grants-schemes/assistance-scheme | 4 https://www.bankaust.com.au/blog/5-schemes-that-can-make-buying-your-first-home-easier | 5 https://treasury.gov.au/policy-topics/housing/home-ownership-support | 6 https://www.peoplefirstbank.com.au/loans/borrowing-for-a-life-event/buying-my-first-home/government-schemes-for-first-home-buyers-in-queensland | 7 https://firsthomebuyers.gov.au/australian-government-5-percent-deposit-scheme/first-home-buyers | 8 https://homeseeker.sa.gov.au/resources/home-buyer-support | 9 https://www.housingaustralia.gov.au/media/applications-now-open-australian-government-help-buy-scheme | 10 https://www.firsthome.gov.au/,"What is the 25% first home buyer scheme in Victoria? | What grants are available for first home buyers in Australia? | Is the 5% deposit scheme just for first home buyers? | What is a 5% deposit on a $600000 house? | How much income do you need to buy a $500,000 house in Australia? | How much will I need to repay monthly on a $1,000,000 mortgage? | At what age do Australians typically pay off their mortgage? | How much do you need to earn for a $700000 mortgage? | How much would I need to repay for a mortgage on $800,000 in Australia?",yes,no,firsthomebuyers.gov.au | bankaust.com.au | vic.homebuyers.com.au | youtube.com | vic.gov.au | qld.gov.au | firsthome.gov.au | homeseeker.sa.gov.au | revenue.nsw.gov.au,"ai_overview,organic,people_also_ask,related_searches"
help to buy scheme,,,1 https://firsthomebuyers.gov.au/australian-government-help-buy-scheme | 2 https://www.commbank.com.au/home-loans/australian-government-help-to-buy-scheme.html | 3 https://treasury.gov.au/policy-topics/housing/home-ownership-support | 4 https://www.housingaustralia.gov.au/media/applications-now-open-australian-government-help-buy-scheme | 5 https://www.treasury.qld.gov.au/policies-and-programs/home-ownership/boost-to-buy/how-it-works/ | 6 https://www.wa.gov.au/organisation/department-of-treasury-and-finance/help-buy-scheme-revenuewa | 7 https://www.facebook.com/ausgov/posts/with-the-new-help-to-buy-scheme-the-australian-government-can-contribute-up-to-4/1224909096481797/ | 8 https://www.bankaust.com.au/banking/home-loans/help-to-buy | 9 https://www.mortgagechoice.com.au/guides/home-ownership/help-to-buy-scheme/ | 10 https://www.nsw.gov.au/departments-and-agencies/homes-nsw/news/nsw-ready-for-help-to-buy,"What does it mean if the government owns 30% of your house? | What are the disadvantages of the Help to Buy scheme? | What is a 5% deposit on a $600000 house? | How much deposit do I need for an $800000 house? | How much will I need to repay monthly on a $1,000,000 mortgage? | Can I buy a house with $30,000 deposit? | How much deposit do I need for a $500,000 house? | How much deposit do I need for a $500,000 house in Australia? | How much of a down payment do I need for a $300,000 house?",yes,no,firsthomebuyers.gov.au | mortgagechoice.com.au | bankaust.com.au | commbank.com.au,"ai_overview,organic,people_also_ask,related_searches"
help to buy calculator,,,1 https://www.homestart.com.au/calculators-buy | 2 https://www.centrelink.gov.au/apps/custonline_plsc/calculator | 3 https://www.homeloanexperts.com.au/mortgage-calculators/property-purchase-costs-calculator/ | 4 https://www.canstar.com.au/home-loans/how-much-afford-borrow-salary/ | 5 https://www.loans.com.au/calculators/fhog-calculator | 6 https://www.housingaustralia.gov.au/support-buy/help-to-buy | 7 https://www.bankofmelbourne.com.au/personal/home-loans/home-loan-calculators/mortgage-calculator | 8 https://azurehomeloans.com.au/first-home-buyer-guide | 9 https://ratechallenge.com.au/first-home-buyer-scheme-calculator/ | 10 https://www.bridgit.com.au/bridging/bi-home-equity-calculator-australia,,yes,no,loanmetric.com.au | ratechallenge.com.au | realestate.com.au | aussie.com.au | propcalculator.com.au | melbournemortgage.com.au | vic.homebuyers.com.au,"ai_overview,organic,related_searches"
help to buy scheme nsw,,,1 https://www.theguardian.com/australia-news/2025/nov/28/australias-help-to-buy-scheme-to-get-more-people-owning-homes-opens-next-week-heres-what-you-need-to-know | 2 https://www.mortgagechoice.com.au/ryan.pappas/our-services/nsw-first-home-buyers-grant-summary/ | 3 https://www.housingaustralia.gov.au/media/more-australians-supported-home-ownership-launch-australian-government-help-buy-scheme | 4 https://ownhome.com/articles/what-is-the-first-home-buyer-scheme-in-nsw-and-how-does-it-work | 5 https://www.service.nsw.gov.au/guide/buying-a-property | 6 https://www.apartments.com.au/guides/help-to-buy-scheme-what-first-home-buyers-in-nsw-need-to-know | 7 https://goodsuburb.com/au/nsw/guides/help-to-buy-scheme-nsw | 8 https://www.revenue.nsw.gov.au/grants-schemes/first-home-owner-new-homes-grant | 9 https://bfpproperty.com/first-home-buyer-assistance-nsw-2025 | 10 https://efficientcapital.com.au/help-to-buy-scheme-australia/,"What is the difference between social housing and affordable housing in NSW? | How much deposit do I need for a $700000 house? | How much is the first home buyers grant in NSW? | What does it mean if the government owns 30% of your house? | How much income do you need to buy a $650 000 house in Australia? | How many Australians own their own home without a mortgage? | At what age do Australians typically pay off their mortgage? | Who are the no. 1 immigrants in Australia? | How many Australians have $100,000 in savings?",yes,no,firsthomebuyers.gov.au | nsw.gov.au | newlivinghomes.com.au | commbank.com.au | mortgagechoice.com.au,"ai_overview,organic,people_also_ask,related_searches"
first home super saver scheme,,,1 https://www.cfs.com.au/super/first-home-super-saver | 2 https://russellinvestments.com/-/media/files/au/resources/factsheet/first-home-super-saver-scheme.pdf | 3 https://www.ato.gov.au/individuals/super/withdrawing-and-using-your-super/first-home-super-saver-scheme/?feed-tag=insights&feed-tag=comparing&feed-tag=real-estate-agents&cid=ETAC0099 | 4 https://www.vanguard.com.au/super/learn/grow-your-super/first-home-super-saver-scheme | 5 https://www.ajg.com/au/news-and-insights/navigating-the-first-home-super-saver-scheme-a-pathway-to-home-ownership/ | 6 https://aware.com.au/member/super/manage-your-super/early-access/first-home-super-saver-scheme?cid=aff-cn-no-su-finder-spon_content-direct-FHSS- | 7 https://firsthomebuyers.gov.au/sites/default/files/2025-10/Housing%20AU%20FHSS%20Fact%20Sheet%206%20pages%20%2825%20of%2025%29%20-%20Oct%2020_2025.pdf | 8 https://smsfengine.com.au/general/first-home-super-saver-scheme/ | 9 https://www.vanguard.com.au/super/learn/grow-your-super/first-home-super-saver-scheme | 10 https://www.australianretirementtrust.com.au/media-releases/using-super-for-a-house-deposit,"What is the withholding tax rate for the First Home Super Saver scheme? | Is superannuation tax-free in Australia? | How does FHSS work? | When to request FHSS determination? | Who is eligible for FHSS? | How can I check my FHSS balance? | How long does FHSS release take? | What is the current interest rate for the First Home Super Saver Scheme? | How to withdraw money from super for first home? | Can I still get $10,000 out of my super? | How much super can I use for my first home? | How much income do you need to buy a $500,000 house in Australia? | What are the advantages and disadvantages of the First Home Super Saver scheme?",yes,no,ato.gov.au | firsthomebuyers.gov.au | ngssuper.com.au | nab.com.au | youtube.com | aware.com.au | commbank.com.au | australiansuper.com,"ai_overview,organic,people_also_ask,related_searches,video"
fhss calculator,,,1 https://www.reddit.com/r/AusFinance/comments/byjqjy/a_stab_at_an_first_home_super_savings_scheme/ | 2 https://www.ato.gov.au/calculators-and-tools/super-benefit-component-calculator | 3 https://cumsar.com.au/first-home-super-saver-scheme-calculator/1000/ | 4 https://www.cbussuper.com.au/tools-resources/calculators/contributions-calculator | 5 https://intuitivecalc.com/blog/first-home-super-saver/ | 6 https://www.cfs.com.au/personal/tools-resources/tools-calculators.html | 7 https://www.carlislehomes.com.au/finance/schemes/first-home-super-saver-scheme/ | 8 https://www.richify.ai/au/tools | 9 https://russellinvestments.com/-/media/files/au/resources/factsheet/first-home-super-saver-scheme.pdf | 10 https://russellinvestments.com/-/media/files/au/resources/factsheet/first-home-super-saver-scheme.pdf,,yes,no,csc.gov.au | ato.gov.au | richify.ai | linkadvance.com.au | fhssplanner.com.au | homeplanner.io | calk-au.com | infochoice.com.au | rest.com.au,"ai_overview,organic,related_searches"
first home guarantee,,,1 https://www.westpac.com.au/home-loans/government-grants-schemes-support/first-home-buyers-scheme | 2 https://www.housingaustralia.gov.au/support-buy-home/frequently-asked-questions | 3 https://www.bankofmelbourne.com.au/personal/home-loans/first-home-buyer/australian-government-5-percent-deposit-scheme | 4 https://www.nhfic.gov.au/support-buy-home/regional-first-home-buyer-guarantee | 5 https://firsthome.mirvac.com/resources/blog-and-news/articles/first-home-guarantee-explained | 6 https://vic.homebuyers.com.au/home-grants/family-home-buyer-grants/ | 7 https://www.mortgagechoice.com.au/ryan.pappas/our-services/nsw-first-home-buyers-grant-summary/ | 8 https://firsthomebuyersclub.com.au/grants/first-home-guarantee/ | 9 https://www.firsthome.gov.au/ | 10 https://www.youtube.com/watch?v=MbpNqXbws_g,"What is the home guarantee scheme in Australia? | How much deposit do I need for a $700000 house? | Are New Zealand citizens eligible for the first home owners grant? | How much income do you need to buy a $650 000 house in Australia? | How much income do you need to buy a $500,000 house in Australia? | How much deposit do I need for a $500,000 house? | Can I buy a house with a $10,000 deposit? | Can I get a mortgage with no deposit? | How much is a 300k mortgage over 25 years?",yes,no,mortgagechoice.com.au | savings.com.au | realestate.com.au | synergymortgagebrokers.com.au | firsthomebuyersclub.com.au | westpac.com.au,"ai_overview,organic,people_also_ask,related_searches"
5% deposit scheme,,,1 https://firsthomebuyers.gov.au/australian-government-5-percent-deposit-scheme | 2 https://treasury.gov.au/policy-topics/housing/home-ownership-support | 3 https://www.housingaustralia.gov.au/media/expanded-australian-government-5-deposit-scheme-support-more-australians-home-ownership | 4 https://www.peoplefirstbank.com.au/loans/borrowing-for-a-life-event/buying-my-first-home/australian-government-5-percent-deposit-scheme | 5 https://www.anz.com.au/personal/home-loans/buying-home/australian-government-5-percent-deposit-scheme/ | 6 https://firsthomebuyers.gov.au/ | 7 https://www.commbank.com.au/home-loans/australian-government-5-percent-deposit-scheme.html | 8 https://www.pm.gov.au/media/albanese-government-delivers-5-deposits-all-first-home-buyers-sooner | 9 https://www.banksa.com.au/personal/home-loans/first-home-buyer/australian-government-5-percent-deposit-scheme | 10 https://www.nab.com.au/content/dam/nabrwd/documents/guides/loans/australian-government-5-percent-deposit-scheme-fact-sheet.pdf,"Who qualifies for a 5% deposit? | Is the 5% deposit scheme a trap? | What is a 5% deposit on a $750,000 house? | What is the 5% deposit scheme in Victoria and who is eligible for it? | How much income do you need to buy a $650 000 house in Australia? | How much deposit do I need for a $700000 house? | How much will I need to repay monthly on a $1,000,000 mortgage? | Can I buy a house with a $20,000 deposit? | Is $400,000 enough to build a house?",yes,no,firsthomebuyers.gov.au | treasury.gov.au | commbank.com.au | anz.com.au,"ai_overview,organic,people_also_ask,related_searches"
shared equity scheme,19,https://www.yourpropertyguide.com.au/guides/shared-equity-schemes-australia,1 https://ownhome.com/articles/what-is-the-australian-labor-governments-help-to-buy-shared-equity-scheme | 2 https://acop.edu.au/blog/shared-equity-home-buyer-helper/ | 3 https://www.savings.com.au/home-loans/what-is-shared-equity | 4 https://www.commbank.com.au/home-loans/victorian-homebuyer-fund.html | 5 https://capitalproperties.com.au/news/vic-shared-equity-scheme/ | 6 https://www.wealthbridge.com.au/help-to-buy-scheme-how-it-works/ | 7 https://www.nsw.gov.au/housing-and-construction/buying-and-selling-property/home-buying-assistance | 8 https://raizinvest.com.au/blog/nsw-shared-equity-scheme/ | 9 https://www.money.com.au/home-loans/help-to-buy-scheme | 10 https://www.youtube.com/watch?v=YHaWt6LJ_hU&vl=en-AU,"What is the shared equity scheme? | How much deposit do I need for a $700000 house? | What is the first home buyers grant in NSW and how can I qualify for it? | How much income do you need to buy a $650 000 house in Australia? | How much income do you need to buy a $500,000 house in Australia? | How much deposit do I need for a $500,000 house? | Can I buy a house with a $10,000 deposit? | How much will I pay monthly on a mortgage worth £500,000? | Can I get a mortgage with no deposit?",yes,no,savings.com.au | ownhome.com | money.com.au | youtube.com | wealthbridge.com.au | jakelaw.com.au | capitalproperties.com.au | raizinvest.com.au | acop.edu.au,"ai_overview,organic,people_also_ask,related_searches"
how much deposit do i need for a house,,,1 https://firsthomebuyers.gov.au/australian-government-5-percent-deposit-scheme | 2 https://www.nab.com.au/personal/life-moments/home-property/buy-first-home/deposit-saving | 3 https://www.westpac.com.au/home-loans/first-home/how-much-i-need-upfront | 4 https://www.reddit.com/r/AusFinance/comments/18gak7y/how_much_do_you_actually_need_percent_wise_for_a/ | 5 https://www.peoplefirstbank.com.au/help-and-support/blog/home-loans/how-much-do-you-need-for-a-home-loan-deposit | 6 https://www.anz.com.au/personal/home-loans/calculators-tools/deposit-calculator/ | 7 https://stanfordfinancial.com.au/news-and-media/how-much-deposit-do-i-need-to-buy-a-house-in-qld | 8 https://www.nsw.gov.au/housing-and-construction/buying-and-selling-property/buying-property-nsw/planning-your-finances | 9 https://www.wowhomes.com.au/how-much-deposit-do-you-need-as-a-first-home-buyer-in-perth/ | 10 https://www.bankwest.com.au/guides/home-loans/how-much-deposit-will-i-need,"How much of a deposit do I need for a $500,000 house? | How much of a deposit do I need for a 300k house? | Can I buy a house with $20,000 deposit? | Is $40,000 enough for a house deposit? | Is $400,000 enough to build a house? | How much of a down payment do I need for a $300,000 house? | How much will I expect to pay per month for a $300,000 mortgage? | What is the best time to buy a home? | What is the minimum down payment on an 800k house?",yes,no,nab.com.au | peoplefirstbank.com.au | canstar.com.au | firsthomebuyers.gov.au | commbank.com.au | youtube.com | reddit.com,"ai_overview,organic,people_also_ask,related_searches"
lmi calculator,,,1 https://www.homeloanexperts.com.au/lenders-mortgage-insurance/lmi-premium-rates/ | 2 https://www.ing.com.au/calculators-and-tools.html | 3 https://exactly.loans/calculators/lmi | 4 https://moneysmart.gov.au/home-loans/mortgage-calculator | 5 https://www.liberty.com.au/home-loans/calculators | 6 https://moneywisecalc.com.au/home-loan/lmi-calculator | 7 https://www.money.com.au/home-loans/lenders-mortgage-insurance | 8 https://www.yard.com.au/resources/post/lenders-mortgage-insurance | 9 https://youbroker.com.au/lmi-calculator/ | 10 https://www.reddit.com/r/AusProperty/comments/qdz9o6/calculate_lmi_monthly_repayment_and_total_amount/,,yes,no,helia.com.au | lendi.com.au | commbank.com.au | stanfordfinancial.com.au | savings.com.au | westpac.com.au | bankofmelbourne.com.au,"ai_overview,organic,related_searches"
lenders mortgage insurance,,,1 https://www.rapidlegal.com.au/what-is-lenders-mortgage-insurance/ | 2 https://www.mbafs.com.au/in-the-news/latest-articles/lenders-mortgage-insurance/ | 3 https://theagency.com.au/post/121/what-is-lmi | 4 https://www.investorkit.com.au/property-glossary/lenders-mortgage-insurance | 5 https://mortgagehouse.com.au/news-resources/understanding-lenders-mortgage-insurance-lmi/ | 6 https://www.homeloanexperts.com.au/lenders-mortgage-insurance/ | 7 https://lendology.com.au/blog/what-is-lmi/ | 8 https://efficientcapital.com.au/lenders-mortgage-insurance-lmi/ | 9 https://geelongbank.com.au/reusable-documents/fact-sheets/lmi-fact-sheet/ | 10 https://www.youtube.com/watch?v=tmIx3JFEns8,"What is loan mortgage insurance? | How much do you need to earn for a $700000 mortgage? | What is mortgage protection? | How much LMI on a 10% deposit? | How much is LMI on $800000? | How much will I need to repay monthly on a $1,000,000 mortgage? | At what age do Australians typically pay off their mortgage? | How much would I need to repay for a mortgage on $800,000 in Australia? | What is the average mortgage for a 50-year-old in Australia?",yes,no,insurancecouncil.com.au | nab.com.au | commbank.com.au | canstar.com.au | linkedin.com | comparethemarket.com.au | moneysmart.gov.au,"ai_overview,organic,people_also_ask,related_searches"
lenders mortgage insurance calculator,,,1 https://www.helia.com.au/the-hub/calculators-estimators/lmi-fee-estimator | 2 https://www.westpac.com.au/personal-banking/home-loans/calculator/stamp-duty-calculator/ | 3 https://www.canstar.com.au/home-loans/lenders-mortgage-insurance/ | 4 https://stanfordfinancial.com.au/calculators/lmi-calculator | 5 https://www.bankofmelbourne.com.au/personal/home-loans/home-loan-calculators/stamp-duty-calculator | 6 https://www.commbank.com.au/home-loans/lenders-mortgage-insurance.html | 7 https://www.lendi.com.au/calculators/lmi-calculator/ | 8 https://www.nab.com.au/personal/home-loans/lmi | 9 https://www.stgeorge.com.au/personal/home-loans/home-loan-calculators/stamp-duty-calculator | 10 https://www.savings.com.au/calculators/lenders-mortgage-insurance-calculator,"How much is mortgage insurance on a $500,000 loan? | How much LMI on a 10% deposit? | How much is mortgage insurance on $400,000? | How much is LMI on 800k? | How much is LMI on 90% LVR? | How much stamp duty would I pay on $800,000? | How much is stamp duty on a $800000 house in Victoria? | What is the formula for calculating stamp duty? | How much is stamp duty in QLD on $800,000?",yes,no,helia.com.au | lendi.com.au | commbank.com.au | stanfordfinancial.com.au | savings.com.au | westpac.com.au | bankofmelbourne.com.au,"ai_overview,organic,people_also_ask,related_searches"
conveyancing fees,,,1 http://eng.quicklaw.com.au/public/qld-conveyancing-costs.aspx | 2 https://whichrealestateagent.com.au/agent-fees/conveyancing-fees-guide/ | 3 https://www.reddit.com/r/AusProperty/comments/173nxmt/how_are_conveyancing_fees_calculated/ | 4 https://imperoconveyancing.com.au/2023/07/your-guide-to-conveyancing-fees-in-nsw/ | 5 https://www.golottassolicitors.com.au/understanding-conveyancing-fees-what-to-expect-when-buying-a-property/ | 6 https://conveyed.com.au/conveyancing-fees-melbourne-first-time-buyer-guide/ | 7 https://originalwealth.com.au/insights/what-is-conveyancing-fees-and-costs/ | 8 https://www.facebook.com/fb-answers/conveyancing-costs-in-melbourne/ | 9 https://conveyancercompare.com.au/conveyancing-costs-nsw | 10 https://horrockssolicitors.com/conveyancers-queensland-faqs,What is an average conveyancing fee? | How much is conveyancing in NSW? | What is conveyancing? | How much do you pay conveyancing fees? | How do I calculate my conveyancing fees? | What are the new transfer fees for 2026? | How to avoid transfer fees? | How can I calculate the transfer costs for a property? | How much is a typical transfer fee?,yes,no,whichrealestateagent.com.au | originalwealth.com.au | lawdocs.au | imperoconveyancing.com.au | conveyancercompare.com.au | provey.com.au | facebook.com | bushtobeachlegal.com.au | titlespace.com.au,"ai_overview,images,organic,people_also_ask,related_searches"
conveyancing cost nsw,,,1 https://www.conveyancing.com.au/blogs/conveyancing-costs-explained-in-nsw | 2 https://www.reddit.com/r/AusPropertyChat/comments/1h4g19g/how_much_do_solicitors_normally_cost_when_buying/ | 3 https://chamberlains.com.au/the-real-cost-of-conveyancing/ | 4 https://attwoodmarshall.com.au/forms/conveyancing-costs-calculator/ | 5 https://www.yourmoveconveyancing.com.au/ | 6 https://whichrealestateagent.com.au/agent-fees/conveyancing-costs/ | 7 https://conveyancercompare.com.au/conveyancer/nsw | 8 https://www.completeconveyancingsydney.com.au/sydney-conveyancing-fees/ | 9 https://conveyancercompare.com.au/conveyancer/nsw | 10 https://www.nsw.gov.au/housing-and-construction/buying-and-selling-property/buying-property-nsw/planning-your-finances/costs-when-buying-a-home,"Are solicitor fees negotiable? | How much do you pay conveyancing fees? | Can I do my own conveyancing in NSW? | What is an average conveyancing fee? | Is a conveyancer cheaper than a solicitor? | How much are conveyancing fees when selling a house? | Who is cheaper, solicitor or conveyancer? | Do you pay conveyancing fees for buying and selling? | Can a conveyancer negotiate price?",yes,no,rslawgroup.au | gatelyconveyancing.com.au | lawdocs.au | thorntonking.com.au | titlespace.com.au | gavelpage.com.au | costilegal.com.au | bateys.com.au | eng.quicklaw.com.au | dsplaw.com.au,"ai_overview,discussions_and_forums,organic,people_also_ask,people_also_search,related_searches"
conveyancer,,,1 https://transactorapp.com/conveyancers/melbourne/ | 2 https://www.townsvilleconveyancingcentre.com.au/blog/what-does-a-conveyancer-do-australia/ | 3 https://sunstateconveyancing.com.au/what-is-conveyancing/ | 4 https://www.adamsonlegal.com.au/blog/how-a-conveyancer-protects-you-when-buying-property | 5 https://www.youtube.com/watch?v=vBudWjn6dSc | 6 https://www.youtube.com/shorts/6NcLEgY9YjY | 7 https://www.aussie.com.au/lp/conveyancing/ | 8 https://thepalaceandco.com.au/adelaide-conveyancer/,Is a conveyancer the same as a lawyer? | How much do conveyancers charge in SA? | How much do conveyancers earn in Australia? | How do you become a conveyancer in Australia? | Is conveyancer a good career? | How long does it take to learn conveyancing? | How to become a trainee conveyancer? | At what stage do you get a conveyancer? | Is a conveyancer cheaper than a solicitor?,yes,no,boq.com.au | burgerhuyserattorneys.co.za | pcslegal.co.uk | youtube.com | fgd.com.au | moneyhelper.org.uk,"ai_overview,images,local_pack,organic,people_also_ask,related_searches"
building and pest inspection cost,,,1 https://www.visionbuildingreports.com.au/pricing | 2 https://inscopeinspections.com.au/how-much-does-a-building-inspector-cost-in-melbourne/ | 3 https://www.icertified.com.au/news/building-and-pest-inspection-price-in-qld/ | 4 https://www.thesheriff.com.au/blog/how-much-does-a-building-and-pest-inspection-cost | 5 https://wabuildinginspections.com.au/building-inspections-perth-costs-services/ | 6 https://bpic.com.au/factors-affect-price-building-pest-inspection/ | 7 https://icheckpropertyinspections.com/how-much-does-a-building-inspection-cost-in-melbourne/ | 8 https://www.airtasker.com/au/costs/surveyor/building-inspection-cost/ | 9 https://www.reddit.com/r/AusProperty/comments/1ddyjl0/cost_of_building_and_pest_inspection/ | 10 https://assuredbuildingandpestinspection.com.au/get-the-cost-of-building-and-pest-inspection-in-brisbane/,What does a building and pest check for? | How much does a structural engineer report cost in Melbourne? | What is the biggest red flag in a home inspection? | How much is a building and pest inspection in Queensland? | Who pays for building and pest inspection in QLD? | Can you claim building and pest inspection cost? | Can I withdraw my offer on a property after a building inspection in Queensland? | How clean does my house need to be for an inspection? | What does a building and pest inspection cover in QLD?,yes,no,inscopeinspections.com.au | ownerinspections.com.au | snagger.com.au | a1buildinginspection.com.au | dedant.com.au | abis.com.au | thesheriff.com.au | icheckpropertyinspections.com | assuredbuildingandpestinspection.com.au | canberra.ispect.com.au | pestandbuildinginspections.com.au | caseybuildinginspections.com.au | hamptonpark.ispect.com.au | reservoir.ispect.com.au | icertified.com.au,"ai_overview,discussions_and_forums,organic,people_also_ask,related_searches"
building and pest inspection,,,1 https://www.rapidbuildinginspections.com.au/locations/wa/perth.html | 2 https://inspect365.com.au/ | 3 https://totalinspections.com.au/everything-you-need-to-know-about-pest-and-building-inspections-in-brisbane/ | 4 https://www.homely.com.au/advice/buying/how-to-buy-a-home/what-is-a-building-and-pest-inspection | 5 https://actpropertyinspections.com.au/ | 6 https://www.youtube.com/watch?v=G-IGEeUJ6ck | 7 https://www.pestandbuildinginspections.com.au/service-areas/building-inspection-sydney | 8 https://eatonandascot.com.au/brisbane/building-and-pest-inspection-qld/ | 9 https://inspectioncentral.com.au/pre-purchase-building-pest-inspection-brisbane/ | 10 https://inspectioncentral.com.au/pre-purchase-building-pest-inspection-brisbane/,What does a building and pest check for? | What are people saying about House Inspect Australia in reviews? | What is the biggest red flag in a home inspection? | What are the four types of inspections? | What are the 7 steps of the inspection process? | What is a phase 3 inspection? | What are the 7 main types of inspection processes? | What are the three main phases of construction? | What are the different stages of inspection?,yes,no,pestandbuildinginspections.com.au | quillio.au | commbank.com.au | inspectioncentral.com.au | rapidbuildinginspections.com.au,"ai_overview,local_pack,organic,people_also_ask,related_searches"
buyers agent cost,,,1 https://www.reddit.com/r/AusPropertyChat/comments/1ea2now/cost_of_buyers_agent/ | 2 https://www.buyersadvocate.com.au/how-much-does-a-buyers-agent-cost/ | 3 https://www.yourpropertyhound.com.au/brisbane-buyers-agents-fees-cost/ | 4 https://www.aussie.com.au/insights/articles/how-much-does-a-buyers-agent-cost/ | 5 https://entryeducation.edu.au/blog/buyers-agent-fees-and-commissions-australia/ | 6 https://perthbuyersagents.com.au/price-full/ | 7 https://www.hastingsba.com/buyers-agent-fees-sydney-cheapest-costly-mistake/ | 8 https://www.edwardsandsmith.com.au/buyers-agent/cost-brisbane | 9 https://www.edwardsandsmith.com.au/buyers-agent/cost-brisbane | 10 https://www.nsw.gov.au/housing-and-construction/buying-and-selling-property/buying-property-nsw/using-a-real-estate-agent-to-buy-a-property,Is it worth paying for a buyer's agent? | Why do sellers pay the buyer's agent? | Do you pay a buyer's agent upfront? | Do buyers need to pay agent fees? | What happens if a buyer does not have an agent? | How much is the agent fee? | How to find out agent fees? | Do buyers pay estate agent fees? | What percentage do most real estate agents charge?,yes,no,aussie.com.au | australianpropertyexperts.com.au | whichrealestateagent.com.au | hastingsba.com | lpadvisory.com.au | youtube.com | facebook.com | propertyhomebase.com.au | ownhome.com | ravecheproperty.com.au,"ai_overview,discussions_and_forums,organic,people_also_ask,related_searches"
buyers agent fees,,,1 https://www.reddit.com/r/AusPropertyChat/comments/1mzoqn2/buyers_agent_fees/ | 2 https://buyersagencyaustralia.com.au/blog/how-much-is-a-buyers-agent-in-sydney/ | 3 https://propertyupdate.com.au/how-much-do-buyers-agents-charge-in-australia/ | 4 https://yasaproperties.com.au/blog/how-much-does-a-buyers-agent-cost-in-melbourne-in-2026/ | 5 https://investorpartner.com.au/buyers-agent-cost-australia/ | 6 https://cottageandcastle.com.au/post/buyers-agent-fees-melbourne-typical-costs-what-to-expect | 7 https://buyersagencyaustralia.com.au/blog/how-much-does-a-buyers-agent-cost/ | 8 https://henderson.com.au/blog/understanding-brisbane-buyers-agent-fees-what-you-need-to-know/ | 9 https://henderson.com.au/blog/understanding-brisbane-buyers-agent-fees-what-you-need-to-know/ | 10 https://www.linkedin.com/posts/illawarra-buyers-agent_how-do-buyers-agents-get-paid-in-australia-activity-7459391904816820225-hxgD,What are the fees for an Australian migration agent? | Do buyers pay estate agent fees? | How much does a real estate agent make in Australia? | What percentage do most realtors charge? | Is 3% normal for a real estate agent? | Which estate agent has the lowest fees? | How can I avoid paying estate agent fees? | Do all estate agents do no sale no fee? | Who has the cheapest real estate commission?,yes,no,australianpropertyexperts.com.au | buyersagents.com.au | youtube.com | hastingsba.com | entryeducation.edu.au | buyersadvocates-melbourne.com.au | reddit.com,"ai_overview,discussions_and_forums,organic,people_also_ask,related_searches"
buyers agent,,,1 https://sunshinecoastbuyersagency.com.au/ | 2 https://rebaa.com.au/members/buyers-domain/ | 3 https://www.homely.com.au/advice/buying/what-is-a-buyers-agent | 4 https://www.buyersagents.com.au/buyers-agents/adelaide | 5 https://www.youraustralianproperty.com.au/fees/ | 6 https://www.buyersagents.com.au/agents/in/sydney | 7 https://www.youtube.com/watch?v=k_HpIzA3qoE | 8 https://www.reddit.com/r/sydney/comments/cltoyv/has_anyone_used_a_buyers_agent_in_sydney/ | 9 https://propertygo.com.au/buyer-agents/in/brisbane | 10 https://assetplusbuyersagents.com.au/buyers-agent-advocate-gold-coast/,What are your responsibilities as a real estate agent? | Who is the best person to talk about property investment? | Who is the largest real estate agent in Australia? | How to become a real estate agent in Australia? | What's the highest paid job in real estate? | Is it hard starting out as a real estate agent? | What's the easiest job in real estate? | What is the best age to be a real estate agent? | What is the hardest part of becoming a realtor?,yes,no,homely.com.au | sunshinecoastbuyersagency.com.au | rebaa.com.au | propertygo.com.au | nationalpropertybuyers.com.au | youraustralianproperty.com.au,"ai_overview,local_pack,organic,paid,people_also_ask,related_searches"
buyers agent sydney,,,1 https://au.seek.com/buyers-agent-jobs/in-All-Sydney-NSW | 2 https://www.reddit.com/r/AusPropertyChat/comments/1jg7geq/looking_for_a_buyers_agent_for_inner_west_sydney/ | 3 https://www.findmyrealestate.com.au/buyer-agent/sydney/ | 4 https://www.clarkebuyersagents.com.au/ | 5 https://www.top10realestateagent.com.au/buyers-agents-central-cbd-sydney.html | 6 https://www.bought.agency/ | 7 https://rebaa.com.au/members/buyers-domain/ | 8 https://cohenhandler.com.au/sydney/eastern-suburbs/surry-hills/ | 9 https://www.compoundinvest.com.au/insights/real-estate/buyers-agent-for-professionals-in-sydney/ | 10 https://buyersagencyaustralia.com.au/blog/how-to-find-a-buyers-agent-in-sydney/,What is a property buyer's agent? | Who is the best person to talk about property investment? | Who is the most successful real estate agent? | Is there a demand for real estate agents in Australia? | Are buyers agents worth it in Australia? | What is the hardest month to sell a house? | What devalues a house the most? | Which week in 2026 is the best to sell a house? | How long does it take to sell?,no,no,,"discussions_and_forums,local_pack,organic,people_also_ask,related_searches"
buyers agent melbourne,,,1 https://buyerx.com.au/ | 2 https://www.parkerbuyeradvocates.com.au/ | 3 https://masteradvocates.com.au/category/buyers-agent-melbourne/ | 4 https://www.consumer.vic.gov.au/housing/buying-and-selling-property/buying-property/seek-expert-advice-on-property | 5 https://youandmepps.com.au/buyers-agent-melbourne/ | 6 https://theinvestorsagency.com.au/buyers-agent/melbourne | 7 https://buyersagentseeker.com.au/melbourne-buyers-agents/ | 8 https://www.azurebuyersagents.com.au/ | 9 https://www.facebook.com/groups/684512638257722/posts/31016586041290316/ | 10 https://www.youtube.com/watch?v=oBhD2BQK7cA,Can Singaporeans buy property in Melbourne? | What is a property buyer's agent? | How to be a real estate agent in Melbourne? | What is the difference between a selling agent and a buyer's agent? | Is it worth getting a buyer's agent? | Why does the seller pay the buyer's agent? | Who pays most of the closing costs? | Do I have to pay estate agents fees if I pull out of a sale? | Why are buyers agents so expensive?,no,no,,"discussions_and_forums,local_pack,organic,people_also_ask,related_searches"
cooling off period nsw,,,1 https://hcplaw.com.au/nsw-property-purchase-guide/ | 2 https://elyment.com.au/blog/nsw-cooling-off-period-what-buyers-should-check-after-the-agent-sends-the-contract | 3 https://gatelyconveyancing.com.au/blog/cooling-off-period-nsw | 4 https://www.cmcox.com.au/what-is-a-cooling-off-period/ | 5 https://rmpropertyconveyancing.com.au/dont-make-an-offer-sign-use-cooling-off-period/ | 6 https://blog.eastcoastlaw.com.au/living-blog/cooling-off-period-what-home-buyers-need-to-know | 7 https://www.facebook.com/multidynamicingleburn/posts/cooling-off-periodwhen-you-buy-a-residential-property-in-nsw-you-have-a-5-busine/448069027857472/ | 8 https://www.upcover.com/blog/complete-guide-cooling-off-periods-new-south-wales-nsw | 9 https://mybrix.com.au/blog/cooling-off-period-nsw-vic-qld/ | 10 https://rmpropertyconveyancing.com.au/understanding-a-cooling-off-period-and-finance-clause/,What do you do in a cooling-off period? | How long does exchange of contracts take? | What is a contract of sale? | What is considered a cooling-off period? | What is the legal cooling-off period in Australia? | Can I cancel a contract after 14 days? | Can I get out of a contract I just signed? | Does the 14 day cooling-off period apply to everything? | Do you have 3 days to change your mind on a purchase?,yes,no,nsw.gov.au | arverlaw.com.au | chidiaclegal.com.au | commbank.com.au | burgessthomson.com.au | bushtobeachlegal.com.au | thorntonking.com.au | daveyconveyancing.com.au | owenhodge.com.au | titlespace.com.au | hunterlegal.com.au,"ai_overview,organic,people_also_ask"
cooling off period vic,19,https://www.yourpropertyguide.com.au/guides/cooling-off-period-vic,1 https://www.consumer.vic.gov.au/housing/buying-and-selling-property/buying-property/buying-property-by-private-sale | 2 https://www.selawyers.com.au/blog/cooling-off | 3 https://www.completeconveyancing.com.au/the-cooling-off-period-for-buying-a-house-in-victoria-a-buyers-guide/ | 4 https://lawyersconveyancing.com.au/faq/cooling-off/ | 5 https://tahliahoegelconveyancing.com.au/cooling-off-period-victoria/ | 6 https://pl.com.au/information-centre/cooling-off-rights-buying-property-victoria | 7 https://www.consumer.vic.gov.au/consumers-and-businesses/cars/buying-a-used-car/cooling-off-period | 8 https://www.melbournecentralconveyancing.com.au/cooling-off-period-in-victoria/ | 9 https://ianreid.com.au/whats-a-cooling-off-period/ | 10 https://www.nextsteplegal.com.au/guides/cooling-off-period-victoria,How does cooling-off period work in Victoria? | Is a 14 day cooling-off period legal? | How long is a legal cooling-off period? | Is there a cooling-off period when buying a car in Victoria? | Can I change my mind if I bought a car? | Can I return my car after 7 days? | What happens if I cancel my car finance within 14 days? | Can I get my money back on a used car? | How long before I can return my car?,no,no,,"organic,people_also_ask,related_searches"
contract of sale nsw,,,1 https://www.lawsociety.com.au/sites/default/files/2022-09/Sample%20with%20watermark_2022%20Land%20Contract_0.pdf | 2 https://www.nsw.gov.au/housing-and-construction/property-professionals/working-as-an-agent/sales-contracts | 3 https://rg-guidelines.nswlrs.com.au/deeds/documents_lodged/agreements_contracts/contract_for_sale | 4 https://www.collaw.edu.au/community/news/the-new-edition-2026-of-the-contract-for-sale-and-purchase-of-land/ | 5 https://www.owenhodge.com.au/mortgage-conveyancing/standard-contract-of-sale/ | 6 https://www.revenue.nsw.gov.au/property-professionals-resource-centre/guides-rulings-cpns/topics/contracts-for-sale-of-land-and-transfers | 7 https://thorntonking.com.au/information-centre/contract-of-sale-buying-or-selling-a-property-in-nsw | 8 https://lawlab.com.au/how-nsw-real-estate-contracts-are-exchanged-and-why-finance-and-inspection-conditions-are-rare/ | 9 https://www.lawsociety.com.au/for-the-public/know-your-rights/selling-a-home/before-you-sell | 10 https://oliverandcoconveyancing.com.au/how-to-read-a-nsw-contract-of-sale/,Who prepares a contract of sale in NSW? | How much does it cost to get a contract of sale? | How long is a contract of sale valid for NSW? | What should be included in a contract of sale? | What are red flags on a sales contract? | What are the 7 requirements of a contract? | What voids a contract? | What makes a contract legally binding in Australia? | What are the 5 requirements of a valid contract?,yes,no,nsw.gov.au | classrealty.com.au | thorntonking.com.au | lawsociety.com.au | collaw.edu.au | owenhodge.com.au | strictlyconveyancing.com.au | lawlab.com.au,"ai_overview,organic,people_also_ask,related_searches"
how to buy a house in australia,,,1 https://www.aussie.com.au/insights/articles/how-to-start-buying-a-home-in-australia/ | 2 https://www.quora.com/What-is-the-process-of-buying-real-estate-in-Australia | 3 https://www.youtube.com/watch?v=T23ewYjfpRA | 4 https://www.alpharealproperty.com.au/post/how-to-buy-your-first-home-in-south-australia-a-step-by-step-guide | 5 https://www.newhomecompany.com.au/wp-content/uploads/2020/03/Guide-To-Buying-You-First-Home.pdf | 6 https://henderson.com.au/blog/steps-to-buying-property-in-sydney-a-comprehensive-guide/ | 7 https://liveinvest.com.au/blogs/step-by-step-guide-to-the-buying-a-house-process/ | 8 https://www.housingaustralia.gov.au/what-we-do/support-to-buy-a-home | 9 https://www.aussie.com.au/insights/articles/steps-to-finding-your-first-home/ | 10 https://www.youtube.com/watch?v=TgFbGsXk30g,"How much is the salary to buy a house in Australia? | What's the minimum down payment for a $300,000 house? | Is $400,000 enough to build a house? | Can you buy a house in Australia for $100,000? | How much income do you need to buy a $650 000 house in Australia? | Can I sell my house to my son for $1 dollar in Australia? | Can I gift a house to my child in Australia? | What is the best way to give my house to my child? | How much tax do I pay if I sell my house in Australia?",yes,no,moneysmart.gov.au | youtube.com | vic.gov.au | reddit.com | liveinmelbourne.vic.gov.au | amp.com.au | homeseeker.sa.gov.au | zettle.com.au,"ai_overview,discussions_and_forums,organic,people_also_ask,video"
buying a house australia,,,1 https://satterley.com.au/home-buyers-toolkit/buyers-guide/ | 2 https://liveinvest.com.au/blogs/step-by-step-guide-to-the-buying-a-house-process/ | 3 https://www.youtube.com/watch?v=TgFbGsXk30g | 4 https://www.quora.com/How-are-people-buying-their-houses-in-Australia | 5 https://www.readersdigest.com.au/food-home-garden/money/the-complete-guide-to-buying-property-across-australia | 6 https://www.ozstudies.com/blog/study-australia/how-to-buy-a-house-in-australia | 7 https://www.aussie.com.au/insights/property/buying/ | 8 https://kennarealestate.com/blog/the-complete-guide-to-buying-property-in-australia-what-every-buyer-needs-to-know | 9 https://noeljones.com.au/first-home-buyer-fundamentals-our-tips-when-buying-a-home-for-the-first-time/ | 10 https://www.housingaustralia.gov.au/what-we-do/support-to-buy-a-home,"Will houses get cheaper in Australia? | What's the minimum down payment for a $300,000 house? | Is $400,000 enough to build a house? | How much income do you need to buy a $650 000 house in Australia? | How much income do you need to buy a $500,000 house in Australia? | How much deposit do I need for a $500,000 house? | Can I buy a house with a $10,000 deposit? | How much of a deposit do I need for an $800000 house? | How much is a 300k mortgage over 25 years?",yes,no,openagent.com.au | zettle.com.au | moneysmart.gov.au | vic.gov.au | youtube.com | reddit.com | liveinmelbourne.vic.gov.au,"ai_overview,discussions_and_forums,organic,people_also_ask"
property auction tips,,,1 https://buyerbud.com.au/blog/australian-property-auction-guide/ | 2 https://www.premierhomefinders.com.au/property-auction-strategies-10-tips-for-securing-your-dream-home/ | 3 https://www.purchasewithpenny.com.au/success-stories/auction-day-success | 4 https://www.nicholasscott.com.au/uncategorized/5-tips-for-joining-a-property-auction/ | 5 https://pivotpb.com.au/top-5-auction-bidding-tips-to-avoid-overpaying-at-a-property-auction/ | 6 https://conniem.com.au/blog/auction-tips-for-buyers/ | 7 https://www.nsw.gov.au/housing-and-construction/buying-and-selling-property/buying-property-nsw/buying-property-at-an-auction | 8 https://www.reddit.com/r/AusPropertyChat/comments/1ndcf3c/auction_tips/ | 9 https://www.barryplant.com.au/media-hub/blog/five-tips-and-tricks-winning-auction/ | 10 https://www.youtube.com/watch?v=77DA8OJrcrk,What happens if you are the only bidder? | What do auctioneers say when bidding? | Are houses sold by auction in Australia? | What are common auction mistakes? | What is the 15 minute rule in an auction? | What not to do at an auction? | What sells most in an auction? | What to do before buying a house at auction? | What is the 3-minute rule in auctions?,yes,no,aussie.com.au | buyerbud.com.au | conniem.com.au | nsw.gov.au | loans.com.au | industryinsider.com.au | premierhomefinders.com.au | realestate.com.au | suburbiarealestate.com.au | youtube.com | spaceproperty.com.au,"ai_overview,discussions_and_forums,organic,people_also_ask,related_searches"
home loan pre approval,,,1 https://www.anz.com.au/personal/home-loans/get-started/pre-approval/ | 2 https://www.commbank.com.au/home-loans/understanding-the-home-loan-process.html | 3 https://www.comparethemarket.com.au/home-loans/first-home-buyer/home-loan-pre-approval/ | 4 https://www.nsw.gov.au/housing-and-construction/buying-and-selling-property/buying-property-nsw/finding-a-home-loan/getting-conditional-home-loan-approval | 5 https://www.ing.com.au/home-loans/tips-hints-guides/home-loan-pre-approval-benefits.html | 6 https://www.canstar.com.au/home-loans/compare/pre-approval-home-loans/ | 7 https://www.bcu.com.au/the-money-mindset/what-is-a-home-loan-pre-approval-and-why-do-i-need-one/ | 8 https://www.greatsouthernbank.com.au/home-loans/applying-for-home-loan-pre-approval | 9 https://www.aussie.com.au/insights/articles/what-is-home-loan-pre-approval/ | 10 https://www.nab.com.au/personal/life-moments/home-property/buy-first-home/pre-approval,"Does pre-approval guarantee a home loan? | How much do you need to earn for a $700000 mortgage? | How much deposit do I need for an $800000 house? | Does pre-approval mean I will get the loan? | Can you get denied after pre-approval for a house? | How much income do you need to buy a $500,000 house in Australia? | Is $40,000 enough for a house deposit? | How much will I need to repay monthly on a $1,000,000 mortgage? | Is $200,000 AUD a good salary?",yes,no,nab.com.au | comparethemarket.com.au | anz.com.au | commbank.com.au | nsw.gov.au | westpac.com.au | greatsouthernbank.com.au | youtube.com,"ai_overview,discussions_and_forums,organic,people_also_ask,related_searches"
borrowing power calculator,,,1 https://www.bankofmelbourne.com.au/personal/home-loans/home-loan-calculators/mortgage-calculator | 2 https://www.unloan.com.au/calculators/borrowing | 3 https://www.commbank.com.au/retail/personalloans/borrowingestimator | 4 https://www.aussie.com.au/calculators/borrowing-power/ | 5 https://www.athena.com.au/calculators/buying | 6 https://www.aussie.com.au/insights/articles/home-loans-101-how-much-can-i-borrow/ | 7 https://pacefinancial.smartonline.com.au/calculators/borrowing-power-calculator/ | 8 https://www.commbank.com.au/home-loans/home-loan-calculators-and-tools.html | 9 https://www.money.com.au/home-loans/calculators/borrowing-power-calculator | 10 https://buickfinancialsolutions.smartonline.com.au/calculators/borrowing-power-calculator/,,yes,no,commbank.com.au | anz.com.au | nab.com.au | ing.com.au | moneysmart.gov.au | peoplefirstbank.com.au | pnbank.com.au | boq.com.au | youtube.com | facebook.com,"ai_overview,organic,related_searches"
how much can i borrow,,,1 https://www.bankofmelbourne.com.au/personal/home-loans/home-loan-calculators/mortgage-calculator | 2 https://www.qudosbank.com.au/calculators/borrowing-power-calculator | 3 https://www.stgeorge.com.au/personal/home-loans/home-loan-calculators/mortgage-calculator | 4 https://ybr.com.au/calculators/how-much-can-i-borrow/ | 5 https://www.banksyd.com.au/borrowing-power-calculator | 6 https://www.aussie.com.au/insights/articles/home-loans-101-how-much-can-i-borrow/ | 7 https://resi.com.au/calculators/how-much-can-i-borrow/ | 8 https://skiploans.com.au/calculators | 9 https://www.lendi.com.au/inspire/finance/how-much-can-i-borrow/ | 10 https://www.mortgagechoice.com.au/adam.reed/our-services/borrowing-capacity/,,yes,no,commbank.com.au | moneysmart.gov.au | anz.com.au | boq.com.au | ing.com.au | qudosbank.com.au | westpac.com.au | research.application.greatsouthernbank.com.au | youtube.com,"ai_overview,organic,people_also_search,related_searches"
how much can i borrow home loan,,,1 https://www.qudosbank.com.au/calculators/borrowing-power-calculator | 2 https://research.application.greatsouthernbank.com.au/lara/borrowing-power/about | 3 https://www.newcastlepermanent.com.au/tools-and-services/calculators/home-loan-calculators/borrowing-power-calculator | 4 https://www.bankofmelbourne.com.au/personal/home-loans/home-loan-calculators/mortgage-calculator | 5 https://www.bcu.com.au/calculators/home-loan-borrowing-power-calculator/ | 6 https://www.bankofmelbourne.com.au/personal/home-loans/home-loan-calculators | 7 https://www.summerland.com.au/services/tools/calculators/how-much-can-i-borrow | 8 https://www.unloan.com.au/calculators/borrowing | 9 https://www.aussie.com.au/insights/articles/home-loans-101-how-much-can-i-borrow/ | 10 https://www.ubank.com.au/home-loans/calculators/borrowing-power,"How much deposit do I need for a $700000 house? | What is the maximum loan amount I can get for a personal loan? | How do I apply for a joint home loan with CommBank? | Can I borrow 250k? | How much do I need to earn to borrow $500,000? | What salary do I need for an 80,000 mortgage? | Can a 47 year old get a 25 year mortgage? | What are the best ways to borrow £80,000? | What's the maximum mortgage for someone who makes $80,000 a year?",yes,no,peppermoney.com.au | youtube.com | qudosbank.com.au | commbank.com.au | bankwest.com.au | ing.com.au | anz.com.au,"ai_overview,organic,people_also_ask,related_searches"
borrowing capacity calculator,,,1 https://www.commbank.com.au/digital/home-loans/borrowing-power-calculator | 2 https://www.westpac.com.au/personal-banking/home-loans/calculator/mortgage-calculator/ | 3 https://moneysmart.gov.au/home-loans/mortgage-calculator | 4 https://www.anz.com.au/personal/home-loans/calculators-tools/borrowing-power-calculator/ | 5 https://www.nab.com.au/personal/home-loans/calculators/borrowing-calculator | 6 https://www.peoplefirstbank.com.au/calculators/home-loan-calculators/borrowing-power-calculator | 7 https://www.boq.com.au/personal/help-and-support/tools-calculators/borrowing-power-calculator | 8 https://www.ing.com.au/home-loans/calculators/borrowing-power.html | 9 https://www.qudosbank.com.au/calculators/borrowing-power-calculator | 10 https://www.newcastlepermanent.com.au/tools-and-services/calculators/home-loan-calculators/borrowing-power-calculator,"How much can I borrow on $150K salary in Australia? | How much will I need to repay monthly on a $1,000,000 mortgage? | How much can I borrow on $70k salary? | How much do you need to earn for a $700000 mortgage? | Can a 47 year old get a 25 year mortgage? | Can you buy a house with a $30,000 deposit? | How much deposit do I need for a $500,000 house? | How much deposit do I need for a $500,000 house in Australia? | What is the minimum deposit required for a $1,000,000 house?",yes,no,commbank.com.au | anz.com.au | nab.com.au | ing.com.au | moneysmart.gov.au | peoplefirstbank.com.au | pnbank.com.au | boq.com.au | youtube.com | facebook.com,"ai_overview,organic,people_also_ask,related_searches"
mortgage calculator,,,1 https://moneysmart.gov.au/home-loans/mortgage-calculator | 2 https://www.commbank.com.au/digital/home-buying/calculator/home-loan-repayments | 3 https://www.peoplefirstbank.com.au/calculators/home-loan-calculators | 4 https://www.westpac.com.au/personal-banking/home-loans/calculator/mortgage-repayment/ | 5 https://www.imb.com.au/help-centre/calculators/home-loans/home-loan-repayment-calculator | 6 https://www.pnbank.com.au/calculators/home-loan-repayment/ | 7 https://www.anz.com.au/personal/home-loans/calculators-tools/home-loan-repayment-calculator/ | 8 https://www.suncorpbank.com.au/calculators/home-loan-calculators/repayment-calculator.html | 9 https://www.boq.com.au/personal/help-and-support/tools-calculators/loan-repayment-calculator | 10 https://www.ing.com.au/home-loans/calculators/repayments.html,"How much do you need to earn for a $700000 mortgage? | How much is a $300,000 mortgage at 7% interest? | How much will I need to repay monthly on a $1,000,000 mortgage? | What is the average monthly repayment for a $500,000 mortgage? | How much income do I need for a $500,000 mortgage? | How much would I need to repay for a mortgage on $800,000 in Australia? | At what age do Australians typically pay off their mortgage? | Is 600k a big mortgage? | What is the average mortgage for a 50-year-old in Australia?",no,no,,"organic,people_also_ask,related_searches"
mortgage repayment calculator,,,1 https://moneysmart.gov.au/home-loans/mortgage-calculator | 2 https://www.commbank.com.au/digital/home-buying/calculator/home-loan-repayments | 3 https://www.westpac.com.au/personal-banking/home-loans/calculator/mortgage-repayment/ | 4 https://www.anz.com.au/personal/home-loans/calculators-tools/home-loan-repayment-calculator/ | 5 https://www.peoplefirstbank.com.au/calculators/home-loan-calculators | 6 https://www.nab.com.au/personal/home-loans/calculators/loan-repayments-calculator | 7 https://www.pnbank.com.au/calculators/home-loan-repayment/ | 8 https://www.ing.com.au/home-loans/calculators/repayments.html | 9 https://www.suncorpbank.com.au/calculators/home-loan-calculators/repayment-calculator.html | 10 https://www.banksa.com.au/personal/home-loans/home-loan-calculators/loan-repayment-calculator,,no,no,,"organic,people_also_search,related_searches"
home loan calculator,,,1 https://moneysmart.gov.au/home-loans/mortgage-calculator | 2 https://www.commbank.com.au/digital/home-buying/calculator/home-loan-repayments | 3 https://www.nab.com.au/personal/home-loans/calculators/loan-repayments-calculator | 4 https://www.peoplefirstbank.com.au/calculators/home-loan-calculators | 5 https://www.anz.com.au/personal/home-loans/calculators-tools/ | 6 https://www.pnbank.com.au/calculators/home-loan-repayment/ | 7 https://www.ing.com.au/home-loans/calculators/repayments.html | 8 https://www.boq.com.au/personal/help-and-support/home-loans/home-loan-calculators | 9 https://www.banksa.com.au/personal/home-loans/home-loan-calculators/loan-repayment-calculator | 10 https://www.suncorpbank.com.au/calculators/home-loan-calculators/repayment-calculator.html,"How much do you need to earn for a $700000 mortgage? | What is the average monthly repayment for a $500,000 mortgage? | How much will I need to repay monthly on a $1,000,000 mortgage? | How much is a $600000 mortgage monthly? | How much is a $500,000 mortgage at 7% for 30 years? | What are the typical monthly repayments for a $700,000 mortgage in Australia? | How much would I need to repay for a mortgage on $800,000 in Australia? | At what age do Australians typically pay off their mortgage? | How much is a $500,000 mortgage payment per month?",yes,no,moneysmart.gov.au | commbank.com.au | anz.com.au | nab.com.au,"ai_overview,organic,people_also_ask,people_also_search,related_searches"
affordability calculator,,,1 https://www.canstar.com.au/home-loans/how-much-afford-borrow-salary/ | 2 https://fordable.com.au/calculators/how-much-can-i-borrow | 3 https://buyersagentperth.net.au/tools/affordability-calculator/ | 4 https://connectskillsinstitute.edu.au/rent-affordability-calculator/ | 5 https://lifecalculators.com.au/money/mortgage-affordability | 6 https://costofliving.studyaustralia.gov.au/ | 7 https://stanfordfinancial.com.au/calculators | 8 https://www.investmentpropertycalculator.com.au/free-mortgage-how-much-can-i-borrow-calculator.html | 9 https://www.racq.com.au/home/home-loans | 10 https://www.homestart.com.au/calculators,"What is the maximum mortgage I can afford based on my salary? | What are the benefits of using a calculator? | Which cost of living calculator is most accurate? | How much income do you need to buy a $650 000 house in Australia? | How much income do you need to buy a $500,000 house in Australia? | How many Australians have $100,000 in savings? | How many Australians have $1,000,000 in superannuation? | Is $600000 enough to retire at 60 in Australia? | At what age should you have $100,000 saved?",yes,no,commbank.com.au | westpac.com.au | moneysmart.gov.au | anz.com.au | mortgagechoice.com.au | carlislehomes.com.au | loanscope.com.au | stgeorge.com.au | mozo.com.au,"ai_overview,organic,people_also_ask,related_searches"
how much house can i afford,,,1 https://www.tdls.com.au/australian-home-affordability/ | 2 https://www.chan-naylor.com.au/housing-affordability-australia/ | 3 https://www.youtube.com/watch?v=Hk2xrY1SPMM | 4 https://www.housingaustralia.gov.au/what-we-do/property-price-caps/ | 5 https://www.mortgagechoice.com.au/steve.smith/tools-resources/calculators | 6 https://staging.equinoxeducation.com.au/education/house-affordability-calculator | 7 https://www.credificfinance.com.au/blog/calculate-home-buying-budget/ | 8 https://mortgagehouse.com.au/?page_id=113561 | 9 https://calcforlife.com/en-au/home-loan-borrowing-capacity-calculator/ | 10 https://applyonline.homeloans.com.au/living-expenses,"How much mortgage can I afford? | How much deposit do I need for a $500,000 house? | How much income do you need to buy a $650 000 house in Australia? | Will house prices drop in Australia in 2026? | What is the hardest month to sell a house? | Will Australia's housing bubble ever burst? | Where is the cheapest but nicest place to live in Australia? | What is the best time to buy a house? | What will houses be worth in 2030 in Australia?",yes,no,westpac.com.au | calcforlife.com | fundd.com.au | tdls.com.au | tools.layna.com.au,"ai_overview,organic,people_also_ask"
refinance calculator,,,1 https://www.resolvefinance.com.au/calculators/loan-comparison/ | 2 https://www.infinitylending.com.au/loan-calculators/mortgage-refinance-calculator/ | 3 https://swoopfunding.com/au/business-loan-calculator/refinance-calculator/ | 4 https://www.ing.com.au/calculators-and-tools.html | 5 https://www.coronis.com.au/calculators/refinance-calculator/ | 6 https://communityfirst.com.au/tools/calculators/refinance/ | 7 https://www.money.com.au/home-loans/refinance | 8 https://brokers.heritage.com.au/broker-calculators/refinance-calculator | 9 https://money-snap.com/au/refinance-calculator/ | 10 https://www.zodiacfinance.com.au/calculator/refinance/,,yes,no,nab.com.au | money.com.au | commbank.com.au | westpac.com.au | peoplefirstbank.com.au | stgeorge.com.au | moneysmart.gov.au,"ai_overview,organic,related_searches"
rental yield calculator,,,1 https://www.seachangeproperty.com.au/rental-yield-calculator | 2 https://www.realestatecoastal.com.au/real-estate-resources/rental-yield-calculator | 3 https://propertygo.com.au/calculators/rental-yield | 4 https://foxvaluations.com.au/tools/rental-yield/ | 5 https://auscalcs.com.au/property/rental-yield/ | 6 https://www.denre.com.au/rental-yield-calculator | 7 https://calcforlife.com/en-au/rental-yield-investment-property-calculator/ | 8 https://ras360.com.au/real-estate/rental-yield/ | 9 https://www.dwellrealty.com.au/rental-yield-calculator | 10 https://propertytaxtools.com.au/calculators/rental-yield-calculator/,What is a 6% yield? | How can I calculate the return on investment (ROI) for a property investment? | How do I calculate rental income? | What is the 30% rent rule in Australia? | Can ATO track rental income? | Can my landlord increase my rent by 14%? | Will rent increases be allowed from May 2026? | What is the highest a landlord can raise rent? | How much notice should you give before increasing rent? | What not to say to your landlord? | Can my landlord increase my rent by 100% per month? | What's the most my landlord can increase my rent?,yes,no,ing.com.au | propertyinvestmentprofessionals.com.au | westpac.com.au,"ai_overview,organic,people_also_ask,related_searches"
rental yield,,,1 https://smartrealty.com.au/understanding-rental-yield-calculating-returns-in-the-perth-market/ | 2 https://play.google.com/store/apps/details?id=com.jobreferred.rental_yield_au&hl=en_AU | 3 https://www.realestate.com.au/news/the-rental-market-takes-another-dip/ | 4 https://virtualbuyersagent.com.au/learn/understanding-rental-yields | 5 https://smartrealty.com.au/calculating-perth-rental-yields-top-online-tools/ | 6 https://www.youtube.com/watch?v=-1q5h-TtAXI | 7 https://buyersscout.com.au/blogs/what-is-rental-yield/ | 8 https://www.youraustralianproperty.com.au/what-is-a-good-rental-yield-in-melbourne/ | 9 https://rental-yield-austral.flycricket.io/ | 10 https://news.zenithfinancegroup.com.au/latest-articles/understanding-rental-yield,What is the definition of rental yield? | What does a yield of 6% mean? | How can I calculate the return on investment (ROI) for a property investment? | How do I calculate rental income? | Is a 4% rental yield good? | How can I generate rental income? | What is the most profitable thing to rent? | How can I calculate the rental yield of my property? | How to get 5000 monthly income?,yes,no,propertygo.com.au | globalpropertyguide.com | mpmproperty.com.au | yourinvestmentpropertymag.com.au | youandmepps.com.au | news.zenithfinancegroup.com.au | reiv.com.au,"ai_overview,organic,people_also_ask,related_searches"
calculate rental yield,,,1 https://www.hudsonproperty.com.au/rental-yield-calculator | 2 https://www.hartleyrealty.com.au/rental-yield-calculator | 3 https://ras360.com.au/real-estate/rental-yield/ | 4 https://www.managemecanberra.com.au/rental-yield-calculator | 5 https://www.realestatecalc.com.au/calc/investment-property-yield | 6 https://www.dwellrealty.com.au/rental-yield-calculator | 7 https://www.midwayproperty.com.au/rental-yield-calculator | 8 https://calcforlife.com/en-au/rental-yield-investment-property-calculator/ | 9 https://yourpropertyagency.com.au/rental-yield-calculator | 10 https://www.eldad.com.au/rental-yield-calculator,"How can I calculate the return on investment (ROI) for a property investment? | How do I calculate rental income? | What is the 30% rent rule in Australia? | What is the 1% rule in property investing? | What creates 90% of millionaires? | What is the 7 5 3 1 rule in investing? | What is Warren Buffett's 8-8-8 rule? | How to turn $100k into $1 million in 10 years? | What is Warren Buffett's 70/30 rule? | What if I invested $1000 in Coca-Cola 30 years ago? | What if I invested $1000 in Bitcoin 10 years ago? | What if I invested $10,000 in gold 20 years ago? | What is the smartest thing to do with $20,000? | How to turn $100,000 into $1 million in 10 years? | Can I live off the interest of $1,000,000?",yes,no,ing.com.au | westpac.com.au | linkedin.com | connectskillsinstitute.edu.au | aussie.com.au | youtube.com | nab.com.au | propertyinvestmentprofessionals.com.au | mortgagechoice.com.au | calculatestuff.com | stgeorge.com.au,"ai_overview,organic,people_also_ask"
what is a good rental yield,,,1 https://www.nab.com.au/personal/life-moments/home-property/invest-property/what-is-rental-yield | 2 https://www.westpac.com.au/home-loans/investing-in-property/rental-yield | 3 https://www.reddit.com/r/AusFinance/comments/14k1qv0/what_is_your_target_rental_yield_for_investing_in/ | 4 https://www.smartpropertyinvestment.com.au/best-suburbs/highest-yield-suburbs | 5 https://www.mortgagechoice.com.au/guides/property-investment/what-is-rental-yield/ | 6 https://www.commbank.com.au/brighter/property/investing-for-rental-yield.html | 7 https://www.openagent.com.au/blog/suburbs-with-highest-rental-yield-australia | 8 https://www.propboss.com.au/blog/what-is-a-good-rental-yield-australia-guide-2026 | 9 https://www.canstar.com.au/home-loans/what-is-a-good-rental-yield/ | 10 https://www.savings.com.au/property/rental-yield-victoria,Is 4.5% rental yield good? | Is 3% a good rental yield? | What is good rental yield in Australia? | Is 5.5% a good rental yield? | What is the 30% rent rule in Australia? | Which suburb in Victoria has the highest rental yield? | Which Melbourne suburbs will boom in 2026? | Why are landlords selling up Australia? | Are rents falling in Australia?,yes,no,stgeorge.com.au | openagent.com.au | propboss.com.au | commbank.com.au | linkedin.com | westpac.com.au | nab.com.au | mortgagechoice.com.au | canstar.com.au | reddit.com,"ai_overview,organic,people_also_ask,related_searches"
capital gains tax calculator property,,,1 https://www.australianshareholders.com.au/capital-gains-tax-cgt-calculator-for-australian-investors/ | 2 https://zedplus.net.au/insights/capital-gains-tax-calculations/ | 3 https://www.homeloanexperts.com.au/investment-loans/what-is-capital-gains-tax/ | 4 https://www.sro.vic.gov.au/owning-property/land-tax/land-tax-calculator | 5 https://ensurelegal.com.au/how-to-calculate-your-capital-gains-tax-cgt-in-queensland/ | 6 https://dkpp.com.au/capital-gains-tax-calculator/ | 7 https://www.propertytaxsolutions.com.au/how-to-calculate-capital-gains-tax-2/ | 8 https://wealth.link.com.au/capital-gains-tax-calculator | 9 https://community.ato.gov.au/s/question/a0JRF000000tYaX2AU/p00279042 | 10 https://www.australianbiz.com.au/propertycgtcalculator.aspx,"How to work out capital gains tax on property in Australia? | What is a simple trick for avoiding capital gains tax? | How much capital gains do I pay on $100,000? | Does the 50% capital gains tax still apply in Australia in 2026? | How to avoid paying capital gains tax on a property in Australia? | How much capital gains tax will I pay on $300,000? | How do I calculate capital gains on the sale of a property? | How much capital gains tax would I have to pay on $100,000? | What is the 6 year rule for capital gains tax on property in Australia?",yes,no,ato.gov.au | money.com.au | keylaw.com.au | nanakaccountants.com.au | yourinvestmentpropertymag.com.au | australianpropertyexperts.com.au | capitalgainscalculator.com.au | zedplus.net.au,"ai_overview,organic,people_also_ask,related_searches"
cgt calculator,,,1 https://www.ato.gov.au/individuals-and-families/investments-and-assets/capital-gains-tax | 2 https://smallbusiness.taxsuperandyou.gov.au/capital-gains-tax/the-discount-method | 3 https://www.smartpropertyinvestment.com.au/tools-and-calculators/capital-gains-tax-calculator | 4 https://www.sharesight.com/eu/australian-cgt-reform-calculator/ | 5 https://www.richify.ai/au/tools/cgt-calculator | 6 https://loanandfinancebrokers.com.au/2025/04/07/calculating-capital-gains-tax-cgt-in-australia-a-step-by-step-guide/ | 7 https://www.wagecalculator.com.au/guides/capital-gains-tax | 8 https://www.loans.com.au/home-loans/capital-gains-tax-and-selling-property | 9 https://cgtcalculator.net/ | 10 https://liviti.com.au/capital-gains-tax-calculator,"How to work out capital gains tax on property in Australia? | How much capital gains do I pay on $100,000? | Can you avoid capital gains taxes? | How much income tax will I pay in Australia if I earn $200,000 per year? | How much tax will I pay on $210,000 in Australia? | How many Australians earn over $250,000? | How many Australians have $1,000,000 in superannuation? | What salary is considered poor in Australia? | How many Australians have $100,000 in savings?",yes,no,ato.gov.au | capitalgainscalculator.com.au | youtube.com | nanakaccountants.com.au | money.com.au | zedplus.net.au | auscalculators.com.au | stockspot.com.au | sharesight.com,"ai_overview,organic,people_also_ask,related_searches"
capital gains tax on property,,,1 https://propertytaxspecialists.com.au/the-ultimate-guide-on-capital-gains-tax-for-property-investments/ | 2 https://en.wikipedia.org/wiki/Capital_gains_tax_in_Australia | 3 https://zedplus.net.au/tax-calculators/capital-gains-tax-calculator/ | 4 https://www.ato.gov.au/businesses-and-organisations/assets-and-property/property | 5 https://palfreyman.com.au/capital-gains-tax-what-is-it-and-when-could-it-apply-to-me/ | 6 https://www.iselect.com.au/home-loans/property-investment/capital-gains-tax/ | 7 https://sunstateconveyancing.com.au/understanding-capital-gains-tax-qld/ | 8 https://www.davidsons.com.au/property-capital-gains-tax | 9 https://www.washingtonbrown.com.au/blog/how-to-calculate-capital-gains-tax-on-property/ | 10 https://www.searchproperty.com.au/blog/maximise-your-profit-a-guide-to-capital-gains-on-investment-property,"How to avoid capital gains tax on investment property? | What is the holding period for capital gains? | What are capital gains tax rates? | How much capital gains do I pay on $100,000? | How much capital gains will I have to pay on $300,000? | How much capital gains tax will I pay on $200,000? | What ISA simple trick for avoiding capital gains tax? | How much capital gains tax would I pay on $1,000,000? | How do I calculate capital gain on a property?",yes,no,iselect.com.au | insynergy.net.au | aboveadvisory.com.au | propertytaxspecialists.com.au | searchproperty.com.au | finder.com.au | youtube.com | palfreyman.com.au | houseofwealth.com.au,"ai_overview,organic,people_also_ask,related_searches"
6 year rule capital gains tax,,,1 https://www.ato.gov.au/individuals-and-families/investments-and-assets/capital-gains-tax/property-and-capital-gains-tax/your-main-residence-home/treating-former-home-as-main-residence | 2 https://www.bentleys.com.au/insights/understanding-the-6-year-rule-for-property-investments-and-the-cgt-exemption/ | 3 https://iorder.com.au/publication/Download.aspx?ProdID=75488-04.2025 | 4 https://www.endurego.com.au/main-residence-exemption-6-year-rule/ | 5 https://awts.net.au/blog/main-residence-exemption-6-year-rule/ | 6 https://www.listonnewton.com.au/information-centre/understanding-the-6-year-exemption-rule-on-property-investment | 7 https://intandemadvisory.com.au/understanding-the-6-year-rule-capital-gains-tax-exemption-for-your-former-main-residence/ | 8 https://www.ato.gov.au/individuals-and-families/investments-and-assets/capital-gains-tax/property-and-capital-gains-tax/your-main-residence-home | 9 https://www.bonerath.com.au/post/how-to-utilise-the-six-year-exemption-rule-to-reduce-capital-gains-tax | 10 https://www.facebook.com/taxinvestaccounting/videos/6-year-rule250526/1546776603456245/,"How do I avoid capital gains tax in Australia 6 year rule? | Can I move back into my investment property to avoid CGT? | How do I avoid capital gains tax when selling a house in Australia? | What is the 12-month rule for capital gains in Australia? | What is a simple trick for avoiding capital gains tax? | What are the key changes to the Australian capital gains tax in 2026? | How much capital gains tax do I pay on $1,000,000 in Australia? | How much capital gains do you have to pay on $300,000? | How much capital gains tax will I pay on $100,000?",yes,no,ato.gov.au | bentleys.com.au | davidsons.com.au | mlc.com.au | iorder.com.au | instagram.com | listonnewton.com.au,"ai_overview,organic,people_also_ask,related_searches"
negative gearing calculator,,,1 https://stanfordfinancial.com.au/news-and-media/negative-gearing-how-to-work-out-your-real-after-tax-holding-cost | 2 https://www.commbank.com.au/brighter/property/what-is-negative-gearing.html | 3 https://treasury.gov.au/review/tax-white-paper/negative-gearing | 4 https://www.bmtqs.com.au/investment-property-calculator | 5 https://lawpath.com.au/blog/calculate-negative-gearing | 6 https://www.reddit.com/r/AusFinance/comments/1g1r1v0/how_negative_gearing_actually_works/ | 7 https://www.catalyst.com.au/investor-tools/ | 8 https://www.yourinvestmentpropertymag.com.au/tax-strategy/negative-gearing | 9 https://yourincomecalculator.com/au/calculators/property-portfolio | 10 https://yourincomecalculator.com/au/calculators/property-portfolio,"How to work out capital gains tax on property in Australia? | How much is $100,000 a year taxed in Australia? | How does negative gearing affect capital gains tax? | How much income tax will I pay in Australia if I earn $200,000 per year? | How much will I be taxed if I make $53,000 a year in Australia? | What is your take home pay if you earn $150,000? | What is the take home pay for $220,000 in Australia? | How much tax does David Beckham pay? | What income is not taxed?",yes,no,savings.com.au | yourinvestmentpropertymag.com.au | vestly.au | propertyinvestmentprofessionals.com.au | koalafinancial.com.au | acttaxgroup.com.au,"ai_overview,organic,people_also_ask,related_searches"
negative gearing,,,1 https://legalhomeloans.com.au/blogs/negative-gearing-explained/ | 2 https://www.abc.net.au/news/2024-04-02/what-is-negative-gearing-why-is-it-controversial/103489372 | 3 https://www.reddit.com/r/AusFinance/comments/1fr2wex/eli5_why_is_negative_gearing_considered_good/ | 4 https://www.theaustralian.com.au/wealth/property-investing/negative-gearing-clampdown-to-backfire-as-advisers-urge-investors-not-to-sell/news-story/94216c392229303e217473626df04c8e | 5 https://www.blackshaw.com.au/negative-gearing-for-beginners | 6 https://www.investorkit.com.au/blog/negative-gearing-explained-what-it-means-is-it-worth-it | 7 https://www.sjc.com.au/niches/negative-gearing-and-property/Negative-Gearing.pdf | 8 https://prosolution.com.au/negative-gearing-work/ | 9 https://www.youtube.com/shorts/57Y9qNKh96M | 10 https://www.stryve.com.au/blog/how-negative-gearing-works,"Who is exempt from paying capital gains tax in Australia? | Why is there negative gearing? | Does negative gearing exist in the USA? | What are the new tax rules in Australia for 2026? | What are the changes in Australia's negative gearing policy for 2026? | What is a simple trick for avoiding capital gains tax? | How much capital gains do I pay on $300,000? | How much capital gain is tax free? | How much capital gains tax will I pay on $300,000?",yes,no,treasury.gov.au | anz.com.au | commbank.com.au | en.wikipedia.org | nab.com.au | williambuck.com,"ai_overview,discussions_and_forums,images,organic,people_also_ask,related_searches"
negative gearing changes,,,1 https://www.grantthornton.com.au/insights/client-alerts/changes-to-cgt-discount-and-its-potential-impact/ | 2 https://www.youtube.com/watch?v=q95cc-d8lbM | 3 https://www.afr.com/politics/federal/one-year-grace-period-for-negative-gearing-cgt-changes-20260510-p5zvdx | 4 https://www.marketindex.com.au/news/property-or-shares-how-the-new-cgt-and-negative-gearing-changes-have-transformed-the-investing-landscape | 5 https://www.youtube.com/watch?v=RXL2tGtNMJ0 | 6 https://cleartax.com.au/tax/negative-gearing-new-rules-2026-australia/ | 7 https://www.reddit.com/r/AusPropertyChat/comments/1sb85lv/negative_gearing_changes/ | 8 https://www.sbs.com.au/news/article/where-to-invest-in-australia-after-budget-shake-up/uzue5uvag | 9 https://www.reddit.com/r/AusPropertyChat/comments/1teeivy/the_negative_gearing_changes_and_cgt_changes_are/ | 10 https://community.ato.gov.au/s/question/a0JMo000004zR0zMAE/p00419385,"What is the 6 year rule for capital gains tax in Australia? | Can I defer my capital gains tax? | Are age pension recipients exempt from the CGT exemption? | What are the key changes in the new CGT indexation rules for 2027? | What is a simple trick for avoiding capital gains tax? | How much capital gains tax will I pay on $300,000? | How to avoid capital gains tax when selling property in Australia? | How much capital gains tax would I have to pay on $100,000? | Does the 50% capital gains tax still apply in Australia in 2026?",yes,no,ato.gov.au | commbank.com.au | williambuck.com | budget.gov.au | theconversation.com | frasersproperty.com.au | corrs.com.au | consult.treasury.gov.au | dailymotion.com,"ai_overview,discussions_and_forums,organic,people_also_ask,related_searches"
cgt changes 2026,,,1 https://www.ato.gov.au/about-ato/new-legislation/in-detail/individuals/tax-reform-boosting-home-ownership-reforming-negative-gearing-and-capital-gains-tax | 2 https://budget.gov.au/content/04-tax-reform.htm | 3 https://www.perpetual.com.au/insights/Capital-gains-tax-changes-explained/ | 4 https://consult.treasury.gov.au/c2026-792170 | 5 https://www.aph.gov.au/Parliamentary_Business/Bills_Legislation/bd/bd2526/26bd067 | 6 https://au.andersen.com/capital-gains-tax-changes-2026/ | 7 https://www.pbo.gov.au/sites/default/files/2023-03/PER414%20%20ALP%20%20Negative%20gearing%20and%20capital%20gains%20tax%20CGT%20reform.PDF | 8 https://budget.gov.au/content/factsheets/download/tax-explainers-negative-gearing-capital-gains-tax.pdf | 9 https://www.commbank.com.au/articles/newsroom/2026/02/cgt-capital-gains-tax-explained.html | 10 https://propertyprinciples.com.au/capital-gains-tax-changes-australia-2026/,"What will capital gains be in 2026? | What are the new rules for capital gains tax in Australia? | What is the new tax rule for 2026? | What are the key changes in the new CGT indexation rules for 2027? | What are the key changes to the Australian capital gains tax in 2026? | What is a simple trick for avoiding capital gains tax? | What is the loophole for capital gains tax? | How much capital gains tax will I pay on $300,000? | How much capital gain is tax free?",yes,no,ato.gov.au | aph.gov.au | perpetual.com.au | commbank.com.au | hrblock.com.au | budget.gov.au | bakermckenzie.com,"ai_overview,organic,people_also_ask,related_searches"
bridging loan calculator,,,1 https://www.commbank.com.au/home-loans/bridging-loan.html | 2 https://www.mamoney.com.au/brokers/resources/calculators/bridging-serviceability/ | 3 https://www.bridgit.com.au/calculator | 4 https://www.ifghomeloans.com.au/calculator-bridging-loan/ | 5 https://www.stryve.com.au/calculators/bridging-loan-calculator | 6 https://www.bcu.com.au/home-loans/owner-occupier/bridging-loan/ | 7 https://www.anz.com.au/personal/home-loans/bridging-loan/ | 8 https://www.canstar.com.au/home-loans/bridging-loans/ | 9 https://www.kisbridgingloans.co.uk/bridging-loan-calculator/ | 10 https://www.bridgit.com.au/bridgit/bridging-loan-calculator-australia,How much can you borrow on a bridging loan? | How much interest do I pay on a bridging loan? | What are the downsides of a bridging loan? | How to calculate a bridging loan? | Is there a cheaper alternative to a bridging loan? | How much equity do you need for a bridging loan? | How to get a 100% bridging loan? | What is the cheapest way to get equity out of your house? | Which lender in Australia offers the best bridging loans?,yes,no,bridgit.com.au | stryve.com.au | commbank.com.au | ifghomeloans.com.au,"ai_overview,organic,people_also_ask,people_also_search,related_searches"
bridging loan,,,1 https://www.bridgit.com.au/bridgit/bridging-loan-interest-rates | 2 https://www.loans.com.au/home-loans/bridging-loans-how-does-bridging-finance-work | 3 https://www.xero.com/au/glossary/bridge-loan/ | 4 https://www.reddit.com/r/AusProperty/comments/1ilzppd/bridging_loan_how_does_it_work/ | 5 https://sanfordfinance.com.au/what-is-a-bridging-loan-and-when-should-you-use-it/ | 6 https://www.bridgit.com.au/bridgit/what-is-a-bridging-loan-australia | 7 https://www.funding.com.au/blog/bridging-loans-in-melbourne-how-they-work-and-when-to-use-them/ | 8 https://www.bridgit.com.au/bridging/bi-how-to-qualify-for-a-bridge-loan | 9 https://www.sfcapital.com.au/what-is-a-bridging-loan/ | 10 https://www.bridgit.com.au/bridgit/bridge-loan-calculator,"How much do you pay back on a bridging loan? | How much do you need to earn for a $700000 mortgage? | What are the interest rates for bridging loans in Australia? | Can I get a loan for a rural property in Australia? | Who will give me a loan when no one else will Australia? | How much of a deposit do I need for a $500,000 house? | Can I buy a house with $20,000 deposit? | How much will I need to repay monthly on a $1,000,000 mortgage? | How much of a down payment do I need for a $300,000 house? | What is the minimum down payment on an 800k house? | What is the best time to buy a home? | Which week in 2026 is the best to sell a house? | When's the best age to buy a house? | Is 50 a good age to pay off a mortgage? | What is the best year to buy a house? | What is the perfect age to buy a house?",yes,no,comparethemarket.com.au | loanmarket.com.au | communityfirst.com.au | commbank.com.au | nab.com.au | pnbank.com.au | canstar.com.au | anz.com.au,"ai_overview,organic,people_also_ask,related_searches"
deposit bond,,,1 https://depositbondaustralia.com.au/other-deposit-bonds/ | 2 https://www.homedepositbonds.com.au/ | 3 https://homestarfinance.com.au/blog/first-home-buyer/what-is-a-deposit-bond-and-how-do-they-work/ | 4 https://mlclawyers.net/a-beginners-guide-to-deposit-bonds/ | 5 https://www.youtube.com/watch?v=bS3sbM3KWNc | 6 https://www.kennyspring.com.au/publications/47/property-101-what-is-a-deposit-bond | 7 https://couttslegal.com.au/blog/deposit-bonds-explained/ | 8 https://www.enaybl.com.au/how-does-a-deposit-bond-work/ | 9 https://www.reddit.com/r/AusPropertyChat/comments/1vb5zkp/deposit_bond/ | 10 https://apply.depositpower.com.au/welcome,What is a bond Australia rent? | What is an investment bond in Australia? | How much does a deposit bond cost? | How long does it take to get a deposit bond? | What is a deposit bond in Australia? | Which deposit bond providers are available in Australia? | What are the best high interest bonds in Australia? | Are there tax-free bonds available in Australia? | How to buy investment bonds?,yes,no,depositpower.com.au | canstar.com.au | empirelegal.com.au | ealawyers.com.au | depositbondaustralia.com.au | easystreet.com.au | mullanelindsay.com.au | mortgagechoice.com.au | aussie.com.au | enaybl.com.au,"ai_overview,images,organic,people_also_ask,related_searches"
property depreciation,,,1 https://depreciator.com.au/ | 2 https://www.ascendstrata.com.au/blog/common-property-depreciation/ | 3 https://cbsproperty.com.au/blog/what-is-tax-depreciation-understanding-the-basics-of-investment-property-tax-deductions | 4 https://www.washingtonbrown.com.au/blog/investment-property-tax-depreciation-tips/ | 5 https://www.homeloanexperts.com.au/investment-loans/depreciation-for-an-investment-property/ | 6 https://www.capitalclaims.com.au/a-guide-to-property-depreciation/ | 7 https://thrifty.tax/ | 8 https://www.youtube.com/watch?v=N177jStFLgM | 9 https://a-d.com.au/buying-living/market-insights/its-tax-time-heres-how-maximise-property-depreciation | 10 https://www.etax.com.au/depreciation-made-easy/,How does depreciation work on a house? | What is 40% depreciation? | What is the depreciation rate for a hot water system? | How to calculate depreciation in Australia? | How much depreciation can I claim on my rental property? | How long can you depreciate a rental property in Australia? | What if I did not depreciate my rental property? | How much depreciation can I claim on an investment property in Australia? | What is the simplest way to calculate depreciation?,yes,no,bmtqs.com.au | raywhite.com | nab.com.au | ato.gov.au | westpac.com.au,"ai_overview,organic,people_also_ask,related_searches"
depreciation schedule,,,1 https://www.ato.gov.au/businesses-and-organisations/income-deductions-and-concessions/depreciation-and-capital-expenses-and-allowances | 2 https://www.bentleys.com.au/insights/depreciation-schedules-for-asset-rich-businesses-in-australia/ | 3 https://quickbooks.intuit.com/au/blog/running-a-business/depreciation-schedule/ | 4 https://www.bmtqs.com.au/depreciation-rate-finder | 5 https://www.nicholasscott.com.au/tax-depreciation-schedule/ | 6 https://koste.com.au/understanding-tax-depreciation-schedules/ | 7 https://depreciator.com.au/webpage/ | 8 https://www.deskera.com/blog/depreciation-schedule/ | 9 https://empowerwealth.com.au/blog/what-is-a-tax-depreciation-schedule/ | 10 https://help.assetmanagement.siemens.com/help/Content/Documentation/Assetic/Assetic%20myValuer/Information%20Tabs/Depreciation%20Schedule.html,What is the ATO capital allowance and what are its rates? | How to depreciation schedule? | What is bonus depreciation? | How much should a depreciation schedule cost? | Can I create my own depreciation schedule? | What is the simplest way to calculate depreciation? | What are the depreciation tables for ATO assets? | How do I calculate depreciation? | What are two methods for calculating depreciation? | What is the easiest way to calculate depreciation? | What is the most used depreciation method? | What items depreciate the most?,yes,no,bmtqs.com.au | tdaqs.com.au | ato.gov.au | htw.com.au | washingtonbrown.com.au | mcgqs.com.au | nab.com.au,"ai_overview,images,organic,people_also_ask,related_searches"
offset account,,,1 https://theconversation.com/how-can-i-check-my-offset-account-is-collecting-the-savings-it-should-288594 | 2 https://www.reddit.com/r/AusFinance/comments/1aifbzt/can_anyone_explain_how_our_mortgage_offset/ | 3 https://www.gatewaybank.com.au/about-us/blogs-news/home-buying-category/what-is-an-offset-account/ | 4 https://www.huntergalloway.com.au/offset-account/ | 5 https://www.money.com.au/home-loans/calculators/offset-account-calculator | 6 https://www.virginmoney.com.au/home-loans/offset-account | 7 https://www.unloan.com.au/learn/how-does-an-offset-account-work | 8 https://www.aussie.com.au/insights/articles/home-loans-101-offset-accounts-explained/ | 9 https://www.anz.com.au/personal/home-loans/your-loan/getting-most-from-loan/ | 10 https://intuitivefinance.com.au/offset-account-explained/,Is it worth putting money in an offset account? | How much do you need to earn for a $700000 mortgage? | What are the rules for freezing bank accounts in Australia? | What are the monthly fees for an ANZ One offset account? | How much money should I keep in offset? | Is money in an offset account taxed? | What is the best way to use an offset account? | What are the potential disadvantages of having an offset account? | How does an ANZ offset account work?,yes,no,moneysmart.gov.au | westpac.com.au | commbank.com.au | qudosbank.com.au | asic.gov.au | amp.com.au | reddit.com | youtube.com,"ai_overview,organic,people_also_ask,related_searches"
fixed vs variable home loan,,,1 https://www.commbank.com.au/articles/personal-loans/how-do-fixed-and-variable-rate-personal-loans-differ.html | 2 https://www.policebank.com.au/moneycraft/buying-a-home/home-loans-variable-vs-fixed-rates | 3 https://financecorp.com.au/fixed-vs-variable-home-loan-how-to-choose-the-right-option-as-a-wa-first-home-buyer/ | 4 https://www.beyondbank.com.au/blog/home-and-property/the-difference-between-variable-and-fixed-interest-rate-loans/ | 5 https://pavefinancial.com.au/blog/fixed-vs-variable-vs-split-home-loans-explained/ | 6 https://www.investopedia.com/terms/f/fixedinterestrate.asp | 7 https://lendology.com.au/blog/fixed-vs-variable/ | 8 https://vincents.com.au/decisions-decisions-fixed-rate-vs-variable-home-loan-rate | 9 https://koalify.com.au/guides/fixed-or-variable-home-loan | 10 https://www.money.com.au/home-loans/interest-rates/variable-rate,"What is better, a fixed or variable mortgage? | What is fixed rate payment? | Will home loan interest rates decrease in 2026? | How do personal loans work? | What will disqualify you from a personal loan? | How much is a $20,000 loan for 5 years? | What is the typical monthly payment on a $75,000 loan? | What is the cheapest way to borrow $20,000? | What is the best time to apply for a loan?",yes,no,commbank.com.au | moneysmart.gov.au | westpac.com.au | amp.com.au | nab.com.au | canstar.com.au | mebank.com.au | macquarie.com.au | anz.com.au | aussiewidefs.com.au,"ai_overview,discussions_and_forums,organic,people_also_ask,related_searches"
rba cash rate,,,1 https://www.rba.gov.au/statistics/cash-rate/ | 2 https://www.asx.com.au/markets/trade-our-derivatives-market/futures-market/rba-rate-tracker | 3 https://www.rba.gov.au/cash-rate-target-overview.html | 4 https://www.rba.gov.au/ | 5 https://www.infochoice.com.au/rba/history-of-interest-rate-movements | 6 https://www.canstar.com.au/home-loans/rba-cash-rate/ | 7 https://www.macquarie.com.au/help/personal/home-loans/understanding-your-home-loan-interest-rates-and-fees/viewing-the-rba-interest-rate-decision.html | 8 https://tradingeconomics.com/australia/interest-rate | 9 https://www.nab.com.au/customer-notices/rba-announcement | 10 https://www.nab.com.au/customer-notices/rba-announcement,"Is 5.74% a good mortgage rate? | Will interest rates drop to 3% again? | What time is the RBA decision today? | Is the RBA expected to cut rates? | What is the monthly interest on $1,000,000 in Australia? | Will there be another interest rate rise in Australia in 2026? | What is the interest rate forecast for the next 5 years in Australia? | What are the interest rate predictions for 2027? | How long did 17% interest rates last in Australia?",yes,no,asx.com.au | rba.gov.au | commbank.com.au | tradingeconomics.com | news.com.au,"ai_overview,organic,people_also_ask,related_searches"
smsf property,,,1 https://www.bmtqs.com.au/bmt-insider/buying-property-with-smsf/ | 2 https://www.aussie.com.au/home-loans/investment-property/using-a-self-managed-super-fund-for-property-investment/ | 3 https://www.yard.com.au/resources/post/super-fund-property-investment | 4 https://www.australianretirementtrust.com.au/learn/superannuation/using-super-to-buy-investment-property | 5 https://smsfaustralia.com.au/can-my-smsf-invest-in-property/ | 6 https://www.wilsonpateras.com.au/blog/investing-in-property-with-your-self-managed-super-fund-smsf/ | 7 https://www.canstar.com.au/superannuation/investing-super-in-property/ | 8 https://profileservices.com.au/insight/using-a-self-managed-super-fund-smsf-to-buy-property | 9 https://www.gomc.com.au/blog/self-managed-super-funds-and-property/?srsltid=AU7gw4WBG1_C5Irfx_WpZggEADpHPKVMDektYQ3s--Veym8k-jHOdje3 | 10 https://www.nestwellsmsf.com.au/post/can-i-use-my-smsf-to-buy-property-in-australia,"What is the meaning of ""property fund""? | Is it worth buying property through SMSF? | What does SMSF mean? | What is the new rule for investment property in Australia? | What is a simple trick for avoiding capital gains tax? | How to avoid tax on investment property? | What is the most overlooked tax break in Australia? | How much capital gains do you have to pay on $300,000? | What investments are 100% tax deductible?",yes,no,moneysmart.gov.au | bluerock.com.au | aussie.com.au | peppermoney.com.au | newventurewealth.com.au | smsfaustralia.com.au | smsfwarehouse.com.au,"ai_overview,organic,people_also_ask,related_searches"
how to choose a mortgage broker,,,1 https://www.reddit.com/r/AusPropertyChat/comments/1hpbung/shopping_for_a_mortgage_broker_where_to_look/ | 2 https://www.realestate.com.au/advice/how-to-find-a-mortgage-broker/ | 3 https://www.iselect.com.au/home-loans/mortgage-broker/ | 4 https://www.comparemortgagebrokers.com.au/ | 5 https://lendology.com.au/blog/how-to-choose-mortgage-broker-adelaide/ | 6 https://lendstreet.com.au/mortgage-basics/how-to-choose-a-mortgage-broker-thats-right-for-you/ | 7 https://www.canstar.com.au/mortgage-brokers/ | 8 https://finseek.com.au/blog/how-to-choose-the-best-mortgage-broker-in-melbourne | 9 https://www.youtube.com/watch?v=_3HQq6WGvCQ | 10 http://www.financemadesimple.com.au/blog/how-to-choose-a-mortgage-broker-in-perth-wa,What are the top 5 mortgage companies? | Is it better to go through a bank or a mortgage broker for a mortgage? | Is it best to have a mortgage broker? | Is it difficult to be a mortgage broker? | What is the downside to using a mortgage broker? | How many mortgage brokers fail? | What not to say to a mortgage broker? | Who is considered the best mortgage broker in Australia? | At what age do Australians typically pay off their mortgage?,yes,no,moneysmart.gov.au | emoneyhomeloans.com.au | moneymag.com.au | mortgagechoice.com.au | finder.com.au | everglow.au | moove.com.au | brokerssupport.com.au | youtube.com | afmsgroup.com.au,"ai_overview,discussions_and_forums,organic,people_also_ask,related_searches"
best suburbs to buy in sydney,,,1 https://broker.loanmarket.com.au/double-bay/blog/investing-in-sydney-suburbs/ | 2 https://www.muval.com.au/blog/the-best-suburbs-to-live-in-sydney | 3 https://www.youtube.com/watch?v=tLrFFdEKTtw | 4 https://abproperties.com.au/blog/the-best-sydney-suburbs-for-investors-now/ | 5 https://www.somerstone.com.au/blog-posts/sydney-property-investment-suburbs | 6 https://ourtop10.com.au/blog/best-suburbs-in-sydney/ | 7 https://www.openagent.com.au/blog/best-regional-nsw-areas-for-property-investment | 8 https://www.dreamhomeinvestments.com.au/best-suburbs-to-invest-in-sydney/ | 9 https://www.huntergalloway.com.au/best-suburbs-in-sydney/ | 10 https://johnsonpropertyco.com.au/best-suburbs-for-property-investment-in-sydneys-inner-west/,Where is the best place to buy in Sydney? | What suburbs to stay away from in Sydney? | What is the expected growth rate of the Sydney property market in 2026? | What are the top 10 safest suburbs in Sydney? | What is the nicest suburb of Sydney? | Which suburb has the most crime in Sydney? | What is Sydney's poorest suburb? | What is the most posh suburb in Sydney? | What is a blacklisted suburb? | Which Sydney suburbs are undervalued? | Can you claim free land in Australia? | Is my wife entitled to half my house if it's in my name in Australia? | Who is the biggest private landowner in Australia?,yes,no,realestate.com.au | hollowayremovals.com.au | investorpartner.com.au | aaacityremovalist.com.au | youtube.com | muval.com.au | canstar.com.au | johnsonpropertyco.com.au | afmsgroup.com.au | fpwgroup.com.au | openagent.com.au | bespokebuyers.com,"ai_overview,discussions_and_forums,organic,people_also_ask,related_searches"
best suburbs to buy in melbourne,,,1 https://www.youtube.com/watch?v=8nQ2N0w5yXU | 2 https://www.everlend.com.au/undervalued-suburbs-in-melbourne/ | 3 https://reiv.com.au/market-insights/data-analysis/high-performers | 4 https://www.youtube.com/watch?v=9peurLpJdNQ | 5 https://blog.cedarwoods.com.au/melbourne-and-vic/the-best-suburbs-to-invest-in-property-in-melbourne | 6 https://lendstreet.com.au/investment-property/best-suburbs-in-melbourne-to-invest-in-2023/ | 7 https://metropole.com.au/the-12-best-family-friendly-suburbs-in-melbourne/ | 8 https://www.youtube.com/watch?v=5OOmkieWfM8 | 9 https://astonhomes.com.au/pc-best-suburbs-to-buy-property-in-melbourne/ | 10 https://metropole.com.au/the-12-best-family-friendly-suburbs-in-melbourne/,What is the happiest suburb in Melbourne? | Where's the cheapest place to live in Melbourne? | What are the best suburbs in Melbourne for an investment under $600k? | What is a rich suburb in Melbourne? | Which suburbs will boom in Melbourne? | What are the four no-go suburbs in Melbourne? | What are the rough suburbs of Melbourne? | What's the poorest suburb in Melbourne? | What's the safest suburb in Melbourne?,yes,no,loanmarket.com.au | lpadvisory.com.au | openagent.com.au | northremovals.com.au | everlend.com.au,"ai_overview,discussions_and_forums,organic,people_also_ask,related_searches,video"
best suburbs to buy in brisbane,,,1 https://www.youtube.com/watch?v=CvJqWhEFz6w | 2 https://www.realestate.com.au/news/brisbane-suburbs-where-you-can-beat-the-rush-to-buy/ | 3 https://nicebuilds.com.au/best-suburbs-in-brisbane/ | 4 https://www.reddit.com/r/MovingToBrisbane/comments/1i3cxzy/top_suburbs_in_brisbane/ | 5 https://www.realestate.com.au/news/surprising-suburbs-that-have-the-holy-grail-of-property-investment/ | 6 https://urbanrenters.com.au/blog/best-suburbs-in-brisbane/ | 7 https://www.kellybrothersfinance.com.au/best-suburbs-property-investors-north-brisbane | 8 https://www.realestate.com.au/news/brisbanes-top-ten-suburbs-for-firsthome-buyers-revealed-by-property-experts/ | 9 https://www.zestmortgagesolutions.com.au/blog/best-suburbs-families-brisbane | 10 https://www.zestmortgagesolutions.com.au/blog/best-suburbs-to-buy-in-brisbane,What are good suburbs in Brisbane? | What is the biggest suburb in Brisbane by area? | Where is the cheapest place to buy a house in Brisbane? | Is Walloon a good place to invest? | Which suburbs in Brisbane will boom in 2026? | Which Brisbane suburbs are undervalued? | What Brisbane suburbs will boom with the Olympics? | What are the top 10 safest suburbs in Brisbane? | Is Brisbane property going to boom?,yes,no,frasersproperty.com.au | huntergather.com.au | penroserealestate.com.au | stryve.com.au | youtube.com | masonfinancegroup.com.au | purposeproperty.com.au | reddit.com,"ai_overview,organic,people_also_ask,related_searches"
best suburbs in perth,,,1 https://www.blackburnepropertymanagement.com.au/resources/perths-best-suburbs-for-property-investment-in-2026/ | 2 https://www.muval.com.au/blog/best-places-in-perth | 3 https://thepropertytribune.com.au/market-insights/top-20-most-expensive-suburbs-in-perth/ | 4 https://burbscore.com/blog/best-suburbs-for-families | 5 https://www.youtube.com/watch?v=7zU--EMA00k | 6 https://www.youtube.com/watch?v=2eiTQerUlvA | 7 https://www.fragileremovals.com.au/moving-tips/best-suburbs-to-move-to-in-perth/ | 8 https://www.reddit.com/r/perth/comments/s4ykv1/best_perth_suburbs_in_2022/ | 9 https://johnmason.com/blog/where-to-live-in-perth/ | 10 https://suburbscan.com.au/perth,"Is High Wycombe, Perth a nice place to live? | What is the nicest house in Perth? | Where do billionaires live in Perth? | What are the most affordable suburbs in Perth? | What suburbs to stay away from in Perth? | What are the top 10 suburbs in Perth? | Which suburb is booming in Perth? | Which is the safest suburb in Perth? | Which part of Perth is best to live in?",yes,no,keystms.com.au | plunketthomes.com.au | attreerealestate.com.au | semplepg.com.au | reddit.com | notaballerina.com | stryve.com.au | canstar.com.au | youtube.com | investorpartner.com.au,"ai_overview,discussions_and_forums,organic,people_also_ask,related_searches"
best suburbs in adelaide,11,https://www.yourpropertyguide.com.au/best-suburbs/for-families/adelaide,1 https://www.australia.com/en/places/adelaide-and-surrounds/suburb-guide.html | 2 https://www.auspropertyprofessionals.com.au/2024/02/21/best-investment-suburbs-adelaide/ | 3 https://www.instagram.com/reel/DUxUksEEU76/?hl=en | 4 https://www.fragileremovals.com.au/moving-tips/best-suburbs-to-move-to-in-adelaide/ | 5 https://www.simonds.com.au/resources/articles/top-5-affordable-suburbs-in-adelaide-and-sa | 6 https://www.inovayt.com.au/blog/10-best-suburbs-to-invest-in-adelaide-in-2025/ | 7 https://www.tripadvisor.com.au/ShowTopic-g255093-i698-k474054-o10-Where_are_the_best_suburbs_and_schools_to_live_in_adleide-Adelaide_Greater_Adelaide_South.html | 8 https://www.realestate.com.au/news/revealed-sas-top-suburbs-for-value-growth-and-loss-this-year/ | 9 https://www.dreamhomeinvestments.com.au/the-best-suburbs-to-invest-in-adelaide/ | 10 https://www.findamover.com.au/blog/best-adelaide-suburbs-to-explore,What is the biggest suburb in Adelaide? | What are the oldest suburbs in Adelaide? | Which Adelaide suburbs will boom in 2026? | Where do the richest people live in Adelaide? | What are the top 10 suburbs in Adelaide? | What is the poorest suburb in Adelaide? | What suburbs should I avoid in Adelaide? | Where do most Muslims live in Adelaide? | What are the posh suburbs of Adelaide?,yes,no,northremovals.com.au | sitchu.com.au | reddit.com | australia.com | thepropertytribune.com.au | openagent.com.au,"ai_overview,discussions_and_forums,organic,people_also_ask,related_searches"
best suburbs to invest in brisbane,,,1 https://www.realestate.com.au/news/queenslands-17-suburbs-to-watch-out-for-in-2026s-property-market/ | 2 https://www.canstar.com.au/home-loans/best-suburbs-brisbane/ | 3 https://www.frasersproperty.com.au/inspiration/best-suburbs-in-brisbane | 4 https://www.stryve.com.au/blog/best-suburb-to-invest-in-brisbane | 5 https://www.youtube.com/watch?v=vL8LB_uU2m8 | 6 https://highyieldpropertyclub.com.au/best-suburbs-to-invest-in-brisbane/ | 7 https://australianpropertyupdate.com.au/apu/brisbanes-best-and-worst-performing-suburbs | 8 https://investorpartner.com.au/blogs/best-suburbs-to-invest-in-brisbane/ | 9 https://www.penroserealestate.com.au/where-to-buy-investment-property-in-brisbane/ | 10 https://www.homeloanexperts.com.au/home-loan-articles/best-suburbs-brisbane/,"What suburbs will boom in 2026 in QLD? | What Brisbane suburbs will boom with the Olympics? | What are the best suburbs in Brisbane to invest in for $500,000 or less? | Which Brisbane suburbs are undervalued? | What suburbs are expected to boom in Brisbane? | What are the top 10 safest suburbs in Brisbane? | What is the nicest suburb in Brisbane? | What is the roughest suburb in Brisbane? | What is the poorest suburb in Brisbane?",yes,no,frasersproperty.com.au | edwardsandsmith.com.au | zestmortgagesolutions.com.au | australianpropertyupdate.com.au | investorpartner.com.au | stryve.com.au | canstar.com.au | masonfinancegroup.com.au | forresterproperties.com.au | huntergather.com.au,"ai_overview,organic,people_also_ask,related_searches"
best suburbs to invest in australia,,,1 https://www.realestate.com.au/news/property-investing-hotspots-the-suburbs-where-investors-are-getting-the-best-returns/ | 2 https://duotax.com.au/insights/top-50-australian-suburbs-rental-yield/ | 3 https://www.realestate.com.au/news/australias-top-performing-suburbs-of-2025/ | 4 https://www.yourinvestmentpropertymag.com.au/top-suburbs/ | 5 https://www.stryve.com.au/blog/best-suburbs-to-invest-in-sydney | 6 https://www.openagent.com.au/blog/suburbs-with-highest-rental-yield-australia | 7 https://www.stryve.com.au/blog/best-suburbs-to-invest-in-melbourne | 8 https://www.collings.com.au/what-suburb-should-i-buy-in/ | 9 https://www.smartpropertyinvestment.com.au/best-suburbs | 10 https://duotax.com.au/insights/top-50-suburbs-property-prices/,"Which suburbs in Australia have the best capital growth? | How can I invest $10,000 in real estate? | Where is the best place to invest my money in Australia? | What is Australia's wealthiest suburb? | Where do most billionaires live in Australia? | What is the most liveable suburb in Australia? | Where do the happiest Australians live? | What are the no-go suburbs in Sydney? | Which suburbs in Australia are the best to invest in in 2026?",yes,no,reddit.com | mebank.com.au | realestate.com.au | openagent.com.au,"ai_overview,organic,people_also_ask,related_searches"
best suburbs in australia,,,1 https://www.australia.com/en/things-to-do/arts-and-culture/australias-hippest-neighbourhoods.html | 2 https://www.reddit.com/r/AskAnAustralian/comments/1qdc4j4/the_best_suburbs_in_your_state_how_good_are_they/ | 3 https://www.smartpropertyinvestment.com.au/best-suburbs/fastest-growing-suburbs | 4 https://www.timeout.com/australia/news/revealed-australias-most-popular-suburbs-in-2025-122225 | 5 https://www.youtube.com/shorts/__9SyJzL6hI | 6 https://www.openagent.com.au/blog/top-10-growth-suburbs-in-australia-right-now | 7 https://www.frasersproperty.com.au/inspiration/best-suburbs-melbourne | 8 https://www.savings.com.au/property/top-australian-suburbs-for-rental-yield-revealed | 9 https://www.homely.com.au/where-to-live | 10 https://goodsuburb.com/,What are the 20 most expensive suburbs in Australia? | Where do the happiest Australians live? | What are the top 10 liveable cities in Australia? | Where is the nicest part of Australia to live? | Where is safest to live in Australia? | What are Australia's 10 best places to live? | Where is the cheapest but nicest place to live in Australia? | What is the dodgiest place in Australia? | Who are the no. 1 immigrants in Australia?,yes,no,realestate.com.au | perthnow.com.au | timeout.com | smartpropertyinvestment.com.au | reddit.com | australia.com | openagent.com.au | brokernews.com.au,"ai_overview,organic,people_also_ask,related_searches"
best suburbs for families melbourne,,,1 https://whichrealestateagent.com.au/best-suburbs-in-melbourne-for-families-2025-guide/ | 2 https://www.reddit.com/r/AusPropertyChat/comments/1bh98nq/best_melbourne_suburbs_for_a_family/ | 3 https://metropole.com.au/the-12-best-family-friendly-suburbs-in-melbourne/ | 4 https://www.movemystuff.com.au/best-suburbs-in-melbourne-for-families/ | 5 https://lpadvisory.com.au/blogs/best-inner-melbourne-suburbs-for-families/ | 6 https://thepropertytribune.com.au/lifestyle/20-best-most-liveable-suburbs-in-melbourne-for-families/ | 7 https://www.everlend.com.au/best-suburbs-melbourne-families/ | 8 https://www.frasersproperty.com.au/inspiration/best-suburbs-melbourne | 9 https://broker.loanmarket.com.au/razor/blog/family-friendly-suburbs-melbourne/ | 10 https://www.lendi.com.au/inspire/property/where-are-the-best-suburbs-to-raise-a-family-in-melbourne/,What are the best neighborhoods in Melbourne for families? | What are the top 10 safest suburbs in Melbourne? | What are the four no-go suburbs in Melbourne? | Which suburbs will boom in Melbourne in 2026? | What is the happiest suburb in Melbourne? | Which suburbs in Melbourne have dropped in value? | What are the rough suburbs of Melbourne? | Is now a bad time to buy a house in Melbourne? | What is a blacklisted suburb?,yes,no,lpadvisory.com.au | everlend.com.au | northremovals.com.au,"ai_overview,organic,people_also_ask,related_searches"
best suburbs for families brisbane,,,1 https://www.reddit.com/r/MovingToBrisbane/comments/1envys4/young_family_suburbs/ | 2 https://www.huntergather.com.au/12-best-suburbs | 3 https://www.facebook.com/groups/330803383666100/posts/24677408498578916/ | 4 https://www.huntergalloway.com.au/best-suburbs-in-brisbane/ | 5 https://thepropertytribune.com.au/lifestyle/top-20-best-most-liveable-suburbs-in-brisbane-for-families/ | 6 https://urbanrenters.com.au/blog/best-suburbs-in-brisbane/ | 7 https://www.zestmortgagesolutions.com.au/blog/best-suburbs-families-brisbane | 8 https://homescouts.com.au/the-best-brisbane-suburbs-for-families-in-2026/ | 9 https://www.edwardsandsmith.com.au/buyers-agent/best-family-suburbs-brisbane | 10 https://www.kellybrothersfinance.com.au/best-suburbs-families-north-brisbane,Which suburbs in Brisbane will boom in 2026? | What's the safest suburb in Brisbane? | What are the top 10 suburbs in Brisbane? | Which suburb in Brisbane is the best to stay in? | What are the best suburbs in Brisbane for families? | What is the coolest suburb in Brisbane? | What is the roughest suburb in Brisbane? | Where do the rich live in Brisbane? | Where is the trendy part of Brisbane?,yes,no,frasersproperty.com.au | zestmortgagesolutions.com.au | reddit.com | brightonhomes.net.au | optimove.com.au | huntergather.com.au | facebook.com | youtube.com | r2g.com.au | m.facebook.com | tenantapp.com.au | coursehero.com | nine.com.au | australiasguide.com | whichrealestateagent.com.au,"ai_overview,organic,people_also_ask,related_searches"
best suburbs for families sydney,,,1 https://www.youtube.com/watch?v=yTOOtf8ZAng | 2 https://www.hastingsba.com/rosebery-matraville-maroubra-best-suburbs-young-families-2025/ | 3 https://futurehabitat.com.au/sydney-suburbs-for-families/ | 4 https://www.coposit.com.au/resources/blogs/where-to-buy-property-in-western-sydney-the-best-suburbs-for-family-living | 5 https://www.reddit.com/r/sydney/comments/o3d75g/suburb_recommendation_for_young_family/ | 6 https://www.billbergia.com.au/best-apartments-for-families-in-sydney-a-suburb-guide/ | 7 https://sydneyrealtor.com.au/top-suburbs-in-sydney-for-families-schools-amenities/ | 8 https://www.facebook.com/TimeOutSydney/posts/a-study-has-ranked-the-best-neighbourhoods-in-australia-to-raise-a-family-and-ha/1234949111998282/ | 9 https://www.collings.com.au/best-suburbs-families-sydney-2026/ | 10 https://www.quora.com/What-are-some-good-suburbs-to-raise-kids-outside-of-Sydney-Australia,"Which Sydney suburb should I live in? | What suburbs to stay away from in Sydney? | What are the top 20 safest suburbs in Sydney? | Where is the cheapest place to live in Sydney, Australia? | Which suburbs in Sydney will boom in 2026? | Which suburb in Sydney has the lowest crime rate? | What are the rough areas of Sydney? | What is Sydney's poorest suburb? | Which side of Sydney is the best to live on?",yes,no,loanlounge.au | broker.loanmarket.com.au | wemovegroup.com.au | unicornbuyersagents.com.au | londonerinsydney.com | reddit.com | zoomremovals.com.au | openagent.com.au | hollowayremovals.com.au | youtube.com | muval.com.au | ahcln.com.au | mintequity.com.au | avestatailoring.com.au | absolutehealing.com.au,"ai_overview,discussions_and_forums,organic,people_also_ask"
cheapest suburbs in melbourne,,,1 https://www.openagent.com.au/blog/cheapest-suburbs-to-buy-in-melbourne | 2 https://siennahomes.com.au/most-affordable-suburbs-in-melbourne/ | 3 https://www.realestate.com.au/news/prd-ten-affordable-and-liveable-melbourne-suburbs-worth-the-money-and-how-long-you-have-to-buy/ | 4 https://www.canstar.com.au/home-loans/best-affordable-suburbs-in-melbourne/ | 5 https://broker.loanmarket.com.au/loan-market-connect/blog/cheapest-suburbs-to-rent-melbourne/ | 6 https://www.youtube.com/watch?v=CE_e-eh3wcw | 7 https://www.reddit.com/r/melbourne/comments/1927oym/moving_to_melbourne_what_suburbs_are_good_and/ | 8 https://www.everlend.com.au/cheapest-suburbs-melbourne/ | 9 https://www.melbournecheapmovers.com.au/most-affordable-suburbs-in-melbourne/ | 10 https://flatmates.com.au/info/top-5-cheapest-melbourne-suburbs-within-10km-of-the-cbd,What are the four no-go suburbs in Melbourne? | Where is the cheapest but nicest place to live in Australia? | Which suburbs will boom in 2026 in Melbourne? | What are the cheapest places to live in Melbourne? | What's the cheapest suburb in Melbourne? | Where is the nicest most affordable place to live? | Which Australian city is the cheapest? | Where is the nicest but cheapest place to live in the world? | What is the best way to find affordable housing?,yes,no,openagent.com.au | siennahomes.com.au | canstar.com.au | broker.loanmarket.com.au,"ai_overview,organic,people_also_ask,related_searches"
cheapest suburbs in sydney,,,1 https://www.realestate.com.au/news/australias-cheapest-suburbs-where-to-buy-a-house-for-as-little-as-60000/ | 2 https://www.quora.com/What-are-some-suburbs-in-Sydney-that-still-have-affordable-acreage-and-is-still-multicultural | 3 https://www.mortgagebrokersnorthernbeaches.com.au/cheapest-suburbs-to-rent-sydney | 4 https://www.domain.com.au/news/welcome-to-bexley-sydneys-cheapest-suburb-within-10km-of-the-city-1481708/ | 5 https://happly.com.au/blog/cheapest-suburbs-sydney/ | 6 https://www.youtube.com/watch?v=FhUIxU33jqw | 7 https://liveinvest.com.au/blogs/top-10-affordable-suburbs-in-sydney-for-first-time-buyers/ | 8 https://www.infinitymortgagebrokers.com.au/most-affordable-suburbs-south-west-sydney | 9 https://rentsmartaus.com.au/cheapest/sydney | 10 https://www.facebook.com/groups/477467444272361/posts/1084993290186437/,"Where is the cheapest place to buy a house? | What suburbs to stay away from in Sydney? | What are the top 20 safest suburbs in Sydney? | Which city has the lowest cost of living in Australia? | Can you live on $2000 a month in Australia? | Where do the happiest Australians live? | What is the dodgiest place in Australia? | Who is richer, Italy or Australia? | Who are the no. 1 immigrants in Australia?",yes,no,openagent.com.au | wrightwayrealty.com.au | upmove.com.au | wemovegroup.com.au | broker.loanmarket.com.au | aussie.com.au | domain.com.au | realestate.com.au,"ai_overview,discussions_and_forums,organic,people_also_ask,related_searches"
cheapest suburbs in australia,,,1 https://www.calibrerealestate.com.au/the-cheapest-places-to-live-in-australia-affordable-options-explored/ | 2 https://www.brokernews.com.au/news/breaking-news/exploring-australias-most-affordable-suburbs-with-booming-home-prices-286805.aspx | 3 https://www.realestate.com.au/news/where-you-can-buy-for-32000-the-cheapest-australian-homes-on-the-market-right-now/ | 4 https://www.mozo.com.au/home-loans/articles/three-cheapest-suburbs-for-units-in-every-australian-capital-city | 5 https://www.youtube.com/watch?v=S7Fmqnw2k-w | 6 https://savvy.com.au/media-releases/property-report-2023-the-most-and-least-expensive-suburbs-to-buy-property-in-australia/ | 7 https://www.zestmortgagesolutions.com.au/blog/affordable-queensland-suburbs | 8 https://www.canstar.com.au/home-loans/best-affordable-suburbs-in-sydney/ | 9 https://www.ardentconstruction.com.au/cheapest-places-to-buy-house-australia/ | 10 https://www.youtube.com/watch?v=S7Fmqnw2k-w,"What is the cheapest house to buy in Australia? | Where is the cheapest place to buy a house? | How many Australian suburbs are left where homes are under $500k? | Can you live on $2000 a month in Australia? | Is a 70,000 salary good in Australia? | Is it cheaper to live in the US or Australia? | How much money do you need in Australia to live comfortably? | Which cities in Australia are the most expensive? | Which country is better to live in, Australia or America?",yes,no,propertyupdate.com.au | loans.com.au | realestate.com.au | thepropertytribune.com.au | timeout.com,"ai_overview,organic,people_also_ask,related_searches"
most affordable suburbs in adelaide,,,1 https://www.aussie.com.au/content/dam/aussie/documents/home-loans/affordable-suburbs-report.pdf | 2 https://www.stryve.com.au/blog/best-suburbs-to-invest-in-adelaide | 3 https://www.toop.com.au/blog/finding-the-perfect-balance-adelaides-most-affordable-and-liveable-suburbs | 4 https://flatmates.com.au/info/17-best-suburbs-in-adelaide | 5 https://www.realestate.com.au/news/south-australias-cheapest-towns-to-buy-a-house/ | 6 https://www.facebook.com/groups/AdelaideForRent/posts/2981896835341656/ | 7 https://northremovals.com.au/12-safest-suburbs-in-adelaide/ | 8 https://www.facebook.com/groups/AdelaideForRent/posts/2981896835341656/ | 9 https://www.facebook.com/theadvertiser/posts/some-of-adelaides-premium-suburbs-hide-more-affordable-entry-points-with-price-g/1439820151520071/ | 10 https://www.youtube.com/watch?v=Khz6FUowYas,"What is the biggest suburb in Adelaide? | Where is the cheapest place to rent in Adelaide? | Where is the most affordable place to live? | Can you buy a house in Australia for $100,000? | Can I sell my house to my son for $1 dollar in Australia? | How much income do you need to buy a $650 000 house in Australia? | How many Australians have $100,000 in savings? | How much deposit do I need for a $500,000 house in Australia? | Is it cheaper to build or buy a house in Australia?",yes,no,realestate.com.au | canstar.com.au | selfstore.com.au | facebook.com | nitschke.com.au,"ai_overview,discussions_and_forums,organic,people_also_ask,related_searches,video"
fastest growing suburbs australia,,,1 https://www.canstar.com.au/home-loans/top-property-growth-locations/ | 2 https://reiv.com.au/market-insights/data-analysis/high-performers | 3 https://housefinder.com.au/property-insights/identify-high-growth-suburbs-property-investment/ | 4 https://www.yourinvestmentpropertymag.com.au/top-suburbs/ | 5 https://www.mortgagebrokersnewcastle.com.au/fastest-growing-suburbs-in-nsw | 6 https://www.yourinvestmentpropertymag.com.au/news/australias-fastest-rental-growth-suburbs | 7 https://fpwgroup.com.au/post/best-suburbs-property-investment-australia | 8 https://www.zestmortgagesolutions.com.au/blog/fastest-growing-suburbs-queensland | 9 https://www.smartpropertyinvestment.com.au/best-suburbs | 10 https://www.instagram.com/reel/DQxmWfaEkWT/,"What is the average property growth in Australia? | What is the 1% rule in property investing? | Where is the best place to buy an investment property in Western Australia? | What are the best property investment companies in Australia? | Where is the next property boom in Australia? | Who owns most property in Australia? | How many Australians have $100,000 in savings? | Who are the no. 1 immigrants in Australia? | Who is the biggest private landowner in Australia?",yes,no,realestate.com.au | htag.com.au | openagent.com.au | northremovals.com.au | smartpropertyinvestment.com.au | frasersproperty.com.au,"ai_overview,organic,people_also_ask,related_searches"
best suburbs in moreton bay,,,1 https://currentrealestate.com.au/which-are-the-best-outer-northern-brisbane-suburbs-to-buy-in-this-market/ | 2 https://andersonfamilyrealestate.com/blog/redcliffe-suburb | 3 https://www.microburbs.com.au/Real-Estate/Top-suburbs-for-Owner-Occupied/Moreton-Bay | 4 https://www.reddit.com/r/AusPropertyChat/comments/1g8e7ya/why_redcliffe_peninsula_suburbs_800k/ | 5 https://suburbadvice.com.au/greater-region/moreton-bay-north | 6 https://www.realestate.com.au/news/the-18-best-brisbane-suburbs-for-families-revealed/ | 7 https://profile.id.com.au/moreton-bay/about | 8 https://www.facebook.com/groups/418172742717935/posts/1302727327595801/ | 9 https://en.wikipedia.org/wiki/Category:Suburbs_of_the_City_of_Moreton_Bay | 10 https://www.microburbs.com.au/Crime-Disadvantage/Top-suburbs-for-Retail-and-Services/Moreton-Bay,What are good suburbs in Brisbane? | Why is Moreton Bay so popular? | What are the suburbs of Moreton Bay? | Is Redcliffe a good investment? | What are the best suburbs to live in Moreton Bay? | Is Redcliffe a good place to retire? | Is Redcliffe a nice area? | What are the best retirement towns in Queensland? | Can you catch a train from Brisbane to Redcliffe?,yes,no,firstnationalmoreton.com.au | reddit.com | facebook.com | eatonandascot.com.au | realestate.com.au | moretonpropertycollective.com.au | investmoretonbay.com.au | investorpartner.com.au | yourpropertyhound.com.au,"ai_overview,discussions_and_forums,organic,people_also_ask,related_searches,video"
sydney property market,,,1 https://www.frasersproperty.com.au/inspiration/sydney-house-prices | 2 https://www.realestate.com.au/news/sydney-home-prices-fall-by-over-150k-in-some-areas-as-interest-rate-hikes-hit-buyers/ | 3 https://sqmresearch.com.au/property | 4 https://www.realestate.com.au/nsw/ | 5 https://www.afr.com/property/residential/sydney-now-leads-melbourne-in-race-to-bottom-of-housing-market-20260529-p601zd | 6 https://lendstreet.com.au/market-updates/2023-sydney-property-market-outlook/ | 7 https://propertyupdate.com.au/sydney-and-melbourne-house-prices-stall-as-buyer-sentiment-shifts-new-data-reveals/ | 8 https://www.roseandjones.com.au/2025-property-market-in-sydney/ | 9 https://www.facebook.com/7NEWSsydney/videos/some-sydney-suburbs-make-high-gains-since-before-the-pandemic/6016286001792394/ | 10 https://property.carto.au/sydney/house-prices/chart,"What is the average house price in Sydney in 2026? | Will 2026 be a good time to sell? | What is the hardest month to sell a house? | Can you buy a house in Australia for $100,000? | Can I sell my house to my son for $1 dollar in Australia? | How much income do you need to buy a $650 000 house in Australia? | Is $200,000 AUD a good salary? | How much income do you need to buy a $500,000 house in Australia? | How many Australians have $100,000 in savings?",yes,no,latitudeaccountants.com.au | openagent.com.au | realestate.com.au | afr.com | news.com.au | htag.com.au | propertyupdate.com.au | unsw.edu.au,"ai_overview,organic,people_also_ask,related_searches,video"
melbourne property market,,,"1 https://www.realestate.com.au/news/melbourne-housing-market-surges-as-property-boom-returns/ | 2 https://www.youtube.com/watch?v=aGKmv8icomw&xstg=CAMSBhUDzO3xHw%3D%3D | 3 https://propertyupdate.com.au/why-melbourne-is-set-to-lead-the-2026-property-boom/ | 4 https://propertyupdate.com.au/latest-my-housing-market-home-prices-update/ | 5 https://www.realestate.com.au/buy/in-melbourne,+vic+3000/list-1 | 6 https://ourtop10.com.au/blog/melbourne-property-market/ | 7 https://housing.id.com.au/melbourne/housing-market/ | 8 https://www.youtube.com/watch?v=yBu9sLVHVts&xstg=CAMSBhUDzO3xHw%3D%3D | 9 https://www.realestate.com.au/news/melbourne-tipped-to-lead-2026-property-boom-kpmg/ | 10 https://www.property.com.au/vic/melbourne-3004/","Can you show me a graph of the current house prices in Melbourne? | Can you buy a house in Australia for $100,000? | Which suburbs in Melbourne are expected to boom in 2026? | Will 2026 be a good time to sell? | What devalues a house the most? | Will property prices go down in 2026? | Will house prices drop in Australia in 2027? | What is the hardest month to sell a house? | Should I sell my house now or wait until 2026 in Australia? | What is the hardest month to sell a house in Australia? | What decreases property value the most? | What increases house value the most? | Which week in 2026 is the best to sell a house? | What is the hardest month to sell a home? | Is it better to sell now or wait?",yes,no,openagent.com.au | cotality.com | youtube.com | theage.com.au | nab.com.au | propertyupdate.com.au | reddit.com | kpmg.com,"ai_overview,organic,people_also_ask,related_searches"
brisbane property market,,,1 https://www.realestate.com.au/news/30000-poorer-in-5-months-brisbane-officially-hits-downturn/ | 2 https://www.nab.com.au/content/dam/nab/documents/reports/loan/brisbane-property-market-insights.pdf | 3 https://propertyupdate.com.au/whats-ahead-brisbanes-property-market/ | 4 https://www.reddit.com/r/AusPropertyChat/comments/1vbpemc/is_brisbane_property_price_actually_falling/ | 5 https://www.openagent.com.au/suburb-profiles/brisbane-property-market | 6 https://broker.loanmarket.com.au/loan-market-ignite/blog/brisbane-property-market-forecast/ | 7 https://www.cotality.com/au/insights/articles/brisbane-is-now-a-million-dollar-house-market-heres-how-it-happened | 8 https://www.htag.com.au/brisbane-property-market-analytics/?srsltid=AU7gw4X2dJvugAmPnJZmUgcuo4E7Q6JH2L0ZvyaP2vQ_FNEzHkTmLABs | 9 https://www.enaybl.com.au/brisbane-property-market/ | 10 https://www.property.com.au/qld/brisbane-city-4000/,Are house prices coming down in Brisbane? | What is the prediction for Brisbane property in the next 5 years? | Which QLD suburbs will boom in 2026? | What is the expected outlook for the Brisbane housing market in 2026? | What is the prediction for house prices in Brisbane in 2027? | What is the hardest month to sell a house? | What devalues a house the most? | Which week in 2026 is the best to sell a house? | Should I renovate before selling?,yes,no,theguardian.com | apimagazine.com.au | realestate.com.au | smartpropertyinvestment.com.au | reddit.com,"ai_overview,organic,people_also_ask,related_searches,video"
perth property market,,,1 https://broker.loanmarket.com.au/bal-and-associates/blog/perth-property-predictions/ | 2 https://www.hereproperty.com.au/perth-property-market-predictions-2025/ | 3 https://www.youtube.com/watch?v=DXEPfDGlFSM | 4 https://www.apimagazine.com.au/news/article/perth-property-hits-new-highs-as-prices-surge-listings-dry-up-and-affordability-tightens | 5 https://housing.id.com.au/perth/housing-market/ | 6 https://www.realestate.com.au/wa/ | 7 https://www.afr.com/property/residential/country-s-hottest-property-market-may-be-coming-off-the-boil-20260422-p5zq3b | 8 https://www.youtube.com/watch?v=qbb2WUg32Is | 9 https://www.htag.com.au/perth-property-market-analytics/?srsltid=AU7gw4WMpUvjH8HuxG4sDIZW6NWlvsuTxOj5oWRVoUH_GUMBNxl355Fl | 10 https://www.reddit.com/r/AusPropertyChat/comments/1dntmoq/perth_property_market/,"What are the predictions for the Perth housing market in the next five years? | Will 2026 be a good time to sell? | Can you buy a house in Australia for $100,000? | What is the hardest month to sell a house? | What devalues a house the most? | Which week in 2026 is the best to sell a house? | Is it better to sell now or wait? | Should I renovate before selling? | Are house prices going down in California in 2026?",yes,no,raywhiteurbansprings.com.au | smh.com.au | youtube.com | openagent.com.au | realestate.com.au | boutiquerealtyperth.com.au,"ai_overview,organic,people_also_ask,related_searches,video"
adelaide property market,,,1 https://www.realestate.com.au/news/adelaide-home-values-take-biggest-hit-as-capital-cities-slide/ | 2 https://www.reddit.com/r/AusPropertyChat/comments/1tm313d/adelaide_property_market_weirdness_since_budget/ | 3 https://www.openagent.com.au/suburb-profiles/adelaide-property-market | 4 https://housing.id.com.au/adelaide/housing-market/ | 5 https://www.facebook.com/7NEWSAdelaide/posts/there-is-good-news-for-adelaide-property-owners-with-new-data-showing-the-market/1370583065218056/ | 6 https://adelaide.nationalpropertybuyers.com.au/q4-2025-adelaide-property-market-report/ | 7 https://ocre.com.au/blog/sell-or-hold-adelaide-2026-property-market | 8 https://valuergeneral.sa.gov.au/News-and-Publications/publisheddataandstatistics | 9 https://www.property.com.au/sa/adelaide-5000/ | 10 https://www.youtube.com/watch?v=wf_7fR9pm-A,Are Adelaide property prices dropping? | Will 2026 be a good time to sell? | What are the property predictions for Adelaide in 2026? | Is it a good time to buy a house in Adelaide? | Which suburbs will boom in Adelaide? | What is the hardest month to sell a house? | What devalues a house the most? | Which week in 2026 is the best to sell a house? | Should I renovate before selling?,yes,no,apimagazine.com.au | indailysa.com.au | realestate.com.au | property.com.au | youtube.com | openagent.com.au,"ai_overview,organic,people_also_ask,related_searches,video"
canberra property market,,,1 https://broker.loanmarket.com.au/canberra/blog/median-house-price-canberra-2025/ | 2 https://www.apimagazine.com.au/news/article/canberra-property-hotspots-emerge-from-affordability-improvements | 3 https://www.facebook.com/allhomes/posts/the-latest-domain-data-confirms-canberras-housing-market-is-poised-to-soften-thr/1476144711205897/ | 4 https://www.htag.com.au/act/?srsltid=AU7gw4WVIewIGh7LyVpccZP-CY6_EOhxLTiQE65Cfy-rx_nuBvqfc5sm | 5 https://citynews.com.au/2026/canberra-house-prices-falter-as-national-rentals-rise/ | 6 https://jonnywarren.com.au/canberra-quarterly-market-review/ | 7 https://www.youtube.com/watch?v=krIVr0ji65I | 8 https://www.realestate.com.au/advice/how-to-invest-in-the-canberra-property-market/ | 9 https://www.facebook.com/abccanberra/posts/the-latest-figures-from-cotality-show-canberra-property-prices-fell-21-cent-over/1555726102882292/ | 10 https://www.reddit.com/r/AusPropertyChat/comments/1hvgmc2/canberra_property_market/,What is the wealthiest suburb in Canberra? | Will 2026 be a good time to sell? | What is the hardest month to sell a house? | Has Canberra house prices dropped? | What is the real estate outlook for Canberra in 2026? | What is the nicest suburb in Canberra? | What's the safest suburb in Canberra? | Which suburbs in Canberra are the fastest growing? | What is the cheapest suburb in Canberra? | Is it cheaper to live in Canberra or Sydney? | What is the most affordable suburb to live in Canberra? | Are there a lot of Indians in Canberra? | How many Muslims live in Canberra? | How many Pakistanis live in Canberra? | Which state in Australia has the most Muslims?,yes,no,openagent.com.au | reddit.com | realestate.com.au | mcgrath.com.au,"ai_overview,organic,people_also_ask,related_searches"
hobart property market,,,1 https://www.reddit.com/r/hobart/comments/1u66g5b/hobart_home_prices_have_increased_in_percentage/ | 2 https://www.realestate.com.au/news/forecast-new-peak-hobart-home-price-tipped-for-2026/ | 3 https://www.realestate.com.au/news/surging-home-prices-set-to-wipe-out-previous-market-falls/ | 4 https://www.facebook.com/realestateAus/posts/a-typical-hobart-homes-value-could-swell-to-reach-750000-in-2026-setting-a-new-p/1283185260516669/ | 5 https://www.mixpropertygroup.com.au/post?post_id=17628 | 6 https://www.reddit.com/r/hobart/comments/1iewpg5/housing_market/ | 7 https://hobart.nestproperty.com.au/wp-content/uploads/2020/10/Nest-Market-Report-Q2-2020.pdf | 8 https://www.realestate.com.au/news/why-hobart-is-tipped-for-longterm-property-growth/ | 9 https://www.4one4.com.au/tasmania-2025-real-estate-market/ | 10 https://www.youtube.com/watch?v=pXqQSQH8P_w,What is the rental market like in Hobart? | What is the richest suburb in Hobart? | What is the current property growth rate in Australia? | What are the best suburbs to invest in Tasmania? | Will house prices fall in Tasmania? | Which town in Tasmania is considered the best to live in? | Where is the best place to retire in Tasmania? | What is the prettiest town in Tasmania? | What is the safest place to live in Tasmania?,yes,no,openagent.com.au | realestate.com.au | reddit.com | apimagazine.com.au | youtube.com | htag.com.au,"ai_overview,organic,people_also_ask,related_searches,video"
house price forecast 2026,,,1 https://www.westpaciq.com.au/economics/2026/05/housing-forecast-update-26-may-2026 | 2 https://kpmg.com/au/en/media/media-releases/2026/08/rising-rates-and-growing-uncertainty-continues-to-cool-housing-market.html | 3 https://propertyupdate.com.au/australian-property-market-predictions/ | 4 https://australianpropertyupdate.com.au/apu/sydney-and-melbourne-prices-to-dip-before-2027-rebound-anz | 5 https://broker.loanmarket.com.au/bal-and-associates/blog/perth-property-predictions/ | 6 https://www.youtube.com/watch?v=FBaDceJDFQI | 7 https://www.macrobusiness.com.au/2026/08/house-prices-forecast-to-record-biggest-decline-in-at-least-40-years/ | 8 https://www.infinitymortgagebrokers.com.au/blog/how-high-are-property-prices-predicted-to-go-in-2026 | 9 https://www.realestate.com.au/insights/realestate-com-au-property-market-outlook-june-2026/ | 10 https://www.anz.com.au/bluenotes/2026/april/housing-growth-boyton-dunk/,"Will Australian house prices fall in 2026? | Is there a prediction for a major property price downturn in 2027? | Which suburbs in Melbourne are expected to boom in 2026? | What will houses be worth in 2030 in Australia? | Will property prices double in 10 years? | How much income do you need to buy a $500,000 house in Australia? | What percentage of Australians earn over $200,000? | How much will I need to repay monthly on a $1,000,000 mortgage? | Is it cheaper to build or buy a house in Australia?",yes,no,westpaciq.com.au | propertyupdate.com.au | anz.com.au | australianpropertyupdate.com.au | kpmg.com | realestate.com.au | youtube.com,"ai_overview,organic,people_also_ask,related_searches"
property market report nsw,,,1 https://www.infotrack.com.au/property-market-update/nsw-property-market-update/ | 2 https://www.yourinvestmentpropertymag.com.au/top-suburbs/nsw/ | 3 https://www.cotality.com/au/our-data/mapping-market | 4 https://www.nab.com.au/content/dam/nab/documents/reports/loan/nsw-regional-property-market-insights.pdf | 5 https://lifestylegroup.com.au/regional-nsw-market-report-by-lifestyle/ | 6 https://sqmresearch.com.au/ | 7 https://www.nsw.gov.au/departments-and-agencies/homes-nsw/social-housing-resources/housing-market-snapshots/central-coast-region | 8 https://www.realestate.com.au/nsw/ | 9 https://www.proptrack.com.au/home-price-index/ | 10 https://propertyupdate.com.au/property-investment-sydney/,Are property prices falling in NSW? | Which suburbs will boom in 2026 in NSW? | Should I sell my house now or wait until 2026 in Australia? | What is the hardest month to sell a house? | What devalues a house the most? | Which week in 2026 is the best to sell a house? | Is it better to sell now or wait? | Will 2026 be a good time to sell? | Should I renovate before selling?,yes,no,propertyupdate.com.au | lifestylegroup.com.au | openagent.com.au | smh.com.au | infotrack.com.au,"ai_overview,organic,people_also_ask,related_searches"
suburb profile,,,1 https://www.smartpropertyinvestment.com.au/data | 2 https://picki.com.au/suburbs | 3 https://www.domain.com.au/suburb-profile/westmead-nsw-2145 | 4 https://www.hqproperty.com.au/suburb-profiles/ | 5 https://boomscore.com.au/ | 6 https://reiv.com.au/market-insights/victorian-insights | 7 https://app.boomscore.com.au/suburb-profile | 8 https://discover.data.vic.gov.au/dataset/victorian-property-sales-report-median-house-by-suburb | 9 https://www.domain.com.au/suburb-profile/greystanes-nsw-2145 | 10 https://www.domain.com.au/suburb-profile/greystanes-nsw-2145,,yes,no,domain.com.au | realestate.com.au | smartpropertyinvestment.com.au | app.boomscore.com.au | yourinvestmentpropertymag.com.au,"ai_overview,organic,related_searches"
house prices by suburb,,,1 https://www.realestate.com.au/tas/ | 2 https://www.openagent.com.au/suburb-profiles/brisbane-property-market | 3 https://www.smartpropertyinvestment.com.au/data | 4 https://www.openagent.com.au/suburb-profiles/canberra-property-market | 5 https://www.realestate.com.au/vic/sale-3850/ | 6 https://propertyupdate.com.au/the-latest-median-property-prices-in-australias-major-cities/ | 7 https://www.facebook.com/groups/244041002597012/posts/2661955644138857/ | 8 https://www.propertyreporter.com.au/heat-map/vic/ | 9 https://www.grangerclark.com.au/suburb-report/ | 10 https://www.openagent.com.au/suburb-profiles/adelaide-property-market,"Can you show me a graph of the current house prices in Melbourne? | What is the hardest month to sell a house? | Can you buy a house in Australia for $100,000? | What are the latest updates on the Brisbane property market? | Which suburbs in Brisbane will boom in 2026? | Will 2026 be a good time to sell? | What devalues a house the most? | Will property prices go down in 2026? | Which week in 2026 is the best to sell a house?",yes,no,property.com.au | microburbs.com.au | vincents.com.au | realestate.com.au | propertyreporter.com.au | propertybuyer.com.au,"ai_overview,organic,people_also_ask,related_searches"
median house price by suburb,,,1 https://openstats.com.au/maps/property-prices/brisbane/ | 2 https://www.smartpropertyinvestment.com.au/data | 3 https://www.apimagazine.com.au/news/article/the-most-and-least-expensive-suburbs-to-buy-property-in-australia | 4 https://www.yourinvestmentpropertymag.com.au/top-suburbs/nsw/ | 5 https://sqmresearch.com.au/property | 6 https://insight.domain.com.au/research-insights/industry-news/brisbane-house-prices-hit-a-record-high-and-one-suburb-nears-a-3m-median/ | 7 https://www.facebook.com/groups/244041002597012/posts/2661955644138857/ | 8 https://www.propertybuyer.com.au/blog/melbourne-property-prices-by-suburb-median-buys-in-2025 | 9 https://www.abs.gov.au/statistics/economy/price-indexes-and-inflation/residential-property-price-indexes-eight-capital-cities/latest-release | 10 https://www.raineandhorne.com.au/darwin/blog/how-much-has-the-value-of-your-suburb-increase-in-the-past-10-years,,yes,no,insight.domain.com.au | apimagazine.com.au | smartpropertyinvestment.com.au | sqmresearch.com.au | wemark.com.au | yourinvestmentpropertymag.com.au | realestate.com.au | proptrack.com.au | microburbs.com.au | facebook.com | propertybuyer.com.au,"ai_overview,organic,related_searches"
compare suburbs,,,1 https://www.realestate.com.au/qld/ | 2 https://boomscore.com.au/ | 3 https://reiv.com.au/market-insights/all-suburbs | 4 https://reiv.com.au/market-insights/data-analysis/high-performers | 5 https://www.smartpropertyinvestment.com.au/data | 6 https://goodsuburb.com/au/nsw/compare?a=picton | 7 https://acres.au/compare | 8 https://www.proptrack.com.au/insights-hub/98-suburbs-with-consistent-double-digit-price-growth/ | 9 https://www.youtube.com/watch?v=V2DvF3-wEVM | 10 https://acres.au/rankings,,yes,no,reiv.com.au | acres.au | boomscore.com.au | locationscore.com.au | yourinvestmentpropertymag.com.au,"ai_overview,organic,related_searches"
suburb comparison,,,1 https://www.realestate.com.au/australia/ | 2 https://www.suburbcompare.com.au/ | 3 https://www.microburbs.com.au/ | 4 https://picki.com.au/suburbs | 5 https://reiwa.com.au/suburb/perth/ | 6 https://assetvaluations.com.au/sydneys-top-suburbs-a-comparative-analysis-of-property-values/ | 7 https://www.suburbsfinder.com.au/ | 8 https://www.domain.com.au/suburb-profile/ | 9 https://reiv.com.au/market-insights/data-analysis/high-performers | 10 https://www.facebook.com/fb-answers/sydney-suburb-comparison/,,yes,no,suburbcompare.com.au | microburbs.com.au | reiwa.com.au | youtube.com | realestate.com.au,"ai_overview,organic,related_searches"
property management fees,,,1 https://www.reddit.com/r/AusPropertyChat/comments/1aor0lk/what_do_property_managers_usually_take/ | 2 https://www.reiq.com/articles/property-management/property-management-fees-an-in-depth-guide-to-understanding-the-costs-and-benefits | 3 https://whichrealestateagent.com.au/property-management/fees/wa-perth/ | 4 https://boffo.com.au/the-mailbox/property-management-fees | 5 https://www.localagentfinder.com.au/blog/property-management-commission-fees | 6 https://www.blackburnepropertymanagement.com.au/resources/property-management-fees-perth/ | 7 https://parallelrealty.com.au/blog/property-management-fees-commission-explained | 8 https://www.qld.gov.au/law/housing-and-neighbours/renting-and-owning-property/deciding-how-to-manage-your-investment-property/property-management-fees-and-charges | 9 https://mclaws.com.au/property-management-fees-explained/ | 10 https://rental360.com.au/blogs/true-cost-property-management,How much are property management fees in Australia? | What is the typical management fee? | What is a management fee on a property? | What percentage do most property management companies charge? | How much is a reasonable management fee? | What is the 30% rent rule in Australia? | Can my landlord increase my rent by 14%? | What are red flags for tenants? | Can ATO track rental income?,yes,no,dixonrealestate.com.au | localagentfinder.com.au | whichrealestateagent.com.au | youtube.com | reiq.com | reddit.com | mclaws.com.au,"ai_overview,organic,people_also_ask,related_searches"
property management fees nsw,,,1 https://athomerentals.com.au/blog/understanding-property-management-fees-and-the-benefits-of-choosing-the-right-property-manager | 2 https://www.pmva.com.au/commercial-property-management-fees/ | 3 https://www.localagentfinder.com.au/compare-property-managers | 4 https://nextgenpm.com.au/understanding-property-management-fees-in-sydney-a-guide-for-landlords/ | 5 https://whichrealestateagent.com.au/calculators/property-management-fees-calculator/ | 6 https://agent.inspectrealestate.com.au/what-is-the-average-property-management-fee-for-rental-properties-in-australia-startup/ | 7 https://www.reddit.com/r/AusProperty/comments/m7dyki/landlords_how_much_are_you_paying_in_property/ | 8 https://www.openagent.com.au/glossary/Management-fee | 9 https://www.infolio.com.au/cost-of-a-property-manager/ | 10 https://mclaws.com.au/property-management-fees-explained/,What is the 30% rent rule in Australia? | How much is a reasonable management fee? | What are top 3 skills for an assistant property manager? | What percentage do most property management companies charge? | What is the average property management fee in Australia? | What is the most common payment for a property manager? | What is a normal management fee? | What is the typical range for property management fees in South Australia? | What type of property manager makes the most money? | What are the signs that a property manager is good? | Do I need qualifications to be a property manager? | How much does a property manager earn in NSW?,yes,no,dixonrealestate.com.au | stellarealestate.au | nsw.gov.au | urbanrenters.com.au | localagencyco.com,"ai_overview,organic,people_also_ask,related_searches"
property management fees qld,,,1 https://www.reiq.com/articles/property-management/property-management-fees-an-in-depth-guide-to-understanding-the-costs-and-benefits | 2 https://whichrealestateagent.com.au/property-management/fees/qld-brisbane/ | 3 https://parallelrealty.com.au/blog/property-management-fees-commission-explained | 4 https://www.qld.gov.au/law/housing-and-neighbours/renting-and-owning-property/deciding-how-to-manage-your-investment-property/property-management-fees-and-charges | 5 https://www.localagentfinder.com.au/blog/property-management-commission-fees | 6 https://www.facebook.com/groups/684512638257722/posts/25180427208239591/ | 7 https://purerealestategroup.com.au/property-management-fees-brisbane/ | 8 https://www.reddit.com/r/AusFinance/comments/wnu3tz/how_much_do_you_pay_for_a_property_manager/ | 9 https://www.acceleratepropertygroup.com/property-management-fees-brisbane.aspx | 10 https://rental360.com.au/blogs/true-cost-property-management,How much is a reasonable management fee? | What is the usual property management fee? | What percentage do most property management companies charge? | What is the 30% rent rule in Australia? | What are red flags for tenants? | How much rent should I charge for my property? | Is it normal for my parents to charge me rent? | How much should I charge for rent in my area? | What is considered a good rental yield?,yes,no,whichrealestateagent.com.au | parallelrealty.com.au | localagentfinder.com.au | arvarni.com.au | kpropertygroupsc.com.au | youtube.com | rental360.com.au | qld.gov.au | reiq.com,"ai_overview,organic,people_also_ask,related_searches"
property management fees vic,,,1 https://www.melcorprealestate.com.au/property-management-fees/ | 2 https://raywhitewestend.com.au/news/understanding-property-management-fees | 3 https://www.infolio.com.au/cost-of-a-property-manager/ | 4 https://www.auvrealestate.com.au/post/how-much-does-property-management-cost-in-melbourne-a-complete-landlord-guide-2026 | 5 https://connectskillsinstitute.edu.au/property-management-fee-calculator/ | 6 https://boffo.com.au/the-mailbox/property-management-fees | 7 https://www.rent.com.au/agents/blog/property-management-fees/ | 8 https://www.reddit.com/r/melbourne/comments/1844fbf/cost_for_landlord_to_list_property_for_rent/ | 9 https://mclaws.com.au/property-management-fees-explained/ | 10 https://www.facebook.com/woodardsnorthcote/posts/how-much-does-a-property-manager-actually-charge-and-what-are-you-paying-forfor-/1742631471197771/,What is the average rental management fee in Melbourne? | How much is a reasonable management fee? | What is the formula to calculate rental fees? | What is the 30% rent rule in Australia? | What are red flags for tenants? | How much rent should I charge for my property? | Is it normal for my parents to charge me rent? | How much should I charge for rent in my area? | What is considered a good rental yield? | Which suburb in Victoria has the highest rental yield? | Why are landlords selling up Australia? | Where is property booming in Australia? | How much will my rent go up in 2026?,yes,no,localagentfinder.com.au | consumer.vic.gov.au | houst.com | different.com.au | besserco.com.au | finder.com.au,"ai_overview,organic,people_also_ask,related_searches"
rental appraisal,,,1 https://mirrabooka.ljhooker.com.au/rental-appraisal-request | 2 https://www.dijones.com.au/library/guides/guide-to-rental-appraisals-in-nsw | 3 https://www.centurionrealestate.net.au/rental-appraisal/ | 4 https://www.blackshaw.com.au/news/an-investors-guide-to-rental-appraisals | 5 https://www.timeconti.com.au/free-rental-appraisal-vs-property-valuation/ | 6 https://www.strathfieldpartners.com.au/about-us/guide/rental-appraisal-and-the-better-future-of-your-property/ | 7 https://propertycentre.ljhooker.com.au/rental-appraisal-request | 8 https://www.managemepropertymanagement.com.au/post?post_id=7218 | 9 https://www.irvingg.com.au/free-rental-appraisal | 10 https://assets.hashtaghub.com.au/2019/01/16/62a279f0a38f513f6166fea20700a547be5e7216b9c7ff9183816abb3792e84e/Rental_Appraisal.pdf,What is a rent appraisal? | What are the three valuation methods for real estate? | How do I calculate the rental yield for my property in Australia? | How to get a rental valuation? | How much do property valuations charge? | How tidy does my house need to be for a valuation? | What devalues a house the most? | Does a messy house hurt an appraisal? | What do property valuers look for?,yes,no,dijones.com.au | managedproperty.com.au | mirrabooka.ljhooker.com.au | raywhiteaspley.com.au | projectsadelaide.ljhooker.com.au | hky.com.au | centurionrealestate.net.au | blacktown.ljhooker.com.au,"ai_overview,organic,people_also_ask,related_searches"
free rental appraisal,,,1 https://joondalup.ljhooker.com.au/rental-appraisal-request | 2 https://longview.com.au/property-management-melbourne/rental-appraisal | 3 https://www.timeconti.com.au/free-rental-appraisal-vs-property-valuation/ | 4 https://www.1840.com.au/free-rent-appraisal/ | 5 http://propertymanagement.metropole.com.au/get-a-rental-appraisal/ | 6 https://solutions.ljhooker.com.au/rental-appraisal-request | 7 https://www.livingprospect.com.au/rental-appraisal | 8 https://help.cubbi.com.au/article/505-free-rental-valuation-report | 9 https://www.anz.com.au/personal/home-loans/calculators-tools/property-profile-reports/ | 10 https://smartrealty.com.au/top-free-rental-appraisal-services-in-perth-a-comparison/,,yes,no,joondalup.ljhooker.com.au | longview.com.au | livingprospect.com.au | solutions.ljhooker.com.au | propertymanagement.metropole.com.au | help.cubbi.com.au | anz.com.au | timeconti.com.au,"ai_overview,organic,related_searches"
property manager near me,,,1 https://www.mcopm.com.au/ | 2 https://www.localagentfinder.com.au/property-management-cities/adelaide | 3 https://independent.com.au/property-management-canberra/?utm_source=google&utm_medium=organic&utm_campaign=Google%20My%20Business%20Page | 4 https://www.ratemyagent.com.au/real-estate-profile/leasing/queensland/brisbane-qld/agencies | 5 https://www.realestate.com.au/find-agency/parramatta-nsw-2150/leasing/ | 6 https://reiwa.com.au/property-managers/mandurah/ | 7 https://reiwa.com.au/property-managers/albany/ | 8 https://www.yelp.com/search?cflt=propertymgmt&find_loc=Adelaide+Hills+South+Australia | 9 https://www.localagentfinder.com.au/property-management-suburb/coburg-north-3058 | 10 https://www.realestate.com.au/find-agency/brisbane-greater-region-qld/leasing/,What does a property manager do in Australia? | What company owns the most property in Australia? | Who is the best person to talk about property investment? | Who is the biggest property management company? | What is the highest salary for a property manager? | What should a property management company do? | What are the four P's of property management? | What is the biggest responsibility for property management? | What is a property manager? | How much does rent manager cost per month? | What is a property manager's greatest responsibility? | What is the biggest challenge of a property manager? | How much does a property manager earn in QLD?,no,no,,"local_pack,organic,people_also_ask,related_searches"
landlord insurance,,,1 https://www.terrischeer.com.au/landlord-insurance | 2 https://www.nrma.com.au/home-insurance/landlord-insurance | 3 https://www.canstar.com.au/home-insurance/landlord-insurance/ | 4 https://www.qbe.com/au/news/home-insurance-vs-landlord-insurance | 5 https://www.commbank.com.au/insurance/home-insurance/landlord-insurance.html | 6 https://www.suncorp.com.au/insurance/home/landlord.html | 7 https://www.iselect.com.au/home-insurance/landlord-insurance/vic/ | 8 https://www.allianz.com.au/home-insurance/landlord.html | 9 https://www.cgu.com.au/personal/landlords-insurance | 10 https://www.austbrokers.com.au/personal/landlord-insurance/,Which is the best landlord insurance in Australia? | How much should landlord insurance cost per year? | Who is best for landlord insurance? | What insurance do I need if I am a landlord? | How much more expensive is landlord insurance? | What is the 30% rent rule in Australia? | Can ATO track rental income? | Can my landlord increase my rent by 14%? | Can you live on $2000 a month in Australia?,yes,no,comparethemarket.com.au | canstar.com.au | budgetdirect.com.au | qbe.com | allianz.com.au | suncorp.com.au | rentcover.com.au | terrischeer.com.au | cgu.com.au | commbank.com.au | c21novocastrian.com.au,"ai_overview,organic,people_also_ask,related_searches"
renters rights nsw,,,1 https://www.reddit.com/r/sydney/comments/19ayt6w/do_renters_in_nsw_have_any_rights/ | 2 https://www.gotocourt.com.au/civil-law/nsw/tenant-rights-obligations | 3 https://flatmates.com.au/info/nsw-tenant-rights-obligations | 4 https://www.nsw.gov.au/housing-and-construction/renting-a-place-to-live/ending-a-residential-tenancy/moving-out-of-a-rental-home | 5 https://rlc.org.au/news-and-media/news/know-your-rights-factsheets-renters | 6 https://www.tenants.org.au/publications | 7 https://www.nsw.gov.au/housing-and-construction/rules/eviction-of-a-tenant-from-a-rental-property | 8 https://www.nsw.gov.au/housing-and-construction/renting-a-place-to-live/starting-a-residential-tenancy/signing-a-lease-and-moving | 9 https://www.armstronglegal.com.au/commercial-law/nsw/property-law/landlord-rights-and-obligations/ | 10 https://files.tenants.org.au/factsheets/fs-all.pdf,Can tenants refuse open house in NSW? | What not to say to your landlord? | What is the 30% rent rule in Australia? | What are red flags for tenants? | What do landlords fear the most? | What is emotional distress from a landlord? | What evidence is needed to prove emotional distress? | What are the five signs of emotional distress? | How much compensation can I get for emotional distress? | How much compensation do you get for anxiety? | What can I claim if I have anxiety and depression? | How much is a PTSD claim worth?,yes,no,tenants.org.au | nsw.gov.au | youtube.com | urbanrenters.com.au | armstronglegal.com.au,"ai_overview,organic,people_also_ask,related_searches"
renters rights vic,,,1 https://www.vic.gov.au/commissioner-residential-tenancies-social-housing | 2 https://tenantsvic.org.au/eligibility/ | 3 https://www.armstronglegal.com.au/commercial-law/vic/property-law/landlord-rights-and-responsibilities/ | 4 https://www.premier.vic.gov.au/new-laws-passed-make-renting-fairer-victoria | 5 https://tenantsvic.org.au/explore-topics/issues-with-your-landlord/claiming-compensation/private-rental/ | 6 https://www.consumer.vic.gov.au/housing/renting/legal-and-dispute-support/penalties | 7 https://justiceconnect.org.au/resources/what-do-the-new-renting-laws-mean-for-victorian-renters/ | 8 https://pblawyers.com.au/new-rental-property-laws-for-tenants-and-landlords | 9 https://www.facebook.com/ConsumerAffairsVictoria/posts/renters-have-the-same-rights-and-protections-whether-they-deal-with-an-agent-or-/1118669443629104/ | 10 https://www.facebook.com/ConsumerAffairsVictoria/posts/renters-have-the-same-rights-and-protections-whether-they-deal-with-an-agent-or-/1118669443629104/,What are the recent changes to Victorian rental legislation? | What not to say to your landlord? | What is the most important landlord responsibility? | What are red flags for tenants? | What do landlords fear the most? | What is emotional distress from a landlord? | What evidence is needed to prove emotional distress? | What are the five signs of emotional distress? | How much compensation can I get for emotional distress?,yes,no,tenantsvic.org.au | consumer.vic.gov.au | premier.vic.gov.au | youtube.com | studymelbourne.vic.gov.au | instagram.com | vic.gov.au | facebook.com | service.vic.gov.au,"ai_overview,organic,people_also_ask,related_searches"
renters rights qld,,,1 https://www.rta.qld.gov.au/during-a-tenancy | 2 https://tenantsqld.org.au/ | 3 https://qstars.org.au/tenancies/renting-in-queensland-2/ | 4 https://www.housing.qld.gov.au/news-publications/legislation/rental-law-changes | 5 https://queenslandlawhandbook.org.au/the-queensland-law-handbook/living-and-working-in-society/residential-tenancy/rights-and-obligations-of-tenants-and-landlords/ | 6 https://www.rta.qld.gov.au/before-renting/choosing-a-rental-property/queensland-tenancy-laws | 7 https://www.legislation.qld.gov.au/view/whole/html/current/act-2008-073 | 8 https://tenantsqld.org.au/factsheets/your-rights-and-responsibilities/ | 9 https://www.gotocourt.com.au/civil-law/qld/tenant-rights-obligations | 10 https://www.qld.gov.au/housing/renting/help-with-your-current-rental-home/rental-disputes/dispute-support-renters,What are red flags for tenants? | How much notice does a landlord have to give a tenant to vacate in QLD? | Do tenants have to clean gutters in QLD? | What not to say to your landlord? | What do landlords fear the most? | How to make a landlord want you? | Do landlords have to clean black mould? | What are three questions you could ask the landlord? | What is the highest a landlord can raise rent?,yes,no,qstars.org.au | housing.qld.gov.au | rta.qld.gov.au | youtube.com | tenantsqld.org.au | qld.gov.au,"ai_overview,organic,people_also_ask,related_searches"
rentvesting,,,1 https://www.commbank.com.au/brighter/home-loans/what-is-rentvesting.html | 2 https://www.reddit.com/r/AusProperty/comments/1ragb0d/renting_is_1800_but_a_mortgage_is_3500_is/ | 3 https://www.nab.com.au/personal/life-moments/home-property/invest-property/rentvesting | 4 https://www.canstar.com.au/home-loans/rentvesting/ | 5 https://www.anz.com.au/personal/home-loans/tips-and-guides/owner-occupier-or-rentvester/ | 6 https://www.ljhooker.com.au/invest/rentvesting-guide | 7 https://www.huntergalloway.com.au/rentvesting/ | 8 https://www.investorkit.com.au/blog/what-is-rentvesting-and-is-it-a-good-idea | 9 https://zepfinance.com.au/rentvesting-good-idea/ | 10 https://www.finspo.com.au/learn/what-is-rentvesting/,"Is rentvesting a good idea? | How to avoid this $580,000 rentvesting mistake? | Is rentvesting possible in Australia? | What is the 2% rule? | What creates 90% of millionaires? | What is the 1% rule? | What is Warren Buffett's #1 rule? | Are investment properties worth it? | Is the 1% rule outdated?",yes,no,commbank.com.au | frasersproperty.com.au | investorkit.com.au | blog.stockspot.com.au | ljhooker.com.au | beyondbank.com.au | stanfordfinancial.com.au | reddit.com | anz.com.au | alic.com.au | nab.com.au | canstar.com.au | westpac.com.au,"ai_overview,organic,people_also_ask,related_searches"
how to get bond back,,,1 https://www.reiq.com/articles/property-management/your-guide-to-rental-bond-refunds | 2 https://www.consumer.vic.gov.au/housing/renting/rent-bond-bills-and-condition-reports/bond | 3 https://help.rentbetter.com.au/en/articles/12078756-bond-return-process-in-sa | 4 https://bonds.commerce.wa.gov.au/bonds/pages/external/public/disposal/index.xhtml | 5 https://help.rentbetter.com.au/en/articles/11872080-bond-return-process-in-nsw | 6 https://www.cbs.sa.gov.au/documents/tenancy/forms/Bond_refund_form.pdf | 7 https://help.rentbetter.com.au/en/articles/12006357-bond-return-process-in-vic | 8 https://www.domain.com.au/advice/how-to-get-your-bond-back-for-a-rental-property-1258040/ | 9 https://www.reddit.com/r/brisbane/comments/19av2cj/how_do_i_get_my_bond_back/ | 10 https://tenanttools.com.au/how-to-get-your-rental-bond-back-in-queensland.html,What is a bond Australia rent? | How can I claim a bond refund from RTBA in Victoria? | Is a bond transferable? | How long does it take to get bond back in SA? | How long can a landlord hold your bond? | How do I check my bond status online? | How can I get a bond refund? | Can I check my bond number online? | How can I check if I qualify for a bond?,yes,no,facebook.com | reiq.com | domain.com.au | tenanttools.com.au | help.rentbetter.com.au | bondbackquotes.com.au | rental360.com.au | nsw.gov.au | consumer.vic.gov.au,"ai_overview,discussions_and_forums,organic,people_also_ask,related_searches"
renovation cost australia,11,https://www.yourpropertyguide.com.au/guides/renovation-cost-australia-2026,1 https://www.martinahayes.com.au/renovation-cost-sydney/ | 2 https://www.realestate.com.au/lifestyle/renovating-your-first-home/ | 3 https://www.refreshrenovations.com.au/articles/article--au--how-to-budget-for-a-home-renovation-in-australia | 4 https://financeone.com.au/blog/what-does-full-home-renovation-cost/ | 5 https://www.reddit.com/r/AusFinance/comments/189ifpm/what_do_renovations_cost/ | 6 https://lavishlivingconstruction.com.au/blog/house-renovation-cost-sydney/ | 7 https://www.duragroup.com.au/builder/how-much-does-a-home-renovation-cost/ | 8 https://renovationcollaborative.com.au/podcast/how-much-does-renovation-cost-in-2024-brisbane-queensland-northern-new-south-wales-australia/ | 9 https://propertyblueprintco.com/blogs/insights/why-renovations-go-over-budget-au?srsltid=AU7gw4V89Y8A3cLEvjKgwiP8E83Ffivs63gt0stzasQFlo9kTYRdln3T | 10 https://hipages.com.au/calculators/renovation-cost-calculator,"What is the most expensive part of renovating a house? | Can I renovate my kitchen for $10,000? | Is it cheaper to renovate or rebuild? | What are the most cost-effective renovations? | Which renovations devalue homes in Australia? | What adds 100k value to a home? | What devalues a house the most? | How to increase home value by $50,000 in Australia? | What lowers property value the most?",yes,yes,flippro.ai | yourpropertyguide.com.au | hipages.com.au | sydneyhomerenovation.com.au | financeone.com.au | howmuchreno.com | refreshrenovations.com.au | jonathan-homes.com.au,"ai_overview,discussions_and_forums,organic,people_also_ask,related_searches"
renovation cost calculator,,,1 https://renovationestimating.com.au/ | 2 https://www.canstar.com.au/home-loans/how-much-does-it-cost-to-renovate/ | 3 https://www.reddit.com/r/AusRenovation/comments/1gdxh7y/how_do_i_estimate_the_cost_of_a_renovation/ | 4 https://www.homestolove.com.au/renovating/renovation-cost-calculator-16178/ | 5 https://www.homeownersassociation.com.au/how-to-estimate-home-renovation-costs-accurately/ | 6 https://www.suburbsfinder.com.au/residential-building-cost-calculator/ | 7 https://melbournehomerenovations.com.au/blog/house-renovation-cost/ | 8 https://comparethebuilder.com.au/Calculator | 9 https://whatsthedamage.com.au/bathroom-renovation-cost-calculator/ | 10 https://renovationcalculator.au/about.html,"How much does it cost to renovate a kitchen in Australia? | What is the most expensive part of renovating a house? | How much to build a 200 sqm house? | Is it cheaper to renovate or rebuild? | What devalues a house the most? | How to increase home value by $50,000 in Australia? | What adds $100,000 to your house? | Which renovations devalue homes in Australia? | In what order should you renovate a house?",yes,no,site.co-architecture.com | renovationcalculator.au | hipages.com.au | co-architecture.com,"ai_overview,organic,people_also_ask,related_searches"
how much do renovations cost australia,,,1 https://site.co-architecture.com/advice/how-much-does-a-home-renovation-cost-in-australia-2026-calculator/ | 2 https://www.canstar.com.au/home-loans/how-much-does-it-cost-to-renovate/ | 3 https://www.reddit.com/r/AusRenovation/comments/1f5yrel/melbourne_4_bedroom_house_full_renovation_cost/ | 4 https://www.threebirdsrenovations.com/blog/how-much-does-a-home-renovation-cost-in-2025 | 5 https://qualitybuiltco.com.au/blog/how-much-do-home-renovations-cost-in-canberra/ | 6 https://www.martinahayes.com.au/renovation-cost-sydney/ | 7 https://www.realestate.com.au/news/love-it-or-list-it-the-true-cost-of-selling-vs-renovating-your-home/ | 8 https://jbkhomes.com.au/blog/house-renovation-costs-in-melbourne/ | 9 https://ownhome.com/articles/what-is-the-average-cost-of-renovations-in-australia | 10 https://www.abodeconstruction.com.au/blog/how-much-does-it-cost-to-renovate-a-house-in-brisbane-2025-guide,"Can I renovate a bathroom for $10,000? | How to increase home value by $50,000 in Australia? | What is a realistic renovation budget? | Is it cheaper to renovate or rebuild? | What devalues a house the most? | What is the most expensive part of a house to renovate? | What is the hardest room to renovate in a house? | In what order do you renovate a bathroom? | How long does a renovation usually take?",yes,yes,site.co-architecture.com | propertyblueprintco.com | nerotapware.com.au | invilla.com.au | sydneyhomerenovation.com.au | threebirdsrenovations.com | yourpropertyguide.com.au,"ai_overview,organic,people_also_ask,related_searches"
full house renovation cost,,,1 https://www.reddit.com/r/AusRenovation/comments/1f5yrel/melbourne_4_bedroom_house_full_renovation_cost/ | 2 https://site.co-architecture.com/advice/home-renovation-cost-brisbane/ | 3 https://www.martinahayes.com.au/renovation-cost-sydney/ | 4 https://www.threebirdsrenovations.com/blog/how-much-does-a-home-renovation-cost-in-2025 | 5 https://www.canstar.com.au/home-loans/how-much-does-it-cost-to-renovate/ | 6 https://www.habitusliving.com/articles/how-much-does-it-cost-to-renovate-a-house | 7 https://jbkhomes.com.au/blog/house-renovation-costs-in-melbourne/ | 8 https://qualitybuiltco.com.au/blog/how-much-do-home-renovations-cost-in-canberra/ | 9 https://site.co-architecture.com/advice/home-renovation-cost-perth/ | 10 https://lavishlivingconstruction.com.au/blog/house-renovation-cost-sydney/,"How much remodeling can be done with $100,000? | Can I renovate my kitchen for $30,000? | Can I renovate a bathroom for $10,000? | How to increase home value by $50,000 in Australia? | What adds $100,000 to your house? | Which renovations devalue homes in Australia? | What devalues a house the most? | In what order should you renovate a house? | What is the most expensive part of a house to renovate?",yes,no,site.co-architecture.com | jbkhomes.com.au | invilla.com.au | threebirdsrenovations.com | canstar.com.au,"ai_overview,organic,people_also_ask,related_searches"
house and land packages brisbane,,,1 https://www.stroudhomes.com.au/brisbane-east-home-builder/house-land-packages/ | 2 https://orbithomes.com.au/qld/house-and-land | 3 https://www.brightonhomes.net.au/house-and-land-packages/west-brisbane | 4 https://www.burbank.com.au/queensland/special-offers/house-and-land-west | 5 https://northbrisbanehomeloans.com.au/brisbane-house-and-land-packages-are-they-worth-it/ | 6 https://www.bellaqld.com.au/house-and-land-packages/ | 7 https://www.stroudhomes.com.au/brisbane-north-home-builder/house-land-packages/ | 8 https://www.leonardhomes.com.au/house-and-land-packages-in-brisbane-whats-actually-included-and-whats-a-hidden-extra/ | 9 https://www.facebook.com/groups/449524955817843/posts/2135071270596528/ | 10 https://www.reddit.com/r/MovingToBrisbane/comments/1fpje1e/looking_to_build_a_house_in_brisbane_which_new/,"What are some upcoming projects in Brisbane? | Are house and land packages good? | Where is the cheapest place to buy a house in Brisbane? | Is $400,000 enough to build a house? | Is it cheaper to build or buy? | Can you build a house for $600000? | What house can I build for $300,000? | What is the cheapest but best way to build a house? | What is the most expensive part of building a house?",no,no,,"discussions_and_forums,google_reviews,images,knowledge_graph,organic,people_also_ask,related_searches"
house and land packages perth,,,"1 https://www.cedarwoods.com.au/perth-and-wa/house-and-land-packages/ | 2 https://www.cedarwoods.com.au/perth-and-wa/house-and-land-packages/north/ | 3 https://www.reddit.com/r/perth/comments/1asrqth/whats_the_deal_with_house_and_land_package/ | 4 https://www.contentliving.com.au/house-and-land-packages-perth-the-guide-to-finding-the-right-package/ | 5 https://www.easystarthomes.com.au/house-and-land-packages/house-land-packages-n-o-r/ | 6 https://www.celebrationhomes.com.au/house-and-land-packages/region/sw/price/462150,805000/sort/featured/ | 7 https://www.wowhomes.com.au/house-land/ | 8 https://www.aveling-homes.com.au/house-and-land-packages-perth-a-first-home-buyers-guide/ | 9 https://www.reddit.com/r/perth/comments/1pnng74/house_and_land_package/ | 10 https://lavidahomes.com.au/perth/house-and-land-packages/perth-south/",,yes,no,realestate.com.au | blueprinthomes.com.au | plunketthomes.com.au | dalealcock.com.au | wa.homebuyers.com.au | celebrationhomes.com.au | easystarthomes.com.au | reddit.com,"ai_overview,organic,paid,people_also_search,related_searches"
house and land packages,,,1 https://www.burbank.com.au/queensland/house-and-land | 2 https://vic.homebuyers.com.au/region/northern-melbourne/ | 3 https://eaglehomes.com.au/home-and-land-package/ | 4 https://www.commbank.com.au/brighter/property/how-do-house-land-packages-work.html | 5 https://www.wacountrybuilders.com.au/house-and-land-packages/ | 6 https://masterton.com.au/home-land-packages-south-west-sydney/ | 7 https://www.novushomes.com.au/house-and-land-packages-perth | 8 https://communities.lendlease.com/new-south-wales/ | 9 https://coralhomes.com.au/house-and-land-packages-brisbane/ | 10 https://www.realestate.com.au/house-and-land-packages/illawarra-region-nsw/,,yes,no,novushomes.com.au | commbank.com.au | nab.com.au | eaglehomes.com.au | metricon.com.au | perryhomes.com.au | bellriverhomes.com.au | burbank.com.au | coralhomes.com.au | ausbuild.com.au | hallmarkhomes.com.au | vic.homebuyers.com.au | carlislehomes.com.au | wacountrybuilders.com.au | newgenerationhomes.com.au,"ai_overview,organic,related_searches"
display homes,,,1 https://www.carlislehomes.com.au/display-homes/ | 2 https://www.metricon.com.au/display-homes/melbourne | 3 https://wa.homebuyers.com.au/display-homes/ | 4 https://regenthomes.com.au/display-homes/ | 5 https://www.openlot.com.au/display-village/vic | 6 https://masterton.com.au/display-homes-sydney/ | 7 https://www.weeks.com.au/display-homes | 8 https://www.plunketthomes.com.au/collections/display-homes/ | 9 https://www.plantationhomes.com.au/display-homes | 10 https://www.summithomes.com.au/journal/range/display-homes/,,no,no,,"local_pack,organic,related_searches"
cost to build a house,,,1 https://www.rawsonhomes.com.au/blog/cost-of-building-sydney | 2 https://www.residentialattitudes.com.au/building-advice/how-much-does-it-cost-to-build-a-house-in-perth-wa-2025/ | 3 https://www.realestate.com.au/advice/how-much-does-it-cost-to-build-a-house/ | 4 https://www.bmtqs.com.au/construction-cost-table | 5 https://www.simonds.com.au/sa/pricelist-hub | 6 https://www.easystarthomes.com.au/blog/how-much-does-it-cost-to-build-a-house/ | 7 https://www.shrihomes.com.au/how-much-does-it-cost-to-build-a-house-in-melbourne/ | 8 https://www.budgetdirect.com.au/home-contents-insurance/guides/buying-house/cost-to-build-a-house.html | 9 https://www.sherridonhomes.com.au/blog/the-cost-of-building-a-new-home-in-victoria | 10 https://hipages.com.au/article/building_cost_per_square_metre,"Can you build a house for $600000? | Is $400,000 enough to build a house? | Can you build a house for 150k in Australia? | Is it cheaper to build or buy? | Can I build a house for $300,000 in Australia? | What adds $100,000 to your house? | What devalues a house the most? | How to increase home value by $50,000 in Australia? | Which renovations devalue homes in Australia?",yes,no,residentialattitudes.com.au | realestate.com.au | frasersproperty.com.au | shrihomes.com.au | rawsonhomes.com.au | budgetdirect.com.au | youtube.com,"ai_overview,organic,people_also_ask,related_searches"
granny flat cost nsw,,,1 https://ljmtinyhomes.com.au/granny-flat-cost/ | 2 https://grannyflatsx.com.au/blog/granny-flat-building-cost-explained | 3 https://www.reddit.com/r/AusRenovation/comments/10one8w/rough_pricing_estimate_for_granny_flat/ | 4 https://www.facebook.com/groups/2090694557842967/posts/3889710787941326/ | 5 https://grannyflatsydney.com.au/hidden-costs-granny-flat-sydney/ | 6 https://www.buildana.com.au/homes/granny-flats | 7 https://zonescout.au/blog-granny-flat-cost.html | 8 https://www.backyardgrannys.com.au/pages/price-guide | 9 https://grannyflatsolutions.com.au/granny-flat-prices-and-demand-in-greater-sydney/ | 10 https://grannyflatprices.com.au/,"What is the price range for 3 bedroom granny flats in NSW, Australia? | What is the most expensive part of building a house? | Is it cheaper to build or buy? | Can you claim a granny flat on tax? | Will building a granny flat affect my pension? | What is the main difference between a granny flat and a granny annex? | What are the disadvantages of living in a granny flat? | Can you explain Centrelink's granny flat rule to retirees? | How much does a 2 bedroom granny annexe cost?",yes,no,reddit.com | asestimation.com | backyardgrannys.com.au | facebook.com | amescorp.com.au | brickwoodhomes.com.au | thequoteyard.com.au | westernsydneytrades.com.au | buildana.com.au | grannyflatsolutions.com.au | threebirdsrenovations.com,"ai_overview,organic,people_also_ask,related_searches"
granny flat cost qld,,,1 https://superiorgrannyflats.com.au/granny-flats-brisbane/ | 2 https://grannyflatsx.com.au/blog/comparing-granny-flat-costs-across-australia | 3 https://www.reddit.com/r/AusPropertyChat/comments/1bie0p4/is_being_able_to_build_a_granny_flat_in_brisbane/ | 4 https://outhaus.com.au/granny-flat-vs-modular-home-in-qld/ | 5 https://urbancottage.com.au/how-much-to-build-a-granny-flat/ | 6 https://outhaus.com.au/granny-flats/granny-flat-approvals-qld/ | 7 https://whatsthedamage.com.au/granny-flat-cost-gold-coast/ | 8 https://www.facebook.com/superiorgrannyflats/videos/wondering-how-much-you-can-expect-to-pay-for-a-turnkey-superior-granny-flat-find/1371754487344075/ | 9 https://www.buildana.com.au/insights/granny-flat-cost-sydney | 10 https://www.buildersbrisbane.com/granny-flats-secondary-dwellings,"How much does a granny flat cost to build in Australia? | Do you need council approval for a granny flat in QLD? | Is $400,000 enough to build a house? | What is the difference between a granny flat and a modular home? | Does having a granny flat add value? | Which is better, a double wide or modular home? | What is more expensive, a modular home or a manufactured home? | What is the lifespan of a mobile home? | What is the difference between a manufactured home and a mobile home?",yes,no,superiorgrannyflats.com.au | quokkacontainercabins.au | mamethomes.com.au | asestimation.com | facebook.com | ljmtinyhomes.com.au,"ai_overview,organic,people_also_ask,people_also_search,related_searches"
how to find a builder,,,1 https://hipages.com.au/find/builders/wa/south_perth | 2 https://hamiltonbardin.com.au/how-to-choose-the-best-home-builder-in-melbourne/ | 3 https://servicetasker.com.au/find/builders/act/canberra | 4 https://www.mbqld.com.au/search | 5 https://www.varloch.com.au/construction/field-notes/how-to-choose-a-builder-in-sydney | 6 https://servicetasker.com.au/find/builders/vic/melbourne | 7 https://homebuildersmelbourne.quora.com/Where-can-I-Find-Perfect-Customer-Home-Builder-Adelaide | 8 https://www.builtly.com.au/guides/how-to-choose-a-builder-sydney | 9 https://www.viw.com.au/index.php/lifestyle/home-interiors/28776-top-tips-for-finding-the-right-home-builders-in-nsw | 10 https://www.facebook.com/groups/723338044520737/posts/3212656422255541/,"What are the major construction companies in Australia? | Is $400,000 enough to build a house? | What are the differences between a carpenter and a builder? | Who are Australia's top 50 builders? | Which home builder has the best reputation in Australia? | What are the top 5 home builders? | Which house builder has the best reputation? | Who is Australia's biggest home builder? | Who builds the highest quality homes?",yes,no,builtly.com.au | ficksit.com.au | servicetasker.com.au | hipages.com.au | viw.com.au | handymanconnection.com | varloch.com.au,"ai_overview,discussions_and_forums,organic,people_also_ask,related_searches"
off market properties,,,1 https://kollosche.com.au/off-market/ | 2 https://www.facebook.com/groups/823109445790026/ | 3 https://www.quietlistings.com.au/ | 4 https://www.mindsetproperty.com.au/post/off-market-properties-in-australia | 5 https://realtawithpk.com.au/how-to-find-off-market-properties-in-melbourne-according-to-market-experts/ | 6 https://www.purchasewithpenny.com.au/purchasing-advice/the-secret-to-finding-off-market-properties | 7 https://universalbuyersagents.com.au/blog-post/how-to-purchase-off-market-properties-in-brisbane/ | 8 https://www.quietlistings.com.au/properties/mandurah-6210 | 9 https://www.quietlistings.com.au/properties/thomastown-3074 | 10 https://www.facebook.com/offmarketpropertiessearchengine/,Which suburbs in Australia have the best capital growth? | Will 2026 be a good time to sell? | Where is the best place to find off-market properties? | What is the 1% rule in property investing? | What creates 90% of millionaires? | What is the 7 5 3 1 rule in investing? | What is Warren Buffett's 8-8-8 rule? | How to turn $100k into $1 million in 10 years? | What is Warren Buffett's 70/30 rule?,yes,no,australianpropertyexperts.com.au | mindsetproperty.com.au | youtube.com | realtawithpk.com.au | universalbuyersagents.com.au | buyersagencyaustralia.com.au | facebook.com | gooddeeds.com.au | kollosche.com.au | quietlistings.com.au | housefinder.com.au,"ai_overview,organic,people_also_ask,related_searches"
downsizing,,,1 https://www.realestate.com.au/advice/downsizing/ | 2 https://www.imdb.com/title/tt1389072/plotsummary/ | 3 https://www.hudsonbond.com.au/get-insights/selling-advice/downsizing-is-there-really-a-right-time/ | 4 https://www.investopedia.com/terms/d/downsize.asp | 5 https://www.downsizing.com.au/about-us | 6 https://blog.longview.com.au/downsizing | 7 https://en.wikipedia.org/wiki/Downsizing | 8 https://www.instagram.com/downsizing.com.au/?hl=en | 9 https://blog.longview.com.au/downsizing | 10 https://www.dalealcock.com.au/upsides-to-downsizing/,Why did downsizing flop? | How to downsize to a smaller home? | What are the rules for downsizing? | What are the three types of downsizing strategies? | What are the different stages of downsizing? | What is the difference between rightsizing and downsizing? | What are some examples of downsizing? | Should I upsize or downsize? | What is an example of rightsizing?,yes,no,en.wikipedia.org | blog.longview.com.au | downsizing.com.au | moneysmart.gov.au | youtube.com | rottentomatoes.com | support.google.com,"ai_overview,organic,people_also_ask,related_searches,video"
home price guide,5,https://www.yourpropertyguide.com.au/,1 https://www.cotality.com/au/insights/articles/what-is-my-property-worth-a-definitive-australian-guide-to-discovering-your-homes-value | 2 https://www.nab.com.au/personal/home-loans/property-insights | 3 https://wisebuygroup.com.au/how-to-find-the-price-range-of-any-house-online/ | 4 https://www.realestate.com.au/wa/ | 5 https://www.yourpropertyguide.com.au/ | 6 https://www.domain.com.au/advice/how-much-is-my-house-worth-1257963/ | 7 https://propertyupdate.com.au/latest-my-housing-market-home-prices-update/ | 8 https://www.unloan.com.au/learn/how-to-estimate-your-propertys-current-value | 9 https://buyersdomain.com.au/buying-real-estate-sydney/how-much-is-it-worth-understanding-how-much-to-pay-for-a-property/ | 10 https://app.idashboard.com.au/real_estate/1429226/statement_of_information/download/890-950.pdf,,yes,yes,propertyupdate.com.au | nab.com.au | domain.com.au | yourpropertyguide.com.au,"ai_overview,organic,related_searches"
rental appraisal port hedland,,,1 https://www.oldlistings.com.au/real-estate/WA/Port+Hedland/6721/buy/report/ | 2 https://view.com.au/for-rent/open-for-inspection/wa/in-port-hedland-council/?inspectionDate=2026-10-09 | 3 https://www.ratemyagent.com.au/real-estate-agency/hedland-property-shop-ag654/leasing/properties | 4 https://agentboxcdn.com.au/clients-data/1050/public_html/media/lt/100/100P13258/doc/175402330506410200.pdf | 5 https://www.ogpartners.com.au/rental-appraisal | 6 https://view.com.au/wa/south-hedland-6722/ | 7 https://www.ratemyagent.com.au/real-estate-profile/leasing/south-hedland-wa-6722 | 8 https://www.instagram.com/p/DZjsmZ4hPdx/ | 9 https://rizerealestate.com.au/rental-report-digital-appraisal | 10 https://realsearch.com.au/agent/amy-doran,,yes,no,realestate.com.au | yourinvestmentpropertymag.com.au | realestateinvestar.com.au | youtube.com | google.com | facebook.com | raywhiteporthedland.com.au | avalon-realestate.com.au,"ai_overview,local_pack,organic"
bankstown property appraisal,,,1 https://www.property.com.au/nsw/bankstown-2200/ | 2 https://whichrealestateagent.com.au/best-agents/bankstown-square-bankstown-north-east-nsw-2200/ | 3 https://bankstown.eldersrealestate.com.au/contact-us/ | 4 https://www.realestate.com.au/find-agency/bankstown-nsw-2200/leasing/ | 5 https://www.benchmarknational.com.au/office/benchmark-bankstown | 6 https://www.domain.com.au/suburb-profile/bankstown-nsw-2200 | 7 https://www.facebook.com/AllPropertyValuationServices/ | 8 https://professionalsbankstown.com/finance-calculators/ | 9 https://www.yellowpages.com.au/bankstown-nsw-2200-nsw-2200/property-valuers | 10 https://www.domain.com.au/sale/bankstown-nsw-2200/,"How do I pay a 10% deposit for buying a property? | Is it worth getting a property valuation? | What is the current trend of property prices in New South Wales? | Where in Australia can I buy a house for $500,000? | Where is the cheapest but nicest place to live in Australia? | What is the cheapest town to buy a house? | What is the cheapest town to buy a house in NSW? | Where is a cheap place to buy a house in Australia? | What state has the cheapest but nicest houses?",yes,no,realestate.com.au | google.com | property.com.au | htag.com.au | benchmarknational.com.au | valuationsnsw.com.au,"ai_overview,local_pack,organic,people_also_ask,related_searches"
nedlands rental investment,,,"1 https://www.property.com.au/wa/nedlands-6009/3-bedrooms/rent/page-2/ | 2 https://reiwa.com.au/rental-properties/nedlands/off-the-plan/ | 3 https://www.realestate.com.au/rent/property-villa-in-nedlands,+wa+6009/list-1 | 4 https://www.property.com.au/wa/nedlands-6009/apartment-unit/2-bedrooms/rent/page-3/ | 5 https://www.homely.com.au/for-rent/nedlands-wa-6009/real-estate/with-pool | 6 https://rentola.com.au/for-rent/nedlands | 7 https://www.ratemyagent.com.au/real-estate-profile/leasing/nedlands-wa-6009/property-listings | 8 https://propradar.com.au/suburbs/nedlands-wa-6009/rent | 9 https://www.commercialpropertyguide.com.au/search/for-lease/in-nedlands-wa-6009",,yes,no,realestate.com.au | reiwa.com.au | mozo.com.au | nedlandsreserve.com.au,"ai_overview,organic"
canberra suburbs median property prices latest,12,https://www.yourpropertyguide.com.au/best-suburbs/most-affordable/canberra,1 https://broker.loanmarket.com.au/canberra/blog/canberra-property-forecast/ | 2 https://region.com.au/price-surge-in-the-south-as-house-hunters-seek-value/917872/ | 3 https://www.htag.com.au/act/?srsltid=AU7gw4VVUTLb0gk2HG4qkcq36Y7tEy0nKps5JnQrQaINMoABg8PT1BEN | 4 https://www.facebook.com/CanberraTimes/posts/canberra-houses-remained-the-second-most-expensive-across-the-capital-cities-in-/785313673617356/ | 5 https://www.investorkit.com.au/blog/canberra-property-market-in-10-charts | 6 https://www.prd.com.au/canberracbd/suburb-information-canberracbd/ | 7 https://www.reddit.com/r/AusPropertyChat/comments/1jnsfqv/canberra_house_prices/ | 8 https://www.realestate.com.au/act/red-hill-2603/ | 9 https://www.canberratimes.com.au/story/9340768/canberra-property-home-values-plummet-for-fourth-month-running/ | 10 https://www.admin.landsales.com.au/canberra-house-price-growth-last-10-years/,What is the wealthiest suburb in Canberra? | What is the hardest month to sell a house? | How many suburbs are there in Canberra? | Has Canberra house prices dropped? | What is the nicest suburb in Canberra? | What is the expected outlook for property prices in Canberra in 2026? | Which suburbs in Canberra are the fastest growing? | Is there an oversupply of units in Canberra? | Is there a prediction for a major property price downturn in 2027?,yes,no,broker.loanmarket.com.au | mortgagechoice.com.au | htag.com.au | abc.net.au | allhomes.com.au | prd.com.au | reddit.com | yourinvestmentpropertymag.com.au,"ai_overview,organic,people_also_ask,related_searches"
brighton sa rental yield,,,"1 https://www.realestate.com.au/sa/brighton-5048/ | 2 https://www.yourinvestmentpropertymag.com.au/top-suburbs/sa/5048-brighton | 3 https://www.realestateinvestar.com.au/property/brighton/5048/holdfast+bay/sa | 4 https://www.property.com.au/sa/brighton-5048/ | 5 https://www.htag.com.au/sa/sa105-city-of-holdfast-bay/south-brighton-sa-5048/?srsltid=AU7gw4Vk_q4OjpSHDLhPEjbJ1RTVwuEnepOwKX-gK1yM33XJPuqBwmcH | 6 https://www.yourinvestmentpropertymag.com.au/top-suburbs/sa/5048-south-brighton | 7 https://www.smartpropertyinvestment.com.au/data/sa/5048/brighton | 8 https://www.savings.com.au/property/top-south-australia-suburbs-by-rental-yield | 9 https://www.rent.com.au/houses,apartment_units,townhouses/brighton-sa-5048 | 10 https://www.realestate.com.au/sa/south-brighton-5048/","Is Brighton, SA a good place to live? | Which suburbs in South Australia have the highest growth rate? | Is Brighton an expensive suburb? | Where is the cheapest place to rent in South Australia? | What is the 30% rent rule in Australia? | Where is the cheapest but nicest place to live in Australia? | Where is the cheapest coastal town to live in Australia? | Where do the happiest Australians live? | Can you live on $2000 a month in Australia?",yes,no,realestate.com.au | yourinvestmentpropertymag.com.au | htag.com.au,"ai_overview,organic,people_also_ask"
darch rental investment,,,"1 https://www.domain.com.au/rent/darch-wa-6065/ | 2 https://reiwa.com.au/rental-properties/darch/ | 3 https://www.property.com.au/wa/darch-6065/rent/ | 4 https://www.realestateinvestar.com.au/property/darch | 5 https://www.rent.com.au/properties/darch-wa-6065 | 6 https://www.yourinvestmentpropertymag.com.au/top-suburbs/wa/6065-darch | 7 https://www.realestate.com.au/rent/in-darch,+wa+6065/list-1 | 8 https://www.citytosurf.net.au/ | 9 https://www.vividpropertyperth.com.au/suburb/darch/ | 10 https://www.tenantapp.com.au/Rentals/properties-in-darch-WA-6065/house-for-rent-in-darch",,yes,no,reiwa.com.au | yourinvestmentpropertymag.com.au | realestate.com.au | realestateinvestar.com.au | domain.com.au,"ai_overview,organic,related_searches"
floreat rental investment,,,"1 https://www.yourinvestmentpropertymag.com.au/top-suburbs/wa/6014-floreat | 2 https://www.realestate.com.au/rent/in-floreat,+wa+6014/list-1 | 3 https://reiwa.com.au/rental-properties/floreat/ | 4 https://www.realestateinvestar.com.au/Property/floreat | 5 https://www.blackburnepropertymanagement.com.au/suburb/floreat/ | 6 https://www.property.com.au/wa/floreat-6014/ | 7 https://www.domain.com.au/rent/floreat-wa-6014/ | 8 https://www.smartpropertyinvestment.com.au/data/wa/6014/floreat | 9 https://www.rent.com.au/properties/floreat-wa-6014 | 10 https://www.boutiquerealtyperth.com.au/service-areas/floreat/",What is the 1% rule in property investing? | Is Floreat a good suburb? | Is a 4% rental yield good? | What are the best suburbs to invest in Perth in 2026? | What is the dodgiest suburb in Perth? | Which suburb in Perth has the best rental yield? | What is the cheapest suburb to rent in Perth? | Where is the highest demand for rental properties? | Where do billionaires live in Perth?,yes,no,yourinvestmentpropertymag.com.au | blackburnepropertymanagement.com.au | reiwa.com.au | boutiquerealtyperth.com.au | realestate.com.au | realestateinvestar.com.au | property.com.au | residentialattitudes.com.au,"ai_overview,organic,people_also_ask,related_searches"
joondalup rental investment,,,1 https://www.propertywest.com.au/house-rentals-joondalup/leased-properties/ | 2 https://www.domain.com.au/rent/joondalup-and-surrounds-wa/ | 3 https://www.ratemyagent.com.au/real-estate-agency/lj-hooker-joondalup-ai235/leasing/overview | 4 https://www.facebook.com/DomainFeaturedProperties/posts/a-rare-purpose-built-income-opportunity-in-the-heart-of-joondalup/1182622967485563/ | 5 https://www.realestateinvestar.com.au/property/duncraig | 6 https://www.propertychat.com.au/community/threads/joondalup-a-good-place-to-invest.70496/ | 7 https://smartrealty.com.au/efficient-property-management-in-joondalup-the-key-to-successful-real-estate-investment/ | 8 https://api.joondalup.wa.gov.au/files/committees/FINC/2017/Attach2agnFIN170206.pdf | 9 https://www.realestateinvestar.com.au/property/marmion | 10 https://www.realcommercial.com.au/for-lease/joondalup-wa-6027/?page=3,,yes,no,google.com | smartrealty.com.au | propertychat.com.au | facebook.com,"ai_overview,organic,related_searches"
landsdale rental investment,,,"1 https://properties.mitula.com.au/houses-for-rent-landsdale | 2 https://www.ratemyagent.com.au/real-estate-profile/leasing/landsdale-wa-6065/property-listings | 3 https://www.domain.com.au/rent/landsdale-wa-6065/duplex/ | 4 https://www.realestate.com.au/rent/in-landsdale,+wa/inspection-times-1 | 5 https://www.domain.com.au/rent/landsdale-wa-6065/free-standing/ | 6 https://www.realestate.com.au/rent/in-landsdale,+wa+6065/map-1?sourcePage=rea:rent:srp&sourceElement=sub-nav | 7 https://propradar.com.au/suburbs/landsdale-wa-6065/rent | 8 https://reiwa.com.au/commercial/for-sale/landsdale/land-development/ | 9 https://www.ratemyagent.com.au/real-estate-agency/platinum-realty-group/leasing/property-listings/1-292-landsdale-rd-landsdale-ak5prq | 10 https://www.commercialrealestate.com.au/for-lease/landsdale-wa-6065/development-land/",,yes,no,reiwa.com.au | htag.com.au | monarchrealestate.com.au | yourinvestmentpropertymag.com.au | realestate.com.au | propradar.com.au | realsearch.com.au,"ai_overview,organic"
rental estimate canberra,,,"1 https://www.realestate.com.au/rent/property-house-in-canberra+-+greater+region,+act/list-1 | 2 https://www.act.gov.au/housing-planning-and-property/renting | 3 https://marqproperty.com.au/where-rents-have-risen-the-most-in-canberra/ | 4 https://mcintyreproperty.com.au/property-management/ | 5 https://www.facebook.com/groups/617456931758566/posts/3279106265593606/ | 6 https://www.realestate.com.au/rent/in-canberra+-+greater+region,+act/map-1 | 7 https://canberradaily.com.au/canberras-rental-market-shows-modest-growth-amid-national-slowdown/ | 8 https://www.managemecanberra.com.au/rental-yield-calculator | 9 https://zango.com.au/rent/ | 10 https://www.facebook.com/radiomanpasand/videos/canberra-is-the-most-expensive-city-to-rent-a-house-with-the-latest-domain-group/152875558929282/",,yes,no,actshelter.net.au | marketbuddy.com.au | justice.act.gov.au | rental360.com.au | landlordwise.com.au | act.gov.au | reddit.com,"ai_overview,organic,related_searches"
morayfield capital growth,,,1 https://www.realestate.com.au/news/new-report-reveals-why-moreton-bay-is-now-queenslands-top-property-hotspot/ | 2 https://investmentproperty-queensland.com.au/moreton-bay/ | 3 https://reusrgcscdft.digital/euqccsdbrbcpaocpdxxxvpfyffwmjhw | 4 https://www.aussie.com.au/insights/articles/qld-property-market-forecast-growth-suburbs/ | 5 https://opencorp.com.au/suburb/morayfield/ | 6 https://www.youtube.com/watch?v=UHlHhfk2S6Y | 7 http://www.arguspartners.com.au/fund/morayfield-development-fund/ | 8 https://areasearch.com.au/qld/morayfield | 9 https://cabooltureguide.com.au/insiders-guide-to-moving-to-morayfield-qld/ | 10 https://www.yourinvestmentpropertymag.com.au/top-suburbs/qld/4740-mackay,Is Morayfield a suburb? | What is the expected future of the Queensland property market? | Will 2026 be a good time to sell? | What is a good annual growth rate for property? | Where is the next property boom in Australia? | What is the hardest month to sell a house? | What devalues a house the most? | Which week in 2026 is the best to sell a house? | Should I renovate before selling?,yes,no,realestate.com.au | moretondaily.com.au | cabooltureguide.com.au | areasearch.com.au | investmentproperty-queensland.com.au | australianconveyancer.com.au,"ai_overview,organic,people_also_ask,related_searches"
morayfield property investment,,,"1 https://buymyplace.com.au/real-estate-in-qld/morayfield | 2 https://www.realestate.com.au/sold/in-morayfield,+qld+4506/list-1 | 3 https://www.property.com.au/qld/morayfield-4506/house/0-900000-price/buy/ | 4 https://www.realestate.com.au/rent/in-morayfield,+qld+4506/list-1 | 5 https://shivarealestate.com.au/morayfield-a-comprehensive-overview-of-this-growing-suburb-within-moreton-bay-queensland-morayfield-qld-4506/ | 6 https://www.realcommercial.com.au/for-sale/morayfield-qld-4506/land-development/ | 7 https://www.allhomes.com.au/new-homes/morayfield-qld-4506/ | 8 https://www.domain.com.au/sale/morayfield-qld-4506/new-house-land/ | 9 https://www.openlot.com.au/morayfield-qld-4506 | 10 https://www.reddit.com/r/AusProperty/comments/1np0znz/investment_property_at_mackay/",Which suburb in Queensland is the best to invest in? | What are some tips for buying an investment property? | Are property prices falling in Queensland? | What is the 1% rule in property investing? | What creates 90% of millionaires? | What is the 80/20 rule in property investment? | How to avoid paying tax on investment property? | What is the 7 5 3 1 rule in investing? | Is a 4% rental yield good?,yes,no,realestate.com.au | shivarealestate.com.au | reddit.com | allhomes.com.au | domain.com.au | facebook.com,"ai_overview,discussions_and_forums,organic,people_also_ask,related_searches"
dapto rental market,,,"1 https://raywhitedapto.com.au/properties/for-rent?category=&suburbPostCode= | 2 https://www.tenantapp.com.au/Rentals/properties-in-dapto-nsw-2530/house-for-rent-in-dapto | 3 https://www.dignam.com.au/suburb-profiles/dapto-nsw-2530/ | 4 https://www.property.com.au/nsw/dapto-2530/1-bedroom/rent/ | 5 https://theheartwood.com.au/why-property-investors-are-taking-a-closer-look-at-dapto-and-the-illawarra/ | 6 https://www.rent.com.au/properties/wollongong-nsw-2500,figtree-nsw-2525,farmborough-heights-nsw-2526,dapto-nsw-2530 | 7 https://www.prd.com.au/dapto/suburb-insights-dapto/ | 8 https://www.domain.com.au/rent/dapto-nsw-2530/town-house/ | 9 https://www.realestate.com.au/rent/with-1-bedroom-in-dapto,+nsw+2530/list-1 | 10 https://www.smartpropertyinvestment.com.au/data/nsw/2530/dapto","What are the predictions for the real estate market in Sydney? | Is Dapto a good investment? | What is a good ratio for rental property? | What is the 30% rent rule in Australia? | What are red flags for tenants? | Can you live on $2000 a month in Australia? | What percentage of Australians earn over $100,000 a year? | What is the cheapest city to live in Australia? | Is $80,000 AUD a good salary in Australia?",yes,no,realestate.com.au | theheartwood.com.au | dignam.com.au | prd.com.au | property.com.au,"ai_overview,organic,people_also_ask,related_searches"
mount waverley median house price,19,https://www.yourpropertyguide.com.au/suburbs/mount-waverley-vic-3149/rental-market,"1 https://www.homely.com.au/suburb-profile/mount-waverley-vic-3149 | 2 https://www.domain.com.au/sale/mount-waverley-vic-3149/ | 3 https://www.microburbs.com.au/Real-Estate/Mount-Waverley | 4 https://www.youtube.com/watch?v=6I9uzzuC6Zk | 5 https://www.realestate.com.au/news/house-price-growth-in-mt-waverley-glen-waverley-stagnant-as-market-plateaus/ | 6 https://www.inthesuburbs.com.au/suburb/mount-waverley-vic-3149.html | 7 https://www.realestate.com.au/buy/property-house-in-mount+waverley,+vic+3149/list-3 | 8 https://reiv.com.au/market-insights/victorian-insights | 9 https://www.realestate.com.au/vic/melbourne-3000/ | 10 https://www.realestate.com.au/vic/melbourne-3000/","Can you show me a graph of the current house prices in Melbourne? | Is Mount Waverley a suburb? | Can you buy a house in Australia for $100,000? | What is a good annual growth rate for property? | Where is the next property boom in Australia? | What is the hardest month to sell a house? | What devalues a house the most? | Which week in 2026 is the best to sell a house? | Should I renovate before selling?",yes,no,realestate.com.au | yourinvestmentpropertymag.com.au | jelliscraig.com.au | openagent.com.au | domain.com.au,"ai_overview,organic,people_also_ask,related_searches"
high rental yields in geraldton,,,1 https://www.investorsedge.com.au/wp-content/uploads/2018/02/Top-25-Perth-Suburbs-for-High-Rental-Returns-Feb18.pdf | 2 https://www.youtube.com/watch?v=xj5QKaTIsCA | 3 https://www.perthnow.com.au/lifestyle/real-estate/suburbs-promising-high-rental-yields-c-11397173 | 4 https://thewest.com.au/lifestyle/real-estate/geraldton-tops-regional-house-price-growth-in-the-march-quarter-c-18716734 | 5 https://propradar.com.au/rental-yield/wa | 6 https://regionalruralfinance.com.au/geraldton-wa-property-market-trends-6530/ | 7 https://www.farmweekly.com.au/story/8643087/wa-regional-housing-values-surge-geraldton-leads-2023/ | 8 https://propradar.com.au/suburbs/geraldton-wa-6530/rent,"What is Geraldton, Australia known for? | Which suburb is best to invest in in Perth? | What are the best suburbs in Australia for property investment? | Is 3% a good rental yield? | What is the 30% rent rule in Australia? | Where in Australia has the highest rental yield? | Where is property booming in Australia? | Why are landlords selling up Australia? | Are rents falling in Australia?",yes,no,youtube.com | keynestrealtors.com.au | suburbscanner.com.au | facebook.com | atlaso.com.au | thewest.com.au | realestateinvestar.com.au | propertyinvesting.com,"ai_overview,discussions_and_forums,organic,people_also_ask"
property management fees goodna,,,1 https://www.calibrerealestate.com.au/fees-to-manage-a-rental-property/ | 2 https://rentalplatform.com.au/2026/09/21/what-should-property-management-cost-on-the-gold-coast/ | 3 https://www.propertychat.com.au/community/threads/property-management-fee-7-is-it-too-high.22833/page-2 | 4 http://property-management-specialists.s3-website.ap-southeast-2.amazonaws.com/Gold-Coast-Property-Management/How-Much-Do-Property-Managers-Charge-%EF%BB%BF.html | 5 https://www.homely.com.au/property-management/goodna-qld-4300 | 6 https://www.facebook.com/propertiesruhle/posts/-wed-rather-see-good-long-term-tenants-over-churned-tenantsqueensland-government/1766299022162217/ | 7 https://www.domain.com.au/rent/goodna-qld-4300/free-standing/5-bedrooms/ | 8 https://www.ozbargain.com.au/node/629681 | 9 https://www.propertyvalue.com.au/suburb/goodna-4300-qld | 10 https://www.reddit.com/r/AusProperty/comments/wu0jlj/property_manager_fees/,What are the typical real estate agent fees for renting a property in Queensland? | How much are letting fees for landlords? | How much is a reasonable management fee? | What is the 30% rent rule in Australia? | Can you live on $2000 a month in Australia? | What are red flags for tenants? | What do landlords fear the most? | What not to say to your landlord? | Do landlords always paint between tenants?,yes,no,localagentfinder.com.au | calibrerealestate.com.au | smartrealty.com.au | affinityproperty.net.au | propertychat.com.au | ozbargain.com.au | dpn.com.au | propertyvalue.com.au,"ai_overview,organic,people_also_ask"
lane cove real estate agents,,,1 https://www.raineandhorne.com.au/lanecove | 2 https://www.realestate.com.au/find-agency/lane-cove-nsw-2066/ | 3 https://www.belleproperty.com/lane-cove | 4 https://www.ch.com.au/office/lane-cove | 5 https://www.mcgrath.com.au/offices/lane-cove-a0v5g000002DuJ7AAK | 6 https://www.selectproperty.net.au/ | 7 https://www.domain.com.au/real-estate-agents/lane-cove-nsw-2066/ | 8 https://lsre.com.au/lane-cove/ | 9 https://www.allhomes.com.au/sale/lane-cove-nsw-2066/ | 10 https://www.openagent.com.au/real-estate-agents/lane-cove-north-2066,,no,no,,"local_pack,organic,related_searches"
williamstown real estate agents,,,"1 https://www.realestate.com.au/find-agent/williamstown-sa-5351 | 2 https://www.realestate.com.au/find-agency/williamstown-sa-5351/ | 3 https://www.realestate.com.au/buy/in-williamstown/list-1 | 4 https://www.realestate.com.au/agent/leigh-melbourne-3391032 | 5 https://www.realcommercial.com.au/find-agency/williamstown-vic-3016/ | 6 https://www.facebook.com/onlyestateagentswilliamstown/ | 7 https://www.realestate.com.au/sold/property-house-in-williamstown,+vic+3016/list-1 | 8 https://whichrealestateagent.com.au/best-agents/williamstown-north-hobsons-bay-williamstown-vic-3016/ | 9 https://www.jelliscraig.com.au/agents/jacob-davis | 10 https://www.realestate.com.au/buy/property-house-in-williamstown,+vic+3016/list-1",,no,no,,"local_pack,organic,related_searches"
calculate rental yield perth,,,1 https://www.ing.com.au/home-loans/calculators/rental-yield-calculator.html | 2 https://www.savings.com.au/property/western-australia-rental-yield | 3 https://members.reiwa.com.au/s/cms-reiwanewsexpanded/investment-hotspots-the-best-rental-yield-in-perth-MCBAYDDGIJOVG5ZNZJDWZNRBHP4Q | 4 https://www.westpac.com.au/home-loans/investing-in-property/rental-yield | 5 https://www.facebook.com/raspapropertygroup/posts/weve-seen-investor-activity-pull-back-lately-but-that-doesnt-mean-the-opportunit/1555526966590840/ | 6 https://www.realestate.com.au/wa/perth-6000/ | 7 https://www.mortgagechoice.com.au/guides/property-investment/what-is-rental-yield/ | 8 https://youandmepps.com.au/blog/how-to-calculate-rental-yield/ | 9 https://propertyinvestmentprofessionals.com.au/tools/rental-yield-calculator | 10 https://www.hereproperty.com.au/rental-yield-calculation/,What is a good rental yield in Perth? | Is a 4% rental yield good? | Is 3.7% rental yield good? | What is the 30% rent rule in Australia? | Can ATO track rental income? | Can my landlord increase my rent by 14%? | Will rent increases be allowed from May 2026? | What is the highest a landlord can raise rent? | How much notice should you give before increasing rent?,yes,no,members.reiwa.com.au | propertyinvestmentprofessionals.com.au | facebook.com | australianpropertyexperts.com.au | westpac.com.au | hereproperty.com.au | propertygo.com.au | savings.com.au | realestate.com.au | loans.com.au | mozo.com.au,"ai_overview,organic,people_also_ask,related_searches"
rent reviews davidson,,,1 https://www.realestate.com.au/agency/davidson-property-bundall-TZWXZH | 2 https://www.ratemyagent.com.au/real-estate-agency/wes-davidson-real-estate-ak914/leasing/overview | 3 https://www.homely.com.au/for-rent/davidson-nsw-2085/apartments/4-car-garage | 4 https://www.rent.com.au/houses/davidson-nsw-2085 | 5 https://davidsonproperty.com.au/testimonials/ | 6 https://www.tenantapp.com.au/Rentals/properties-in-davidson-nsw-2085 | 7 https://realtyatthebay.com.au/rent-reviews/ | 8 https://www.facebook.com/groups/311312826616292/posts/1059541081793459/ | 9 https://www.property.com.au/nsw/davidson-2085/house/rent/ | 10 https://www.reddit.com/r/AusPropertyChat/comments/1tjf3s0/has_anyone_wished_they_could_look_up_reviews_of_a/,How much does a rent review cost? | What is the 30% rent rule in Australia? | Is rent going to increase in 2026? | Why are landlords selling up Australia? | How much will my rent go up in 2026? | Are rents falling in Australia? | Will property prices crash in 2026? | Can you live on $2000 a month in Australia? | Can my landlord increase my rent by 14%?,yes,no,property.com.au | tenantapp.com.au | airbnb.com.au | rent.com.au | reddit.com | davidsonproperty.com.au | davidson-property.wheree.com | ratemyagent.com.au,"ai_overview,organic,people_also_ask,related_searches"
grafton real estate agents,,,"1 https://www.property.com.au/nsw/grafton-greater-region/buy/ | 2 https://www.realestate.com.au/find-agent/coutts-crossing-nsw-2460 | 3 https://www.realestate.com.au/agent/jake-kroehnert-2986759 | 4 https://www.realestate.com.au/agency/virtue-property-grafton-DWANXW | 5 https://raywhitetkg.com.au/properties?category=&suburbPostCode= | 6 https://www.realestate.com.au/sold/in-grafton,+nsw+2460/list-1 | 7 https://www.facebook.com/RayWhiteGrafton/ | 8 https://www.realestate.com.au/find-agent/south-grafton-nsw-2460/?page=2 | 9 https://www.yellowpages.com.au/grafton-nsw/bpp/elders-real-estate-grafton-580522917 | 10 https://www.realestate.com.au/find-agency/grafton,+nsw/?page=3",,no,no,,"local_pack,organic,related_searches"
kyogle real estate agents,,,"1 https://www.realestate.com.au/sold/in-kyogle,+nsw+2474/list-1 | 2 https://www.kyoglerealestate.com/rent | 3 https://www.realestate.com.au/agency/raine-&-horne-kyogle-BBVNPD | 4 https://www.kyoglerealestate.com/consultant/9/katie-smith?page=2 | 5 https://buymyplace.com.au/real-estate-in-nsw/kyogle | 6 https://www.domain.com.au/real-estate-agent/mike-smith-1429150/ | 7 https://www.realestate.com.au/agency/elders-real-estate-kyogle-KGJMPQ | 8 https://www.realestate.com.au/find-agent/woodenbong-nsw-2476 | 9 https://www.realestate.com.au/buy/in-kyogle+nsw+2474/list-1 | 10 https://www.realcommercial.com.au/agency/kyogle-real-estate-kyogle-ZPCBBD",,no,no,,"local_pack,organic,related_searches"
real estate agents carindale,,,"1 https://www.realestate.com.au/buy/in-qld-carindale-4152-6003-2155/list-9 | 2 https://www.openagent.com.au/real-estate-agents/carina-4152 | 3 https://www.realestate.com.au/find-agency/chichester-ct-carindale-qld-4152/?page=3 | 4 https://www.noagentproperty.com.au/real-estate/carindale-qld-4152/ | 5 https://www.ratemyagent.com.au/real-estate-agency/ray-white-carina-ab162/sales/overview | 6 https://www.youtube.com/watch?v=sNvcLWiH4K8 | 7 https://www.realestate.com.au/rent/in-carindale,+qld+4152/list-9 | 8 https://www.domain.com.au/real-estate-agencies/carindale-qld-4152/?page=2 | 9 https://www.reval.com.au/real-estate/carindale-qld-4152 | 10 https://www.youtube.com/watch?v=NEObEq0DKNE",,no,no,,"local_pack,organic,related_searches"
goulburn real estate agents,,,1 https://goulburn.randw.com.au/ | 2 https://www.realestate.com.au/agency/elders-real-estate-goulburn-VZGSSH | 3 https://www.domain.com.au/real-estate-agents/goulburn-nsw-2580/ | 4 https://www.realestate.com.au/agent/garry-hall-3142884 | 5 https://www.realestate.com.au/buy/in-goulburn+-+greater+region/list-1 | 6 https://www.realestate.com.au/find-agency/goulburn-nsw-2580/leasing/ | 7 https://nicolasheath.com.au/ | 8 https://www.facebook.com/KellyMcClellandRealEstate/ | 9 https://www.realestate.com.au/find-agent/collector-nsw-2581 | 10 https://www.goulburnrealestate.com.au/about-us/our-team/,,no,no,,"local_pack,organic,related_searches"
real estate agents malvern,,,1 https://tre.com.au/ | 2 https://www.realestate.com.au/find-agent/malvern-vic-3144 | 3 https://fletchers.net.au/area-profile/malvern-east | 4 https://www.marshallwhite.com.au/office/stonnington | 5 https://www.realestate.com.au/find-agency/malvern-east-vic-3145/ | 6 https://www.besserco.com.au/real-estate-malvern/ | 7 https://www.top10realestateagent.com.au/the-best-real-estate-agents-in-malvern.html | 8 https://www.localagentfinder.com.au/real-estate-agents-suburb/malvern | 9 https://whichrealestateagent.com.au/best-agents/malvern-stonnington-malvern-vic-3144/ | 10 https://www.jelliscraig.com.au/office/armadale,"What is the cheapest real estate agent? | Where does Alexander Phillips live? | How to find the best estate agent in your area? | How much does a real estate agent per hour? | Do real estate agents get paid if the house doesn't sell? | Which is better, a broker or an agent? | Do brokers make money from agents? | Are medicare brokers free? | Who are the big 3 insurance brokers?",no,no,,"local_pack,organic,people_also_ask,related_searches"
vaucluse average house price,,,"1 https://www.realestate.com.au/nsw/vaucluse-2030/ | 2 https://www.property.com.au/nsw/vaucluse-2030/ | 3 https://www.domain.com.au/suburb-profile/vaucluse-nsw-2030 | 4 https://www.yourinvestmentpropertymag.com.au/top-suburbs/nsw/2030-vaucluse | 5 https://www.bencollierteam.com.au/suburb-spotlight/vaucluse-outperforms-the-market/ | 6 https://www.realestate.com.au/buy/in-vaucluse,+nsw+2030/list-1 | 7 https://vauclusetoday.com.au/vaucluse-property-market-continues-to-attract-buyers-looking-for-safe-haven/ | 8 https://www.htag.com.au/nsw/nsw175-waverley-council/vaucluse-nsw-2030/?srsltid=AU7gw4WaeGjVs42UjUjzhxXpyYFzkSGRRrP7S2AauUyTFyyFX7fBJSDi | 9 https://www.realestateinvestar.com.au/property/vaucluse | 10 https://www.realestateinvestar.com.au/property/vaucluse","Is Vaucluse the most expensive suburb? | Is Vaucluse an affluent? | What is the most expensive suburb in New South Wales? | Where in Australia can I buy a house for $500,000? | Where is the cheapest but nicest place to live in Australia? | How much income do you need to buy a $650 000 house in Australia? | How many Australians have $100,000 in savings? | Is $200,000 AUD a good salary? | What is the minimum deposit required for a $1,000,000 house?",yes,no,realestate.com.au | property.com.au | auspropertyinsights.app | roseandjones.com.au | yourinvestmentpropertymag.com.au | domain.com.au,"ai_overview,organic,people_also_ask,related_searches"
hurstville median house price,,,1 https://www.realestateinvestar.com.au/property/south+hurstville | 2 https://www.realestate.com.au/buy/in-hurstville+nsw+2220/list-1 | 3 https://www.homely.com.au/suburb-profile/hurstville-nsw-2220 | 4 https://www.htag.com.au/nsw/nsw325-georges-river-council/hurstville-grove-nsw-2220/?srsltid=AU7gw4UcaQQNxEVJ9sk081ZbwGLXuWrFZ7jlK6UaeoowPIHtxNf8Zd5A | 5 https://www.harristripp.com.au/suburb-profiles/south-hurstville-nsw-2221/ | 6 https://www.realestateinvestar.com.au/property/hurstville+grove | 7 https://www.prd.com.au/documents/2742/PRD_Hurstville_Market_Update_2nd_Half_2023.pdf | 8 https://www.instagram.com/popular/hurstville-median-house-price/ | 9 https://www.prd.com.au/hurstville/suburb-information/ | 10 https://www.harristripp.com.au/suburb-profiles/south-hurstville-nsw-2221/,"What is the average cost of a house in NSW? | What is the hardest month to sell a house? | What is the population of Hurstville, NSW? | How much income do you need to buy a $650 000 house in Australia? | Is $200,000 AUD a good salary? | How much deposit do I need for an $800000 house? | How much will I need to repay monthly on a $1,000,000 mortgage? | Can I buy a house with a $20,000 deposit? | Is $400,000 enough to build a house? | Can you build a house for $600000? | Is it cheaper to buy or build a house in Sydney? | What is more expensive, building a house or buying one? | What is the most affordable way to build a house in Australia? | What decreases property value the most? | What salary do you need to afford a house in Sydney?",yes,no,realestate.com.au | domain.com.au | property.com.au,"ai_overview,organic,people_also_ask,related_searches"
kiama real estate agents,,,"1 https://www.realestate.com.au/buy/property-house-acreage-rural-villa-in-kiama,+nsw+2533/list-1 | 2 https://whichrealestateagent.com.au/best-agents/kiama-heights-kiama-nsw-2533/ | 3 https://www.realestate.com.au/find-agency/2-s-kiama-dr-kiama-heights-nsw-2533/ | 4 https://kiamabusinessnetwork.com.au/members/first-national-coast-country/ | 5 https://www.realestate.com.au/buy/in-kiama,+nsw+2533/list-3 | 6 https://www.realestate.com.au/find-agent/minnamurra-nsw-2533 | 7 https://www.facebook.com/raineandhornekiama/ | 8 https://www.realestate.com.au/find-agency/gerringong-region-nsw/ | 9 https://www.realtor.com/international/au/kiama-nsw/house/ | 10 https://www.localagentfinder.com.au/real-estate-agents-suburbs/kiama-downs-2533",,no,no,,"local_pack,organic,related_searches"
clayton real estate agents,,,"1 https://www.realestate.com.au/find-agent/clayton-vic-3168&campaignType=internal&campaignChannel=in_product&campaignSource=rea&campaignName=sell_enq&campaignPlacement=top_agent_carousel_link_find_agents&campaignContent=property_experience&campaignKeyword=property_profile?page=6 | 2 https://www.realestate.com.au/find-agency/whitburn-st-clayton-vic-3168/ | 3 https://whichrealestateagent.com.au/best-agents/clayton-monash-south-west-vic-3168/ | 4 https://www.realestate.com.au/buy/in-clayton-vic-200000-400000/list-1 | 5 https://www.realestate.com.au/agency/exsell-clayton-OUQTLL | 6 https://www.realestate.com.au/find-agent/clayton-south-vic-3169/?page=4 | 7 https://raywhiteclayton.com.au/about | 8 https://www.realestate.com.au/sold/in-clayton,+vic+3168/list-1 | 9 https://www.realcommercial.com.au/agency/zervas-and-co-real-estate-agents-HGRCLA | 10 https://www.realestate.com.au/buy/in-clayton,+vic+3168/list-5",,no,no,,"local_pack,organic,related_searches"
median house price dandenong,,,"1 https://www.domain.com.au/sale/dandenong-vic-3175/ | 2 https://www.domain.com.au/suburb-profile/dandenong-south-vic-3175 | 3 https://ourlocalagent.com.au/dandenong-suburb-profile/ | 4 https://www.coronis.com.au/suburb-profiles/dandenong-vic-3175/ | 5 https://www.reddit.com/r/AusPropertyChat/comments/1gaxyyv/dandenong_property_price/ | 6 https://www.barryplant.com.au/suburb-profile/melbourne/greater-dandenong-south-east/dandenong-north/ | 7 https://www.realestate.com.au/buy/in-dandenong,+vic/list-1 | 8 https://agentsplus.au/suburb-profiles/dandenong-vic-3175/ | 9 https://www.homely.com.au/suburb-profile/dandenong-vic-3175 | 10 https://ourlocalagent.com.au/dandenong-north-suburb-profile/","Can you show me a graph of the current house prices in Melbourne? | What is the hardest month to sell a house? | Is Dandenong, Victoria a good place to live? | Can you buy a house in Australia for $100,000? | Can I sell my house to my son for $1 dollar in Australia? | How much income do you need to buy a $650 000 house in Australia? | Is $200,000 AUD a good salary? | How much deposit do I need for an $800000 house? | How many Australians have $100,000 in savings?",yes,no,realestate.com.au | property.com.au | yourinvestmentpropertymag.com.au | woodards.com.au | openagent.com.au,"ai_overview,organic,people_also_ask,related_searches"
prahran real estate agents,,,1 https://www.realestate.com.au/find-agent/prahran-vic-3181 | 2 https://www.belleproperty.com/suburbs/prahran/ | 3 https://www.realestate.com.au/find-agency/prahran-vic-3181/ | 4 https://bigginscott.com.au/prahran-vic-3181 | 5 https://www.mcgrath.com.au/offices/south-yarra-a0v5g0000009LEvAAM | 6 https://www.besserco.com.au/real-estate-prahran/ | 7 https://top3realestateagents.com.au/real-estate-agents-prahran-vic-3181/ | 8 https://davidsonpropertyadvocates.com.au/buyers-advocate-prahran-vic-3181 | 9 https://www.top10realestateagent.com.au/the-best-real-estate-agents-in-prahran.html | 10 https://whichrealestateagent.com.au/best-agents/prahran-stonnington-prahran-vic-3181/,,no,no,,"local_pack,organic,related_searches"
fitzroy real estate agents,,,"1 https://www.fitzroys.com.au/who-we-are | 2 https://www.realestate.com.au/agency/fitzroys-melbourne-NRYDHR | 3 https://www.realestate.com.au/find-agency/fitzroy-st-st-kilda-vic-3182/ | 4 https://www.realestate.com.au/buy/in-vic-fitzroy-3065-500000-600000/list-1 | 5 https://www.commercialpropertyguide.com.au/agency/3/fitzroys-pty-ltd/melbourne/ | 6 https://whichrealestateagent.com.au/best-agents/fitzroy-north-yarra-north-vic-3068/ | 7 https://www.domain.com.au/real-estate-agencies/nelsonalexanderfitzroy-4718/ | 8 https://www.realestate.com.au/rent/in-fitzroy,+vic+3065/list-2 | 9 https://www.askproperty.melbourne/ | 10 https://www.realestate.com.au/find-agent/clifton-hill-vic-3068",,no,no,,"local_pack,organic,related_searches"
spring farm property growth,16,https://www.yourpropertyguide.com.au/suburbs/spring-farm-nsw-2570,1 https://www.realestate.com.au/nsw/spring-farm-2570/ | 2 https://www.yourinvestmentpropertymag.com.au/top-suburbs/nsw/2570-spring-farm | 3 https://www.property.com.au/nsw/spring-farm-2570/ | 4 https://www.openagent.com.au/suburb-profiles/spring-farm-2570 | 5 https://www.htag.com.au/nsw/nsw264-camden-council/spring-farm-nsw-2570/?srsltid=AU7gw4XPqMx2FZMvs8sk87GDfVkNdwAElM1rR0rBdVFwN40AVq4ZI2_0 | 6 https://www.realestateinvestar.com.au/property/spring+farm | 7 https://www.smartpropertyinvestment.com.au/data/nsw/2570/spring-farm | 8 https://picki.com.au/suburbs/13612 | 9 https://www.homely.com.au/suburb-profile/spring-farm-nsw-2570 | 10 https://www.realestate.com.au/sa/spring-farm-5453/,"Is spring farm a good investment? | Which suburbs will boom in 2026 in NSW? | Is there any land for sale in Spring Farm, NSW? | Which suburbs in Canberra are the fastest growing? | What is the nicest suburb in Canberra? | What are the upcoming land releases in Canberra? | Are house prices dropping in Canberra? | What is the newest suburb in Canberra? | Is Canberra a good place to invest in property?",yes,no,yourinvestmentpropertymag.com.au | property.com.au | areasearch.com.au | domain.com.au | realestate.com.au | htag.com.au | picki.com.au | app.boomscore.com.au | prudential.com.au | homely.com.au | facebook.com,"ai_overview,organic,people_also_ask,related_searches"
camberwell real estate agents,,,1 https://www.realestate.com.au/find-agent/camberwell-vic-3124 | 2 https://noeljones.com.au/offices/camberwell/ | 3 https://shelterrealestate.com.au/ | 4 https://www.realestate.com.au/find-agency/camberwell-vic-3124/ | 5 https://buxton.com.au/glen-iris-camberwell/ | 6 https://www.top10realestateagent.com.au/the-best-real-estate-agents-in-camberwell.html | 7 https://www.domain.com.au/real-estate-agents/camberwell-vic-3124/ | 8 https://www.woodards.com.au/office/camberwell/ | 9 https://whichrealestateagent.com.au/best-agents/camberwell-boroondara-camberwell-s-vic-3124/ | 10 https://monarchestateagents.com.au/,,no,no,,"local_pack,organic"
real estate agents echuca,,,"1 https://raywhiteechuca.com.au/agents/stephen-morgan/14866 | 2 https://whichrealestateagent.com.au/best-agents/echuca-south-campaspe-kyabram-vic-3564/ | 3 https://www.realestate.com.au/find-agency/moama-st-moama-nsw-2731/ | 4 https://www.realestate.com.au/buy/in-echuca+south,+vic/list-1 | 5 https://www.realestate.com.au/agency/elders-real-estate-echuca-UBBLVA | 6 https://www.localagentfinder.com.au/real-estate-agents-suburbs/echuca-3564 | 7 https://www.domain.com.au/real-estate-agent/stephen-morgan-1325393/ | 8 https://agent.ljhooker.com.au/wayne-rees-9976601 | 9 https://raywhiteechuca.com.au/agents/rheanda-atkinson/119651 | 10 https://www.domain.com.au/real-estate-agent/wayne-rees-1855394/",,no,no,,"local_pack,organic,related_searches"
surry hills real estate agents,,,1 https://raywhitesurryhills.com.au/ | 2 https://www.belleproperty.com/surry-hills | 3 https://www.realestate.com.au/find-agent/surry-hills-nsw-2010 | 4 https://www.duchateau.com.au/ | 5 https://www.mcgrath.com.au/offices/surry-hills-a0v5g000002CWGRAA4 | 6 https://www.top10realestateagent.com.au/the-best-real-estate-agents-in-surry-hills.html | 7 https://www.domain.com.au/real-estate-agents/surry-hills-nsw-2010/ | 8 https://raywhiteerskineville.com.au/about/ray-white-surry-hills/1808 | 9 https://www.spencerservi.com.au/ | 10 https://www.realestate.com.au/find-agent/surry-hills-nsw-2010,,no,no,,"local_pack,organic,related_searches"
castle hill real estate agents,,,1 https://www.castlehaven.com.au/ | 2 https://whichrealestateagent.com.au/best-agents/castle-hill-baulkham-hills-central-nsw-2154/ | 3 https://www.realestate.com.au/buy/in-castle+hill+nsw+2154/list-1 | 4 https://www.realestate.com.au/find-agency/britannia-rd-castle-hill-nsw-2154/ | 5 https://www.castlepropertyagents.com.au/ | 6 https://www.domain.com.au/real-estate-agencies/mcgrathcastlehill-15823/ | 7 https://www.realestate.com.au/find-agency/58-cecil-ave-castle-hill-nsw-2154/ | 8 https://www.realestate.com.au/agency/castlehaven-realtors-castle-hill-CAACAS | 9 https://www.domain.com.au/real-estate-agent/ray-white-castle-hill-1249123/ | 10 https://www.allhomes.com.au/sale/castle-hill-nsw-2154/,,no,no,,"local_pack,organic,related_searches"
real estate agents yamba,,,1 https://www.realestateyamba.com.au/ | 2 https://raywhiteyamba.com/ | 3 https://yamba-valley.com.au/ | 4 https://lifestylegroup.com.au/offices/yamba/ | 5 https://www.realestate.com.au/find-agency/yamba-nsw-2464/ | 6 https://www.stonerealestate.com.au/stone-yamba/ | 7 https://www.mcgrath.com.au/offices/yamba-iluka-a0vRE00000MJWSXYA5 | 8 https://www.facebook.com/RWYamba/ | 9 https://iluka.ljhooker.com.au/ | 10 https://www.ratemyagent.com.au/real-estate-profile/sales/yamba-nsw-2464/agents,Is Yamba a good place to invest? | What is the biggest mistake a real estate agent can make? | What types of people live in Yamba? | How can I find a good real estate agent? | What not to say to a real estate agent? | What is the hardest month to sell a house? | What devalues a house the most? | Which week in 2026 is the best to sell a house? | How long does it take to sell?,no,no,,"local_pack,organic,people_also_ask,related_searches"
property management haynes,,,1 https://www.realestate.com.au/find-agency/haynes-wa-6112/leasing/ | 2 https://reiwa.com.au/property-managers/haynes/ | 3 https://tangoproperty.com.au/haynes-property-management/ | 4 https://oneilrealestate.com.au/property-managers/haynes-wa-6112/ | 5 https://au.linkedin.com/in/haynes-fraser-1aa16682 | 6 https://www.ppdre.com.au/agents/haynes-wileman/ | 7 https://www.ratemyagent.com.au/real-estate-profile/leasing/haynes-wa-6112 | 8 https://www.raineandhorne.com.au/property-management | 9 https://rentmanager.nz/au/property-managers/sydney/david-gerald-haynes | 10 https://www.facebook.com/highlandpropertygroup/videos/highland-property-management-hot-seatover-the-next-couple-of-months-we-take-a-lo/1141401564648907/,,yes,no,realestate.com.au | tangoproperty.com.au | reiwa.com.au | localagentfinder.com.au,"ai_overview,organic,related_searches"
real estate agents emerald,,,"1 https://www.allhomes.com.au/sale/emerald-qld-4720/ | 2 https://www.realestate.com.au/agency/emerald-property-solutions-(sa)-NJSLSX | 3 https://whichrealestateagent.com.au/best-agents/emerald-cardinia-north-vic-3782/ | 4 https://emeraldcityproperty.com.au/our-story/ | 5 https://atrealty.com.au/lancegallagher/ | 6 https://www.realestate.com.au/find-agency/16-mitchell-st-emerald-qld-4720/ | 7 https://www.facebook.com/woodsestate.com.au/ | 8 https://www.ratemyagent.com.au/real-estate-profile/sales/emerald-vic-3782/agents | 9 https://www.realestate.com.au/buy/in-emerald,+qld+4720/list-2 | 10 https://www.domain.com.au/real-estate-agent/katie-woods-1811567/",,no,no,,"local_pack,organic,related_searches"
real estate agents narooma,,,1 https://www.venturepropertyspecialists.com.au/ | 2 https://www.benbate.com.au/ | 3 https://www.whalecoastrealty.com.au/ | 4 https://www.allhomes.com.au/agents/results/narooma-nsw-2546/ | 5 https://narooma.ljhooker.com.au/ | 6 https://www.realestate.com.au/find-agent/narooma-nsw-2546 | 7 https://www.clearwaterrealestate.com.au/ | 8 https://www.facebook.com/WhaleCoastRealty/ | 9 https://www.bermaguirealestate.com.au/ | 10 https://www.bermaguirealestate.com.au/,,no,no,,"local_pack,organic,related_searches"
australia affordable suburbs under 350k,,,1 https://www.mozo.com.au/home-loans/articles/three-cheapest-suburbs-for-units-in-every-australian-capital-city | 2 https://www.youtube.com/watch?v=UKIF767ngaE | 3 https://thepropertytribune.com.au/market-insights/what-are-the-cheapest-houses-in-melbourne-to-buy/ | 4 https://mumcentral.com.au/tips-for-buying-a-home-under-350000/ | 5 https://www.homely.com.au/news/property-news/best-value-suburbs-in-australia | 6 https://www.reddit.com/r/melbourne/comments/1tf6e05/melbourne_suburbs_where_houses_cost_less_than_13/ | 7 https://www.mcgrath.com.au/articles/john-mcgrath-cheapest-suburbs-for-family-homes | 8 https://www.facebook.com/9NewsQueensland/videos/budget-boom/1949738685349675/ | 9 https://www.homely.com.au/for-sale/north-melbourne-vic-3051/real-estate/under-350000 | 10 https://www.youtube.com/watch?v=hIp1ko7DwhI,"What is the cheapest house to buy in Australia? | Where is the cheapest place to buy a house? | How many Australian suburbs are left where homes are under $500k? | Can you live on $2000 a month in Australia? | What percentage of Australians earn over $100,000 a year? | Is it cheaper to live in the US or Australia? | Is $70,000 a good salary in Australia? | Which country is better to live in, Australia or America? | How much money do you need in Australia to live comfortably?",yes,no,frasersproperty.com.au | mozo.com.au | brokernews.com.au | realestate.com.au | timeout.com | youtube.com | openagent.com.au,"ai_overview,organic,people_also_ask,related_searches"
fees for selling a house,,,1 https://titlespace.com.au/blog/selling-property/cost-to-sell-house-australia-2025/ | 2 https://reiwa.com.au/the-wa-market/resources/calculators/property-selling-cost-calculator/ | 3 https://www.yorkrealty.com.au/2021/07/how-much-does-it-cost-to-sell/ | 4 https://www.huntergalloway.com.au/how-much-does-it-cost-to-sell-a-house/ | 5 https://www.sellsmart.com.au/news-blog/what-is-the-real-cost-of-selling-a-property-in-victoria-2/ | 6 https://thepropertytribune.com.au/news/what-are-the-fees-when-selling-a-house-2023/ | 7 https://espropertyadvisors.com.au/the-true-cost-of-selling-a-house/ | 8 https://www.familyagedcareadvocates.com.au/blog/what-costs-to-expect-when-selling-your-property | 9 https://whichrealestateagent.com.au/agent-fees/real-estate-agent-commission-qld/ | 10 https://www.reddit.com/r/AusFinance/comments/lxjf1u/cost_of_selling_a_house_perth_wa/,How much do you have to pay the government when you sell your house? | What is the hardest month to sell a house? | How much do you pay conveyancing fees? | Who pays the most closing costs? | What is the most expensive part of closing costs? | Can you roll closing costs into a mortgage? | What closing costs cannot be rolled into a mortgage? | Do most people roll closing costs into a mortgage? | Can closing costs be financed?,yes,no,titlespace.com.au | ehouse.com.au | upmove.com.au | jonnywarren.com.au | espropertyadvisors.com.au | propertysphere.com.au | thepropertytribune.com.au,"ai_overview,organic,people_also_ask,related_searches"
real estate selling fees,16,https://www.yourpropertyguide.com.au/guides/real-estate-commission-nsw,1 https://www.ljhooker.com.au/sell/costs-of-selling-real-estate | 2 https://independent.com.au/insights-advice/house-sale-costs-what-to-expect | 3 https://whichrealestateagent.com.au/calculators/cost-of-selling-calculator/ | 4 https://carterandcarter.au/insights/cost-of-selling-a-house-qld/ | 5 https://www.salebyhomeowner.com.au/average-real-estate-agent-commission-in-nsw/ | 6 https://www.irec.com.au/real-estate-agent-fees-and-commission-nsw | 7 https://www.mitchelltorre.com.au/post/understanding-property-selling-costs-in-victoria | 8 https://www.reddit.com/r/AusProperty/comments/1r3lpaf/real_estate_agent_fees_for_selling_apartment/ | 9 https://www.yorkrealty.com.au/2021/07/how-much-does-it-cost-to-sell/ | 10 https://www.openagent.com.au/tools/commissions-calculator,How much does a real estate agent make in Australia? | What is the hardest month to sell a house? | How much do you pay conveyancing fees? | Do you pay estate agent fees when selling? | How can I avoid paying estate agent fees? | Does a seller need to pay an agent fee? | What percentage do most real estate agents charge? | What is the biggest mistake a real estate agent can make? | Do estate agents charge if you decide not to sell?,yes,no,irec.com.au | prdwagga.com.au | youtube.com | wellingtonandreeves.com.au | comparethemarket.com.au | mitchelltorre.com.au | hauss.com.au | independent.com.au | ljhooker.com.au | bankofmelbourne.com.au | salebyhomeowner.com.au | sellsmart.com.au,"ai_overview,organic,people_also_ask,related_searches"
flat fee real estate agent,,,1 https://www.agentselect.com.au/agent-fees-commissions/perth-and-western-australia/ | 2 https://whichrealestateagent.com.au/agent-fees/real-estate-agent-commission-qld/ | 3 https://ianreid.com.au/real-estate-commission/ | 4 https://www.reddit.com/r/perth/comments/1rrgqxf/real_estate_commission_in_perth/ | 5 https://www.openagent.com.au/blog/commissions-pay-new-south-wales-real-estate-agent | 6 https://www.youtube.com/watch?v=euLuPAcbjlQ | 7 https://www.localagentfinder.com.au/ | 8 https://www.firststarnwa.com/flat-fee-vs-commission/ | 9 https://www.networkexchange.com.au/how-much-do-realtors-charge-to-sell-a-house/ | 10 https://www.facebook.com/groups/BuyersAgents/posts/1663573481124663/,"How much does a real estate agent make in Australia? | What is a reasonable commission rate? | Are estate agents allowed to charge fees? | Which is better, a broker or an agent? | Do brokers make money from agents? | What are the disadvantages of using brokers? | What are common broker red flags? | Who are the big 3 insurance brokers? | Is it better to go through a broker or a bank?",yes,no,firststarnwa.com | wellmoney.com.au | buymyplace.com.au | whichrealestateagent.com.au | localagentfinder.com.au | agentselect.com.au,"ai_overview,discussions_and_forums,local_pack,organic,people_also_ask,related_searches"
average real estate agent commission victoria,,,1 https://whichrealestateagent.com.au/agent-fees/real-estate-agent-fees-and-commissions-in-victoria/ | 2 https://www.reddit.com/r/AusPropertyChat/comments/18o3bra/what_is_a_normal_re_commission_when_selling_your/ | 3 https://www.openagent.com.au/blog/what-commission-should-you-pay-victoria-real-estate-agents | 4 https://www.realestate.com.au/advice/real-estate-agent-commissions/ | 5 https://ianreid.com.au/real-estate-agent-commission/ | 6 https://www.propertynow.com.au/blog/real-estate-agent-commission-by-state/ | 7 https://www.irec.com.au/real-estate-agent-fees-and-commission-vic | 8 https://entryeducation.edu.au/blog/how-much-commission-real-estate-agents/ | 9 https://www.localagentfinder.com.au/real-estate-agent-commission-fees | 10 https://www.agentselect.com.au/agent-fees-commissions/melbourne-and-victoria/,How much does the average real estate agent make in Victoria? | What percent commission do most real estate agents get? | What percentage do most estate agents charge? | How much commission does a real estate agent make in Australia? | What is the biggest mistake a Real Estate Agent can make? | Who is the highest paid Real Estate Agent in Australia? | Do real estate agents get paid if the house doesn't sell? | Is it hard starting out as a real estate agent? | What is the average income of a real estate agent in Australia?,yes,no,openagent.com.au | whichrealestateagent.com.au | irec.com.au | propertynow.com.au | onegrouprealty.com.au,"ai_overview,organic,people_also_ask,related_searches"
real estate fees selling house calculator,,,1 https://www.anz.com.au/personal/home-loans/calculators-tools/next-home-calculator/ | 2 https://www.barryplant.com.au/calculators/property-selling-cost-calculator/ | 3 https://www.mckinleyplowman.com.au/resources/finance-calculators/property-selling-cost-calculator/ | 4 https://www.localpropertyteam.com.au/agent-fees-calculator | 5 https://acres.au/insights/selling-costs-calculator-queensland | 6 https://oceanlending.com.au/property-selling-cost/ | 7 https://wisebuygroup.com.au/calculator/buying-and-selling-cost/ | 8 https://www.peard.com.au/finance/calculators/property-selling-cost-calculator | 9 https://www.stonerealestate.com.au/calculators/ | 10 https://www.homeloanexperts.com.au/mortgage-calculators/property-purchase-costs-calculator/,,yes,no,lookingtosell.com.au | 123financialgroup.com.au | wisebuygroup.com.au | acres.au | mckinleyplowman.com.au | liviti.com.au | anz.com.au,"ai_overview,organic,related_searches"
investment property affordability calculator,,,1 https://www.bmtqs.com.au/investment-property-calculator | 2 https://hudsonfinancialplanning.com.au/resources/education-reports/use-this-investment-property-calculator/ | 3 https://www.propertycalculators.com.au/ | 4 https://www.catalyst.com.au/calculators/investment-property-calculator/ | 5 https://www.bestetfs.com.au/tools/property-shares-offset/ | 6 https://www.rethinkinvesting.com.au/rental-yield-calculator | 7 https://connectskillsinstitute.edu.au/rent-affordability-calculator/ | 8 https://www.realestate.com.au/home-loans/investor/ | 9 https://sharpproperty.com.au/property-investment-calculator/ | 10 https://www.youtube.com/watch?v=W5I-eij2q6E,,yes,no,suburbsfinder.com.au | sharpproperty.com.au | soundproperty.com.au | koalafinancial.com.au | edenemeraldmortgages.com.au | propmax.com.au | wizwealth.com.au | propertyproaus.com.au | centramoney.com.au,"ai_overview,organic,related_searches"
rental investment calculator,,,1 https://www.yourinvestmentpropertymag.com.au/calculators/negative-gearing | 2 https://www.propertycollectiverealestate.com.au/rental-yield-calculator | 3 https://wellmoney.com.au/wellhub/rental-yield-calculator/ | 4 https://investorpartner.com.au/property-investment-calculators/ | 5 https://money-snap.com/au/rental-yield-calculator/ | 6 https://www.uhre.com.au/rental-yield-calculator/ | 7 https://www.propertycalculators.com.au/ | 8 https://loanedge.au/toolkit/investment-property-cashflow-calculator/ | 9 https://www.seachangeproperty.com.au/rental-yield-calculator | 10 https://calcforlife.com/en-au/rental-yield-investment-property-calculator/,"How do I calculate the rental yield for my property in Australia? | How much should I charge for rent in my area? | How much do I need to invest to make $1,000,000? | What is a 6% yield? | What is a good rental yield in Australia? | What is the 30% rent rule in Australia? | Can ATO track rental income? | Is 3% a good rental yield? | Can my landlord increase my rent by 14%?",yes,no,ing.com.au | calculator.net | thepropertycalculator.com.au | assetbase.com.au | youtube.com | link.com.au | westpac.com.au | suburbsfinder.com.au,"ai_overview,organic,people_also_ask,related_searches"
canberra property market value report,,,1 https://whichrealestateagent.com.au/property-market-update/canberra-act/ | 2 https://www.allhomes.com.au/ah/research/property-report | 3 https://www.openagent.com.au/suburb-profiles/canberra-property-market | 4 https://insight.domain.com.au/research-insights/industry-news/canberras-property-market-poised-for-early-recovery/ | 5 https://www.facebook.com/abccanberra/posts/the-latest-figures-from-cotality-show-canberra-property-prices-fell-21-cent-over/1555726102882292/ | 6 https://jonnywarren.com.au/canberras-property-market-on-a-gradual-upswing-edging-closer-to-peak-values/ | 7 https://maloneys.com.au/canberra-reports | 8 https://propertyupdate.com.au/latest-my-housing-market-home-prices-update/ | 9 https://www.cotality.com/au/our-data/mapping-market | 10 https://www.nab.com.au/content/dam/nab/documents/reports/loan/canberra-property-market-insights.pdf,Are Canberra house prices falling? | Which is the richest suburb in Canberra? | Can you show me a graph of house prices in Canberra? | What is the expected outlook for the Canberra housing market in 2026? | What is the nicest suburb in Canberra? | Will 2026 be a good time to sell? | What devalues a house the most? | What is the hardest month to sell a house? | Will property prices go down in 2026?,yes,no,openagent.com.au | propertyupdate.com.au | allhomes.com.au,"ai_overview,organic,people_also_ask,related_searches"
qld stamp duty calculator first home buyer,,,1 https://www.search-x.com.au/blog/first-home-buyer-stamp-duty-concessions-qld | 2 https://support.smokeball.com/hc/en-au/articles/21721676256535-Stamp-Duty-Calculator-QLD | 3 https://www.rivercityconveyancing.com.au/conveyancing-duty-calculator | 4 https://qro.qld.gov.au/land-tax/calculate/ | 5 https://www.realestatecalc.com.au/articles/stamp-duty-qld-2026 | 6 https://www.firstnational.com.au/pages/real-estate/stamp-duty-calculator | 7 https://conveyancercompare.com.au/stamp-duty-calculator/qld | 8 https://www.aussie.com.au/insights/articles/how-does-stamp-duty-work-in-QLD/ | 9 https://financeindustries.com.au/stamp-duty/ | 10 https://stampduty.calculatorsaustralia.com.au/qld-first-home-stamp-duty-concession-2024,How much is stamp duty on a $700000 house in Queensland? | How to avoid stamp duty? | Is there a land tax in Brisbane? | Do seniors pay stamp duty in QLD? | How can pensioners avoid stamp duty? | Who is exempt from paying stamp duty in QLD? | How to avoid paying stamp duty in QLD? | Is QLD getting rid of stamp duty? | Can I claim stamp duty on my tax return?,yes,no,qro.qld.gov.au | ownhome.com | qld.gov.au | stampdutycalcs.com.au | search-x.com.au,"ai_overview,organic,people_also_ask,related_searches"
stamp duty on inherited property nsw,,,1 https://www.revenue.nsw.gov.au/taxes-duties-levies-royalties/transfer-duty/exemptions-and-concessions/deceased-estate | 2 https://pearsca.com.au/blog/inheriting-a-property-heres-what-you-need-to-know/ | 3 https://sydneycitylegalpractice.com.au/transferring-property-through-a-will-in-nsw-estate-planning-and-tax-implications/ | 4 https://www.andersonboemi.com.au/do-i-have-to-pay-stamp-duty-on-a-property-i-inherited/ | 5 https://www.ato.gov.au/individuals-and-families/deceased-estates/if-you-are-a-beneficiary-of-a-deceased-estate | 6 https://www.reddit.com/r/fiaustralia/comments/19daz8q/stamp_duty_exemption_for_inheriting_property/ | 7 https://itp.com.au/what-happens-when-you-inherit-a-house-from-your-parents/ | 8 https://www.feasly.com.au/guides/stamp-duty-calculator-nsw | 9 https://iorder.com.au/publication/Download.aspx?ProdID=75356-04.2025 | 10 https://ignifylegal.com.au/stamp-duty-in-sydney-how-does-it-affect-probate/,Do I need to pay stamp duty on an inherited property in South Australia? | Do you pay stamp duty when you inherit? | What is the 2 year rule for inherited property? | What happens if you inherit property from your parents in Australia? | Does the ATO charge capital gains tax on inherited property? | How long can you keep an inherited property? | Do I need to pay capital gains tax if I inherit a house from my parents in the UK? | Who cannot inherit from a will? | What is considered a large inheritance from parents?,yes,no,revenue.nsw.gov.au | bakerlove.com.au | itp.com.au | pearsca.com.au | sydneycitylegalpractice.com.au | facebook.com,"ai_overview,organic,people_also_ask,related_searches"
rentvesting australia,,,1 https://www.mortgage-express.com.au/resources/investment-lending/rentvesting-a-smart-property-investment-strategy-for-first-home-buyers | 2 https://duotax.com.au/insights/rentvesting/ | 3 https://www.mortgagechoice.com.au/guides/why-rentvesting-is-on-the-rise/ | 4 https://www.youtube.com/watch?v=uW478CF19aQ | 5 https://www.reddit.com/r/fiaustralia/comments/rusejx/is_rentvesting_actually_worth_it/ | 6 https://www.acceptancefinance.com.au/rentvesting/ | 7 https://propertyinvestmentprofessionals.com.au/blog/rentvesting-strategy-australia-2026-guide | 8 https://www.beyondbank.com.au/blog/home-and-property/what-is-rentvesting-and-what-are-the-benefits/ | 9 https://raizinvest.com.au/blog/what-is-rentvesting/ | 10 https://fpwgroup.com.au/post/rentvesting-in-australia,"How much income do you need to buy a $650 000 house in Australia? | Is it better to buy or rent? | How can I invest $10,000 in real estate? | Where are the best investment properties in Australia? | Where is the next property boom in Australia? | What's the best way to invest $100,000 in Australia? | How much money do I need to invest to make $3,000 a month? | What is the monthly interest on $1,000,000 in Australia? | How to double $50,000 quickly?",yes,no,commbank.com.au | westpac.com.au | frasersproperty.com.au | rethinkinvesting.com.au | blog.stockspot.com.au | ljhooker.com.au | amp.com.au | alic.com.au | mozo.com.au | nab.com.au | imb.com.au,"ai_overview,organic,people_also_ask,related_searches"
30000 renovation budget,,,1 https://www.latitudefinancial.com.au/life-done-better/amp/finance-how-much-should-you-spend-when-renovating.html | 2 https://www.facebook.com/fb-answers/home-renovation-costs-australia/?locale=nl_BE | 3 https://maplewoodonline.com/forums/discussion/what-can-i-do-with-30k-renovation-wise | 4 https://edwardsrenovations.com.au/our-price-guide-for-the-most-popular-renovated-rooms/ | 5 https://www.swoosh.com.au/blog/unexpected-renovation-costs/ | 6 https://www.facebook.com/61577581507534/videos/renovating-soon-dont-spend-your-entire-budget-on-the-build-if-your-renovation-bu/2601110033651757/ | 7 https://www.homestolove.com.au/diy-and-craft/7-ways-to-cut-costs-when-renovating-3630/ | 8 https://www.reddit.com/r/AusRenovation/comments/11o06n3/renovation_costings_looking_to_buy/ | 9 https://www.driva.com.au/blog/how-much-to-spend-on-renovations/ | 10 https://ultrarenovations.com.au/renovation-cost-calculator-sydney/,"Can I remodel my kitchen for $30,000? | Is $25,000 a lot for a kitchen? | What is the most expensive part of renovating a house? | How much does it cost to renovate a kitchen in Australia? | What is a realistic budget for a kitchen remodel? | How much does Bunnings charge to install a kitchen? | Are kaboodle kitchens cheaper than IKEA? | What is the most expensive part of redoing a kitchen? | What is a realistic budget for a new kitchen?",yes,no,latitudefinancial.com.au | driva.com.au | instagram.com | maplewoodonline.com | realmhome.com | edwardsrenovations.com.au | homestolove.com.au | facebook.com | ultrarenovations.com.au | servicetasker.com.au,"ai_overview,discussions_and_forums,organic,people_also_ask"
fee structure for home staging,,,1 https://perthstagedtosell.com.au/home-staging-pricing-packages/ | 2 https://www.openagent.com.au/blog/how-much-home-stager-cost | 3 https://www.reddit.com/r/AusPropertyChat/comments/1kkjges/opinions_on_staging/ | 4 https://housestaging4less.com.au/packages-prices/ | 5 https://www.cravehomestaging.com.au/news-insights/how-much-does-house-staging-cost-in-perth/ | 6 https://homestaginginstitute.com/how-to-charge-for-home-staging/ | 7 https://www.propertystylingmelbourne.com.au/how-much-does-home-staging-cost/ | 8 https://www.localagentfinder.com.au/blog/home-staging-costs | 9 https://www.goldcoastpropertystyling.com.au/home-staging-cost | 10 https://www.styldmelbourne.com.au/home-staging-cost,"How much does home staging cost in Australia? | How much does it cost to do staging? | What are the biggest home staging mistakes? | What is the average cost of staging a home in Perth? | Is staging a property worth it? | What is the average cost to build a 2-storey house in Perth? | What is the most expensive part of building a house? | What are some good 2-storey homes under $400,000 in Perth? | How much to build a 200 sqm house?",yes,no,thestylecast.com.au | stage2sell.com.au | openagent.com.au | localagentfinder.com.au | perthstagedtosell.com.au | propertystylingmelbourne.com.au,"ai_overview,organic,people_also_ask,related_searches"
best property value estimator australia,,,1 https://www.nab.com.au/personal/home-loans/property-insights | 2 https://www.realestate.com.au/advice/how-much-is-your-house-worth/ | 3 https://www.lendi.com.au/property-report/ | 4 https://www.facebook.com/realestateAus/posts/australias-1-property-value-estimate-get-started-now/1548038917364634/ | 5 https://independent.com.au/appraisal | 6 https://www.anz.com.au/personal/home-loans/tips-and-guides/work-out-property-worth/ | 7 https://www.facebook.com/realestateAus/posts/australias-1-property-value-estimate-get-started-now/1516813033820556/ | 8 https://value-australia.com.au/valuations-platform | 9 https://www.unloan.com.au/learn/how-to-estimate-your-propertys-current-value | 10 https://www.domain.com.au/advice/how-much-is-my-house-worth-1257963/,"Which online property valuation is most accurate? | How much is the Australian housing market worth? | How do I become a property valuer in Australia? | How much income do you need to buy a $650 000 house in Australia? | How many Australians have $100,000 in savings? | How much income do you need to buy a $500,000 house in Australia? | What percent of Australians earn over $100,000? | How much will I need to repay monthly on a $1,000,000 mortgage? | How much deposit do I need for an $800000 house? | How much deposit do I need for a $500,000 house in Australia? | Is it cheaper to build or buy a house in Australia? | What decreases property value the most? | Can you build a house for $600000? | What is the most expensive part of building a house?",yes,no,propertynow.com.au | propbuyai.com.au | reddit.com | propertyvalue.com.au | openagent.com.au | facebook.com | commbank.com.au | finder.com.au | nab.com.au,"ai_overview,discussions_and_forums,organic,people_also_ask,related_searches"
first home buyer house and land nsw,,,1 https://eaglehomes.com.au/home-and-land-package/ | 2 https://www.firstyle.com.au/packages/ | 3 https://select-conveyancing.com.au/the-complete-guide-to-buying-a-house-and-land-package-in-new-south-wales/ | 4 https://www.savings.com.au/home-loans/buying-first-home/nsw-first-home-buyer-grants | 5 https://www.domain.com.au/sale/sydney-region-nsw/new-house-land/ | 6 https://hunterhomesnsw.com/promotions/first-home-buyer-bonus | 7 https://firsthomeunlocked.com.au/resources/nsw-first-home-buyer-support | 8 https://www.worldclassconveyancing.com.au/blog/what-is-a-first-home-buyer-in-nsw- | 9 https://onelaw.com.au/first-home-buyer-benefits-nsw/ | 10 https://www.bellriverhomes.com.au/house-and-land/how-do-house-and-land-packages-work/,"How much income do you need to buy a $650 000 house in Australia? | What benefits do you get for a first time buyer? | How much is the first home buyers grant in NSW? | What is a 5% deposit on a $600000 house? | How much income do you need to buy a $500,000 house in Australia? | How much will I need to repay monthly on a $1,000,000 mortgage? | At what age do Australians typically pay off their mortgage? | How much would I need to repay for a mortgage on $800,000 in Australia? | What is the average mortgage for a 50-year-old in Australia?",yes,no,mortgagechoice.com.au | savings.com.au | bellriverhomes.com.au | ardenhomes.com.au | eaglehomes.com.au | domain.com.au | firstyle.com.au,"ai_overview,organic,people_also_ask,related_searches"
property buying process victoria,,,1 https://www.vic.gov.au/first-home-buyer-guide | 2 https://www.consumer.vic.gov.au/housing/buying-and-selling-property/buying-property/planning-to-buy-property | 3 https://www.easylinkconveyancing.com.au/resources/process-of-buying-a-house-in-vic/ | 4 https://www.reddit.com/r/melbourne/comments/1dhjrwv/first_time_buying_a_housewhat_do_i_need_to_know/ | 5 https://www.ljhooker.com.au/buy/buying-real-estate-in-your-state/buying-real-estate-in-vic | 6 https://broker.loanmarket.com.au/loan-market-connect/blog/buying-a-home-in-victoria-checklist/ | 7 https://liveinmelbourne.vic.gov.au/live/housing-and-property/buying-a-house | 8 https://www.sro.vic.gov.au/buying-property | 9 https://www.realestate.com.au/advice/melbourne-first-home-buyers-guide/ | 10 https://moneysmart.gov.au/home-loans/buying-a-house,"What are the steps involved in buying a house in Victoria? | How much of a deposit do I need for a $500,000 house? | How fast can the home buying process be? | How much income do you need to buy a $500,000 house in Australia? | How much will I need to repay monthly on a $1,000,000 mortgage? | What percentage of Australians earn over $200,000? | What salary is considered upper middle class in Australia? | How many Australians have $1,000,000 in superannuation? | How many Australians have $100,000 in savings?",yes,no,vic.gov.au | youtube.com | realestate.com.au | easylinkconveyancing.com.au | ljhooker.com.au | reddit.com | housing.vic.gov.au | consumer.vic.gov.au | liveinmelbourne.vic.gov.au,"ai_overview,organic,people_also_ask,related_searches"
